nohup: ignoring input
Using cuda device
Wrapping the env with a `Monitor` wrapper
Wrapping the env in a DummyVecEnv.
Wrapping the env with a `Monitor` wrapper
Wrapping the env in a DummyVecEnv.
-------------------------------------
| rollout/              |           |
|    ep_len_mean        | 500       |
|    ep_rew_mean        | -732      |
| time/                 |           |
|    fps                | 100       |
|    iterations         | 100       |
|    time_elapsed       | 7         |
|    total_timesteps    | 800       |
| train/                |           |
|    d_grad_norm        | 0.0203    |
|    d_learning_rate    | 0.000467  |
|    entropy_loss       | 1.02      |
|    explained_variance | -1.567817 |
|    n_updates          | 99        |
|    policy_loss        | -0.0046   |
|    std                | 0.203     |
|    u_grad_norm        | 0.142     |
|    u_learning_rate    | 4.67e-05  |
|    v_grad_norm        | 0.379     |
|    v_learning_rate    | 5.05e-07  |
|    value_loss         | 8.98e-06  |
-------------------------------------
Using cuda device
Wrapping the env with a `Monitor` wrapper
Wrapping the env in a DummyVecEnv.
Wrapping the env with a `Monitor` wrapper
Wrapping the env in a DummyVecEnv.
-------------------------------------
| rollout/              |           |
|    ep_len_mean        | 500       |
|    ep_rew_mean        | -377      |
| time/                 |           |
|    fps                | 99        |
|    iterations         | 100       |
|    time_elapsed       | 8         |
|    total_timesteps    | 800       |
| train/                |           |
|    d_grad_norm        | 0.0176    |
|    d_learning_rate    | 0.000467  |
|    entropy_loss       | 1.31      |
|    explained_variance | -5.561025 |
|    n_updates          | 99        |
|    policy_loss        | -0.0238   |
|    std                | 0.224     |
|    u_grad_norm        | 0.778     |
|    u_learning_rate    | 4.67e-05  |
|    v_grad_norm        | 0.603     |
|    v_learning_rate    | 5.05e-07  |
|    value_loss         | 0.000346  |
-------------------------------------
Using cuda device
Wrapping the env with a `Monitor` wrapper
Wrapping the env in a DummyVecEnv.
Wrapping the env with a `Monitor` wrapper
Wrapping the env in a DummyVecEnv.
-------------------------------------
| rollout/              |           |
|    ep_len_mean        | 500       |
|    ep_rew_mean        | -253      |
| time/                 |           |
|    fps                | 99        |
|    iterations         | 100       |
|    time_elapsed       | 8         |
|    total_timesteps    | 800       |
| train/                |           |
|    d_grad_norm        | 0.000444  |
|    d_learning_rate    | 0.000467  |
|    entropy_loss       | 0.86      |
|    explained_variance | -2.367873 |
|    n_updates          | 99        |
|    policy_loss        | 0.000168  |
|    std                | 0.186     |
|    u_grad_norm        | 0.0155    |
|    u_learning_rate    | 4.67e-05  |
|    v_grad_norm        | 0.24      |
|    v_learning_rate    | 5.05e-07  |
|    value_loss         | 1.65e-05  |
-------------------------------------
Using cuda device
Wrapping the env with a `Monitor` wrapper
Wrapping the env in a DummyVecEnv.
Wrapping the env with a `Monitor` wrapper
Wrapping the env in a DummyVecEnv.
--------------------------------------
| rollout/              |            |
|    ep_len_mean        | 500        |
|    ep_rew_mean        | -2.93e+03  |
| time/                 |            |
|    fps                | 98         |
|    iterations         | 100        |
|    time_elapsed       | 8          |
|    total_timesteps    | 800        |
| train/                |            |
|    d_grad_norm        | 0.0112     |
|    d_learning_rate    | 0.000467   |
|    entropy_loss       | -1.61      |
|    explained_variance | 0.99915564 |
|    n_updates          | 99         |
|    policy_loss        | 0.187      |
|    std                | 0.111      |
|    u_grad_norm        | 0.0195     |
|    u_learning_rate    | 4.67e-05   |
|    v_grad_norm        | 0.885      |
|    v_learning_rate    | 5.05e-07   |
|    value_loss         | 0.116      |
--------------------------------------
Using cuda device
Wrapping the env with a `Monitor` wrapper
Wrapping the env in a DummyVecEnv.
Wrapping the env with a `Monitor` wrapper
Wrapping the env in a DummyVecEnv.
-------------------------------------
| rollout/              |           |
|    ep_len_mean        | 500       |
|    ep_rew_mean        | -3.66e+03 |
| time/                 |           |
|    fps                | 98        |
|    iterations         | 100       |
|    time_elapsed       | 8         |
|    total_timesteps    | 800       |
| train/                |           |
|    d_grad_norm        | 0.0178    |
|    d_learning_rate    | 0.000467  |
|    entropy_loss       | -1.36     |
|    explained_variance | 0.9940848 |
|    n_updates          | 99        |
|    policy_loss        | 1.41      |
|    std                | 0.141     |
|    u_grad_norm        | 0.0222    |
|    u_learning_rate    | 4.67e-05  |
|    v_grad_norm        | 0.85      |
|    v_learning_rate    | 5.05e-07  |
|    value_loss         | 2         |
-------------------------------------
Using cuda device
Wrapping the env with a `Monitor` wrapper
Wrapping the env in a DummyVecEnv.
Wrapping the env with a `Monitor` wrapper
Wrapping the env in a DummyVecEnv.
--------------------------------------
| rollout/              |            |
|    ep_len_mean        | 500        |
|    ep_rew_mean        | -1e+03     |
| time/                 |            |
|    fps                | 98         |
|    iterations         | 100        |
|    time_elapsed       | 8          |
|    total_timesteps    | 800        |
| train/                |            |
|    d_grad_norm        | 0.013      |
|    d_learning_rate    | 0.000467   |
|    entropy_loss       | -1.21      |
|    explained_variance | 0.98097014 |
|    n_updates          | 99         |
|    policy_loss        | -3.81      |
|    std                | 0.24       |
|    u_grad_norm        | 0.00216    |
|    u_learning_rate    | 4.67e-05   |
|    v_grad_norm        | 0.784      |
|    v_learning_rate    | 5.05e-07   |
|    value_loss         | 29.7       |
--------------------------------------
Using cuda device
Wrapping the env with a `Monitor` wrapper
Wrapping the env in a DummyVecEnv.
Wrapping the env with a `Monitor` wrapper
Wrapping the env in a DummyVecEnv.
-------------------------------------
| rollout/              |           |
|    ep_len_mean        | 500       |
|    ep_rew_mean        | -2.58e+03 |
| time/                 |           |
|    fps                | 98        |
|    iterations         | 100       |
|    time_elapsed       | 8         |
|    total_timesteps    | 800       |
| train/                |           |
|    d_grad_norm        | 0.0119    |
|    d_learning_rate    | 0.000467  |
|    entropy_loss       | -1.93     |
|    explained_variance | 0.9953097 |
|    n_updates          | 99        |
|    policy_loss        | -2.94     |
|    std                | 0.153     |
|    u_grad_norm        | 0.0687    |
|    u_learning_rate    | 4.67e-05  |
|    v_grad_norm        | 0.819     |
|    v_learning_rate    | 5.05e-07  |
|    value_loss         | 1.98      |
-------------------------------------
Using cuda device
Wrapping the env with a `Monitor` wrapper
Wrapping the env in a DummyVecEnv.
Wrapping the env with a `Monitor` wrapper
Wrapping the env in a DummyVecEnv.
-------------------------------------
| rollout/              |           |
|    ep_len_mean        | 500       |
|    ep_rew_mean        | -3.99e+03 |
| time/                 |           |
|    fps                | 98        |
|    iterations         | 100       |
|    time_elapsed       | 8         |
|    total_timesteps    | 800       |
| train/                |           |
|    d_grad_norm        | 0.0415    |
|    d_learning_rate    | 0.000467  |
|    entropy_loss       | -0.314    |
|    explained_variance | 0.9807881 |
|    n_updates          | 99        |
|    policy_loss        | 0.0385    |
|    std                | 0.147     |
|    u_grad_norm        | 0.0917    |
|    u_learning_rate    | 4.67e-05  |
|    v_grad_norm        | 0.94      |
|    v_learning_rate    | 5.05e-07  |
|    value_loss         | 0.17      |
-------------------------------------
Using cuda device
Wrapping the env with a `Monitor` wrapper
Wrapping the env in a DummyVecEnv.
Wrapping the env with a `Monitor` wrapper
Wrapping the env in a DummyVecEnv.
--------------------------------------
| rollout/              |            |
|    ep_len_mean        | 500        |
|    ep_rew_mean        | -301       |
| time/                 |            |
|    fps                | 98         |
|    iterations         | 100        |
|    time_elapsed       | 8          |
|    total_timesteps    | 800        |
| train/                |            |
|    d_grad_norm        | 0.0104     |
|    d_learning_rate    | 0.000467   |
|    entropy_loss       | 0.451      |
|    explained_variance | -49.029556 |
|    n_updates          | 99         |
|    policy_loss        | -0.152     |
|    std                | 0.24       |
|    u_grad_norm        | 0.755      |
|    u_learning_rate    | 4.67e-05   |
|    v_grad_norm        | 0.643      |
|    v_learning_rate    | 5.05e-07   |
|    value_loss         | 0.218      |
--------------------------------------
Using cuda device
Wrapping the env with a `Monitor` wrapper
Wrapping the env in a DummyVecEnv.
Wrapping the env with a `Monitor` wrapper
Wrapping the env in a DummyVecEnv.
--------------------------------------
| rollout/              |            |
|    ep_len_mean        | 500        |
|    ep_rew_mean        | -3.03e+03  |
| time/                 |            |
|    fps                | 97         |
|    iterations         | 100        |
|    time_elapsed       | 8          |
|    total_timesteps    | 800        |
| train/                |            |
|    d_grad_norm        | 0.0207     |
|    d_learning_rate    | 0.000467   |
|    entropy_loss       | -0.318     |
|    explained_variance | 0.99885446 |
|    n_updates          | 99         |
|    policy_loss        | -0.0399    |
|    std                | 0.117      |
|    u_grad_norm        | 0.0609     |
|    u_learning_rate    | 4.67e-05   |
|    v_grad_norm        | 0.857      |
|    v_learning_rate    | 5.05e-07   |
|    value_loss         | 0.359      |
--------------------------------------
--------------------------------------
| rollout/              |            |
|    ep_len_mean        | 500        |
|    ep_rew_mean        | -825       |
| time/                 |            |
|    fps                | 100        |
|    iterations         | 200        |
|    time_elapsed       | 15         |
|    total_timesteps    | 1600       |
| train/                |            |
|    d_grad_norm        | 0.0099     |
|    d_learning_rate    | 0.000293   |
|    entropy_loss       | -0.111     |
|    explained_variance | 0.99838775 |
|    n_updates          | 199        |
|    policy_loss        | 0.0136     |
|    std                | 0.203      |
|    u_grad_norm        | 0.105      |
|    u_learning_rate    | 2.93e-05   |
|    v_grad_norm        | 0.916      |
|    v_learning_rate    | 2.51e-07   |
|    value_loss         | 0.114      |
--------------------------------------
--------------------------------------
| rollout/              |            |
|    ep_len_mean        | 500        |
|    ep_rew_mean        | -451       |
| time/                 |            |
|    fps                | 99         |
|    iterations         | 200        |
|    time_elapsed       | 16         |
|    total_timesteps    | 1600       |
| train/                |            |
|    d_grad_norm        | 0.0019     |
|    d_learning_rate    | 0.000293   |
|    entropy_loss       | 0.876      |
|    explained_variance | 0.67871094 |
|    n_updates          | 199        |
|    policy_loss        | 0.0006     |
|    std                | 0.186      |
|    u_grad_norm        | 0.425      |
|    u_learning_rate    | 2.93e-05   |
|    v_grad_norm        | 0.14       |
|    v_learning_rate    | 2.51e-07   |
|    value_loss         | 8.07e-06   |
--------------------------------------
-------------------------------------
| rollout/              |           |
|    ep_len_mean        | 500       |
|    ep_rew_mean        | -383      |
| time/                 |           |
|    fps                | 99        |
|    iterations         | 200       |
|    time_elapsed       | 16        |
|    total_timesteps    | 1600      |
| train/                |           |
|    d_grad_norm        | 0.00172   |
|    d_learning_rate    | 0.000293  |
|    entropy_loss       | -1.19     |
|    explained_variance | 0.9831231 |
|    n_updates          | 199       |
|    policy_loss        | 5.1       |
|    std                | 0.224     |
|    u_grad_norm        | 0.0529    |
|    u_learning_rate    | 2.93e-05  |
|    v_grad_norm        | 0.801     |
|    v_learning_rate    | 2.51e-07  |
|    value_loss         | 38.8      |
-------------------------------------
-------------------------------------
| rollout/              |           |
|    ep_len_mean        | 500       |
|    ep_rew_mean        | -3.68e+03 |
| time/                 |           |
|    fps                | 99        |
|    iterations         | 200       |
|    time_elapsed       | 16        |
|    total_timesteps    | 1600      |
| train/                |           |
|    d_grad_norm        | 0.0431    |
|    d_learning_rate    | 0.000293  |
|    entropy_loss       | -1.18     |
|    explained_variance | 0.9293124 |
|    n_updates          | 199       |
|    policy_loss        | -1.36     |
|    std                | 0.141     |
|    u_grad_norm        | 0.00573   |
|    u_learning_rate    | 2.93e-05  |
|    v_grad_norm        | 0.81      |
|    v_learning_rate    | 2.51e-07  |
|    value_loss         | 12.6      |
-------------------------------------
-------------------------------------
| rollout/              |           |
|    ep_len_mean        | 500       |
|    ep_rew_mean        | -1.73e+03 |
| time/                 |           |
|    fps                | 99        |
|    iterations         | 200       |
|    time_elapsed       | 16        |
|    total_timesteps    | 1600      |
| train/                |           |
|    d_grad_norm        | 0.00379   |
|    d_learning_rate    | 0.000293  |
|    entropy_loss       | -1.39     |
|    explained_variance | 0.9983    |
|    n_updates          | 199       |
|    policy_loss        | -0.083    |
|    std                | 0.24      |
|    u_grad_norm        | 0.103     |
|    u_learning_rate    | 2.93e-05  |
|    v_grad_norm        | 0.914     |
|    v_learning_rate    | 2.51e-07  |
|    value_loss         | 0.0792    |
-------------------------------------
-------------------------------------
| rollout/              |           |
|    ep_len_mean        | 500       |
|    ep_rew_mean        | -2.93e+03 |
| time/                 |           |
|    fps                | 99        |
|    iterations         | 200       |
|    time_elapsed       | 16        |
|    total_timesteps    | 1600      |
| train/                |           |
|    d_grad_norm        | 0.00253   |
|    d_learning_rate    | 0.000293  |
|    entropy_loss       | 0.738     |
|    explained_variance | 0.9814872 |
|    n_updates          | 199       |
|    policy_loss        | 1.37      |
|    std                | 0.111     |
|    u_grad_norm        | 0.428     |
|    u_learning_rate    | 2.93e-05  |
|    v_grad_norm        | 0.719     |
|    v_learning_rate    | 2.51e-07  |
|    value_loss         | 8.95      |
-------------------------------------
---------------------------------------
| rollout/              |             |
|    ep_len_mean        | 500         |
|    ep_rew_mean        | -1.19e+03   |
| time/                 |             |
|    fps                | 99          |
|    iterations         | 200         |
|    time_elapsed       | 16          |
|    total_timesteps    | 1600        |
| train/                |             |
|    d_grad_norm        | 0.0078      |
|    d_learning_rate    | 0.000293    |
|    entropy_loss       | 0.505       |
|    explained_variance | -0.26261508 |
|    n_updates          | 199         |
|    policy_loss        | 0.422       |
|    std                | 0.24        |
|    u_grad_norm        | 0.158       |
|    u_learning_rate    | 2.93e-05    |
|    v_grad_norm        | 0.985       |
|    v_learning_rate    | 2.51e-07    |
|    value_loss         | 0.208       |
---------------------------------------
--------------------------------------
| rollout/              |            |
|    ep_len_mean        | 500        |
|    ep_rew_mean        | -3.66e+03  |
| time/                 |            |
|    fps                | 99         |
|    iterations         | 200        |
|    time_elapsed       | 16         |
|    total_timesteps    | 1600       |
| train/                |            |
|    d_grad_norm        | 0.0463     |
|    d_learning_rate    | 0.000293   |
|    entropy_loss       | -1.68      |
|    explained_variance | 0.40358645 |
|    n_updates          | 199        |
|    policy_loss        | -5.91      |
|    std                | 0.153      |
|    u_grad_norm        | 0.0913     |
|    u_learning_rate    | 2.93e-05   |
|    v_grad_norm        | 0.958      |
|    v_learning_rate    | 2.51e-07   |
|    value_loss         | 14.1       |
--------------------------------------
-------------------------------------
| rollout/              |           |
|    ep_len_mean        | 500       |
|    ep_rew_mean        | -3.71e+03 |
| time/                 |           |
|    fps                | 99        |
|    iterations         | 200       |
|    time_elapsed       | 16        |
|    total_timesteps    | 1600      |
| train/                |           |
|    d_grad_norm        | 0.0267    |
|    d_learning_rate    | 0.000293  |
|    entropy_loss       | -0.0354   |
|    explained_variance | 0.8850495 |
|    n_updates          | 199       |
|    policy_loss        | -0.765    |
|    std                | 0.147     |
|    u_grad_norm        | 0.189     |
|    u_learning_rate    | 2.93e-05  |
|    v_grad_norm        | 0.914     |
|    v_learning_rate    | 2.51e-07  |
|    value_loss         | 6.64      |
-------------------------------------
-------------------------------------
| rollout/              |           |
|    ep_len_mean        | 500       |
|    ep_rew_mean        | -3.03e+03 |
| time/                 |           |
|    fps                | 98        |
|    iterations         | 200       |
|    time_elapsed       | 16        |
|    total_timesteps    | 1600      |
| train/                |           |
|    d_grad_norm        | 0.0135    |
|    d_learning_rate    | 0.000293  |
|    entropy_loss       | -0.0278   |
|    explained_variance | 0.9983495 |
|    n_updates          | 199       |
|    policy_loss        | -0.227    |
|    std                | 0.117     |
|    u_grad_norm        | 0.178     |
|    u_learning_rate    | 2.93e-05  |
|    v_grad_norm        | 0.799     |
|    v_learning_rate    | 2.51e-07  |
|    value_loss         | 0.649     |
-------------------------------------
-------------------------------------
| rollout/              |           |
|    ep_len_mean        | 500       |
|    ep_rew_mean        | -835      |
| time/                 |           |
|    fps                | 99        |
|    iterations         | 300       |
|    time_elapsed       | 24        |
|    total_timesteps    | 2400      |
| train/                |           |
|    d_grad_norm        | 0.0121    |
|    d_learning_rate    | 0.000224  |
|    entropy_loss       | 1.04      |
|    explained_variance | -28.62826 |
|    n_updates          | 299       |
|    policy_loss        | -0.0906   |
|    std                | 0.203     |
|    u_grad_norm        | 0.751     |
|    u_learning_rate    | 2.24e-05  |
|    v_grad_norm        | 0.568     |
|    v_learning_rate    | 1.67e-07  |
|    value_loss         | 0.00625   |
-------------------------------------
-------------------------------------
| rollout/              |           |
|    ep_len_mean        | 500       |
|    ep_rew_mean        | -339      |
| time/                 |           |
|    fps                | 99        |
|    iterations         | 300       |
|    time_elapsed       | 24        |
|    total_timesteps    | 2400      |
| train/                |           |
|    d_grad_norm        | 0.00022   |
|    d_learning_rate    | 0.000224  |
|    entropy_loss       | 0.865     |
|    explained_variance | -4.261694 |
|    n_updates          | 299       |
|    policy_loss        | 0.00119   |
|    std                | 0.186     |
|    u_grad_norm        | 0.141     |
|    u_learning_rate    | 2.24e-05  |
|    v_grad_norm        | 0.122     |
|    v_learning_rate    | 1.67e-07  |
|    value_loss         | 8.17e-05  |
-------------------------------------
--------------------------------------
| rollout/              |            |
|    ep_len_mean        | 500        |
|    ep_rew_mean        | -3.69e+03  |
| time/                 |            |
|    fps                | 99         |
|    iterations         | 300        |
|    time_elapsed       | 24         |
|    total_timesteps    | 2400       |
| train/                |            |
|    d_grad_norm        | 0.016      |
|    d_learning_rate    | 0.000224   |
|    entropy_loss       | -1.25      |
|    explained_variance | 0.99754226 |
|    n_updates          | 299        |
|    policy_loss        | 1.11       |
|    std                | 0.141      |
|    u_grad_norm        | 0.0405     |
|    u_learning_rate    | 2.24e-05   |
|    v_grad_norm        | 0.837      |
|    v_learning_rate    | 1.67e-07   |
|    value_loss         | 2.06       |
--------------------------------------
-------------------------------------
| rollout/              |           |
|    ep_len_mean        | 500       |
|    ep_rew_mean        | -1.07e+03 |
| time/                 |           |
|    fps                | 99        |
|    iterations         | 300       |
|    time_elapsed       | 24        |
|    total_timesteps    | 2400      |
| train/                |           |
|    d_grad_norm        | 0.0348    |
|    d_learning_rate    | 0.000224  |
|    entropy_loss       | -0.961    |
|    explained_variance | 0.9442283 |
|    n_updates          | 299       |
|    policy_loss        | -0.165    |
|    std                | 0.224     |
|    u_grad_norm        | 0.168     |
|    u_learning_rate    | 2.24e-05  |
|    v_grad_norm        | 0.793     |
|    v_learning_rate    | 1.67e-07  |
|    value_loss         | 0.73      |
-------------------------------------
--------------------------------------
| rollout/              |            |
|    ep_len_mean        | 500        |
|    ep_rew_mean        | -3.05e+03  |
| time/                 |            |
|    fps                | 99         |
|    iterations         | 300        |
|    time_elapsed       | 24         |
|    total_timesteps    | 2400       |
| train/                |            |
|    d_grad_norm        | 0.00755    |
|    d_learning_rate    | 0.000224   |
|    entropy_loss       | -0.476     |
|    explained_variance | 0.99892104 |
|    n_updates          | 299        |
|    policy_loss        | 0.209      |
|    std                | 0.117      |
|    u_grad_norm        | 0.166      |
|    u_learning_rate    | 2.24e-05   |
|    v_grad_norm        | 0.847      |
|    v_learning_rate    | 1.67e-07   |
|    value_loss         | 0.37       |
--------------------------------------
-------------------------------------
| rollout/              |           |
|    ep_len_mean        | 500       |
|    ep_rew_mean        | -2e+03    |
| time/                 |           |
|    fps                | 99        |
|    iterations         | 300       |
|    time_elapsed       | 24        |
|    total_timesteps    | 2400      |
| train/                |           |
|    d_grad_norm        | 0.0192    |
|    d_learning_rate    | 0.000224  |
|    entropy_loss       | 0.397     |
|    explained_variance | -2.633335 |
|    n_updates          | 299       |
|    policy_loss        | 0.067     |
|    std                | 0.24      |
|    u_grad_norm        | 0.914     |
|    u_learning_rate    | 2.24e-05  |
|    v_grad_norm        | 0.382     |
|    v_learning_rate    | 1.67e-07  |
|    value_loss         | 0.00694   |
-------------------------------------
-------------------------------------
| rollout/              |           |
|    ep_len_mean        | 500       |
|    ep_rew_mean        | -2.87e+03 |
| time/                 |           |
|    fps                | 99        |
|    iterations         | 300       |
|    time_elapsed       | 24        |
|    total_timesteps    | 2400      |
| train/                |           |
|    d_grad_norm        | 0.00269   |
|    d_learning_rate    | 0.000224  |
|    entropy_loss       | -1.27     |
|    explained_variance | 0.9896045 |
|    n_updates          | 299       |
|    policy_loss        | -1.62     |
|    std                | 0.111     |
|    u_grad_norm        | 0.186     |
|    u_learning_rate    | 2.24e-05  |
|    v_grad_norm        | 0.923     |
|    v_learning_rate    | 1.67e-07  |
|    value_loss         | 0.638     |
-------------------------------------
------------------------------------
| rollout/              |          |
|    ep_len_mean        | 500      |
|    ep_rew_mean        | -930     |
| time/                 |          |
|    fps                | 99       |
|    iterations         | 300      |
|    time_elapsed       | 24       |
|    total_timesteps    | 2400     |
| train/                |          |
|    d_grad_norm        | 0.00588  |
|    d_learning_rate    | 0.000224 |
|    entropy_loss       | -0.954   |
|    explained_variance | 0.997051 |
|    n_updates          | 299      |
|    policy_loss        | -0.408   |
|    std                | 0.24     |
|    u_grad_norm        | 0.128    |
|    u_learning_rate    | 2.24e-05 |
|    v_grad_norm        | 0.842    |
|    v_learning_rate    | 1.67e-07 |
|    value_loss         | 0.654    |
------------------------------------
---------------------------------------
| rollout/              |             |
|    ep_len_mean        | 500         |
|    ep_rew_mean        | -3.71e+03   |
| time/                 |             |
|    fps                | 99          |
|    iterations         | 300         |
|    time_elapsed       | 24          |
|    total_timesteps    | 2400        |
| train/                |             |
|    d_grad_norm        | 0.0134      |
|    d_learning_rate    | 0.000224    |
|    entropy_loss       | 0.139       |
|    explained_variance | -0.16558361 |
|    n_updates          | 299         |
|    policy_loss        | -2.1        |
|    std                | 0.147       |
|    u_grad_norm        | 0.473       |
|    u_learning_rate    | 2.24e-05    |
|    v_grad_norm        | 0.821       |
|    v_learning_rate    | 1.67e-07    |
|    value_loss         | 5.02        |
---------------------------------------
--------------------------------------
| rollout/              |            |
|    ep_len_mean        | 500        |
|    ep_rew_mean        | -3.67e+03  |
| time/                 |            |
|    fps                | 99         |
|    iterations         | 300        |
|    time_elapsed       | 24         |
|    total_timesteps    | 2400       |
| train/                |            |
|    d_grad_norm        | 0.00738    |
|    d_learning_rate    | 0.000224   |
|    entropy_loss       | -1.61      |
|    explained_variance | 0.97619116 |
|    n_updates          | 299        |
|    policy_loss        | -0.687     |
|    std                | 0.153      |
|    u_grad_norm        | 0.0162     |
|    u_learning_rate    | 2.24e-05   |
|    v_grad_norm        | 0.948      |
|    v_learning_rate    | 1.67e-07   |
|    value_loss         | 0.451      |
--------------------------------------
-------------------------------------
| rollout/              |           |
|    ep_len_mean        | 500       |
|    ep_rew_mean        | -907      |
| time/                 |           |
|    fps                | 99        |
|    iterations         | 400       |
|    time_elapsed       | 32        |
|    total_timesteps    | 3200      |
| train/                |           |
|    d_grad_norm        | 0.0335    |
|    d_learning_rate    | 0.000185  |
|    entropy_loss       | 1.04      |
|    explained_variance | -119.1391 |
|    n_updates          | 399       |
|    policy_loss        | -0.0581   |
|    std                | 0.203     |
|    u_grad_norm        | 0.582     |
|    u_learning_rate    | 1.85e-05  |
|    v_grad_norm        | 0.767     |
|    v_learning_rate    | 1.25e-07  |
|    value_loss         | 0.00271   |
-------------------------------------
--------------------------------------
| rollout/              |            |
|    ep_len_mean        | 500        |
|    ep_rew_mean        | -248       |
| time/                 |            |
|    fps                | 99         |
|    iterations         | 400        |
|    time_elapsed       | 32         |
|    total_timesteps    | 3200       |
| train/                |            |
|    d_grad_norm        | 0.000659   |
|    d_learning_rate    | 0.000185   |
|    entropy_loss       | 0.857      |
|    explained_variance | 0.68916535 |
|    n_updates          | 399        |
|    policy_loss        | 0.000848   |
|    std                | 0.186      |
|    u_grad_norm        | 0.0379     |
|    u_learning_rate    | 1.85e-05   |
|    v_grad_norm        | 0.00399    |
|    v_learning_rate    | 1.25e-07   |
|    value_loss         | 1.67e-06   |
--------------------------------------
--------------------------------------
| rollout/              |            |
|    ep_len_mean        | 500        |
|    ep_rew_mean        | -3.68e+03  |
| time/                 |            |
|    fps                | 99         |
|    iterations         | 400        |
|    time_elapsed       | 32         |
|    total_timesteps    | 3200       |
| train/                |            |
|    d_grad_norm        | 0.0112     |
|    d_learning_rate    | 0.000185   |
|    entropy_loss       | -1.03      |
|    explained_variance | 0.98327786 |
|    n_updates          | 399        |
|    policy_loss        | -0.998     |
|    std                | 0.141      |
|    u_grad_norm        | 0.0806     |
|    u_learning_rate    | 1.85e-05   |
|    v_grad_norm        | 0.802      |
|    v_learning_rate    | 1.25e-07   |
|    value_loss         | 5.64       |
--------------------------------------
--------------------------------------
| rollout/              |            |
|    ep_len_mean        | 500        |
|    ep_rew_mean        | -1.39e+03  |
| time/                 |            |
|    fps                | 99         |
|    iterations         | 400        |
|    time_elapsed       | 32         |
|    total_timesteps    | 3200       |
| train/                |            |
|    d_grad_norm        | 0.0103     |
|    d_learning_rate    | 0.000185   |
|    entropy_loss       | 1.36       |
|    explained_variance | -6.9386373 |
|    n_updates          | 399        |
|    policy_loss        | 0.00113    |
|    std                | 0.224      |
|    u_grad_norm        | 0.938      |
|    u_learning_rate    | 1.85e-05   |
|    v_grad_norm        | 0.271      |
|    v_learning_rate    | 1.25e-07   |
|    value_loss         | 0.000996   |
--------------------------------------
-------------------------------------
| rollout/              |           |
|    ep_len_mean        | 500       |
|    ep_rew_mean        | -3.05e+03 |
| time/                 |           |
|    fps                | 99        |
|    iterations         | 400       |
|    time_elapsed       | 32        |
|    total_timesteps    | 3200      |
| train/                |           |
|    d_grad_norm        | 0.0178    |
|    d_learning_rate    | 0.000185  |
|    entropy_loss       | 0.11      |
|    explained_variance | 0.9043647 |
|    n_updates          | 399       |
|    policy_loss        | -0.444    |
|    std                | 0.117     |
|    u_grad_norm        | 0.0697    |
|    u_learning_rate    | 1.85e-05  |
|    v_grad_norm        | 0.788     |
|    v_learning_rate    | 1.25e-07  |
|    value_loss         | 1.18      |
-------------------------------------
--------------------------------------
| rollout/              |            |
|    ep_len_mean        | 500        |
|    ep_rew_mean        | -1.18e+03  |
| time/                 |            |
|    fps                | 99         |
|    iterations         | 400        |
|    time_elapsed       | 32         |
|    total_timesteps    | 3200       |
| train/                |            |
|    d_grad_norm        | 0.015      |
|    d_learning_rate    | 0.000185   |
|    entropy_loss       | -2.04      |
|    explained_variance | 0.99131143 |
|    n_updates          | 399        |
|    policy_loss        | -4.76      |
|    std                | 0.24       |
|    u_grad_norm        | 0.00715    |
|    u_learning_rate    | 1.85e-05   |
|    v_grad_norm        | 0.791      |
|    v_learning_rate    | 1.25e-07   |
|    value_loss         | 11.3       |
--------------------------------------
--------------------------------------
| rollout/              |            |
|    ep_len_mean        | 500        |
|    ep_rew_mean        | -3.7e+03   |
| time/                 |            |
|    fps                | 99         |
|    iterations         | 400        |
|    time_elapsed       | 32         |
|    total_timesteps    | 3200       |
| train/                |            |
|    d_grad_norm        | 0.0027     |
|    d_learning_rate    | 0.000185   |
|    entropy_loss       | -1.94      |
|    explained_variance | 0.95115894 |
|    n_updates          | 399        |
|    policy_loss        | 3.34       |
|    std                | 0.153      |
|    u_grad_norm        | 0.102      |
|    u_learning_rate    | 1.85e-05   |
|    v_grad_norm        | 0.853      |
|    v_learning_rate    | 1.25e-07   |
|    value_loss         | 4.38       |
--------------------------------------
--------------------------------------
| rollout/              |            |
|    ep_len_mean        | 500        |
|    ep_rew_mean        | -2.84e+03  |
| time/                 |            |
|    fps                | 99         |
|    iterations         | 400        |
|    time_elapsed       | 32         |
|    total_timesteps    | 3200       |
| train/                |            |
|    d_grad_norm        | 0.0149     |
|    d_learning_rate    | 0.000185   |
|    entropy_loss       | 0.0795     |
|    explained_variance | 0.94520223 |
|    n_updates          | 399        |
|    policy_loss        | 0.974      |
|    std                | 0.111      |
|    u_grad_norm        | 0.206      |
|    u_learning_rate    | 1.85e-05   |
|    v_grad_norm        | 0.855      |
|    v_learning_rate    | 1.25e-07   |
|    value_loss         | 3.57       |
--------------------------------------
-------------------------------------
| rollout/              |           |
|    ep_len_mean        | 500       |
|    ep_rew_mean        | -3.73e+03 |
| time/                 |           |
|    fps                | 99        |
|    iterations         | 400       |
|    time_elapsed       | 32        |
|    total_timesteps    | 3200      |
| train/                |           |
|    d_grad_norm        | 0.0338    |
|    d_learning_rate    | 0.000185  |
|    entropy_loss       | -0.553    |
|    explained_variance | 0.9730568 |
|    n_updates          | 399       |
|    policy_loss        | 0.13      |
|    std                | 0.147     |
|    u_grad_norm        | 0.0241    |
|    u_learning_rate    | 1.85e-05  |
|    v_grad_norm        | 0.95      |
|    v_learning_rate    | 1.25e-07  |
|    value_loss         | 3.31      |
-------------------------------------
-------------------------------------
| rollout/              |           |
|    ep_len_mean        | 500       |
|    ep_rew_mean        | -1.58e+03 |
| time/                 |           |
|    fps                | 99        |
|    iterations         | 400       |
|    time_elapsed       | 32        |
|    total_timesteps    | 3200      |
| train/                |           |
|    d_grad_norm        | 0.0371    |
|    d_learning_rate    | 0.000185  |
|    entropy_loss       | 0.339     |
|    explained_variance | -2.851585 |
|    n_updates          | 399       |
|    policy_loss        | 0.00627   |
|    std                | 0.24      |
|    u_grad_norm        | 0.164     |
|    u_learning_rate    | 1.85e-05  |
|    v_grad_norm        | 0.98      |
|    v_learning_rate    | 1.25e-07  |
|    value_loss         | 0.000183  |
-------------------------------------
---------------------------------------
| rollout/              |             |
|    ep_len_mean        | 500         |
|    ep_rew_mean        | -867        |
| time/                 |             |
|    fps                | 99          |
|    iterations         | 500         |
|    time_elapsed       | 40          |
|    total_timesteps    | 4000        |
| train/                |             |
|    d_grad_norm        | 0.00704     |
|    d_learning_rate    | 0.000159    |
|    entropy_loss       | 1.02        |
|    explained_variance | -107.953964 |
|    n_updates          | 499         |
|    policy_loss        | -0.00402    |
|    std                | 0.203       |
|    u_grad_norm        | 0.139       |
|    u_learning_rate    | 1.59e-05    |
|    v_grad_norm        | 0.0639      |
|    v_learning_rate    | 1e-07       |
|    value_loss         | 6.06e-06    |
---------------------------------------
--------------------------------------
| rollout/              |            |
|    ep_len_mean        | 500        |
|    ep_rew_mean        | -266       |
| time/                 |            |
|    fps                | 99         |
|    iterations         | 500        |
|    time_elapsed       | 40         |
|    total_timesteps    | 4000       |
| train/                |            |
|    d_grad_norm        | 0.00106    |
|    d_learning_rate    | 0.000159   |
|    entropy_loss       | 0.871      |
|    explained_variance | -2.6490467 |
|    n_updates          | 499        |
|    policy_loss        | -0.000929  |
|    std                | 0.186      |
|    u_grad_norm        | 0.0575     |
|    u_learning_rate    | 1.59e-05   |
|    v_grad_norm        | 0.351      |
|    v_learning_rate    | 1e-07      |
|    value_loss         | 4.42e-05   |
--------------------------------------
-------------------------------------
| rollout/              |           |
|    ep_len_mean        | 500       |
|    ep_rew_mean        | -3.67e+03 |
| time/                 |           |
|    fps                | 99        |
|    iterations         | 500       |
|    time_elapsed       | 40        |
|    total_timesteps    | 4000      |
| train/                |           |
|    d_grad_norm        | 0.0133    |
|    d_learning_rate    | 0.000159  |
|    entropy_loss       | -1.19     |
|    explained_variance | 0.9323977 |
|    n_updates          | 499       |
|    policy_loss        | -1.55     |
|    std                | 0.141     |
|    u_grad_norm        | 0.00942   |
|    u_learning_rate    | 1.59e-05  |
|    v_grad_norm        | 0.811     |
|    v_learning_rate    | 1e-07     |
|    value_loss         | 11.9      |
-------------------------------------
--------------------------------------
| rollout/              |            |
|    ep_len_mean        | 500        |
|    ep_rew_mean        | -1.66e+03  |
| time/                 |            |
|    fps                | 99         |
|    iterations         | 500        |
|    time_elapsed       | 40         |
|    total_timesteps    | 4000       |
| train/                |            |
|    d_grad_norm        | 0.00712    |
|    d_learning_rate    | 0.000159   |
|    entropy_loss       | -1.52      |
|    explained_variance | 0.99907774 |
|    n_updates          | 499        |
|    policy_loss        | -0.0927    |
|    std                | 0.24       |
|    u_grad_norm        | 0.148      |
|    u_learning_rate    | 1.59e-05   |
|    v_grad_norm        | 0.893      |
|    v_learning_rate    | 1e-07      |
|    value_loss         | 0.0849     |
--------------------------------------
-------------------------------------
| rollout/              |           |
|    ep_len_mean        | 500       |
|    ep_rew_mean        | -3.61e+03 |
| time/                 |           |
|    fps                | 99        |
|    iterations         | 500       |
|    time_elapsed       | 40        |
|    total_timesteps    | 4000      |
| train/                |           |
|    d_grad_norm        | 0.00483   |
|    d_learning_rate    | 0.000159  |
|    entropy_loss       | -1.68     |
|    explained_variance | 0.9479577 |
|    n_updates          | 499       |
|    policy_loss        | 0.518     |
|    std                | 0.153     |
|    u_grad_norm        | 0.0436    |
|    u_learning_rate    | 1.59e-05  |
|    v_grad_norm        | 0.975     |
|    v_learning_rate    | 1e-07     |
|    value_loss         | 0.218     |
-------------------------------------
-------------------------------------
| rollout/              |           |
|    ep_len_mean        | 500       |
|    ep_rew_mean        | -3.05e+03 |
| time/                 |           |
|    fps                | 99        |
|    iterations         | 500       |
|    time_elapsed       | 40        |
|    total_timesteps    | 4000      |
| train/                |           |
|    d_grad_norm        | 0.00902   |
|    d_learning_rate    | 0.000159  |
|    entropy_loss       | 0.173     |
|    explained_variance | 0.9290825 |
|    n_updates          | 499       |
|    policy_loss        | 1.83      |
|    std                | 0.117     |
|    u_grad_norm        | 0.426     |
|    u_learning_rate    | 1.59e-05  |
|    v_grad_norm        | 0.676     |
|    v_learning_rate    | 1e-07     |
|    value_loss         | 5.63      |
-------------------------------------
--------------------------------------
| rollout/              |            |
|    ep_len_mean        | 500        |
|    ep_rew_mean        | -1.47e+03  |
| time/                 |            |
|    fps                | 99         |
|    iterations         | 500        |
|    time_elapsed       | 40         |
|    total_timesteps    | 4000       |
| train/                |            |
|    d_grad_norm        | 0.0154     |
|    d_learning_rate    | 0.000159   |
|    entropy_loss       | -1.46      |
|    explained_variance | 0.99284226 |
|    n_updates          | 499        |
|    policy_loss        | -0.34      |
|    std                | 0.224      |
|    u_grad_norm        | 0.0237     |
|    u_learning_rate    | 1.59e-05   |
|    v_grad_norm        | 0.826      |
|    v_learning_rate    | 1e-07      |
|    value_loss         | 0.315      |
--------------------------------------
-------------------------------------
| rollout/              |           |
|    ep_len_mean        | 500       |
|    ep_rew_mean        | -2.85e+03 |
| time/                 |           |
|    fps                | 99        |
|    iterations         | 500       |
|    time_elapsed       | 40        |
|    total_timesteps    | 4000      |
| train/                |           |
|    d_grad_norm        | 0.0077    |
|    d_learning_rate    | 0.000159  |
|    entropy_loss       | -1.5      |
|    explained_variance | 0.9988692 |
|    n_updates          | 499       |
|    policy_loss        | 0.187     |
|    std                | 0.111     |
|    u_grad_norm        | 0.336     |
|    u_learning_rate    | 1.59e-05  |
|    v_grad_norm        | 0.827     |
|    v_learning_rate    | 1e-07     |
|    value_loss         | 0.12      |
-------------------------------------
--------------------------------------
| rollout/              |            |
|    ep_len_mean        | 500        |
|    ep_rew_mean        | -1.65e+03  |
| time/                 |            |
|    fps                | 99         |
|    iterations         | 500        |
|    time_elapsed       | 40         |
|    total_timesteps    | 4000       |
| train/                |            |
|    d_grad_norm        | 0.0282     |
|    d_learning_rate    | 0.000159   |
|    entropy_loss       | -1.22      |
|    explained_variance | 0.99663025 |
|    n_updates          | 499        |
|    policy_loss        | -4.46      |
|    std                | 0.24       |
|    u_grad_norm        | 0.0797     |
|    u_learning_rate    | 1.59e-05   |
|    v_grad_norm        | 0.791      |
|    v_learning_rate    | 1e-07      |
|    value_loss         | 5.23       |
--------------------------------------
---------------------------------------
| rollout/              |             |
|    ep_len_mean        | 500         |
|    ep_rew_mean        | -3.72e+03   |
| time/                 |             |
|    fps                | 99          |
|    iterations         | 500         |
|    time_elapsed       | 40          |
|    total_timesteps    | 4000        |
| train/                |             |
|    d_grad_norm        | 0.124       |
|    d_learning_rate    | 0.000159    |
|    entropy_loss       | 0.288       |
|    explained_variance | -0.93941116 |
|    n_updates          | 499         |
|    policy_loss        | -2.46       |
|    std                | 0.147       |
|    u_grad_norm        | 0.0496      |
|    u_learning_rate    | 1.59e-05    |
|    v_grad_norm        | 0.9         |
|    v_learning_rate    | 1e-07       |
|    value_loss         | 10.3        |
---------------------------------------
-------------------------------------
| rollout/              |           |
|    ep_len_mean        | 500       |
|    ep_rew_mean        | -1.05e+03 |
| time/                 |           |
|    fps                | 99        |
|    iterations         | 600       |
|    time_elapsed       | 48        |
|    total_timesteps    | 4800      |
| train/                |           |
|    d_grad_norm        | 0.00467   |
|    d_learning_rate    | 0.000141  |
|    entropy_loss       | 1.02      |
|    explained_variance | -7.516227 |
|    n_updates          | 599       |
|    policy_loss        | 0.00352   |
|    std                | 0.203     |
|    u_grad_norm        | 0.0508    |
|    u_learning_rate    | 1.41e-05  |
|    v_grad_norm        | 0.986     |
|    v_learning_rate    | 8.35e-08  |
|    value_loss         | 0.000104  |
-------------------------------------
-------------------------------------
| rollout/              |           |
|    ep_len_mean        | 500       |
|    ep_rew_mean        | -266      |
| time/                 |           |
|    fps                | 99        |
|    iterations         | 600       |
|    time_elapsed       | 48        |
|    total_timesteps    | 4800      |
| train/                |           |
|    d_grad_norm        | 0.00172   |
|    d_learning_rate    | 0.000141  |
|    entropy_loss       | 0.859     |
|    explained_variance | -5.910736 |
|    n_updates          | 599       |
|    policy_loss        | 0.000383  |
|    std                | 0.186     |
|    u_grad_norm        | 0.00896   |
|    u_learning_rate    | 1.41e-05  |
|    v_grad_norm        | 0.444     |
|    v_learning_rate    | 8.35e-08  |
|    value_loss         | 1.15e-05  |
-------------------------------------
-------------------------------------
| rollout/              |           |
|    ep_len_mean        | 500       |
|    ep_rew_mean        | -3.66e+03 |
| time/                 |           |
|    fps                | 99        |
|    iterations         | 600       |
|    time_elapsed       | 48        |
|    total_timesteps    | 4800      |
| train/                |           |
|    d_grad_norm        | 0.00718   |
|    d_learning_rate    | 0.000141  |
|    entropy_loss       | -0.989    |
|    explained_variance | 0.89015   |
|    n_updates          | 599       |
|    policy_loss        | -2.82     |
|    std                | 0.141     |
|    u_grad_norm        | 0.2       |
|    u_learning_rate    | 1.41e-05  |
|    v_grad_norm        | 0.773     |
|    v_learning_rate    | 8.35e-08  |
|    value_loss         | 11.1      |
-------------------------------------
-------------------------------------
| rollout/              |           |
|    ep_len_mean        | 500       |
|    ep_rew_mean        | -1.49e+03 |
| time/                 |           |
|    fps                | 99        |
|    iterations         | 600       |
|    time_elapsed       | 48        |
|    total_timesteps    | 4800      |
| train/                |           |
|    d_grad_norm        | 0.0144    |
|    d_learning_rate    | 0.000141  |
|    entropy_loss       | -1.98     |
|    explained_variance | 0.9722686 |
|    n_updates          | 599       |
|    policy_loss        | -10.6     |
|    std                | 0.24      |
|    u_grad_norm        | 0.0399    |
|    u_learning_rate    | 1.41e-05  |
|    v_grad_norm        | 0.778     |
|    v_learning_rate    | 8.35e-08  |
|    value_loss         | 36.7      |
-------------------------------------
--------------------------------------
| rollout/              |            |
|    ep_len_mean        | 500        |
|    ep_rew_mean        | -3.04e+03  |
| time/                 |            |
|    fps                | 99         |
|    iterations         | 600        |
|    time_elapsed       | 48         |
|    total_timesteps    | 4800       |
| train/                |            |
|    d_grad_norm        | 0.00734    |
|    d_learning_rate    | 0.000141   |
|    entropy_loss       | -0.549     |
|    explained_variance | 0.99960256 |
|    n_updates          | 599        |
|    policy_loss        | 0.0187     |
|    std                | 0.117      |
|    u_grad_norm        | 0.0877     |
|    u_learning_rate    | 1.41e-05   |
|    v_grad_norm        | 0.697      |
|    v_learning_rate    | 8.35e-08   |
|    value_loss         | 0.0301     |
--------------------------------------
-------------------------------------
| rollout/              |           |
|    ep_len_mean        | 500       |
|    ep_rew_mean        | -3.67e+03 |
| time/                 |           |
|    fps                | 99        |
|    iterations         | 600       |
|    time_elapsed       | 48        |
|    total_timesteps    | 4800      |
| train/                |           |
|    d_grad_norm        | 0.00202   |
|    d_learning_rate    | 0.000141  |
|    entropy_loss       | -1.68     |
|    explained_variance | 0.6593945 |
|    n_updates          | 599       |
|    policy_loss        | 4.13      |
|    std                | 0.153     |
|    u_grad_norm        | 0.0653    |
|    u_learning_rate    | 1.41e-05  |
|    v_grad_norm        | 0.925     |
|    v_learning_rate    | 8.35e-08  |
|    value_loss         | 8.99      |
-------------------------------------
-------------------------------------
| rollout/              |           |
|    ep_len_mean        | 500       |
|    ep_rew_mean        | -1.57e+03 |
| time/                 |           |
|    fps                | 99        |
|    iterations         | 600       |
|    time_elapsed       | 48        |
|    total_timesteps    | 4800      |
| train/                |           |
|    d_grad_norm        | 0.0543    |
|    d_learning_rate    | 0.000141  |
|    entropy_loss       | 1.34      |
|    explained_variance | 0.9476988 |
|    n_updates          | 599       |
|    policy_loss        | 0.00969   |
|    std                | 0.224     |
|    u_grad_norm        | 0.821     |
|    u_learning_rate    | 1.41e-05  |
|    v_grad_norm        | 0.542     |
|    v_learning_rate    | 8.35e-08  |
|    value_loss         | 3.74e-05  |
-------------------------------------
--------------------------------------
| rollout/              |            |
|    ep_len_mean        | 500        |
|    ep_rew_mean        | -3.74e+03  |
| time/                 |            |
|    fps                | 99         |
|    iterations         | 600        |
|    time_elapsed       | 48         |
|    total_timesteps    | 4800       |
| train/                |            |
|    d_grad_norm        | 0.00919    |
|    d_learning_rate    | 0.000141   |
|    entropy_loss       | -0.496     |
|    explained_variance | 0.92203534 |
|    n_updates          | 599        |
|    policy_loss        | 1.99       |
|    std                | 0.147      |
|    u_grad_norm        | 0.306      |
|    u_learning_rate    | 1.41e-05   |
|    v_grad_norm        | 0.923      |
|    v_learning_rate    | 8.35e-08   |
|    value_loss         | 1.5        |
--------------------------------------
-------------------------------------
| rollout/              |           |
|    ep_len_mean        | 500       |
|    ep_rew_mean        | -2.85e+03 |
| time/                 |           |
|    fps                | 99        |
|    iterations         | 600       |
|    time_elapsed       | 48        |
|    total_timesteps    | 4800      |
| train/                |           |
|    d_grad_norm        | 0.0139    |
|    d_learning_rate    | 0.000141  |
|    entropy_loss       | 0.611     |
|    explained_variance | 0.9348151 |
|    n_updates          | 599       |
|    policy_loss        | -0.311    |
|    std                | 0.111     |
|    u_grad_norm        | 0.503     |
|    u_learning_rate    | 1.41e-05  |
|    v_grad_norm        | 0.673     |
|    v_learning_rate    | 8.35e-08  |
|    value_loss         | 5.57      |
-------------------------------------
--------------------------------------
| rollout/              |            |
|    ep_len_mean        | 500        |
|    ep_rew_mean        | -1.49e+03  |
| time/                 |            |
|    fps                | 99         |
|    iterations         | 600        |
|    time_elapsed       | 48         |
|    total_timesteps    | 4800       |
| train/                |            |
|    d_grad_norm        | 0.0412     |
|    d_learning_rate    | 0.000141   |
|    entropy_loss       | 0.293      |
|    explained_variance | -35.058826 |
|    n_updates          | 599        |
|    policy_loss        | -0.00934   |
|    std                | 0.24       |
|    u_grad_norm        | 0.0915     |
|    u_learning_rate    | 1.41e-05   |
|    v_grad_norm        | 0.99       |
|    v_learning_rate    | 8.35e-08   |
|    value_loss         | 0.000128   |
--------------------------------------
-------------------------------------
| rollout/              |           |
|    ep_len_mean        | 500       |
|    ep_rew_mean        | -958      |
| time/                 |           |
|    fps                | 99        |
|    iterations         | 700       |
|    time_elapsed       | 56        |
|    total_timesteps    | 5600      |
| train/                |           |
|    d_grad_norm        | 0.00421   |
|    d_learning_rate    | 0.000127  |
|    entropy_loss       | -2.1      |
|    explained_variance | 0.9865705 |
|    n_updates          | 699       |
|    policy_loss        | 9.04      |
|    std                | 0.203     |
|    u_grad_norm        | 0.108     |
|    u_learning_rate    | 1.27e-05  |
|    v_grad_norm        | 0.844     |
|    v_learning_rate    | 7.15e-08  |
|    value_loss         | 7.02      |
-------------------------------------
--------------------------------------
| rollout/              |            |
|    ep_len_mean        | 500        |
|    ep_rew_mean        | -265       |
| time/                 |            |
|    fps                | 99         |
|    iterations         | 700        |
|    time_elapsed       | 56         |
|    total_timesteps    | 5600       |
| train/                |            |
|    d_grad_norm        | 0.00189    |
|    d_learning_rate    | 0.000127   |
|    entropy_loss       | 0.87       |
|    explained_variance | -7.3473244 |
|    n_updates          | 699        |
|    policy_loss        | 0.000637   |
|    std                | 0.186      |
|    u_grad_norm        | 0.034      |
|    u_learning_rate    | 1.27e-05   |
|    v_grad_norm        | 0.338      |
|    v_learning_rate    | 7.15e-08   |
|    value_loss         | 7.3e-06    |
--------------------------------------
-------------------------------------
| rollout/              |           |
|    ep_len_mean        | 500       |
|    ep_rew_mean        | -3.66e+03 |
| time/                 |           |
|    fps                | 99        |
|    iterations         | 700       |
|    time_elapsed       | 56        |
|    total_timesteps    | 5600      |
| train/                |           |
|    d_grad_norm        | 0.0287    |
|    d_learning_rate    | 0.000127  |
|    entropy_loss       | -0.989    |
|    explained_variance | 0.9125493 |
|    n_updates          | 699       |
|    policy_loss        | -1.78     |
|    std                | 0.141     |
|    u_grad_norm        | 0.0133    |
|    u_learning_rate    | 1.27e-05  |
|    v_grad_norm        | 0.802     |
|    v_learning_rate    | 7.15e-08  |
|    value_loss         | 10.4      |
-------------------------------------
-------------------------------------
| rollout/              |           |
|    ep_len_mean        | 500       |
|    ep_rew_mean        | -1.56e+03 |
| time/                 |           |
|    fps                | 99        |
|    iterations         | 700       |
|    time_elapsed       | 56        |
|    total_timesteps    | 5600      |
| train/                |           |
|    d_grad_norm        | 0.0201    |
|    d_learning_rate    | 0.000127  |
|    entropy_loss       | -1.78     |
|    explained_variance | 0.9644341 |
|    n_updates          | 699       |
|    policy_loss        | -6.92     |
|    std                | 0.24      |
|    u_grad_norm        | 0.0197    |
|    u_learning_rate    | 1.27e-05  |
|    v_grad_norm        | 0.772     |
|    v_learning_rate    | 7.15e-08  |
|    value_loss         | 25.7      |
-------------------------------------
-------------------------------------
| rollout/              |           |
|    ep_len_mean        | 500       |
|    ep_rew_mean        | -3.04e+03 |
| time/                 |           |
|    fps                | 99        |
|    iterations         | 700       |
|    time_elapsed       | 56        |
|    total_timesteps    | 5600      |
| train/                |           |
|    d_grad_norm        | 0.00683   |
|    d_learning_rate    | 0.000127  |
|    entropy_loss       | -0.235    |
|    explained_variance | 0.9986462 |
|    n_updates          | 699       |
|    policy_loss        | 0.112     |
|    std                | 0.117     |
|    u_grad_norm        | 0.0743    |
|    u_learning_rate    | 1.27e-05  |
|    v_grad_norm        | 0.876     |
|    v_learning_rate    | 7.15e-08  |
|    value_loss         | 0.211     |
-------------------------------------
--------------------------------------
| rollout/              |            |
|    ep_len_mean        | 500        |
|    ep_rew_mean        | -1.6e+03   |
| time/                 |            |
|    fps                | 99         |
|    iterations         | 700        |
|    time_elapsed       | 56         |
|    total_timesteps    | 5600       |
| train/                |            |
|    d_grad_norm        | 0.0225     |
|    d_learning_rate    | 0.000127   |
|    entropy_loss       | -0.946     |
|    explained_variance | 0.99785084 |
|    n_updates          | 699        |
|    policy_loss        | -0.0589    |
|    std                | 0.224      |
|    u_grad_norm        | 0.177      |
|    u_learning_rate    | 1.27e-05   |
|    v_grad_norm        | 0.838      |
|    v_learning_rate    | 7.15e-08   |
|    value_loss         | 0.242      |
--------------------------------------
----------------------------------------
| rollout/              |              |
|    ep_len_mean        | 500          |
|    ep_rew_mean        | -3.56e+03    |
| time/                 |              |
|    fps                | 99           |
|    iterations         | 700          |
|    time_elapsed       | 56           |
|    total_timesteps    | 5600         |
| train/                |              |
|    d_grad_norm        | 0.0447       |
|    d_learning_rate    | 0.000127     |
|    entropy_loss       | -1.65        |
|    explained_variance | -0.019383073 |
|    n_updates          | 699          |
|    policy_loss        | -2.13        |
|    std                | 0.153        |
|    u_grad_norm        | 0.0108       |
|    u_learning_rate    | 1.27e-05     |
|    v_grad_norm        | 0.963        |
|    v_learning_rate    | 7.15e-08     |
|    value_loss         | 9.79         |
----------------------------------------
--------------------------------------
| rollout/              |            |
|    ep_len_mean        | 500        |
|    ep_rew_mean        | -3.77e+03  |
| time/                 |            |
|    fps                | 99         |
|    iterations         | 700        |
|    time_elapsed       | 56         |
|    total_timesteps    | 5600       |
| train/                |            |
|    d_grad_norm        | 0.0123     |
|    d_learning_rate    | 0.000127   |
|    entropy_loss       | -0.932     |
|    explained_variance | 0.90538734 |
|    n_updates          | 699        |
|    policy_loss        | 0.974      |
|    std                | 0.147      |
|    u_grad_norm        | 0.14       |
|    u_learning_rate    | 1.27e-05   |
|    v_grad_norm        | 0.924      |
|    v_learning_rate    | 7.15e-08   |
|    value_loss         | 1.59       |
--------------------------------------
--------------------------------------
| rollout/              |            |
|    ep_len_mean        | 500        |
|    ep_rew_mean        | -2.85e+03  |
| time/                 |            |
|    fps                | 99         |
|    iterations         | 700        |
|    time_elapsed       | 56         |
|    total_timesteps    | 5600       |
| train/                |            |
|    d_grad_norm        | 0.0269     |
|    d_learning_rate    | 0.000127   |
|    entropy_loss       | -1.5       |
|    explained_variance | 0.97903305 |
|    n_updates          | 699        |
|    policy_loss        | -0.338     |
|    std                | 0.111      |
|    u_grad_norm        | 0.00514    |
|    u_learning_rate    | 1.27e-05   |
|    v_grad_norm        | 0.873      |
|    v_learning_rate    | 7.15e-08   |
|    value_loss         | 0.212      |
--------------------------------------
--------------------------------------
| rollout/              |            |
|    ep_len_mean        | 500        |
|    ep_rew_mean        | -1.44e+03  |
| time/                 |            |
|    fps                | 99         |
|    iterations         | 700        |
|    time_elapsed       | 56         |
|    total_timesteps    | 5600       |
| train/                |            |
|    d_grad_norm        | 0.0159     |
|    d_learning_rate    | 0.000127   |
|    entropy_loss       | -1.34      |
|    explained_variance | 0.99925476 |
|    n_updates          | 699        |
|    policy_loss        | -0.246     |
|    std                | 0.24       |
|    u_grad_norm        | 0.107      |
|    u_learning_rate    | 1.27e-05   |
|    v_grad_norm        | 0.996      |
|    v_learning_rate    | 7.15e-08   |
|    value_loss         | 0.0712     |
--------------------------------------
--------------------------------------
| rollout/              |            |
|    ep_len_mean        | 500        |
|    ep_rew_mean        | -3.66e+03  |
| time/                 |            |
|    fps                | 99         |
|    iterations         | 800        |
|    time_elapsed       | 64         |
|    total_timesteps    | 6400       |
| train/                |            |
|    d_grad_norm        | 0.00783    |
|    d_learning_rate    | 0.000116   |
|    entropy_loss       | -1.43      |
|    explained_variance | 0.98221517 |
|    n_updates          | 799        |
|    policy_loss        | 1.5        |
|    std                | 0.141      |
|    u_grad_norm        | 0.167      |
|    u_learning_rate    | 1.16e-05   |
|    v_grad_norm        | 0.831      |
|    v_learning_rate    | 6.26e-08   |
|    value_loss         | 1.29       |
--------------------------------------
-------------------------------------
| rollout/              |           |
|    ep_len_mean        | 500       |
|    ep_rew_mean        | -941      |
| time/                 |           |
|    fps                | 99        |
|    iterations         | 800       |
|    time_elapsed       | 64        |
|    total_timesteps    | 6400      |
| train/                |           |
|    d_grad_norm        | 0.0116    |
|    d_learning_rate    | 0.000116  |
|    entropy_loss       | 0.874     |
|    explained_variance | 0.7897178 |
|    n_updates          | 799       |
|    policy_loss        | -0.125    |
|    std                | 0.203     |
|    u_grad_norm        | 0.925     |
|    u_learning_rate    | 1.16e-05  |
|    v_grad_norm        | 0.314     |
|    v_learning_rate    | 6.26e-08  |
|    value_loss         | 0.00151   |
-------------------------------------
-------------------------------------
| rollout/              |           |
|    ep_len_mean        | 500       |
|    ep_rew_mean        | -254      |
| time/                 |           |
|    fps                | 99        |
|    iterations         | 800       |
|    time_elapsed       | 64        |
|    total_timesteps    | 6400      |
| train/                |           |
|    d_grad_norm        | 0.000147  |
|    d_learning_rate    | 0.000116  |
|    entropy_loss       | 0.872     |
|    explained_variance | -5.543043 |
|    n_updates          | 799       |
|    policy_loss        | -0.000501 |
|    std                | 0.186     |
|    u_grad_norm        | 0.0134    |
|    u_learning_rate    | 1.16e-05  |
|    v_grad_norm        | 0.505     |
|    v_learning_rate    | 6.26e-08  |
|    value_loss         | 4e-05     |
-------------------------------------
-------------------------------------
| rollout/              |           |
|    ep_len_mean        | 500       |
|    ep_rew_mean        | -3.04e+03 |
| time/                 |           |
|    fps                | 99        |
|    iterations         | 800       |
|    time_elapsed       | 64        |
|    total_timesteps    | 6400      |
| train/                |           |
|    d_grad_norm        | 0.00488   |
|    d_learning_rate    | 0.000116  |
|    entropy_loss       | 0.0565    |
|    explained_variance | 0.9445807 |
|    n_updates          | 799       |
|    policy_loss        | -0.431    |
|    std                | 0.117     |
|    u_grad_norm        | 0.0386    |
|    u_learning_rate    | 1.16e-05  |
|    v_grad_norm        | 0.794     |
|    v_learning_rate    | 6.26e-08  |
|    value_loss         | 1.3       |
-------------------------------------
--------------------------------------
| rollout/              |            |
|    ep_len_mean        | 500        |
|    ep_rew_mean        | -1.67e+03  |
| time/                 |            |
|    fps                | 99         |
|    iterations         | 800        |
|    time_elapsed       | 64         |
|    total_timesteps    | 6400       |
| train/                |            |
|    d_grad_norm        | 0.00504    |
|    d_learning_rate    | 0.000116   |
|    entropy_loss       | 0.491      |
|    explained_variance | -1.1713374 |
|    n_updates          | 799        |
|    policy_loss        | 0.208      |
|    std                | 0.24       |
|    u_grad_norm        | 0.485      |
|    u_learning_rate    | 1.16e-05   |
|    v_grad_norm        | 0.859      |
|    v_learning_rate    | 6.26e-08   |
|    value_loss         | 0.11       |
--------------------------------------
--------------------------------------
| rollout/              |            |
|    ep_len_mean        | 500        |
|    ep_rew_mean        | -1.71e+03  |
| time/                 |            |
|    fps                | 99         |
|    iterations         | 800        |
|    time_elapsed       | 64         |
|    total_timesteps    | 6400       |
| train/                |            |
|    d_grad_norm        | 0.0266     |
|    d_learning_rate    | 0.000116   |
|    entropy_loss       | 1.27       |
|    explained_variance | -0.8095156 |
|    n_updates          | 799        |
|    policy_loss        | 0.024      |
|    std                | 0.224      |
|    u_grad_norm        | 0.317      |
|    u_learning_rate    | 1.16e-05   |
|    v_grad_norm        | 0.943      |
|    v_learning_rate    | 6.26e-08   |
|    value_loss         | 0.000152   |
--------------------------------------
--------------------------------------
| rollout/              |            |
|    ep_len_mean        | 500        |
|    ep_rew_mean        | -2.84e+03  |
| time/                 |            |
|    fps                | 99         |
|    iterations         | 800        |
|    time_elapsed       | 64         |
|    total_timesteps    | 6400       |
| train/                |            |
|    d_grad_norm        | 0.0106     |
|    d_learning_rate    | 0.000116   |
|    entropy_loss       | 0.371      |
|    explained_variance | 0.72929347 |
|    n_updates          | 799        |
|    policy_loss        | 0.4        |
|    std                | 0.111      |
|    u_grad_norm        | 0.443      |
|    u_learning_rate    | 1.16e-05   |
|    v_grad_norm        | 0.735      |
|    v_learning_rate    | 6.26e-08   |
|    value_loss         | 2.12       |
--------------------------------------
---------------------------------------
| rollout/              |             |
|    ep_len_mean        | 500         |
|    ep_rew_mean        | -3.56e+03   |
| time/                 |             |
|    fps                | 99          |
|    iterations         | 800         |
|    time_elapsed       | 64          |
|    total_timesteps    | 6400        |
| train/                |             |
|    d_grad_norm        | 0.0366      |
|    d_learning_rate    | 0.000116    |
|    entropy_loss       | -1.66       |
|    explained_variance | -0.07820439 |
|    n_updates          | 799         |
|    policy_loss        | -1.28       |
|    std                | 0.153       |
|    u_grad_norm        | 0.024       |
|    u_learning_rate    | 1.16e-05    |
|    v_grad_norm        | 0.951       |
|    v_learning_rate    | 6.26e-08    |
|    value_loss         | 1.26        |
---------------------------------------
--------------------------------------
| rollout/              |            |
|    ep_len_mean        | 500        |
|    ep_rew_mean        | -3.76e+03  |
| time/                 |            |
|    fps                | 99         |
|    iterations         | 800        |
|    time_elapsed       | 64         |
|    total_timesteps    | 6400       |
| train/                |            |
|    d_grad_norm        | 0.0476     |
|    d_learning_rate    | 0.000116   |
|    entropy_loss       | -0.706     |
|    explained_variance | 0.68397915 |
|    n_updates          | 799        |
|    policy_loss        | 0.424      |
|    std                | 0.147      |
|    u_grad_norm        | 0.0132     |
|    u_learning_rate    | 1.16e-05   |
|    v_grad_norm        | 0.928      |
|    v_learning_rate    | 6.26e-08   |
|    value_loss         | 2.79       |
--------------------------------------
-------------------------------------
| rollout/              |           |
|    ep_len_mean        | 500       |
|    ep_rew_mean        | -1.37e+03 |
| time/                 |           |
|    fps                | 99        |
|    iterations         | 800       |
|    time_elapsed       | 64        |
|    total_timesteps    | 6400      |
| train/                |           |
|    d_grad_norm        | 0.0108    |
|    d_learning_rate    | 0.000116  |
|    entropy_loss       | 0.121     |
|    explained_variance | 0.9730647 |
|    n_updates          | 799       |
|    policy_loss        | 0.00755   |
|    std                | 0.24      |
|    u_grad_norm        | 0.853     |
|    u_learning_rate    | 1.16e-05  |
|    v_grad_norm        | 0.507     |
|    v_learning_rate    | 6.26e-08  |
|    value_loss         | 2.72e-05  |
-------------------------------------
-------------------------------------
| rollout/              |           |
|    ep_len_mean        | 500       |
|    ep_rew_mean        | -3.66e+03 |
| time/                 |           |
|    fps                | 99        |
|    iterations         | 900       |
|    time_elapsed       | 72        |
|    total_timesteps    | 7200      |
| train/                |           |
|    d_grad_norm        | 0.0108    |
|    d_learning_rate    | 0.000107  |
|    entropy_loss       | -1.53     |
|    explained_variance | 0.9659876 |
|    n_updates          | 899       |
|    policy_loss        | 0.982     |
|    std                | 0.141     |
|    u_grad_norm        | 0.132     |
|    u_learning_rate    | 1.07e-05  |
|    v_grad_norm        | 0.835     |
|    v_learning_rate    | 5.56e-08  |
|    value_loss         | 1.63      |
-------------------------------------
--------------------------------------
| rollout/              |            |
|    ep_len_mean        | 500        |
|    ep_rew_mean        | -247       |
| time/                 |            |
|    fps                | 99         |
|    iterations         | 900        |
|    time_elapsed       | 72         |
|    total_timesteps    | 7200       |
| train/                |            |
|    d_grad_norm        | 0.00371    |
|    d_learning_rate    | 0.000107   |
|    entropy_loss       | 0.859      |
|    explained_variance | -2.1835449 |
|    n_updates          | 899        |
|    policy_loss        | 0.000973   |
|    std                | 0.186      |
|    u_grad_norm        | 0.139      |
|    u_learning_rate    | 1.07e-05   |
|    v_grad_norm        | 0.0357     |
|    v_learning_rate    | 5.56e-08   |
|    value_loss         | 1.13e-05   |
--------------------------------------
-------------------------------------
| rollout/              |           |
|    ep_len_mean        | 500       |
|    ep_rew_mean        | -1.08e+03 |
| time/                 |           |
|    fps                | 99        |
|    iterations         | 900       |
|    time_elapsed       | 72        |
|    total_timesteps    | 7200      |
| train/                |           |
|    d_grad_norm        | 0.00498   |
|    d_learning_rate    | 0.000107  |
|    entropy_loss       | 0.939     |
|    explained_variance | -0.535321 |
|    n_updates          | 899       |
|    policy_loss        | -0.00569  |
|    std                | 0.203     |
|    u_grad_norm        | 0.827     |
|    u_learning_rate    | 1.07e-05  |
|    v_grad_norm        | 0.44      |
|    v_learning_rate    | 5.56e-08  |
|    value_loss         | 0.000296  |
-------------------------------------
--------------------------------------
| rollout/              |            |
|    ep_len_mean        | 500        |
|    ep_rew_mean        | -1.67e+03  |
| time/                 |            |
|    fps                | 99         |
|    iterations         | 900        |
|    time_elapsed       | 72         |
|    total_timesteps    | 7200       |
| train/                |            |
|    d_grad_norm        | 0.00976    |
|    d_learning_rate    | 0.000107   |
|    entropy_loss       | 0.458      |
|    explained_variance | -26.574455 |
|    n_updates          | 899        |
|    policy_loss        | -0.102     |
|    std                | 0.24       |
|    u_grad_norm        | 0.722      |
|    u_learning_rate    | 1.07e-05   |
|    v_grad_norm        | 0.676      |
|    v_learning_rate    | 5.56e-08   |
|    value_loss         | 0.245      |
--------------------------------------
-------------------------------------
| rollout/              |           |
|    ep_len_mean        | 500       |
|    ep_rew_mean        | -3.04e+03 |
| time/                 |           |
|    fps                | 99        |
|    iterations         | 900       |
|    time_elapsed       | 72        |
|    total_timesteps    | 7200      |
| train/                |           |
|    d_grad_norm        | 0.00649   |
|    d_learning_rate    | 0.000107  |
|    entropy_loss       | 0.173     |
|    explained_variance | 0.9251019 |
|    n_updates          | 899       |
|    policy_loss        | 1.96      |
|    std                | 0.117     |
|    u_grad_norm        | 0.427     |
|    u_learning_rate    | 1.07e-05  |
|    v_grad_norm        | 0.678     |
|    v_learning_rate    | 5.56e-08  |
|    value_loss         | 6.15      |
-------------------------------------
--------------------------------------
| rollout/              |            |
|    ep_len_mean        | 500        |
|    ep_rew_mean        | -1.54e+03  |
| time/                 |            |
|    fps                | 99         |
|    iterations         | 900        |
|    time_elapsed       | 72         |
|    total_timesteps    | 7200       |
| train/                |            |
|    d_grad_norm        | 0.0264     |
|    d_learning_rate    | 0.000107   |
|    entropy_loss       | 1.26       |
|    explained_variance | -7.2584753 |
|    n_updates          | 899        |
|    policy_loss        | 0.0271     |
|    std                | 0.225      |
|    u_grad_norm        | 0.792      |
|    u_learning_rate    | 1.07e-05   |
|    v_grad_norm        | 0.59       |
|    v_learning_rate    | 5.56e-08   |
|    value_loss         | 0.000294   |
--------------------------------------
--------------------------------------
| rollout/              |            |
|    ep_len_mean        | 500        |
|    ep_rew_mean        | -2.86e+03  |
| time/                 |            |
|    fps                | 99         |
|    iterations         | 900        |
|    time_elapsed       | 72         |
|    total_timesteps    | 7200       |
| train/                |            |
|    d_grad_norm        | 0.00969    |
|    d_learning_rate    | 0.000107   |
|    entropy_loss       | 0.674      |
|    explained_variance | 0.98008806 |
|    n_updates          | 899        |
|    policy_loss        | -3.54      |
|    std                | 0.111      |
|    u_grad_norm        | 0.555      |
|    u_learning_rate    | 1.07e-05   |
|    v_grad_norm        | 0.627      |
|    v_learning_rate    | 5.56e-08   |
|    value_loss         | 14.2       |
--------------------------------------
--------------------------------------
| rollout/              |            |
|    ep_len_mean        | 500        |
|    ep_rew_mean        | -3.61e+03  |
| time/                 |            |
|    fps                | 99         |
|    iterations         | 900        |
|    time_elapsed       | 72         |
|    total_timesteps    | 7200       |
| train/                |            |
|    d_grad_norm        | 0.00842    |
|    d_learning_rate    | 0.000107   |
|    entropy_loss       | -2.12      |
|    explained_variance | 0.99702966 |
|    n_updates          | 899        |
|    policy_loss        | 0.153      |
|    std                | 0.153      |
|    u_grad_norm        | 0.00994    |
|    u_learning_rate    | 1.07e-05   |
|    v_grad_norm        | 0.879      |
|    v_learning_rate    | 5.56e-08   |
|    value_loss         | 0.395      |
--------------------------------------
--------------------------------------
| rollout/              |            |
|    ep_len_mean        | 500        |
|    ep_rew_mean        | -3.77e+03  |
| time/                 |            |
|    fps                | 99         |
|    iterations         | 900        |
|    time_elapsed       | 72         |
|    total_timesteps    | 7200       |
| train/                |            |
|    d_grad_norm        | 0.0373     |
|    d_learning_rate    | 0.000107   |
|    entropy_loss       | -0.802     |
|    explained_variance | 0.66558707 |
|    n_updates          | 899        |
|    policy_loss        | 0.144      |
|    std                | 0.147      |
|    u_grad_norm        | 0.0103     |
|    u_learning_rate    | 1.07e-05   |
|    v_grad_norm        | 0.944      |
|    v_learning_rate    | 5.56e-08   |
|    value_loss         | 4.7        |
--------------------------------------
--------------------------------------
| rollout/              |            |
|    ep_len_mean        | 500        |
|    ep_rew_mean        | -1.26e+03  |
| time/                 |            |
|    fps                | 99         |
|    iterations         | 900        |
|    time_elapsed       | 72         |
|    total_timesteps    | 7200       |
| train/                |            |
|    d_grad_norm        | 0.000263   |
|    d_learning_rate    | 0.000107   |
|    entropy_loss       | 0.255      |
|    explained_variance | 0.95622987 |
|    n_updates          | 899        |
|    policy_loss        | 0.00014    |
|    std                | 0.24       |
|    u_grad_norm        | 0.0569     |
|    u_learning_rate    | 1.07e-05   |
|    v_grad_norm        | 0.514      |
|    v_learning_rate    | 5.56e-08   |
|    value_loss         | 1.61e-05   |
--------------------------------------
-------------------------------------
| rollout/              |           |
|    ep_len_mean        | 500       |
|    ep_rew_mean        | -3.65e+03 |
| time/                 |           |
|    fps                | 99        |
|    iterations         | 1000      |
|    time_elapsed       | 80        |
|    total_timesteps    | 8000      |
| train/                |           |
|    d_grad_norm        | 0.00799   |
|    d_learning_rate    | 0.0001    |
|    entropy_loss       | -1.5      |
|    explained_variance | 0.98113   |
|    n_updates          | 999       |
|    policy_loss        | -1.64     |
|    std                | 0.141     |
|    u_grad_norm        | 0.09      |
|    u_learning_rate    | 1e-05     |
|    v_grad_norm        | 0.836     |
|    v_learning_rate    | 5.01e-08  |
|    value_loss         | 3.98      |
-------------------------------------
--------------------------------------
| rollout/              |            |
|    ep_len_mean        | 500        |
|    ep_rew_mean        | -451       |
| time/                 |            |
|    fps                | 99         |
|    iterations         | 1000       |
|    time_elapsed       | 80         |
|    total_timesteps    | 8000       |
| train/                |            |
|    d_grad_norm        | 0.00217    |
|    d_learning_rate    | 0.0001     |
|    entropy_loss       | -1.11      |
|    explained_variance | 0.30835176 |
|    n_updates          | 999        |
|    policy_loss        | -9.56      |
|    std                | 0.186      |
|    u_grad_norm        | 0.131      |
|    u_learning_rate    | 1e-05      |
|    v_grad_norm        | 0.823      |
|    v_learning_rate    | 5.01e-08   |
|    value_loss         | 84.5       |
--------------------------------------
-------------------------------------
| rollout/              |           |
|    ep_len_mean        | 500       |
|    ep_rew_mean        | -993      |
| time/                 |           |
|    fps                | 99        |
|    iterations         | 1000      |
|    time_elapsed       | 80        |
|    total_timesteps    | 8000      |
| train/                |           |
|    d_grad_norm        | 0.0487    |
|    d_learning_rate    | 0.0001    |
|    entropy_loss       | 0.931     |
|    explained_variance | -39.14962 |
|    n_updates          | 999       |
|    policy_loss        | -0.00487  |
|    std                | 0.203     |
|    u_grad_norm        | 0.908     |
|    u_learning_rate    | 1e-05     |
|    v_grad_norm        | 0.215     |
|    v_learning_rate    | 5.01e-08  |
|    value_loss         | 0.000713  |
-------------------------------------
-------------------------------------
| rollout/              |           |
|    ep_len_mean        | 500       |
|    ep_rew_mean        | -1.48e+03 |
| time/                 |           |
|    fps                | 99        |
|    iterations         | 1000      |
|    time_elapsed       | 80        |
|    total_timesteps    | 8000      |
| train/                |           |
|    d_grad_norm        | 0.00944   |
|    d_learning_rate    | 0.0001    |
|    entropy_loss       | 0.431     |
|    explained_variance | -107.5528 |
|    n_updates          | 999       |
|    policy_loss        | -0.291    |
|    std                | 0.24      |
|    u_grad_norm        | 0.793     |
|    u_learning_rate    | 1e-05     |
|    v_grad_norm        | 0.61      |
|    v_learning_rate    | 5.01e-08  |
|    value_loss         | 0.966     |
-------------------------------------
-------------------------------------
| rollout/              |           |
|    ep_len_mean        | 500       |
|    ep_rew_mean        | -3.03e+03 |
| time/                 |           |
|    fps                | 99        |
|    iterations         | 1000      |
|    time_elapsed       | 80        |
|    total_timesteps    | 8000      |
| train/                |           |
|    d_grad_norm        | 0.0132    |
|    d_learning_rate    | 0.0001    |
|    entropy_loss       | 0.139     |
|    explained_variance | 0.9646567 |
|    n_updates          | 999       |
|    policy_loss        | -0.527    |
|    std                | 0.117     |
|    u_grad_norm        | 0.0563    |
|    u_learning_rate    | 1e-05     |
|    v_grad_norm        | 0.808     |
|    v_learning_rate    | 5.01e-08  |
|    value_loss         | 1.7       |
-------------------------------------
--------------------------------------
| rollout/              |            |
|    ep_len_mean        | 500        |
|    ep_rew_mean        | -1.37e+03  |
| time/                 |            |
|    fps                | 99         |
|    iterations         | 1000       |
|    time_elapsed       | 80         |
|    total_timesteps    | 8000       |
| train/                |            |
|    d_grad_norm        | 0.0316     |
|    d_learning_rate    | 0.0001     |
|    entropy_loss       | 1.35       |
|    explained_variance | 0.14411664 |
|    n_updates          | 999        |
|    policy_loss        | 0.0227     |
|    std                | 0.225      |
|    u_grad_norm        | 0.846      |
|    u_learning_rate    | 1e-05      |
|    v_grad_norm        | 0.504      |
|    v_learning_rate    | 5.01e-08   |
|    value_loss         | 0.00014    |
--------------------------------------
-------------------------------------
| rollout/              |           |
|    ep_len_mean        | 500       |
|    ep_rew_mean        | -3.68e+03 |
| time/                 |           |
|    fps                | 99        |
|    iterations         | 1000      |
|    time_elapsed       | 80        |
|    total_timesteps    | 8000      |
| train/                |           |
|    d_grad_norm        | 0.00449   |
|    d_learning_rate    | 0.0001    |
|    entropy_loss       | -1.38     |
|    explained_variance | 0.9926474 |
|    n_updates          | 999       |
|    policy_loss        | -1.95     |
|    std                | 0.153     |
|    u_grad_norm        | 0.0154    |
|    u_learning_rate    | 1e-05     |
|    v_grad_norm        | 0.824     |
|    v_learning_rate    | 5.01e-08  |
|    value_loss         | 5.1       |
-------------------------------------
-------------------------------------
| rollout/              |           |
|    ep_len_mean        | 500       |
|    ep_rew_mean        | -2.85e+03 |
| time/                 |           |
|    fps                | 99        |
|    iterations         | 1000      |
|    time_elapsed       | 80        |
|    total_timesteps    | 8000      |
| train/                |           |
|    d_grad_norm        | 0.0171    |
|    d_learning_rate    | 0.0001    |
|    entropy_loss       | 0.331     |
|    explained_variance | 0.9682299 |
|    n_updates          | 999       |
|    policy_loss        | 1.96      |
|    std                | 0.111     |
|    u_grad_norm        | 0.0176    |
|    u_learning_rate    | 1e-05     |
|    v_grad_norm        | 0.879     |
|    v_learning_rate    | 5.01e-08  |
|    value_loss         | 6.67      |
-------------------------------------
-------------------------------------
| rollout/              |           |
|    ep_len_mean        | 500       |
|    ep_rew_mean        | -3.79e+03 |
| time/                 |           |
|    fps                | 99        |
|    iterations         | 1000      |
|    time_elapsed       | 80        |
|    total_timesteps    | 8000      |
| train/                |           |
|    d_grad_norm        | 0.00214   |
|    d_learning_rate    | 0.0001    |
|    entropy_loss       | -0.927    |
|    explained_variance | 0.946264  |
|    n_updates          | 999       |
|    policy_loss        | 0.436     |
|    std                | 0.147     |
|    u_grad_norm        | 0.0171    |
|    u_learning_rate    | 1e-05     |
|    v_grad_norm        | 0.964     |
|    v_learning_rate    | 5.01e-08  |
|    value_loss         | 1.98      |
-------------------------------------
--------------------------------------
| rollout/              |            |
|    ep_len_mean        | 500        |
|    ep_rew_mean        | -1.24e+03  |
| time/                 |            |
|    fps                | 99         |
|    iterations         | 1000       |
|    time_elapsed       | 80         |
|    total_timesteps    | 8000       |
| train/                |            |
|    d_grad_norm        | 0.0795     |
|    d_learning_rate    | 0.0001     |
|    entropy_loss       | 0.327      |
|    explained_variance | -15.404713 |
|    n_updates          | 999        |
|    policy_loss        | -0.00692   |
|    std                | 0.24       |
|    u_grad_norm        | 0.156      |
|    u_learning_rate    | 1e-05      |
|    v_grad_norm        | 0.702      |
|    v_learning_rate    | 5.01e-08   |
|    value_loss         | 5.34e-05   |
--------------------------------------
--------------------------------------
| rollout/              |            |
|    ep_len_mean        | 500        |
|    ep_rew_mean        | -1.58e+03  |
| time/                 |            |
|    fps                | 99         |
|    iterations         | 1100       |
|    time_elapsed       | 88         |
|    total_timesteps    | 8800       |
| train/                |            |
|    d_grad_norm        | 0.00762    |
|    d_learning_rate    | 9.39e-05   |
|    entropy_loss       | 0.476      |
|    explained_variance | -27.261623 |
|    n_updates          | 1099       |
|    policy_loss        | 0.508      |
|    std                | 0.24       |
|    u_grad_norm        | 0.399      |
|    u_learning_rate    | 9.39e-06   |
|    v_grad_norm        | 0.929      |
|    v_learning_rate    | 4.55e-08   |
|    value_loss         | 0.574      |
--------------------------------------
-------------------------------------
| rollout/              |           |
|    ep_len_mean        | 500       |
|    ep_rew_mean        | -3.66e+03 |
| time/                 |           |
|    fps                | 99        |
|    iterations         | 1100      |
|    time_elapsed       | 88        |
|    total_timesteps    | 8800      |
| train/                |           |
|    d_grad_norm        | 0.0282    |
|    d_learning_rate    | 9.39e-05  |
|    entropy_loss       | -1.48     |
|    explained_variance | 0.9861181 |
|    n_updates          | 1099      |
|    policy_loss        | -1.72     |
|    std                | 0.141     |
|    u_grad_norm        | 0.0503    |
|    u_learning_rate    | 9.39e-06  |
|    v_grad_norm        | 0.845     |
|    v_learning_rate    | 4.55e-08  |
|    value_loss         | 4.57      |
-------------------------------------
--------------------------------------
| rollout/              |            |
|    ep_len_mean        | 500        |
|    ep_rew_mean        | -949       |
| time/                 |            |
|    fps                | 99         |
|    iterations         | 1100       |
|    time_elapsed       | 88         |
|    total_timesteps    | 8800       |
| train/                |            |
|    d_grad_norm        | 0.00607    |
|    d_learning_rate    | 9.39e-05   |
|    entropy_loss       | 0.983      |
|    explained_variance | -6.0384536 |
|    n_updates          | 1099       |
|    policy_loss        | -0.00156   |
|    std                | 0.203      |
|    u_grad_norm        | 0.243      |
|    u_learning_rate    | 9.39e-06   |
|    v_grad_norm        | 0.339      |
|    v_learning_rate    | 4.55e-08   |
|    value_loss         | 0.000117   |
--------------------------------------
---------------------------------------
| rollout/              |             |
|    ep_len_mean        | 500         |
|    ep_rew_mean        | -432        |
| time/                 |             |
|    fps                | 99          |
|    iterations         | 1100        |
|    time_elapsed       | 88          |
|    total_timesteps    | 8800        |
| train/                |             |
|    d_grad_norm        | 0.00403     |
|    d_learning_rate    | 9.39e-05    |
|    entropy_loss       | 0.806       |
|    explained_variance | -0.34997678 |
|    n_updates          | 1099        |
|    policy_loss        | -0.00304    |
|    std                | 0.186       |
|    u_grad_norm        | 0.643       |
|    u_learning_rate    | 9.39e-06    |
|    v_grad_norm        | 0.132       |
|    v_learning_rate    | 4.55e-08    |
|    value_loss         | 2.41e-05    |
---------------------------------------
-------------------------------------
| rollout/              |           |
|    ep_len_mean        | 500       |
|    ep_rew_mean        | -3.03e+03 |
| time/                 |           |
|    fps                | 99        |
|    iterations         | 1100      |
|    time_elapsed       | 88        |
|    total_timesteps    | 8800      |
| train/                |           |
|    d_grad_norm        | 0.00545   |
|    d_learning_rate    | 9.39e-05  |
|    entropy_loss       | -0.537    |
|    explained_variance | 0.9991514 |
|    n_updates          | 1099      |
|    policy_loss        | -0.174    |
|    std                | 0.117     |
|    u_grad_norm        | 0.361     |
|    u_learning_rate    | 9.39e-06  |
|    v_grad_norm        | 0.761     |
|    v_learning_rate    | 4.55e-08  |
|    value_loss         | 0.056     |
-------------------------------------
-------------------------------------
| rollout/              |           |
|    ep_len_mean        | 500       |
|    ep_rew_mean        | -1.36e+03 |
| time/                 |           |
|    fps                | 99        |
|    iterations         | 1100      |
|    time_elapsed       | 88        |
|    total_timesteps    | 8800      |
| train/                |           |
|    d_grad_norm        | 0.0635    |
|    d_learning_rate    | 9.39e-05  |
|    entropy_loss       | 1.26      |
|    explained_variance | -38.92682 |
|    n_updates          | 1099      |
|    policy_loss        | 0.0308    |
|    std                | 0.225     |
|    u_grad_norm        | 0.759     |
|    u_learning_rate    | 9.39e-06  |
|    v_grad_norm        | 0.63      |
|    v_learning_rate    | 4.55e-08  |
|    value_loss         | 0.000434  |
-------------------------------------
--------------------------------------
| rollout/              |            |
|    ep_len_mean        | 500        |
|    ep_rew_mean        | -3.62e+03  |
| time/                 |            |
|    fps                | 99         |
|    iterations         | 1100       |
|    time_elapsed       | 88         |
|    total_timesteps    | 8800       |
| train/                |            |
|    d_grad_norm        | 0.0536     |
|    d_learning_rate    | 9.39e-05   |
|    entropy_loss       | -1.62      |
|    explained_variance | 0.82247174 |
|    n_updates          | 1099       |
|    policy_loss        | -7.73      |
|    std                | 0.153      |
|    u_grad_norm        | 0.103      |
|    u_learning_rate    | 9.39e-06   |
|    v_grad_norm        | 0.958      |
|    v_learning_rate    | 4.55e-08   |
|    value_loss         | 15.3       |
--------------------------------------
-------------------------------------
| rollout/              |           |
|    ep_len_mean        | 500       |
|    ep_rew_mean        | -2.85e+03 |
| time/                 |           |
|    fps                | 99        |
|    iterations         | 1100      |
|    time_elapsed       | 88        |
|    total_timesteps    | 8800      |
| train/                |           |
|    d_grad_norm        | 0.0105    |
|    d_learning_rate    | 9.39e-05  |
|    entropy_loss       | 0.471     |
|    explained_variance | 0.9750995 |
|    n_updates          | 1099      |
|    policy_loss        | 2.05      |
|    std                | 0.111     |
|    u_grad_norm        | 0.108     |
|    u_learning_rate    | 9.39e-06  |
|    v_grad_norm        | 0.871     |
|    v_learning_rate    | 4.55e-08  |
|    value_loss         | 6.42      |
-------------------------------------
--------------------------------------
| rollout/              |            |
|    ep_len_mean        | 500        |
|    ep_rew_mean        | -3.79e+03  |
| time/                 |            |
|    fps                | 99         |
|    iterations         | 1100       |
|    time_elapsed       | 88         |
|    total_timesteps    | 8800       |
| train/                |            |
|    d_grad_norm        | 0.0188     |
|    d_learning_rate    | 9.39e-05   |
|    entropy_loss       | 0.209      |
|    explained_variance | -0.7838013 |
|    n_updates          | 1099       |
|    policy_loss        | 0.244      |
|    std                | 0.147      |
|    u_grad_norm        | 0.115      |
|    u_learning_rate    | 9.39e-06   |
|    v_grad_norm        | 0.953      |
|    v_learning_rate    | 4.55e-08   |
|    value_loss         | 6.89       |
--------------------------------------
--------------------------------------
| rollout/              |            |
|    ep_len_mean        | 500        |
|    ep_rew_mean        | -1.33e+03  |
| time/                 |            |
|    fps                | 99         |
|    iterations         | 1100       |
|    time_elapsed       | 88         |
|    total_timesteps    | 8800       |
| train/                |            |
|    d_grad_norm        | 0.0341     |
|    d_learning_rate    | 9.39e-05   |
|    entropy_loss       | 0.315      |
|    explained_variance | 0.29673654 |
|    n_updates          | 1099       |
|    policy_loss        | 0.00196    |
|    std                | 0.24       |
|    u_grad_norm        | 0.168      |
|    u_learning_rate    | 9.39e-06   |
|    v_grad_norm        | 0.98       |
|    v_learning_rate    | 4.55e-08   |
|    value_loss         | 6.23e-05   |
--------------------------------------
-------------------------------------
| rollout/              |           |
|    ep_len_mean        | 500       |
|    ep_rew_mean        | -1.44e+03 |
| time/                 |           |
|    fps                | 99        |
|    iterations         | 1200      |
|    time_elapsed       | 96        |
|    total_timesteps    | 9600      |
| train/                |           |
|    d_grad_norm        | 0.132     |
|    d_learning_rate    | 8.86e-05  |
|    entropy_loss       | 0.495     |
|    explained_variance | -0.725106 |
|    n_updates          | 1199      |
|    policy_loss        | 0.499     |
|    std                | 0.24      |
|    u_grad_norm        | 0.137     |
|    u_learning_rate    | 8.86e-06  |
|    v_grad_norm        | 0.998     |
|    v_learning_rate    | 4.17e-08  |
|    value_loss         | 0.307     |
-------------------------------------
--------------------------------------
| rollout/              |            |
|    ep_len_mean        | 500        |
|    ep_rew_mean        | -3.66e+03  |
| time/                 |            |
|    fps                | 99         |
|    iterations         | 1200       |
|    time_elapsed       | 96         |
|    total_timesteps    | 9600       |
| train/                |            |
|    d_grad_norm        | 0.00787    |
|    d_learning_rate    | 8.86e-05   |
|    entropy_loss       | -1.52      |
|    explained_variance | 0.96802723 |
|    n_updates          | 1199       |
|    policy_loss        | 0.322      |
|    std                | 0.141      |
|    u_grad_norm        | 0.0658     |
|    u_learning_rate    | 8.86e-06   |
|    v_grad_norm        | 0.841      |
|    v_learning_rate    | 4.17e-08   |
|    value_loss         | 1.02       |
--------------------------------------
--------------------------------------
| rollout/              |            |
|    ep_len_mean        | 500        |
|    ep_rew_mean        | -421       |
| time/                 |            |
|    fps                | 99         |
|    iterations         | 1200       |
|    time_elapsed       | 96         |
|    total_timesteps    | 9600       |
| train/                |            |
|    d_grad_norm        | 0.038      |
|    d_learning_rate    | 8.86e-05   |
|    entropy_loss       | 0.825      |
|    explained_variance | 0.93468803 |
|    n_updates          | 1199       |
|    policy_loss        | 0.0081     |
|    std                | 0.186      |
|    u_grad_norm        | 0.597      |
|    u_learning_rate    | 8.86e-06   |
|    v_grad_norm        | 0.776      |
|    v_learning_rate    | 4.17e-08   |
|    value_loss         | 4.38e-05   |
--------------------------------------
-------------------------------------
| rollout/              |           |
|    ep_len_mean        | 500       |
|    ep_rew_mean        | -935      |
| time/                 |           |
|    fps                | 99        |
|    iterations         | 1200      |
|    time_elapsed       | 96        |
|    total_timesteps    | 9600      |
| train/                |           |
|    d_grad_norm        | 0.0328    |
|    d_learning_rate    | 8.86e-05  |
|    entropy_loss       | -1.76     |
|    explained_variance | 0.9967576 |
|    n_updates          | 1199      |
|    policy_loss        | 0.373     |
|    std                | 0.203     |
|    u_grad_norm        | 0.128     |
|    u_learning_rate    | 8.86e-06  |
|    v_grad_norm        | 0.931     |
|    v_learning_rate    | 4.17e-08  |
|    value_loss         | 0.0601    |
-------------------------------------
-------------------------------------
| rollout/              |           |
|    ep_len_mean        | 500       |
|    ep_rew_mean        | -1.37e+03 |
| time/                 |           |
|    fps                | 99        |
|    iterations         | 1200      |
|    time_elapsed       | 96        |
|    total_timesteps    | 9600      |
| train/                |           |
|    d_grad_norm        | 0.00244   |
|    d_learning_rate    | 8.86e-05  |
|    entropy_loss       | -1.94     |
|    explained_variance | 0.9952466 |
|    n_updates          | 1199      |
|    policy_loss        | 2.88      |
|    std                | 0.225     |
|    u_grad_norm        | 0.0854    |
|    u_learning_rate    | 8.86e-06  |
|    v_grad_norm        | 0.822     |
|    v_learning_rate    | 4.17e-08  |
|    value_loss         | 1.73      |
-------------------------------------
-------------------------------------
| rollout/              |           |
|    ep_len_mean        | 500       |
|    ep_rew_mean        | -3.02e+03 |
| time/                 |           |
|    fps                | 99        |
|    iterations         | 1200      |
|    time_elapsed       | 96        |
|    total_timesteps    | 9600      |
| train/                |           |
|    d_grad_norm        | 0.0117    |
|    d_learning_rate    | 8.86e-05  |
|    entropy_loss       | -0.402    |
|    explained_variance | 0.9996388 |
|    n_updates          | 1199      |
|    policy_loss        | -0.00403  |
|    std                | 0.117     |
|    u_grad_norm        | 0.252     |
|    u_learning_rate    | 8.86e-06  |
|    v_grad_norm        | 0.865     |
|    v_learning_rate    | 4.17e-08  |
|    value_loss         | 0.0486    |
-------------------------------------
--------------------------------------
| rollout/              |            |
|    ep_len_mean        | 500        |
|    ep_rew_mean        | -3.64e+03  |
| time/                 |            |
|    fps                | 99         |
|    iterations         | 1200       |
|    time_elapsed       | 96         |
|    total_timesteps    | 9600       |
| train/                |            |
|    d_grad_norm        | 0.0124     |
|    d_learning_rate    | 8.86e-05   |
|    entropy_loss       | -1.96      |
|    explained_variance | 0.99550015 |
|    n_updates          | 1199       |
|    policy_loss        | -1.58      |
|    std                | 0.153      |
|    u_grad_norm        | 0.0114     |
|    u_learning_rate    | 8.86e-06   |
|    v_grad_norm        | 0.82       |
|    v_learning_rate    | 4.17e-08   |
|    value_loss         | 1.65       |
--------------------------------------
--------------------------------------
| rollout/              |            |
|    ep_len_mean        | 500        |
|    ep_rew_mean        | -2.85e+03  |
| time/                 |            |
|    fps                | 99         |
|    iterations         | 1200       |
|    time_elapsed       | 96         |
|    total_timesteps    | 9600       |
| train/                |            |
|    d_grad_norm        | 0.0347     |
|    d_learning_rate    | 8.86e-05   |
|    entropy_loss       | -0.6       |
|    explained_variance | 0.99850184 |
|    n_updates          | 1199       |
|    policy_loss        | -0.117     |
|    std                | 0.111      |
|    u_grad_norm        | 0.0286     |
|    u_learning_rate    | 8.86e-06   |
|    v_grad_norm        | 0.988      |
|    v_learning_rate    | 4.17e-08   |
|    value_loss         | 0.354      |
--------------------------------------
--------------------------------------
| rollout/              |            |
|    ep_len_mean        | 500        |
|    ep_rew_mean        | -3.77e+03  |
| time/                 |            |
|    fps                | 99         |
|    iterations         | 1200       |
|    time_elapsed       | 96         |
|    total_timesteps    | 9600       |
| train/                |            |
|    d_grad_norm        | 0.15       |
|    d_learning_rate    | 8.86e-05   |
|    entropy_loss       | -0.27      |
|    explained_variance | 0.94571483 |
|    n_updates          | 1199       |
|    policy_loss        | -0.107     |
|    std                | 0.147      |
|    u_grad_norm        | 0.194      |
|    u_learning_rate    | 8.86e-06   |
|    v_grad_norm        | 0.908      |
|    v_learning_rate    | 4.17e-08   |
|    value_loss         | 0.314      |
--------------------------------------
--------------------------------------
| rollout/              |            |
|    ep_len_mean        | 500        |
|    ep_rew_mean        | -1.36e+03  |
| time/                 |            |
|    fps                | 99         |
|    iterations         | 1200       |
|    time_elapsed       | 96         |
|    total_timesteps    | 9600       |
| train/                |            |
|    d_grad_norm        | 0.0237     |
|    d_learning_rate    | 8.86e-05   |
|    entropy_loss       | -1.36      |
|    explained_variance | 0.99458873 |
|    n_updates          | 1199       |
|    policy_loss        | -0.188     |
|    std                | 0.239      |
|    u_grad_norm        | 0.0746     |
|    u_learning_rate    | 8.86e-06   |
|    v_grad_norm        | 0.837      |
|    v_learning_rate    | 4.17e-08   |
|    value_loss         | 0.419      |
--------------------------------------
/home/jw4406/codebase/stable-baselines3/stable_baselines3/common/evaluation.py:67: UserWarning: Evaluation environment is not wrapped with a ``Monitor`` wrapper. This may result in reporting modified episode lengths and rewards, if other wrappers happen to modify these. Consider wrapping environment first with ``Monitor`` wrapper.
  warnings.warn(
/home/jw4406/codebase/stable-baselines3/stable_baselines3/common/evaluation.py:67: UserWarning: Evaluation environment is not wrapped with a ``Monitor`` wrapper. This may result in reporting modified episode lengths and rewards, if other wrappers happen to modify these. Consider wrapping environment first with ``Monitor`` wrapper.
  warnings.warn(
/home/jw4406/codebase/stable-baselines3/stable_baselines3/common/evaluation.py:67: UserWarning: Evaluation environment is not wrapped with a ``Monitor`` wrapper. This may result in reporting modified episode lengths and rewards, if other wrappers happen to modify these. Consider wrapping environment first with ``Monitor`` wrapper.
  warnings.warn(
/home/jw4406/codebase/stable-baselines3/stable_baselines3/common/evaluation.py:67: UserWarning: Evaluation environment is not wrapped with a ``Monitor`` wrapper. This may result in reporting modified episode lengths and rewards, if other wrappers happen to modify these. Consider wrapping environment first with ``Monitor`` wrapper.
  warnings.warn(
/home/jw4406/codebase/stable-baselines3/stable_baselines3/common/evaluation.py:67: UserWarning: Evaluation environment is not wrapped with a ``Monitor`` wrapper. This may result in reporting modified episode lengths and rewards, if other wrappers happen to modify these. Consider wrapping environment first with ``Monitor`` wrapper.
  warnings.warn(
/home/jw4406/codebase/stable-baselines3/stable_baselines3/common/evaluation.py:67: UserWarning: Evaluation environment is not wrapped with a ``Monitor`` wrapper. This may result in reporting modified episode lengths and rewards, if other wrappers happen to modify these. Consider wrapping environment first with ``Monitor`` wrapper.
  warnings.warn(
/home/jw4406/codebase/stable-baselines3/stable_baselines3/common/evaluation.py:67: UserWarning: Evaluation environment is not wrapped with a ``Monitor`` wrapper. This may result in reporting modified episode lengths and rewards, if other wrappers happen to modify these. Consider wrapping environment first with ``Monitor`` wrapper.
  warnings.warn(
/home/jw4406/codebase/stable-baselines3/stable_baselines3/common/evaluation.py:67: UserWarning: Evaluation environment is not wrapped with a ``Monitor`` wrapper. This may result in reporting modified episode lengths and rewards, if other wrappers happen to modify these. Consider wrapping environment first with ``Monitor`` wrapper.
  warnings.warn(
/home/jw4406/codebase/stable-baselines3/stable_baselines3/common/evaluation.py:67: UserWarning: Evaluation environment is not wrapped with a ``Monitor`` wrapper. This may result in reporting modified episode lengths and rewards, if other wrappers happen to modify these. Consider wrapping environment first with ``Monitor`` wrapper.
  warnings.warn(
/home/jw4406/codebase/stable-baselines3/stable_baselines3/common/evaluation.py:67: UserWarning: Evaluation environment is not wrapped with a ``Monitor`` wrapper. This may result in reporting modified episode lengths and rewards, if other wrappers happen to modify these. Consider wrapping environment first with ``Monitor`` wrapper.
  warnings.warn(
Eval num_timesteps=10000, episode_reward=-1248.55 +/- 1440.20
Episode length: 500.00 +/- 0.00
-------------------------------------
| eval/                 |           |
|    mean_ep_length     | 500       |
|    mean_reward        | -1.25e+03 |
| time/                 |           |
|    total_timesteps    | 10000     |
| train/                |           |
|    d_grad_norm        | 0.0207    |
|    d_learning_rate    | 8.62e-05  |
|    entropy_loss       | 0.54      |
|    explained_variance | -9.135134 |
|    n_updates          | 1249      |
|    policy_loss        | 0.0174    |
|    std                | 0.24      |
|    u_grad_norm        | 0.492     |
|    u_learning_rate    | 8.62e-06  |
|    v_grad_norm        | 0.856     |
|    v_learning_rate    | 4e-08     |
|    value_loss         | 1.53      |
-------------------------------------
Eval num_timesteps=10000, episode_reward=-330.07 +/- 425.08
Episode length: 500.00 +/- 0.00
---------------------------------------
| eval/                 |             |
|    mean_ep_length     | 500         |
|    mean_reward        | -330        |
| time/                 |             |
|    total_timesteps    | 10000       |
| train/                |             |
|    d_grad_norm        | 0.00225     |
|    d_learning_rate    | 8.62e-05    |
|    entropy_loss       | 0.875       |
|    explained_variance | -0.26191497 |
|    n_updates          | 1249        |
|    policy_loss        | 0.00116     |
|    std                | 0.186       |
|    u_grad_norm        | 0.226       |
|    u_learning_rate    | 8.62e-06    |
|    v_grad_norm        | 0.0234      |
|    v_learning_rate    | 4e-08       |
|    value_loss         | 7.31e-06    |
---------------------------------------
Eval num_timesteps=10000, episode_reward=-3662.33 +/- 72.02
Episode length: 500.00 +/- 0.00
-------------------------------------
| eval/                 |           |
|    mean_ep_length     | 500       |
|    mean_reward        | -3.66e+03 |
| time/                 |           |
|    total_timesteps    | 10000     |
| train/                |           |
|    d_grad_norm        | 0.0148    |
|    d_learning_rate    | 8.62e-05  |
|    entropy_loss       | -1.24     |
|    explained_variance | 0.9483437 |
|    n_updates          | 1249      |
|    policy_loss        | -1.68     |
|    std                | 0.141     |
|    u_grad_norm        | 0.0489    |
|    u_learning_rate    | 8.62e-06  |
|    v_grad_norm        | 0.817     |
|    v_learning_rate    | 4e-08     |
|    value_loss         | 11.6      |
-------------------------------------
Eval num_timesteps=10000, episode_reward=-2088.30 +/- 921.13
Episode length: 500.00 +/- 0.00
-------------------------------------
| eval/                 |           |
|    mean_ep_length     | 500       |
|    mean_reward        | -2.09e+03 |
| time/                 |           |
|    total_timesteps    | 10000     |
| train/                |           |
|    d_grad_norm        | 0.00184   |
|    d_learning_rate    | 8.62e-05  |
|    entropy_loss       | 1.02      |
|    explained_variance | -156.289  |
|    n_updates          | 1249      |
|    policy_loss        | -0.005    |
|    std                | 0.203     |
|    u_grad_norm        | 0.263     |
|    u_learning_rate    | 8.62e-06  |
|    v_grad_norm        | 0.0945    |
|    v_learning_rate    | 4e-08     |
|    value_loss         | 5e-05     |
-------------------------------------
Eval num_timesteps=10000, episode_reward=-2285.47 +/- 1120.21
Episode length: 500.00 +/- 0.00
---------------------------------------
| eval/                 |             |
|    mean_ep_length     | 500         |
|    mean_reward        | -2.29e+03   |
| time/                 |             |
|    total_timesteps    | 10000       |
| train/                |             |
|    d_grad_norm        | 0.0178      |
|    d_learning_rate    | 8.62e-05    |
|    entropy_loss       | 1.23        |
|    explained_variance | -0.96241117 |
|    n_updates          | 1249        |
|    policy_loss        | 0.031       |
|    std                | 0.225       |
|    u_grad_norm        | 0.826       |
|    u_learning_rate    | 8.62e-06    |
|    v_grad_norm        | 0.54        |
|    v_learning_rate    | 4e-08       |
|    value_loss         | 0.00104     |
---------------------------------------
Eval num_timesteps=10000, episode_reward=-3023.24 +/- 52.85
Episode length: 500.00 +/- 0.00
--------------------------------------
| eval/                 |            |
|    mean_ep_length     | 500        |
|    mean_reward        | -3.02e+03  |
| time/                 |            |
|    total_timesteps    | 10000      |
| train/                |            |
|    d_grad_norm        | 0.00804    |
|    d_learning_rate    | 8.62e-05   |
|    entropy_loss       | 0.13       |
|    explained_variance | 0.90766513 |
|    n_updates          | 1249       |
|    policy_loss        | -0.568     |
|    std                | 0.117      |
|    u_grad_norm        | 0.0885     |
|    u_learning_rate    | 8.62e-06   |
|    v_grad_norm        | 0.799      |
|    v_learning_rate    | 4e-08      |
|    value_loss         | 1.7        |
--------------------------------------
Eval num_timesteps=10000, episode_reward=-3668.19 +/- 503.87
Episode length: 500.00 +/- 0.00
-------------------------------------
| eval/                 |           |
|    mean_ep_length     | 500       |
|    mean_reward        | -3.67e+03 |
| time/                 |           |
|    total_timesteps    | 10000     |
| train/                |           |
|    d_grad_norm        | 0.0217    |
|    d_learning_rate    | 8.62e-05  |
|    entropy_loss       | -1.41     |
|    explained_variance | 0.9921146 |
|    n_updates          | 1249      |
|    policy_loss        | -2.21     |
|    std                | 0.153     |
|    u_grad_norm        | 0.0252    |
|    u_learning_rate    | 8.62e-06  |
|    v_grad_norm        | 0.82      |
|    v_learning_rate    | 4e-08     |
|    value_loss         | 5.23      |
-------------------------------------
Eval num_timesteps=10000, episode_reward=-2654.79 +/- 674.50
Episode length: 500.00 +/- 0.00
-------------------------------------
| eval/                 |           |
|    mean_ep_length     | 500       |
|    mean_reward        | -2.65e+03 |
| time/                 |           |
|    total_timesteps    | 10000     |
| train/                |           |
|    d_grad_norm        | 0.0106    |
|    d_learning_rate    | 8.62e-05  |
|    entropy_loss       | -1.4      |
|    explained_variance | 0.9982091 |
|    n_updates          | 1249      |
|    policy_loss        | 1.7       |
|    std                | 0.111     |
|    u_grad_norm        | 0.0645    |
|    u_learning_rate    | 8.62e-06  |
|    v_grad_norm        | 0.885     |
|    v_learning_rate    | 4e-08     |
|    value_loss         | 3.16      |
-------------------------------------
Eval num_timesteps=10000, episode_reward=-3857.81 +/- 171.16
Episode length: 500.00 +/- 0.00
--------------------------------------
| eval/                 |            |
|    mean_ep_length     | 500        |
|    mean_reward        | -3.86e+03  |
| time/                 |            |
|    total_timesteps    | 10000      |
| train/                |            |
|    d_grad_norm        | 0.0364     |
|    d_learning_rate    | 8.62e-05   |
|    entropy_loss       | 0.0208     |
|    explained_variance | -6.9798813 |
|    n_updates          | 1249       |
|    policy_loss        | -0.294     |
|    std                | 0.147      |
|    u_grad_norm        | 0.172      |
|    u_learning_rate    | 8.62e-06   |
|    v_grad_norm        | 0.888      |
|    v_learning_rate    | 4e-08      |
|    value_loss         | 0.995      |
--------------------------------------
Eval num_timesteps=10000, episode_reward=-1029.89 +/- 800.01
Episode length: 500.00 +/- 0.00
--------------------------------------
| eval/                 |            |
|    mean_ep_length     | 500        |
|    mean_reward        | -1.03e+03  |
| time/                 |            |
|    total_timesteps    | 10000      |
| train/                |            |
|    d_grad_norm        | 0.0139     |
|    d_learning_rate    | 8.62e-05   |
|    entropy_loss       | 0.315      |
|    explained_variance | -1.3190777 |
|    n_updates          | 1249       |
|    policy_loss        | 0.00506    |
|    std                | 0.239      |
|    u_grad_norm        | 0.398      |
|    u_learning_rate    | 8.62e-06   |
|    v_grad_norm        | 0.909      |
|    v_learning_rate    | 4e-08      |
|    value_loss         | 0.000245   |
--------------------------------------
New best mean reward!
--------------------------------------
| rollout/              |            |
|    ep_len_mean        | 500        |
|    ep_rew_mean        | -1.38e+03  |
| time/                 |            |
|    fps                | 55         |
|    iterations         | 1300       |
|    time_elapsed       | 188        |
|    total_timesteps    | 10400      |
| train/                |            |
|    d_grad_norm        | 0.0318     |
|    d_learning_rate    | 8.4e-05    |
|    entropy_loss       | 0.488      |
|    explained_variance | -2.2466233 |
|    n_updates          | 1299       |
|    policy_loss        | 0.42       |
|    std                | 0.24       |
|    u_grad_norm        | 0.185      |
|    u_learning_rate    | 8.4e-06    |
|    v_grad_norm        | 0.983      |
|    v_learning_rate    | 3.85e-08   |
|    value_loss         | 0.242      |
--------------------------------------
New best mean reward!
--------------------------------------
| rollout/              |            |
|    ep_len_mean        | 500        |
|    ep_rew_mean        | -419       |
| time/                 |            |
|    fps                | 55         |
|    iterations         | 1300       |
|    time_elapsed       | 189        |
|    total_timesteps    | 10400      |
| train/                |            |
|    d_grad_norm        | 0.00067    |
|    d_learning_rate    | 8.4e-05    |
|    entropy_loss       | 0.871      |
|    explained_variance | -1.0544446 |
|    n_updates          | 1299       |
|    policy_loss        | 0.000938   |
|    std                | 0.186      |
|    u_grad_norm        | 0.179      |
|    u_learning_rate    | 8.4e-06    |
|    v_grad_norm        | 0.101      |
|    v_learning_rate    | 3.85e-08   |
|    value_loss         | 1.88e-05   |
--------------------------------------
New best mean reward!
-------------------------------------
| rollout/              |           |
|    ep_len_mean        | 500       |
|    ep_rew_mean        | -3.66e+03 |
| time/                 |           |
|    fps                | 55        |
|    iterations         | 1300      |
|    time_elapsed       | 188       |
|    total_timesteps    | 10400     |
| train/                |           |
|    d_grad_norm        | 0.00251   |
|    d_learning_rate    | 8.4e-05   |
|    entropy_loss       | -1.47     |
|    explained_variance | 0.9649404 |
|    n_updates          | 1299      |
|    policy_loss        | 0.225     |
|    std                | 0.141     |
|    u_grad_norm        | 0.0118    |
|    u_learning_rate    | 8.4e-06   |
|    v_grad_norm        | 0.846     |
|    v_learning_rate    | 3.85e-08  |
|    value_loss         | 0.876     |
-------------------------------------
New best mean reward!
--------------------------------------
| rollout/              |            |
|    ep_len_mean        | 500        |
|    ep_rew_mean        | -945       |
| time/                 |            |
|    fps                | 55         |
|    iterations         | 1300       |
|    time_elapsed       | 189        |
|    total_timesteps    | 10400      |
| train/                |            |
|    d_grad_norm        | 0.00458    |
|    d_learning_rate    | 8.4e-05    |
|    entropy_loss       | 0.981      |
|    explained_variance | -4.1789403 |
|    n_updates          | 1299       |
|    policy_loss        | 0.00854    |
|    std                | 0.203      |
|    u_grad_norm        | 0.939      |
|    u_learning_rate    | 8.4e-06    |
|    v_grad_norm        | 0.123      |
|    v_learning_rate    | 3.85e-08   |
|    value_loss         | 0.000504   |
--------------------------------------
New best mean reward!
---------------------------------------
| rollout/              |             |
|    ep_len_mean        | 500         |
|    ep_rew_mean        | -1.37e+03   |
| time/                 |             |
|    fps                | 55          |
|    iterations         | 1300        |
|    time_elapsed       | 189         |
|    total_timesteps    | 10400       |
| train/                |             |
|    d_grad_norm        | 0.00382     |
|    d_learning_rate    | 8.4e-05     |
|    entropy_loss       | 1.15        |
|    explained_variance | -0.06499827 |
|    n_updates          | 1299        |
|    policy_loss        | -0.00523    |
|    std                | 0.225       |
|    u_grad_norm        | 0.922       |
|    u_learning_rate    | 8.4e-06     |
|    v_grad_norm        | 0.372       |
|    v_learning_rate    | 3.85e-08    |
|    value_loss         | 0.00231     |
---------------------------------------
New best mean reward!
--------------------------------------
| rollout/              |            |
|    ep_len_mean        | 500        |
|    ep_rew_mean        | -3.02e+03  |
| time/                 |            |
|    fps                | 55         |
|    iterations         | 1300       |
|    time_elapsed       | 189        |
|    total_timesteps    | 10400      |
| train/                |            |
|    d_grad_norm        | 0.0029     |
|    d_learning_rate    | 8.4e-05    |
|    entropy_loss       | -0.482     |
|    explained_variance | 0.99916863 |
|    n_updates          | 1299       |
|    policy_loss        | 0.0529     |
|    std                | 0.117      |
|    u_grad_norm        | 0.0537     |
|    u_learning_rate    | 8.4e-06    |
|    v_grad_norm        | 0.86       |
|    v_learning_rate    | 3.85e-08   |
|    value_loss         | 0.1        |
--------------------------------------
New best mean reward!
-------------------------------------
| rollout/              |           |
|    ep_len_mean        | 500       |
|    ep_rew_mean        | -3.66e+03 |
| time/                 |           |
|    fps                | 54        |
|    iterations         | 1300      |
|    time_elapsed       | 189       |
|    total_timesteps    | 10400     |
| train/                |           |
|    d_grad_norm        | 0.00182   |
|    d_learning_rate    | 8.4e-05   |
|    entropy_loss       | -1.93     |
|    explained_variance | 0.9953032 |
|    n_updates          | 1299      |
|    policy_loss        | -1.7      |
|    std                | 0.153     |
|    u_grad_norm        | 0.0024    |
|    u_learning_rate    | 8.4e-06   |
|    v_grad_norm        | 0.822     |
|    v_learning_rate    | 3.85e-08  |
|    value_loss         | 1.86      |
-------------------------------------
New best mean reward!
--------------------------------------
| rollout/              |            |
|    ep_len_mean        | 500        |
|    ep_rew_mean        | -2.85e+03  |
| time/                 |            |
|    fps                | 54         |
|    iterations         | 1300       |
|    time_elapsed       | 189        |
|    total_timesteps    | 10400      |
| train/                |            |
|    d_grad_norm        | 0.0156     |
|    d_learning_rate    | 8.4e-05    |
|    entropy_loss       | 0.708      |
|    explained_variance | 0.97842747 |
|    n_updates          | 1299       |
|    policy_loss        | 2.83       |
|    std                | 0.111      |
|    u_grad_norm        | 0.235      |
|    u_learning_rate    | 8.4e-06    |
|    v_grad_norm        | 0.823      |
|    v_learning_rate    | 3.85e-08   |
|    value_loss         | 10.4       |
--------------------------------------
New best mean reward!
--------------------------------------
| rollout/              |            |
|    ep_len_mean        | 500        |
|    ep_rew_mean        | -3.78e+03  |
| time/                 |            |
|    fps                | 54         |
|    iterations         | 1300       |
|    time_elapsed       | 189        |
|    total_timesteps    | 10400      |
| train/                |            |
|    d_grad_norm        | 0.00511    |
|    d_learning_rate    | 8.4e-05    |
|    entropy_loss       | -0.478     |
|    explained_variance | 0.92648304 |
|    n_updates          | 1299       |
|    policy_loss        | 0.374      |
|    std                | 0.147      |
|    u_grad_norm        | 0.142      |
|    u_learning_rate    | 8.4e-06    |
|    v_grad_norm        | 0.948      |
|    v_learning_rate    | 3.85e-08   |
|    value_loss         | 1.35       |
--------------------------------------
New best mean reward!
--------------------------------------
| rollout/              |            |
|    ep_len_mean        | 500        |
|    ep_rew_mean        | -1.34e+03  |
| time/                 |            |
|    fps                | 54         |
|    iterations         | 1300       |
|    time_elapsed       | 189        |
|    total_timesteps    | 10400      |
| train/                |            |
|    d_grad_norm        | 0.0837     |
|    d_learning_rate    | 8.4e-05    |
|    entropy_loss       | 0.32       |
|    explained_variance | -5.9305344 |
|    n_updates          | 1299       |
|    policy_loss        | -0.01      |
|    std                | 0.239      |
|    u_grad_norm        | 0.321      |
|    u_learning_rate    | 8.4e-06    |
|    v_grad_norm        | 0.937      |
|    v_learning_rate    | 3.85e-08   |
|    value_loss         | 0.000218   |
--------------------------------------
-------------------------------------
| rollout/              |           |
|    ep_len_mean        | 500       |
|    ep_rew_mean        | -1.28e+03 |
| time/                 |           |
|    fps                | 56        |
|    iterations         | 1400      |
|    time_elapsed       | 196       |
|    total_timesteps    | 11200     |
| train/                |           |
|    d_grad_norm        | 0.0288    |
|    d_learning_rate    | 7.99e-05  |
|    entropy_loss       | -0.69     |
|    explained_variance | 0.9198067 |
|    n_updates          | 1399      |
|    policy_loss        | -0.595    |
|    std                | 0.24      |
|    u_grad_norm        | 0.0548    |
|    u_learning_rate    | 7.99e-06  |
|    v_grad_norm        | 0.96      |
|    v_learning_rate    | 3.57e-08  |
|    value_loss         | 3.82      |
-------------------------------------
---------------------------------------
| rollout/              |             |
|    ep_len_mean        | 500         |
|    ep_rew_mean        | -392        |
| time/                 |             |
|    fps                | 56          |
|    iterations         | 1400        |
|    time_elapsed       | 197         |
|    total_timesteps    | 11200       |
| train/                |             |
|    d_grad_norm        | 0.00559     |
|    d_learning_rate    | 7.99e-05    |
|    entropy_loss       | 0.852       |
|    explained_variance | -11.1717825 |
|    n_updates          | 1399        |
|    policy_loss        | 0.00171     |
|    std                | 0.186       |
|    u_grad_norm        | 0.593       |
|    u_learning_rate    | 7.99e-06    |
|    v_grad_norm        | 0.0987      |
|    v_learning_rate    | 3.57e-08    |
|    value_loss         | 5.2e-05     |
---------------------------------------
-------------------------------------
| rollout/              |           |
|    ep_len_mean        | 500       |
|    ep_rew_mean        | -3.67e+03 |
| time/                 |           |
|    fps                | 56        |
|    iterations         | 1400      |
|    time_elapsed       | 197       |
|    total_timesteps    | 11200     |
| train/                |           |
|    d_grad_norm        | 0.0179    |
|    d_learning_rate    | 7.99e-05  |
|    entropy_loss       | -1.1      |
|    explained_variance | 0.9924083 |
|    n_updates          | 1399      |
|    policy_loss        | -0.421    |
|    std                | 0.141     |
|    u_grad_norm        | 0.295     |
|    u_learning_rate    | 7.99e-06  |
|    v_grad_norm        | 0.682     |
|    v_learning_rate    | 3.57e-08  |
|    value_loss         | 1.36      |
-------------------------------------
-------------------------------------
| rollout/              |           |
|    ep_len_mean        | 500       |
|    ep_rew_mean        | -964      |
| time/                 |           |
|    fps                | 56        |
|    iterations         | 1400      |
|    time_elapsed       | 197       |
|    total_timesteps    | 11200     |
| train/                |           |
|    d_grad_norm        | 0.0705    |
|    d_learning_rate    | 7.99e-05  |
|    entropy_loss       | 1.03      |
|    explained_variance | -4.238537 |
|    n_updates          | 1399      |
|    policy_loss        | -0.0273   |
|    std                | 0.203     |
|    u_grad_norm        | 0.176     |
|    u_learning_rate    | 7.99e-06  |
|    v_grad_norm        | 0.967     |
|    v_learning_rate    | 3.57e-08  |
|    value_loss         | 0.000299  |
-------------------------------------
-------------------------------------
| rollout/              |           |
|    ep_len_mean        | 500       |
|    ep_rew_mean        | -1.29e+03 |
| time/                 |           |
|    fps                | 56        |
|    iterations         | 1400      |
|    time_elapsed       | 197       |
|    total_timesteps    | 11200     |
| train/                |           |
|    d_grad_norm        | 0.0695    |
|    d_learning_rate    | 7.99e-05  |
|    entropy_loss       | 0.0446    |
|    explained_variance | 0.9046534 |
|    n_updates          | 1399      |
|    policy_loss        | 0.947     |
|    std                | 0.225     |
|    u_grad_norm        | 0.14      |
|    u_learning_rate    | 7.99e-06  |
|    v_grad_norm        | 0.966     |
|    v_learning_rate    | 3.57e-08  |
|    value_loss         | 7.03      |
-------------------------------------
--------------------------------------
| rollout/              |            |
|    ep_len_mean        | 500        |
|    ep_rew_mean        | -3.02e+03  |
| time/                 |            |
|    fps                | 56         |
|    iterations         | 1400       |
|    time_elapsed       | 197        |
|    total_timesteps    | 11200      |
| train/                |            |
|    d_grad_norm        | 0.0139     |
|    d_learning_rate    | 7.99e-05   |
|    entropy_loss       | 0.142      |
|    explained_variance | 0.96132433 |
|    n_updates          | 1399       |
|    policy_loss        | -0.761     |
|    std                | 0.117      |
|    u_grad_norm        | 0.0541     |
|    u_learning_rate    | 7.99e-06   |
|    v_grad_norm        | 0.806      |
|    v_learning_rate    | 3.57e-08   |
|    value_loss         | 2.18       |
--------------------------------------
--------------------------------------
| rollout/              |            |
|    ep_len_mean        | 500        |
|    ep_rew_mean        | -3.65e+03  |
| time/                 |            |
|    fps                | 56         |
|    iterations         | 1400       |
|    time_elapsed       | 197        |
|    total_timesteps    | 11200      |
| train/                |            |
|    d_grad_norm        | 0.0103     |
|    d_learning_rate    | 7.99e-05   |
|    entropy_loss       | -1.57      |
|    explained_variance | 0.89729565 |
|    n_updates          | 1399       |
|    policy_loss        | 0.229      |
|    std                | 0.153      |
|    u_grad_norm        | 0.0161     |
|    u_learning_rate    | 7.99e-06   |
|    v_grad_norm        | 0.956      |
|    v_learning_rate    | 3.57e-08   |
|    value_loss         | 0.369      |
--------------------------------------
--------------------------------------
| rollout/              |            |
|    ep_len_mean        | 500        |
|    ep_rew_mean        | -2.82e+03  |
| time/                 |            |
|    fps                | 56         |
|    iterations         | 1400       |
|    time_elapsed       | 197        |
|    total_timesteps    | 11200      |
| train/                |            |
|    d_grad_norm        | 0.0267     |
|    d_learning_rate    | 7.99e-05   |
|    entropy_loss       | 0.354      |
|    explained_variance | 0.98009825 |
|    n_updates          | 1399       |
|    policy_loss        | -0.653     |
|    std                | 0.111      |
|    u_grad_norm        | 0.439      |
|    u_learning_rate    | 7.99e-06   |
|    v_grad_norm        | 0.732      |
|    v_learning_rate    | 3.57e-08   |
|    value_loss         | 5.12       |
--------------------------------------
--------------------------------------
| rollout/              |            |
|    ep_len_mean        | 500        |
|    ep_rew_mean        | -3.77e+03  |
| time/                 |            |
|    fps                | 56         |
|    iterations         | 1400       |
|    time_elapsed       | 197        |
|    total_timesteps    | 11200      |
| train/                |            |
|    d_grad_norm        | 0.103      |
|    d_learning_rate    | 7.99e-05   |
|    entropy_loss       | 0.0562     |
|    explained_variance | 0.47088104 |
|    n_updates          | 1399       |
|    policy_loss        | -0.755     |
|    std                | 0.147      |
|    u_grad_norm        | 0.239      |
|    u_learning_rate    | 7.99e-06   |
|    v_grad_norm        | 0.887      |
|    v_learning_rate    | 3.57e-08   |
|    value_loss         | 3.9        |
--------------------------------------
--------------------------------------
| rollout/              |            |
|    ep_len_mean        | 500        |
|    ep_rew_mean        | -1.3e+03   |
| time/                 |            |
|    fps                | 56         |
|    iterations         | 1400       |
|    time_elapsed       | 197        |
|    total_timesteps    | 11200      |
| train/                |            |
|    d_grad_norm        | 0.0498     |
|    d_learning_rate    | 7.99e-05   |
|    entropy_loss       | 0.423      |
|    explained_variance | -3.6225624 |
|    n_updates          | 1399       |
|    policy_loss        | -0.153     |
|    std                | 0.239      |
|    u_grad_norm        | 0.332      |
|    u_learning_rate    | 7.99e-06   |
|    v_grad_norm        | 0.932      |
|    v_learning_rate    | 3.57e-08   |
|    value_loss         | 0.0391     |
--------------------------------------
--------------------------------------
| rollout/              |            |
|    ep_len_mean        | 500        |
|    ep_rew_mean        | -1.31e+03  |
| time/                 |            |
|    fps                | 58         |
|    iterations         | 1500       |
|    time_elapsed       | 205        |
|    total_timesteps    | 12000      |
| train/                |            |
|    d_grad_norm        | 0.0158     |
|    d_learning_rate    | 7.63e-05   |
|    entropy_loss       | 0.486      |
|    explained_variance | -5.4806786 |
|    n_updates          | 1499       |
|    policy_loss        | 0.308      |
|    std                | 0.24       |
|    u_grad_norm        | 0.369      |
|    u_learning_rate    | 7.63e-06   |
|    v_grad_norm        | 0.917      |
|    v_learning_rate    | 3.34e-08   |
|    value_loss         | 0.179      |
--------------------------------------
--------------------------------------
| rollout/              |            |
|    ep_len_mean        | 500        |
|    ep_rew_mean        | -370       |
| time/                 |            |
|    fps                | 58         |
|    iterations         | 1500       |
|    time_elapsed       | 205        |
|    total_timesteps    | 12000      |
| train/                |            |
|    d_grad_norm        | 0.000668   |
|    d_learning_rate    | 7.63e-05   |
|    entropy_loss       | 0.871      |
|    explained_variance | -36.091434 |
|    n_updates          | 1499       |
|    policy_loss        | -0.000311  |
|    std                | 0.186      |
|    u_grad_norm        | 0.0428     |
|    u_learning_rate    | 7.63e-06   |
|    v_grad_norm        | 0.574      |
|    v_learning_rate    | 3.34e-08   |
|    value_loss         | 2.14e-05   |
--------------------------------------
-------------------------------------
| rollout/              |           |
|    ep_len_mean        | 500       |
|    ep_rew_mean        | -3.67e+03 |
| time/                 |           |
|    fps                | 58        |
|    iterations         | 1500      |
|    time_elapsed       | 205       |
|    total_timesteps    | 12000     |
| train/                |           |
|    d_grad_norm        | 0.0132    |
|    d_learning_rate    | 7.63e-05  |
|    entropy_loss       | -1.47     |
|    explained_variance | 0.9885056 |
|    n_updates          | 1499      |
|    policy_loss        | -1.41     |
|    std                | 0.141     |
|    u_grad_norm        | 0.0254    |
|    u_learning_rate    | 7.63e-06  |
|    v_grad_norm        | 0.848     |
|    v_learning_rate    | 3.34e-08  |
|    value_loss         | 3.85      |
-------------------------------------
-------------------------------------
| rollout/              |           |
|    ep_len_mean        | 500       |
|    ep_rew_mean        | -951      |
| time/                 |           |
|    fps                | 58        |
|    iterations         | 1500      |
|    time_elapsed       | 205       |
|    total_timesteps    | 12000     |
| train/                |           |
|    d_grad_norm        | 0.00556   |
|    d_learning_rate    | 7.63e-05  |
|    entropy_loss       | 1         |
|    explained_variance | 0.4265111 |
|    n_updates          | 1499      |
|    policy_loss        | -0.00279  |
|    std                | 0.203     |
|    u_grad_norm        | 0.249     |
|    u_learning_rate    | 7.63e-06  |
|    v_grad_norm        | 0.167     |
|    v_learning_rate    | 3.34e-08  |
|    value_loss         | 7.7e-06   |
-------------------------------------
-------------------------------------
| rollout/              |           |
|    ep_len_mean        | 500       |
|    ep_rew_mean        | -1.35e+03 |
| time/                 |           |
|    fps                | 58        |
|    iterations         | 1500      |
|    time_elapsed       | 205       |
|    total_timesteps    | 12000     |
| train/                |           |
|    d_grad_norm        | 0.0478    |
|    d_learning_rate    | 7.63e-05  |
|    entropy_loss       | 1.34      |
|    explained_variance | 0.7577276 |
|    n_updates          | 1499      |
|    policy_loss        | 0.0126    |
|    std                | 0.225     |
|    u_grad_norm        | 0.854     |
|    u_learning_rate    | 7.63e-06  |
|    v_grad_norm        | 0.487     |
|    v_learning_rate    | 3.34e-08  |
|    value_loss         | 5.23e-05  |
-------------------------------------
-------------------------------------
| rollout/              |           |
|    ep_len_mean        | 500       |
|    ep_rew_mean        | -3.01e+03 |
| time/                 |           |
|    fps                | 58        |
|    iterations         | 1500      |
|    time_elapsed       | 205       |
|    total_timesteps    | 12000     |
| train/                |           |
|    d_grad_norm        | 0.00843   |
|    d_learning_rate    | 7.63e-05  |
|    entropy_loss       | -0.0128   |
|    explained_variance | 0.9996761 |
|    n_updates          | 1499      |
|    policy_loss        | -0.169    |
|    std                | 0.117     |
|    u_grad_norm        | 0.149     |
|    u_learning_rate    | 7.63e-06  |
|    v_grad_norm        | 0.813     |
|    v_learning_rate    | 3.34e-08  |
|    value_loss         | 0.562     |
-------------------------------------
--------------------------------------
| rollout/              |            |
|    ep_len_mean        | 500        |
|    ep_rew_mean        | -2.82e+03  |
| time/                 |            |
|    fps                | 58         |
|    iterations         | 1500       |
|    time_elapsed       | 205        |
|    total_timesteps    | 12000      |
| train/                |            |
|    d_grad_norm        | 0.00342    |
|    d_learning_rate    | 7.63e-05   |
|    entropy_loss       | -1.39      |
|    explained_variance | 0.97202456 |
|    n_updates          | 1499       |
|    policy_loss        | -0.58      |
|    std                | 0.111      |
|    u_grad_norm        | 0.0531     |
|    u_learning_rate    | 7.63e-06   |
|    v_grad_norm        | 0.906      |
|    v_learning_rate    | 3.34e-08   |
|    value_loss         | 0.368      |
--------------------------------------
--------------------------------------
| rollout/              |            |
|    ep_len_mean        | 500        |
|    ep_rew_mean        | -3.64e+03  |
| time/                 |            |
|    fps                | 58         |
|    iterations         | 1500       |
|    time_elapsed       | 205        |
|    total_timesteps    | 12000      |
| train/                |            |
|    d_grad_norm        | 0.0435     |
|    d_learning_rate    | 7.63e-05   |
|    entropy_loss       | -1.63      |
|    explained_variance | 0.11705476 |
|    n_updates          | 1499       |
|    policy_loss        | -2.59      |
|    std                | 0.153      |
|    u_grad_norm        | 0.113      |
|    u_learning_rate    | 7.63e-06   |
|    v_grad_norm        | 0.924      |
|    v_learning_rate    | 3.34e-08   |
|    value_loss         | 6.42       |
--------------------------------------
-------------------------------------
| rollout/              |           |
|    ep_len_mean        | 500       |
|    ep_rew_mean        | -3.75e+03 |
| time/                 |           |
|    fps                | 58        |
|    iterations         | 1500      |
|    time_elapsed       | 205       |
|    total_timesteps    | 12000     |
| train/                |           |
|    d_grad_norm        | 0.0213    |
|    d_learning_rate    | 7.63e-05  |
|    entropy_loss       | -0.789    |
|    explained_variance | 0.9531239 |
|    n_updates          | 1499      |
|    policy_loss        | 1.41      |
|    std                | 0.147     |
|    u_grad_norm        | 0.116     |
|    u_learning_rate    | 7.63e-06  |
|    v_grad_norm        | 0.931     |
|    v_learning_rate    | 3.34e-08  |
|    value_loss         | 3.48      |
-------------------------------------
--------------------------------------
| rollout/              |            |
|    ep_len_mean        | 500        |
|    ep_rew_mean        | -1.3e+03   |
| time/                 |            |
|    fps                | 58         |
|    iterations         | 1500       |
|    time_elapsed       | 205        |
|    total_timesteps    | 12000      |
| train/                |            |
|    d_grad_norm        | 0.0149     |
|    d_learning_rate    | 7.63e-05   |
|    entropy_loss       | 0.384      |
|    explained_variance | -261.70685 |
|    n_updates          | 1499       |
|    policy_loss        | -0.00875   |
|    std                | 0.239      |
|    u_grad_norm        | 0.0752     |
|    u_learning_rate    | 7.63e-06   |
|    v_grad_norm        | 0.904      |
|    v_learning_rate    | 3.34e-08   |
|    value_loss         | 0.000864   |
--------------------------------------
-------------------------------------
| rollout/              |           |
|    ep_len_mean        | 500       |
|    ep_rew_mean        | -1.26e+03 |
| time/                 |           |
|    fps                | 60        |
|    iterations         | 1600      |
|    time_elapsed       | 213       |
|    total_timesteps    | 12800     |
| train/                |           |
|    d_grad_norm        | 0.00239   |
|    d_learning_rate    | 7.31e-05  |
|    entropy_loss       | -1.77     |
|    explained_variance | 0.8840594 |
|    n_updates          | 1599      |
|    policy_loss        | -10.8     |
|    std                | 0.24      |
|    u_grad_norm        | 0.0338    |
|    u_learning_rate    | 7.31e-06  |
|    v_grad_norm        | 0.768     |
|    v_learning_rate    | 3.13e-08  |
|    value_loss         | 50.6      |
-------------------------------------
--------------------------------------
| rollout/              |            |
|    ep_len_mean        | 500        |
|    ep_rew_mean        | -366       |
| time/                 |            |
|    fps                | 60         |
|    iterations         | 1600       |
|    time_elapsed       | 213        |
|    total_timesteps    | 12800      |
| train/                |            |
|    d_grad_norm        | 0.00264    |
|    d_learning_rate    | 7.31e-05   |
|    entropy_loss       | 0.867      |
|    explained_variance | -7.7728024 |
|    n_updates          | 1599       |
|    policy_loss        | 0.000904   |
|    std                | 0.186      |
|    u_grad_norm        | 0.00735    |
|    u_learning_rate    | 7.31e-06   |
|    v_grad_norm        | 0.265      |
|    v_learning_rate    | 3.13e-08   |
|    value_loss         | 4.31e-06   |
--------------------------------------
--------------------------------------
| rollout/              |            |
|    ep_len_mean        | 500        |
|    ep_rew_mean        | -3.67e+03  |
| time/                 |            |
|    fps                | 60         |
|    iterations         | 1600       |
|    time_elapsed       | 213        |
|    total_timesteps    | 12800      |
| train/                |            |
|    d_grad_norm        | 0.0143     |
|    d_learning_rate    | 7.31e-05   |
|    entropy_loss       | -1.1       |
|    explained_variance | 0.77094364 |
|    n_updates          | 1599       |
|    policy_loss        | -5.63      |
|    std                | 0.141      |
|    u_grad_norm        | 0.288      |
|    u_learning_rate    | 7.31e-06   |
|    v_grad_norm        | 0.739      |
|    v_learning_rate    | 3.13e-08   |
|    value_loss         | 21.8       |
--------------------------------------
--------------------------------------
| rollout/              |            |
|    ep_len_mean        | 500        |
|    ep_rew_mean        | -913       |
| time/                 |            |
|    fps                | 60         |
|    iterations         | 1600       |
|    time_elapsed       | 213        |
|    total_timesteps    | 12800      |
| train/                |            |
|    d_grad_norm        | 0.104      |
|    d_learning_rate    | 7.31e-05   |
|    entropy_loss       | 0.816      |
|    explained_variance | -37.824753 |
|    n_updates          | 1599       |
|    policy_loss        | -0.0266    |
|    std                | 0.203      |
|    u_grad_norm        | 0.113      |
|    u_learning_rate    | 7.31e-06   |
|    v_grad_norm        | 0.961      |
|    v_learning_rate    | 3.13e-08   |
|    value_loss         | 0.00657    |
--------------------------------------
-------------------------------------
| rollout/              |           |
|    ep_len_mean        | 500       |
|    ep_rew_mean        | -1.35e+03 |
| time/                 |           |
|    fps                | 60        |
|    iterations         | 1600      |
|    time_elapsed       | 213       |
|    total_timesteps    | 12800     |
| train/                |           |
|    d_grad_norm        | 0.0164    |
|    d_learning_rate    | 7.31e-05  |
|    entropy_loss       | -1.91     |
|    explained_variance | 0.9960339 |
|    n_updates          | 1599      |
|    policy_loss        | -2.67     |
|    std                | 0.225     |
|    u_grad_norm        | 0.104     |
|    u_learning_rate    | 7.31e-06  |
|    v_grad_norm        | 0.807     |
|    v_learning_rate    | 3.13e-08  |
|    value_loss         | 1.99      |
-------------------------------------
--------------------------------------
| rollout/              |            |
|    ep_len_mean        | 500        |
|    ep_rew_mean        | -2.82e+03  |
| time/                 |            |
|    fps                | 60         |
|    iterations         | 1600       |
|    time_elapsed       | 213        |
|    total_timesteps    | 12800      |
| train/                |            |
|    d_grad_norm        | 0.0231     |
|    d_learning_rate    | 7.31e-05   |
|    entropy_loss       | -0.345     |
|    explained_variance | 0.99763733 |
|    n_updates          | 1599       |
|    policy_loss        | 0.0193     |
|    std                | 0.111      |
|    u_grad_norm        | 0.148      |
|    u_learning_rate    | 7.31e-06   |
|    v_grad_norm        | 0.953      |
|    v_learning_rate    | 3.13e-08   |
|    value_loss         | 0.248      |
--------------------------------------
-------------------------------------
| rollout/              |           |
|    ep_len_mean        | 500       |
|    ep_rew_mean        | -3.64e+03 |
| time/                 |           |
|    fps                | 60        |
|    iterations         | 1600      |
|    time_elapsed       | 213       |
|    total_timesteps    | 12800     |
| train/                |           |
|    d_grad_norm        | 0.00693   |
|    d_learning_rate    | 7.31e-05  |
|    entropy_loss       | -1.72     |
|    explained_variance | 0.8175014 |
|    n_updates          | 1599      |
|    policy_loss        | 3.95      |
|    std                | 0.153     |
|    u_grad_norm        | 0.0285    |
|    u_learning_rate    | 7.31e-06  |
|    v_grad_norm        | 0.924     |
|    v_learning_rate    | 3.13e-08  |
|    value_loss         | 11.1      |
-------------------------------------
--------------------------------------
| rollout/              |            |
|    ep_len_mean        | 500        |
|    ep_rew_mean        | -3.01e+03  |
| time/                 |            |
|    fps                | 60         |
|    iterations         | 1600       |
|    time_elapsed       | 213        |
|    total_timesteps    | 12800      |
| train/                |            |
|    d_grad_norm        | 0.00625    |
|    d_learning_rate    | 7.31e-05   |
|    entropy_loss       | -0.544     |
|    explained_variance | 0.99960506 |
|    n_updates          | 1599       |
|    policy_loss        | 0.0641     |
|    std                | 0.117      |
|    u_grad_norm        | 0.176      |
|    u_learning_rate    | 7.31e-06   |
|    v_grad_norm        | 0.851      |
|    v_learning_rate    | 3.13e-08   |
|    value_loss         | 0.0474     |
--------------------------------------
--------------------------------------
| rollout/              |            |
|    ep_len_mean        | 500        |
|    ep_rew_mean        | -3.75e+03  |
| time/                 |            |
|    fps                | 59         |
|    iterations         | 1600       |
|    time_elapsed       | 213        |
|    total_timesteps    | 12800      |
| train/                |            |
|    d_grad_norm        | 0.0939     |
|    d_learning_rate    | 7.31e-05   |
|    entropy_loss       | -0.0775    |
|    explained_variance | -2.8010008 |
|    n_updates          | 1599       |
|    policy_loss        | 0.236      |
|    std                | 0.147      |
|    u_grad_norm        | 0.122      |
|    u_learning_rate    | 7.31e-06   |
|    v_grad_norm        | 0.947      |
|    v_learning_rate    | 3.13e-08   |
|    value_loss         | 13.1       |
--------------------------------------
--------------------------------------
| rollout/              |            |
|    ep_len_mean        | 500        |
|    ep_rew_mean        | -1.37e+03  |
| time/                 |            |
|    fps                | 59         |
|    iterations         | 1600       |
|    time_elapsed       | 213        |
|    total_timesteps    | 12800      |
| train/                |            |
|    d_grad_norm        | 0.0239     |
|    d_learning_rate    | 7.31e-05   |
|    entropy_loss       | 0.301      |
|    explained_variance | -7.2549086 |
|    n_updates          | 1599       |
|    policy_loss        | -0.013     |
|    std                | 0.239      |
|    u_grad_norm        | 0.165      |
|    u_learning_rate    | 7.31e-06   |
|    v_grad_norm        | 0.981      |
|    v_learning_rate    | 3.13e-08   |
|    value_loss         | 0.000302   |
--------------------------------------
--------------------------------------
| rollout/              |            |
|    ep_len_mean        | 500        |
|    ep_rew_mean        | -363       |
| time/                 |            |
|    fps                | 61         |
|    iterations         | 1700       |
|    time_elapsed       | 221        |
|    total_timesteps    | 13600      |
| train/                |            |
|    d_grad_norm        | 0.0234     |
|    d_learning_rate    | 7.02e-05   |
|    entropy_loss       | 0.883      |
|    explained_variance | -594.67096 |
|    n_updates          | 1699       |
|    policy_loss        | 0.0142     |
|    std                | 0.186      |
|    u_grad_norm        | 0.912      |
|    u_learning_rate    | 7.02e-06   |
|    v_grad_norm        | 0.325      |
|    v_learning_rate    | 2.94e-08   |
|    value_loss         | 0.000587   |
--------------------------------------
--------------------------------------
| rollout/              |            |
|    ep_len_mean        | 500        |
|    ep_rew_mean        | -1.38e+03  |
| time/                 |            |
|    fps                | 61         |
|    iterations         | 1700       |
|    time_elapsed       | 221        |
|    total_timesteps    | 13600      |
| train/                |            |
|    d_grad_norm        | 0.0145     |
|    d_learning_rate    | 7.02e-05   |
|    entropy_loss       | -1.28      |
|    explained_variance | 0.35382634 |
|    n_updates          | 1699       |
|    policy_loss        | -4.34      |
|    std                | 0.24       |
|    u_grad_norm        | 0.0146     |
|    u_learning_rate    | 7.02e-06   |
|    v_grad_norm        | 0.755      |
|    v_learning_rate    | 2.94e-08   |
|    value_loss         | 26.7       |
--------------------------------------
--------------------------------------
| rollout/              |            |
|    ep_len_mean        | 500        |
|    ep_rew_mean        | -3.67e+03  |
| time/                 |            |
|    fps                | 61         |
|    iterations         | 1700       |
|    time_elapsed       | 221        |
|    total_timesteps    | 13600      |
| train/                |            |
|    d_grad_norm        | 0.00231    |
|    d_learning_rate    | 7.02e-05   |
|    entropy_loss       | -0.834     |
|    explained_variance | 0.95816135 |
|    n_updates          | 1699       |
|    policy_loss        | -0.032     |
|    std                | 0.141      |
|    u_grad_norm        | 0.151      |
|    u_learning_rate    | 7.02e-06   |
|    v_grad_norm        | 0.787      |
|    v_learning_rate    | 2.94e-08   |
|    value_loss         | 1.18       |
--------------------------------------
--------------------------------------
| rollout/              |            |
|    ep_len_mean        | 500        |
|    ep_rew_mean        | -911       |
| time/                 |            |
|    fps                | 61         |
|    iterations         | 1700       |
|    time_elapsed       | 221        |
|    total_timesteps    | 13600      |
| train/                |            |
|    d_grad_norm        | 0.0064     |
|    d_learning_rate    | 7.02e-05   |
|    entropy_loss       | -2.06      |
|    explained_variance | 0.98541087 |
|    n_updates          | 1699       |
|    policy_loss        | 5.86       |
|    std                | 0.203      |
|    u_grad_norm        | 0.094      |
|    u_learning_rate    | 7.02e-06   |
|    v_grad_norm        | 0.846      |
|    v_learning_rate    | 2.94e-08   |
|    value_loss         | 3.9        |
--------------------------------------
-------------------------------------
| rollout/              |           |
|    ep_len_mean        | 500       |
|    ep_rew_mean        | -2.81e+03 |
| time/                 |           |
|    fps                | 61        |
|    iterations         | 1700      |
|    time_elapsed       | 221       |
|    total_timesteps    | 13600     |
| train/                |           |
|    d_grad_norm        | 0.0459    |
|    d_learning_rate    | 7.02e-05  |
|    entropy_loss       | -0.563    |
|    explained_variance | 0.9994705 |
|    n_updates          | 1699      |
|    policy_loss        | -0.0501   |
|    std                | 0.111     |
|    u_grad_norm        | 0.132     |
|    u_learning_rate    | 7.02e-06  |
|    v_grad_norm        | 0.989     |
|    v_learning_rate    | 2.94e-08  |
|    value_loss         | 0.0758    |
-------------------------------------
-------------------------------------
| rollout/              |           |
|    ep_len_mean        | 500       |
|    ep_rew_mean        | -3.59e+03 |
| time/                 |           |
|    fps                | 61        |
|    iterations         | 1700      |
|    time_elapsed       | 221       |
|    total_timesteps    | 13600     |
| train/                |           |
|    d_grad_norm        | 0.0888    |
|    d_learning_rate    | 7.02e-05  |
|    entropy_loss       | -0.816    |
|    explained_variance | 0.9899287 |
|    n_updates          | 1699      |
|    policy_loss        | 0.0502    |
|    std                | 0.153     |
|    u_grad_norm        | 0.181     |
|    u_learning_rate    | 7.02e-06  |
|    v_grad_norm        | 0.97      |
|    v_learning_rate    | 2.94e-08  |
|    value_loss         | 0.309     |
-------------------------------------
-------------------------------------
| rollout/              |           |
|    ep_len_mean        | 500       |
|    ep_rew_mean        | -1.38e+03 |
| time/                 |           |
|    fps                | 61        |
|    iterations         | 1700      |
|    time_elapsed       | 221       |
|    total_timesteps    | 13600     |
| train/                |           |
|    d_grad_norm        | 0.0411    |
|    d_learning_rate    | 7.02e-05  |
|    entropy_loss       | -0.741    |
|    explained_variance | 0.9861034 |
|    n_updates          | 1699      |
|    policy_loss        | -0.101    |
|    std                | 0.225     |
|    u_grad_norm        | 0.294     |
|    u_learning_rate    | 7.02e-06  |
|    v_grad_norm        | 0.96      |
|    v_learning_rate    | 2.94e-08  |
|    value_loss         | 0.932     |
-------------------------------------
--------------------------------------
| rollout/              |            |
|    ep_len_mean        | 500        |
|    ep_rew_mean        | -3.01e+03  |
| time/                 |            |
|    fps                | 61         |
|    iterations         | 1700       |
|    time_elapsed       | 221        |
|    total_timesteps    | 13600      |
| train/                |            |
|    d_grad_norm        | 0.00937    |
|    d_learning_rate    | 7.02e-05   |
|    entropy_loss       | -0.533     |
|    explained_variance | 0.99914217 |
|    n_updates          | 1699       |
|    policy_loss        | -0.121     |
|    std                | 0.117      |
|    u_grad_norm        | 0.233      |
|    u_learning_rate    | 7.02e-06   |
|    v_grad_norm        | 0.836      |
|    v_learning_rate    | 2.94e-08   |
|    value_loss         | 0.112      |
--------------------------------------
-------------------------------------
| rollout/              |           |
|    ep_len_mean        | 500       |
|    ep_rew_mean        | -3.76e+03 |
| time/                 |           |
|    fps                | 61        |
|    iterations         | 1700      |
|    time_elapsed       | 221       |
|    total_timesteps    | 13600     |
| train/                |           |
|    d_grad_norm        | 0.0277    |
|    d_learning_rate    | 7.02e-05  |
|    entropy_loss       | -0.333    |
|    explained_variance | 0.9951835 |
|    n_updates          | 1699      |
|    policy_loss        | 3.09      |
|    std                | 0.147     |
|    u_grad_norm        | 0.363     |
|    u_learning_rate    | 7.02e-06  |
|    v_grad_norm        | 0.851     |
|    v_learning_rate    | 2.94e-08  |
|    value_loss         | 1.41      |
-------------------------------------
-------------------------------------
| rollout/              |           |
|    ep_len_mean        | 500       |
|    ep_rew_mean        | -1.31e+03 |
| time/                 |           |
|    fps                | 61        |
|    iterations         | 1700      |
|    time_elapsed       | 221       |
|    total_timesteps    | 13600     |
| train/                |           |
|    d_grad_norm        | 0.0164    |
|    d_learning_rate    | 7.02e-05  |
|    entropy_loss       | -0.848    |
|    explained_variance | 0.9917953 |
|    n_updates          | 1699      |
|    policy_loss        | -0.372    |
|    std                | 0.239     |
|    u_grad_norm        | 0.0119    |
|    u_learning_rate    | 7.02e-06  |
|    v_grad_norm        | 0.857     |
|    v_learning_rate    | 2.94e-08  |
|    value_loss         | 1.3       |
-------------------------------------
--------------------------------------
| rollout/              |            |
|    ep_len_mean        | 500        |
|    ep_rew_mean        | -360       |
| time/                 |            |
|    fps                | 62         |
|    iterations         | 1800       |
|    time_elapsed       | 229        |
|    total_timesteps    | 14400      |
| train/                |            |
|    d_grad_norm        | 0.00427    |
|    d_learning_rate    | 6.76e-05   |
|    entropy_loss       | 0.877      |
|    explained_variance | 0.17590457 |
|    n_updates          | 1799       |
|    policy_loss        | 0.000257   |
|    std                | 0.186      |
|    u_grad_norm        | 0.56       |
|    u_learning_rate    | 6.76e-06   |
|    v_grad_norm        | 0.152      |
|    v_learning_rate    | 2.78e-08   |
|    value_loss         | 7.85e-06   |
--------------------------------------
---------------------------------------
| rollout/              |             |
|    ep_len_mean        | 500         |
|    ep_rew_mean        | -1.35e+03   |
| time/                 |             |
|    fps                | 62          |
|    iterations         | 1800        |
|    time_elapsed       | 229         |
|    total_timesteps    | 14400       |
| train/                |             |
|    d_grad_norm        | 0.0517      |
|    d_learning_rate    | 6.76e-05    |
|    entropy_loss       | 0.507       |
|    explained_variance | 0.104601264 |
|    n_updates          | 1799        |
|    policy_loss        | 0.27        |
|    std                | 0.24        |
|    u_grad_norm        | 0.248       |
|    u_learning_rate    | 6.76e-06    |
|    v_grad_norm        | 0.969       |
|    v_learning_rate    | 2.78e-08    |
|    value_loss         | 0.11        |
---------------------------------------
-------------------------------------
| rollout/              |           |
|    ep_len_mean        | 500       |
|    ep_rew_mean        | -3.67e+03 |
| time/                 |           |
|    fps                | 62        |
|    iterations         | 1800      |
|    time_elapsed       | 229       |
|    total_timesteps    | 14400     |
| train/                |           |
|    d_grad_norm        | 0.067     |
|    d_learning_rate    | 6.76e-05  |
|    entropy_loss       | -1.05     |
|    explained_variance | 0.7443664 |
|    n_updates          | 1799      |
|    policy_loss        | -2.88     |
|    std                | 0.141     |
|    u_grad_norm        | 0.116     |
|    u_learning_rate    | 6.76e-06  |
|    v_grad_norm        | 0.789     |
|    v_learning_rate    | 2.78e-08  |
|    value_loss         | 16.3      |
-------------------------------------
--------------------------------------
| rollout/              |            |
|    ep_len_mean        | 500        |
|    ep_rew_mean        | -949       |
| time/                 |            |
|    fps                | 62         |
|    iterations         | 1800       |
|    time_elapsed       | 229        |
|    total_timesteps    | 14400      |
| train/                |            |
|    d_grad_norm        | 0.0566     |
|    d_learning_rate    | 6.76e-05   |
|    entropy_loss       | 1.01       |
|    explained_variance | -10.298865 |
|    n_updates          | 1799       |
|    policy_loss        | -0.0222    |
|    std                | 0.203      |
|    u_grad_norm        | 0.0195     |
|    u_learning_rate    | 6.76e-06   |
|    v_grad_norm        | 0.987      |
|    v_learning_rate    | 2.78e-08   |
|    value_loss         | 0.002      |
--------------------------------------
--------------------------------------
| rollout/              |            |
|    ep_len_mean        | 500        |
|    ep_rew_mean        | -2.81e+03  |
| time/                 |            |
|    fps                | 62         |
|    iterations         | 1800       |
|    time_elapsed       | 229        |
|    total_timesteps    | 14400      |
| train/                |            |
|    d_grad_norm        | 0.0375     |
|    d_learning_rate    | 6.76e-05   |
|    entropy_loss       | -1.19      |
|    explained_variance | 0.98840684 |
|    n_updates          | 1799       |
|    policy_loss        | 0.325      |
|    std                | 0.111      |
|    u_grad_norm        | 0.0816     |
|    u_learning_rate    | 6.76e-06   |
|    v_grad_norm        | 0.899      |
|    v_learning_rate    | 2.78e-08   |
|    value_loss         | 0.374      |
--------------------------------------
----------------------------------------
| rollout/              |              |
|    ep_len_mean        | 500          |
|    ep_rew_mean        | -3.56e+03    |
| time/                 |              |
|    fps                | 62           |
|    iterations         | 1800         |
|    time_elapsed       | 229          |
|    total_timesteps    | 14400        |
| train/                |              |
|    d_grad_norm        | 0.0242       |
|    d_learning_rate    | 6.76e-05     |
|    entropy_loss       | -1.65        |
|    explained_variance | -0.042018652 |
|    n_updates          | 1799         |
|    policy_loss        | -3.2         |
|    std                | 0.153        |
|    u_grad_norm        | 0.039        |
|    u_learning_rate    | 6.76e-06     |
|    v_grad_norm        | 0.962        |
|    v_learning_rate    | 2.78e-08     |
|    value_loss         | 13.4         |
----------------------------------------
--------------------------------------
| rollout/              |            |
|    ep_len_mean        | 500        |
|    ep_rew_mean        | -1.41e+03  |
| time/                 |            |
|    fps                | 62         |
|    iterations         | 1800       |
|    time_elapsed       | 229        |
|    total_timesteps    | 14400      |
| train/                |            |
|    d_grad_norm        | 0.00206    |
|    d_learning_rate    | 6.76e-05   |
|    entropy_loss       | 1.24       |
|    explained_variance | -7.6541348 |
|    n_updates          | 1799       |
|    policy_loss        | 0.024      |
|    std                | 0.225      |
|    u_grad_norm        | 0.701      |
|    u_learning_rate    | 6.76e-06   |
|    v_grad_norm        | 0.697      |
|    v_learning_rate    | 2.78e-08   |
|    value_loss         | 0.000415   |
--------------------------------------
-------------------------------------
| rollout/              |           |
|    ep_len_mean        | 500       |
|    ep_rew_mean        | -3.01e+03 |
| time/                 |           |
|    fps                | 62        |
|    iterations         | 1800      |
|    time_elapsed       | 229       |
|    total_timesteps    | 14400     |
| train/                |           |
|    d_grad_norm        | 0.0346    |
|    d_learning_rate    | 6.76e-05  |
|    entropy_loss       | -0.317    |
|    explained_variance | 0.9994132 |
|    n_updates          | 1799      |
|    policy_loss        | 0.0687    |
|    std                | 0.117     |
|    u_grad_norm        | 0.0946    |
|    u_learning_rate    | 6.76e-06  |
|    v_grad_norm        | 0.878     |
|    v_learning_rate    | 2.78e-08  |
|    value_loss         | 0.0809    |
-------------------------------------
--------------------------------------
| rollout/              |            |
|    ep_len_mean        | 500        |
|    ep_rew_mean        | -1.36e+03  |
| time/                 |            |
|    fps                | 62         |
|    iterations         | 1800       |
|    time_elapsed       | 229        |
|    total_timesteps    | 14400      |
| train/                |            |
|    d_grad_norm        | 0.0306     |
|    d_learning_rate    | 6.76e-05   |
|    entropy_loss       | 0.345      |
|    explained_variance | -380.09375 |
|    n_updates          | 1799       |
|    policy_loss        | -0.00413   |
|    std                | 0.239      |
|    u_grad_norm        | 0.651      |
|    u_learning_rate    | 6.76e-06   |
|    v_grad_norm        | 0.746      |
|    v_learning_rate    | 2.78e-08   |
|    value_loss         | 0.00987    |
--------------------------------------
--------------------------------------
| rollout/              |            |
|    ep_len_mean        | 500        |
|    ep_rew_mean        | -3.74e+03  |
| time/                 |            |
|    fps                | 62         |
|    iterations         | 1800       |
|    time_elapsed       | 229        |
|    total_timesteps    | 14400      |
| train/                |            |
|    d_grad_norm        | 0.00476    |
|    d_learning_rate    | 6.76e-05   |
|    entropy_loss       | 0.39       |
|    explained_variance | 0.29976034 |
|    n_updates          | 1799       |
|    policy_loss        | -2.42      |
|    std                | 0.147      |
|    u_grad_norm        | 0.00831    |
|    u_learning_rate    | 6.76e-06   |
|    v_grad_norm        | 0.938      |
|    v_learning_rate    | 2.78e-08   |
|    value_loss         | 8.02       |
--------------------------------------
--------------------------------------
| rollout/              |            |
|    ep_len_mean        | 500        |
|    ep_rew_mean        | -359       |
| time/                 |            |
|    fps                | 64         |
|    iterations         | 1900       |
|    time_elapsed       | 237        |
|    total_timesteps    | 15200      |
| train/                |            |
|    d_grad_norm        | 0.00317    |
|    d_learning_rate    | 6.52e-05   |
|    entropy_loss       | 0.871      |
|    explained_variance | -1.6763463 |
|    n_updates          | 1899       |
|    policy_loss        | 0.000305   |
|    std                | 0.186      |
|    u_grad_norm        | 0.218      |
|    u_learning_rate    | 6.52e-06   |
|    v_grad_norm        | 0.216      |
|    v_learning_rate    | 2.63e-08   |
|    value_loss         | 2.48e-05   |
--------------------------------------
-------------------------------------
| rollout/              |           |
|    ep_len_mean        | 500       |
|    ep_rew_mean        | -1.28e+03 |
| time/                 |           |
|    fps                | 64        |
|    iterations         | 1900      |
|    time_elapsed       | 237       |
|    total_timesteps    | 15200     |
| train/                |           |
|    d_grad_norm        | 0.00545   |
|    d_learning_rate    | 6.52e-05  |
|    entropy_loss       | -2.05     |
|    explained_variance | 0.9963971 |
|    n_updates          | 1899      |
|    policy_loss        | 0.605     |
|    std                | 0.24      |
|    u_grad_norm        | 0.0247    |
|    u_learning_rate    | 6.52e-06  |
|    v_grad_norm        | 0.852     |
|    v_learning_rate    | 2.63e-08  |
|    value_loss         | 0.597     |
-------------------------------------
-------------------------------------
| rollout/              |           |
|    ep_len_mean        | 500       |
|    ep_rew_mean        | -3.66e+03 |
| time/                 |           |
|    fps                | 64        |
|    iterations         | 1900      |
|    time_elapsed       | 237       |
|    total_timesteps    | 15200     |
| train/                |           |
|    d_grad_norm        | 0.04      |
|    d_learning_rate    | 6.52e-05  |
|    entropy_loss       | -0.991    |
|    explained_variance | 0.8775991 |
|    n_updates          | 1899      |
|    policy_loss        | -2.07     |
|    std                | 0.141     |
|    u_grad_norm        | 0.116     |
|    u_learning_rate    | 6.52e-06  |
|    v_grad_norm        | 0.792     |
|    v_learning_rate    | 2.63e-08  |
|    value_loss         | 12.9      |
-------------------------------------
--------------------------------------
| rollout/              |            |
|    ep_len_mean        | 500        |
|    ep_rew_mean        | -938       |
| time/                 |            |
|    fps                | 64         |
|    iterations         | 1900       |
|    time_elapsed       | 237        |
|    total_timesteps    | 15200      |
| train/                |            |
|    d_grad_norm        | 0.0177     |
|    d_learning_rate    | 6.52e-05   |
|    entropy_loss       | -1.63      |
|    explained_variance | 0.99909914 |
|    n_updates          | 1899       |
|    policy_loss        | 1.62       |
|    std                | 0.202      |
|    u_grad_norm        | 0.147      |
|    u_learning_rate    | 6.52e-06   |
|    v_grad_norm        | 0.907      |
|    v_learning_rate    | 2.63e-08   |
|    value_loss         | 0.589      |
--------------------------------------
--------------------------------------
| rollout/              |            |
|    ep_len_mean        | 500        |
|    ep_rew_mean        | -3.58e+03  |
| time/                 |            |
|    fps                | 64         |
|    iterations         | 1900       |
|    time_elapsed       | 237        |
|    total_timesteps    | 15200      |
| train/                |            |
|    d_grad_norm        | 0.00251    |
|    d_learning_rate    | 6.52e-05   |
|    entropy_loss       | -1.81      |
|    explained_variance | 0.98670816 |
|    n_updates          | 1899       |
|    policy_loss        | -2.28      |
|    std                | 0.153      |
|    u_grad_norm        | 0.0436     |
|    u_learning_rate    | 6.52e-06   |
|    v_grad_norm        | 0.818      |
|    v_learning_rate    | 2.63e-08   |
|    value_loss         | 2.39       |
--------------------------------------
-------------------------------------
| rollout/              |           |
|    ep_len_mean        | 500       |
|    ep_rew_mean        | -2.82e+03 |
| time/                 |           |
|    fps                | 64        |
|    iterations         | 1900      |
|    time_elapsed       | 237       |
|    total_timesteps    | 15200     |
| train/                |           |
|    d_grad_norm        | 0.0377    |
|    d_learning_rate    | 6.52e-05  |
|    entropy_loss       | -1.22     |
|    explained_variance | 0.9935339 |
|    n_updates          | 1899      |
|    policy_loss        | -0.896    |
|    std                | 0.111     |
|    u_grad_norm        | 0.108     |
|    u_learning_rate    | 6.52e-06  |
|    v_grad_norm        | 0.946     |
|    v_learning_rate    | 2.63e-08  |
|    value_loss         | 0.622     |
-------------------------------------
-------------------------------------
| rollout/              |           |
|    ep_len_mean        | 500       |
|    ep_rew_mean        | -1.43e+03 |
| time/                 |           |
|    fps                | 64        |
|    iterations         | 1900      |
|    time_elapsed       | 237       |
|    total_timesteps    | 15200     |
| train/                |           |
|    d_grad_norm        | 0.0133    |
|    d_learning_rate    | 6.52e-05  |
|    entropy_loss       | -1.08     |
|    explained_variance | 0.9991618 |
|    n_updates          | 1899      |
|    policy_loss        | -0.19     |
|    std                | 0.225     |
|    u_grad_norm        | 0.00699   |
|    u_learning_rate    | 6.52e-06  |
|    v_grad_norm        | 0.886     |
|    v_learning_rate    | 2.63e-08  |
|    value_loss         | 0.163     |
-------------------------------------
-------------------------------------
| rollout/              |           |
|    ep_len_mean        | 500       |
|    ep_rew_mean        | -3.01e+03 |
| time/                 |           |
|    fps                | 64        |
|    iterations         | 1900      |
|    time_elapsed       | 237       |
|    total_timesteps    | 15200     |
| train/                |           |
|    d_grad_norm        | 0.0107    |
|    d_learning_rate    | 6.52e-05  |
|    entropy_loss       | -0.352    |
|    explained_variance | 0.9995844 |
|    n_updates          | 1899      |
|    policy_loss        | 0.0387    |
|    std                | 0.117     |
|    u_grad_norm        | 0.0672    |
|    u_learning_rate    | 6.52e-06  |
|    v_grad_norm        | 0.873     |
|    v_learning_rate    | 2.63e-08  |
|    value_loss         | 0.0501    |
-------------------------------------
-------------------------------------
| rollout/              |           |
|    ep_len_mean        | 500       |
|    ep_rew_mean        | -1.36e+03 |
| time/                 |           |
|    fps                | 64        |
|    iterations         | 1900      |
|    time_elapsed       | 237       |
|    total_timesteps    | 15200     |
| train/                |           |
|    d_grad_norm        | 0.0175    |
|    d_learning_rate    | 6.52e-05  |
|    entropy_loss       | 0.428     |
|    explained_variance | -71.30496 |
|    n_updates          | 1899      |
|    policy_loss        | -0.0272   |
|    std                | 0.239     |
|    u_grad_norm        | 0.493     |
|    u_learning_rate    | 6.52e-06  |
|    v_grad_norm        | 0.866     |
|    v_learning_rate    | 2.63e-08  |
|    value_loss         | 0.00258   |
-------------------------------------
--------------------------------------
| rollout/              |            |
|    ep_len_mean        | 500        |
|    ep_rew_mean        | -3.74e+03  |
| time/                 |            |
|    fps                | 64         |
|    iterations         | 1900       |
|    time_elapsed       | 237        |
|    total_timesteps    | 15200      |
| train/                |            |
|    d_grad_norm        | 0.0261     |
|    d_learning_rate    | 6.52e-05   |
|    entropy_loss       | -0.558     |
|    explained_variance | 0.92805576 |
|    n_updates          | 1899       |
|    policy_loss        | 0.165      |
|    std                | 0.147      |
|    u_grad_norm        | 0.0422     |
|    u_learning_rate    | 6.52e-06   |
|    v_grad_norm        | 0.96       |
|    v_learning_rate    | 2.63e-08   |
|    value_loss         | 1.89       |
--------------------------------------
--------------------------------------
| rollout/              |            |
|    ep_len_mean        | 500        |
|    ep_rew_mean        | -369       |
| time/                 |            |
|    fps                | 65         |
|    iterations         | 2000       |
|    time_elapsed       | 245        |
|    total_timesteps    | 16000      |
| train/                |            |
|    d_grad_norm        | 0.000877   |
|    d_learning_rate    | 6.3e-05    |
|    entropy_loss       | 0.864      |
|    explained_variance | -5.4671683 |
|    n_updates          | 1999       |
|    policy_loss        | 0.000405   |
|    std                | 0.186      |
|    u_grad_norm        | 0.011      |
|    u_learning_rate    | 6.3e-06    |
|    v_grad_norm        | 0.258      |
|    v_learning_rate    | 2.5e-08    |
|    value_loss         | 1.91e-05   |
--------------------------------------
---------------------------------------
| rollout/              |             |
|    ep_len_mean        | 500         |
|    ep_rew_mean        | -1.39e+03   |
| time/                 |             |
|    fps                | 65          |
|    iterations         | 2000        |
|    time_elapsed       | 245         |
|    total_timesteps    | 16000       |
| train/                |             |
|    d_grad_norm        | 0.00322     |
|    d_learning_rate    | 6.3e-05     |
|    entropy_loss       | -1.37       |
|    explained_variance | -0.16972971 |
|    n_updates          | 1999        |
|    policy_loss        | -5.93       |
|    std                | 0.24        |
|    u_grad_norm        | 0.0131      |
|    u_learning_rate    | 6.3e-06     |
|    v_grad_norm        | 0.759       |
|    v_learning_rate    | 2.5e-08     |
|    value_loss         | 34.3        |
---------------------------------------
--------------------------------------
| rollout/              |            |
|    ep_len_mean        | 500        |
|    ep_rew_mean        | -3.67e+03  |
| time/                 |            |
|    fps                | 65         |
|    iterations         | 2000       |
|    time_elapsed       | 245        |
|    total_timesteps    | 16000      |
| train/                |            |
|    d_grad_norm        | 0.0158     |
|    d_learning_rate    | 6.3e-05    |
|    entropy_loss       | -1.06      |
|    explained_variance | 0.79028064 |
|    n_updates          | 1999       |
|    policy_loss        | -4.31      |
|    std                | 0.141      |
|    u_grad_norm        | 0.272      |
|    u_learning_rate    | 6.3e-06    |
|    v_grad_norm        | 0.744      |
|    v_learning_rate    | 2.5e-08    |
|    value_loss         | 13.5       |
--------------------------------------
-------------------------------------
| rollout/              |           |
|    ep_len_mean        | 500       |
|    ep_rew_mean        | -3.59e+03 |
| time/                 |           |
|    fps                | 65        |
|    iterations         | 2000      |
|    time_elapsed       | 245       |
|    total_timesteps    | 16000     |
| train/                |           |
|    d_grad_norm        | 0.0374    |
|    d_learning_rate    | 6.3e-05   |
|    entropy_loss       | -1.39     |
|    explained_variance | 0.9963179 |
|    n_updates          | 1999      |
|    policy_loss        | -1.41     |
|    std                | 0.153     |
|    u_grad_norm        | 0.0301    |
|    u_learning_rate    | 6.3e-06   |
|    v_grad_norm        | 0.972     |
|    v_learning_rate    | 2.5e-08   |
|    value_loss         | 2.33      |
-------------------------------------
--------------------------------------
| rollout/              |            |
|    ep_len_mean        | 500        |
|    ep_rew_mean        | -930       |
| time/                 |            |
|    fps                | 65         |
|    iterations         | 2000       |
|    time_elapsed       | 245        |
|    total_timesteps    | 16000      |
| train/                |            |
|    d_grad_norm        | 0.12       |
|    d_learning_rate    | 6.3e-05    |
|    entropy_loss       | 1.02       |
|    explained_variance | -163.23695 |
|    n_updates          | 1999       |
|    policy_loss        | -0.015     |
|    std                | 0.202      |
|    u_grad_norm        | 0.442      |
|    u_learning_rate    | 6.3e-06    |
|    v_grad_norm        | 0.863      |
|    v_learning_rate    | 2.5e-08    |
|    value_loss         | 0.00015    |
--------------------------------------
--------------------------------------
| rollout/              |            |
|    ep_len_mean        | 500        |
|    ep_rew_mean        | -2.82e+03  |
| time/                 |            |
|    fps                | 65         |
|    iterations         | 2000       |
|    time_elapsed       | 245        |
|    total_timesteps    | 16000      |
| train/                |            |
|    d_grad_norm        | 0.0151     |
|    d_learning_rate    | 6.3e-05    |
|    entropy_loss       | -1.46      |
|    explained_variance | 0.97959226 |
|    n_updates          | 1999       |
|    policy_loss        | -0.666     |
|    std                | 0.111      |
|    u_grad_norm        | 0.0936     |
|    u_learning_rate    | 6.3e-06    |
|    v_grad_norm        | 0.885      |
|    v_learning_rate    | 2.5e-08    |
|    value_loss         | 0.264      |
--------------------------------------
-------------------------------------
| rollout/              |           |
|    ep_len_mean        | 500       |
|    ep_rew_mean        | -3.01e+03 |
| time/                 |           |
|    fps                | 65        |
|    iterations         | 2000      |
|    time_elapsed       | 245       |
|    total_timesteps    | 16000     |
| train/                |           |
|    d_grad_norm        | 0.00662   |
|    d_learning_rate    | 6.3e-05   |
|    entropy_loss       | -0.11     |
|    explained_variance | 0.9994554 |
|    n_updates          | 1999      |
|    policy_loss        | 0.00279   |
|    std                | 0.117     |
|    u_grad_norm        | 0.146     |
|    u_learning_rate    | 6.3e-06   |
|    v_grad_norm        | 0.832     |
|    v_learning_rate    | 2.5e-08   |
|    value_loss         | 0.103     |
-------------------------------------
-------------------------------------
| rollout/              |           |
|    ep_len_mean        | 500       |
|    ep_rew_mean        | -1.44e+03 |
| time/                 |           |
|    fps                | 65        |
|    iterations         | 2000      |
|    time_elapsed       | 245       |
|    total_timesteps    | 16000     |
| train/                |           |
|    d_grad_norm        | 0.00509   |
|    d_learning_rate    | 6.3e-05   |
|    entropy_loss       | 1.15      |
|    explained_variance | -4.938388 |
|    n_updates          | 1999      |
|    policy_loss        | -0.0306   |
|    std                | 0.225     |
|    u_grad_norm        | 0.732     |
|    u_learning_rate    | 6.3e-06   |
|    v_grad_norm        | 0.683     |
|    v_learning_rate    | 2.5e-08   |
|    value_loss         | 0.000973  |
-------------------------------------
-------------------------------------
| rollout/              |           |
|    ep_len_mean        | 500       |
|    ep_rew_mean        | -1.38e+03 |
| time/                 |           |
|    fps                | 65        |
|    iterations         | 2000      |
|    time_elapsed       | 245       |
|    total_timesteps    | 16000     |
| train/                |           |
|    d_grad_norm        | 0.0154    |
|    d_learning_rate    | 6.3e-05   |
|    entropy_loss       | -1.33     |
|    explained_variance | 0.9951099 |
|    n_updates          | 1999      |
|    policy_loss        | -2.46     |
|    std                | 0.239     |
|    u_grad_norm        | 0.142     |
|    u_learning_rate    | 6.3e-06   |
|    v_grad_norm        | 0.863     |
|    v_learning_rate    | 2.5e-08   |
|    value_loss         | 1.05      |
-------------------------------------
---------------------------------------
| rollout/              |             |
|    ep_len_mean        | 500         |
|    ep_rew_mean        | -3.75e+03   |
| time/                 |             |
|    fps                | 65          |
|    iterations         | 2000        |
|    time_elapsed       | 245         |
|    total_timesteps    | 16000       |
| train/                |             |
|    d_grad_norm        | 0.147       |
|    d_learning_rate    | 6.3e-05     |
|    entropy_loss       | -0.0438     |
|    explained_variance | -0.33555198 |
|    n_updates          | 1999        |
|    policy_loss        | -0.0846     |
|    std                | 0.147       |
|    u_grad_norm        | 0.448       |
|    u_learning_rate    | 6.3e-06     |
|    v_grad_norm        | 0.859       |
|    v_learning_rate    | 2.5e-08     |
|    value_loss         | 3.08        |
---------------------------------------
--------------------------------------
| rollout/              |            |
|    ep_len_mean        | 500        |
|    ep_rew_mean        | -362       |
| time/                 |            |
|    fps                | 66         |
|    iterations         | 2100       |
|    time_elapsed       | 253        |
|    total_timesteps    | 16800      |
| train/                |            |
|    d_grad_norm        | 0.00363    |
|    d_learning_rate    | 6.1e-05    |
|    entropy_loss       | 0.868      |
|    explained_variance | -432.20816 |
|    n_updates          | 2099       |
|    policy_loss        | 0.0023     |
|    std                | 0.186      |
|    u_grad_norm        | 0.03       |
|    u_learning_rate    | 6.1e-06    |
|    v_grad_norm        | 0.205      |
|    v_learning_rate    | 2.38e-08   |
|    value_loss         | 7.24e-06   |
--------------------------------------
-------------------------------------
| rollout/              |           |
|    ep_len_mean        | 500       |
|    ep_rew_mean        | -1.36e+03 |
| time/                 |           |
|    fps                | 66        |
|    iterations         | 2100      |
|    time_elapsed       | 253       |
|    total_timesteps    | 16800     |
| train/                |           |
|    d_grad_norm        | 0.00737   |
|    d_learning_rate    | 6.1e-05   |
|    entropy_loss       | -1.66     |
|    explained_variance | 0.8858494 |
|    n_updates          | 2099      |
|    policy_loss        | -6.8      |
|    std                | 0.24      |
|    u_grad_norm        | 0.00845   |
|    u_learning_rate    | 6.1e-06   |
|    v_grad_norm        | 0.768     |
|    v_learning_rate    | 2.38e-08  |
|    value_loss         | 31.2      |
-------------------------------------
-------------------------------------
| rollout/              |           |
|    ep_len_mean        | 500       |
|    ep_rew_mean        | -3.67e+03 |
| time/                 |           |
|    fps                | 66        |
|    iterations         | 2100      |
|    time_elapsed       | 253       |
|    total_timesteps    | 16800     |
| train/                |           |
|    d_grad_norm        | 0.0241    |
|    d_learning_rate    | 6.1e-05   |
|    entropy_loss       | -0.993    |
|    explained_variance | 0.9704519 |
|    n_updates          | 2099      |
|    policy_loss        | -5.38     |
|    std                | 0.141     |
|    u_grad_norm        | 0.364     |
|    u_learning_rate    | 6.1e-06   |
|    v_grad_norm        | 0.701     |
|    v_learning_rate    | 2.38e-08  |
|    value_loss         | 6.15      |
-------------------------------------
--------------------------------------
| rollout/              |            |
|    ep_len_mean        | 500        |
|    ep_rew_mean        | -3.57e+03  |
| time/                 |            |
|    fps                | 66         |
|    iterations         | 2100       |
|    time_elapsed       | 253        |
|    total_timesteps    | 16800      |
| train/                |            |
|    d_grad_norm        | 0.00978    |
|    d_learning_rate    | 6.1e-05    |
|    entropy_loss       | -1.5       |
|    explained_variance | 0.96380824 |
|    n_updates          | 2099       |
|    policy_loss        | -1.83      |
|    std                | 0.153      |
|    u_grad_norm        | 0.00798    |
|    u_learning_rate    | 6.1e-06    |
|    v_grad_norm        | 0.962      |
|    v_learning_rate    | 2.38e-08   |
|    value_loss         | 4.39       |
--------------------------------------
-------------------------------------
| rollout/              |           |
|    ep_len_mean        | 500       |
|    ep_rew_mean        | -3.01e+03 |
| time/                 |           |
|    fps                | 66        |
|    iterations         | 2100      |
|    time_elapsed       | 253       |
|    total_timesteps    | 16800     |
| train/                |           |
|    d_grad_norm        | 0.0176    |
|    d_learning_rate    | 6.1e-05   |
|    entropy_loss       | -0.403    |
|    explained_variance | 0.9991371 |
|    n_updates          | 2099      |
|    policy_loss        | 0.101     |
|    std                | 0.117     |
|    u_grad_norm        | 0.0114    |
|    u_learning_rate    | 6.1e-06   |
|    v_grad_norm        | 0.889     |
|    v_learning_rate    | 2.38e-08  |
|    value_loss         | 0.212     |
-------------------------------------
------------------------------------
| rollout/              |          |
|    ep_len_mean        | 500      |
|    ep_rew_mean        | -906     |
| time/                 |          |
|    fps                | 66       |
|    iterations         | 2100     |
|    time_elapsed       | 253      |
|    total_timesteps    | 16800    |
| train/                |          |
|    d_grad_norm        | 0.00782  |
|    d_learning_rate    | 6.1e-05  |
|    entropy_loss       | 1.03     |
|    explained_variance | -20.1693 |
|    n_updates          | 2099     |
|    policy_loss        | -0.00274 |
|    std                | 0.202    |
|    u_grad_norm        | 0.62     |
|    u_learning_rate    | 6.1e-06  |
|    v_grad_norm        | 0.144    |
|    v_learning_rate    | 2.38e-08 |
|    value_loss         | 5.54e-05 |
------------------------------------
--------------------------------------
| rollout/              |            |
|    ep_len_mean        | 500        |
|    ep_rew_mean        | -2.82e+03  |
| time/                 |            |
|    fps                | 66         |
|    iterations         | 2100       |
|    time_elapsed       | 253        |
|    total_timesteps    | 16800      |
| train/                |            |
|    d_grad_norm        | 0.00525    |
|    d_learning_rate    | 6.1e-05    |
|    entropy_loss       | -1.67      |
|    explained_variance | 0.99563897 |
|    n_updates          | 2099       |
|    policy_loss        | 0.523      |
|    std                | 0.111      |
|    u_grad_norm        | 0.136      |
|    u_learning_rate    | 6.1e-06    |
|    v_grad_norm        | 0.844      |
|    v_learning_rate    | 2.38e-08   |
|    value_loss         | 0.408      |
--------------------------------------
--------------------------------------
| rollout/              |            |
|    ep_len_mean        | 500        |
|    ep_rew_mean        | -1.42e+03  |
| time/                 |            |
|    fps                | 66         |
|    iterations         | 2100       |
|    time_elapsed       | 253        |
|    total_timesteps    | 16800      |
| train/                |            |
|    d_grad_norm        | 0.0453     |
|    d_learning_rate    | 6.1e-05    |
|    entropy_loss       | 1.28       |
|    explained_variance | 0.72775054 |
|    n_updates          | 2099       |
|    policy_loss        | 0.0103     |
|    std                | 0.225      |
|    u_grad_norm        | 0.352      |
|    u_learning_rate    | 6.1e-06    |
|    v_grad_norm        | 0.929      |
|    v_learning_rate    | 2.38e-08   |
|    value_loss         | 4.55e-05   |
--------------------------------------
--------------------------------------
| rollout/              |            |
|    ep_len_mean        | 500        |
|    ep_rew_mean        | -1.38e+03  |
| time/                 |            |
|    fps                | 66         |
|    iterations         | 2100       |
|    time_elapsed       | 253        |
|    total_timesteps    | 16800      |
| train/                |            |
|    d_grad_norm        | 0.0148     |
|    d_learning_rate    | 6.1e-05    |
|    entropy_loss       | 0.389      |
|    explained_variance | -0.5830544 |
|    n_updates          | 2099       |
|    policy_loss        | 0.00141    |
|    std                | 0.239      |
|    u_grad_norm        | 0.497      |
|    u_learning_rate    | 6.1e-06    |
|    v_grad_norm        | 0.859      |
|    v_learning_rate    | 2.38e-08   |
|    value_loss         | 0.000326   |
--------------------------------------
--------------------------------------
| rollout/              |            |
|    ep_len_mean        | 500        |
|    ep_rew_mean        | -3.75e+03  |
| time/                 |            |
|    fps                | 66         |
|    iterations         | 2100       |
|    time_elapsed       | 253        |
|    total_timesteps    | 16800      |
| train/                |            |
|    d_grad_norm        | 0.027      |
|    d_learning_rate    | 6.1e-05    |
|    entropy_loss       | -0.344     |
|    explained_variance | 0.46222585 |
|    n_updates          | 2099       |
|    policy_loss        | -0.611     |
|    std                | 0.147      |
|    u_grad_norm        | 0.13       |
|    u_learning_rate    | 6.1e-06    |
|    v_grad_norm        | 0.932      |
|    v_learning_rate    | 2.38e-08   |
|    value_loss         | 5.24       |
--------------------------------------
--------------------------------------
| rollout/              |            |
|    ep_len_mean        | 500        |
|    ep_rew_mean        | -364       |
| time/                 |            |
|    fps                | 67         |
|    iterations         | 2200       |
|    time_elapsed       | 261        |
|    total_timesteps    | 17600      |
| train/                |            |
|    d_grad_norm        | 0.000351   |
|    d_learning_rate    | 5.91e-05   |
|    entropy_loss       | 0.871      |
|    explained_variance | -3.3637028 |
|    n_updates          | 2199       |
|    policy_loss        | -0.00109   |
|    std                | 0.186      |
|    u_grad_norm        | 0.256      |
|    u_learning_rate    | 5.91e-06   |
|    v_grad_norm        | 0.258      |
|    v_learning_rate    | 2.27e-08   |
|    value_loss         | 0.000131   |
--------------------------------------
-------------------------------------
| rollout/              |           |
|    ep_len_mean        | 500       |
|    ep_rew_mean        | -1.37e+03 |
| time/                 |           |
|    fps                | 67        |
|    iterations         | 2200      |
|    time_elapsed       | 261       |
|    total_timesteps    | 17600     |
| train/                |           |
|    d_grad_norm        | 0.0236    |
|    d_learning_rate    | 5.91e-05  |
|    entropy_loss       | -1.49     |
|    explained_variance | 0.9570163 |
|    n_updates          | 2199      |
|    policy_loss        | 36        |
|    std                | 0.241     |
|    u_grad_norm        | 0.142     |
|    u_learning_rate    | 5.91e-06  |
|    v_grad_norm        | 0.774     |
|    v_learning_rate    | 2.27e-08  |
|    value_loss         | 90.4      |
-------------------------------------
--------------------------------------
| rollout/              |            |
|    ep_len_mean        | 500        |
|    ep_rew_mean        | -3.67e+03  |
| time/                 |            |
|    fps                | 67         |
|    iterations         | 2200       |
|    time_elapsed       | 261        |
|    total_timesteps    | 17600      |
| train/                |            |
|    d_grad_norm        | 0.00786    |
|    d_learning_rate    | 5.91e-05   |
|    entropy_loss       | -1.55      |
|    explained_variance | 0.96667194 |
|    n_updates          | 2199       |
|    policy_loss        | 0.925      |
|    std                | 0.141      |
|    u_grad_norm        | 0.163      |
|    u_learning_rate    | 5.91e-06   |
|    v_grad_norm        | 0.826      |
|    v_learning_rate    | 2.27e-08   |
|    value_loss         | 1.79       |
--------------------------------------
--------------------------------------
| rollout/              |            |
|    ep_len_mean        | 500        |
|    ep_rew_mean        | -3.59e+03  |
| time/                 |            |
|    fps                | 67         |
|    iterations         | 2200       |
|    time_elapsed       | 261        |
|    total_timesteps    | 17600      |
| train/                |            |
|    d_grad_norm        | 0.0009     |
|    d_learning_rate    | 5.91e-05   |
|    entropy_loss       | -1.71      |
|    explained_variance | 0.96740466 |
|    n_updates          | 2199       |
|    policy_loss        | -2.31      |
|    std                | 0.153      |
|    u_grad_norm        | 0.0396     |
|    u_learning_rate    | 5.91e-06   |
|    v_grad_norm        | 0.816      |
|    v_learning_rate    | 2.27e-08   |
|    value_loss         | 2.88       |
--------------------------------------
--------------------------------------
| rollout/              |            |
|    ep_len_mean        | 500        |
|    ep_rew_mean        | -926       |
| time/                 |            |
|    fps                | 67         |
|    iterations         | 2200       |
|    time_elapsed       | 261        |
|    total_timesteps    | 17600      |
| train/                |            |
|    d_grad_norm        | 0.0107     |
|    d_learning_rate    | 5.91e-05   |
|    entropy_loss       | -2.37      |
|    explained_variance | 0.99856657 |
|    n_updates          | 2199       |
|    policy_loss        | 0.114      |
|    std                | 0.202      |
|    u_grad_norm        | 0.0221     |
|    u_learning_rate    | 5.91e-06   |
|    v_grad_norm        | 0.847      |
|    v_learning_rate    | 2.27e-08   |
|    value_loss         | 0.0522     |
--------------------------------------
--------------------------------------
| rollout/              |            |
|    ep_len_mean        | 500        |
|    ep_rew_mean        | -3.01e+03  |
| time/                 |            |
|    fps                | 67         |
|    iterations         | 2200       |
|    time_elapsed       | 261        |
|    total_timesteps    | 17600      |
| train/                |            |
|    d_grad_norm        | 0.00587    |
|    d_learning_rate    | 5.91e-05   |
|    entropy_loss       | 0.0187     |
|    explained_variance | 0.97271216 |
|    n_updates          | 2199       |
|    policy_loss        | -0.202     |
|    std                | 0.117      |
|    u_grad_norm        | 0.194      |
|    u_learning_rate    | 5.91e-06   |
|    v_grad_norm        | 0.775      |
|    v_learning_rate    | 2.27e-08   |
|    value_loss         | 0.944      |
--------------------------------------
--------------------------------------
| rollout/              |            |
|    ep_len_mean        | 500        |
|    ep_rew_mean        | -2.8e+03   |
| time/                 |            |
|    fps                | 67         |
|    iterations         | 2200       |
|    time_elapsed       | 261        |
|    total_timesteps    | 17600      |
| train/                |            |
|    d_grad_norm        | 0.0343     |
|    d_learning_rate    | 5.91e-05   |
|    entropy_loss       | -1.05      |
|    explained_variance | 0.97282976 |
|    n_updates          | 2199       |
|    policy_loss        | -0.19      |
|    std                | 0.111      |
|    u_grad_norm        | 0.217      |
|    u_learning_rate    | 5.91e-06   |
|    v_grad_norm        | 0.836      |
|    v_learning_rate    | 2.27e-08   |
|    value_loss         | 0.224      |
--------------------------------------
-------------------------------------
| rollout/              |           |
|    ep_len_mean        | 500       |
|    ep_rew_mean        | -1.43e+03 |
| time/                 |           |
|    fps                | 67        |
|    iterations         | 2200      |
|    time_elapsed       | 261       |
|    total_timesteps    | 17600     |
| train/                |           |
|    d_grad_norm        | 0.00695   |
|    d_learning_rate    | 5.91e-05  |
|    entropy_loss       | -1.37     |
|    explained_variance | 0.9933123 |
|    n_updates          | 2199      |
|    policy_loss        | -0.306    |
|    std                | 0.225     |
|    u_grad_norm        | 0.0205    |
|    u_learning_rate    | 5.91e-06  |
|    v_grad_norm        | 0.908     |
|    v_learning_rate    | 2.27e-08  |
|    value_loss         | 0.307     |
-------------------------------------
-------------------------------------
| rollout/              |           |
|    ep_len_mean        | 500       |
|    ep_rew_mean        | -1.33e+03 |
| time/                 |           |
|    fps                | 67        |
|    iterations         | 2200      |
|    time_elapsed       | 261       |
|    total_timesteps    | 17600     |
| train/                |           |
|    d_grad_norm        | 0.0142    |
|    d_learning_rate    | 5.91e-05  |
|    entropy_loss       | -1.36     |
|    explained_variance | 0.9932623 |
|    n_updates          | 2199      |
|    policy_loss        | 1.87      |
|    std                | 0.239     |
|    u_grad_norm        | 0.0156    |
|    u_learning_rate    | 5.91e-06  |
|    v_grad_norm        | 0.828     |
|    v_learning_rate    | 2.27e-08  |
|    value_loss         | 5.89      |
-------------------------------------
-------------------------------------
| rollout/              |           |
|    ep_len_mean        | 500       |
|    ep_rew_mean        | -3.76e+03 |
| time/                 |           |
|    fps                | 67        |
|    iterations         | 2200      |
|    time_elapsed       | 261       |
|    total_timesteps    | 17600     |
| train/                |           |
|    d_grad_norm        | 0.0233    |
|    d_learning_rate    | 5.91e-05  |
|    entropy_loss       | -1.37     |
|    explained_variance | 0.9883198 |
|    n_updates          | 2199      |
|    policy_loss        | 0.738     |
|    std                | 0.147     |
|    u_grad_norm        | 0.0589    |
|    u_learning_rate    | 5.91e-06  |
|    v_grad_norm        | 0.94      |
|    v_learning_rate    | 2.27e-08  |
|    value_loss         | 0.815     |
-------------------------------------
------------------------------------
| rollout/              |          |
|    ep_len_mean        | 500      |
|    ep_rew_mean        | -357     |
| time/                 |          |
|    fps                | 68       |
|    iterations         | 2300     |
|    time_elapsed       | 269      |
|    total_timesteps    | 18400    |
| train/                |          |
|    d_grad_norm        | 0.00511  |
|    d_learning_rate    | 5.74e-05 |
|    entropy_loss       | 0.861    |
|    explained_variance | -9.31932 |
|    n_updates          | 2299     |
|    policy_loss        | 0.00117  |
|    std                | 0.186    |
|    u_grad_norm        | 0.0806   |
|    u_learning_rate    | 5.74e-06 |
|    v_grad_norm        | 0.0512   |
|    v_learning_rate    | 2.17e-08 |
|    value_loss         | 1.79e-06 |
------------------------------------
--------------------------------------
| rollout/              |            |
|    ep_len_mean        | 500        |
|    ep_rew_mean        | -1.35e+03  |
| time/                 |            |
|    fps                | 68         |
|    iterations         | 2300       |
|    time_elapsed       | 269        |
|    total_timesteps    | 18400      |
| train/                |            |
|    d_grad_norm        | 0.0302     |
|    d_learning_rate    | 5.74e-05   |
|    entropy_loss       | 0.495      |
|    explained_variance | 0.49293363 |
|    n_updates          | 2299       |
|    policy_loss        | 0.325      |
|    std                | 0.241      |
|    u_grad_norm        | 0.0417     |
|    u_learning_rate    | 5.74e-06   |
|    v_grad_norm        | 0.99       |
|    v_learning_rate    | 2.17e-08   |
|    value_loss         | 0.115      |
--------------------------------------
--------------------------------------
| rollout/              |            |
|    ep_len_mean        | 500        |
|    ep_rew_mean        | -3.67e+03  |
| time/                 |            |
|    fps                | 68         |
|    iterations         | 2300       |
|    time_elapsed       | 269        |
|    total_timesteps    | 18400      |
| train/                |            |
|    d_grad_norm        | 0.0135     |
|    d_learning_rate    | 5.74e-05   |
|    entropy_loss       | -1.01      |
|    explained_variance | 0.97802544 |
|    n_updates          | 2299       |
|    policy_loss        | -1.98      |
|    std                | 0.141      |
|    u_grad_norm        | 0.171      |
|    u_learning_rate    | 5.74e-06   |
|    v_grad_norm        | 0.785      |
|    v_learning_rate    | 2.17e-08   |
|    value_loss         | 7.4        |
--------------------------------------
-------------------------------------
| rollout/              |           |
|    ep_len_mean        | 500       |
|    ep_rew_mean        | -3.61e+03 |
| time/                 |           |
|    fps                | 68        |
|    iterations         | 2300      |
|    time_elapsed       | 269       |
|    total_timesteps    | 18400     |
| train/                |           |
|    d_grad_norm        | 0.0144    |
|    d_learning_rate    | 5.74e-05  |
|    entropy_loss       | -1.67     |
|    explained_variance | 0.5929986 |
|    n_updates          | 2299      |
|    policy_loss        | 0.396     |
|    std                | 0.153     |
|    u_grad_norm        | 0.0483    |
|    u_learning_rate    | 5.74e-06  |
|    v_grad_norm        | 0.981     |
|    v_learning_rate    | 2.17e-08  |
|    value_loss         | 0.352     |
-------------------------------------
-------------------------------------
| rollout/              |           |
|    ep_len_mean        | 500       |
|    ep_rew_mean        | -942      |
| time/                 |           |
|    fps                | 68        |
|    iterations         | 2300      |
|    time_elapsed       | 269       |
|    total_timesteps    | 18400     |
| train/                |           |
|    d_grad_norm        | 0.00305   |
|    d_learning_rate    | 5.74e-05  |
|    entropy_loss       | 0.989     |
|    explained_variance | -5.180443 |
|    n_updates          | 2299      |
|    policy_loss        | 0.0005    |
|    std                | 0.202     |
|    u_grad_norm        | 0.181     |
|    u_learning_rate    | 5.74e-06  |
|    v_grad_norm        | 0.452     |
|    v_learning_rate    | 2.17e-08  |
|    value_loss         | 0.000164  |
-------------------------------------
-------------------------------------
| rollout/              |           |
|    ep_len_mean        | 500       |
|    ep_rew_mean        | -3.01e+03 |
| time/                 |           |
|    fps                | 68        |
|    iterations         | 2300      |
|    time_elapsed       | 269       |
|    total_timesteps    | 18400     |
| train/                |           |
|    d_grad_norm        | 0.0104    |
|    d_learning_rate    | 5.74e-05  |
|    entropy_loss       | -0.257    |
|    explained_variance | 0.99901   |
|    n_updates          | 2299      |
|    policy_loss        | -0.0414   |
|    std                | 0.117     |
|    u_grad_norm        | 0.315     |
|    u_learning_rate    | 5.74e-06  |
|    v_grad_norm        | 0.82      |
|    v_learning_rate    | 2.17e-08  |
|    value_loss         | 0.136     |
-------------------------------------
--------------------------------------
| rollout/              |            |
|    ep_len_mean        | 500        |
|    ep_rew_mean        | -1.44e+03  |
| time/                 |            |
|    fps                | 68         |
|    iterations         | 2300       |
|    time_elapsed       | 269        |
|    total_timesteps    | 18400      |
| train/                |            |
|    d_grad_norm        | 0.00955    |
|    d_learning_rate    | 5.74e-05   |
|    entropy_loss       | 0.189      |
|    explained_variance | -0.3156854 |
|    n_updates          | 2299       |
|    policy_loss        | 8.71       |
|    std                | 0.225      |
|    u_grad_norm        | 0.0844     |
|    u_learning_rate    | 5.74e-06   |
|    v_grad_norm        | 0.797      |
|    v_learning_rate    | 2.17e-08   |
|    value_loss         | 112        |
--------------------------------------
-------------------------------------
| rollout/              |           |
|    ep_len_mean        | 500       |
|    ep_rew_mean        | -2.81e+03 |
| time/                 |           |
|    fps                | 68        |
|    iterations         | 2300      |
|    time_elapsed       | 269       |
|    total_timesteps    | 18400     |
| train/                |           |
|    d_grad_norm        | 0.0137    |
|    d_learning_rate    | 5.74e-05  |
|    entropy_loss       | 0.158     |
|    explained_variance | 0.9437798 |
|    n_updates          | 2299      |
|    policy_loss        | 1.06      |
|    std                | 0.111     |
|    u_grad_norm        | 0.251     |
|    u_learning_rate    | 5.74e-06  |
|    v_grad_norm        | 0.839     |
|    v_learning_rate    | 2.17e-08  |
|    value_loss         | 5.83      |
-------------------------------------
-------------------------------------
| rollout/              |           |
|    ep_len_mean        | 500       |
|    ep_rew_mean        | -1.31e+03 |
| time/                 |           |
|    fps                | 68        |
|    iterations         | 2300      |
|    time_elapsed       | 269       |
|    total_timesteps    | 18400     |
| train/                |           |
|    d_grad_norm        | 0.0432    |
|    d_learning_rate    | 5.74e-05  |
|    entropy_loss       | -1.25     |
|    explained_variance | 0.9744125 |
|    n_updates          | 2299      |
|    policy_loss        | -0.468    |
|    std                | 0.239     |
|    u_grad_norm        | 0.0888    |
|    u_learning_rate    | 5.74e-06  |
|    v_grad_norm        | 0.817     |
|    v_learning_rate    | 2.17e-08  |
|    value_loss         | 1.58      |
-------------------------------------
--------------------------------------
| rollout/              |            |
|    ep_len_mean        | 500        |
|    ep_rew_mean        | -3.75e+03  |
| time/                 |            |
|    fps                | 68         |
|    iterations         | 2300       |
|    time_elapsed       | 269        |
|    total_timesteps    | 18400      |
| train/                |            |
|    d_grad_norm        | 0.254      |
|    d_learning_rate    | 5.74e-05   |
|    entropy_loss       | 0.00729    |
|    explained_variance | -3.1793313 |
|    n_updates          | 2299       |
|    policy_loss        | -0.787     |
|    std                | 0.147      |
|    u_grad_norm        | 0.0679     |
|    u_learning_rate    | 5.74e-06   |
|    v_grad_norm        | 0.867      |
|    v_learning_rate    | 2.17e-08   |
|    value_loss         | 3.04       |
--------------------------------------
-------------------------------------
| rollout/              |           |
|    ep_len_mean        | 500       |
|    ep_rew_mean        | -356      |
| time/                 |           |
|    fps                | 69        |
|    iterations         | 2400      |
|    time_elapsed       | 277       |
|    total_timesteps    | 19200     |
| train/                |           |
|    d_grad_norm        | 0.00461   |
|    d_learning_rate    | 5.58e-05  |
|    entropy_loss       | 0.837     |
|    explained_variance | -155.4475 |
|    n_updates          | 2399      |
|    policy_loss        | -0.000357 |
|    std                | 0.186     |
|    u_grad_norm        | 0.145     |
|    u_learning_rate    | 5.58e-06  |
|    v_grad_norm        | 0.268     |
|    v_learning_rate    | 2.08e-08  |
|    value_loss         | 2.02e-05  |
-------------------------------------
--------------------------------------
| rollout/              |            |
|    ep_len_mean        | 500        |
|    ep_rew_mean        | -1.29e+03  |
| time/                 |            |
|    fps                | 69         |
|    iterations         | 2400       |
|    time_elapsed       | 277        |
|    total_timesteps    | 19200      |
| train/                |            |
|    d_grad_norm        | 0.00437    |
|    d_learning_rate    | 5.58e-05   |
|    entropy_loss       | -1.19      |
|    explained_variance | 0.41301924 |
|    n_updates          | 2399       |
|    policy_loss        | -3.59      |
|    std                | 0.241      |
|    u_grad_norm        | 0.0452     |
|    u_learning_rate    | 5.58e-06   |
|    v_grad_norm        | 0.756      |
|    v_learning_rate    | 2.08e-08   |
|    value_loss         | 15.9       |
--------------------------------------
--------------------------------------
| rollout/              |            |
|    ep_len_mean        | 500        |
|    ep_rew_mean        | -3.67e+03  |
| time/                 |            |
|    fps                | 69         |
|    iterations         | 2400       |
|    time_elapsed       | 277        |
|    total_timesteps    | 19200      |
| train/                |            |
|    d_grad_norm        | 0.0152     |
|    d_learning_rate    | 5.58e-05   |
|    entropy_loss       | -1.16      |
|    explained_variance | 0.99480283 |
|    n_updates          | 2399       |
|    policy_loss        | 0.471      |
|    std                | 0.141      |
|    u_grad_norm        | 0.128      |
|    u_learning_rate    | 5.58e-06   |
|    v_grad_norm        | 0.84       |
|    v_learning_rate    | 2.08e-08   |
|    value_loss         | 1.02       |
--------------------------------------
--------------------------------------
| rollout/              |            |
|    ep_len_mean        | 500        |
|    ep_rew_mean        | -3.6e+03   |
| time/                 |            |
|    fps                | 69         |
|    iterations         | 2400       |
|    time_elapsed       | 277        |
|    total_timesteps    | 19200      |
| train/                |            |
|    d_grad_norm        | 0.0236     |
|    d_learning_rate    | 5.58e-05   |
|    entropy_loss       | -1.62      |
|    explained_variance | 0.69333905 |
|    n_updates          | 2399       |
|    policy_loss        | -4.95      |
|    std                | 0.153      |
|    u_grad_norm        | 0.0278     |
|    u_learning_rate    | 5.58e-06   |
|    v_grad_norm        | 0.958      |
|    v_learning_rate    | 2.08e-08   |
|    value_loss         | 18.5       |
--------------------------------------
-------------------------------------
| rollout/              |           |
|    ep_len_mean        | 500       |
|    ep_rew_mean        | -1.48e+03 |
| time/                 |           |
|    fps                | 69        |
|    iterations         | 2400      |
|    time_elapsed       | 277       |
|    total_timesteps    | 19200     |
| train/                |           |
|    d_grad_norm        | 0.0246    |
|    d_learning_rate    | 5.58e-05  |
|    entropy_loss       | -1.46     |
|    explained_variance | 0.9949347 |
|    n_updates          | 2399      |
|    policy_loss        | 0.22      |
|    std                | 0.225     |
|    u_grad_norm        | 0.173     |
|    u_learning_rate    | 5.58e-06  |
|    v_grad_norm        | 0.851     |
|    v_learning_rate    | 2.08e-08  |
|    value_loss         | 0.216     |
-------------------------------------
--------------------------------------
| rollout/              |            |
|    ep_len_mean        | 500        |
|    ep_rew_mean        | -3.01e+03  |
| time/                 |            |
|    fps                | 69         |
|    iterations         | 2400       |
|    time_elapsed       | 277        |
|    total_timesteps    | 19200      |
| train/                |            |
|    d_grad_norm        | 0.000311   |
|    d_learning_rate    | 5.58e-05   |
|    entropy_loss       | -0.04      |
|    explained_variance | 0.99951124 |
|    n_updates          | 2399       |
|    policy_loss        | -0.074     |
|    std                | 0.117      |
|    u_grad_norm        | 0.46       |
|    u_learning_rate    | 5.58e-06   |
|    v_grad_norm        | 0.603      |
|    v_learning_rate    | 2.08e-08   |
|    value_loss         | 0.0952     |
--------------------------------------
--------------------------------------
| rollout/              |            |
|    ep_len_mean        | 500        |
|    ep_rew_mean        | -935       |
| time/                 |            |
|    fps                | 69         |
|    iterations         | 2400       |
|    time_elapsed       | 277        |
|    total_timesteps    | 19200      |
| train/                |            |
|    d_grad_norm        | 0.0535     |
|    d_learning_rate    | 5.58e-05   |
|    entropy_loss       | 1.04       |
|    explained_variance | -26.018532 |
|    n_updates          | 2399       |
|    policy_loss        | -0.0463    |
|    std                | 0.202      |
|    u_grad_norm        | 0.431      |
|    u_learning_rate    | 5.58e-06   |
|    v_grad_norm        | 0.872      |
|    v_learning_rate    | 2.08e-08   |
|    value_loss         | 0.0009     |
--------------------------------------
-------------------------------------
| rollout/              |           |
|    ep_len_mean        | 500       |
|    ep_rew_mean        | -2.82e+03 |
| time/                 |           |
|    fps                | 69        |
|    iterations         | 2400      |
|    time_elapsed       | 277       |
|    total_timesteps    | 19200     |
| train/                |           |
|    d_grad_norm        | 0.00468   |
|    d_learning_rate    | 5.58e-05  |
|    entropy_loss       | 0.37      |
|    explained_variance | 0.9669903 |
|    n_updates          | 2399      |
|    policy_loss        | 0.142     |
|    std                | 0.111     |
|    u_grad_norm        | 0.405     |
|    u_learning_rate    | 5.58e-06  |
|    v_grad_norm        | 0.764     |
|    v_learning_rate    | 2.08e-08  |
|    value_loss         | 5.19      |
-------------------------------------
-------------------------------------
| rollout/              |           |
|    ep_len_mean        | 500       |
|    ep_rew_mean        | -3.75e+03 |
| time/                 |           |
|    fps                | 69        |
|    iterations         | 2400      |
|    time_elapsed       | 277       |
|    total_timesteps    | 19200     |
| train/                |           |
|    d_grad_norm        | 0.0454    |
|    d_learning_rate    | 5.58e-05  |
|    entropy_loss       | 0.278     |
|    explained_variance | 0.5971134 |
|    n_updates          | 2399      |
|    policy_loss        | 2.44      |
|    std                | 0.147     |
|    u_grad_norm        | 0.457     |
|    u_learning_rate    | 5.58e-06  |
|    v_grad_norm        | 0.851     |
|    v_learning_rate    | 2.08e-08  |
|    value_loss         | 10.9      |
-------------------------------------
---------------------------------------
| rollout/              |             |
|    ep_len_mean        | 500         |
|    ep_rew_mean        | -1.39e+03   |
| time/                 |             |
|    fps                | 69          |
|    iterations         | 2400        |
|    time_elapsed       | 277         |
|    total_timesteps    | 19200       |
| train/                |             |
|    d_grad_norm        | 0.00856     |
|    d_learning_rate    | 5.58e-05    |
|    entropy_loss       | 0.394       |
|    explained_variance | -0.63368654 |
|    n_updates          | 2399        |
|    policy_loss        | -0.00368    |
|    std                | 0.239       |
|    u_grad_norm        | 0.646       |
|    u_learning_rate    | 5.58e-06    |
|    v_grad_norm        | 0.75        |
|    v_learning_rate    | 2.08e-08    |
|    value_loss         | 0.00116     |
---------------------------------------
Eval num_timesteps=20000, episode_reward=-666.54 +/- 909.22
Episode length: 500.00 +/- 0.00
--------------------------------------
| eval/                 |            |
|    mean_ep_length     | 500        |
|    mean_reward        | -667       |
| time/                 |            |
|    total_timesteps    | 20000      |
| train/                |            |
|    d_grad_norm        | 7.12e-05   |
|    d_learning_rate    | 5.43e-05   |
|    entropy_loss       | 0.851      |
|    explained_variance | 0.52203405 |
|    n_updates          | 2499       |
|    policy_loss        | 1.17e-05   |
|    std                | 0.186      |
|    u_grad_norm        | 0.00361    |
|    u_learning_rate    | 5.43e-06   |
|    v_grad_norm        | 0.196      |
|    v_learning_rate    | 2e-08      |
|    value_loss         | 7.33e-06   |
--------------------------------------
---------------------------------
| rollout/           |          |
|    ep_len_mean     | 500      |
|    ep_rew_mean     | -360     |
| time/              |          |
|    fps             | 54       |
|    iterations      | 2500     |
|    time_elapsed    | 369      |
|    total_timesteps | 20000    |
---------------------------------
Eval num_timesteps=20000, episode_reward=-1470.80 +/- 719.12
Episode length: 500.00 +/- 0.00
--------------------------------------
| eval/                 |            |
|    mean_ep_length     | 500        |
|    mean_reward        | -1.47e+03  |
| time/                 |            |
|    total_timesteps    | 20000      |
| train/                |            |
|    d_grad_norm        | 0.0113     |
|    d_learning_rate    | 5.43e-05   |
|    entropy_loss       | -1.86      |
|    explained_variance | 0.98881316 |
|    n_updates          | 2499       |
|    policy_loss        | 5.06       |
|    std                | 0.225      |
|    u_grad_norm        | 0.0371     |
|    u_learning_rate    | 5.43e-06   |
|    v_grad_norm        | 0.825      |
|    v_learning_rate    | 2e-08      |
|    value_loss         | 10.8       |
--------------------------------------
Eval num_timesteps=20000, episode_reward=-2967.47 +/- 172.86
Episode length: 500.00 +/- 0.00
--------------------------------------
| eval/                 |            |
|    mean_ep_length     | 500        |
|    mean_reward        | -2.97e+03  |
| time/                 |            |
|    total_timesteps    | 20000      |
| train/                |            |
|    d_grad_norm        | 0.0159     |
|    d_learning_rate    | 5.43e-05   |
|    entropy_loss       | 0.119      |
|    explained_variance | 0.99222547 |
|    n_updates          | 2499       |
|    policy_loss        | 0.0981     |
|    std                | 0.117      |
|    u_grad_norm        | 0.322      |
|    u_learning_rate    | 5.43e-06   |
|    v_grad_norm        | 0.741      |
|    v_learning_rate    | 2e-08      |
|    value_loss         | 0.732      |
--------------------------------------
Eval num_timesteps=20000, episode_reward=-1334.27 +/- 1434.25
Episode length: 500.00 +/- 0.00
-------------------------------------
| eval/                 |           |
|    mean_ep_length     | 500       |
|    mean_reward        | -1.33e+03 |
| time/                 |           |
|    total_timesteps    | 20000     |
| train/                |           |
|    d_grad_norm        | 0.0271    |
|    d_learning_rate    | 5.43e-05  |
|    entropy_loss       | 0.497     |
|    explained_variance | 0.6175201 |
|    n_updates          | 2499      |
|    policy_loss        | -0.305    |
|    std                | 0.241     |
|    u_grad_norm        | 0.815     |
|    u_learning_rate    | 5.43e-06  |
|    v_grad_norm        | 0.56      |
|    v_learning_rate    | 2e-08     |
|    value_loss         | 0.301     |
-------------------------------------
New best mean reward!
----------------------------------
| rollout/           |           |
|    ep_len_mean     | 500       |
|    ep_rew_mean     | -1.53e+03 |
| time/              |           |
|    fps             | 54        |
|    iterations      | 2500      |
|    time_elapsed    | 369       |
|    total_timesteps | 20000     |
----------------------------------
New best mean reward!
---------------------------------
| rollout/           |          |
|    ep_len_mean     | 500      |
|    ep_rew_mean     | -3e+03   |
| time/              |          |
|    fps             | 54       |
|    iterations      | 2500     |
|    time_elapsed    | 369      |
|    total_timesteps | 20000    |
---------------------------------
Eval num_timesteps=20000, episode_reward=-3666.73 +/- 64.85
Episode length: 500.00 +/- 0.00
--------------------------------------
| eval/                 |            |
|    mean_ep_length     | 500        |
|    mean_reward        | -3.67e+03  |
| time/                 |            |
|    total_timesteps    | 20000      |
| train/                |            |
|    d_grad_norm        | 0.00552    |
|    d_learning_rate    | 5.43e-05   |
|    entropy_loss       | -1.14      |
|    explained_variance | 0.99449867 |
|    n_updates          | 2499       |
|    policy_loss        | 0.158      |
|    std                | 0.141      |
|    u_grad_norm        | 0.0163     |
|    u_learning_rate    | 5.43e-06   |
|    v_grad_norm        | 0.844      |
|    v_learning_rate    | 2e-08      |
|    value_loss         | 0.99       |
--------------------------------------
---------------------------------
| rollout/           |          |
|    ep_len_mean     | 500      |
|    ep_rew_mean     | -1.3e+03 |
| time/              |          |
|    fps             | 54       |
|    iterations      | 2500     |
|    time_elapsed    | 369      |
|    total_timesteps | 20000    |
---------------------------------
----------------------------------
| rollout/           |           |
|    ep_len_mean     | 500       |
|    ep_rew_mean     | -3.67e+03 |
| time/              |           |
|    fps             | 54        |
|    iterations      | 2500      |
|    time_elapsed    | 369       |
|    total_timesteps | 20000     |
----------------------------------
Eval num_timesteps=20000, episode_reward=-3469.82 +/- 664.64
Episode length: 500.00 +/- 0.00
-------------------------------------
| eval/                 |           |
|    mean_ep_length     | 500       |
|    mean_reward        | -3.47e+03 |
| time/                 |           |
|    total_timesteps    | 20000     |
| train/                |           |
|    d_grad_norm        | 0.0152    |
|    d_learning_rate    | 5.43e-05  |
|    entropy_loss       | -2.04     |
|    explained_variance | 0.9981468 |
|    n_updates          | 2499      |
|    policy_loss        | 1.26      |
|    std                | 0.153     |
|    u_grad_norm        | 0.0133    |
|    u_learning_rate    | 5.43e-06  |
|    v_grad_norm        | 0.862     |
|    v_learning_rate    | 2e-08     |
|    value_loss         | 0.719     |
-------------------------------------
New best mean reward!
----------------------------------
| rollout/           |           |
|    ep_len_mean     | 500       |
|    ep_rew_mean     | -3.62e+03 |
| time/              |           |
|    fps             | 54        |
|    iterations      | 2500      |
|    time_elapsed    | 369       |
|    total_timesteps | 20000     |
----------------------------------
Eval num_timesteps=20000, episode_reward=-2797.99 +/- 407.51
Episode length: 500.00 +/- 0.00
-------------------------------------
| eval/                 |           |
|    mean_ep_length     | 500       |
|    mean_reward        | -2.8e+03  |
| time/                 |           |
|    total_timesteps    | 20000     |
| train/                |           |
|    d_grad_norm        | 0.00449   |
|    d_learning_rate    | 5.43e-05  |
|    entropy_loss       | -1.41     |
|    explained_variance | 0.9783763 |
|    n_updates          | 2499      |
|    policy_loss        | -0.601    |
|    std                | 0.111     |
|    u_grad_norm        | 0.115     |
|    u_learning_rate    | 5.43e-06  |
|    v_grad_norm        | 0.903     |
|    v_learning_rate    | 2e-08     |
|    value_loss         | 0.216     |
-------------------------------------
Eval num_timesteps=20000, episode_reward=-2007.20 +/- 940.13
Episode length: 500.00 +/- 0.00
--------------------------------------
| eval/                 |            |
|    mean_ep_length     | 500        |
|    mean_reward        | -2.01e+03  |
| time/                 |            |
|    total_timesteps    | 20000      |
| train/                |            |
|    d_grad_norm        | 0.0456     |
|    d_learning_rate    | 5.43e-05   |
|    entropy_loss       | 1.05       |
|    explained_variance | -145.29683 |
|    n_updates          | 2499       |
|    policy_loss        | -0.0225    |
|    std                | 0.202      |
|    u_grad_norm        | 0.814      |
|    u_learning_rate    | 5.43e-06   |
|    v_grad_norm        | 0.46       |
|    v_learning_rate    | 2e-08      |
|    value_loss         | 0.000798   |
--------------------------------------
----------------------------------
| rollout/           |           |
|    ep_len_mean     | 500       |
|    ep_rew_mean     | -2.83e+03 |
| time/              |           |
|    fps             | 54        |
|    iterations      | 2500      |
|    time_elapsed    | 369       |
|    total_timesteps | 20000     |
----------------------------------
New best mean reward!
---------------------------------
| rollout/           |          |
|    ep_len_mean     | 500      |
|    ep_rew_mean     | -943     |
| time/              |          |
|    fps             | 54       |
|    iterations      | 2500     |
|    time_elapsed    | 369      |
|    total_timesteps | 20000    |
---------------------------------
Eval num_timesteps=20000, episode_reward=-1116.34 +/- 991.84
Episode length: 500.00 +/- 0.00
--------------------------------------
| eval/                 |            |
|    mean_ep_length     | 500        |
|    mean_reward        | -1.12e+03  |
| time/                 |            |
|    total_timesteps    | 20000      |
| train/                |            |
|    d_grad_norm        | 0.00172    |
|    d_learning_rate    | 5.43e-05   |
|    entropy_loss       | 0.282      |
|    explained_variance | -1.1157491 |
|    n_updates          | 2499       |
|    policy_loss        | -0.00403   |
|    std                | 0.239      |
|    u_grad_norm        | 0.628      |
|    u_learning_rate    | 5.43e-06   |
|    v_grad_norm        | 0.766      |
|    v_learning_rate    | 2e-08      |
|    value_loss         | 0.0004     |
--------------------------------------
Eval num_timesteps=20000, episode_reward=-3819.67 +/- 207.19
Episode length: 500.00 +/- 0.00
--------------------------------------
| eval/                 |            |
|    mean_ep_length     | 500        |
|    mean_reward        | -3.82e+03  |
| time/                 |            |
|    total_timesteps    | 20000      |
| train/                |            |
|    d_grad_norm        | 0.011      |
|    d_learning_rate    | 5.43e-05   |
|    entropy_loss       | -0.04      |
|    explained_variance | -2.3622363 |
|    n_updates          | 2499       |
|    policy_loss        | 0.544      |
|    std                | 0.147      |
|    u_grad_norm        | 0.0351     |
|    u_learning_rate    | 5.43e-06   |
|    v_grad_norm        | 0.959      |
|    v_learning_rate    | 2e-08      |
|    value_loss         | 10.4       |
--------------------------------------
----------------------------------
| rollout/           |           |
|    ep_len_mean     | 500       |
|    ep_rew_mean     | -1.33e+03 |
| time/              |           |
|    fps             | 54        |
|    iterations      | 2500      |
|    time_elapsed    | 369       |
|    total_timesteps | 20000     |
----------------------------------
New best mean reward!
----------------------------------
| rollout/           |           |
|    ep_len_mean     | 500       |
|    ep_rew_mean     | -3.74e+03 |
| time/              |           |
|    fps             | 54        |
|    iterations      | 2500      |
|    time_elapsed    | 369       |
|    total_timesteps | 20000     |
----------------------------------
--------------------------------------
| rollout/              |            |
|    ep_len_mean        | 500        |
|    ep_rew_mean        | -361       |
| time/                 |            |
|    fps                | 55         |
|    iterations         | 2600       |
|    time_elapsed       | 377        |
|    total_timesteps    | 20800      |
| train/                |            |
|    d_grad_norm        | 0.00478    |
|    d_learning_rate    | 5.29e-05   |
|    entropy_loss       | 0.876      |
|    explained_variance | -1.0811453 |
|    n_updates          | 2599       |
|    policy_loss        | 0.00042    |
|    std                | 0.186      |
|    u_grad_norm        | 0.464      |
|    u_learning_rate    | 5.29e-06   |
|    v_grad_norm        | 0.176      |
|    v_learning_rate    | 1.92e-08   |
|    value_loss         | 1.41e-05   |
--------------------------------------
--------------------------------------
| rollout/              |            |
|    ep_len_mean        | 500        |
|    ep_rew_mean        | -2.83e+03  |
| time/                 |            |
|    fps                | 55         |
|    iterations         | 2600       |
|    time_elapsed       | 377        |
|    total_timesteps    | 20800      |
| train/                |            |
|    d_grad_norm        | 0.00931    |
|    d_learning_rate    | 5.29e-05   |
|    entropy_loss       | -0.906     |
|    explained_variance | 0.99338555 |
|    n_updates          | 2599       |
|    policy_loss        | -0.016     |
|    std                | 0.111      |
|    u_grad_norm        | 0.0585     |
|    u_learning_rate    | 5.29e-06   |
|    v_grad_norm        | 0.982      |
|    v_learning_rate    | 1.92e-08   |
|    value_loss         | 0.294      |
--------------------------------------
-------------------------------------
| rollout/              |           |
|    ep_len_mean        | 500       |
|    ep_rew_mean        | -3e+03    |
| time/                 |           |
|    fps                | 55        |
|    iterations         | 2600      |
|    time_elapsed       | 377       |
|    total_timesteps    | 20800     |
| train/                |           |
|    d_grad_norm        | 0.018     |
|    d_learning_rate    | 5.29e-05  |
|    entropy_loss       | -0.481    |
|    explained_variance | 0.9992243 |
|    n_updates          | 2599      |
|    policy_loss        | 0.0376    |
|    std                | 0.117     |
|    u_grad_norm        | 0.404     |
|    u_learning_rate    | 5.29e-06  |
|    v_grad_norm        | 0.73      |
|    v_learning_rate    | 1.92e-08  |
|    value_loss         | 0.0878    |
-------------------------------------
-------------------------------------
| rollout/              |           |
|    ep_len_mean        | 500       |
|    ep_rew_mean        | -1.56e+03 |
| time/                 |           |
|    fps                | 55        |
|    iterations         | 2600      |
|    time_elapsed       | 377       |
|    total_timesteps    | 20800     |
| train/                |           |
|    d_grad_norm        | 0.00477   |
|    d_learning_rate    | 5.29e-05  |
|    entropy_loss       | 0.00886   |
|    explained_variance | 0.9987472 |
|    n_updates          | 2599      |
|    policy_loss        | -0.0106   |
|    std                | 0.225     |
|    u_grad_norm        | 0.307     |
|    u_learning_rate    | 5.29e-06  |
|    v_grad_norm        | 0.768     |
|    v_learning_rate    | 1.92e-08  |
|    value_loss         | 0.47      |
-------------------------------------
--------------------------------------
| rollout/              |            |
|    ep_len_mean        | 500        |
|    ep_rew_mean        | -1.34e+03  |
| time/                 |            |
|    fps                | 55         |
|    iterations         | 2600       |
|    time_elapsed       | 377        |
|    total_timesteps    | 20800      |
| train/                |            |
|    d_grad_norm        | 0.0102     |
|    d_learning_rate    | 5.29e-05   |
|    entropy_loss       | -2.05      |
|    explained_variance | 0.99110466 |
|    n_updates          | 2599       |
|    policy_loss        | -3.95      |
|    std                | 0.241      |
|    u_grad_norm        | 0.00857    |
|    u_learning_rate    | 5.29e-06   |
|    v_grad_norm        | 0.789      |
|    v_learning_rate    | 1.92e-08   |
|    value_loss         | 8.39       |
--------------------------------------
-------------------------------------
| rollout/              |           |
|    ep_len_mean        | 500       |
|    ep_rew_mean        | -3.67e+03 |
| time/                 |           |
|    fps                | 55        |
|    iterations         | 2600      |
|    time_elapsed       | 377       |
|    total_timesteps    | 20800     |
| train/                |           |
|    d_grad_norm        | 0.00344   |
|    d_learning_rate    | 5.29e-05  |
|    entropy_loss       | -1.49     |
|    explained_variance | 0.9505191 |
|    n_updates          | 2599      |
|    policy_loss        | 0.331     |
|    std                | 0.141     |
|    u_grad_norm        | 0.314     |
|    u_learning_rate    | 5.29e-06  |
|    v_grad_norm        | 0.736     |
|    v_learning_rate    | 1.92e-08  |
|    value_loss         | 1.1       |
-------------------------------------
--------------------------------------
| rollout/              |            |
|    ep_len_mean        | 500        |
|    ep_rew_mean        | -1.3e+03   |
| time/                 |            |
|    fps                | 55         |
|    iterations         | 2600       |
|    time_elapsed       | 377        |
|    total_timesteps    | 20800      |
| train/                |            |
|    d_grad_norm        | 0.00751    |
|    d_learning_rate    | 5.29e-05   |
|    entropy_loss       | 0.33       |
|    explained_variance | -10.146918 |
|    n_updates          | 2599       |
|    policy_loss        | 0.0545     |
|    std                | 0.239      |
|    u_grad_norm        | 0.835      |
|    u_learning_rate    | 5.29e-06   |
|    v_grad_norm        | 0.538      |
|    v_learning_rate    | 1.92e-08   |
|    value_loss         | 0.0229     |
--------------------------------------
-------------------------------------
| rollout/              |           |
|    ep_len_mean        | 500       |
|    ep_rew_mean        | -3.62e+03 |
| time/                 |           |
|    fps                | 55        |
|    iterations         | 2600      |
|    time_elapsed       | 377       |
|    total_timesteps    | 20800     |
| train/                |           |
|    d_grad_norm        | 0.0448    |
|    d_learning_rate    | 5.29e-05  |
|    entropy_loss       | -1.69     |
|    explained_variance | 0.6880234 |
|    n_updates          | 2599      |
|    policy_loss        | -0.681    |
|    std                | 0.153     |
|    u_grad_norm        | 0.00804   |
|    u_learning_rate    | 5.29e-06  |
|    v_grad_norm        | 0.964     |
|    v_learning_rate    | 1.92e-08  |
|    value_loss         | 1.21      |
-------------------------------------
-------------------------------------
| rollout/              |           |
|    ep_len_mean        | 500       |
|    ep_rew_mean        | -988      |
| time/                 |           |
|    fps                | 55        |
|    iterations         | 2600      |
|    time_elapsed       | 377       |
|    total_timesteps    | 20800     |
| train/                |           |
|    d_grad_norm        | 0.0365    |
|    d_learning_rate    | 5.29e-05  |
|    entropy_loss       | -0.503    |
|    explained_variance | 0.9947563 |
|    n_updates          | 2599      |
|    policy_loss        | -0.843    |
|    std                | 0.202     |
|    u_grad_norm        | 0.52      |
|    u_learning_rate    | 5.29e-06  |
|    v_grad_norm        | 0.822     |
|    v_learning_rate    | 1.92e-08  |
|    value_loss         | 0.353     |
-------------------------------------
---------------------------------------
| rollout/              |             |
|    ep_len_mean        | 500         |
|    ep_rew_mean        | -3.75e+03   |
| time/                 |             |
|    fps                | 55          |
|    iterations         | 2600        |
|    time_elapsed       | 377         |
|    total_timesteps    | 20800       |
| train/                |             |
|    d_grad_norm        | 0.0759      |
|    d_learning_rate    | 5.29e-05    |
|    entropy_loss       | 0.12        |
|    explained_variance | -0.07108486 |
|    n_updates          | 2599        |
|    policy_loss        | -1.5        |
|    std                | 0.147       |
|    u_grad_norm        | 0.0352      |
|    u_learning_rate    | 5.29e-06    |
|    v_grad_norm        | 0.905       |
|    v_learning_rate    | 1.92e-08    |
|    value_loss         | 6.25        |
---------------------------------------
-------------------------------------
| rollout/              |           |
|    ep_len_mean        | 500       |
|    ep_rew_mean        | -367      |
| time/                 |           |
|    fps                | 55        |
|    iterations         | 2700      |
|    time_elapsed       | 385       |
|    total_timesteps    | 21600     |
| train/                |           |
|    d_grad_norm        | 0.00931   |
|    d_learning_rate    | 5.16e-05  |
|    entropy_loss       | -1.51     |
|    explained_variance | 0.9991614 |
|    n_updates          | 2699      |
|    policy_loss        | 2.15      |
|    std                | 0.186     |
|    u_grad_norm        | 0.016     |
|    u_learning_rate    | 5.16e-06  |
|    v_grad_norm        | 0.805     |
|    v_learning_rate    | 1.85e-08  |
|    value_loss         | 4.28      |
-------------------------------------
-------------------------------------
| rollout/              |           |
|    ep_len_mean        | 500       |
|    ep_rew_mean        | -2.83e+03 |
| time/                 |           |
|    fps                | 55        |
|    iterations         | 2700      |
|    time_elapsed       | 385       |
|    total_timesteps    | 21600     |
| train/                |           |
|    d_grad_norm        | 0.00424   |
|    d_learning_rate    | 5.16e-05  |
|    entropy_loss       | -1.19     |
|    explained_variance | 0.9924004 |
|    n_updates          | 2699      |
|    policy_loss        | -0.259    |
|    std                | 0.111     |
|    u_grad_norm        | 0.146     |
|    u_learning_rate    | 5.16e-06  |
|    v_grad_norm        | 0.895     |
|    v_learning_rate    | 1.85e-08  |
|    value_loss         | 0.277     |
-------------------------------------
------------------------------------
| rollout/              |          |
|    ep_len_mean        | 500      |
|    ep_rew_mean        | -3e+03   |
| time/                 |          |
|    fps                | 55       |
|    iterations         | 2700     |
|    time_elapsed       | 385      |
|    total_timesteps    | 21600    |
| train/                |          |
|    d_grad_norm        | 0.00742  |
|    d_learning_rate    | 5.16e-05 |
|    entropy_loss       | -0.551   |
|    explained_variance | 0.999816 |
|    n_updates          | 2699     |
|    policy_loss        | -0.0139  |
|    std                | 0.117    |
|    u_grad_norm        | 0.232    |
|    u_learning_rate    | 5.16e-06 |
|    v_grad_norm        | 0.823    |
|    v_learning_rate    | 1.85e-08 |
|    value_loss         | 0.0143   |
------------------------------------
-------------------------------------
| rollout/              |           |
|    ep_len_mean        | 500       |
|    ep_rew_mean        | -1.59e+03 |
| time/                 |           |
|    fps                | 55        |
|    iterations         | 2700      |
|    time_elapsed       | 385       |
|    total_timesteps    | 21600     |
| train/                |           |
|    d_grad_norm        | 0.00645   |
|    d_learning_rate    | 5.16e-05  |
|    entropy_loss       | -1.83     |
|    explained_variance | 0.984819  |
|    n_updates          | 2699      |
|    policy_loss        | 5.53      |
|    std                | 0.225     |
|    u_grad_norm        | 0.0349    |
|    u_learning_rate    | 5.16e-06  |
|    v_grad_norm        | 0.842     |
|    v_learning_rate    | 1.85e-08  |
|    value_loss         | 14        |
-------------------------------------
--------------------------------------
| rollout/              |            |
|    ep_len_mean        | 500        |
|    ep_rew_mean        | -1.35e+03  |
| time/                 |            |
|    fps                | 55         |
|    iterations         | 2700       |
|    time_elapsed       | 385        |
|    total_timesteps    | 21600      |
| train/                |            |
|    d_grad_norm        | 0.0724     |
|    d_learning_rate    | 5.16e-05   |
|    entropy_loss       | 0.372      |
|    explained_variance | -59.596264 |
|    n_updates          | 2699       |
|    policy_loss        | 0.653      |
|    std                | 0.241      |
|    u_grad_norm        | 0.347      |
|    u_learning_rate    | 5.16e-06   |
|    v_grad_norm        | 0.968      |
|    v_learning_rate    | 1.85e-08   |
|    value_loss         | 1.16       |
--------------------------------------
--------------------------------------
| rollout/              |            |
|    ep_len_mean        | 500        |
|    ep_rew_mean        | -3.67e+03  |
| time/                 |            |
|    fps                | 55         |
|    iterations         | 2700       |
|    time_elapsed       | 385        |
|    total_timesteps    | 21600      |
| train/                |            |
|    d_grad_norm        | 0.0117     |
|    d_learning_rate    | 5.16e-05   |
|    entropy_loss       | -1.04      |
|    explained_variance | 0.98520416 |
|    n_updates          | 2699       |
|    policy_loss        | -4         |
|    std                | 0.141      |
|    u_grad_norm        | 0.335      |
|    u_learning_rate    | 5.16e-06   |
|    v_grad_norm        | 0.722      |
|    v_learning_rate    | 1.85e-08   |
|    value_loss         | 4.98       |
--------------------------------------
-------------------------------------
| rollout/              |           |
|    ep_len_mean        | 500       |
|    ep_rew_mean        | -1.34e+03 |
| time/                 |           |
|    fps                | 55        |
|    iterations         | 2700      |
|    time_elapsed       | 385       |
|    total_timesteps    | 21600     |
| train/                |           |
|    d_grad_norm        | 0.0708    |
|    d_learning_rate    | 5.16e-05  |
|    entropy_loss       | -0.85     |
|    explained_variance | 0.9982922 |
|    n_updates          | 2699      |
|    policy_loss        | 0.774     |
|    std                | 0.239     |
|    u_grad_norm        | 0.118     |
|    u_learning_rate    | 5.16e-06  |
|    v_grad_norm        | 0.838     |
|    v_learning_rate    | 1.85e-08  |
|    value_loss         | 0.552     |
-------------------------------------
--------------------------------------
| rollout/              |            |
|    ep_len_mean        | 500        |
|    ep_rew_mean        | -3.63e+03  |
| time/                 |            |
|    fps                | 55         |
|    iterations         | 2700       |
|    time_elapsed       | 385        |
|    total_timesteps    | 21600      |
| train/                |            |
|    d_grad_norm        | 0.00117    |
|    d_learning_rate    | 5.16e-05   |
|    entropy_loss       | -1.78      |
|    explained_variance | 0.98003227 |
|    n_updates          | 2699       |
|    policy_loss        | -2.12      |
|    std                | 0.153      |
|    u_grad_norm        | 0.0251     |
|    u_learning_rate    | 5.16e-06   |
|    v_grad_norm        | 0.82       |
|    v_learning_rate    | 1.85e-08   |
|    value_loss         | 2.76       |
--------------------------------------
-------------------------------------
| rollout/              |           |
|    ep_len_mean        | 500       |
|    ep_rew_mean        | -982      |
| time/                 |           |
|    fps                | 55        |
|    iterations         | 2700      |
|    time_elapsed       | 386       |
|    total_timesteps    | 21600     |
| train/                |           |
|    d_grad_norm        | 0.00952   |
|    d_learning_rate    | 5.16e-05  |
|    entropy_loss       | 0.246     |
|    explained_variance | -0.111238 |
|    n_updates          | 2699      |
|    policy_loss        | 2.53      |
|    std                | 0.202     |
|    u_grad_norm        | 0.0383    |
|    u_learning_rate    | 5.16e-06  |
|    v_grad_norm        | 0.829     |
|    v_learning_rate    | 1.85e-08  |
|    value_loss         | 11.1      |
-------------------------------------
-------------------------------------
| rollout/              |           |
|    ep_len_mean        | 500       |
|    ep_rew_mean        | -3.75e+03 |
| time/                 |           |
|    fps                | 55        |
|    iterations         | 2700      |
|    time_elapsed       | 385       |
|    total_timesteps    | 21600     |
| train/                |           |
|    d_grad_norm        | 0.0313    |
|    d_learning_rate    | 5.16e-05  |
|    entropy_loss       | 0.246     |
|    explained_variance | 0.9467843 |
|    n_updates          | 2699      |
|    policy_loss        | -0.758    |
|    std                | 0.147     |
|    u_grad_norm        | 0.187     |
|    u_learning_rate    | 5.16e-06  |
|    v_grad_norm        | 0.939     |
|    v_learning_rate    | 1.85e-08  |
|    value_loss         | 3.74      |
-------------------------------------
-------------------------------------
| rollout/              |           |
|    ep_len_mean        | 500       |
|    ep_rew_mean        | -370      |
| time/                 |           |
|    fps                | 56        |
|    iterations         | 2800      |
|    time_elapsed       | 393       |
|    total_timesteps    | 22400     |
| train/                |           |
|    d_grad_norm        | 0.00112   |
|    d_learning_rate    | 5.03e-05  |
|    entropy_loss       | 0.866     |
|    explained_variance | -4.399928 |
|    n_updates          | 2799      |
|    policy_loss        | -0.00056  |
|    std                | 0.186     |
|    u_grad_norm        | 0.013     |
|    u_learning_rate    | 5.03e-06  |
|    v_grad_norm        | 0.171     |
|    v_learning_rate    | 1.79e-08  |
|    value_loss         | 8.44e-05  |
-------------------------------------
--------------------------------------
| rollout/              |            |
|    ep_len_mean        | 500        |
|    ep_rew_mean        | -2.83e+03  |
| time/                 |            |
|    fps                | 56         |
|    iterations         | 2800       |
|    time_elapsed       | 393        |
|    total_timesteps    | 22400      |
| train/                |            |
|    d_grad_norm        | 0.0421     |
|    d_learning_rate    | 5.03e-05   |
|    entropy_loss       | -1.08      |
|    explained_variance | 0.96413994 |
|    n_updates          | 2799       |
|    policy_loss        | 0.16       |
|    std                | 0.111      |
|    u_grad_norm        | 0.0737     |
|    u_learning_rate    | 5.03e-06   |
|    v_grad_norm        | 0.87       |
|    v_learning_rate    | 1.79e-08   |
|    value_loss         | 0.478      |
--------------------------------------
-------------------------------------
| rollout/              |           |
|    ep_len_mean        | 500       |
|    ep_rew_mean        | -1.6e+03  |
| time/                 |           |
|    fps                | 56        |
|    iterations         | 2800      |
|    time_elapsed       | 393       |
|    total_timesteps    | 22400     |
| train/                |           |
|    d_grad_norm        | 0.00653   |
|    d_learning_rate    | 5.03e-05  |
|    entropy_loss       | -0.941    |
|    explained_variance | 0.9966676 |
|    n_updates          | 2799      |
|    policy_loss        | -0.381    |
|    std                | 0.225     |
|    u_grad_norm        | 0.125     |
|    u_learning_rate    | 5.03e-06  |
|    v_grad_norm        | 0.867     |
|    v_learning_rate    | 1.79e-08  |
|    value_loss         | 0.282     |
-------------------------------------
--------------------------------------
| rollout/              |            |
|    ep_len_mean        | 500        |
|    ep_rew_mean        | -3e+03     |
| time/                 |            |
|    fps                | 56         |
|    iterations         | 2800       |
|    time_elapsed       | 393        |
|    total_timesteps    | 22400      |
| train/                |            |
|    d_grad_norm        | 0.00379    |
|    d_learning_rate    | 5.03e-05   |
|    entropy_loss       | -0.00422   |
|    explained_variance | 0.99943644 |
|    n_updates          | 2799       |
|    policy_loss        | -0.0864    |
|    std                | 0.117      |
|    u_grad_norm        | 0.204      |
|    u_learning_rate    | 5.03e-06   |
|    v_grad_norm        | 0.801      |
|    v_learning_rate    | 1.79e-08   |
|    value_loss         | 0.369      |
--------------------------------------
-------------------------------------
| rollout/              |           |
|    ep_len_mean        | 500       |
|    ep_rew_mean        | -3.64e+03 |
| time/                 |           |
|    fps                | 56        |
|    iterations         | 2800      |
|    time_elapsed       | 393       |
|    total_timesteps    | 22400     |
| train/                |           |
|    d_grad_norm        | 0.0144    |
|    d_learning_rate    | 5.03e-05  |
|    entropy_loss       | -1.45     |
|    explained_variance | 0.908501  |
|    n_updates          | 2799      |
|    policy_loss        | -0.85     |
|    std                | 0.153     |
|    u_grad_norm        | 0.0459    |
|    u_learning_rate    | 5.03e-06  |
|    v_grad_norm        | 0.967     |
|    v_learning_rate    | 1.79e-08  |
|    value_loss         | 1.12      |
-------------------------------------
--------------------------------------
| rollout/              |            |
|    ep_len_mean        | 500        |
|    ep_rew_mean        | -1.01e+03  |
| time/                 |            |
|    fps                | 56         |
|    iterations         | 2800       |
|    time_elapsed       | 393        |
|    total_timesteps    | 22400      |
| train/                |            |
|    d_grad_norm        | 0.0142     |
|    d_learning_rate    | 5.03e-05   |
|    entropy_loss       | 1.02       |
|    explained_variance | -10.779028 |
|    n_updates          | 2799       |
|    policy_loss        | -0.00559   |
|    std                | 0.202      |
|    u_grad_norm        | 0.197      |
|    u_learning_rate    | 5.03e-06   |
|    v_grad_norm        | 0.367      |
|    v_learning_rate    | 1.79e-08   |
|    value_loss         | 2.01e-05   |
--------------------------------------
-------------------------------------
| rollout/              |           |
|    ep_len_mean        | 500       |
|    ep_rew_mean        | -1.33e+03 |
| time/                 |           |
|    fps                | 56        |
|    iterations         | 2800      |
|    time_elapsed       | 393       |
|    total_timesteps    | 22400     |
| train/                |           |
|    d_grad_norm        | 0.0109    |
|    d_learning_rate    | 5.03e-05  |
|    entropy_loss       | -0.968    |
|    explained_variance | 0.9709878 |
|    n_updates          | 2799      |
|    policy_loss        | -3.4      |
|    std                | 0.241     |
|    u_grad_norm        | 0.166     |
|    u_learning_rate    | 5.03e-06  |
|    v_grad_norm        | 0.776     |
|    v_learning_rate    | 1.79e-08  |
|    value_loss         | 3.12      |
-------------------------------------
-------------------------------------
| rollout/              |           |
|    ep_len_mean        | 500       |
|    ep_rew_mean        | -3.67e+03 |
| time/                 |           |
|    fps                | 56        |
|    iterations         | 2800      |
|    time_elapsed       | 393       |
|    total_timesteps    | 22400     |
| train/                |           |
|    d_grad_norm        | 0.00565   |
|    d_learning_rate    | 5.03e-05  |
|    entropy_loss       | -1.46     |
|    explained_variance | 0.9707407 |
|    n_updates          | 2799      |
|    policy_loss        | 0.203     |
|    std                | 0.141     |
|    u_grad_norm        | 0.106     |
|    u_learning_rate    | 5.03e-06  |
|    v_grad_norm        | 0.839     |
|    v_learning_rate    | 1.79e-08  |
|    value_loss         | 0.856     |
-------------------------------------
--------------------------------------
| rollout/              |            |
|    ep_len_mean        | 500        |
|    ep_rew_mean        | -1.34e+03  |
| time/                 |            |
|    fps                | 56         |
|    iterations         | 2800       |
|    time_elapsed       | 393        |
|    total_timesteps    | 22400      |
| train/                |            |
|    d_grad_norm        | 0.0205     |
|    d_learning_rate    | 5.03e-05   |
|    entropy_loss       | 0.252      |
|    explained_variance | -12.573891 |
|    n_updates          | 2799       |
|    policy_loss        | -0.00894   |
|    std                | 0.239      |
|    u_grad_norm        | 0.467      |
|    u_learning_rate    | 5.03e-06   |
|    v_grad_norm        | 0.879      |
|    v_learning_rate    | 1.79e-08   |
|    value_loss         | 0.00121    |
--------------------------------------
-------------------------------------
| rollout/              |           |
|    ep_len_mean        | 500       |
|    ep_rew_mean        | -3.75e+03 |
| time/                 |           |
|    fps                | 56        |
|    iterations         | 2800      |
|    time_elapsed       | 393       |
|    total_timesteps    | 22400     |
| train/                |           |
|    d_grad_norm        | 0.0113    |
|    d_learning_rate    | 5.03e-05  |
|    entropy_loss       | -0.816    |
|    explained_variance | 0.7836801 |
|    n_updates          | 2799      |
|    policy_loss        | 0.589     |
|    std                | 0.147     |
|    u_grad_norm        | 0.0137    |
|    u_learning_rate    | 5.03e-06  |
|    v_grad_norm        | 0.934     |
|    v_learning_rate    | 1.79e-08  |
|    value_loss         | 3.04      |
-------------------------------------
------------------------------------
| rollout/              |          |
|    ep_len_mean        | 500      |
|    ep_rew_mean        | -371     |
| time/                 |          |
|    fps                | 57       |
|    iterations         | 2900     |
|    time_elapsed       | 401      |
|    total_timesteps    | 23200    |
| train/                |          |
|    d_grad_norm        | 0.00408  |
|    d_learning_rate    | 4.92e-05 |
|    entropy_loss       | 0.865    |
|    explained_variance | -411.188 |
|    n_updates          | 2899     |
|    policy_loss        | 0.00237  |
|    std                | 0.186    |
|    u_grad_norm        | 0.0982   |
|    u_learning_rate    | 4.92e-06 |
|    v_grad_norm        | 0.13     |
|    v_learning_rate    | 1.72e-08 |
|    value_loss         | 7.71e-06 |
------------------------------------
---------------------------------------
| rollout/              |             |
|    ep_len_mean        | 500         |
|    ep_rew_mean        | -1.64e+03   |
| time/                 |             |
|    fps                | 57          |
|    iterations         | 2900        |
|    time_elapsed       | 401         |
|    total_timesteps    | 23200       |
| train/                |             |
|    d_grad_norm        | 0.0599      |
|    d_learning_rate    | 4.92e-05    |
|    entropy_loss       | 1.32        |
|    explained_variance | -0.33926606 |
|    n_updates          | 2899        |
|    policy_loss        | 0.0259      |
|    std                | 0.225       |
|    u_grad_norm        | 0.515       |
|    u_learning_rate    | 4.92e-06    |
|    v_grad_norm        | 0.846       |
|    v_learning_rate    | 1.72e-08    |
|    value_loss         | 0.000156    |
---------------------------------------
-------------------------------------
| rollout/              |           |
|    ep_len_mean        | 500       |
|    ep_rew_mean        | -3.6e+03  |
| time/                 |           |
|    fps                | 57        |
|    iterations         | 2900      |
|    time_elapsed       | 401       |
|    total_timesteps    | 23200     |
| train/                |           |
|    d_grad_norm        | 0.0719    |
|    d_learning_rate    | 4.92e-05  |
|    entropy_loss       | -1.58     |
|    explained_variance | 0.8579503 |
|    n_updates          | 2899      |
|    policy_loss        | -2.74     |
|    std                | 0.153     |
|    u_grad_norm        | 0.0282    |
|    u_learning_rate    | 4.92e-06  |
|    v_grad_norm        | 0.925     |
|    v_learning_rate    | 1.72e-08  |
|    value_loss         | 8.26      |
-------------------------------------
--------------------------------------
| rollout/              |            |
|    ep_len_mean        | 500        |
|    ep_rew_mean        | -1.03e+03  |
| time/                 |            |
|    fps                | 57         |
|    iterations         | 2900       |
|    time_elapsed       | 401        |
|    total_timesteps    | 23200      |
| train/                |            |
|    d_grad_norm        | 0.0307     |
|    d_learning_rate    | 4.92e-05   |
|    entropy_loss       | -0.571     |
|    explained_variance | 0.99852467 |
|    n_updates          | 2899       |
|    policy_loss        | -0.043     |
|    std                | 0.202      |
|    u_grad_norm        | 0.0313     |
|    u_learning_rate    | 4.92e-06   |
|    v_grad_norm        | 1.02       |
|    v_learning_rate    | 1.72e-08   |
|    value_loss         | 0.0866     |
--------------------------------------
-------------------------------------
| rollout/              |           |
|    ep_len_mean        | 500       |
|    ep_rew_mean        | -2.84e+03 |
| time/                 |           |
|    fps                | 57        |
|    iterations         | 2900      |
|    time_elapsed       | 401       |
|    total_timesteps    | 23200     |
| train/                |           |
|    d_grad_norm        | 0.00906   |
|    d_learning_rate    | 4.92e-05  |
|    entropy_loss       | 0.392     |
|    explained_variance | 0.8688937 |
|    n_updates          | 2899      |
|    policy_loss        | 0.725     |
|    std                | 0.111     |
|    u_grad_norm        | 0.0078    |
|    u_learning_rate    | 4.92e-06  |
|    v_grad_norm        | 0.852     |
|    v_learning_rate    | 1.72e-08  |
|    value_loss         | 1.12      |
-------------------------------------
-------------------------------------
| rollout/              |           |
|    ep_len_mean        | 500       |
|    ep_rew_mean        | -3e+03    |
| time/                 |           |
|    fps                | 57        |
|    iterations         | 2900      |
|    time_elapsed       | 401       |
|    total_timesteps    | 23200     |
| train/                |           |
|    d_grad_norm        | 0.00533   |
|    d_learning_rate    | 4.92e-05  |
|    entropy_loss       | 0.115     |
|    explained_variance | 0.8744364 |
|    n_updates          | 2899      |
|    policy_loss        | -0.55     |
|    std                | 0.117     |
|    u_grad_norm        | 0.0737    |
|    u_learning_rate    | 4.92e-06  |
|    v_grad_norm        | 0.796     |
|    v_learning_rate    | 1.72e-08  |
|    value_loss         | 1.75      |
-------------------------------------
-------------------------------------
| rollout/              |           |
|    ep_len_mean        | 500       |
|    ep_rew_mean        | -1.35e+03 |
| time/                 |           |
|    fps                | 57        |
|    iterations         | 2900      |
|    time_elapsed       | 401       |
|    total_timesteps    | 23200     |
| train/                |           |
|    d_grad_norm        | 0.00199   |
|    d_learning_rate    | 4.92e-05  |
|    entropy_loss       | -0.932    |
|    explained_variance | 0.9926895 |
|    n_updates          | 2899      |
|    policy_loss        | -0.56     |
|    std                | 0.241     |
|    u_grad_norm        | 0.0497    |
|    u_learning_rate    | 4.92e-06  |
|    v_grad_norm        | 0.809     |
|    v_learning_rate    | 1.72e-08  |
|    value_loss         | 1.21      |
-------------------------------------
-------------------------------------
| rollout/              |           |
|    ep_len_mean        | 500       |
|    ep_rew_mean        | -3.67e+03 |
| time/                 |           |
|    fps                | 57        |
|    iterations         | 2900      |
|    time_elapsed       | 401       |
|    total_timesteps    | 23200     |
| train/                |           |
|    d_grad_norm        | 0.00762   |
|    d_learning_rate    | 4.92e-05  |
|    entropy_loss       | -1.27     |
|    explained_variance | 0.9974251 |
|    n_updates          | 2899      |
|    policy_loss        | 2.64      |
|    std                | 0.141     |
|    u_grad_norm        | 0.173     |
|    u_learning_rate    | 4.92e-06  |
|    v_grad_norm        | 0.817     |
|    v_learning_rate    | 1.72e-08  |
|    value_loss         | 2.56      |
-------------------------------------
-------------------------------------
| rollout/              |           |
|    ep_len_mean        | 500       |
|    ep_rew_mean        | -1.32e+03 |
| time/                 |           |
|    fps                | 57        |
|    iterations         | 2900      |
|    time_elapsed       | 401       |
|    total_timesteps    | 23200     |
| train/                |           |
|    d_grad_norm        | 0.00731   |
|    d_learning_rate    | 4.92e-05  |
|    entropy_loss       | -0.945    |
|    explained_variance | 0.9723518 |
|    n_updates          | 2899      |
|    policy_loss        | 0.792     |
|    std                | 0.239     |
|    u_grad_norm        | 0.00439   |
|    u_learning_rate    | 4.92e-06  |
|    v_grad_norm        | 0.795     |
|    v_learning_rate    | 1.72e-08  |
|    value_loss         | 4.08      |
-------------------------------------
--------------------------------------
| rollout/              |            |
|    ep_len_mean        | 500        |
|    ep_rew_mean        | -3.76e+03  |
| time/                 |            |
|    fps                | 57         |
|    iterations         | 2900       |
|    time_elapsed       | 402        |
|    total_timesteps    | 23200      |
| train/                |            |
|    d_grad_norm        | 0.059      |
|    d_learning_rate    | 4.92e-05   |
|    entropy_loss       | 0.0155     |
|    explained_variance | -0.0370934 |
|    n_updates          | 2899       |
|    policy_loss        | -0.898     |
|    std                | 0.147      |
|    u_grad_norm        | 0.0643     |
|    u_learning_rate    | 4.92e-06   |
|    v_grad_norm        | 0.912      |
|    v_learning_rate    | 1.72e-08   |
|    value_loss         | 3.54       |
--------------------------------------
-------------------------------------
| rollout/              |           |
|    ep_len_mean        | 500       |
|    ep_rew_mean        | -373      |
| time/                 |           |
|    fps                | 58        |
|    iterations         | 3000      |
|    time_elapsed       | 409       |
|    total_timesteps    | 24000     |
| train/                |           |
|    d_grad_norm        | 0.000821  |
|    d_learning_rate    | 4.81e-05  |
|    entropy_loss       | 0.852     |
|    explained_variance | -7.327141 |
|    n_updates          | 2999      |
|    policy_loss        | 0.000902  |
|    std                | 0.186     |
|    u_grad_norm        | 0.273     |
|    u_learning_rate    | 4.81e-06  |
|    v_grad_norm        | 0.0224    |
|    v_learning_rate    | 1.67e-08  |
|    value_loss         | 1.57e-05  |
-------------------------------------
--------------------------------------
| rollout/              |            |
|    ep_len_mean        | 500        |
|    ep_rew_mean        | -3.6e+03   |
| time/                 |            |
|    fps                | 58         |
|    iterations         | 3000       |
|    time_elapsed       | 409        |
|    total_timesteps    | 24000      |
| train/                |            |
|    d_grad_norm        | 0.0105     |
|    d_learning_rate    | 4.81e-05   |
|    entropy_loss       | -1.61      |
|    explained_variance | 0.98172593 |
|    n_updates          | 2999       |
|    policy_loss        | -0.0799    |
|    std                | 0.153      |
|    u_grad_norm        | 0.179      |
|    u_learning_rate    | 4.81e-06   |
|    v_grad_norm        | 0.723      |
|    v_learning_rate    | 1.67e-08   |
|    value_loss         | 0.942      |
--------------------------------------
-------------------------------------
| rollout/              |           |
|    ep_len_mean        | 500       |
|    ep_rew_mean        | -1.6e+03  |
| time/                 |           |
|    fps                | 58        |
|    iterations         | 3000      |
|    time_elapsed       | 409       |
|    total_timesteps    | 24000     |
| train/                |           |
|    d_grad_norm        | 0.0122    |
|    d_learning_rate    | 4.81e-05  |
|    entropy_loss       | 1.35      |
|    explained_variance | 0.9476515 |
|    n_updates          | 2999      |
|    policy_loss        | 0.00753   |
|    std                | 0.225     |
|    u_grad_norm        | 0.921     |
|    u_learning_rate    | 4.81e-06  |
|    v_grad_norm        | 0.343     |
|    v_learning_rate    | 1.67e-08  |
|    value_loss         | 3.01e-05  |
-------------------------------------
-------------------------------------
| rollout/              |           |
|    ep_len_mean        | 500       |
|    ep_rew_mean        | -1.04e+03 |
| time/                 |           |
|    fps                | 58        |
|    iterations         | 3000      |
|    time_elapsed       | 409       |
|    total_timesteps    | 24000     |
| train/                |           |
|    d_grad_norm        | 0.0409    |
|    d_learning_rate    | 4.81e-05  |
|    entropy_loss       | 0.996     |
|    explained_variance | -1.093101 |
|    n_updates          | 2999      |
|    policy_loss        | -0.00786  |
|    std                | 0.202     |
|    u_grad_norm        | 0.85      |
|    u_learning_rate    | 4.81e-06  |
|    v_grad_norm        | 0.38      |
|    v_learning_rate    | 1.67e-08  |
|    value_loss         | 0.000523  |
-------------------------------------
--------------------------------------
| rollout/              |            |
|    ep_len_mean        | 500        |
|    ep_rew_mean        | -2.84e+03  |
| time/                 |            |
|    fps                | 58         |
|    iterations         | 3000       |
|    time_elapsed       | 409        |
|    total_timesteps    | 24000      |
| train/                |            |
|    d_grad_norm        | 0.00268    |
|    d_learning_rate    | 4.81e-05   |
|    entropy_loss       | -1         |
|    explained_variance | 0.99099267 |
|    n_updates          | 2999       |
|    policy_loss        | -0.152     |
|    std                | 0.111      |
|    u_grad_norm        | 0.0143     |
|    u_learning_rate    | 4.81e-06   |
|    v_grad_norm        | 0.759      |
|    v_learning_rate    | 1.67e-08   |
|    value_loss         | 0.246      |
--------------------------------------
--------------------------------------
| rollout/              |            |
|    ep_len_mean        | 500        |
|    ep_rew_mean        | -3e+03     |
| time/                 |            |
|    fps                | 58         |
|    iterations         | 3000       |
|    time_elapsed       | 409        |
|    total_timesteps    | 24000      |
| train/                |            |
|    d_grad_norm        | 0.0104     |
|    d_learning_rate    | 4.81e-05   |
|    entropy_loss       | -0.0335    |
|    explained_variance | 0.99958384 |
|    n_updates          | 2999       |
|    policy_loss        | -0.256     |
|    std                | 0.117      |
|    u_grad_norm        | 0.0179     |
|    u_learning_rate    | 4.81e-06   |
|    v_grad_norm        | 0.824      |
|    v_learning_rate    | 1.67e-08   |
|    value_loss         | 0.316      |
--------------------------------------
-------------------------------------
| rollout/              |           |
|    ep_len_mean        | 500       |
|    ep_rew_mean        | -1.41e+03 |
| time/                 |           |
|    fps                | 58        |
|    iterations         | 3000      |
|    time_elapsed       | 409       |
|    total_timesteps    | 24000     |
| train/                |           |
|    d_grad_norm        | 0.0079    |
|    d_learning_rate    | 4.81e-05  |
|    entropy_loss       | -2.04     |
|    explained_variance | 0.997325  |
|    n_updates          | 2999      |
|    policy_loss        | 0.276     |
|    std                | 0.241     |
|    u_grad_norm        | 0.0169    |
|    u_learning_rate    | 4.81e-06  |
|    v_grad_norm        | 0.86      |
|    v_learning_rate    | 1.67e-08  |
|    value_loss         | 0.352     |
-------------------------------------
-------------------------------------
| rollout/              |           |
|    ep_len_mean        | 500       |
|    ep_rew_mean        | -3.67e+03 |
| time/                 |           |
|    fps                | 58        |
|    iterations         | 3000      |
|    time_elapsed       | 409       |
|    total_timesteps    | 24000     |
| train/                |           |
|    d_grad_norm        | 0.00315   |
|    d_learning_rate    | 4.81e-05  |
|    entropy_loss       | -1.18     |
|    explained_variance | 0.9949623 |
|    n_updates          | 2999      |
|    policy_loss        | 1.87      |
|    std                | 0.141     |
|    u_grad_norm        | 0.221     |
|    u_learning_rate    | 4.81e-06  |
|    v_grad_norm        | 0.805     |
|    v_learning_rate    | 1.67e-08  |
|    value_loss         | 1.5       |
-------------------------------------
-------------------------------------
| rollout/              |           |
|    ep_len_mean        | 500       |
|    ep_rew_mean        | -1.39e+03 |
| time/                 |           |
|    fps                | 58        |
|    iterations         | 3000      |
|    time_elapsed       | 409       |
|    total_timesteps    | 24000     |
| train/                |           |
|    d_grad_norm        | 0.0108    |
|    d_learning_rate    | 4.81e-05  |
|    entropy_loss       | -1.41     |
|    explained_variance | 0.9194075 |
|    n_updates          | 2999      |
|    policy_loss        | -1.86     |
|    std                | 0.239     |
|    u_grad_norm        | 0.0174    |
|    u_learning_rate    | 4.81e-06  |
|    v_grad_norm        | 0.838     |
|    v_learning_rate    | 1.67e-08  |
|    value_loss         | 5.02      |
-------------------------------------
-------------------------------------
| rollout/              |           |
|    ep_len_mean        | 500       |
|    ep_rew_mean        | -3.77e+03 |
| time/                 |           |
|    fps                | 58        |
|    iterations         | 3000      |
|    time_elapsed       | 410       |
|    total_timesteps    | 24000     |
| train/                |           |
|    d_grad_norm        | 0.0136    |
|    d_learning_rate    | 4.81e-05  |
|    entropy_loss       | -0.384    |
|    explained_variance | 0.5217898 |
|    n_updates          | 2999      |
|    policy_loss        | 0.256     |
|    std                | 0.147     |
|    u_grad_norm        | 0.104     |
|    u_learning_rate    | 4.81e-06  |
|    v_grad_norm        | 0.955     |
|    v_learning_rate    | 1.67e-08  |
|    value_loss         | 2.3       |
-------------------------------------
--------------------------------------
| rollout/              |            |
|    ep_len_mean        | 500        |
|    ep_rew_mean        | -368       |
| time/                 |            |
|    fps                | 59         |
|    iterations         | 3100       |
|    time_elapsed       | 417        |
|    total_timesteps    | 24800      |
| train/                |            |
|    d_grad_norm        | 0.00211    |
|    d_learning_rate    | 4.7e-05    |
|    entropy_loss       | 0.865      |
|    explained_variance | -10.732206 |
|    n_updates          | 3099       |
|    policy_loss        | 0.000531   |
|    std                | 0.186      |
|    u_grad_norm        | 0.00765    |
|    u_learning_rate    | 4.7e-06    |
|    v_grad_norm        | 0.25       |
|    v_learning_rate    | 1.61e-08   |
|    value_loss         | 3.36e-06   |
--------------------------------------
--------------------------------------
| rollout/              |            |
|    ep_len_mean        | 500        |
|    ep_rew_mean        | -3.61e+03  |
| time/                 |            |
|    fps                | 59         |
|    iterations         | 3100       |
|    time_elapsed       | 417        |
|    total_timesteps    | 24800      |
| train/                |            |
|    d_grad_norm        | 0.000656   |
|    d_learning_rate    | 4.7e-05    |
|    entropy_loss       | -1.63      |
|    explained_variance | 0.98239833 |
|    n_updates          | 3099       |
|    policy_loss        | 0.267      |
|    std                | 0.153      |
|    u_grad_norm        | 0.0493     |
|    u_learning_rate    | 4.7e-06    |
|    v_grad_norm        | 0.808      |
|    v_learning_rate    | 1.61e-08   |
|    value_loss         | 0.8        |
--------------------------------------
--------------------------------------
| rollout/              |            |
|    ep_len_mean        | 500        |
|    ep_rew_mean        | -1.02e+03  |
| time/                 |            |
|    fps                | 59         |
|    iterations         | 3100       |
|    time_elapsed       | 417        |
|    total_timesteps    | 24800      |
| train/                |            |
|    d_grad_norm        | 0.0181     |
|    d_learning_rate    | 4.7e-05    |
|    entropy_loss       | 0.99       |
|    explained_variance | -1.4213097 |
|    n_updates          | 3099       |
|    policy_loss        | -0.00434   |
|    std                | 0.202      |
|    u_grad_norm        | 0.439      |
|    u_learning_rate    | 4.7e-06    |
|    v_grad_norm        | 0.447      |
|    v_learning_rate    | 1.61e-08   |
|    value_loss         | 1.38e-05   |
--------------------------------------
--------------------------------------
| rollout/              |            |
|    ep_len_mean        | 500        |
|    ep_rew_mean        | -1.56e+03  |
| time/                 |            |
|    fps                | 59         |
|    iterations         | 3100       |
|    time_elapsed       | 417        |
|    total_timesteps    | 24800      |
| train/                |            |
|    d_grad_norm        | 0.002      |
|    d_learning_rate    | 4.7e-05    |
|    entropy_loss       | -1.13      |
|    explained_variance | 0.99948305 |
|    n_updates          | 3099       |
|    policy_loss        | 0.158      |
|    std                | 0.225      |
|    u_grad_norm        | 0.0534     |
|    u_learning_rate    | 4.7e-06    |
|    v_grad_norm        | 0.976      |
|    v_learning_rate    | 1.61e-08   |
|    value_loss         | 0.11       |
--------------------------------------
-------------------------------------
| rollout/              |           |
|    ep_len_mean        | 500       |
|    ep_rew_mean        | -3e+03    |
| time/                 |           |
|    fps                | 59        |
|    iterations         | 3100      |
|    time_elapsed       | 417       |
|    total_timesteps    | 24800     |
| train/                |           |
|    d_grad_norm        | 0.00401   |
|    d_learning_rate    | 4.7e-05   |
|    entropy_loss       | -0.0256   |
|    explained_variance | 0.9808646 |
|    n_updates          | 3099      |
|    policy_loss        | -0.172    |
|    std                | 0.117     |
|    u_grad_norm        | 0.134     |
|    u_learning_rate    | 4.7e-06   |
|    v_grad_norm        | 0.778     |
|    v_learning_rate    | 1.61e-08  |
|    value_loss         | 0.778     |
-------------------------------------
--------------------------------------
| rollout/              |            |
|    ep_len_mean        | 500        |
|    ep_rew_mean        | -2.84e+03  |
| time/                 |            |
|    fps                | 59         |
|    iterations         | 3100       |
|    time_elapsed       | 417        |
|    total_timesteps    | 24800      |
| train/                |            |
|    d_grad_norm        | 0.0393     |
|    d_learning_rate    | 4.7e-05    |
|    entropy_loss       | 0.668      |
|    explained_variance | 0.95955265 |
|    n_updates          | 3099       |
|    policy_loss        | -3.38      |
|    std                | 0.111      |
|    u_grad_norm        | 0.572      |
|    u_learning_rate    | 4.7e-06    |
|    v_grad_norm        | 0.612      |
|    v_learning_rate    | 1.61e-08   |
|    value_loss         | 12         |
--------------------------------------
-------------------------------------
| rollout/              |           |
|    ep_len_mean        | 500       |
|    ep_rew_mean        | -1.39e+03 |
| time/                 |           |
|    fps                | 59        |
|    iterations         | 3100      |
|    time_elapsed       | 417       |
|    total_timesteps    | 24800     |
| train/                |           |
|    d_grad_norm        | 0.0178    |
|    d_learning_rate    | 4.7e-05   |
|    entropy_loss       | 0.441     |
|    explained_variance | -9.810906 |
|    n_updates          | 3099      |
|    policy_loss        | -0.0113   |
|    std                | 0.241     |
|    u_grad_norm        | 0.707     |
|    u_learning_rate    | 4.7e-06   |
|    v_grad_norm        | 0.697     |
|    v_learning_rate    | 1.61e-08  |
|    value_loss         | 0.0164    |
-------------------------------------
--------------------------------------
| rollout/              |            |
|    ep_len_mean        | 500        |
|    ep_rew_mean        | -3.67e+03  |
| time/                 |            |
|    fps                | 59         |
|    iterations         | 3100       |
|    time_elapsed       | 417        |
|    total_timesteps    | 24800      |
| train/                |            |
|    d_grad_norm        | 0.0177     |
|    d_learning_rate    | 4.7e-05    |
|    entropy_loss       | -1.53      |
|    explained_variance | 0.98470104 |
|    n_updates          | 3099       |
|    policy_loss        | -0.609     |
|    std                | 0.141      |
|    u_grad_norm        | 0.118      |
|    u_learning_rate    | 4.7e-06    |
|    v_grad_norm        | 0.789      |
|    v_learning_rate    | 1.61e-08   |
|    value_loss         | 1.31       |
--------------------------------------
-------------------------------------
| rollout/              |           |
|    ep_len_mean        | 500       |
|    ep_rew_mean        | -1.41e+03 |
| time/                 |           |
|    fps                | 59        |
|    iterations         | 3100      |
|    time_elapsed       | 417       |
|    total_timesteps    | 24800     |
| train/                |           |
|    d_grad_norm        | 0.0547    |
|    d_learning_rate    | 4.7e-05   |
|    entropy_loss       | -1.14     |
|    explained_variance | 0.7487289 |
|    n_updates          | 3099      |
|    policy_loss        | -3.35     |
|    std                | 0.239     |
|    u_grad_norm        | 0.0207    |
|    u_learning_rate    | 4.7e-06   |
|    v_grad_norm        | 0.785     |
|    v_learning_rate    | 1.61e-08  |
|    value_loss         | 25.5      |
-------------------------------------
--------------------------------------
| rollout/              |            |
|    ep_len_mean        | 500        |
|    ep_rew_mean        | -3.77e+03  |
| time/                 |            |
|    fps                | 59         |
|    iterations         | 3100       |
|    time_elapsed       | 418        |
|    total_timesteps    | 24800      |
| train/                |            |
|    d_grad_norm        | 0.0599     |
|    d_learning_rate    | 4.7e-05    |
|    entropy_loss       | -0.109     |
|    explained_variance | 0.23192674 |
|    n_updates          | 3099       |
|    policy_loss        | -0.00522   |
|    std                | 0.147      |
|    u_grad_norm        | 0.131      |
|    u_learning_rate    | 4.7e-06    |
|    v_grad_norm        | 0.92       |
|    v_learning_rate    | 1.61e-08   |
|    value_loss         | 0.859      |
--------------------------------------
--------------------------------------
| rollout/              |            |
|    ep_len_mean        | 500        |
|    ep_rew_mean        | -380       |
| time/                 |            |
|    fps                | 60         |
|    iterations         | 3200       |
|    time_elapsed       | 425        |
|    total_timesteps    | 25600      |
| train/                |            |
|    d_grad_norm        | 0.00102    |
|    d_learning_rate    | 4.61e-05   |
|    entropy_loss       | 0.861      |
|    explained_variance | 0.64308465 |
|    n_updates          | 3199       |
|    policy_loss        | -0.000562  |
|    std                | 0.186      |
|    u_grad_norm        | 0.575      |
|    u_learning_rate    | 4.61e-06   |
|    v_grad_norm        | 0.463      |
|    v_learning_rate    | 1.56e-08   |
|    value_loss         | 1.36e-05   |
--------------------------------------
-------------------------------------
| rollout/              |           |
|    ep_len_mean        | 500       |
|    ep_rew_mean        | -3e+03    |
| time/                 |           |
|    fps                | 60        |
|    iterations         | 3200      |
|    time_elapsed       | 425       |
|    total_timesteps    | 25600     |
| train/                |           |
|    d_grad_norm        | 0.0179    |
|    d_learning_rate    | 4.61e-05  |
|    entropy_loss       | 0.137     |
|    explained_variance | 0.9356638 |
|    n_updates          | 3199      |
|    policy_loss        | -0.809    |
|    std                | 0.117     |
|    u_grad_norm        | 0.00489   |
|    u_learning_rate    | 4.61e-06  |
|    v_grad_norm        | 0.809     |
|    v_learning_rate    | 1.56e-08  |
|    value_loss         | 2.23      |
-------------------------------------
-------------------------------------
| rollout/              |           |
|    ep_len_mean        | 500       |
|    ep_rew_mean        | -1.59e+03 |
| time/                 |           |
|    fps                | 60        |
|    iterations         | 3200      |
|    time_elapsed       | 425       |
|    total_timesteps    | 25600     |
| train/                |           |
|    d_grad_norm        | 0.0567    |
|    d_learning_rate    | 4.61e-05  |
|    entropy_loss       | -0.381    |
|    explained_variance | 0.9887161 |
|    n_updates          | 3199      |
|    policy_loss        | -0.203    |
|    std                | 0.225     |
|    u_grad_norm        | 0.204     |
|    u_learning_rate    | 4.61e-06  |
|    v_grad_norm        | 0.973     |
|    v_learning_rate    | 1.56e-08  |
|    value_loss         | 2.49      |
-------------------------------------
-------------------------------------
| rollout/              |           |
|    ep_len_mean        | 500       |
|    ep_rew_mean        | -1.01e+03 |
| time/                 |           |
|    fps                | 60        |
|    iterations         | 3200      |
|    time_elapsed       | 425       |
|    total_timesteps    | 25600     |
| train/                |           |
|    d_grad_norm        | 0.00677   |
|    d_learning_rate    | 4.61e-05  |
|    entropy_loss       | 1.03      |
|    explained_variance | -30.38385 |
|    n_updates          | 3199      |
|    policy_loss        | -0.00326  |
|    std                | 0.202     |
|    u_grad_norm        | 0.439     |
|    u_learning_rate    | 4.61e-06  |
|    v_grad_norm        | 0.586     |
|    v_learning_rate    | 1.56e-08  |
|    value_loss         | 2.75e-05  |
-------------------------------------
--------------------------------------
| rollout/              |            |
|    ep_len_mean        | 500        |
|    ep_rew_mean        | -3.63e+03  |
| time/                 |            |
|    fps                | 60         |
|    iterations         | 3200       |
|    time_elapsed       | 425        |
|    total_timesteps    | 25600      |
| train/                |            |
|    d_grad_norm        | 0.0976     |
|    d_learning_rate    | 4.61e-05   |
|    entropy_loss       | -0.978     |
|    explained_variance | 0.99629056 |
|    n_updates          | 3199       |
|    policy_loss        | -0.0204    |
|    std                | 0.153      |
|    u_grad_norm        | 0.0902     |
|    u_learning_rate    | 4.61e-06   |
|    v_grad_norm        | 0.866      |
|    v_learning_rate    | 1.56e-08   |
|    value_loss         | 0.194      |
--------------------------------------
-------------------------------------
| rollout/              |           |
|    ep_len_mean        | 500       |
|    ep_rew_mean        | -2.84e+03 |
| time/                 |           |
|    fps                | 60        |
|    iterations         | 3200      |
|    time_elapsed       | 425       |
|    total_timesteps    | 25600     |
| train/                |           |
|    d_grad_norm        | 0.0539    |
|    d_learning_rate    | 4.61e-05  |
|    entropy_loss       | -0.903    |
|    explained_variance | 0.9942733 |
|    n_updates          | 3199      |
|    policy_loss        | -0.047    |
|    std                | 0.111     |
|    u_grad_norm        | 0.0972    |
|    u_learning_rate    | 4.61e-06  |
|    v_grad_norm        | 0.977     |
|    v_learning_rate    | 1.56e-08  |
|    value_loss         | 0.31      |
-------------------------------------
----------------------------------------
| rollout/              |              |
|    ep_len_mean        | 500          |
|    ep_rew_mean        | -1.35e+03    |
| time/                 |              |
|    fps                | 60           |
|    iterations         | 3200         |
|    time_elapsed       | 425          |
|    total_timesteps    | 25600        |
| train/                |              |
|    d_grad_norm        | 0.0131       |
|    d_learning_rate    | 4.61e-05     |
|    entropy_loss       | 0.507        |
|    explained_variance | -0.043540716 |
|    n_updates          | 3199         |
|    policy_loss        | 0.371        |
|    std                | 0.241        |
|    u_grad_norm        | 0.55         |
|    u_learning_rate    | 4.61e-06     |
|    v_grad_norm        | 0.841        |
|    v_learning_rate    | 1.56e-08     |
|    value_loss         | 0.327        |
----------------------------------------
--------------------------------------
| rollout/              |            |
|    ep_len_mean        | 500        |
|    ep_rew_mean        | -1.44e+03  |
| time/                 |            |
|    fps                | 60         |
|    iterations         | 3200       |
|    time_elapsed       | 426        |
|    total_timesteps    | 25600      |
| train/                |            |
|    d_grad_norm        | 0.0354     |
|    d_learning_rate    | 4.61e-05   |
|    entropy_loss       | -1.3       |
|    explained_variance | 0.93144244 |
|    n_updates          | 3199       |
|    policy_loss        | 0.857      |
|    std                | 0.239      |
|    u_grad_norm        | 0.049      |
|    u_learning_rate    | 4.61e-06   |
|    v_grad_norm        | 0.803      |
|    v_learning_rate    | 1.56e-08   |
|    value_loss         | 1.84       |
--------------------------------------
-------------------------------------
| rollout/              |           |
|    ep_len_mean        | 500       |
|    ep_rew_mean        | -3.67e+03 |
| time/                 |           |
|    fps                | 60        |
|    iterations         | 3200      |
|    time_elapsed       | 426       |
|    total_timesteps    | 25600     |
| train/                |           |
|    d_grad_norm        | 0.00845   |
|    d_learning_rate    | 4.61e-05  |
|    entropy_loss       | -1.08     |
|    explained_variance | 0.9930257 |
|    n_updates          | 3199      |
|    policy_loss        | 0.923     |
|    std                | 0.141     |
|    u_grad_norm        | 0.107     |
|    u_learning_rate    | 4.61e-06  |
|    v_grad_norm        | 0.813     |
|    v_learning_rate    | 1.56e-08  |
|    value_loss         | 2.22      |
-------------------------------------
-------------------------------------
| rollout/              |           |
|    ep_len_mean        | 500       |
|    ep_rew_mean        | -3.78e+03 |
| time/                 |           |
|    fps                | 60        |
|    iterations         | 3200      |
|    time_elapsed       | 426       |
|    total_timesteps    | 25600     |
| train/                |           |
|    d_grad_norm        | 0.00477   |
|    d_learning_rate    | 4.61e-05  |
|    entropy_loss       | -1.23     |
|    explained_variance | 0.9958579 |
|    n_updates          | 3199      |
|    policy_loss        | 0.422     |
|    std                | 0.147     |
|    u_grad_norm        | 0.0057    |
|    u_learning_rate    | 4.61e-06  |
|    v_grad_norm        | 0.946     |
|    v_learning_rate    | 1.56e-08  |
|    value_loss         | 0.5       |
-------------------------------------
--------------------------------------
| rollout/              |            |
|    ep_len_mean        | 500        |
|    ep_rew_mean        | -377       |
| time/                 |            |
|    fps                | 60         |
|    iterations         | 3300       |
|    time_elapsed       | 433        |
|    total_timesteps    | 26400      |
| train/                |            |
|    d_grad_norm        | 0.00257    |
|    d_learning_rate    | 4.51e-05   |
|    entropy_loss       | 0.856      |
|    explained_variance | -0.5639434 |
|    n_updates          | 3299       |
|    policy_loss        | 0.000665   |
|    std                | 0.186      |
|    u_grad_norm        | 0.0759     |
|    u_learning_rate    | 4.51e-06   |
|    v_grad_norm        | 0.178      |
|    v_learning_rate    | 1.52e-08   |
|    value_loss         | 5.18e-06   |
--------------------------------------
--------------------------------------
| rollout/              |            |
|    ep_len_mean        | 500        |
|    ep_rew_mean        | -3e+03     |
| time/                 |            |
|    fps                | 60         |
|    iterations         | 3300       |
|    time_elapsed       | 433        |
|    total_timesteps    | 26400      |
| train/                |            |
|    d_grad_norm        | 0.0247     |
|    d_learning_rate    | 4.51e-05   |
|    entropy_loss       | -0.361     |
|    explained_variance | 0.99940276 |
|    n_updates          | 3299       |
|    policy_loss        | 0.0403     |
|    std                | 0.117      |
|    u_grad_norm        | 0.166      |
|    u_learning_rate    | 4.51e-06   |
|    v_grad_norm        | 0.874      |
|    v_learning_rate    | 1.52e-08   |
|    value_loss         | 0.0913     |
--------------------------------------
-------------------------------------
| rollout/              |           |
|    ep_len_mean        | 500       |
|    ep_rew_mean        | -988      |
| time/                 |           |
|    fps                | 60        |
|    iterations         | 3300      |
|    time_elapsed       | 433       |
|    total_timesteps    | 26400     |
| train/                |           |
|    d_grad_norm        | 0.0178    |
|    d_learning_rate    | 4.51e-05  |
|    entropy_loss       | -1.18     |
|    explained_variance | 0.9997427 |
|    n_updates          | 3299      |
|    policy_loss        | -0.457    |
|    std                | 0.202     |
|    u_grad_norm        | 0.121     |
|    u_learning_rate    | 4.51e-06  |
|    v_grad_norm        | 0.982     |
|    v_learning_rate    | 1.52e-08  |
|    value_loss         | 0.139     |
-------------------------------------
--------------------------------------
| rollout/              |            |
|    ep_len_mean        | 500        |
|    ep_rew_mean        | -1.61e+03  |
| time/                 |            |
|    fps                | 60         |
|    iterations         | 3300       |
|    time_elapsed       | 433        |
|    total_timesteps    | 26400      |
| train/                |            |
|    d_grad_norm        | 0.0821     |
|    d_learning_rate    | 4.51e-05   |
|    entropy_loss       | -0.632     |
|    explained_variance | 0.97733045 |
|    n_updates          | 3299       |
|    policy_loss        | 0.178      |
|    std                | 0.225      |
|    u_grad_norm        | 0.102      |
|    u_learning_rate    | 4.51e-06   |
|    v_grad_norm        | 1          |
|    v_learning_rate    | 1.52e-08   |
|    value_loss         | 1.62       |
--------------------------------------
-------------------------------------
| rollout/              |           |
|    ep_len_mean        | 500       |
|    ep_rew_mean        | -3.62e+03 |
| time/                 |           |
|    fps                | 60        |
|    iterations         | 3300      |
|    time_elapsed       | 433       |
|    total_timesteps    | 26400     |
| train/                |           |
|    d_grad_norm        | 0.0037    |
|    d_learning_rate    | 4.51e-05  |
|    entropy_loss       | -1.6      |
|    explained_variance | 0.9562228 |
|    n_updates          | 3299      |
|    policy_loss        | -1.25     |
|    std                | 0.153     |
|    u_grad_norm        | 0.139     |
|    u_learning_rate    | 4.51e-06  |
|    v_grad_norm        | 0.96      |
|    v_learning_rate    | 1.52e-08  |
|    value_loss         | 0.46      |
-------------------------------------
-------------------------------------
| rollout/              |           |
|    ep_len_mean        | 500       |
|    ep_rew_mean        | -2.84e+03 |
| time/                 |           |
|    fps                | 60        |
|    iterations         | 3300      |
|    time_elapsed       | 433       |
|    total_timesteps    | 26400     |
| train/                |           |
|    d_grad_norm        | 0.0101    |
|    d_learning_rate    | 4.51e-05  |
|    entropy_loss       | -1.69     |
|    explained_variance | 0.9922308 |
|    n_updates          | 3299      |
|    policy_loss        | 0.712     |
|    std                | 0.111     |
|    u_grad_norm        | 0.0939    |
|    u_learning_rate    | 4.51e-06  |
|    v_grad_norm        | 0.849     |
|    v_learning_rate    | 1.52e-08  |
|    value_loss         | 0.887     |
-------------------------------------
-------------------------------------
| rollout/              |           |
|    ep_len_mean        | 500       |
|    ep_rew_mean        | -1.33e+03 |
| time/                 |           |
|    fps                | 60        |
|    iterations         | 3300      |
|    time_elapsed       | 434       |
|    total_timesteps    | 26400     |
| train/                |           |
|    d_grad_norm        | 0.0139    |
|    d_learning_rate    | 4.51e-05  |
|    entropy_loss       | 0.465     |
|    explained_variance | -59.39237 |
|    n_updates          | 3299      |
|    policy_loss        | 0.153     |
|    std                | 0.241     |
|    u_grad_norm        | 0.612     |
|    u_learning_rate    | 4.51e-06  |
|    v_grad_norm        | 0.777     |
|    v_learning_rate    | 1.52e-08  |
|    value_loss         | 0.388     |
-------------------------------------
--------------------------------------
| rollout/              |            |
|    ep_len_mean        | 500        |
|    ep_rew_mean        | -1.47e+03  |
| time/                 |            |
|    fps                | 60         |
|    iterations         | 3300       |
|    time_elapsed       | 434        |
|    total_timesteps    | 26400      |
| train/                |            |
|    d_grad_norm        | 0.0326     |
|    d_learning_rate    | 4.51e-05   |
|    entropy_loss       | 0.333      |
|    explained_variance | -1.7189579 |
|    n_updates          | 3299       |
|    policy_loss        | 0.00514    |
|    std                | 0.239      |
|    u_grad_norm        | 0.328      |
|    u_learning_rate    | 4.51e-06   |
|    v_grad_norm        | 0.937      |
|    v_learning_rate    | 1.52e-08   |
|    value_loss         | 0.000212   |
--------------------------------------
-------------------------------------
| rollout/              |           |
|    ep_len_mean        | 500       |
|    ep_rew_mean        | -3.67e+03 |
| time/                 |           |
|    fps                | 60        |
|    iterations         | 3300      |
|    time_elapsed       | 434       |
|    total_timesteps    | 26400     |
| train/                |           |
|    d_grad_norm        | 0.00341   |
|    d_learning_rate    | 4.51e-05  |
|    entropy_loss       | -1.01     |
|    explained_variance | 0.7235476 |
|    n_updates          | 3299      |
|    policy_loss        | -3.76     |
|    std                | 0.141     |
|    u_grad_norm        | 0.155     |
|    u_learning_rate    | 4.51e-06  |
|    v_grad_norm        | 0.785     |
|    v_learning_rate    | 1.52e-08  |
|    value_loss         | 20.2      |
-------------------------------------
--------------------------------------
| rollout/              |            |
|    ep_len_mean        | 500        |
|    ep_rew_mean        | -3.78e+03  |
| time/                 |            |
|    fps                | 60         |
|    iterations         | 3300       |
|    time_elapsed       | 434        |
|    total_timesteps    | 26400      |
| train/                |            |
|    d_grad_norm        | 0.0307     |
|    d_learning_rate    | 4.51e-05   |
|    entropy_loss       | -0.74      |
|    explained_variance | 0.81816435 |
|    n_updates          | 3299       |
|    policy_loss        | 1.1        |
|    std                | 0.147      |
|    u_grad_norm        | 0.0953     |
|    u_learning_rate    | 4.51e-06   |
|    v_grad_norm        | 0.92       |
|    v_learning_rate    | 1.52e-08   |
|    value_loss         | 4.27       |
--------------------------------------
--------------------------------------
| rollout/              |            |
|    ep_len_mean        | 500        |
|    ep_rew_mean        | -3e+03     |
| time/                 |            |
|    fps                | 61         |
|    iterations         | 3400       |
|    time_elapsed       | 441        |
|    total_timesteps    | 27200      |
| train/                |            |
|    d_grad_norm        | 0.0156     |
|    d_learning_rate    | 4.42e-05   |
|    entropy_loss       | -0.218     |
|    explained_variance | 0.99871856 |
|    n_updates          | 3399       |
|    policy_loss        | 0.091      |
|    std                | 0.117      |
|    u_grad_norm        | 0.0133     |
|    u_learning_rate    | 4.42e-06   |
|    v_grad_norm        | 0.891      |
|    v_learning_rate    | 1.47e-08   |
|    value_loss         | 0.178      |
--------------------------------------
--------------------------------------
| rollout/              |            |
|    ep_len_mean        | 500        |
|    ep_rew_mean        | -366       |
| time/                 |            |
|    fps                | 61         |
|    iterations         | 3400       |
|    time_elapsed       | 441        |
|    total_timesteps    | 27200      |
| train/                |            |
|    d_grad_norm        | 0.00948    |
|    d_learning_rate    | 4.42e-05   |
|    entropy_loss       | 0.838      |
|    explained_variance | -3.4234924 |
|    n_updates          | 3399       |
|    policy_loss        | -0.000209  |
|    std                | 0.186      |
|    u_grad_norm        | 0.421      |
|    u_learning_rate    | 4.42e-06   |
|    v_grad_norm        | 0.0579     |
|    v_learning_rate    | 1.47e-08   |
|    value_loss         | 1.76e-05   |
--------------------------------------
--------------------------------------
| rollout/              |            |
|    ep_len_mean        | 500        |
|    ep_rew_mean        | -990       |
| time/                 |            |
|    fps                | 61         |
|    iterations         | 3400       |
|    time_elapsed       | 441        |
|    total_timesteps    | 27200      |
| train/                |            |
|    d_grad_norm        | 0.00957    |
|    d_learning_rate    | 4.42e-05   |
|    entropy_loss       | -2.47      |
|    explained_variance | 0.99809206 |
|    n_updates          | 3399       |
|    policy_loss        | -1.55      |
|    std                | 0.202      |
|    u_grad_norm        | 0.0703     |
|    u_learning_rate    | 4.42e-06   |
|    v_grad_norm        | 0.888      |
|    v_learning_rate    | 1.47e-08   |
|    value_loss         | 0.497      |
--------------------------------------
-------------------------------------
| rollout/              |           |
|    ep_len_mean        | 500       |
|    ep_rew_mean        | -1.64e+03 |
| time/                 |           |
|    fps                | 61        |
|    iterations         | 3400      |
|    time_elapsed       | 441       |
|    total_timesteps    | 27200     |
| train/                |           |
|    d_grad_norm        | 0.00187   |
|    d_learning_rate    | 4.42e-05  |
|    entropy_loss       | -1.4      |
|    explained_variance | 0.9465145 |
|    n_updates          | 3399      |
|    policy_loss        | 9.17      |
|    std                | 0.225     |
|    u_grad_norm        | 0.00811   |
|    u_learning_rate    | 4.42e-06  |
|    v_grad_norm        | 0.824     |
|    v_learning_rate    | 1.47e-08  |
|    value_loss         | 65.2      |
-------------------------------------
-------------------------------------
| rollout/              |           |
|    ep_len_mean        | 500       |
|    ep_rew_mean        | -3.63e+03 |
| time/                 |           |
|    fps                | 61        |
|    iterations         | 3400      |
|    time_elapsed       | 441       |
|    total_timesteps    | 27200     |
| train/                |           |
|    d_grad_norm        | 0.0348    |
|    d_learning_rate    | 4.42e-05  |
|    entropy_loss       | -1.57     |
|    explained_variance | 0.9776886 |
|    n_updates          | 3399      |
|    policy_loss        | -3.26     |
|    std                | 0.153     |
|    u_grad_norm        | 0.0639    |
|    u_learning_rate    | 4.42e-06  |
|    v_grad_norm        | 0.947     |
|    v_learning_rate    | 1.47e-08  |
|    value_loss         | 5.85      |
-------------------------------------
-------------------------------------
| rollout/              |           |
|    ep_len_mean        | 500       |
|    ep_rew_mean        | -2.83e+03 |
| time/                 |           |
|    fps                | 61        |
|    iterations         | 3400      |
|    time_elapsed       | 441       |
|    total_timesteps    | 27200     |
| train/                |           |
|    d_grad_norm        | 0.00748   |
|    d_learning_rate    | 4.42e-05  |
|    entropy_loss       | -0.563    |
|    explained_variance | 0.998735  |
|    n_updates          | 3399      |
|    policy_loss        | -0.342    |
|    std                | 0.111     |
|    u_grad_norm        | 0.22      |
|    u_learning_rate    | 4.42e-06  |
|    v_grad_norm        | 0.969     |
|    v_learning_rate    | 1.47e-08  |
|    value_loss         | 0.177     |
-------------------------------------
-------------------------------------
| rollout/              |           |
|    ep_len_mean        | 500       |
|    ep_rew_mean        | -1.29e+03 |
| time/                 |           |
|    fps                | 61        |
|    iterations         | 3400      |
|    time_elapsed       | 442       |
|    total_timesteps    | 27200     |
| train/                |           |
|    d_grad_norm        | 0.0226    |
|    d_learning_rate    | 4.42e-05  |
|    entropy_loss       | 0.497     |
|    explained_variance | 0.5187384 |
|    n_updates          | 3399      |
|    policy_loss        | 0.14      |
|    std                | 0.241     |
|    u_grad_norm        | 0.44      |
|    u_learning_rate    | 4.42e-06  |
|    v_grad_norm        | 0.882     |
|    v_learning_rate    | 1.47e-08  |
|    value_loss         | 0.0379    |
-------------------------------------
--------------------------------------
| rollout/              |            |
|    ep_len_mean        | 500        |
|    ep_rew_mean        | -3.67e+03  |
| time/                 |            |
|    fps                | 61         |
|    iterations         | 3400       |
|    time_elapsed       | 442        |
|    total_timesteps    | 27200      |
| train/                |            |
|    d_grad_norm        | 0.00054    |
|    d_learning_rate    | 4.42e-05   |
|    entropy_loss       | -1.14      |
|    explained_variance | 0.99419045 |
|    n_updates          | 3399       |
|    policy_loss        | 0.145      |
|    std                | 0.141      |
|    u_grad_norm        | 0.0311     |
|    u_learning_rate    | 4.42e-06   |
|    v_grad_norm        | 0.838      |
|    v_learning_rate    | 1.47e-08   |
|    value_loss         | 1.04       |
--------------------------------------
--------------------------------------
| rollout/              |            |
|    ep_len_mean        | 500        |
|    ep_rew_mean        | -3.78e+03  |
| time/                 |            |
|    fps                | 61         |
|    iterations         | 3400       |
|    time_elapsed       | 442        |
|    total_timesteps    | 27200      |
| train/                |            |
|    d_grad_norm        | 0.015      |
|    d_learning_rate    | 4.42e-05   |
|    entropy_loss       | -0.977     |
|    explained_variance | 0.94441783 |
|    n_updates          | 3399       |
|    policy_loss        | 0.3        |
|    std                | 0.147      |
|    u_grad_norm        | 0.0551     |
|    u_learning_rate    | 4.42e-06   |
|    v_grad_norm        | 0.963      |
|    v_learning_rate    | 1.47e-08   |
|    value_loss         | 1.16       |
--------------------------------------
--------------------------------------
| rollout/              |            |
|    ep_len_mean        | 500        |
|    ep_rew_mean        | -1.49e+03  |
| time/                 |            |
|    fps                | 61         |
|    iterations         | 3400       |
|    time_elapsed       | 442        |
|    total_timesteps    | 27200      |
| train/                |            |
|    d_grad_norm        | 0.122      |
|    d_learning_rate    | 4.42e-05   |
|    entropy_loss       | 0.293      |
|    explained_variance | -29.524134 |
|    n_updates          | 3399       |
|    policy_loss        | -0.00996   |
|    std                | 0.239      |
|    u_grad_norm        | 0.239      |
|    u_learning_rate    | 4.42e-06   |
|    v_grad_norm        | 0.959      |
|    v_learning_rate    | 1.47e-08   |
|    value_loss         | 0.000131   |
--------------------------------------
--------------------------------------
| rollout/              |            |
|    ep_len_mean        | 500        |
|    ep_rew_mean        | -357       |
| time/                 |            |
|    fps                | 62         |
|    iterations         | 3500       |
|    time_elapsed       | 449        |
|    total_timesteps    | 28000      |
| train/                |            |
|    d_grad_norm        | 0.0036     |
|    d_learning_rate    | 4.34e-05   |
|    entropy_loss       | 0.85       |
|    explained_variance | -4.4520354 |
|    n_updates          | 3499       |
|    policy_loss        | 0.000665   |
|    std                | 0.186      |
|    u_grad_norm        | 0.16       |
|    u_learning_rate    | 4.34e-06   |
|    v_grad_norm        | 0.319      |
|    v_learning_rate    | 1.43e-08   |
|    value_loss         | 8.88e-06   |
--------------------------------------
-------------------------------------
| rollout/              |           |
|    ep_len_mean        | 500       |
|    ep_rew_mean        | -3e+03    |
| time/                 |           |
|    fps                | 62        |
|    iterations         | 3500      |
|    time_elapsed       | 449       |
|    total_timesteps    | 28000     |
| train/                |           |
|    d_grad_norm        | 0.00354   |
|    d_learning_rate    | 4.34e-05  |
|    entropy_loss       | 0.12      |
|    explained_variance | 0.9944455 |
|    n_updates          | 3499      |
|    policy_loss        | -0.969    |
|    std                | 0.117     |
|    u_grad_norm        | 0.144     |
|    u_learning_rate    | 4.34e-06  |
|    v_grad_norm        | 0.805     |
|    v_learning_rate    | 1.43e-08  |
|    value_loss         | 5.32      |
-------------------------------------
-------------------------------------
| rollout/              |           |
|    ep_len_mean        | 500       |
|    ep_rew_mean        | -2.83e+03 |
| time/                 |           |
|    fps                | 62        |
|    iterations         | 3500      |
|    time_elapsed       | 449       |
|    total_timesteps    | 28000     |
| train/                |           |
|    d_grad_norm        | 0.0067    |
|    d_learning_rate    | 4.34e-05  |
|    entropy_loss       | -0.487    |
|    explained_variance | 0.9994253 |
|    n_updates          | 3499      |
|    policy_loss        | 0.263     |
|    std                | 0.111     |
|    u_grad_norm        | 0.208     |
|    u_learning_rate    | 4.34e-06  |
|    v_grad_norm        | 0.953     |
|    v_learning_rate    | 1.43e-08  |
|    value_loss         | 0.303     |
-------------------------------------
--------------------------------------
| rollout/              |            |
|    ep_len_mean        | 500        |
|    ep_rew_mean        | -1.02e+03  |
| time/                 |            |
|    fps                | 62         |
|    iterations         | 3500       |
|    time_elapsed       | 449        |
|    total_timesteps    | 28000      |
| train/                |            |
|    d_grad_norm        | 0.0868     |
|    d_learning_rate    | 4.34e-05   |
|    entropy_loss       | 1.04       |
|    explained_variance | -2.6824558 |
|    n_updates          | 3499       |
|    policy_loss        | -0.0138    |
|    std                | 0.202      |
|    u_grad_norm        | 0.562      |
|    u_learning_rate    | 4.34e-06   |
|    v_grad_norm        | 0.782      |
|    v_learning_rate    | 1.43e-08   |
|    value_loss         | 5.17e-05   |
--------------------------------------
-------------------------------------
| rollout/              |           |
|    ep_len_mean        | 500       |
|    ep_rew_mean        | -3.63e+03 |
| time/                 |           |
|    fps                | 62        |
|    iterations         | 3500      |
|    time_elapsed       | 449       |
|    total_timesteps    | 28000     |
| train/                |           |
|    d_grad_norm        | 0.00175   |
|    d_learning_rate    | 4.34e-05  |
|    entropy_loss       | -1.85     |
|    explained_variance | 0.9718153 |
|    n_updates          | 3499      |
|    policy_loss        | 0.189     |
|    std                | 0.153     |
|    u_grad_norm        | 0.0853    |
|    u_learning_rate    | 4.34e-06  |
|    v_grad_norm        | 0.869     |
|    v_learning_rate    | 1.43e-08  |
|    value_loss         | 0.429     |
-------------------------------------
--------------------------------------
| rollout/              |            |
|    ep_len_mean        | 500        |
|    ep_rew_mean        | -1.64e+03  |
| time/                 |            |
|    fps                | 62         |
|    iterations         | 3500       |
|    time_elapsed       | 450        |
|    total_timesteps    | 28000      |
| train/                |            |
|    d_grad_norm        | 0.0137     |
|    d_learning_rate    | 4.34e-05   |
|    entropy_loss       | 1.27       |
|    explained_variance | -1.6949387 |
|    n_updates          | 3499       |
|    policy_loss        | 0.0182     |
|    std                | 0.225      |
|    u_grad_norm        | 0.515      |
|    u_learning_rate    | 4.34e-06   |
|    v_grad_norm        | 0.848      |
|    v_learning_rate    | 1.43e-08   |
|    value_loss         | 0.000129   |
--------------------------------------
--------------------------------------
| rollout/              |            |
|    ep_len_mean        | 500        |
|    ep_rew_mean        | -3.67e+03  |
| time/                 |            |
|    fps                | 62         |
|    iterations         | 3500       |
|    time_elapsed       | 450        |
|    total_timesteps    | 28000      |
| train/                |            |
|    d_grad_norm        | 0.0167     |
|    d_learning_rate    | 4.34e-05   |
|    entropy_loss       | -1.05      |
|    explained_variance | 0.73712856 |
|    n_updates          | 3499       |
|    policy_loss        | -1.71      |
|    std                | 0.141      |
|    u_grad_norm        | 0.0769     |
|    u_learning_rate    | 4.34e-06   |
|    v_grad_norm        | 0.797      |
|    v_learning_rate    | 1.43e-08   |
|    value_loss         | 17.4       |
--------------------------------------
--------------------------------------
| rollout/              |            |
|    ep_len_mean        | 500        |
|    ep_rew_mean        | -1.45e+03  |
| time/                 |            |
|    fps                | 62         |
|    iterations         | 3500       |
|    time_elapsed       | 450        |
|    total_timesteps    | 28000      |
| train/                |            |
|    d_grad_norm        | 0.0844     |
|    d_learning_rate    | 4.34e-05   |
|    entropy_loss       | 0.421      |
|    explained_variance | -15.514086 |
|    n_updates          | 3499       |
|    policy_loss        | -0.0432    |
|    std                | 0.239      |
|    u_grad_norm        | 0.186      |
|    u_learning_rate    | 4.34e-06   |
|    v_grad_norm        | 0.978      |
|    v_learning_rate    | 1.43e-08   |
|    value_loss         | 0.0042     |
--------------------------------------
--------------------------------------
| rollout/              |            |
|    ep_len_mean        | 500        |
|    ep_rew_mean        | -1.32e+03  |
| time/                 |            |
|    fps                | 62         |
|    iterations         | 3500       |
|    time_elapsed       | 450        |
|    total_timesteps    | 28000      |
| train/                |            |
|    d_grad_norm        | 0.0129     |
|    d_learning_rate    | 4.34e-05   |
|    entropy_loss       | -2.04      |
|    explained_variance | 0.99840385 |
|    n_updates          | 3499       |
|    policy_loss        | -0.489     |
|    std                | 0.241      |
|    u_grad_norm        | 0.036      |
|    u_learning_rate    | 4.34e-06   |
|    v_grad_norm        | 0.765      |
|    v_learning_rate    | 1.43e-08   |
|    value_loss         | 0.395      |
--------------------------------------
-------------------------------------
| rollout/              |           |
|    ep_len_mean        | 500       |
|    ep_rew_mean        | -3.78e+03 |
| time/                 |           |
|    fps                | 62        |
|    iterations         | 3500      |
|    time_elapsed       | 450       |
|    total_timesteps    | 28000     |
| train/                |           |
|    d_grad_norm        | 0.0103    |
|    d_learning_rate    | 4.34e-05  |
|    entropy_loss       | -0.684    |
|    explained_variance | 0.884571  |
|    n_updates          | 3499      |
|    policy_loss        | 0.565     |
|    std                | 0.147     |
|    u_grad_norm        | 0.0769    |
|    u_learning_rate    | 4.34e-06  |
|    v_grad_norm        | 0.943     |
|    v_learning_rate    | 1.43e-08  |
|    value_loss         | 2.8       |
-------------------------------------
--------------------------------------
| rollout/              |            |
|    ep_len_mean        | 500        |
|    ep_rew_mean        | -356       |
| time/                 |            |
|    fps                | 62         |
|    iterations         | 3600       |
|    time_elapsed       | 457        |
|    total_timesteps    | 28800      |
| train/                |            |
|    d_grad_norm        | 0.0136     |
|    d_learning_rate    | 4.26e-05   |
|    entropy_loss       | 0.867      |
|    explained_variance | -26.965603 |
|    n_updates          | 3599       |
|    policy_loss        | 0.00395    |
|    std                | 0.186      |
|    u_grad_norm        | 0.227      |
|    u_learning_rate    | 4.26e-06   |
|    v_grad_norm        | 0.227      |
|    v_learning_rate    | 1.39e-08   |
|    value_loss         | 5.25e-05   |
--------------------------------------
-------------------------------------
| rollout/              |           |
|    ep_len_mean        | 500       |
|    ep_rew_mean        | -3e+03    |
| time/                 |           |
|    fps                | 62        |
|    iterations         | 3600      |
|    time_elapsed       | 457       |
|    total_timesteps    | 28800     |
| train/                |           |
|    d_grad_norm        | 0.00432   |
|    d_learning_rate    | 4.26e-05  |
|    entropy_loss       | 0.115     |
|    explained_variance | 0.8258498 |
|    n_updates          | 3599      |
|    policy_loss        | 0.191     |
|    std                | 0.117     |
|    u_grad_norm        | 0.352     |
|    u_learning_rate    | 4.26e-06  |
|    v_grad_norm        | 0.718     |
|    v_learning_rate    | 1.39e-08  |
|    value_loss         | 4.06      |
-------------------------------------
-------------------------------------
| rollout/              |           |
|    ep_len_mean        | 500       |
|    ep_rew_mean        | -1.01e+03 |
| time/                 |           |
|    fps                | 62        |
|    iterations         | 3600      |
|    time_elapsed       | 457       |
|    total_timesteps    | 28800     |
| train/                |           |
|    d_grad_norm        | 0.0188    |
|    d_learning_rate    | 4.26e-05  |
|    entropy_loss       | 0.964     |
|    explained_variance | -44.1669  |
|    n_updates          | 3599      |
|    policy_loss        | -0.00493  |
|    std                | 0.202     |
|    u_grad_norm        | 0.862     |
|    u_learning_rate    | 4.26e-06  |
|    v_grad_norm        | 0.37      |
|    v_learning_rate    | 1.39e-08  |
|    value_loss         | 2.91e-05  |
-------------------------------------
-------------------------------------
| rollout/              |           |
|    ep_len_mean        | 500       |
|    ep_rew_mean        | -2.83e+03 |
| time/                 |           |
|    fps                | 62        |
|    iterations         | 3600      |
|    time_elapsed       | 457       |
|    total_timesteps    | 28800     |
| train/                |           |
|    d_grad_norm        | 0.0418    |
|    d_learning_rate    | 4.26e-05  |
|    entropy_loss       | -0.736    |
|    explained_variance | 0.9981173 |
|    n_updates          | 3599      |
|    policy_loss        | -1.52     |
|    std                | 0.111     |
|    u_grad_norm        | 0.313     |
|    u_learning_rate    | 4.26e-06  |
|    v_grad_norm        | 0.944     |
|    v_learning_rate    | 1.39e-08  |
|    value_loss         | 0.648     |
-------------------------------------
--------------------------------------
| rollout/              |            |
|    ep_len_mean        | 500        |
|    ep_rew_mean        | -3.64e+03  |
| time/                 |            |
|    fps                | 62         |
|    iterations         | 3600       |
|    time_elapsed       | 457        |
|    total_timesteps    | 28800      |
| train/                |            |
|    d_grad_norm        | 0.0133     |
|    d_learning_rate    | 4.26e-05   |
|    entropy_loss       | -1.62      |
|    explained_variance | 0.97338086 |
|    n_updates          | 3599       |
|    policy_loss        | -0.756     |
|    std                | 0.153      |
|    u_grad_norm        | 0.0532     |
|    u_learning_rate    | 4.26e-06   |
|    v_grad_norm        | 0.957      |
|    v_learning_rate    | 1.39e-08   |
|    value_loss         | 0.41       |
--------------------------------------
-------------------------------------
| rollout/              |           |
|    ep_len_mean        | 500       |
|    ep_rew_mean        | -1.63e+03 |
| time/                 |           |
|    fps                | 62        |
|    iterations         | 3600      |
|    time_elapsed       | 457       |
|    total_timesteps    | 28800     |
| train/                |           |
|    d_grad_norm        | 0.108     |
|    d_learning_rate    | 4.26e-05  |
|    entropy_loss       | -0.07     |
|    explained_variance | 0.3083833 |
|    n_updates          | 3599      |
|    policy_loss        | -2.75     |
|    std                | 0.225     |
|    u_grad_norm        | 0.101     |
|    u_learning_rate    | 4.26e-06  |
|    v_grad_norm        | 0.81      |
|    v_learning_rate    | 1.39e-08  |
|    value_loss         | 292       |
-------------------------------------
--------------------------------------
| rollout/              |            |
|    ep_len_mean        | 500        |
|    ep_rew_mean        | -3.67e+03  |
| time/                 |            |
|    fps                | 62         |
|    iterations         | 3600       |
|    time_elapsed       | 457        |
|    total_timesteps    | 28800      |
| train/                |            |
|    d_grad_norm        | 0.0167     |
|    d_learning_rate    | 4.26e-05   |
|    entropy_loss       | -1.31      |
|    explained_variance | 0.98208255 |
|    n_updates          | 3599       |
|    policy_loss        | -4.13      |
|    std                | 0.141      |
|    u_grad_norm        | 0.228      |
|    u_learning_rate    | 4.26e-06   |
|    v_grad_norm        | 0.793      |
|    v_learning_rate    | 1.39e-08   |
|    value_loss         | 7.52       |
--------------------------------------
-------------------------------------
| rollout/              |           |
|    ep_len_mean        | 500       |
|    ep_rew_mean        | -1.44e+03 |
| time/                 |           |
|    fps                | 62        |
|    iterations         | 3600      |
|    time_elapsed       | 457       |
|    total_timesteps    | 28800     |
| train/                |           |
|    d_grad_norm        | 0.0258    |
|    d_learning_rate    | 4.26e-05  |
|    entropy_loss       | 0.179     |
|    explained_variance | -4.165329 |
|    n_updates          | 3599      |
|    policy_loss        | -0.00418  |
|    std                | 0.239     |
|    u_grad_norm        | 0.557     |
|    u_learning_rate    | 4.26e-06  |
|    v_grad_norm        | 0.82      |
|    v_learning_rate    | 1.39e-08  |
|    value_loss         | 0.000391  |
-------------------------------------
--------------------------------------
| rollout/              |            |
|    ep_len_mean        | 500        |
|    ep_rew_mean        | -1.29e+03  |
| time/                 |            |
|    fps                | 62         |
|    iterations         | 3600       |
|    time_elapsed       | 458        |
|    total_timesteps    | 28800      |
| train/                |            |
|    d_grad_norm        | 0.0573     |
|    d_learning_rate    | 4.26e-05   |
|    entropy_loss       | 0.488      |
|    explained_variance | -1.2873063 |
|    n_updates          | 3599       |
|    policy_loss        | 0.262      |
|    std                | 0.241      |
|    u_grad_norm        | 0.334      |
|    u_learning_rate    | 4.26e-06   |
|    v_grad_norm        | 0.93       |
|    v_learning_rate    | 1.39e-08   |
|    value_loss         | 0.116      |
--------------------------------------
-------------------------------------
| rollout/              |           |
|    ep_len_mean        | 500       |
|    ep_rew_mean        | -3.78e+03 |
| time/                 |           |
|    fps                | 62        |
|    iterations         | 3600      |
|    time_elapsed       | 458       |
|    total_timesteps    | 28800     |
| train/                |           |
|    d_grad_norm        | 0.0194    |
|    d_learning_rate    | 4.26e-05  |
|    entropy_loss       | -0.702    |
|    explained_variance | 0.4683652 |
|    n_updates          | 3599      |
|    policy_loss        | -0.953    |
|    std                | 0.147     |
|    u_grad_norm        | 0.202     |
|    u_learning_rate    | 4.26e-06  |
|    v_grad_norm        | 0.918     |
|    v_learning_rate    | 1.39e-08  |
|    value_loss         | 6.29      |
-------------------------------------
----------------------------------------
| rollout/              |              |
|    ep_len_mean        | 500          |
|    ep_rew_mean        | -352         |
| time/                 |              |
|    fps                | 63           |
|    iterations         | 3700         |
|    time_elapsed       | 465          |
|    total_timesteps    | 29600        |
| train/                |              |
|    d_grad_norm        | 0.00716      |
|    d_learning_rate    | 4.18e-05     |
|    entropy_loss       | 0.869        |
|    explained_variance | -0.027564287 |
|    n_updates          | 3699         |
|    policy_loss        | 0.00192      |
|    std                | 0.186        |
|    u_grad_norm        | 0.0634       |
|    u_learning_rate    | 4.18e-06     |
|    v_grad_norm        | 0.0753       |
|    v_learning_rate    | 1.35e-08     |
|    value_loss         | 2.24e-06     |
----------------------------------------
--------------------------------------
| rollout/              |            |
|    ep_len_mean        | 500        |
|    ep_rew_mean        | -3e+03     |
| time/                 |            |
|    fps                | 63         |
|    iterations         | 3700       |
|    time_elapsed       | 465        |
|    total_timesteps    | 29600      |
| train/                |            |
|    d_grad_norm        | 0.015      |
|    d_learning_rate    | 4.18e-05   |
|    entropy_loss       | 0.217      |
|    explained_variance | 0.97487193 |
|    n_updates          | 3699       |
|    policy_loss        | 1          |
|    std                | 0.117      |
|    u_grad_norm        | 0.628      |
|    u_learning_rate    | 4.18e-06   |
|    v_grad_norm        | 0.609      |
|    v_learning_rate    | 1.35e-08   |
|    value_loss         | 1.29       |
--------------------------------------
-------------------------------------
| rollout/              |           |
|    ep_len_mean        | 500       |
|    ep_rew_mean        | -991      |
| time/                 |           |
|    fps                | 63        |
|    iterations         | 3700      |
|    time_elapsed       | 465       |
|    total_timesteps    | 29600     |
| train/                |           |
|    d_grad_norm        | 0.0177    |
|    d_learning_rate    | 4.18e-05  |
|    entropy_loss       | -2.17     |
|    explained_variance | 0.9921178 |
|    n_updates          | 3699      |
|    policy_loss        | -3.44     |
|    std                | 0.202     |
|    u_grad_norm        | 0.117     |
|    u_learning_rate    | 4.18e-06  |
|    v_grad_norm        | 0.878     |
|    v_learning_rate    | 1.35e-08  |
|    value_loss         | 0.93      |
-------------------------------------
--------------------------------------
| rollout/              |            |
|    ep_len_mean        | 500        |
|    ep_rew_mean        | -3.65e+03  |
| time/                 |            |
|    fps                | 63         |
|    iterations         | 3700       |
|    time_elapsed       | 465        |
|    total_timesteps    | 29600      |
| train/                |            |
|    d_grad_norm        | 0.00349    |
|    d_learning_rate    | 4.18e-05   |
|    entropy_loss       | -1.87      |
|    explained_variance | 0.96710575 |
|    n_updates          | 3699       |
|    policy_loss        | 6.72       |
|    std                | 0.153      |
|    u_grad_norm        | 0.0273     |
|    u_learning_rate    | 4.18e-06   |
|    v_grad_norm        | 0.892      |
|    v_learning_rate    | 1.35e-08   |
|    value_loss         | 23.1       |
--------------------------------------
-------------------------------------
| rollout/              |           |
|    ep_len_mean        | 500       |
|    ep_rew_mean        | -2.83e+03 |
| time/                 |           |
|    fps                | 63        |
|    iterations         | 3700      |
|    time_elapsed       | 465       |
|    total_timesteps    | 29600     |
| train/                |           |
|    d_grad_norm        | 0.0263    |
|    d_learning_rate    | 4.18e-05  |
|    entropy_loss       | 0.497     |
|    explained_variance | 0.997324  |
|    n_updates          | 3699      |
|    policy_loss        | 0.708     |
|    std                | 0.111     |
|    u_grad_norm        | 0.225     |
|    u_learning_rate    | 4.18e-06  |
|    v_grad_norm        | 0.814     |
|    v_learning_rate    | 1.35e-08  |
|    value_loss         | 1.71      |
-------------------------------------
--------------------------------------
| rollout/              |            |
|    ep_len_mean        | 500        |
|    ep_rew_mean        | -1.61e+03  |
| time/                 |            |
|    fps                | 63         |
|    iterations         | 3700       |
|    time_elapsed       | 465        |
|    total_timesteps    | 29600      |
| train/                |            |
|    d_grad_norm        | 0.0148     |
|    d_learning_rate    | 4.18e-05   |
|    entropy_loss       | -0.548     |
|    explained_variance | 0.99898833 |
|    n_updates          | 3699       |
|    policy_loss        | 0.0373     |
|    std                | 0.225      |
|    u_grad_norm        | 0.165      |
|    u_learning_rate    | 4.18e-06   |
|    v_grad_norm        | 0.826      |
|    v_learning_rate    | 1.35e-08   |
|    value_loss         | 0.421      |
--------------------------------------
-------------------------------------
| rollout/              |           |
|    ep_len_mean        | 500       |
|    ep_rew_mean        | -3.68e+03 |
| time/                 |           |
|    fps                | 63        |
|    iterations         | 3700      |
|    time_elapsed       | 466       |
|    total_timesteps    | 29600     |
| train/                |           |
|    d_grad_norm        | 0.0135    |
|    d_learning_rate    | 4.18e-05  |
|    entropy_loss       | -1.29     |
|    explained_variance | 0.9618781 |
|    n_updates          | 3699      |
|    policy_loss        | -3.5      |
|    std                | 0.141     |
|    u_grad_norm        | 0.0677    |
|    u_learning_rate    | 4.18e-06  |
|    v_grad_norm        | 0.822     |
|    v_learning_rate    | 1.35e-08  |
|    value_loss         | 11.6      |
-------------------------------------
-------------------------------------
| rollout/              |           |
|    ep_len_mean        | 500       |
|    ep_rew_mean        | -1.43e+03 |
| time/                 |           |
|    fps                | 63        |
|    iterations         | 3700      |
|    time_elapsed       | 466       |
|    total_timesteps    | 29600     |
| train/                |           |
|    d_grad_norm        | 0.0344    |
|    d_learning_rate    | 4.18e-05  |
|    entropy_loss       | -0.541    |
|    explained_variance | 0.9980264 |
|    n_updates          | 3699      |
|    policy_loss        | -0.462    |
|    std                | 0.239     |
|    u_grad_norm        | 0.178     |
|    u_learning_rate    | 4.18e-06  |
|    v_grad_norm        | 0.989     |
|    v_learning_rate    | 1.35e-08  |
|    value_loss         | 0.661     |
-------------------------------------
--------------------------------------
| rollout/              |            |
|    ep_len_mean        | 500        |
|    ep_rew_mean        | -1.26e+03  |
| time/                 |            |
|    fps                | 63         |
|    iterations         | 3700       |
|    time_elapsed       | 466        |
|    total_timesteps    | 29600      |
| train/                |            |
|    d_grad_norm        | 0.00661    |
|    d_learning_rate    | 4.18e-05   |
|    entropy_loss       | 0.526      |
|    explained_variance | 0.49472392 |
|    n_updates          | 3699       |
|    policy_loss        | 0.109      |
|    std                | 0.241      |
|    u_grad_norm        | 0.721      |
|    u_learning_rate    | 4.18e-06   |
|    v_grad_norm        | 0.686      |
|    v_learning_rate    | 1.35e-08   |
|    value_loss         | 0.206      |
--------------------------------------
--------------------------------------
| rollout/              |            |
|    ep_len_mean        | 500        |
|    ep_rew_mean        | -3.78e+03  |
| time/                 |            |
|    fps                | 63         |
|    iterations         | 3700       |
|    time_elapsed       | 466        |
|    total_timesteps    | 29600      |
| train/                |            |
|    d_grad_norm        | 0.0207     |
|    d_learning_rate    | 4.18e-05   |
|    entropy_loss       | -0.603     |
|    explained_variance | 0.53801274 |
|    n_updates          | 3699       |
|    policy_loss        | -0.325     |
|    std                | 0.147      |
|    u_grad_norm        | 0.0431     |
|    u_learning_rate    | 4.18e-06   |
|    v_grad_norm        | 0.935      |
|    v_learning_rate    | 1.35e-08   |
|    value_loss         | 6.35       |
--------------------------------------
Eval num_timesteps=30000, episode_reward=-297.04 +/- 426.23
Episode length: 500.00 +/- 0.00
--------------------------------------
| eval/                 |            |
|    mean_ep_length     | 500        |
|    mean_reward        | -297       |
| time/                 |            |
|    total_timesteps    | 30000      |
| train/                |            |
|    d_grad_norm        | 0.00266    |
|    d_learning_rate    | 4.14e-05   |
|    entropy_loss       | 0.872      |
|    explained_variance | -0.7484909 |
|    n_updates          | 3749       |
|    policy_loss        | 0.00155    |
|    std                | 0.186      |
|    u_grad_norm        | 0.16       |
|    u_learning_rate    | 4.14e-06   |
|    v_grad_norm        | 0.19       |
|    v_learning_rate    | 1.33e-08   |
|    value_loss         | 8.86e-06   |
--------------------------------------
Eval num_timesteps=30000, episode_reward=-2974.46 +/- 37.56
Episode length: 500.00 +/- 0.00
-------------------------------------
| eval/                 |           |
|    mean_ep_length     | 500       |
|    mean_reward        | -2.97e+03 |
| time/                 |           |
|    total_timesteps    | 30000     |
| train/                |           |
|    d_grad_norm        | 0.00533   |
|    d_learning_rate    | 4.14e-05  |
|    entropy_loss       | -0.467    |
|    explained_variance | 0.9984215 |
|    n_updates          | 3749      |
|    policy_loss        | -0.027    |
|    std                | 0.117     |
|    u_grad_norm        | 0.00736   |
|    u_learning_rate    | 4.14e-06  |
|    v_grad_norm        | 0.864     |
|    v_learning_rate    | 1.33e-08  |
|    value_loss         | 0.151     |
-------------------------------------
Eval num_timesteps=30000, episode_reward=-2144.12 +/- 766.13
Episode length: 500.00 +/- 0.00
--------------------------------------
| eval/                 |            |
|    mean_ep_length     | 500        |
|    mean_reward        | -2.14e+03  |
| time/                 |            |
|    total_timesteps    | 30000      |
| train/                |            |
|    d_grad_norm        | 0.00291    |
|    d_learning_rate    | 4.14e-05   |
|    entropy_loss       | 1.01       |
|    explained_variance | -24.447634 |
|    n_updates          | 3749       |
|    policy_loss        | -0.00344   |
|    std                | 0.202      |
|    u_grad_norm        | 0.0209     |
|    u_learning_rate    | 4.14e-06   |
|    v_grad_norm        | 0.493      |
|    v_learning_rate    | 1.33e-08   |
|    value_loss         | 2.35e-05   |
--------------------------------------
Eval num_timesteps=30000, episode_reward=-2698.19 +/- 671.92
Episode length: 500.00 +/- 0.00
-------------------------------------
| eval/                 |           |
|    mean_ep_length     | 500       |
|    mean_reward        | -2.7e+03  |
| time/                 |           |
|    total_timesteps    | 30000     |
| train/                |           |
|    d_grad_norm        | 0.0241    |
|    d_learning_rate    | 4.14e-05  |
|    entropy_loss       | 0.67      |
|    explained_variance | 0.9605397 |
|    n_updates          | 3749      |
|    policy_loss        | 2.91      |
|    std                | 0.111     |
|    u_grad_norm        | 0.0625    |
|    u_learning_rate    | 4.14e-06  |
|    v_grad_norm        | 0.856     |
|    v_learning_rate    | 1.33e-08  |
|    value_loss         | 8.28      |
-------------------------------------
Eval num_timesteps=30000, episode_reward=-3693.95 +/- 572.59
Episode length: 500.00 +/- 0.00
-------------------------------------
| eval/                 |           |
|    mean_ep_length     | 500       |
|    mean_reward        | -3.69e+03 |
| time/                 |           |
|    total_timesteps    | 30000     |
| train/                |           |
|    d_grad_norm        | 0.0151    |
|    d_learning_rate    | 4.14e-05  |
|    entropy_loss       | -1.22     |
|    explained_variance | 0.9464378 |
|    n_updates          | 3749      |
|    policy_loss        | 0.79      |
|    std                | 0.153     |
|    u_grad_norm        | 0.114     |
|    u_learning_rate    | 4.14e-06  |
|    v_grad_norm        | 0.84      |
|    v_learning_rate    | 1.33e-08  |
|    value_loss         | 0.903     |
-------------------------------------
Eval num_timesteps=30000, episode_reward=-2103.58 +/- 590.69
Episode length: 500.00 +/- 0.00
-------------------------------------
| eval/                 |           |
|    mean_ep_length     | 500       |
|    mean_reward        | -2.1e+03  |
| time/                 |           |
|    total_timesteps    | 30000     |
| train/                |           |
|    d_grad_norm        | 0.012     |
|    d_learning_rate    | 4.14e-05  |
|    entropy_loss       | -0.559    |
|    explained_variance | 0.9946835 |
|    n_updates          | 3749      |
|    policy_loss        | -1.97     |
|    std                | 0.225     |
|    u_grad_norm        | 0.352     |
|    u_learning_rate    | 4.14e-06  |
|    v_grad_norm        | 0.975     |
|    v_learning_rate    | 1.33e-08  |
|    value_loss         | 2.77      |
-------------------------------------
Eval num_timesteps=30000, episode_reward=-3670.39 +/- 80.41
Episode length: 500.00 +/- 0.00
-------------------------------------
| eval/                 |           |
|    mean_ep_length     | 500       |
|    mean_reward        | -3.67e+03 |
| time/                 |           |
|    total_timesteps    | 30000     |
| train/                |           |
|    d_grad_norm        | 0.00694   |
|    d_learning_rate    | 4.14e-05  |
|    entropy_loss       | -1.02     |
|    explained_variance | 0.6522652 |
|    n_updates          | 3749      |
|    policy_loss        | -3.27     |
|    std                | 0.141     |
|    u_grad_norm        | 0.167     |
|    u_learning_rate    | 4.14e-06  |
|    v_grad_norm        | 0.781     |
|    v_learning_rate    | 1.33e-08  |
|    value_loss         | 20        |
-------------------------------------
Eval num_timesteps=30000, episode_reward=-1106.70 +/- 875.33
Episode length: 500.00 +/- 0.00
--------------------------------------
| eval/                 |            |
|    mean_ep_length     | 500        |
|    mean_reward        | -1.11e+03  |
| time/                 |            |
|    total_timesteps    | 30000      |
| train/                |            |
|    d_grad_norm        | 0.00784    |
|    d_learning_rate    | 4.14e-05   |
|    entropy_loss       | 0.364      |
|    explained_variance | -1.4197974 |
|    n_updates          | 3749       |
|    policy_loss        | 0.00385    |
|    std                | 0.239      |
|    u_grad_norm        | 0.32       |
|    u_learning_rate    | 4.14e-06   |
|    v_grad_norm        | 0.943      |
|    v_learning_rate    | 1.33e-08   |
|    value_loss         | 0.000117   |
--------------------------------------
Eval num_timesteps=30000, episode_reward=-1419.27 +/- 1423.58
Episode length: 500.00 +/- 0.00
--------------------------------------
| eval/                 |            |
|    mean_ep_length     | 500        |
|    mean_reward        | -1.42e+03  |
| time/                 |            |
|    total_timesteps    | 30000      |
| train/                |            |
|    d_grad_norm        | 0.0187     |
|    d_learning_rate    | 4.14e-05   |
|    entropy_loss       | 0.502      |
|    explained_variance | 0.09280211 |
|    n_updates          | 3749       |
|    policy_loss        | -0.225     |
|    std                | 0.241      |
|    u_grad_norm        | 0.818      |
|    u_learning_rate    | 4.14e-06   |
|    v_grad_norm        | 0.554      |
|    v_learning_rate    | 1.33e-08   |
|    value_loss         | 0.206      |
--------------------------------------
Eval num_timesteps=30000, episode_reward=-3834.78 +/- 195.57
Episode length: 500.00 +/- 0.00
--------------------------------------
| eval/                 |            |
|    mean_ep_length     | 500        |
|    mean_reward        | -3.83e+03  |
| time/                 |            |
|    total_timesteps    | 30000      |
| train/                |            |
|    d_grad_norm        | 0.0131     |
|    d_learning_rate    | 4.14e-05   |
|    entropy_loss       | -0.812     |
|    explained_variance | 0.88986623 |
|    n_updates          | 3749       |
|    policy_loss        | 1.33       |
|    std                | 0.147      |
|    u_grad_norm        | 0.0825     |
|    u_learning_rate    | 4.14e-06   |
|    v_grad_norm        | 0.919      |
|    v_learning_rate    | 1.33e-08   |
|    value_loss         | 6.05       |
--------------------------------------
New best mean reward!
-------------------------------------
| rollout/              |           |
|    ep_len_mean        | 500       |
|    ep_rew_mean        | -347      |
| time/                 |           |
|    fps                | 54        |
|    iterations         | 3800      |
|    time_elapsed       | 558       |
|    total_timesteps    | 30400     |
| train/                |           |
|    d_grad_norm        | 0.00569   |
|    d_learning_rate    | 4.11e-05  |
|    entropy_loss       | 0.864     |
|    explained_variance | -348.6923 |
|    n_updates          | 3799      |
|    policy_loss        | 0.00213   |
|    std                | 0.186     |
|    u_grad_norm        | 0.123     |
|    u_learning_rate    | 4.11e-06  |
|    v_grad_norm        | 0.00415   |
|    v_learning_rate    | 1.32e-08  |
|    value_loss         | 2.99e-06  |
-------------------------------------
-------------------------------------
| rollout/              |           |
|    ep_len_mean        | 500       |
|    ep_rew_mean        | -3e+03    |
| time/                 |           |
|    fps                | 54        |
|    iterations         | 3800      |
|    time_elapsed       | 558       |
|    total_timesteps    | 30400     |
| train/                |           |
|    d_grad_norm        | 0.0243    |
|    d_learning_rate    | 4.11e-05  |
|    entropy_loss       | 0.0777    |
|    explained_variance | 0.9987254 |
|    n_updates          | 3799      |
|    policy_loss        | -0.549    |
|    std                | 0.117     |
|    u_grad_norm        | 0.149     |
|    u_learning_rate    | 4.11e-06  |
|    v_grad_norm        | 0.804     |
|    v_learning_rate    | 1.32e-08  |
|    value_loss         | 1.71      |
-------------------------------------
--------------------------------------
| rollout/              |            |
|    ep_len_mean        | 500        |
|    ep_rew_mean        | -1.01e+03  |
| time/                 |            |
|    fps                | 54         |
|    iterations         | 3800       |
|    time_elapsed       | 558        |
|    total_timesteps    | 30400      |
| train/                |            |
|    d_grad_norm        | 0.00434    |
|    d_learning_rate    | 4.11e-05   |
|    entropy_loss       | 1          |
|    explained_variance | 0.46502626 |
|    n_updates          | 3799       |
|    policy_loss        | -0.00284   |
|    std                | 0.202      |
|    u_grad_norm        | 0.268      |
|    u_learning_rate    | 4.11e-06   |
|    v_grad_norm        | 0.376      |
|    v_learning_rate    | 1.32e-08   |
|    value_loss         | 1.13e-05   |
--------------------------------------
--------------------------------------
| rollout/              |            |
|    ep_len_mean        | 500        |
|    ep_rew_mean        | -2.82e+03  |
| time/                 |            |
|    fps                | 54         |
|    iterations         | 3800       |
|    time_elapsed       | 558        |
|    total_timesteps    | 30400      |
| train/                |            |
|    d_grad_norm        | 0.0143     |
|    d_learning_rate    | 4.11e-05   |
|    entropy_loss       | -0.887     |
|    explained_variance | 0.99540323 |
|    n_updates          | 3799       |
|    policy_loss        | -0.192     |
|    std                | 0.111      |
|    u_grad_norm        | 0.116      |
|    u_learning_rate    | 4.11e-06   |
|    v_grad_norm        | 0.982      |
|    v_learning_rate    | 1.32e-08   |
|    value_loss         | 0.335      |
--------------------------------------
-------------------------------------
| rollout/              |           |
|    ep_len_mean        | 500       |
|    ep_rew_mean        | -3.64e+03 |
| time/                 |           |
|    fps                | 54        |
|    iterations         | 3800      |
|    time_elapsed       | 558       |
|    total_timesteps    | 30400     |
| train/                |           |
|    d_grad_norm        | 0.00865   |
|    d_learning_rate    | 4.11e-05  |
|    entropy_loss       | -1.84     |
|    explained_variance | 0.9733237 |
|    n_updates          | 3799      |
|    policy_loss        | 4.48      |
|    std                | 0.153     |
|    u_grad_norm        | 0.0735    |
|    u_learning_rate    | 4.11e-06  |
|    v_grad_norm        | 0.933     |
|    v_learning_rate    | 1.32e-08  |
|    value_loss         | 6.57      |
-------------------------------------
-------------------------------------
| rollout/              |           |
|    ep_len_mean        | 500       |
|    ep_rew_mean        | -1.62e+03 |
| time/                 |           |
|    fps                | 54        |
|    iterations         | 3800      |
|    time_elapsed       | 558       |
|    total_timesteps    | 30400     |
| train/                |           |
|    d_grad_norm        | 0.0893    |
|    d_learning_rate    | 4.11e-05  |
|    entropy_loss       | -0.961    |
|    explained_variance | 0.9986727 |
|    n_updates          | 3799      |
|    policy_loss        | -0.351    |
|    std                | 0.225     |
|    u_grad_norm        | 0.0997    |
|    u_learning_rate    | 4.11e-06  |
|    v_grad_norm        | 0.96      |
|    v_learning_rate    | 1.32e-08  |
|    value_loss         | 0.526     |
-------------------------------------
-------------------------------------
| rollout/              |           |
|    ep_len_mean        | 500       |
|    ep_rew_mean        | -3.68e+03 |
| time/                 |           |
|    fps                | 54        |
|    iterations         | 3800      |
|    time_elapsed       | 558       |
|    total_timesteps    | 30400     |
| train/                |           |
|    d_grad_norm        | 0.0207    |
|    d_learning_rate    | 4.11e-05  |
|    entropy_loss       | -1.16     |
|    explained_variance | 0.9949453 |
|    n_updates          | 3799      |
|    policy_loss        | 0.395     |
|    std                | 0.141     |
|    u_grad_norm        | 0.037     |
|    u_learning_rate    | 4.11e-06  |
|    v_grad_norm        | 0.849     |
|    v_learning_rate    | 1.32e-08  |
|    value_loss         | 1.06      |
-------------------------------------
--------------------------------------
| rollout/              |            |
|    ep_len_mean        | 500        |
|    ep_rew_mean        | -1.43e+03  |
| time/                 |            |
|    fps                | 54         |
|    iterations         | 3800       |
|    time_elapsed       | 558        |
|    total_timesteps    | 30400      |
| train/                |            |
|    d_grad_norm        | 0.116      |
|    d_learning_rate    | 4.11e-05   |
|    entropy_loss       | 0.376      |
|    explained_variance | 0.36998284 |
|    n_updates          | 3799       |
|    policy_loss        | 0.00515    |
|    std                | 0.239      |
|    u_grad_norm        | 0.572      |
|    u_learning_rate    | 4.11e-06   |
|    v_grad_norm        | 0.803      |
|    v_learning_rate    | 1.32e-08   |
|    value_loss         | 0.00124    |
--------------------------------------
-------------------------------------
| rollout/              |           |
|    ep_len_mean        | 500       |
|    ep_rew_mean        | -1.25e+03 |
| time/                 |           |
|    fps                | 54        |
|    iterations         | 3800      |
|    time_elapsed       | 558       |
|    total_timesteps    | 30400     |
| train/                |           |
|    d_grad_norm        | 0.049     |
|    d_learning_rate    | 4.11e-05  |
|    entropy_loss       | 0.49      |
|    explained_variance | -4.203602 |
|    n_updates          | 3799      |
|    policy_loss        | 0.528     |
|    std                | 0.241     |
|    u_grad_norm        | 0.138     |
|    u_learning_rate    | 4.11e-06  |
|    v_grad_norm        | 1.01      |
|    v_learning_rate    | 1.32e-08  |
|    value_loss         | 0.383     |
-------------------------------------
--------------------------------------
| rollout/              |            |
|    ep_len_mean        | 500        |
|    ep_rew_mean        | -3.78e+03  |
| time/                 |            |
|    fps                | 54         |
|    iterations         | 3800       |
|    time_elapsed       | 558        |
|    total_timesteps    | 30400      |
| train/                |            |
|    d_grad_norm        | 0.165      |
|    d_learning_rate    | 4.11e-05   |
|    entropy_loss       | 0.0693     |
|    explained_variance | -2.9220326 |
|    n_updates          | 3799       |
|    policy_loss        | -0.542     |
|    std                | 0.147      |
|    u_grad_norm        | 0.164      |
|    u_learning_rate    | 4.11e-06   |
|    v_grad_norm        | 0.874      |
|    v_learning_rate    | 1.32e-08   |
|    value_loss         | 2.2        |
--------------------------------------
--------------------------------------
| rollout/              |            |
|    ep_len_mean        | 500        |
|    ep_rew_mean        | -349       |
| time/                 |            |
|    fps                | 55         |
|    iterations         | 3900       |
|    time_elapsed       | 566        |
|    total_timesteps    | 31200      |
| train/                |            |
|    d_grad_norm        | 0.000977   |
|    d_learning_rate    | 4.04e-05   |
|    entropy_loss       | 0.873      |
|    explained_variance | -3.4014034 |
|    n_updates          | 3899       |
|    policy_loss        | -0.00023   |
|    std                | 0.186      |
|    u_grad_norm        | 0.176      |
|    u_learning_rate    | 4.04e-06   |
|    v_grad_norm        | 0.112      |
|    v_learning_rate    | 1.28e-08   |
|    value_loss         | 7.03e-05   |
--------------------------------------
-------------------------------------
| rollout/              |           |
|    ep_len_mean        | 500       |
|    ep_rew_mean        | -2.99e+03 |
| time/                 |           |
|    fps                | 55        |
|    iterations         | 3900      |
|    time_elapsed       | 566       |
|    total_timesteps    | 31200     |
| train/                |           |
|    d_grad_norm        | 0.00333   |
|    d_learning_rate    | 4.04e-05  |
|    entropy_loss       | 0.087     |
|    explained_variance | 0.9977859 |
|    n_updates          | 3899      |
|    policy_loss        | -0.832    |
|    std                | 0.117     |
|    u_grad_norm        | 0.134     |
|    u_learning_rate    | 4.04e-06  |
|    v_grad_norm        | 0.805     |
|    v_learning_rate    | 1.28e-08  |
|    value_loss         | 3.09      |
-------------------------------------
--------------------------------------
| rollout/              |            |
|    ep_len_mean        | 500        |
|    ep_rew_mean        | -1.02e+03  |
| time/                 |            |
|    fps                | 55         |
|    iterations         | 3900       |
|    time_elapsed       | 566        |
|    total_timesteps    | 31200      |
| train/                |            |
|    d_grad_norm        | 0.00747    |
|    d_learning_rate    | 4.04e-05   |
|    entropy_loss       | -2.1       |
|    explained_variance | 0.99641514 |
|    n_updates          | 3899       |
|    policy_loss        | -1.74      |
|    std                | 0.202      |
|    u_grad_norm        | 0.0991     |
|    u_learning_rate    | 4.04e-06   |
|    v_grad_norm        | 0.859      |
|    v_learning_rate    | 1.28e-08   |
|    value_loss         | 0.401      |
--------------------------------------
-------------------------------------
| rollout/              |           |
|    ep_len_mean        | 500       |
|    ep_rew_mean        | -3.64e+03 |
| time/                 |           |
|    fps                | 55        |
|    iterations         | 3900      |
|    time_elapsed       | 566       |
|    total_timesteps    | 31200     |
| train/                |           |
|    d_grad_norm        | 0.00298   |
|    d_learning_rate    | 4.04e-05  |
|    entropy_loss       | -1.73     |
|    explained_variance | 0.8592249 |
|    n_updates          | 3899      |
|    policy_loss        | 15.2      |
|    std                | 0.153     |
|    u_grad_norm        | 0.0325    |
|    u_learning_rate    | 4.04e-06  |
|    v_grad_norm        | 0.867     |
|    v_learning_rate    | 1.28e-08  |
|    value_loss         | 126       |
-------------------------------------
--------------------------------------
| rollout/              |            |
|    ep_len_mean        | 500        |
|    ep_rew_mean        | -2.83e+03  |
| time/                 |            |
|    fps                | 55         |
|    iterations         | 3900       |
|    time_elapsed       | 566        |
|    total_timesteps    | 31200      |
| train/                |            |
|    d_grad_norm        | 0.00482    |
|    d_learning_rate    | 4.04e-05   |
|    entropy_loss       | 0.413      |
|    explained_variance | 0.67698145 |
|    n_updates          | 3899       |
|    policy_loss        | 1.02       |
|    std                | 0.111      |
|    u_grad_norm        | 0.311      |
|    u_learning_rate    | 4.04e-06   |
|    v_grad_norm        | 0.792      |
|    v_learning_rate    | 1.28e-08   |
|    value_loss         | 2.59       |
--------------------------------------
-------------------------------------
| rollout/              |           |
|    ep_len_mean        | 500       |
|    ep_rew_mean        | -1.64e+03 |
| time/                 |           |
|    fps                | 55        |
|    iterations         | 3900      |
|    time_elapsed       | 566       |
|    total_timesteps    | 31200     |
| train/                |           |
|    d_grad_norm        | 0.0322    |
|    d_learning_rate    | 4.04e-05  |
|    entropy_loss       | -0.671    |
|    explained_variance | 0.9989369 |
|    n_updates          | 3899      |
|    policy_loss        | 0.0173    |
|    std                | 0.225     |
|    u_grad_norm        | 0.199     |
|    u_learning_rate    | 4.04e-06  |
|    v_grad_norm        | 0.807     |
|    v_learning_rate    | 1.28e-08  |
|    value_loss         | 0.206     |
-------------------------------------
--------------------------------------
| rollout/              |            |
|    ep_len_mean        | 500        |
|    ep_rew_mean        | -3.68e+03  |
| time/                 |            |
|    fps                | 55         |
|    iterations         | 3900       |
|    time_elapsed       | 566        |
|    total_timesteps    | 31200      |
| train/                |            |
|    d_grad_norm        | 0.0122     |
|    d_learning_rate    | 4.04e-05   |
|    entropy_loss       | -1.53      |
|    explained_variance | 0.94882745 |
|    n_updates          | 3899       |
|    policy_loss        | 0.759      |
|    std                | 0.141      |
|    u_grad_norm        | 0.0779     |
|    u_learning_rate    | 4.04e-06   |
|    v_grad_norm        | 0.843      |
|    v_learning_rate    | 1.28e-08   |
|    value_loss         | 1.93       |
--------------------------------------
--------------------------------------
| rollout/              |            |
|    ep_len_mean        | 500        |
|    ep_rew_mean        | -1.21e+03  |
| time/                 |            |
|    fps                | 55         |
|    iterations         | 3900       |
|    time_elapsed       | 566        |
|    total_timesteps    | 31200      |
| train/                |            |
|    d_grad_norm        | 0.0204     |
|    d_learning_rate    | 4.04e-05   |
|    entropy_loss       | 0.494      |
|    explained_variance | -1.0757508 |
|    n_updates          | 3899       |
|    policy_loss        | 0.432      |
|    std                | 0.241      |
|    u_grad_norm        | 0.0666     |
|    u_learning_rate    | 4.04e-06   |
|    v_grad_norm        | 0.996      |
|    v_learning_rate    | 1.28e-08   |
|    value_loss         | 0.229      |
--------------------------------------
---------------------------------------
| rollout/              |             |
|    ep_len_mean        | 500         |
|    ep_rew_mean        | -1.43e+03   |
| time/                 |             |
|    fps                | 55          |
|    iterations         | 3900        |
|    time_elapsed       | 566         |
|    total_timesteps    | 31200       |
| train/                |             |
|    d_grad_norm        | 0.0224      |
|    d_learning_rate    | 4.04e-05    |
|    entropy_loss       | 0.406       |
|    explained_variance | -107.552536 |
|    n_updates          | 3899        |
|    policy_loss        | -0.0549     |
|    std                | 0.239       |
|    u_grad_norm        | 0.107       |
|    u_learning_rate    | 4.04e-06    |
|    v_grad_norm        | 0.988       |
|    v_learning_rate    | 1.28e-08    |
|    value_loss         | 0.0205      |
---------------------------------------
--------------------------------------
| rollout/              |            |
|    ep_len_mean        | 500        |
|    ep_rew_mean        | -3.78e+03  |
| time/                 |            |
|    fps                | 55         |
|    iterations         | 3900       |
|    time_elapsed       | 566        |
|    total_timesteps    | 31200      |
| train/                |            |
|    d_grad_norm        | 0.00628    |
|    d_learning_rate    | 4.04e-05   |
|    entropy_loss       | -0.365     |
|    explained_variance | 0.95776474 |
|    n_updates          | 3899       |
|    policy_loss        | -0.0149    |
|    std                | 0.147      |
|    u_grad_norm        | 0.234      |
|    u_learning_rate    | 4.04e-06   |
|    v_grad_norm        | 0.922      |
|    v_learning_rate    | 1.28e-08   |
|    value_loss         | 0.407      |
--------------------------------------
--------------------------------------
| rollout/              |            |
|    ep_len_mean        | 500        |
|    ep_rew_mean        | -344       |
| time/                 |            |
|    fps                | 55         |
|    iterations         | 4000       |
|    time_elapsed       | 574        |
|    total_timesteps    | 32000      |
| train/                |            |
|    d_grad_norm        | 0.00704    |
|    d_learning_rate    | 3.97e-05   |
|    entropy_loss       | 0.851      |
|    explained_variance | -4.6804123 |
|    n_updates          | 3999       |
|    policy_loss        | 0.000763   |
|    std                | 0.186      |
|    u_grad_norm        | 0.311      |
|    u_learning_rate    | 3.97e-06   |
|    v_grad_norm        | 0.126      |
|    v_learning_rate    | 1.25e-08   |
|    value_loss         | 1.31e-05   |
--------------------------------------
-------------------------------------
| rollout/              |           |
|    ep_len_mean        | 500       |
|    ep_rew_mean        | -3.62e+03 |
| time/                 |           |
|    fps                | 55        |
|    iterations         | 4000      |
|    time_elapsed       | 574       |
|    total_timesteps    | 32000     |
| train/                |           |
|    d_grad_norm        | 0.00854   |
|    d_learning_rate    | 3.97e-05  |
|    entropy_loss       | -1.79     |
|    explained_variance | 0.9766035 |
|    n_updates          | 3999      |
|    policy_loss        | 0.776     |
|    std                | 0.153     |
|    u_grad_norm        | 0.0356    |
|    u_learning_rate    | 3.97e-06  |
|    v_grad_norm        | 0.861     |
|    v_learning_rate    | 1.25e-08  |
|    value_loss         | 0.53      |
-------------------------------------
-------------------------------------
| rollout/              |           |
|    ep_len_mean        | 500       |
|    ep_rew_mean        | -2.99e+03 |
| time/                 |           |
|    fps                | 55        |
|    iterations         | 4000      |
|    time_elapsed       | 574       |
|    total_timesteps    | 32000     |
| train/                |           |
|    d_grad_norm        | 0.0014    |
|    d_learning_rate    | 3.97e-05  |
|    entropy_loss       | -0.0457   |
|    explained_variance | 0.9991431 |
|    n_updates          | 3999      |
|    policy_loss        | -0.227    |
|    std                | 0.117     |
|    u_grad_norm        | 0.166     |
|    u_learning_rate    | 3.97e-06  |
|    v_grad_norm        | 0.803     |
|    v_learning_rate    | 1.25e-08  |
|    value_loss         | 0.698     |
-------------------------------------
-------------------------------------
| rollout/              |           |
|    ep_len_mean        | 500       |
|    ep_rew_mean        | -1.03e+03 |
| time/                 |           |
|    fps                | 55        |
|    iterations         | 4000      |
|    time_elapsed       | 574       |
|    total_timesteps    | 32000     |
| train/                |           |
|    d_grad_norm        | 0.000896  |
|    d_learning_rate    | 3.97e-05  |
|    entropy_loss       | 1.03      |
|    explained_variance | -4.583681 |
|    n_updates          | 3999      |
|    policy_loss        | 0.000318  |
|    std                | 0.202     |
|    u_grad_norm        | 0.00926   |
|    u_learning_rate    | 3.97e-06  |
|    v_grad_norm        | 0.327     |
|    v_learning_rate    | 1.25e-08  |
|    value_loss         | 4.16e-05  |
-------------------------------------
-------------------------------------
| rollout/              |           |
|    ep_len_mean        | 500       |
|    ep_rew_mean        | -2.82e+03 |
| time/                 |           |
|    fps                | 55        |
|    iterations         | 4000      |
|    time_elapsed       | 574       |
|    total_timesteps    | 32000     |
| train/                |           |
|    d_grad_norm        | 0.0105    |
|    d_learning_rate    | 3.97e-05  |
|    entropy_loss       | 0.452     |
|    explained_variance | 0.8166776 |
|    n_updates          | 3999      |
|    policy_loss        | 0.85      |
|    std                | 0.111     |
|    u_grad_norm        | 0.275     |
|    u_learning_rate    | 3.97e-06  |
|    v_grad_norm        | 0.788     |
|    v_learning_rate    | 1.25e-08  |
|    value_loss         | 1.72      |
-------------------------------------
---------------------------------------
| rollout/              |             |
|    ep_len_mean        | 500         |
|    ep_rew_mean        | -1.64e+03   |
| time/                 |             |
|    fps                | 55          |
|    iterations         | 4000        |
|    time_elapsed       | 574         |
|    total_timesteps    | 32000       |
| train/                |             |
|    d_grad_norm        | 0.0205      |
|    d_learning_rate    | 3.97e-05    |
|    entropy_loss       | 1.28        |
|    explained_variance | -0.14322269 |
|    n_updates          | 3999        |
|    policy_loss        | 0.0151      |
|    std                | 0.225       |
|    u_grad_norm        | 0.388       |
|    u_learning_rate    | 3.97e-06    |
|    v_grad_norm        | 0.915       |
|    v_learning_rate    | 1.25e-08    |
|    value_loss         | 9.02e-05    |
---------------------------------------
--------------------------------------
| rollout/              |            |
|    ep_len_mean        | 500        |
|    ep_rew_mean        | -3.78e+03  |
| time/                 |            |
|    fps                | 55         |
|    iterations         | 4000       |
|    time_elapsed       | 574        |
|    total_timesteps    | 32000      |
| train/                |            |
|    d_grad_norm        | 0.155      |
|    d_learning_rate    | 3.97e-05   |
|    entropy_loss       | -0.00985   |
|    explained_variance | -4.6907854 |
|    n_updates          | 3999       |
|    policy_loss        | -0.226     |
|    std                | 0.147      |
|    u_grad_norm        | 0.145      |
|    u_learning_rate    | 3.97e-06   |
|    v_grad_norm        | 0.907      |
|    v_learning_rate    | 1.25e-08   |
|    value_loss         | 0.834      |
--------------------------------------
-------------------------------------
| rollout/              |           |
|    ep_len_mean        | 500       |
|    ep_rew_mean        | -3.68e+03 |
| time/                 |           |
|    fps                | 55        |
|    iterations         | 4000      |
|    time_elapsed       | 574       |
|    total_timesteps    | 32000     |
| train/                |           |
|    d_grad_norm        | 0.00106   |
|    d_learning_rate    | 3.97e-05  |
|    entropy_loss       | -1.54     |
|    explained_variance | 0.9780568 |
|    n_updates          | 3999      |
|    policy_loss        | 0.0671    |
|    std                | 0.141     |
|    u_grad_norm        | 0.0142    |
|    u_learning_rate    | 3.97e-06  |
|    v_grad_norm        | 0.824     |
|    v_learning_rate    | 1.25e-08  |
|    value_loss         | 1.46      |
-------------------------------------
-------------------------------------
| rollout/              |           |
|    ep_len_mean        | 500       |
|    ep_rew_mean        | -1.23e+03 |
| time/                 |           |
|    fps                | 55        |
|    iterations         | 4000      |
|    time_elapsed       | 574       |
|    total_timesteps    | 32000     |
| train/                |           |
|    d_grad_norm        | 0.0129    |
|    d_learning_rate    | 3.97e-05  |
|    entropy_loss       | -1.7      |
|    explained_variance | 0.9985037 |
|    n_updates          | 3999      |
|    policy_loss        | 0.122     |
|    std                | 0.241     |
|    u_grad_norm        | 0.0687    |
|    u_learning_rate    | 3.97e-06  |
|    v_grad_norm        | 0.883     |
|    v_learning_rate    | 1.25e-08  |
|    value_loss         | 0.0661    |
-------------------------------------
--------------------------------------
| rollout/              |            |
|    ep_len_mean        | 500        |
|    ep_rew_mean        | -1.4e+03   |
| time/                 |            |
|    fps                | 55         |
|    iterations         | 4000       |
|    time_elapsed       | 574        |
|    total_timesteps    | 32000      |
| train/                |            |
|    d_grad_norm        | 0.00367    |
|    d_learning_rate    | 3.97e-05   |
|    entropy_loss       | 0.223      |
|    explained_variance | 0.64575267 |
|    n_updates          | 3999       |
|    policy_loss        | -0.00217   |
|    std                | 0.239      |
|    u_grad_norm        | 0.243      |
|    u_learning_rate    | 3.97e-06   |
|    v_grad_norm        | 0.628      |
|    v_learning_rate    | 1.25e-08   |
|    value_loss         | 6.65e-05   |
--------------------------------------
--------------------------------------
| rollout/              |            |
|    ep_len_mean        | 500        |
|    ep_rew_mean        | -342       |
| time/                 |            |
|    fps                | 56         |
|    iterations         | 4100       |
|    time_elapsed       | 582        |
|    total_timesteps    | 32800      |
| train/                |            |
|    d_grad_norm        | 0.00698    |
|    d_learning_rate    | 3.9e-05    |
|    entropy_loss       | 0.844      |
|    explained_variance | -4.2835703 |
|    n_updates          | 4099       |
|    policy_loss        | -0.000157  |
|    std                | 0.186      |
|    u_grad_norm        | 0.949      |
|    u_learning_rate    | 3.9e-06    |
|    v_grad_norm        | 0.16       |
|    v_learning_rate    | 1.22e-08   |
|    value_loss         | 5.94e-05   |
--------------------------------------
------------------------------------
| rollout/              |          |
|    ep_len_mean        | 500      |
|    ep_rew_mean        | -3.6e+03 |
| time/                 |          |
|    fps                | 56       |
|    iterations         | 4100     |
|    time_elapsed       | 582      |
|    total_timesteps    | 32800    |
| train/                |          |
|    d_grad_norm        | 0.00148  |
|    d_learning_rate    | 3.9e-05  |
|    entropy_loss       | -2.04    |
|    explained_variance | 0.996732 |
|    n_updates          | 4099     |
|    policy_loss        | -0.823   |
|    std                | 0.153    |
|    u_grad_norm        | 0.0388   |
|    u_learning_rate    | 3.9e-06  |
|    v_grad_norm        | 0.814    |
|    v_learning_rate    | 1.22e-08 |
|    value_loss         | 0.572    |
------------------------------------
-------------------------------------
| rollout/              |           |
|    ep_len_mean        | 500       |
|    ep_rew_mean        | -2.99e+03 |
| time/                 |           |
|    fps                | 56        |
|    iterations         | 4100      |
|    time_elapsed       | 582       |
|    total_timesteps    | 32800     |
| train/                |           |
|    d_grad_norm        | 0.0101    |
|    d_learning_rate    | 3.9e-05   |
|    entropy_loss       | -0.00553  |
|    explained_variance | 0.9816074 |
|    n_updates          | 4099      |
|    policy_loss        | 0.205     |
|    std                | 0.117     |
|    u_grad_norm        | 0.365     |
|    u_learning_rate    | 3.9e-06   |
|    v_grad_norm        | 0.73      |
|    v_learning_rate    | 1.22e-08  |
|    value_loss         | 0.923     |
-------------------------------------
-------------------------------------
| rollout/              |           |
|    ep_len_mean        | 500       |
|    ep_rew_mean        | -1.01e+03 |
| time/                 |           |
|    fps                | 56        |
|    iterations         | 4100      |
|    time_elapsed       | 582       |
|    total_timesteps    | 32800     |
| train/                |           |
|    d_grad_norm        | 0.00273   |
|    d_learning_rate    | 3.9e-05   |
|    entropy_loss       | -1.39     |
|    explained_variance | 0.8635077 |
|    n_updates          | 4099      |
|    policy_loss        | 7.73      |
|    std                | 0.202     |
|    u_grad_norm        | 0.0506    |
|    u_learning_rate    | 3.9e-06   |
|    v_grad_norm        | 0.853     |
|    v_learning_rate    | 1.22e-08  |
|    value_loss         | 41.7      |
-------------------------------------
--------------------------------------
| rollout/              |            |
|    ep_len_mean        | 500        |
|    ep_rew_mean        | -2.82e+03  |
| time/                 |            |
|    fps                | 56         |
|    iterations         | 4100       |
|    time_elapsed       | 582        |
|    total_timesteps    | 32800      |
| train/                |            |
|    d_grad_norm        | 0.0243     |
|    d_learning_rate    | 3.9e-05    |
|    entropy_loss       | -0.622     |
|    explained_variance | 0.99746716 |
|    n_updates          | 4099       |
|    policy_loss        | -0.461     |
|    std                | 0.111      |
|    u_grad_norm        | 0.138      |
|    u_learning_rate    | 3.9e-06    |
|    v_grad_norm        | 0.979      |
|    v_learning_rate    | 1.22e-08   |
|    value_loss         | 0.891      |
--------------------------------------
--------------------------------------
| rollout/              |            |
|    ep_len_mean        | 500        |
|    ep_rew_mean        | -1.63e+03  |
| time/                 |            |
|    fps                | 56         |
|    iterations         | 4100       |
|    time_elapsed       | 582        |
|    total_timesteps    | 32800      |
| train/                |            |
|    d_grad_norm        | 0.00277    |
|    d_learning_rate    | 3.9e-05    |
|    entropy_loss       | 1.33       |
|    explained_variance | 0.34627587 |
|    n_updates          | 4099       |
|    policy_loss        | 0.02       |
|    std                | 0.225      |
|    u_grad_norm        | 0.794      |
|    u_learning_rate    | 3.9e-06    |
|    v_grad_norm        | 0.585      |
|    v_learning_rate    | 1.22e-08   |
|    value_loss         | 0.000112   |
--------------------------------------
-------------------------------------
| rollout/              |           |
|    ep_len_mean        | 500       |
|    ep_rew_mean        | -3.68e+03 |
| time/                 |           |
|    fps                | 56        |
|    iterations         | 4100      |
|    time_elapsed       | 582       |
|    total_timesteps    | 32800     |
| train/                |           |
|    d_grad_norm        | 0.00338   |
|    d_learning_rate    | 3.9e-05   |
|    entropy_loss       | -1.48     |
|    explained_variance | 0.9871823 |
|    n_updates          | 4099      |
|    policy_loss        | -1.81     |
|    std                | 0.141     |
|    u_grad_norm        | 0.0857    |
|    u_learning_rate    | 3.9e-06   |
|    v_grad_norm        | 0.844     |
|    v_learning_rate    | 1.22e-08  |
|    value_loss         | 3.96      |
-------------------------------------
-------------------------------------
| rollout/              |           |
|    ep_len_mean        | 500       |
|    ep_rew_mean        | -3.77e+03 |
| time/                 |           |
|    fps                | 56        |
|    iterations         | 4100      |
|    time_elapsed       | 582       |
|    total_timesteps    | 32800     |
| train/                |           |
|    d_grad_norm        | 0.0571    |
|    d_learning_rate    | 3.9e-05   |
|    entropy_loss       | -0.586    |
|    explained_variance | 0.5782006 |
|    n_updates          | 4099      |
|    policy_loss        | -3.79     |
|    std                | 0.147     |
|    u_grad_norm        | 0.354     |
|    u_learning_rate    | 3.9e-06   |
|    v_grad_norm        | 0.885     |
|    v_learning_rate    | 1.22e-08  |
|    value_loss         | 7.41      |
-------------------------------------
-------------------------------------
| rollout/              |           |
|    ep_len_mean        | 500       |
|    ep_rew_mean        | -1.25e+03 |
| time/                 |           |
|    fps                | 56        |
|    iterations         | 4100      |
|    time_elapsed       | 582       |
|    total_timesteps    | 32800     |
| train/                |           |
|    d_grad_norm        | 0.00274   |
|    d_learning_rate    | 3.9e-05   |
|    entropy_loss       | 0.453     |
|    explained_variance | -9.443183 |
|    n_updates          | 4099      |
|    policy_loss        | -0.2      |
|    std                | 0.241     |
|    u_grad_norm        | 0.751     |
|    u_learning_rate    | 3.9e-06   |
|    v_grad_norm        | 0.643     |
|    v_learning_rate    | 1.22e-08  |
|    value_loss         | 0.384     |
-------------------------------------
--------------------------------------
| rollout/              |            |
|    ep_len_mean        | 500        |
|    ep_rew_mean        | -1.39e+03  |
| time/                 |            |
|    fps                | 56         |
|    iterations         | 4100       |
|    time_elapsed       | 582        |
|    total_timesteps    | 32800      |
| train/                |            |
|    d_grad_norm        | 0.0285     |
|    d_learning_rate    | 3.9e-05    |
|    entropy_loss       | 0.347      |
|    explained_variance | -18.136843 |
|    n_updates          | 4099       |
|    policy_loss        | -0.00562   |
|    std                | 0.239      |
|    u_grad_norm        | 0.486      |
|    u_learning_rate    | 3.9e-06    |
|    v_grad_norm        | 0.75       |
|    v_learning_rate    | 1.22e-08   |
|    value_loss         | 0.000105   |
--------------------------------------
--------------------------------------
| rollout/              |            |
|    ep_len_mean        | 500        |
|    ep_rew_mean        | -334       |
| time/                 |            |
|    fps                | 56         |
|    iterations         | 4200       |
|    time_elapsed       | 590        |
|    total_timesteps    | 33600      |
| train/                |            |
|    d_grad_norm        | 0.00267    |
|    d_learning_rate    | 3.84e-05   |
|    entropy_loss       | 0.862      |
|    explained_variance | -1.4318156 |
|    n_updates          | 4199       |
|    policy_loss        | 0.00131    |
|    std                | 0.186      |
|    u_grad_norm        | 0.0295     |
|    u_learning_rate    | 3.84e-06   |
|    v_grad_norm        | 0.0415     |
|    v_learning_rate    | 1.19e-08   |
|    value_loss         | 5.62e-06   |
--------------------------------------
---------------------------------------
| rollout/              |             |
|    ep_len_mean        | 500         |
|    ep_rew_mean        | -3.59e+03   |
| time/                 |             |
|    fps                | 56          |
|    iterations         | 4200        |
|    time_elapsed       | 590         |
|    total_timesteps    | 33600       |
| train/                |             |
|    d_grad_norm        | 0.00146     |
|    d_learning_rate    | 3.84e-05    |
|    entropy_loss       | -1.37       |
|    explained_variance | 0.015635729 |
|    n_updates          | 4199        |
|    policy_loss        | 9.76        |
|    std                | 0.153       |
|    u_grad_norm        | 0.00266     |
|    u_learning_rate    | 3.84e-06    |
|    v_grad_norm        | 0.858       |
|    v_learning_rate    | 1.19e-08    |
|    value_loss         | 110         |
---------------------------------------
--------------------------------------
| rollout/              |            |
|    ep_len_mean        | 500        |
|    ep_rew_mean        | -2.99e+03  |
| time/                 |            |
|    fps                | 56         |
|    iterations         | 4200       |
|    time_elapsed       | 590        |
|    total_timesteps    | 33600      |
| train/                |            |
|    d_grad_norm        | 0.0204     |
|    d_learning_rate    | 3.84e-05   |
|    entropy_loss       | 0.343      |
|    explained_variance | 0.38470572 |
|    n_updates          | 4199       |
|    policy_loss        | -3.02      |
|    std                | 0.117      |
|    u_grad_norm        | 0.119      |
|    u_learning_rate    | 3.84e-06   |
|    v_grad_norm        | 0.81       |
|    v_learning_rate    | 1.19e-08   |
|    value_loss         | 20.8       |
--------------------------------------
--------------------------------------
| rollout/              |            |
|    ep_len_mean        | 500        |
|    ep_rew_mean        | -1.01e+03  |
| time/                 |            |
|    fps                | 56         |
|    iterations         | 4200       |
|    time_elapsed       | 590        |
|    total_timesteps    | 33600      |
| train/                |            |
|    d_grad_norm        | 0.00675    |
|    d_learning_rate    | 3.84e-05   |
|    entropy_loss       | 1.03       |
|    explained_variance | -29.320114 |
|    n_updates          | 4199       |
|    policy_loss        | 0.00436    |
|    std                | 0.202      |
|    u_grad_norm        | 0.0799     |
|    u_learning_rate    | 3.84e-06   |
|    v_grad_norm        | 0.983      |
|    v_learning_rate    | 1.19e-08   |
|    value_loss         | 0.000134   |
--------------------------------------
-------------------------------------
| rollout/              |           |
|    ep_len_mean        | 500       |
|    ep_rew_mean        | -2.82e+03 |
| time/                 |           |
|    fps                | 56        |
|    iterations         | 4200      |
|    time_elapsed       | 590       |
|    total_timesteps    | 33600     |
| train/                |           |
|    d_grad_norm        | 0.00257   |
|    d_learning_rate    | 3.84e-05  |
|    entropy_loss       | 0.422     |
|    explained_variance | 0.8365694 |
|    n_updates          | 4199      |
|    policy_loss        | 0.857     |
|    std                | 0.111     |
|    u_grad_norm        | 0.0311    |
|    u_learning_rate    | 3.84e-06  |
|    v_grad_norm        | 0.843     |
|    v_learning_rate    | 1.19e-08  |
|    value_loss         | 1.48      |
-------------------------------------
-------------------------------------
| rollout/              |           |
|    ep_len_mean        | 500       |
|    ep_rew_mean        | -3.77e+03 |
| time/                 |           |
|    fps                | 56        |
|    iterations         | 4200      |
|    time_elapsed       | 590       |
|    total_timesteps    | 33600     |
| train/                |           |
|    d_grad_norm        | 0.0862    |
|    d_learning_rate    | 3.84e-05  |
|    entropy_loss       | 0.349     |
|    explained_variance | 0.2006504 |
|    n_updates          | 4199      |
|    policy_loss        | -1.79     |
|    std                | 0.147     |
|    u_grad_norm        | 0.109     |
|    u_learning_rate    | 3.84e-06  |
|    v_grad_norm        | 0.911     |
|    v_learning_rate    | 1.19e-08  |
|    value_loss         | 6.13      |
-------------------------------------
--------------------------------------
| rollout/              |            |
|    ep_len_mean        | 500        |
|    ep_rew_mean        | -1.6e+03   |
| time/                 |            |
|    fps                | 56         |
|    iterations         | 4200       |
|    time_elapsed       | 590        |
|    total_timesteps    | 33600      |
| train/                |            |
|    d_grad_norm        | 0.0383     |
|    d_learning_rate    | 3.84e-05   |
|    entropy_loss       | 0.684      |
|    explained_variance | 0.52245194 |
|    n_updates          | 4199       |
|    policy_loss        | -0.365     |
|    std                | 0.225      |
|    u_grad_norm        | 0.416      |
|    u_learning_rate    | 3.84e-06   |
|    v_grad_norm        | 0.704      |
|    v_learning_rate    | 1.19e-08   |
|    value_loss         | 4.91       |
--------------------------------------
--------------------------------------
| rollout/              |            |
|    ep_len_mean        | 500        |
|    ep_rew_mean        | -1.22e+03  |
| time/                 |            |
|    fps                | 56         |
|    iterations         | 4200       |
|    time_elapsed       | 590        |
|    total_timesteps    | 33600      |
| train/                |            |
|    d_grad_norm        | 0.0175     |
|    d_learning_rate    | 3.84e-05   |
|    entropy_loss       | 0.46       |
|    explained_variance | -38.032356 |
|    n_updates          | 4199       |
|    policy_loss        | -0.0438    |
|    std                | 0.241      |
|    u_grad_norm        | 0.712      |
|    u_learning_rate    | 3.84e-06   |
|    v_grad_norm        | 0.684      |
|    v_learning_rate    | 1.19e-08   |
|    value_loss         | 0.132      |
--------------------------------------
-------------------------------------
| rollout/              |           |
|    ep_len_mean        | 500       |
|    ep_rew_mean        | -3.68e+03 |
| time/                 |           |
|    fps                | 56        |
|    iterations         | 4200      |
|    time_elapsed       | 590       |
|    total_timesteps    | 33600     |
| train/                |           |
|    d_grad_norm        | 0.0191    |
|    d_learning_rate    | 3.84e-05  |
|    entropy_loss       | -1.37     |
|    explained_variance | 0.983932  |
|    n_updates          | 4199      |
|    policy_loss        | -2.14     |
|    std                | 0.141     |
|    u_grad_norm        | 0.124     |
|    u_learning_rate    | 3.84e-06  |
|    v_grad_norm        | 0.827     |
|    v_learning_rate    | 1.19e-08  |
|    value_loss         | 5.96      |
-------------------------------------
------------------------------------
| rollout/              |          |
|    ep_len_mean        | 500      |
|    ep_rew_mean        | -1.4e+03 |
| time/                 |          |
|    fps                | 56       |
|    iterations         | 4200     |
|    time_elapsed       | 590      |
|    total_timesteps    | 33600    |
| train/                |          |
|    d_grad_norm        | 0.0298   |
|    d_learning_rate    | 3.84e-05 |
|    entropy_loss       | -1.44    |
|    explained_variance | 0.896514 |
|    n_updates          | 4199     |
|    policy_loss        | -2.26    |
|    std                | 0.239    |
|    u_grad_norm        | 0.00206  |
|    u_learning_rate    | 3.84e-06 |
|    v_grad_norm        | 0.832    |
|    v_learning_rate    | 1.19e-08 |
|    value_loss         | 7.43     |
------------------------------------
--------------------------------------
| rollout/              |            |
|    ep_len_mean        | 500        |
|    ep_rew_mean        | -331       |
| time/                 |            |
|    fps                | 57         |
|    iterations         | 4300       |
|    time_elapsed       | 598        |
|    total_timesteps    | 34400      |
| train/                |            |
|    d_grad_norm        | 0.0021     |
|    d_learning_rate    | 3.78e-05   |
|    entropy_loss       | 0.86       |
|    explained_variance | -4.5455427 |
|    n_updates          | 4299       |
|    policy_loss        | 0.000653   |
|    std                | 0.186      |
|    u_grad_norm        | 0.046      |
|    u_learning_rate    | 3.78e-06   |
|    v_grad_norm        | 0.073      |
|    v_learning_rate    | 1.16e-08   |
|    value_loss         | 2.08e-05   |
--------------------------------------
--------------------------------------
| rollout/              |            |
|    ep_len_mean        | 500        |
|    ep_rew_mean        | -3.57e+03  |
| time/                 |            |
|    fps                | 57         |
|    iterations         | 4300       |
|    time_elapsed       | 598        |
|    total_timesteps    | 34400      |
| train/                |            |
|    d_grad_norm        | 0.108      |
|    d_learning_rate    | 3.78e-05   |
|    entropy_loss       | -0.62      |
|    explained_variance | -2.2425182 |
|    n_updates          | 4299       |
|    policy_loss        | 5.66       |
|    std                | 0.153      |
|    u_grad_norm        | 0.323      |
|    u_learning_rate    | 3.78e-06   |
|    v_grad_norm        | 0.901      |
|    v_learning_rate    | 1.16e-08   |
|    value_loss         | 10.4       |
--------------------------------------
-------------------------------------
| rollout/              |           |
|    ep_len_mean        | 500       |
|    ep_rew_mean        | -2.99e+03 |
| time/                 |           |
|    fps                | 57        |
|    iterations         | 4300      |
|    time_elapsed       | 598       |
|    total_timesteps    | 34400     |
| train/                |           |
|    d_grad_norm        | 0.00442   |
|    d_learning_rate    | 3.78e-05  |
|    entropy_loss       | 0.115     |
|    explained_variance | 0.9948512 |
|    n_updates          | 4299      |
|    policy_loss        | -0.725    |
|    std                | 0.117     |
|    u_grad_norm        | 0.0905    |
|    u_learning_rate    | 3.78e-06  |
|    v_grad_norm        | 0.81      |
|    v_learning_rate    | 1.16e-08  |
|    value_loss         | 2.96      |
-------------------------------------
-------------------------------------
| rollout/              |           |
|    ep_len_mean        | 500       |
|    ep_rew_mean        | -1e+03    |
| time/                 |           |
|    fps                | 57        |
|    iterations         | 4300      |
|    time_elapsed       | 598       |
|    total_timesteps    | 34400     |
| train/                |           |
|    d_grad_norm        | 0.00959   |
|    d_learning_rate    | 3.78e-05  |
|    entropy_loss       | -2.44     |
|    explained_variance | 0.9980219 |
|    n_updates          | 4299      |
|    policy_loss        | 0.744     |
|    std                | 0.202     |
|    u_grad_norm        | 0.0349    |
|    u_learning_rate    | 3.78e-06  |
|    v_grad_norm        | 0.874     |
|    v_learning_rate    | 1.16e-08  |
|    value_loss         | 0.23      |
-------------------------------------
--------------------------------------
| rollout/              |            |
|    ep_len_mean        | 500        |
|    ep_rew_mean        | -3.77e+03  |
| time/                 |            |
|    fps                | 57         |
|    iterations         | 4300       |
|    time_elapsed       | 598        |
|    total_timesteps    | 34400      |
| train/                |            |
|    d_grad_norm        | 0.0217     |
|    d_learning_rate    | 3.78e-05   |
|    entropy_loss       | -0.756     |
|    explained_variance | 0.93642735 |
|    n_updates          | 4299       |
|    policy_loss        | 0.844      |
|    std                | 0.147      |
|    u_grad_norm        | 0.0794     |
|    u_learning_rate    | 3.78e-06   |
|    v_grad_norm        | 0.922      |
|    v_learning_rate    | 1.16e-08   |
|    value_loss         | 3.99       |
--------------------------------------
--------------------------------------
| rollout/              |            |
|    ep_len_mean        | 500        |
|    ep_rew_mean        | -2.82e+03  |
| time/                 |            |
|    fps                | 57         |
|    iterations         | 4300       |
|    time_elapsed       | 598        |
|    total_timesteps    | 34400      |
| train/                |            |
|    d_grad_norm        | 0.0126     |
|    d_learning_rate    | 3.78e-05   |
|    entropy_loss       | 0.346      |
|    explained_variance | 0.80820775 |
|    n_updates          | 4299       |
|    policy_loss        | 0.396      |
|    std                | 0.111      |
|    u_grad_norm        | 0.401      |
|    u_learning_rate    | 3.78e-06   |
|    v_grad_norm        | 0.768      |
|    v_learning_rate    | 1.16e-08   |
|    value_loss         | 1.33       |
--------------------------------------
--------------------------------------
| rollout/              |            |
|    ep_len_mean        | 500        |
|    ep_rew_mean        | -1.61e+03  |
| time/                 |            |
|    fps                | 57         |
|    iterations         | 4300       |
|    time_elapsed       | 598        |
|    total_timesteps    | 34400      |
| train/                |            |
|    d_grad_norm        | 0.0289     |
|    d_learning_rate    | 3.78e-05   |
|    entropy_loss       | -0.703     |
|    explained_variance | 0.99308383 |
|    n_updates          | 4299       |
|    policy_loss        | 0.301      |
|    std                | 0.225      |
|    u_grad_norm        | 0.0604     |
|    u_learning_rate    | 3.78e-06   |
|    v_grad_norm        | 0.792      |
|    v_learning_rate    | 1.16e-08   |
|    value_loss         | 0.492      |
--------------------------------------
-------------------------------------
| rollout/              |           |
|    ep_len_mean        | 500       |
|    ep_rew_mean        | -1.2e+03  |
| time/                 |           |
|    fps                | 57        |
|    iterations         | 4300      |
|    time_elapsed       | 598       |
|    total_timesteps    | 34400     |
| train/                |           |
|    d_grad_norm        | 0.0567    |
|    d_learning_rate    | 3.78e-05  |
|    entropy_loss       | 0.445     |
|    explained_variance | -29.20084 |
|    n_updates          | 4299      |
|    policy_loss        | -0.0143   |
|    std                | 0.241     |
|    u_grad_norm        | 0.691     |
|    u_learning_rate    | 3.78e-06  |
|    v_grad_norm        | 0.706     |
|    v_learning_rate    | 1.16e-08  |
|    value_loss         | 0.37      |
-------------------------------------
-------------------------------------
| rollout/              |           |
|    ep_len_mean        | 500       |
|    ep_rew_mean        | -3.68e+03 |
| time/                 |           |
|    fps                | 57        |
|    iterations         | 4300      |
|    time_elapsed       | 598       |
|    total_timesteps    | 34400     |
| train/                |           |
|    d_grad_norm        | 0.00163   |
|    d_learning_rate    | 3.78e-05  |
|    entropy_loss       | -1.51     |
|    explained_variance | 0.9218322 |
|    n_updates          | 4299      |
|    policy_loss        | 0.306     |
|    std                | 0.141     |
|    u_grad_norm        | 0.0299    |
|    u_learning_rate    | 3.78e-06  |
|    v_grad_norm        | 0.838     |
|    v_learning_rate    | 1.16e-08  |
|    value_loss         | 1.61      |
-------------------------------------
-------------------------------------
| rollout/              |           |
|    ep_len_mean        | 500       |
|    ep_rew_mean        | -1.42e+03 |
| time/                 |           |
|    fps                | 57        |
|    iterations         | 4300      |
|    time_elapsed       | 598       |
|    total_timesteps    | 34400     |
| train/                |           |
|    d_grad_norm        | 0.0393    |
|    d_learning_rate    | 3.78e-05  |
|    entropy_loss       | -1.16     |
|    explained_variance | 0.9689796 |
|    n_updates          | 4299      |
|    policy_loss        | -13.6     |
|    std                | 0.239     |
|    u_grad_norm        | 0.0881    |
|    u_learning_rate    | 3.78e-06  |
|    v_grad_norm        | 0.785     |
|    v_learning_rate    | 1.16e-08  |
|    value_loss         | 53.7      |
-------------------------------------
--------------------------------------
| rollout/              |            |
|    ep_len_mean        | 500        |
|    ep_rew_mean        | -327       |
| time/                 |            |
|    fps                | 58         |
|    iterations         | 4400       |
|    time_elapsed       | 606        |
|    total_timesteps    | 35200      |
| train/                |            |
|    d_grad_norm        | 0.0106     |
|    d_learning_rate    | 3.72e-05   |
|    entropy_loss       | 0.877      |
|    explained_variance | -2.6973944 |
|    n_updates          | 4399       |
|    policy_loss        | -4.58e-05  |
|    std                | 0.186      |
|    u_grad_norm        | 0.344      |
|    u_learning_rate    | 3.72e-06   |
|    v_grad_norm        | 0.121      |
|    v_learning_rate    | 1.14e-08   |
|    value_loss         | 3e-05      |
--------------------------------------
-------------------------------------
| rollout/              |           |
|    ep_len_mean        | 500       |
|    ep_rew_mean        | -2.98e+03 |
| time/                 |           |
|    fps                | 58        |
|    iterations         | 4400      |
|    time_elapsed       | 606       |
|    total_timesteps    | 35200     |
| train/                |           |
|    d_grad_norm        | 0.0134    |
|    d_learning_rate    | 3.72e-05  |
|    entropy_loss       | -0.561    |
|    explained_variance | 0.9997704 |
|    n_updates          | 4399      |
|    policy_loss        | 0.0145    |
|    std                | 0.117     |
|    u_grad_norm        | 0.0435    |
|    u_learning_rate    | 3.72e-06  |
|    v_grad_norm        | 0.892     |
|    v_learning_rate    | 1.14e-08  |
|    value_loss         | 0.0242    |
-------------------------------------
--------------------------------------
| rollout/              |            |
|    ep_len_mean        | 500        |
|    ep_rew_mean        | -3.56e+03  |
| time/                 |            |
|    fps                | 58         |
|    iterations         | 4400       |
|    time_elapsed       | 606        |
|    total_timesteps    | 35200      |
| train/                |            |
|    d_grad_norm        | 0.119      |
|    d_learning_rate    | 3.72e-05   |
|    entropy_loss       | -1.6       |
|    explained_variance | 0.28577107 |
|    n_updates          | 4399       |
|    policy_loss        | -0.188     |
|    std                | 0.153      |
|    u_grad_norm        | 0.0441     |
|    u_learning_rate    | 3.72e-06   |
|    v_grad_norm        | 0.835      |
|    v_learning_rate    | 1.14e-08   |
|    value_loss         | 1.33       |
--------------------------------------
-------------------------------------
| rollout/              |           |
|    ep_len_mean        | 500       |
|    ep_rew_mean        | -1.03e+03 |
| time/                 |           |
|    fps                | 58        |
|    iterations         | 4400      |
|    time_elapsed       | 606       |
|    total_timesteps    | 35200     |
| train/                |           |
|    d_grad_norm        | 0.0125    |
|    d_learning_rate    | 3.72e-05  |
|    entropy_loss       | -1.39     |
|    explained_variance | 0.9419256 |
|    n_updates          | 4399      |
|    policy_loss        | -0.225    |
|    std                | 0.202     |
|    u_grad_norm        | 0.0793    |
|    u_learning_rate    | 3.72e-06  |
|    v_grad_norm        | 0.805     |
|    v_learning_rate    | 1.14e-08  |
|    value_loss         | 0.239     |
-------------------------------------
-------------------------------------
| rollout/              |           |
|    ep_len_mean        | 500       |
|    ep_rew_mean        | -3.78e+03 |
| time/                 |           |
|    fps                | 58        |
|    iterations         | 4400      |
|    time_elapsed       | 606       |
|    total_timesteps    | 35200     |
| train/                |           |
|    d_grad_norm        | 0.0411    |
|    d_learning_rate    | 3.72e-05  |
|    entropy_loss       | -0.818    |
|    explained_variance | 0.662817  |
|    n_updates          | 4399      |
|    policy_loss        | 0.796     |
|    std                | 0.147     |
|    u_grad_norm        | 0.0824    |
|    u_learning_rate    | 3.72e-06  |
|    v_grad_norm        | 0.958     |
|    v_learning_rate    | 1.14e-08  |
|    value_loss         | 3.39      |
-------------------------------------
---------------------------------------
| rollout/              |             |
|    ep_len_mean        | 500         |
|    ep_rew_mean        | -1.63e+03   |
| time/                 |             |
|    fps                | 58          |
|    iterations         | 4400        |
|    time_elapsed       | 606         |
|    total_timesteps    | 35200       |
| train/                |             |
|    d_grad_norm        | 0.0205      |
|    d_learning_rate    | 3.72e-05    |
|    entropy_loss       | 0.398       |
|    explained_variance | -0.82495236 |
|    n_updates          | 4399        |
|    policy_loss        | 0.99        |
|    std                | 0.225       |
|    u_grad_norm        | 0.219       |
|    u_learning_rate    | 3.72e-06    |
|    v_grad_norm        | 0.782       |
|    v_learning_rate    | 1.14e-08    |
|    value_loss         | 91.9        |
---------------------------------------
-------------------------------------
| rollout/              |           |
|    ep_len_mean        | 500       |
|    ep_rew_mean        | -2.82e+03 |
| time/                 |           |
|    fps                | 58        |
|    iterations         | 4400      |
|    time_elapsed       | 606       |
|    total_timesteps    | 35200     |
| train/                |           |
|    d_grad_norm        | 0.0143    |
|    d_learning_rate    | 3.72e-05  |
|    entropy_loss       | -0.688    |
|    explained_variance | 0.9938614 |
|    n_updates          | 4399      |
|    policy_loss        | -0.454    |
|    std                | 0.111     |
|    u_grad_norm        | 0.214     |
|    u_learning_rate    | 3.72e-06  |
|    v_grad_norm        | 0.967     |
|    v_learning_rate    | 1.14e-08  |
|    value_loss         | 0.548     |
-------------------------------------
--------------------------------------
| rollout/              |            |
|    ep_len_mean        | 500        |
|    ep_rew_mean        | -1.22e+03  |
| time/                 |            |
|    fps                | 58         |
|    iterations         | 4400       |
|    time_elapsed       | 606        |
|    total_timesteps    | 35200      |
| train/                |            |
|    d_grad_norm        | 0.0121     |
|    d_learning_rate    | 3.72e-05   |
|    entropy_loss       | 0.506      |
|    explained_variance | 0.32046044 |
|    n_updates          | 4399       |
|    policy_loss        | 0.23       |
|    std                | 0.241      |
|    u_grad_norm        | 0.13       |
|    u_learning_rate    | 3.72e-06   |
|    v_grad_norm        | 0.985      |
|    v_learning_rate    | 1.14e-08   |
|    value_loss         | 0.072      |
--------------------------------------
--------------------------------------
| rollout/              |            |
|    ep_len_mean        | 500        |
|    ep_rew_mean        | -3.68e+03  |
| time/                 |            |
|    fps                | 58         |
|    iterations         | 4400       |
|    time_elapsed       | 606        |
|    total_timesteps    | 35200      |
| train/                |            |
|    d_grad_norm        | 0.00737    |
|    d_learning_rate    | 3.72e-05   |
|    entropy_loss       | -1.19      |
|    explained_variance | 0.99540657 |
|    n_updates          | 4399       |
|    policy_loss        | 1.68       |
|    std                | 0.141      |
|    u_grad_norm        | 0.182      |
|    u_learning_rate    | 3.72e-06   |
|    v_grad_norm        | 0.816      |
|    v_learning_rate    | 1.14e-08   |
|    value_loss         | 1.56       |
--------------------------------------
--------------------------------------
| rollout/              |            |
|    ep_len_mean        | 500        |
|    ep_rew_mean        | -1.44e+03  |
| time/                 |            |
|    fps                | 58         |
|    iterations         | 4400       |
|    time_elapsed       | 606        |
|    total_timesteps    | 35200      |
| train/                |            |
|    d_grad_norm        | 0.021      |
|    d_learning_rate    | 3.72e-05   |
|    entropy_loss       | -1.46      |
|    explained_variance | 0.92787224 |
|    n_updates          | 4399       |
|    policy_loss        | -6.77      |
|    std                | 0.239      |
|    u_grad_norm        | 0.0654     |
|    u_learning_rate    | 3.72e-06   |
|    v_grad_norm        | 0.812      |
|    v_learning_rate    | 1.14e-08   |
|    value_loss         | 14.4       |
--------------------------------------
-------------------------------------
| rollout/              |           |
|    ep_len_mean        | 500       |
|    ep_rew_mean        | -336      |
| time/                 |           |
|    fps                | 58        |
|    iterations         | 4500      |
|    time_elapsed       | 614       |
|    total_timesteps    | 36000     |
| train/                |           |
|    d_grad_norm        | 0.00748   |
|    d_learning_rate    | 3.67e-05  |
|    entropy_loss       | 0.847     |
|    explained_variance | -7.385627 |
|    n_updates          | 4499      |
|    policy_loss        | 0.000519  |
|    std                | 0.186     |
|    u_grad_norm        | 0.164     |
|    u_learning_rate    | 3.67e-06  |
|    v_grad_norm        | 0.164     |
|    v_learning_rate    | 1.11e-08  |
|    value_loss         | 1.92e-06  |
-------------------------------------
--------------------------------------
| rollout/              |            |
|    ep_len_mean        | 500        |
|    ep_rew_mean        | -3.56e+03  |
| time/                 |            |
|    fps                | 58         |
|    iterations         | 4500       |
|    time_elapsed       | 614        |
|    total_timesteps    | 36000      |
| train/                |            |
|    d_grad_norm        | 0.00248    |
|    d_learning_rate    | 3.67e-05   |
|    entropy_loss       | -2.03      |
|    explained_variance | 0.99760985 |
|    n_updates          | 4499       |
|    policy_loss        | 1.2        |
|    std                | 0.153      |
|    u_grad_norm        | 0.0174     |
|    u_learning_rate    | 3.67e-06   |
|    v_grad_norm        | 0.862      |
|    v_learning_rate    | 1.11e-08   |
|    value_loss         | 0.666      |
--------------------------------------
-------------------------------------
| rollout/              |           |
|    ep_len_mean        | 500       |
|    ep_rew_mean        | -2.98e+03 |
| time/                 |           |
|    fps                | 58        |
|    iterations         | 4500      |
|    time_elapsed       | 614       |
|    total_timesteps    | 36000     |
| train/                |           |
|    d_grad_norm        | 0.00429   |
|    d_learning_rate    | 3.67e-05  |
|    entropy_loss       | 0.106     |
|    explained_variance | 0.9932633 |
|    n_updates          | 4499      |
|    policy_loss        | 0.486     |
|    std                | 0.117     |
|    u_grad_norm        | 0.479     |
|    u_learning_rate    | 3.67e-06  |
|    v_grad_norm        | 0.636     |
|    v_learning_rate    | 1.11e-08  |
|    value_loss         | 0.222     |
-------------------------------------
--------------------------------------
| rollout/              |            |
|    ep_len_mean        | 500        |
|    ep_rew_mean        | -1.03e+03  |
| time/                 |            |
|    fps                | 58         |
|    iterations         | 4500       |
|    time_elapsed       | 614        |
|    total_timesteps    | 36000      |
| train/                |            |
|    d_grad_norm        | 0.00438    |
|    d_learning_rate    | 3.67e-05   |
|    entropy_loss       | 0.982      |
|    explained_variance | 0.46791333 |
|    n_updates          | 4499       |
|    policy_loss        | -0.00165   |
|    std                | 0.202      |
|    u_grad_norm        | 0.578      |
|    u_learning_rate    | 3.67e-06   |
|    v_grad_norm        | 0.259      |
|    v_learning_rate    | 1.11e-08   |
|    value_loss         | 1.19e-05   |
--------------------------------------
-------------------------------------
| rollout/              |           |
|    ep_len_mean        | 500       |
|    ep_rew_mean        | -3.78e+03 |
| time/                 |           |
|    fps                | 58        |
|    iterations         | 4500      |
|    time_elapsed       | 614       |
|    total_timesteps    | 36000     |
| train/                |           |
|    d_grad_norm        | 0.0064    |
|    d_learning_rate    | 3.67e-05  |
|    entropy_loss       | -0.466    |
|    explained_variance | 0.9413081 |
|    n_updates          | 4499      |
|    policy_loss        | 0.42      |
|    std                | 0.147     |
|    u_grad_norm        | 0.181     |
|    u_learning_rate    | 3.67e-06  |
|    v_grad_norm        | 0.943     |
|    v_learning_rate    | 1.11e-08  |
|    value_loss         | 0.506     |
-------------------------------------
-------------------------------------
| rollout/              |           |
|    ep_len_mean        | 500       |
|    ep_rew_mean        | -3.68e+03 |
| time/                 |           |
|    fps                | 58        |
|    iterations         | 4500      |
|    time_elapsed       | 614       |
|    total_timesteps    | 36000     |
| train/                |           |
|    d_grad_norm        | 0.0224    |
|    d_learning_rate    | 3.67e-05  |
|    entropy_loss       | -1        |
|    explained_variance | 0.8453824 |
|    n_updates          | 4499      |
|    policy_loss        | -4.56     |
|    std                | 0.141     |
|    u_grad_norm        | 0.0615    |
|    u_learning_rate    | 3.67e-06  |
|    v_grad_norm        | 0.8       |
|    v_learning_rate    | 1.11e-08  |
|    value_loss         | 19.7      |
-------------------------------------
---------------------------------------
| rollout/              |             |
|    ep_len_mean        | 500         |
|    ep_rew_mean        | -1.64e+03   |
| time/                 |             |
|    fps                | 58          |
|    iterations         | 4500        |
|    time_elapsed       | 614         |
|    total_timesteps    | 36000       |
| train/                |             |
|    d_grad_norm        | 0.0277      |
|    d_learning_rate    | 3.67e-05    |
|    entropy_loss       | 1.3         |
|    explained_variance | -0.12641323 |
|    n_updates          | 4499        |
|    policy_loss        | 0.0214      |
|    std                | 0.225       |
|    u_grad_norm        | 0.463       |
|    u_learning_rate    | 3.67e-06    |
|    v_grad_norm        | 0.879       |
|    v_learning_rate    | 1.11e-08    |
|    value_loss         | 9.1e-05     |
---------------------------------------
--------------------------------------
| rollout/              |            |
|    ep_len_mean        | 500        |
|    ep_rew_mean        | -2.82e+03  |
| time/                 |            |
|    fps                | 58         |
|    iterations         | 4500       |
|    time_elapsed       | 614        |
|    total_timesteps    | 36000      |
| train/                |            |
|    d_grad_norm        | 0.00283    |
|    d_learning_rate    | 3.67e-05   |
|    entropy_loss       | -1.37      |
|    explained_variance | 0.97880816 |
|    n_updates          | 4499       |
|    policy_loss        | -0.891     |
|    std                | 0.111      |
|    u_grad_norm        | 0.159      |
|    u_learning_rate    | 3.67e-06   |
|    v_grad_norm        | 0.895      |
|    v_learning_rate    | 1.11e-08   |
|    value_loss         | 0.253      |
--------------------------------------
--------------------------------------
| rollout/              |            |
|    ep_len_mean        | 500        |
|    ep_rew_mean        | -1.23e+03  |
| time/                 |            |
|    fps                | 58         |
|    iterations         | 4500       |
|    time_elapsed       | 614        |
|    total_timesteps    | 36000      |
| train/                |            |
|    d_grad_norm        | 0.00118    |
|    d_learning_rate    | 3.67e-05   |
|    entropy_loss       | -1.54      |
|    explained_variance | 0.99873805 |
|    n_updates          | 4499       |
|    policy_loss        | 0.187      |
|    std                | 0.241      |
|    u_grad_norm        | 0.00855    |
|    u_learning_rate    | 3.67e-06   |
|    v_grad_norm        | 0.855      |
|    v_learning_rate    | 1.11e-08   |
|    value_loss         | 0.103      |
--------------------------------------
-------------------------------------
| rollout/              |           |
|    ep_len_mean        | 500       |
|    ep_rew_mean        | -1.45e+03 |
| time/                 |           |
|    fps                | 58        |
|    iterations         | 4500      |
|    time_elapsed       | 614       |
|    total_timesteps    | 36000     |
| train/                |           |
|    d_grad_norm        | 0.0234    |
|    d_learning_rate    | 3.67e-05  |
|    entropy_loss       | 0.372     |
|    explained_variance | -90.8691  |
|    n_updates          | 4499      |
|    policy_loss        | -0.00226  |
|    std                | 0.239     |
|    u_grad_norm        | 0.282     |
|    u_learning_rate    | 3.67e-06  |
|    v_grad_norm        | 0.365     |
|    v_learning_rate    | 1.11e-08  |
|    value_loss         | 0.00112   |
-------------------------------------
--------------------------------------
| rollout/              |            |
|    ep_len_mean        | 500        |
|    ep_rew_mean        | -370       |
| time/                 |            |
|    fps                | 59         |
|    iterations         | 4600       |
|    time_elapsed       | 622        |
|    total_timesteps    | 36800      |
| train/                |            |
|    d_grad_norm        | 0.0161     |
|    d_learning_rate    | 3.62e-05   |
|    entropy_loss       | 0.878      |
|    explained_variance | -4.6290517 |
|    n_updates          | 4599       |
|    policy_loss        | 0.000784   |
|    std                | 0.186      |
|    u_grad_norm        | 0.279      |
|    u_learning_rate    | 3.62e-06   |
|    v_grad_norm        | 0.0278     |
|    v_learning_rate    | 1.09e-08   |
|    value_loss         | 5.06e-05   |
--------------------------------------
--------------------------------------
| rollout/              |            |
|    ep_len_mean        | 500        |
|    ep_rew_mean        | -3.57e+03  |
| time/                 |            |
|    fps                | 59         |
|    iterations         | 4600       |
|    time_elapsed       | 622        |
|    total_timesteps    | 36800      |
| train/                |            |
|    d_grad_norm        | 0.00686    |
|    d_learning_rate    | 3.62e-05   |
|    entropy_loss       | -1.63      |
|    explained_variance | 0.98213744 |
|    n_updates          | 4599       |
|    policy_loss        | 0.205      |
|    std                | 0.153      |
|    u_grad_norm        | 0.0112     |
|    u_learning_rate    | 3.62e-06   |
|    v_grad_norm        | 0.774      |
|    v_learning_rate    | 1.09e-08   |
|    value_loss         | 0.86       |
--------------------------------------
-------------------------------------
| rollout/              |           |
|    ep_len_mean        | 500       |
|    ep_rew_mean        | -2.98e+03 |
| time/                 |           |
|    fps                | 59        |
|    iterations         | 4600      |
|    time_elapsed       | 622       |
|    total_timesteps    | 36800     |
| train/                |           |
|    d_grad_norm        | 0.00518   |
|    d_learning_rate    | 3.62e-05  |
|    entropy_loss       | -0.169    |
|    explained_variance | 0.9972909 |
|    n_updates          | 4599      |
|    policy_loss        | 0.0368    |
|    std                | 0.117     |
|    u_grad_norm        | 0.0835    |
|    u_learning_rate    | 3.62e-06  |
|    v_grad_norm        | 0.918     |
|    v_learning_rate    | 1.09e-08  |
|    value_loss         | 0.242     |
-------------------------------------
-------------------------------------
| rollout/              |           |
|    ep_len_mean        | 500       |
|    ep_rew_mean        | -1.03e+03 |
| time/                 |           |
|    fps                | 59        |
|    iterations         | 4600      |
|    time_elapsed       | 622       |
|    total_timesteps    | 36800     |
| train/                |           |
|    d_grad_norm        | 0.0319    |
|    d_learning_rate    | 3.62e-05  |
|    entropy_loss       | 0.666     |
|    explained_variance | -17.47183 |
|    n_updates          | 4599      |
|    policy_loss        | -1.01     |
|    std                | 0.202     |
|    u_grad_norm        | 0.313     |
|    u_learning_rate    | 3.62e-06  |
|    v_grad_norm        | 0.94      |
|    v_learning_rate    | 1.09e-08  |
|    value_loss         | 1.34      |
-------------------------------------
-------------------------------------
| rollout/              |           |
|    ep_len_mean        | 500       |
|    ep_rew_mean        | -3.68e+03 |
| time/                 |           |
|    fps                | 59        |
|    iterations         | 4600      |
|    time_elapsed       | 622       |
|    total_timesteps    | 36800     |
| train/                |           |
|    d_grad_norm        | 0.00771   |
|    d_learning_rate    | 3.62e-05  |
|    entropy_loss       | -1.37     |
|    explained_variance | 0.9945827 |
|    n_updates          | 4599      |
|    policy_loss        | 1.21      |
|    std                | 0.141     |
|    u_grad_norm        | 0.0924    |
|    u_learning_rate    | 3.62e-06  |
|    v_grad_norm        | 0.843     |
|    v_learning_rate    | 1.09e-08  |
|    value_loss         | 1.47      |
-------------------------------------
--------------------------------------
| rollout/              |            |
|    ep_len_mean        | 500        |
|    ep_rew_mean        | -3.78e+03  |
| time/                 |            |
|    fps                | 59         |
|    iterations         | 4600       |
|    time_elapsed       | 622        |
|    total_timesteps    | 36800      |
| train/                |            |
|    d_grad_norm        | 0.286      |
|    d_learning_rate    | 3.62e-05   |
|    entropy_loss       | -0.0746    |
|    explained_variance | -2.2749305 |
|    n_updates          | 4599       |
|    policy_loss        | -0.875     |
|    std                | 0.147      |
|    u_grad_norm        | 0.242      |
|    u_learning_rate    | 3.62e-06   |
|    v_grad_norm        | 0.898      |
|    v_learning_rate    | 1.09e-08   |
|    value_loss         | 3.6        |
--------------------------------------
--------------------------------------
| rollout/              |            |
|    ep_len_mean        | 500        |
|    ep_rew_mean        | -1.21e+03  |
| time/                 |            |
|    fps                | 59         |
|    iterations         | 4600       |
|    time_elapsed       | 622        |
|    total_timesteps    | 36800      |
| train/                |            |
|    d_grad_norm        | 0.00727    |
|    d_learning_rate    | 3.62e-05   |
|    entropy_loss       | 0.516      |
|    explained_variance | 0.26461226 |
|    n_updates          | 4599       |
|    policy_loss        | 0.0874     |
|    std                | 0.241      |
|    u_grad_norm        | 0.707      |
|    u_learning_rate    | 3.62e-06   |
|    v_grad_norm        | 0.702      |
|    v_learning_rate    | 1.09e-08   |
|    value_loss         | 0.135      |
--------------------------------------
-------------------------------------
| rollout/              |           |
|    ep_len_mean        | 500       |
|    ep_rew_mean        | -1.65e+03 |
| time/                 |           |
|    fps                | 59        |
|    iterations         | 4600      |
|    time_elapsed       | 622       |
|    total_timesteps    | 36800     |
| train/                |           |
|    d_grad_norm        | 0.0123    |
|    d_learning_rate    | 3.62e-05  |
|    entropy_loss       | 1.3       |
|    explained_variance | 0.8443215 |
|    n_updates          | 4599      |
|    policy_loss        | 0.0108    |
|    std                | 0.225     |
|    u_grad_norm        | 0.79      |
|    u_learning_rate    | 3.62e-06  |
|    v_grad_norm        | 0.591     |
|    v_learning_rate    | 1.09e-08  |
|    value_loss         | 3.23e-05  |
-------------------------------------
-------------------------------------
| rollout/              |           |
|    ep_len_mean        | 500       |
|    ep_rew_mean        | -2.82e+03 |
| time/                 |           |
|    fps                | 59        |
|    iterations         | 4600      |
|    time_elapsed       | 622       |
|    total_timesteps    | 36800     |
| train/                |           |
|    d_grad_norm        | 0.0084    |
|    d_learning_rate    | 3.62e-05  |
|    entropy_loss       | -0.278    |
|    explained_variance | 0.9985451 |
|    n_updates          | 4599      |
|    policy_loss        | 0.0761    |
|    std                | 0.111     |
|    u_grad_norm        | 0.211     |
|    u_learning_rate    | 3.62e-06  |
|    v_grad_norm        | 0.922     |
|    v_learning_rate    | 1.09e-08  |
|    value_loss         | 0.143     |
-------------------------------------
--------------------------------------
| rollout/              |            |
|    ep_len_mean        | 500        |
|    ep_rew_mean        | -1.43e+03  |
| time/                 |            |
|    fps                | 59         |
|    iterations         | 4600       |
|    time_elapsed       | 622        |
|    total_timesteps    | 36800      |
| train/                |            |
|    d_grad_norm        | 0.00172    |
|    d_learning_rate    | 3.62e-05   |
|    entropy_loss       | 0.378      |
|    explained_variance | -16.778986 |
|    n_updates          | 4599       |
|    policy_loss        | 0.00331    |
|    std                | 0.239      |
|    u_grad_norm        | 0.0778     |
|    u_learning_rate    | 3.62e-06   |
|    v_grad_norm        | 0.992      |
|    v_learning_rate    | 1.09e-08   |
|    value_loss         | 7.42e-05   |
--------------------------------------
--------------------------------------
| rollout/              |            |
|    ep_len_mean        | 500        |
|    ep_rew_mean        | -360       |
| time/                 |            |
|    fps                | 59         |
|    iterations         | 4700       |
|    time_elapsed       | 630        |
|    total_timesteps    | 37600      |
| train/                |            |
|    d_grad_norm        | 0.0386     |
|    d_learning_rate    | 3.56e-05   |
|    entropy_loss       | -1.75      |
|    explained_variance | 0.99922955 |
|    n_updates          | 4699       |
|    policy_loss        | 0.204      |
|    std                | 0.186      |
|    u_grad_norm        | 0.094      |
|    u_learning_rate    | 3.56e-06   |
|    v_grad_norm        | 0.724      |
|    v_learning_rate    | 1.06e-08   |
|    value_loss         | 0.195      |
--------------------------------------
-------------------------------------
| rollout/              |           |
|    ep_len_mean        | 500       |
|    ep_rew_mean        | -3.57e+03 |
| time/                 |           |
|    fps                | 59        |
|    iterations         | 4700      |
|    time_elapsed       | 630       |
|    total_timesteps    | 37600     |
| train/                |           |
|    d_grad_norm        | 0.0117    |
|    d_learning_rate    | 3.56e-05  |
|    entropy_loss       | -1.77     |
|    explained_variance | 0.9812518 |
|    n_updates          | 4699      |
|    policy_loss        | -2.12     |
|    std                | 0.153     |
|    u_grad_norm        | 0.0733    |
|    u_learning_rate    | 3.56e-06  |
|    v_grad_norm        | 0.957     |
|    v_learning_rate    | 1.06e-08  |
|    value_loss         | 1.85      |
-------------------------------------
--------------------------------------
| rollout/              |            |
|    ep_len_mean        | 500        |
|    ep_rew_mean        | -2.98e+03  |
| time/                 |            |
|    fps                | 59         |
|    iterations         | 4700       |
|    time_elapsed       | 630        |
|    total_timesteps    | 37600      |
| train/                |            |
|    d_grad_norm        | 0.00671    |
|    d_learning_rate    | 3.56e-05   |
|    entropy_loss       | -0.293     |
|    explained_variance | 0.99962497 |
|    n_updates          | 4699       |
|    policy_loss        | -0.0113    |
|    std                | 0.117      |
|    u_grad_norm        | 0.124      |
|    u_learning_rate    | 3.56e-06   |
|    v_grad_norm        | 0.919      |
|    v_learning_rate    | 1.06e-08   |
|    value_loss         | 0.0714     |
--------------------------------------
--------------------------------------
| rollout/              |            |
|    ep_len_mean        | 500        |
|    ep_rew_mean        | -1.04e+03  |
| time/                 |            |
|    fps                | 59         |
|    iterations         | 4700       |
|    time_elapsed       | 630        |
|    total_timesteps    | 37600      |
| train/                |            |
|    d_grad_norm        | 0.0261     |
|    d_learning_rate    | 3.56e-05   |
|    entropy_loss       | 0.919      |
|    explained_variance | -41.758305 |
|    n_updates          | 4699       |
|    policy_loss        | -0.0803    |
|    std                | 0.202      |
|    u_grad_norm        | 0.145      |
|    u_learning_rate    | 3.56e-06   |
|    v_grad_norm        | 0.979      |
|    v_learning_rate    | 1.06e-08   |
|    value_loss         | 0.0124     |
--------------------------------------
-------------------------------------
| rollout/              |           |
|    ep_len_mean        | 500       |
|    ep_rew_mean        | -3.68e+03 |
| time/                 |           |
|    fps                | 59        |
|    iterations         | 4700      |
|    time_elapsed       | 630       |
|    total_timesteps    | 37600     |
| train/                |           |
|    d_grad_norm        | 0.00488   |
|    d_learning_rate    | 3.56e-05  |
|    entropy_loss       | -1.48     |
|    explained_variance | 0.9412016 |
|    n_updates          | 4699      |
|    policy_loss        | 0.393     |
|    std                | 0.141     |
|    u_grad_norm        | 0.0943    |
|    u_learning_rate    | 3.56e-06  |
|    v_grad_norm        | 0.837     |
|    v_learning_rate    | 1.06e-08  |
|    value_loss         | 1.35      |
-------------------------------------
--------------------------------------
| rollout/              |            |
|    ep_len_mean        | 500        |
|    ep_rew_mean        | -1.19e+03  |
| time/                 |            |
|    fps                | 59         |
|    iterations         | 4700       |
|    time_elapsed       | 630        |
|    total_timesteps    | 37600      |
| train/                |            |
|    d_grad_norm        | 0.0191     |
|    d_learning_rate    | 3.56e-05   |
|    entropy_loss       | 0.481      |
|    explained_variance | -76.688515 |
|    n_updates          | 4699       |
|    policy_loss        | 0.267      |
|    std                | 0.241      |
|    u_grad_norm        | 0.478      |
|    u_learning_rate    | 3.56e-06   |
|    v_grad_norm        | 0.866      |
|    v_learning_rate    | 1.06e-08   |
|    value_loss         | 0.241      |
--------------------------------------
-------------------------------------
| rollout/              |           |
|    ep_len_mean        | 500       |
|    ep_rew_mean        | -3.78e+03 |
| time/                 |           |
|    fps                | 59        |
|    iterations         | 4700      |
|    time_elapsed       | 630       |
|    total_timesteps    | 37600     |
| train/                |           |
|    d_grad_norm        | 0.0121    |
|    d_learning_rate    | 3.56e-05  |
|    entropy_loss       | 0.296     |
|    explained_variance | 0.5546508 |
|    n_updates          | 4699      |
|    policy_loss        | -1.83     |
|    std                | 0.147     |
|    u_grad_norm        | 0.0567    |
|    u_learning_rate    | 3.56e-06  |
|    v_grad_norm        | 0.955     |
|    v_learning_rate    | 1.06e-08  |
|    value_loss         | 9.12      |
-------------------------------------
--------------------------------------
| rollout/              |            |
|    ep_len_mean        | 500        |
|    ep_rew_mean        | -1.62e+03  |
| time/                 |            |
|    fps                | 59         |
|    iterations         | 4700       |
|    time_elapsed       | 630        |
|    total_timesteps    | 37600      |
| train/                |            |
|    d_grad_norm        | 0.00979    |
|    d_learning_rate    | 3.56e-05   |
|    entropy_loss       | -1.18      |
|    explained_variance | 0.99835694 |
|    n_updates          | 4699       |
|    policy_loss        | -0.151     |
|    std                | 0.225      |
|    u_grad_norm        | 0.0469     |
|    u_learning_rate    | 3.56e-06   |
|    v_grad_norm        | 0.874      |
|    v_learning_rate    | 1.06e-08   |
|    value_loss         | 0.111      |
--------------------------------------
-------------------------------------
| rollout/              |           |
|    ep_len_mean        | 500       |
|    ep_rew_mean        | -2.82e+03 |
| time/                 |           |
|    fps                | 59        |
|    iterations         | 4700      |
|    time_elapsed       | 630       |
|    total_timesteps    | 37600     |
| train/                |           |
|    d_grad_norm        | 0.0211    |
|    d_learning_rate    | 3.56e-05  |
|    entropy_loss       | 0.243     |
|    explained_variance | 0.8483382 |
|    n_updates          | 4699      |
|    policy_loss        | 0.593     |
|    std                | 0.111     |
|    u_grad_norm        | 0.327     |
|    u_learning_rate    | 3.56e-06  |
|    v_grad_norm        | 0.823     |
|    v_learning_rate    | 1.06e-08  |
|    value_loss         | 1.82      |
-------------------------------------
-------------------------------------
| rollout/              |           |
|    ep_len_mean        | 500       |
|    ep_rew_mean        | -1.41e+03 |
| time/                 |           |
|    fps                | 59        |
|    iterations         | 4700      |
|    time_elapsed       | 630       |
|    total_timesteps    | 37600     |
| train/                |           |
|    d_grad_norm        | 0.0535    |
|    d_learning_rate    | 3.56e-05  |
|    entropy_loss       | 0.318     |
|    explained_variance | 0.2560212 |
|    n_updates          | 4699      |
|    policy_loss        | 0.00283   |
|    std                | 0.239     |
|    u_grad_norm        | 0.293     |
|    u_learning_rate    | 3.56e-06  |
|    v_grad_norm        | 0.948     |
|    v_learning_rate    | 1.06e-08  |
|    value_loss         | 0.000103  |
-------------------------------------
-------------------------------------
| rollout/              |           |
|    ep_len_mean        | 500       |
|    ep_rew_mean        | -362      |
| time/                 |           |
|    fps                | 60        |
|    iterations         | 4800      |
|    time_elapsed       | 638       |
|    total_timesteps    | 38400     |
| train/                |           |
|    d_grad_norm        | 0.00647   |
|    d_learning_rate    | 3.51e-05  |
|    entropy_loss       | 0.85      |
|    explained_variance | -9.218024 |
|    n_updates          | 4799      |
|    policy_loss        | 0.00137   |
|    std                | 0.186     |
|    u_grad_norm        | 0.522     |
|    u_learning_rate    | 3.51e-06  |
|    v_grad_norm        | 0.216     |
|    v_learning_rate    | 1.04e-08  |
|    value_loss         | 3.08e-05  |
-------------------------------------
-------------------------------------
| rollout/              |           |
|    ep_len_mean        | 500       |
|    ep_rew_mean        | -3.57e+03 |
| time/                 |           |
|    fps                | 60        |
|    iterations         | 4800      |
|    time_elapsed       | 638       |
|    total_timesteps    | 38400     |
| train/                |           |
|    d_grad_norm        | 0.0233    |
|    d_learning_rate    | 3.51e-05  |
|    entropy_loss       | -1.82     |
|    explained_variance | 0.9496589 |
|    n_updates          | 4799      |
|    policy_loss        | -1.82     |
|    std                | 0.153     |
|    u_grad_norm        | 0.0762    |
|    u_learning_rate    | 3.51e-06  |
|    v_grad_norm        | 0.967     |
|    v_learning_rate    | 1.04e-08  |
|    value_loss         | 1.99      |
-------------------------------------
--------------------------------------
| rollout/              |            |
|    ep_len_mean        | 500        |
|    ep_rew_mean        | -1.03e+03  |
| time/                 |            |
|    fps                | 60         |
|    iterations         | 4800       |
|    time_elapsed       | 638        |
|    total_timesteps    | 38400      |
| train/                |            |
|    d_grad_norm        | 0.0249     |
|    d_learning_rate    | 3.51e-05   |
|    entropy_loss       | 1.03       |
|    explained_variance | -16.198233 |
|    n_updates          | 4799       |
|    policy_loss        | -0.00309   |
|    std                | 0.202      |
|    u_grad_norm        | 0.758      |
|    u_learning_rate    | 3.51e-06   |
|    v_grad_norm        | 0.298      |
|    v_learning_rate    | 1.04e-08   |
|    value_loss         | 7.49e-05   |
--------------------------------------
--------------------------------------
| rollout/              |            |
|    ep_len_mean        | 500        |
|    ep_rew_mean        | -2.98e+03  |
| time/                 |            |
|    fps                | 60         |
|    iterations         | 4800       |
|    time_elapsed       | 638        |
|    total_timesteps    | 38400      |
| train/                |            |
|    d_grad_norm        | 0.0115     |
|    d_learning_rate    | 3.51e-05   |
|    entropy_loss       | -0.15      |
|    explained_variance | 0.99943966 |
|    n_updates          | 4799       |
|    policy_loss        | 0.00455    |
|    std                | 0.117      |
|    u_grad_norm        | 0.254      |
|    u_learning_rate    | 3.51e-06   |
|    v_grad_norm        | 0.781      |
|    v_learning_rate    | 1.04e-08   |
|    value_loss         | 0.134      |
--------------------------------------
--------------------------------------
| rollout/              |            |
|    ep_len_mean        | 500        |
|    ep_rew_mean        | -3.68e+03  |
| time/                 |            |
|    fps                | 60         |
|    iterations         | 4800       |
|    time_elapsed       | 638        |
|    total_timesteps    | 38400      |
| train/                |            |
|    d_grad_norm        | 0.0177     |
|    d_learning_rate    | 3.51e-05   |
|    entropy_loss       | -1.17      |
|    explained_variance | 0.88048375 |
|    n_updates          | 4799       |
|    policy_loss        | -2.17      |
|    std                | 0.141      |
|    u_grad_norm        | 0.0974     |
|    u_learning_rate    | 3.51e-06   |
|    v_grad_norm        | 0.801      |
|    v_learning_rate    | 1.04e-08   |
|    value_loss         | 18.4       |
--------------------------------------
--------------------------------------
| rollout/              |            |
|    ep_len_mean        | 500        |
|    ep_rew_mean        | -1.18e+03  |
| time/                 |            |
|    fps                | 60         |
|    iterations         | 4800       |
|    time_elapsed       | 638        |
|    total_timesteps    | 38400      |
| train/                |            |
|    d_grad_norm        | 0.00344    |
|    d_learning_rate    | 3.51e-05   |
|    entropy_loss       | 0.528      |
|    explained_variance | -1.4530213 |
|    n_updates          | 4799       |
|    policy_loss        | -0.276     |
|    std                | 0.241      |
|    u_grad_norm        | 0.849      |
|    u_learning_rate    | 3.51e-06   |
|    v_grad_norm        | 0.461      |
|    v_learning_rate    | 1.04e-08   |
|    value_loss         | 0.243      |
--------------------------------------
-------------------------------------
| rollout/              |           |
|    ep_len_mean        | 500       |
|    ep_rew_mean        | -3.78e+03 |
| time/                 |           |
|    fps                | 60        |
|    iterations         | 4800      |
|    time_elapsed       | 638       |
|    total_timesteps    | 38400     |
| train/                |           |
|    d_grad_norm        | 0.0232    |
|    d_learning_rate    | 3.51e-05  |
|    entropy_loss       | -0.934    |
|    explained_variance | 0.9173666 |
|    n_updates          | 4799      |
|    policy_loss        | 1.58      |
|    std                | 0.147     |
|    u_grad_norm        | 0.0781    |
|    u_learning_rate    | 3.51e-06  |
|    v_grad_norm        | 0.926     |
|    v_learning_rate    | 1.04e-08  |
|    value_loss         | 5.8       |
-------------------------------------
--------------------------------------
| rollout/              |            |
|    ep_len_mean        | 500        |
|    ep_rew_mean        | -1.63e+03  |
| time/                 |            |
|    fps                | 60         |
|    iterations         | 4800       |
|    time_elapsed       | 638        |
|    total_timesteps    | 38400      |
| train/                |            |
|    d_grad_norm        | 0.0232     |
|    d_learning_rate    | 3.51e-05   |
|    entropy_loss       | -0.953     |
|    explained_variance | 0.99821717 |
|    n_updates          | 4799       |
|    policy_loss        | -0.26      |
|    std                | 0.225      |
|    u_grad_norm        | 0.0141     |
|    u_learning_rate    | 3.51e-06   |
|    v_grad_norm        | 0.971      |
|    v_learning_rate    | 1.04e-08   |
|    value_loss         | 0.8        |
--------------------------------------
-------------------------------------
| rollout/              |           |
|    ep_len_mean        | 500       |
|    ep_rew_mean        | -2.83e+03 |
| time/                 |           |
|    fps                | 60        |
|    iterations         | 4800      |
|    time_elapsed       | 638       |
|    total_timesteps    | 38400     |
| train/                |           |
|    d_grad_norm        | 0.00602   |
|    d_learning_rate    | 3.51e-05  |
|    entropy_loss       | -0.04     |
|    explained_variance | 0.9817382 |
|    n_updates          | 4799      |
|    policy_loss        | 0.0399    |
|    std                | 0.111     |
|    u_grad_norm        | 0.557     |
|    u_learning_rate    | 3.51e-06  |
|    v_grad_norm        | 0.553     |
|    v_learning_rate    | 1.04e-08  |
|    value_loss         | 0.276     |
-------------------------------------
--------------------------------------
| rollout/              |            |
|    ep_len_mean        | 500        |
|    ep_rew_mean        | -1.39e+03  |
| time/                 |            |
|    fps                | 60         |
|    iterations         | 4800       |
|    time_elapsed       | 638        |
|    total_timesteps    | 38400      |
| train/                |            |
|    d_grad_norm        | 0.0229     |
|    d_learning_rate    | 3.51e-05   |
|    entropy_loss       | 0.389      |
|    explained_variance | -4.0990753 |
|    n_updates          | 4799       |
|    policy_loss        | 0.00489    |
|    std                | 0.239      |
|    u_grad_norm        | 0.219      |
|    u_learning_rate    | 3.51e-06   |
|    v_grad_norm        | 0.972      |
|    v_learning_rate    | 1.04e-08   |
|    value_loss         | 9.97e-05   |
--------------------------------------
--------------------------------------
| rollout/              |            |
|    ep_len_mean        | 500        |
|    ep_rew_mean        | -358       |
| time/                 |            |
|    fps                | 60         |
|    iterations         | 4900       |
|    time_elapsed       | 646        |
|    total_timesteps    | 39200      |
| train/                |            |
|    d_grad_norm        | 0.0259     |
|    d_learning_rate    | 3.47e-05   |
|    entropy_loss       | 0.88       |
|    explained_variance | -0.4125117 |
|    n_updates          | 4899       |
|    policy_loss        | -0.00736   |
|    std                | 0.186      |
|    u_grad_norm        | 0.947      |
|    u_learning_rate    | 3.47e-06   |
|    v_grad_norm        | 0.19       |
|    v_learning_rate    | 1.02e-08   |
|    value_loss         | 1.62e-05   |
--------------------------------------
--------------------------------------
| rollout/              |            |
|    ep_len_mean        | 500        |
|    ep_rew_mean        | -1.02e+03  |
| time/                 |            |
|    fps                | 60         |
|    iterations         | 4900       |
|    time_elapsed       | 646        |
|    total_timesteps    | 39200      |
| train/                |            |
|    d_grad_norm        | 0.00896    |
|    d_learning_rate    | 3.47e-05   |
|    entropy_loss       | 1.03       |
|    explained_variance | -3.0836787 |
|    n_updates          | 4899       |
|    policy_loss        | -0.0174    |
|    std                | 0.202      |
|    u_grad_norm        | 0.457      |
|    u_learning_rate    | 3.47e-06   |
|    v_grad_norm        | 0.86       |
|    v_learning_rate    | 1.02e-08   |
|    value_loss         | 6.98e-05   |
--------------------------------------
-------------------------------------
| rollout/              |           |
|    ep_len_mean        | 500       |
|    ep_rew_mean        | -3.57e+03 |
| time/                 |           |
|    fps                | 60        |
|    iterations         | 4900      |
|    time_elapsed       | 646       |
|    total_timesteps    | 39200     |
| train/                |           |
|    d_grad_norm        | 0.00533   |
|    d_learning_rate    | 3.47e-05  |
|    entropy_loss       | -2        |
|    explained_variance | 0.9957657 |
|    n_updates          | 4899      |
|    policy_loss        | -3.5      |
|    std                | 0.153     |
|    u_grad_norm        | 0.0906    |
|    u_learning_rate    | 3.47e-06  |
|    v_grad_norm        | 0.816     |
|    v_learning_rate    | 1.02e-08  |
|    value_loss         | 1.6       |
-------------------------------------
--------------------------------------
| rollout/              |            |
|    ep_len_mean        | 500        |
|    ep_rew_mean        | -2.98e+03  |
| time/                 |            |
|    fps                | 60         |
|    iterations         | 4900       |
|    time_elapsed       | 646        |
|    total_timesteps    | 39200      |
| train/                |            |
|    d_grad_norm        | 0.00823    |
|    d_learning_rate    | 3.47e-05   |
|    entropy_loss       | 0.0158     |
|    explained_variance | 0.99949104 |
|    n_updates          | 4899       |
|    policy_loss        | -0.737     |
|    std                | 0.117      |
|    u_grad_norm        | 0.0225     |
|    u_learning_rate    | 3.47e-06   |
|    v_grad_norm        | 0.828      |
|    v_learning_rate    | 1.02e-08   |
|    value_loss         | 2.15       |
--------------------------------------
-------------------------------------
| rollout/              |           |
|    ep_len_mean        | 500       |
|    ep_rew_mean        | -3.68e+03 |
| time/                 |           |
|    fps                | 60        |
|    iterations         | 4900      |
|    time_elapsed       | 646       |
|    total_timesteps    | 39200     |
| train/                |           |
|    d_grad_norm        | 0.0048    |
|    d_learning_rate    | 3.47e-05  |
|    entropy_loss       | -1.28     |
|    explained_variance | 0.9978707 |
|    n_updates          | 4899      |
|    policy_loss        | 1.31      |
|    std                | 0.141     |
|    u_grad_norm        | 0.0121    |
|    u_learning_rate    | 3.47e-06  |
|    v_grad_norm        | 0.841     |
|    v_learning_rate    | 1.02e-08  |
|    value_loss         | 2.53      |
-------------------------------------
--------------------------------------
| rollout/              |            |
|    ep_len_mean        | 500        |
|    ep_rew_mean        | -1.2e+03   |
| time/                 |            |
|    fps                | 60         |
|    iterations         | 4900       |
|    time_elapsed       | 646        |
|    total_timesteps    | 39200      |
| train/                |            |
|    d_grad_norm        | 0.00851    |
|    d_learning_rate    | 3.47e-05   |
|    entropy_loss       | -1.8       |
|    explained_variance | 0.93350804 |
|    n_updates          | 4899       |
|    policy_loss        | -11.2      |
|    std                | 0.241      |
|    u_grad_norm        | 0.0382     |
|    u_learning_rate    | 3.47e-06   |
|    v_grad_norm        | 0.77       |
|    v_learning_rate    | 1.02e-08   |
|    value_loss         | 47.4       |
--------------------------------------
-------------------------------------
| rollout/              |           |
|    ep_len_mean        | 500       |
|    ep_rew_mean        | -3.78e+03 |
| time/                 |           |
|    fps                | 60        |
|    iterations         | 4900      |
|    time_elapsed       | 646       |
|    total_timesteps    | 39200     |
| train/                |           |
|    d_grad_norm        | 0.02      |
|    d_learning_rate    | 3.47e-05  |
|    entropy_loss       | 0.0151    |
|    explained_variance | 0.3318832 |
|    n_updates          | 4899      |
|    policy_loss        | -3.11     |
|    std                | 0.147     |
|    u_grad_norm        | 0.376     |
|    u_learning_rate    | 3.47e-06  |
|    v_grad_norm        | 0.855     |
|    v_learning_rate    | 1.02e-08  |
|    value_loss         | 6.6       |
-------------------------------------
-------------------------------------
| rollout/              |           |
|    ep_len_mean        | 500       |
|    ep_rew_mean        | -1.65e+03 |
| time/                 |           |
|    fps                | 60        |
|    iterations         | 4900      |
|    time_elapsed       | 646       |
|    total_timesteps    | 39200     |
| train/                |           |
|    d_grad_norm        | 0.017     |
|    d_learning_rate    | 3.47e-05  |
|    entropy_loss       | -0.171    |
|    explained_variance | 0.9992909 |
|    n_updates          | 4899      |
|    policy_loss        | -0.172    |
|    std                | 0.225     |
|    u_grad_norm        | 0.113     |
|    u_learning_rate    | 3.47e-06  |
|    v_grad_norm        | 0.83      |
|    v_learning_rate    | 1.02e-08  |
|    value_loss         | 0.449     |
-------------------------------------
--------------------------------------
| rollout/              |            |
|    ep_len_mean        | 500        |
|    ep_rew_mean        | -1.39e+03  |
| time/                 |            |
|    fps                | 60         |
|    iterations         | 4900       |
|    time_elapsed       | 646        |
|    total_timesteps    | 39200      |
| train/                |            |
|    d_grad_norm        | 0.00574    |
|    d_learning_rate    | 3.47e-05   |
|    entropy_loss       | -1.37      |
|    explained_variance | 0.98753136 |
|    n_updates          | 4899       |
|    policy_loss        | 0.388      |
|    std                | 0.239      |
|    u_grad_norm        | 0.0908     |
|    u_learning_rate    | 3.47e-06   |
|    v_grad_norm        | 0.834      |
|    v_learning_rate    | 1.02e-08   |
|    value_loss         | 0.309      |
--------------------------------------
-------------------------------------
| rollout/              |           |
|    ep_len_mean        | 500       |
|    ep_rew_mean        | -2.82e+03 |
| time/                 |           |
|    fps                | 60        |
|    iterations         | 4900      |
|    time_elapsed       | 646       |
|    total_timesteps    | 39200     |
| train/                |           |
|    d_grad_norm        | 0.031     |
|    d_learning_rate    | 3.47e-05  |
|    entropy_loss       | -0.598    |
|    explained_variance | 0.9973453 |
|    n_updates          | 4899      |
|    policy_loss        | -1.26     |
|    std                | 0.111     |
|    u_grad_norm        | 0.257     |
|    u_learning_rate    | 3.47e-06  |
|    v_grad_norm        | 0.958     |
|    v_learning_rate    | 1.02e-08  |
|    value_loss         | 1.04      |
-------------------------------------
Eval num_timesteps=40000, episode_reward=-409.67 +/- 521.86
Episode length: 500.00 +/- 0.00
-------------------------------------
| eval/                 |           |
|    mean_ep_length     | 500       |
|    mean_reward        | -410      |
| time/                 |           |
|    total_timesteps    | 40000     |
| train/                |           |
|    d_grad_norm        | 0.000112  |
|    d_learning_rate    | 3.42e-05  |
|    entropy_loss       | 0.859     |
|    explained_variance | -8.425839 |
|    n_updates          | 4999      |
|    policy_loss        | 0.000115  |
|    std                | 0.186     |
|    u_grad_norm        | 0.00405   |
|    u_learning_rate    | 3.42e-06  |
|    v_grad_norm        | 0.379     |
|    v_learning_rate    | 1e-08     |
|    value_loss         | 1.49e-05  |
-------------------------------------
---------------------------------
| rollout/           |          |
|    ep_len_mean     | 500      |
|    ep_rew_mean     | -356     |
| time/              |          |
|    fps             | 54       |
|    iterations      | 5000     |
|    time_elapsed    | 738      |
|    total_timesteps | 40000    |
---------------------------------
Eval num_timesteps=40000, episode_reward=-2108.77 +/- 1208.30
Episode length: 500.00 +/- 0.00
--------------------------------------
| eval/                 |            |
|    mean_ep_length     | 500        |
|    mean_reward        | -2.11e+03  |
| time/                 |            |
|    total_timesteps    | 40000      |
| train/                |            |
|    d_grad_norm        | 0.0168     |
|    d_learning_rate    | 3.42e-05   |
|    entropy_loss       | 1.04       |
|    explained_variance | -238.73027 |
|    n_updates          | 4999       |
|    policy_loss        | -0.0214    |
|    std                | 0.202      |
|    u_grad_norm        | 0.775      |
|    u_learning_rate    | 3.42e-06   |
|    v_grad_norm        | 0.535      |
|    v_learning_rate    | 1e-08      |
|    value_loss         | 0.000479   |
--------------------------------------
----------------------------------
| rollout/           |           |
|    ep_len_mean     | 500       |
|    ep_rew_mean     | -1.01e+03 |
| time/              |           |
|    fps             | 54        |
|    iterations      | 5000      |
|    time_elapsed    | 738       |
|    total_timesteps | 40000     |
----------------------------------
Eval num_timesteps=40000, episode_reward=-3644.39 +/- 590.81
Episode length: 500.00 +/- 0.00
-------------------------------------
| eval/                 |           |
|    mean_ep_length     | 500       |
|    mean_reward        | -3.64e+03 |
| time/                 |           |
|    total_timesteps    | 40000     |
| train/                |           |
|    d_grad_norm        | 0.0225    |
|    d_learning_rate    | 3.42e-05  |
|    entropy_loss       | -1.41     |
|    explained_variance | 0.9762519 |
|    n_updates          | 4999      |
|    policy_loss        | -0.744    |
|    std                | 0.153     |
|    u_grad_norm        | 0.0938    |
|    u_learning_rate    | 3.42e-06  |
|    v_grad_norm        | 0.978     |
|    v_learning_rate    | 1e-08     |
|    value_loss         | 0.825     |
-------------------------------------
----------------------------------
| rollout/           |           |
|    ep_len_mean     | 500       |
|    ep_rew_mean     | -3.57e+03 |
| time/              |           |
|    fps             | 54        |
|    iterations      | 5000      |
|    time_elapsed    | 738       |
|    total_timesteps | 40000     |
----------------------------------
Eval num_timesteps=40000, episode_reward=-2917.41 +/- 222.53
Episode length: 500.00 +/- 0.00
-------------------------------------
| eval/                 |           |
|    mean_ep_length     | 500       |
|    mean_reward        | -2.92e+03 |
| time/                 |           |
|    total_timesteps    | 40000     |
| train/                |           |
|    d_grad_norm        | 0.00152   |
|    d_learning_rate    | 3.42e-05  |
|    entropy_loss       | -0.479    |
|    explained_variance | 0.9993336 |
|    n_updates          | 4999      |
|    policy_loss        | 0.0496    |
|    std                | 0.117     |
|    u_grad_norm        | 0.0427    |
|    u_learning_rate    | 3.42e-06  |
|    v_grad_norm        | 0.81      |
|    v_learning_rate    | 1e-08     |
|    value_loss         | 0.0823    |
-------------------------------------
New best mean reward!
----------------------------------
| rollout/           |           |
|    ep_len_mean     | 500       |
|    ep_rew_mean     | -2.98e+03 |
| time/              |           |
|    fps             | 54        |
|    iterations      | 5000      |
|    time_elapsed    | 738       |
|    total_timesteps | 40000     |
----------------------------------
Eval num_timesteps=40000, episode_reward=-3695.85 +/- 67.14
Episode length: 500.00 +/- 0.00
-------------------------------------
| eval/                 |           |
|    mean_ep_length     | 500       |
|    mean_reward        | -3.7e+03  |
| time/                 |           |
|    total_timesteps    | 40000     |
| train/                |           |
|    d_grad_norm        | 0.0123    |
|    d_learning_rate    | 3.42e-05  |
|    entropy_loss       | -1.23     |
|    explained_variance | 0.9284041 |
|    n_updates          | 4999      |
|    policy_loss        | -2.41     |
|    std                | 0.141     |
|    u_grad_norm        | 0.151     |
|    u_learning_rate    | 3.42e-06  |
|    v_grad_norm        | 0.796     |
|    v_learning_rate    | 1e-08     |
|    value_loss         | 15.1      |
-------------------------------------
----------------------------------
| rollout/           |           |
|    ep_len_mean     | 500       |
|    ep_rew_mean     | -3.68e+03 |
| time/              |           |
|    fps             | 54        |
|    iterations      | 5000      |
|    time_elapsed    | 738       |
|    total_timesteps | 40000     |
----------------------------------
Eval num_timesteps=40000, episode_reward=-1234.22 +/- 1391.67
Episode length: 500.00 +/- 0.00
-------------------------------------
| eval/                 |           |
|    mean_ep_length     | 500       |
|    mean_reward        | -1.23e+03 |
| time/                 |           |
|    total_timesteps    | 40000     |
| train/                |           |
|    d_grad_norm        | 0.016     |
|    d_learning_rate    | 3.42e-05  |
|    entropy_loss       | 0.466     |
|    explained_variance | -59.0167  |
|    n_updates          | 4999      |
|    policy_loss        | 0.0998    |
|    std                | 0.241     |
|    u_grad_norm        | 0.578     |
|    u_learning_rate    | 3.42e-06  |
|    v_grad_norm        | 0.799     |
|    v_learning_rate    | 1e-08     |
|    value_loss         | 0.125     |
-------------------------------------
New best mean reward!
----------------------------------
| rollout/           |           |
|    ep_len_mean     | 500       |
|    ep_rew_mean     | -1.19e+03 |
| time/              |           |
|    fps             | 54        |
|    iterations      | 5000      |
|    time_elapsed    | 738       |
|    total_timesteps | 40000     |
----------------------------------
Eval num_timesteps=40000, episode_reward=-3848.02 +/- 211.55
Episode length: 500.00 +/- 0.00
--------------------------------------
| eval/                 |            |
|    mean_ep_length     | 500        |
|    mean_reward        | -3.85e+03  |
| time/                 |            |
|    total_timesteps    | 40000      |
| train/                |            |
|    d_grad_norm        | 0.0436     |
|    d_learning_rate    | 3.42e-05   |
|    entropy_loss       | -0.648     |
|    explained_variance | 0.82709414 |
|    n_updates          | 4999       |
|    policy_loss        | 0.201      |
|    std                | 0.147      |
|    u_grad_norm        | 0.0199     |
|    u_learning_rate    | 3.42e-06   |
|    v_grad_norm        | 0.957      |
|    v_learning_rate    | 1e-08      |
|    value_loss         | 2.27       |
--------------------------------------
----------------------------------
| rollout/           |           |
|    ep_len_mean     | 500       |
|    ep_rew_mean     | -3.78e+03 |
| time/              |           |
|    fps             | 54        |
|    iterations      | 5000      |
|    time_elapsed    | 738       |
|    total_timesteps | 40000     |
----------------------------------
Eval num_timesteps=40000, episode_reward=-2223.35 +/- 503.77
Episode length: 500.00 +/- 0.00
--------------------------------------
| eval/                 |            |
|    mean_ep_length     | 500        |
|    mean_reward        | -2.22e+03  |
| time/                 |            |
|    total_timesteps    | 40000      |
| train/                |            |
|    d_grad_norm        | 0.0129     |
|    d_learning_rate    | 3.42e-05   |
|    entropy_loss       | 1.2        |
|    explained_variance | -1.4102585 |
|    n_updates          | 4999       |
|    policy_loss        | 0.0102     |
|    std                | 0.225      |
|    u_grad_norm        | 0.704      |
|    u_learning_rate    | 3.42e-06   |
|    v_grad_norm        | 0.689      |
|    v_learning_rate    | 1e-08      |
|    value_loss         | 0.000142   |
--------------------------------------
----------------------------------
| rollout/           |           |
|    ep_len_mean     | 500       |
|    ep_rew_mean     | -1.63e+03 |
| time/              |           |
|    fps             | 54        |
|    iterations      | 5000      |
|    time_elapsed    | 738       |
|    total_timesteps | 40000     |
----------------------------------
Eval num_timesteps=40000, episode_reward=-822.62 +/- 623.46
Episode length: 500.00 +/- 0.00
------------------------------------
| eval/                 |          |
|    mean_ep_length     | 500      |
|    mean_reward        | -823     |
| time/                 |          |
|    total_timesteps    | 40000    |
| train/                |          |
|    d_grad_norm        | 0.0102   |
|    d_learning_rate    | 3.42e-05 |
|    entropy_loss       | -1.23    |
|    explained_variance | 0.984027 |
|    n_updates          | 4999     |
|    policy_loss        | -4.84    |
|    std                | 0.239    |
|    u_grad_norm        | 0.028    |
|    u_learning_rate    | 3.42e-06 |
|    v_grad_norm        | 0.787    |
|    v_learning_rate    | 1e-08    |
|    value_loss         | 30.7     |
------------------------------------
Eval num_timesteps=40000, episode_reward=-2464.53 +/- 972.63
Episode length: 500.00 +/- 0.00
--------------------------------------
| eval/                 |            |
|    mean_ep_length     | 500        |
|    mean_reward        | -2.46e+03  |
| time/                 |            |
|    total_timesteps    | 40000      |
| train/                |            |
|    d_grad_norm        | 0.00651    |
|    d_learning_rate    | 3.42e-05   |
|    entropy_loss       | -1.53      |
|    explained_variance | 0.98199344 |
|    n_updates          | 4999       |
|    policy_loss        | -0.378     |
|    std                | 0.111      |
|    u_grad_norm        | 0.00329    |
|    u_learning_rate    | 3.42e-06   |
|    v_grad_norm        | 0.88       |
|    v_learning_rate    | 1e-08      |
|    value_loss         | 0.262      |
--------------------------------------
New best mean reward!
----------------------------------
| rollout/           |           |
|    ep_len_mean     | 500       |
|    ep_rew_mean     | -1.41e+03 |
| time/              |           |
|    fps             | 54        |
|    iterations      | 5000      |
|    time_elapsed    | 738       |
|    total_timesteps | 40000     |
----------------------------------
New best mean reward!
----------------------------------
| rollout/           |           |
|    ep_len_mean     | 500       |
|    ep_rew_mean     | -2.82e+03 |
| time/              |           |
|    fps             | 54        |
|    iterations      | 5000      |
|    time_elapsed    | 738       |
|    total_timesteps | 40000     |
----------------------------------
-------------------------------------
| rollout/              |           |
|    ep_len_mean        | 500       |
|    ep_rew_mean        | -372      |
| time/                 |           |
|    fps                | 54        |
|    iterations         | 5100      |
|    time_elapsed       | 746       |
|    total_timesteps    | 40800     |
| train/                |           |
|    d_grad_norm        | 0.00125   |
|    d_learning_rate    | 3.38e-05  |
|    entropy_loss       | 0.879     |
|    explained_variance | -56.86145 |
|    n_updates          | 5099      |
|    policy_loss        | 0.00316   |
|    std                | 0.186     |
|    u_grad_norm        | 0.0383    |
|    u_learning_rate    | 3.38e-06  |
|    v_grad_norm        | 0.233     |
|    v_learning_rate    | 9.81e-09  |
|    value_loss         | 3.68e-05  |
-------------------------------------
--------------------------------------
| rollout/              |            |
|    ep_len_mean        | 500        |
|    ep_rew_mean        | -999       |
| time/                 |            |
|    fps                | 54         |
|    iterations         | 5100       |
|    time_elapsed       | 746        |
|    total_timesteps    | 40800      |
| train/                |            |
|    d_grad_norm        | 0.101      |
|    d_learning_rate    | 3.38e-05   |
|    entropy_loss       | 0.797      |
|    explained_variance | -166.30789 |
|    n_updates          | 5099       |
|    policy_loss        | -0.103     |
|    std                | 0.202      |
|    u_grad_norm        | 0.287      |
|    u_learning_rate    | 3.38e-06   |
|    v_grad_norm        | 0.932      |
|    v_learning_rate    | 9.81e-09   |
|    value_loss         | 0.0135     |
--------------------------------------
-------------------------------------
| rollout/              |           |
|    ep_len_mean        | 500       |
|    ep_rew_mean        | -2.98e+03 |
| time/                 |           |
|    fps                | 54        |
|    iterations         | 5100      |
|    time_elapsed       | 746       |
|    total_timesteps    | 40800     |
| train/                |           |
|    d_grad_norm        | 0.00222   |
|    d_learning_rate    | 3.38e-05  |
|    entropy_loss       | 0.0169    |
|    explained_variance | 0.9618314 |
|    n_updates          | 5099      |
|    policy_loss        | -0.426    |
|    std                | 0.117     |
|    u_grad_norm        | 0.0696    |
|    u_learning_rate    | 3.38e-06  |
|    v_grad_norm        | 0.805     |
|    v_learning_rate    | 9.81e-09  |
|    value_loss         | 1.58      |
-------------------------------------
--------------------------------------
| rollout/              |            |
|    ep_len_mean        | 500        |
|    ep_rew_mean        | -3.58e+03  |
| time/                 |            |
|    fps                | 54         |
|    iterations         | 5100       |
|    time_elapsed       | 746        |
|    total_timesteps    | 40800      |
| train/                |            |
|    d_grad_norm        | 0.0288     |
|    d_learning_rate    | 3.38e-05   |
|    entropy_loss       | -1.48      |
|    explained_variance | 0.99376047 |
|    n_updates          | 5099       |
|    policy_loss        | -0.504     |
|    std                | 0.153      |
|    u_grad_norm        | 0.0575     |
|    u_learning_rate    | 3.38e-06   |
|    v_grad_norm        | 0.961      |
|    v_learning_rate    | 9.81e-09   |
|    value_loss         | 0.562      |
--------------------------------------
--------------------------------------
| rollout/              |            |
|    ep_len_mean        | 500        |
|    ep_rew_mean        | -3.68e+03  |
| time/                 |            |
|    fps                | 54         |
|    iterations         | 5100       |
|    time_elapsed       | 746        |
|    total_timesteps    | 40800      |
| train/                |            |
|    d_grad_norm        | 0.0163     |
|    d_learning_rate    | 3.38e-05   |
|    entropy_loss       | -1.21      |
|    explained_variance | 0.95821095 |
|    n_updates          | 5099       |
|    policy_loss        | -3.47      |
|    std                | 0.141      |
|    u_grad_norm        | 0.273      |
|    u_learning_rate    | 3.38e-06   |
|    v_grad_norm        | 0.758      |
|    v_learning_rate    | 9.81e-09   |
|    value_loss         | 8.79       |
--------------------------------------
-------------------------------------
| rollout/              |           |
|    ep_len_mean        | 500       |
|    ep_rew_mean        | -1.18e+03 |
| time/                 |           |
|    fps                | 54        |
|    iterations         | 5100      |
|    time_elapsed       | 746       |
|    total_timesteps    | 40800     |
| train/                |           |
|    d_grad_norm        | 0.00808   |
|    d_learning_rate    | 3.38e-05  |
|    entropy_loss       | 0.492     |
|    explained_variance | 0.5163224 |
|    n_updates          | 5099      |
|    policy_loss        | 0.238     |
|    std                | 0.241     |
|    u_grad_norm        | 0.61      |
|    u_learning_rate    | 3.38e-06  |
|    v_grad_norm        | 0.793     |
|    v_learning_rate    | 9.81e-09  |
|    value_loss         | 0.224     |
-------------------------------------
--------------------------------------
| rollout/              |            |
|    ep_len_mean        | 500        |
|    ep_rew_mean        | -1.63e+03  |
| time/                 |            |
|    fps                | 54         |
|    iterations         | 5100       |
|    time_elapsed       | 746        |
|    total_timesteps    | 40800      |
| train/                |            |
|    d_grad_norm        | 0.0284     |
|    d_learning_rate    | 3.38e-05   |
|    entropy_loss       | -1.21      |
|    explained_variance | 0.99980557 |
|    n_updates          | 5099       |
|    policy_loss        | 0.206      |
|    std                | 0.225      |
|    u_grad_norm        | 0.12       |
|    u_learning_rate    | 3.38e-06   |
|    v_grad_norm        | 0.944      |
|    v_learning_rate    | 9.81e-09   |
|    value_loss         | 0.0346     |
--------------------------------------
--------------------------------------
| rollout/              |            |
|    ep_len_mean        | 500        |
|    ep_rew_mean        | -2.82e+03  |
| time/                 |            |
|    fps                | 54         |
|    iterations         | 5100       |
|    time_elapsed       | 746        |
|    total_timesteps    | 40800      |
| train/                |            |
|    d_grad_norm        | 0.011      |
|    d_learning_rate    | 3.38e-05   |
|    entropy_loss       | -0.0214    |
|    explained_variance | 0.96742225 |
|    n_updates          | 5099       |
|    policy_loss        | 0.204      |
|    std                | 0.111      |
|    u_grad_norm        | 0.22       |
|    u_learning_rate    | 3.38e-06   |
|    v_grad_norm        | 0.753      |
|    v_learning_rate    | 9.81e-09   |
|    value_loss         | 0.544      |
--------------------------------------
---------------------------------------
| rollout/              |             |
|    ep_len_mean        | 500         |
|    ep_rew_mean        | -1.4e+03    |
| time/                 |             |
|    fps                | 54          |
|    iterations         | 5100        |
|    time_elapsed       | 746         |
|    total_timesteps    | 40800       |
| train/                |             |
|    d_grad_norm        | 0.073       |
|    d_learning_rate    | 3.38e-05    |
|    entropy_loss       | 0.303       |
|    explained_variance | -0.29984558 |
|    n_updates          | 5099        |
|    policy_loss        | -0.00549    |
|    std                | 0.239       |
|    u_grad_norm        | 0.361       |
|    u_learning_rate    | 3.38e-06    |
|    v_grad_norm        | 0.666       |
|    v_learning_rate    | 9.81e-09    |
|    value_loss         | 3.29e-05    |
---------------------------------------
-------------------------------------
| rollout/              |           |
|    ep_len_mean        | 500       |
|    ep_rew_mean        | -3.78e+03 |
| time/                 |           |
|    fps                | 54        |
|    iterations         | 5100      |
|    time_elapsed       | 746       |
|    total_timesteps    | 40800     |
| train/                |           |
|    d_grad_norm        | 0.0211    |
|    d_learning_rate    | 3.38e-05  |
|    entropy_loss       | -1.01     |
|    explained_variance | 0.9903119 |
|    n_updates          | 5099      |
|    policy_loss        | 0.866     |
|    std                | 0.147     |
|    u_grad_norm        | 0.0178    |
|    u_learning_rate    | 3.38e-06  |
|    v_grad_norm        | 0.933     |
|    v_learning_rate    | 9.81e-09  |
|    value_loss         | 2.92      |
-------------------------------------
------------------------------------
| rollout/              |          |
|    ep_len_mean        | 500      |
|    ep_rew_mean        | -377     |
| time/                 |          |
|    fps                | 55       |
|    iterations         | 5200     |
|    time_elapsed       | 755      |
|    total_timesteps    | 41600    |
| train/                |          |
|    d_grad_norm        | 0.00354  |
|    d_learning_rate    | 3.33e-05 |
|    entropy_loss       | 0.879    |
|    explained_variance | -22.4394 |
|    n_updates          | 5199     |
|    policy_loss        | 0.00251  |
|    std                | 0.186    |
|    u_grad_norm        | 0.345    |
|    u_learning_rate    | 3.33e-06 |
|    v_grad_norm        | 0.0501   |
|    v_learning_rate    | 9.62e-09 |
|    value_loss         | 3.68e-06 |
------------------------------------
-------------------------------------
| rollout/              |           |
|    ep_len_mean        | 500       |
|    ep_rew_mean        | -997      |
| time/                 |           |
|    fps                | 55        |
|    iterations         | 5200      |
|    time_elapsed       | 755       |
|    total_timesteps    | 41600     |
| train/                |           |
|    d_grad_norm        | 0.00657   |
|    d_learning_rate    | 3.33e-05  |
|    entropy_loss       | -0.084    |
|    explained_variance | 0.9978597 |
|    n_updates          | 5199      |
|    policy_loss        | 0.0384    |
|    std                | 0.202     |
|    u_grad_norm        | 0.22      |
|    u_learning_rate    | 3.33e-06  |
|    v_grad_norm        | 0.713     |
|    v_learning_rate    | 9.62e-09  |
|    value_loss         | 0.111     |
-------------------------------------
--------------------------------------
| rollout/              |            |
|    ep_len_mean        | 500        |
|    ep_rew_mean        | -3.57e+03  |
| time/                 |            |
|    fps                | 55         |
|    iterations         | 5200       |
|    time_elapsed       | 755        |
|    total_timesteps    | 41600      |
| train/                |            |
|    d_grad_norm        | 0.0133     |
|    d_learning_rate    | 3.33e-05   |
|    entropy_loss       | -1.66      |
|    explained_variance | 0.96222866 |
|    n_updates          | 5199       |
|    policy_loss        | -2         |
|    std                | 0.153      |
|    u_grad_norm        | 0.00817    |
|    u_learning_rate    | 3.33e-06   |
|    v_grad_norm        | 0.818      |
|    v_learning_rate    | 9.62e-09   |
|    value_loss         | 3.04       |
--------------------------------------
-------------------------------------
| rollout/              |           |
|    ep_len_mean        | 500       |
|    ep_rew_mean        | -2.98e+03 |
| time/                 |           |
|    fps                | 55        |
|    iterations         | 5200      |
|    time_elapsed       | 755       |
|    total_timesteps    | 41600     |
| train/                |           |
|    d_grad_norm        | 0.00476   |
|    d_learning_rate    | 3.33e-05  |
|    entropy_loss       | 0.0975    |
|    explained_variance | 0.9606432 |
|    n_updates          | 5199      |
|    policy_loss        | 1         |
|    std                | 0.117     |
|    u_grad_norm        | 0.478     |
|    u_learning_rate    | 3.33e-06  |
|    v_grad_norm        | 0.707     |
|    v_learning_rate    | 9.62e-09  |
|    value_loss         | 2.56      |
-------------------------------------
-------------------------------------
| rollout/              |           |
|    ep_len_mean        | 500       |
|    ep_rew_mean        | -3.68e+03 |
| time/                 |           |
|    fps                | 55        |
|    iterations         | 5200      |
|    time_elapsed       | 755       |
|    total_timesteps    | 41600     |
| train/                |           |
|    d_grad_norm        | 0.00919   |
|    d_learning_rate    | 3.33e-05  |
|    entropy_loss       | -1.02     |
|    explained_variance | 0.9784421 |
|    n_updates          | 5199      |
|    policy_loss        | -1.11     |
|    std                | 0.141     |
|    u_grad_norm        | 0.0455    |
|    u_learning_rate    | 3.33e-06  |
|    v_grad_norm        | 0.804     |
|    v_learning_rate    | 9.62e-09  |
|    value_loss         | 7.12      |
-------------------------------------
--------------------------------------
| rollout/              |            |
|    ep_len_mean        | 500        |
|    ep_rew_mean        | -1.64e+03  |
| time/                 |            |
|    fps                | 55         |
|    iterations         | 5200       |
|    time_elapsed       | 755        |
|    total_timesteps    | 41600      |
| train/                |            |
|    d_grad_norm        | 0.00766    |
|    d_learning_rate    | 3.33e-05   |
|    entropy_loss       | -0.48      |
|    explained_variance | 0.99922144 |
|    n_updates          | 5199       |
|    policy_loss        | 0.194      |
|    std                | 0.225      |
|    u_grad_norm        | 0.142      |
|    u_learning_rate    | 3.33e-06   |
|    v_grad_norm        | 0.989      |
|    v_learning_rate    | 9.62e-09   |
|    value_loss         | 0.0853     |
--------------------------------------
--------------------------------------
| rollout/              |            |
|    ep_len_mean        | 500        |
|    ep_rew_mean        | -1.16e+03  |
| time/                 |            |
|    fps                | 55         |
|    iterations         | 5200       |
|    time_elapsed       | 755        |
|    total_timesteps    | 41600      |
| train/                |            |
|    d_grad_norm        | 0.0105     |
|    d_learning_rate    | 3.33e-05   |
|    entropy_loss       | 0.484      |
|    explained_variance | -12.272615 |
|    n_updates          | 5199       |
|    policy_loss        | 0.397      |
|    std                | 0.241      |
|    u_grad_norm        | 0.217      |
|    u_learning_rate    | 3.33e-06   |
|    v_grad_norm        | 0.97       |
|    v_learning_rate    | 9.62e-09   |
|    value_loss         | 0.254      |
--------------------------------------
-------------------------------------
| rollout/              |           |
|    ep_len_mean        | 500       |
|    ep_rew_mean        | -1.37e+03 |
| time/                 |           |
|    fps                | 55        |
|    iterations         | 5200      |
|    time_elapsed       | 755       |
|    total_timesteps    | 41600     |
| train/                |           |
|    d_grad_norm        | 0.0555    |
|    d_learning_rate    | 3.33e-05  |
|    entropy_loss       | -0.305    |
|    explained_variance | 0.6024117 |
|    n_updates          | 5199      |
|    policy_loss        | -0.227    |
|    std                | 0.239     |
|    u_grad_norm        | 0.0632    |
|    u_learning_rate    | 3.33e-06  |
|    v_grad_norm        | 0.886     |
|    v_learning_rate    | 9.62e-09  |
|    value_loss         | 23.5      |
-------------------------------------
-------------------------------------
| rollout/              |           |
|    ep_len_mean        | 500       |
|    ep_rew_mean        | -2.82e+03 |
| time/                 |           |
|    fps                | 55        |
|    iterations         | 5200      |
|    time_elapsed       | 755       |
|    total_timesteps    | 41600     |
| train/                |           |
|    d_grad_norm        | 0.0101    |
|    d_learning_rate    | 3.33e-05  |
|    entropy_loss       | -0.464    |
|    explained_variance | 0.9981057 |
|    n_updates          | 5199      |
|    policy_loss        | 0.681     |
|    std                | 0.111     |
|    u_grad_norm        | 0.432     |
|    u_learning_rate    | 3.33e-06  |
|    v_grad_norm        | 0.89      |
|    v_learning_rate    | 9.62e-09  |
|    value_loss         | 0.178     |
-------------------------------------
--------------------------------------
| rollout/              |            |
|    ep_len_mean        | 500        |
|    ep_rew_mean        | -3.78e+03  |
| time/                 |            |
|    fps                | 55         |
|    iterations         | 5200       |
|    time_elapsed       | 755        |
|    total_timesteps    | 41600      |
| train/                |            |
|    d_grad_norm        | 0.0363     |
|    d_learning_rate    | 3.33e-05   |
|    entropy_loss       | -1.11      |
|    explained_variance | 0.97818905 |
|    n_updates          | 5199       |
|    policy_loss        | 2.73       |
|    std                | 0.147      |
|    u_grad_norm        | 0.152      |
|    u_learning_rate    | 3.33e-06   |
|    v_grad_norm        | 0.947      |
|    v_learning_rate    | 9.62e-09   |
|    value_loss         | 2.71       |
--------------------------------------
--------------------------------------
| rollout/              |            |
|    ep_len_mean        | 500        |
|    ep_rew_mean        | -372       |
| time/                 |            |
|    fps                | 55         |
|    iterations         | 5300       |
|    time_elapsed       | 763        |
|    total_timesteps    | 42400      |
| train/                |            |
|    d_grad_norm        | 0.000713   |
|    d_learning_rate    | 3.29e-05   |
|    entropy_loss       | 0.875      |
|    explained_variance | -2.8579476 |
|    n_updates          | 5299       |
|    policy_loss        | 0.00119    |
|    std                | 0.186      |
|    u_grad_norm        | 0.161      |
|    u_learning_rate    | 3.29e-06   |
|    v_grad_norm        | 0.0208     |
|    v_learning_rate    | 9.44e-09   |
|    value_loss         | 1.55e-05   |
--------------------------------------
--------------------------------------
| rollout/              |            |
|    ep_len_mean        | 500        |
|    ep_rew_mean        | -1.01e+03  |
| time/                 |            |
|    fps                | 55         |
|    iterations         | 5300       |
|    time_elapsed       | 764        |
|    total_timesteps    | 42400      |
| train/                |            |
|    d_grad_norm        | 0.00199    |
|    d_learning_rate    | 3.29e-05   |
|    entropy_loss       | 1.05       |
|    explained_variance | -1.8892739 |
|    n_updates          | 5299       |
|    policy_loss        | 0.000229   |
|    std                | 0.202      |
|    u_grad_norm        | 0.287      |
|    u_learning_rate    | 3.29e-06   |
|    v_grad_norm        | 0.797      |
|    v_learning_rate    | 9.44e-09   |
|    value_loss         | 5.44e-05   |
--------------------------------------
--------------------------------------
| rollout/              |            |
|    ep_len_mean        | 500        |
|    ep_rew_mean        | -3.57e+03  |
| time/                 |            |
|    fps                | 55         |
|    iterations         | 5300       |
|    time_elapsed       | 764        |
|    total_timesteps    | 42400      |
| train/                |            |
|    d_grad_norm        | 0.0241     |
|    d_learning_rate    | 3.29e-05   |
|    entropy_loss       | -1.18      |
|    explained_variance | 0.99633896 |
|    n_updates          | 5299       |
|    policy_loss        | -0.637     |
|    std                | 0.153      |
|    u_grad_norm        | 0.203      |
|    u_learning_rate    | 3.29e-06   |
|    v_grad_norm        | 0.986      |
|    v_learning_rate    | 9.44e-09   |
|    value_loss         | 0.309      |
--------------------------------------
-------------------------------------
| rollout/              |           |
|    ep_len_mean        | 500       |
|    ep_rew_mean        | -2.98e+03 |
| time/                 |           |
|    fps                | 55        |
|    iterations         | 5300      |
|    time_elapsed       | 764       |
|    total_timesteps    | 42400     |
| train/                |           |
|    d_grad_norm        | 0.00414   |
|    d_learning_rate    | 3.29e-05  |
|    entropy_loss       | -0.241    |
|    explained_variance | 0.9996038 |
|    n_updates          | 5299      |
|    policy_loss        | 0.0373    |
|    std                | 0.117     |
|    u_grad_norm        | 0.0177    |
|    u_learning_rate    | 3.29e-06  |
|    v_grad_norm        | 0.816     |
|    v_learning_rate    | 9.44e-09  |
|    value_loss         | 0.0565    |
-------------------------------------
--------------------------------------
| rollout/              |            |
|    ep_len_mean        | 500        |
|    ep_rew_mean        | -3.68e+03  |
| time/                 |            |
|    fps                | 55         |
|    iterations         | 5300       |
|    time_elapsed       | 764        |
|    total_timesteps    | 42400      |
| train/                |            |
|    d_grad_norm        | 0.0197     |
|    d_learning_rate    | 3.29e-05   |
|    entropy_loss       | -1.34      |
|    explained_variance | 0.98052025 |
|    n_updates          | 5299       |
|    policy_loss        | -1.81      |
|    std                | 0.141      |
|    u_grad_norm        | 0.0694     |
|    u_learning_rate    | 3.29e-06   |
|    v_grad_norm        | 0.833      |
|    v_learning_rate    | 9.44e-09   |
|    value_loss         | 7.58       |
--------------------------------------
--------------------------------------
| rollout/              |            |
|    ep_len_mean        | 500        |
|    ep_rew_mean        | -1.64e+03  |
| time/                 |            |
|    fps                | 55         |
|    iterations         | 5300       |
|    time_elapsed       | 764        |
|    total_timesteps    | 42400      |
| train/                |            |
|    d_grad_norm        | 0.00671    |
|    d_learning_rate    | 3.29e-05   |
|    entropy_loss       | -1.82      |
|    explained_variance | 0.99074817 |
|    n_updates          | 5299       |
|    policy_loss        | 7.81       |
|    std                | 0.225      |
|    u_grad_norm        | 0.0797     |
|    u_learning_rate    | 3.29e-06   |
|    v_grad_norm        | 0.842      |
|    v_learning_rate    | 9.44e-09   |
|    value_loss         | 11.8       |
--------------------------------------
---------------------------------------
| rollout/              |             |
|    ep_len_mean        | 500         |
|    ep_rew_mean        | -1.36e+03   |
| time/                 |             |
|    fps                | 55          |
|    iterations         | 5300        |
|    time_elapsed       | 764         |
|    total_timesteps    | 42400       |
| train/                |             |
|    d_grad_norm        | 0.00278     |
|    d_learning_rate    | 3.29e-05    |
|    entropy_loss       | 0.378       |
|    explained_variance | -0.17413187 |
|    n_updates          | 5299        |
|    policy_loss        | -0.00293    |
|    std                | 0.239       |
|    u_grad_norm        | 0.639       |
|    u_learning_rate    | 3.29e-06    |
|    v_grad_norm        | 0.759       |
|    v_learning_rate    | 9.44e-09    |
|    value_loss         | 0.000803    |
---------------------------------------
--------------------------------------
| rollout/              |            |
|    ep_len_mean        | 500        |
|    ep_rew_mean        | -1.15e+03  |
| time/                 |            |
|    fps                | 55         |
|    iterations         | 5300       |
|    time_elapsed       | 764        |
|    total_timesteps    | 42400      |
| train/                |            |
|    d_grad_norm        | 0.0322     |
|    d_learning_rate    | 3.29e-05   |
|    entropy_loss       | 0.5        |
|    explained_variance | 0.53316593 |
|    n_updates          | 5299       |
|    policy_loss        | 0.326      |
|    std                | 0.241      |
|    u_grad_norm        | 0.427      |
|    u_learning_rate    | 3.29e-06   |
|    v_grad_norm        | 0.904      |
|    v_learning_rate    | 9.44e-09   |
|    value_loss         | 0.177      |
--------------------------------------
--------------------------------------
| rollout/              |            |
|    ep_len_mean        | 500        |
|    ep_rew_mean        | -2.82e+03  |
| time/                 |            |
|    fps                | 55         |
|    iterations         | 5300       |
|    time_elapsed       | 764        |
|    total_timesteps    | 42400      |
| train/                |            |
|    d_grad_norm        | 0.0356     |
|    d_learning_rate    | 3.29e-05   |
|    entropy_loss       | -1.51      |
|    explained_variance | 0.99796927 |
|    n_updates          | 5299       |
|    policy_loss        | 0.264      |
|    std                | 0.111      |
|    u_grad_norm        | 0.224      |
|    u_learning_rate    | 3.29e-06   |
|    v_grad_norm        | 0.869      |
|    v_learning_rate    | 9.44e-09   |
|    value_loss         | 0.236      |
--------------------------------------
-------------------------------------
| rollout/              |           |
|    ep_len_mean        | 500       |
|    ep_rew_mean        | -3.78e+03 |
| time/                 |           |
|    fps                | 55        |
|    iterations         | 5300      |
|    time_elapsed       | 764       |
|    total_timesteps    | 42400     |
| train/                |           |
|    d_grad_norm        | 0.0378    |
|    d_learning_rate    | 3.29e-05  |
|    entropy_loss       | -0.773    |
|    explained_variance | 0.8198501 |
|    n_updates          | 5299      |
|    policy_loss        | 0.91      |
|    std                | 0.147     |
|    u_grad_norm        | 0.0661    |
|    u_learning_rate    | 3.29e-06  |
|    v_grad_norm        | 0.923     |
|    v_learning_rate    | 9.44e-09  |
|    value_loss         | 4.65      |
-------------------------------------
--------------------------------------
| rollout/              |            |
|    ep_len_mean        | 500        |
|    ep_rew_mean        | -368       |
| time/                 |            |
|    fps                | 55         |
|    iterations         | 5400       |
|    time_elapsed       | 772        |
|    total_timesteps    | 43200      |
| train/                |            |
|    d_grad_norm        | 0.00879    |
|    d_learning_rate    | 3.25e-05   |
|    entropy_loss       | 0.858      |
|    explained_variance | -6.5469317 |
|    n_updates          | 5399       |
|    policy_loss        | 0.00114    |
|    std                | 0.186      |
|    u_grad_norm        | 0.167      |
|    u_learning_rate    | 3.25e-06   |
|    v_grad_norm        | 0.142      |
|    v_learning_rate    | 9.26e-09   |
|    value_loss         | 4.47e-06   |
--------------------------------------
-------------------------------------
| rollout/              |           |
|    ep_len_mean        | 500       |
|    ep_rew_mean        | -1e+03    |
| time/                 |           |
|    fps                | 55        |
|    iterations         | 5400      |
|    time_elapsed       | 772       |
|    total_timesteps    | 43200     |
| train/                |           |
|    d_grad_norm        | 0.0166    |
|    d_learning_rate    | 3.25e-05  |
|    entropy_loss       | 1         |
|    explained_variance | 0.6150803 |
|    n_updates          | 5399      |
|    policy_loss        | -0.00279  |
|    std                | 0.202     |
|    u_grad_norm        | 0.203     |
|    u_learning_rate    | 3.25e-06  |
|    v_grad_norm        | 0.446     |
|    v_learning_rate    | 9.26e-09  |
|    value_loss         | 9.78e-06  |
-------------------------------------
-------------------------------------
| rollout/              |           |
|    ep_len_mean        | 500       |
|    ep_rew_mean        | -2.98e+03 |
| time/                 |           |
|    fps                | 55        |
|    iterations         | 5400      |
|    time_elapsed       | 772       |
|    total_timesteps    | 43200     |
| train/                |           |
|    d_grad_norm        | 0.00622   |
|    d_learning_rate    | 3.25e-05  |
|    entropy_loss       | -0.23     |
|    explained_variance | 0.9996612 |
|    n_updates          | 5399      |
|    policy_loss        | 0.0326    |
|    std                | 0.117     |
|    u_grad_norm        | 0.0899    |
|    u_learning_rate    | 3.25e-06  |
|    v_grad_norm        | 0.836     |
|    v_learning_rate    | 9.26e-09  |
|    value_loss         | 0.0674    |
-------------------------------------
--------------------------------------
| rollout/              |            |
|    ep_len_mean        | 500        |
|    ep_rew_mean        | -3.68e+03  |
| time/                 |            |
|    fps                | 55         |
|    iterations         | 5400       |
|    time_elapsed       | 772        |
|    total_timesteps    | 43200      |
| train/                |            |
|    d_grad_norm        | 0.0118     |
|    d_learning_rate    | 3.25e-05   |
|    entropy_loss       | -1.32      |
|    explained_variance | 0.96734136 |
|    n_updates          | 5399       |
|    policy_loss        | -2.89      |
|    std                | 0.141      |
|    u_grad_norm        | 0.155      |
|    u_learning_rate    | 3.25e-06   |
|    v_grad_norm        | 0.81       |
|    v_learning_rate    | 9.26e-09   |
|    value_loss         | 11.1       |
--------------------------------------
-------------------------------------
| rollout/              |           |
|    ep_len_mean        | 500       |
|    ep_rew_mean        | -3.57e+03 |
| time/                 |           |
|    fps                | 55        |
|    iterations         | 5400      |
|    time_elapsed       | 772       |
|    total_timesteps    | 43200     |
| train/                |           |
|    d_grad_norm        | 0.00552   |
|    d_learning_rate    | 3.25e-05  |
|    entropy_loss       | -1.98     |
|    explained_variance | 0.9385168 |
|    n_updates          | 5399      |
|    policy_loss        | 3.75      |
|    std                | 0.153     |
|    u_grad_norm        | 0.0269    |
|    u_learning_rate    | 3.25e-06  |
|    v_grad_norm        | 0.873     |
|    v_learning_rate    | 9.26e-09  |
|    value_loss         | 11.5      |
-------------------------------------
--------------------------------------
| rollout/              |            |
|    ep_len_mean        | 500        |
|    ep_rew_mean        | -1.67e+03  |
| time/                 |            |
|    fps                | 55         |
|    iterations         | 5400       |
|    time_elapsed       | 772        |
|    total_timesteps    | 43200      |
| train/                |            |
|    d_grad_norm        | 0.0306     |
|    d_learning_rate    | 3.25e-05   |
|    entropy_loss       | -0.299     |
|    explained_variance | 0.64167404 |
|    n_updates          | 5399       |
|    policy_loss        | 11.2       |
|    std                | 0.225      |
|    u_grad_norm        | 0.212      |
|    u_learning_rate    | 3.25e-06   |
|    v_grad_norm        | 0.782      |
|    v_learning_rate    | 9.26e-09   |
|    value_loss         | 13.2       |
--------------------------------------
-------------------------------------
| rollout/              |           |
|    ep_len_mean        | 500       |
|    ep_rew_mean        | -1.34e+03 |
| time/                 |           |
|    fps                | 55        |
|    iterations         | 5400      |
|    time_elapsed       | 773       |
|    total_timesteps    | 43200     |
| train/                |           |
|    d_grad_norm        | 0.0784    |
|    d_learning_rate    | 3.25e-05  |
|    entropy_loss       | -0.904    |
|    explained_variance | 0.5780828 |
|    n_updates          | 5399      |
|    policy_loss        | -0.396    |
|    std                | 0.239     |
|    u_grad_norm        | 0.0887    |
|    u_learning_rate    | 3.25e-06  |
|    v_grad_norm        | 0.8       |
|    v_learning_rate    | 9.26e-09  |
|    value_loss         | 2.28      |
-------------------------------------
-------------------------------------
| rollout/              |           |
|    ep_len_mean        | 500       |
|    ep_rew_mean        | -2.82e+03 |
| time/                 |           |
|    fps                | 55        |
|    iterations         | 5400      |
|    time_elapsed       | 773       |
|    total_timesteps    | 43200     |
| train/                |           |
|    d_grad_norm        | 0.0394    |
|    d_learning_rate    | 3.25e-05  |
|    entropy_loss       | -0.972    |
|    explained_variance | 0.9880231 |
|    n_updates          | 5399      |
|    policy_loss        | 0.0997    |
|    std                | 0.111     |
|    u_grad_norm        | 0.465     |
|    u_learning_rate    | 3.25e-06  |
|    v_grad_norm        | 0.724     |
|    v_learning_rate    | 9.26e-09  |
|    value_loss         | 0.37      |
-------------------------------------
--------------------------------------
| rollout/              |            |
|    ep_len_mean        | 500        |
|    ep_rew_mean        | -1.13e+03  |
| time/                 |            |
|    fps                | 55         |
|    iterations         | 5400       |
|    time_elapsed       | 773        |
|    total_timesteps    | 43200      |
| train/                |            |
|    d_grad_norm        | 0.0136     |
|    d_learning_rate    | 3.25e-05   |
|    entropy_loss       | -1.6       |
|    explained_variance | 0.99921125 |
|    n_updates          | 5399       |
|    policy_loss        | 0.016      |
|    std                | 0.241      |
|    u_grad_norm        | 0.0295     |
|    u_learning_rate    | 3.25e-06   |
|    v_grad_norm        | 0.9        |
|    v_learning_rate    | 9.26e-09   |
|    value_loss         | 0.0488     |
--------------------------------------
-------------------------------------
| rollout/              |           |
|    ep_len_mean        | 500       |
|    ep_rew_mean        | -3.78e+03 |
| time/                 |           |
|    fps                | 55        |
|    iterations         | 5400      |
|    time_elapsed       | 773       |
|    total_timesteps    | 43200     |
| train/                |           |
|    d_grad_norm        | 0.0176    |
|    d_learning_rate    | 3.25e-05  |
|    entropy_loss       | -0.497    |
|    explained_variance | 0.9297634 |
|    n_updates          | 5399      |
|    policy_loss        | 1.13      |
|    std                | 0.147     |
|    u_grad_norm        | 0.277     |
|    u_learning_rate    | 3.25e-06  |
|    v_grad_norm        | 0.919     |
|    v_learning_rate    | 9.26e-09  |
|    value_loss         | 1.4       |
-------------------------------------
--------------------------------------
| rollout/              |            |
|    ep_len_mean        | 500        |
|    ep_rew_mean        | -361       |
| time/                 |            |
|    fps                | 56         |
|    iterations         | 5500       |
|    time_elapsed       | 781        |
|    total_timesteps    | 44000      |
| train/                |            |
|    d_grad_norm        | 0.00207    |
|    d_learning_rate    | 3.21e-05   |
|    entropy_loss       | 0.875      |
|    explained_variance | -339.02777 |
|    n_updates          | 5499       |
|    policy_loss        | 0.00279    |
|    std                | 0.186      |
|    u_grad_norm        | 0.0935     |
|    u_learning_rate    | 3.21e-06   |
|    v_grad_norm        | 0.0045     |
|    v_learning_rate    | 9.09e-09   |
|    value_loss         | 1.24e-05   |
--------------------------------------
--------------------------------------
| rollout/              |            |
|    ep_len_mean        | 500        |
|    ep_rew_mean        | -994       |
| time/                 |            |
|    fps                | 56         |
|    iterations         | 5500       |
|    time_elapsed       | 781        |
|    total_timesteps    | 44000      |
| train/                |            |
|    d_grad_norm        | 0.0142     |
|    d_learning_rate    | 3.21e-05   |
|    entropy_loss       | 1          |
|    explained_variance | -4.1586876 |
|    n_updates          | 5499       |
|    policy_loss        | -0.00319   |
|    std                | 0.202      |
|    u_grad_norm        | 0.7        |
|    u_learning_rate    | 3.21e-06   |
|    v_grad_norm        | 0.143      |
|    v_learning_rate    | 9.09e-09   |
|    value_loss         | 4.02e-05   |
--------------------------------------
-------------------------------------
| rollout/              |           |
|    ep_len_mean        | 500       |
|    ep_rew_mean        | -2.97e+03 |
| time/                 |           |
|    fps                | 56        |
|    iterations         | 5500      |
|    time_elapsed       | 781       |
|    total_timesteps    | 44000     |
| train/                |           |
|    d_grad_norm        | 0.00204   |
|    d_learning_rate    | 3.21e-05  |
|    entropy_loss       | -0.27     |
|    explained_variance | 0.9989429 |
|    n_updates          | 5499      |
|    policy_loss        | 0.041     |
|    std                | 0.117     |
|    u_grad_norm        | 0.382     |
|    u_learning_rate    | 3.21e-06  |
|    v_grad_norm        | 0.702     |
|    v_learning_rate    | 9.09e-09  |
|    value_loss         | 0.115     |
-------------------------------------
-------------------------------------
| rollout/              |           |
|    ep_len_mean        | 500       |
|    ep_rew_mean        | -3.68e+03 |
| time/                 |           |
|    fps                | 56        |
|    iterations         | 5500      |
|    time_elapsed       | 781       |
|    total_timesteps    | 44000     |
| train/                |           |
|    d_grad_norm        | 0.00361   |
|    d_learning_rate    | 3.21e-05  |
|    entropy_loss       | -1.45     |
|    explained_variance | 0.9671592 |
|    n_updates          | 5499      |
|    policy_loss        | 0.545     |
|    std                | 0.141     |
|    u_grad_norm        | 0.0528    |
|    u_learning_rate    | 3.21e-06  |
|    v_grad_norm        | 0.846     |
|    v_learning_rate    | 9.09e-09  |
|    value_loss         | 1.32      |
-------------------------------------
-------------------------------------
| rollout/              |           |
|    ep_len_mean        | 500       |
|    ep_rew_mean        | -3.56e+03 |
| time/                 |           |
|    fps                | 56        |
|    iterations         | 5500      |
|    time_elapsed       | 781       |
|    total_timesteps    | 44000     |
| train/                |           |
|    d_grad_norm        | 0.0178    |
|    d_learning_rate    | 3.21e-05  |
|    entropy_loss       | -1.48     |
|    explained_variance | 0.9869385 |
|    n_updates          | 5499      |
|    policy_loss        | -1.26     |
|    std                | 0.153     |
|    u_grad_norm        | 0.131     |
|    u_learning_rate    | 3.21e-06  |
|    v_grad_norm        | 0.829     |
|    v_learning_rate    | 9.09e-09  |
|    value_loss         | 1.7       |
-------------------------------------
-------------------------------------
| rollout/              |           |
|    ep_len_mean        | 500       |
|    ep_rew_mean        | -1.64e+03 |
| time/                 |           |
|    fps                | 56        |
|    iterations         | 5500      |
|    time_elapsed       | 781       |
|    total_timesteps    | 44000     |
| train/                |           |
|    d_grad_norm        | 0.0308    |
|    d_learning_rate    | 3.21e-05  |
|    entropy_loss       | 1.23      |
|    explained_variance | -4.502111 |
|    n_updates          | 5499      |
|    policy_loss        | 0.0197    |
|    std                | 0.225     |
|    u_grad_norm        | 0.755     |
|    u_learning_rate    | 3.21e-06  |
|    v_grad_norm        | 0.635     |
|    v_learning_rate    | 9.09e-09  |
|    value_loss         | 0.000303  |
-------------------------------------
--------------------------------------
| rollout/              |            |
|    ep_len_mean        | 500        |
|    ep_rew_mean        | -1.38e+03  |
| time/                 |            |
|    fps                | 56         |
|    iterations         | 5500       |
|    time_elapsed       | 781        |
|    total_timesteps    | 44000      |
| train/                |            |
|    d_grad_norm        | 0.00183    |
|    d_learning_rate    | 3.21e-05   |
|    entropy_loss       | -1.42      |
|    explained_variance | 0.94916534 |
|    n_updates          | 5499       |
|    policy_loss        | -2.75      |
|    std                | 0.239      |
|    u_grad_norm        | 0.0271     |
|    u_learning_rate    | 3.21e-06   |
|    v_grad_norm        | 0.826      |
|    v_learning_rate    | 9.09e-09   |
|    value_loss         | 7.91       |
--------------------------------------
--------------------------------------
| rollout/              |            |
|    ep_len_mean        | 500        |
|    ep_rew_mean        | -1.15e+03  |
| time/                 |            |
|    fps                | 56         |
|    iterations         | 5500       |
|    time_elapsed       | 781        |
|    total_timesteps    | 44000      |
| train/                |            |
|    d_grad_norm        | 0.0292     |
|    d_learning_rate    | 3.21e-05   |
|    entropy_loss       | 0.462      |
|    explained_variance | -195.60968 |
|    n_updates          | 5499       |
|    policy_loss        | 0.0479     |
|    std                | 0.241      |
|    u_grad_norm        | 0.62       |
|    u_learning_rate    | 3.21e-06   |
|    v_grad_norm        | 0.769      |
|    v_learning_rate    | 9.09e-09   |
|    value_loss         | 0.0756     |
--------------------------------------
-------------------------------------
| rollout/              |           |
|    ep_len_mean        | 500       |
|    ep_rew_mean        | -2.82e+03 |
| time/                 |           |
|    fps                | 56        |
|    iterations         | 5500      |
|    time_elapsed       | 781       |
|    total_timesteps    | 44000     |
| train/                |           |
|    d_grad_norm        | 0.0063    |
|    d_learning_rate    | 3.21e-05  |
|    entropy_loss       | -1.53     |
|    explained_variance | 0.9968102 |
|    n_updates          | 5499      |
|    policy_loss        | 0.682     |
|    std                | 0.111     |
|    u_grad_norm        | 0.0925    |
|    u_learning_rate    | 3.21e-06  |
|    v_grad_norm        | 0.884     |
|    v_learning_rate    | 9.09e-09  |
|    value_loss         | 0.781     |
-------------------------------------
--------------------------------------
| rollout/              |            |
|    ep_len_mean        | 500        |
|    ep_rew_mean        | -3.78e+03  |
| time/                 |            |
|    fps                | 56         |
|    iterations         | 5500       |
|    time_elapsed       | 782        |
|    total_timesteps    | 44000      |
| train/                |            |
|    d_grad_norm        | 0.0778     |
|    d_learning_rate    | 3.21e-05   |
|    entropy_loss       | -0.381     |
|    explained_variance | 0.94194543 |
|    n_updates          | 5499       |
|    policy_loss        | 0.109      |
|    std                | 0.147      |
|    u_grad_norm        | 0.0575     |
|    u_learning_rate    | 3.21e-06   |
|    v_grad_norm        | 0.937      |
|    v_learning_rate    | 9.09e-09   |
|    value_loss         | 0.562      |
--------------------------------------
--------------------------------------
| rollout/              |            |
|    ep_len_mean        | 500        |
|    ep_rew_mean        | -365       |
| time/                 |            |
|    fps                | 56         |
|    iterations         | 5600       |
|    time_elapsed       | 790        |
|    total_timesteps    | 44800      |
| train/                |            |
|    d_grad_norm        | 0.0137     |
|    d_learning_rate    | 3.17e-05   |
|    entropy_loss       | 0.828      |
|    explained_variance | -4.5012913 |
|    n_updates          | 5599       |
|    policy_loss        | -0.00297   |
|    std                | 0.186      |
|    u_grad_norm        | 0.899      |
|    u_learning_rate    | 3.17e-06   |
|    v_grad_norm        | 0.107      |
|    v_learning_rate    | 8.93e-09   |
|    value_loss         | 5.49e-05   |
--------------------------------------
--------------------------------------
| rollout/              |            |
|    ep_len_mean        | 500        |
|    ep_rew_mean        | -994       |
| time/                 |            |
|    fps                | 56         |
|    iterations         | 5600       |
|    time_elapsed       | 790        |
|    total_timesteps    | 44800      |
| train/                |            |
|    d_grad_norm        | 0.00219    |
|    d_learning_rate    | 3.17e-05   |
|    entropy_loss       | 1.02       |
|    explained_variance | 0.29002213 |
|    n_updates          | 5599       |
|    policy_loss        | 0.00178    |
|    std                | 0.202      |
|    u_grad_norm        | 0.146      |
|    u_learning_rate    | 3.17e-06   |
|    v_grad_norm        | 0.717      |
|    v_learning_rate    | 8.93e-09   |
|    value_loss         | 4.16e-05   |
--------------------------------------
--------------------------------------
| rollout/              |            |
|    ep_len_mean        | 500        |
|    ep_rew_mean        | -2.97e+03  |
| time/                 |            |
|    fps                | 56         |
|    iterations         | 5600       |
|    time_elapsed       | 790        |
|    total_timesteps    | 44800      |
| train/                |            |
|    d_grad_norm        | 0.00787    |
|    d_learning_rate    | 3.17e-05   |
|    entropy_loss       | -0.244     |
|    explained_variance | 0.99966276 |
|    n_updates          | 5599       |
|    policy_loss        | 0.0166     |
|    std                | 0.117      |
|    u_grad_norm        | 0.139      |
|    u_learning_rate    | 3.17e-06   |
|    v_grad_norm        | 0.806      |
|    v_learning_rate    | 8.93e-09   |
|    value_loss         | 0.0442     |
--------------------------------------
-------------------------------------
| rollout/              |           |
|    ep_len_mean        | 500       |
|    ep_rew_mean        | -3.57e+03 |
| time/                 |           |
|    fps                | 56        |
|    iterations         | 5600      |
|    time_elapsed       | 790       |
|    total_timesteps    | 44800     |
| train/                |           |
|    d_grad_norm        | 0.000303  |
|    d_learning_rate    | 3.17e-05  |
|    entropy_loss       | -2.14     |
|    explained_variance | 0.9956768 |
|    n_updates          | 5599      |
|    policy_loss        | -0.0691   |
|    std                | 0.153     |
|    u_grad_norm        | 0.0279    |
|    u_learning_rate    | 3.17e-06  |
|    v_grad_norm        | 0.815     |
|    v_learning_rate    | 8.93e-09  |
|    value_loss         | 0.476     |
-------------------------------------
--------------------------------------
| rollout/              |            |
|    ep_len_mean        | 500        |
|    ep_rew_mean        | -1.66e+03  |
| time/                 |            |
|    fps                | 56         |
|    iterations         | 5600       |
|    time_elapsed       | 790        |
|    total_timesteps    | 44800      |
| train/                |            |
|    d_grad_norm        | 0.0212     |
|    d_learning_rate    | 3.17e-05   |
|    entropy_loss       | 1.16       |
|    explained_variance | -39.478157 |
|    n_updates          | 5599       |
|    policy_loss        | -0.169     |
|    std                | 0.225      |
|    u_grad_norm        | 0.0684     |
|    u_learning_rate    | 3.17e-06   |
|    v_grad_norm        | 0.987      |
|    v_learning_rate    | 8.93e-09   |
|    value_loss         | 0.0161     |
--------------------------------------
-------------------------------------
| rollout/              |           |
|    ep_len_mean        | 500       |
|    ep_rew_mean        | -3.68e+03 |
| time/                 |           |
|    fps                | 56        |
|    iterations         | 5600      |
|    time_elapsed       | 790       |
|    total_timesteps    | 44800     |
| train/                |           |
|    d_grad_norm        | 0.0265    |
|    d_learning_rate    | 3.17e-05  |
|    entropy_loss       | -1.15     |
|    explained_variance | 0.9316126 |
|    n_updates          | 5599      |
|    policy_loss        | -4.27     |
|    std                | 0.141     |
|    u_grad_norm        | 0.286     |
|    u_learning_rate    | 3.17e-06  |
|    v_grad_norm        | 0.748     |
|    v_learning_rate    | 8.93e-09  |
|    value_loss         | 9.66      |
-------------------------------------
---------------------------------------
| rollout/              |             |
|    ep_len_mean        | 500         |
|    ep_rew_mean        | -1.37e+03   |
| time/                 |             |
|    fps                | 56          |
|    iterations         | 5600        |
|    time_elapsed       | 790         |
|    total_timesteps    | 44800       |
| train/                |             |
|    d_grad_norm        | 0.0255      |
|    d_learning_rate    | 3.17e-05    |
|    entropy_loss       | 0.256       |
|    explained_variance | -0.88165355 |
|    n_updates          | 5599        |
|    policy_loss        | -0.00969    |
|    std                | 0.239       |
|    u_grad_norm        | 0.656       |
|    u_learning_rate    | 3.17e-06    |
|    v_grad_norm        | 0.738       |
|    v_learning_rate    | 8.93e-09    |
|    value_loss         | 0.00222     |
---------------------------------------
-------------------------------------
| rollout/              |           |
|    ep_len_mean        | 500       |
|    ep_rew_mean        | -1.14e+03 |
| time/                 |           |
|    fps                | 56        |
|    iterations         | 5600      |
|    time_elapsed       | 790       |
|    total_timesteps    | 44800     |
| train/                |           |
|    d_grad_norm        | 0.00508   |
|    d_learning_rate    | 3.17e-05  |
|    entropy_loss       | -1.98     |
|    explained_variance | 0.9956889 |
|    n_updates          | 5599      |
|    policy_loss        | 4.15      |
|    std                | 0.241     |
|    u_grad_norm        | 0.0803    |
|    u_learning_rate    | 3.17e-06  |
|    v_grad_norm        | 0.836     |
|    v_learning_rate    | 8.93e-09  |
|    value_loss         | 2.06      |
-------------------------------------
--------------------------------------
| rollout/              |            |
|    ep_len_mean        | 500        |
|    ep_rew_mean        | -2.82e+03  |
| time/                 |            |
|    fps                | 56         |
|    iterations         | 5600       |
|    time_elapsed       | 790        |
|    total_timesteps    | 44800      |
| train/                |            |
|    d_grad_norm        | 0.011      |
|    d_learning_rate    | 3.17e-05   |
|    entropy_loss       | -0.716     |
|    explained_variance | 0.99466753 |
|    n_updates          | 5599       |
|    policy_loss        | -0.444     |
|    std                | 0.111      |
|    u_grad_norm        | 0.176      |
|    u_learning_rate    | 3.17e-06   |
|    v_grad_norm        | 0.975      |
|    v_learning_rate    | 8.93e-09   |
|    value_loss         | 0.633      |
--------------------------------------
--------------------------------------
| rollout/              |            |
|    ep_len_mean        | 500        |
|    ep_rew_mean        | -3.79e+03  |
| time/                 |            |
|    fps                | 56         |
|    iterations         | 5600       |
|    time_elapsed       | 790        |
|    total_timesteps    | 44800      |
| train/                |            |
|    d_grad_norm        | 0.00686    |
|    d_learning_rate    | 3.17e-05   |
|    entropy_loss       | -0.746     |
|    explained_variance | 0.93678844 |
|    n_updates          | 5599       |
|    policy_loss        | 1.51       |
|    std                | 0.147      |
|    u_grad_norm        | 0.123      |
|    u_learning_rate    | 3.17e-06   |
|    v_grad_norm        | 0.917      |
|    v_learning_rate    | 8.93e-09   |
|    value_loss         | 4.59       |
--------------------------------------
--------------------------------------
| rollout/              |            |
|    ep_len_mean        | 500        |
|    ep_rew_mean        | -361       |
| time/                 |            |
|    fps                | 57         |
|    iterations         | 5700       |
|    time_elapsed       | 799        |
|    total_timesteps    | 45600      |
| train/                |            |
|    d_grad_norm        | 0.00859    |
|    d_learning_rate    | 3.13e-05   |
|    entropy_loss       | 0.868      |
|    explained_variance | 0.22608781 |
|    n_updates          | 5699       |
|    policy_loss        | 0.00167    |
|    std                | 0.186      |
|    u_grad_norm        | 0.594      |
|    u_learning_rate    | 3.13e-06   |
|    v_grad_norm        | 0.236      |
|    v_learning_rate    | 8.77e-09   |
|    value_loss         | 2.46e-05   |
--------------------------------------
--------------------------------------
| rollout/              |            |
|    ep_len_mean        | 500        |
|    ep_rew_mean        | -990       |
| time/                 |            |
|    fps                | 57         |
|    iterations         | 5700       |
|    time_elapsed       | 799        |
|    total_timesteps    | 45600      |
| train/                |            |
|    d_grad_norm        | 0.00652    |
|    d_learning_rate    | 3.13e-05   |
|    entropy_loss       | -2.16      |
|    explained_variance | 0.99599844 |
|    n_updates          | 5699       |
|    policy_loss        | -0.892     |
|    std                | 0.202      |
|    u_grad_norm        | 0.106      |
|    u_learning_rate    | 3.13e-06   |
|    v_grad_norm        | 0.922      |
|    v_learning_rate    | 8.77e-09   |
|    value_loss         | 0.148      |
--------------------------------------
--------------------------------------
| rollout/              |            |
|    ep_len_mean        | 500        |
|    ep_rew_mean        | -3.58e+03  |
| time/                 |            |
|    fps                | 57         |
|    iterations         | 5700       |
|    time_elapsed       | 799        |
|    total_timesteps    | 45600      |
| train/                |            |
|    d_grad_norm        | 0.00203    |
|    d_learning_rate    | 3.13e-05   |
|    entropy_loss       | -1.63      |
|    explained_variance | 0.95794433 |
|    n_updates          | 5699       |
|    policy_loss        | -6.9       |
|    std                | 0.153      |
|    u_grad_norm        | 0.138      |
|    u_learning_rate    | 3.13e-06   |
|    v_grad_norm        | 0.807      |
|    v_learning_rate    | 8.77e-09   |
|    value_loss         | 3.65       |
--------------------------------------
-------------------------------------
| rollout/              |           |
|    ep_len_mean        | 500       |
|    ep_rew_mean        | -3.68e+03 |
| time/                 |           |
|    fps                | 57        |
|    iterations         | 5700      |
|    time_elapsed       | 799       |
|    total_timesteps    | 45600     |
| train/                |           |
|    d_grad_norm        | 0.00792   |
|    d_learning_rate    | 3.13e-05  |
|    entropy_loss       | -1.42     |
|    explained_variance | 0.9852358 |
|    n_updates          | 5699      |
|    policy_loss        | 0.884     |
|    std                | 0.141     |
|    u_grad_norm        | 0.0448    |
|    u_learning_rate    | 3.13e-06  |
|    v_grad_norm        | 0.851     |
|    v_learning_rate    | 8.77e-09  |
|    value_loss         | 1.34      |
-------------------------------------
-------------------------------------
| rollout/              |           |
|    ep_len_mean        | 500       |
|    ep_rew_mean        | -2.97e+03 |
| time/                 |           |
|    fps                | 57        |
|    iterations         | 5700      |
|    time_elapsed       | 799       |
|    total_timesteps    | 45600     |
| train/                |           |
|    d_grad_norm        | 0.00966   |
|    d_learning_rate    | 3.13e-05  |
|    entropy_loss       | 0.288     |
|    explained_variance | 0.597883  |
|    n_updates          | 5699      |
|    policy_loss        | -0.297    |
|    std                | 0.117     |
|    u_grad_norm        | 0.335     |
|    u_learning_rate    | 3.13e-06  |
|    v_grad_norm        | 0.737     |
|    v_learning_rate    | 8.77e-09  |
|    value_loss         | 14.1      |
-------------------------------------
--------------------------------------
| rollout/              |            |
|    ep_len_mean        | 500        |
|    ep_rew_mean        | -1.66e+03  |
| time/                 |            |
|    fps                | 57         |
|    iterations         | 5700       |
|    time_elapsed       | 799        |
|    total_timesteps    | 45600      |
| train/                |            |
|    d_grad_norm        | 0.0359     |
|    d_learning_rate    | 3.13e-05   |
|    entropy_loss       | -0.802     |
|    explained_variance | 0.98278695 |
|    n_updates          | 5699       |
|    policy_loss        | -0.292     |
|    std                | 0.225      |
|    u_grad_norm        | 0.146      |
|    u_learning_rate    | 3.13e-06   |
|    v_grad_norm        | 0.864      |
|    v_learning_rate    | 8.77e-09   |
|    value_loss         | 0.419      |
--------------------------------------
-------------------------------------
| rollout/              |           |
|    ep_len_mean        | 500       |
|    ep_rew_mean        | -1.36e+03 |
| time/                 |           |
|    fps                | 57        |
|    iterations         | 5700      |
|    time_elapsed       | 799       |
|    total_timesteps    | 45600     |
| train/                |           |
|    d_grad_norm        | 0.0246    |
|    d_learning_rate    | 3.13e-05  |
|    entropy_loss       | -1.25     |
|    explained_variance | 0.9960033 |
|    n_updates          | 5699      |
|    policy_loss        | 0.161     |
|    std                | 0.239     |
|    u_grad_norm        | 0.0902    |
|    u_learning_rate    | 3.13e-06  |
|    v_grad_norm        | 0.764     |
|    v_learning_rate    | 8.77e-09  |
|    value_loss         | 0.389     |
-------------------------------------
--------------------------------------
| rollout/              |            |
|    ep_len_mean        | 500        |
|    ep_rew_mean        | -1.18e+03  |
| time/                 |            |
|    fps                | 57         |
|    iterations         | 5700       |
|    time_elapsed       | 799        |
|    total_timesteps    | 45600      |
| train/                |            |
|    d_grad_norm        | 0.0163     |
|    d_learning_rate    | 3.13e-05   |
|    entropy_loss       | 0.304      |
|    explained_variance | -5.1665363 |
|    n_updates          | 5699       |
|    policy_loss        | 0.0265     |
|    std                | 0.241      |
|    u_grad_norm        | 0.523      |
|    u_learning_rate    | 3.13e-06   |
|    v_grad_norm        | 0.844      |
|    v_learning_rate    | 8.77e-09   |
|    value_loss         | 0.581      |
--------------------------------------
-------------------------------------
| rollout/              |           |
|    ep_len_mean        | 500       |
|    ep_rew_mean        | -2.82e+03 |
| time/                 |           |
|    fps                | 57        |
|    iterations         | 5700      |
|    time_elapsed       | 799       |
|    total_timesteps    | 45600     |
| train/                |           |
|    d_grad_norm        | 0.0172    |
|    d_learning_rate    | 3.13e-05  |
|    entropy_loss       | 0.395     |
|    explained_variance | 0.594426  |
|    n_updates          | 5699      |
|    policy_loss        | -0.389    |
|    std                | 0.111     |
|    u_grad_norm        | 0.0193    |
|    u_learning_rate    | 3.13e-06  |
|    v_grad_norm        | 1.02      |
|    v_learning_rate    | 8.77e-09  |
|    value_loss         | 0.216     |
-------------------------------------
-------------------------------------
| rollout/              |           |
|    ep_len_mean        | 500       |
|    ep_rew_mean        | -3.79e+03 |
| time/                 |           |
|    fps                | 57        |
|    iterations         | 5700      |
|    time_elapsed       | 799       |
|    total_timesteps    | 45600     |
| train/                |           |
|    d_grad_norm        | 0.033     |
|    d_learning_rate    | 3.13e-05  |
|    entropy_loss       | -0.286    |
|    explained_variance | 0.6350554 |
|    n_updates          | 5699      |
|    policy_loss        | -0.576    |
|    std                | 0.147     |
|    u_grad_norm        | 0.07      |
|    u_learning_rate    | 3.13e-06  |
|    v_grad_norm        | 0.931     |
|    v_learning_rate    | 8.77e-09  |
|    value_loss         | 5.08      |
-------------------------------------
---------------------------------------
| rollout/              |             |
|    ep_len_mean        | 500         |
|    ep_rew_mean        | -360        |
| time/                 |             |
|    fps                | 57          |
|    iterations         | 5800        |
|    time_elapsed       | 807         |
|    total_timesteps    | 46400       |
| train/                |             |
|    d_grad_norm        | 0.0103      |
|    d_learning_rate    | 3.1e-05     |
|    entropy_loss       | 0.872       |
|    explained_variance | -0.16290665 |
|    n_updates          | 5799        |
|    policy_loss        | 0.00196     |
|    std                | 0.186       |
|    u_grad_norm        | 0.182       |
|    u_learning_rate    | 3.1e-06     |
|    v_grad_norm        | 0.0241      |
|    v_learning_rate    | 8.62e-09    |
|    value_loss         | 6.35e-06    |
---------------------------------------
--------------------------------------
| rollout/              |            |
|    ep_len_mean        | 500        |
|    ep_rew_mean        | -1.01e+03  |
| time/                 |            |
|    fps                | 57         |
|    iterations         | 5800       |
|    time_elapsed       | 807        |
|    total_timesteps    | 46400      |
| train/                |            |
|    d_grad_norm        | 0.0172     |
|    d_learning_rate    | 3.1e-05    |
|    entropy_loss       | 1          |
|    explained_variance | 0.71515656 |
|    n_updates          | 5799       |
|    policy_loss        | -0.00385   |
|    std                | 0.202      |
|    u_grad_norm        | 0.36       |
|    u_learning_rate    | 3.1e-06    |
|    v_grad_norm        | 0.173      |
|    v_learning_rate    | 8.62e-09   |
|    value_loss         | 9.85e-06   |
--------------------------------------
--------------------------------------
| rollout/              |            |
|    ep_len_mean        | 500        |
|    ep_rew_mean        | -3.59e+03  |
| time/                 |            |
|    fps                | 57         |
|    iterations         | 5800       |
|    time_elapsed       | 807        |
|    total_timesteps    | 46400      |
| train/                |            |
|    d_grad_norm        | 0.00572    |
|    d_learning_rate    | 3.1e-05    |
|    entropy_loss       | -1.4       |
|    explained_variance | 0.98094577 |
|    n_updates          | 5799       |
|    policy_loss        | -0.774     |
|    std                | 0.153      |
|    u_grad_norm        | 0.00696    |
|    u_learning_rate    | 3.1e-06    |
|    v_grad_norm        | 0.82       |
|    v_learning_rate    | 8.62e-09   |
|    value_loss         | 2.76       |
--------------------------------------
-------------------------------------
| rollout/              |           |
|    ep_len_mean        | 500       |
|    ep_rew_mean        | -3.68e+03 |
| time/                 |           |
|    fps                | 57        |
|    iterations         | 5800      |
|    time_elapsed       | 807       |
|    total_timesteps    | 46400     |
| train/                |           |
|    d_grad_norm        | 0.00239   |
|    d_learning_rate    | 3.1e-05   |
|    entropy_loss       | -1.51     |
|    explained_variance | 0.9590135 |
|    n_updates          | 5799      |
|    policy_loss        | 0.2       |
|    std                | 0.141     |
|    u_grad_norm        | 0.164     |
|    u_learning_rate    | 3.1e-06   |
|    v_grad_norm        | 0.809     |
|    v_learning_rate    | 8.62e-09  |
|    value_loss         | 1.07      |
-------------------------------------
-------------------------------------
| rollout/              |           |
|    ep_len_mean        | 500       |
|    ep_rew_mean        | -2.97e+03 |
| time/                 |           |
|    fps                | 57        |
|    iterations         | 5800      |
|    time_elapsed       | 807       |
|    total_timesteps    | 46400     |
| train/                |           |
|    d_grad_norm        | 0.00124   |
|    d_learning_rate    | 3.1e-05   |
|    entropy_loss       | 0.0993    |
|    explained_variance | 0.8577309 |
|    n_updates          | 5799      |
|    policy_loss        | -0.557    |
|    std                | 0.117     |
|    u_grad_norm        | 0.0728    |
|    u_learning_rate    | 3.1e-06   |
|    v_grad_norm        | 0.792     |
|    v_learning_rate    | 8.62e-09  |
|    value_loss         | 2.07      |
-------------------------------------
-------------------------------------
| rollout/              |           |
|    ep_len_mean        | 500       |
|    ep_rew_mean        | -1.67e+03 |
| time/                 |           |
|    fps                | 57        |
|    iterations         | 5800      |
|    time_elapsed       | 807       |
|    total_timesteps    | 46400     |
| train/                |           |
|    d_grad_norm        | 0.00275   |
|    d_learning_rate    | 3.1e-05   |
|    entropy_loss       | -1.03     |
|    explained_variance | 0.9969673 |
|    n_updates          | 5799      |
|    policy_loss        | -0.117    |
|    std                | 0.225     |
|    u_grad_norm        | 0.177     |
|    u_learning_rate    | 3.1e-06   |
|    v_grad_norm        | 0.984     |
|    v_learning_rate    | 8.62e-09  |
|    value_loss         | 0.355     |
-------------------------------------
-------------------------------------
| rollout/              |           |
|    ep_len_mean        | 500       |
|    ep_rew_mean        | -1.37e+03 |
| time/                 |           |
|    fps                | 57        |
|    iterations         | 5800      |
|    time_elapsed       | 807       |
|    total_timesteps    | 46400     |
| train/                |           |
|    d_grad_norm        | 0.0907    |
|    d_learning_rate    | 3.1e-05   |
|    entropy_loss       | 0.3       |
|    explained_variance | -8.796931 |
|    n_updates          | 5799      |
|    policy_loss        | -0.0159   |
|    std                | 0.239     |
|    u_grad_norm        | 0.122     |
|    u_learning_rate    | 3.1e-06   |
|    v_grad_norm        | 0.984     |
|    v_learning_rate    | 8.62e-09  |
|    value_loss         | 0.000438  |
-------------------------------------
--------------------------------------
| rollout/              |            |
|    ep_len_mean        | 500        |
|    ep_rew_mean        | -1.17e+03  |
| time/                 |            |
|    fps                | 57         |
|    iterations         | 5800       |
|    time_elapsed       | 807        |
|    total_timesteps    | 46400      |
| train/                |            |
|    d_grad_norm        | 0.0281     |
|    d_learning_rate    | 3.1e-05    |
|    entropy_loss       | 0.506      |
|    explained_variance | 0.24117297 |
|    n_updates          | 5799       |
|    policy_loss        | 0.356      |
|    std                | 0.241      |
|    u_grad_norm        | 0.456      |
|    u_learning_rate    | 3.1e-06    |
|    v_grad_norm        | 0.89       |
|    v_learning_rate    | 8.62e-09   |
|    value_loss         | 0.23       |
--------------------------------------
-------------------------------------
| rollout/              |           |
|    ep_len_mean        | 500       |
|    ep_rew_mean        | -2.81e+03 |
| time/                 |           |
|    fps                | 57        |
|    iterations         | 5800      |
|    time_elapsed       | 807       |
|    total_timesteps    | 46400     |
| train/                |           |
|    d_grad_norm        | 0.00427   |
|    d_learning_rate    | 3.1e-05   |
|    entropy_loss       | 0.147     |
|    explained_variance | 0.9101026 |
|    n_updates          | 5799      |
|    policy_loss        | 1.06      |
|    std                | 0.111     |
|    u_grad_norm        | 0.234     |
|    u_learning_rate    | 3.1e-06   |
|    v_grad_norm        | 0.857     |
|    v_learning_rate    | 8.62e-09  |
|    value_loss         | 4.45      |
-------------------------------------
-------------------------------------
| rollout/              |           |
|    ep_len_mean        | 500       |
|    ep_rew_mean        | -3.79e+03 |
| time/                 |           |
|    fps                | 57        |
|    iterations         | 5800      |
|    time_elapsed       | 807       |
|    total_timesteps    | 46400     |
| train/                |           |
|    d_grad_norm        | 0.0255    |
|    d_learning_rate    | 3.1e-05   |
|    entropy_loss       | -0.999    |
|    explained_variance | 0.9588999 |
|    n_updates          | 5799      |
|    policy_loss        | 1.15      |
|    std                | 0.147     |
|    u_grad_norm        | 0.0292    |
|    u_learning_rate    | 3.1e-06   |
|    v_grad_norm        | 0.932     |
|    v_learning_rate    | 8.62e-09  |
|    value_loss         | 4.76      |
-------------------------------------
--------------------------------------
| rollout/              |            |
|    ep_len_mean        | 500        |
|    ep_rew_mean        | -367       |
| time/                 |            |
|    fps                | 57         |
|    iterations         | 5900       |
|    time_elapsed       | 816        |
|    total_timesteps    | 47200      |
| train/                |            |
|    d_grad_norm        | 0.0428     |
|    d_learning_rate    | 3.06e-05   |
|    entropy_loss       | -0.964     |
|    explained_variance | 0.35173124 |
|    n_updates          | 5899       |
|    policy_loss        | -8.41      |
|    std                | 0.186      |
|    u_grad_norm        | 0.118      |
|    u_learning_rate    | 3.06e-06   |
|    v_grad_norm        | 0.814      |
|    v_learning_rate    | 8.48e-09   |
|    value_loss         | 56.9       |
--------------------------------------
-------------------------------------
| rollout/              |           |
|    ep_len_mean        | 500       |
|    ep_rew_mean        | -997      |
| time/                 |           |
|    fps                | 57        |
|    iterations         | 5900      |
|    time_elapsed       | 816       |
|    total_timesteps    | 47200     |
| train/                |           |
|    d_grad_norm        | 0.0223    |
|    d_learning_rate    | 3.06e-05  |
|    entropy_loss       | -0.0925   |
|    explained_variance | 0.9982385 |
|    n_updates          | 5899      |
|    policy_loss        | -0.0363   |
|    std                | 0.202     |
|    u_grad_norm        | 0.054     |
|    u_learning_rate    | 3.06e-06  |
|    v_grad_norm        | 0.994     |
|    v_learning_rate    | 8.48e-09  |
|    value_loss         | 0.107     |
-------------------------------------
--------------------------------------
| rollout/              |            |
|    ep_len_mean        | 500        |
|    ep_rew_mean        | -3.68e+03  |
| time/                 |            |
|    fps                | 57         |
|    iterations         | 5900       |
|    time_elapsed       | 816        |
|    total_timesteps    | 47200      |
| train/                |            |
|    d_grad_norm        | 0.0358     |
|    d_learning_rate    | 3.06e-05   |
|    entropy_loss       | -0.996     |
|    explained_variance | 0.92494816 |
|    n_updates          | 5899       |
|    policy_loss        | -1.43      |
|    std                | 0.141      |
|    u_grad_norm        | 0.0345     |
|    u_learning_rate    | 3.06e-06   |
|    v_grad_norm        | 0.8        |
|    v_learning_rate    | 8.48e-09   |
|    value_loss         | 11.7       |
--------------------------------------
------------------------------------
| rollout/              |          |
|    ep_len_mean        | 500      |
|    ep_rew_mean        | -3.6e+03 |
| time/                 |          |
|    fps                | 57       |
|    iterations         | 5900     |
|    time_elapsed       | 816      |
|    total_timesteps    | 47200    |
| train/                |          |
|    d_grad_norm        | 0.019    |
|    d_learning_rate    | 3.06e-05 |
|    entropy_loss       | -1.87    |
|    explained_variance | 0.991413 |
|    n_updates          | 5899     |
|    policy_loss        | -1.96    |
|    std                | 0.153    |
|    u_grad_norm        | 0.00451  |
|    u_learning_rate    | 3.06e-06 |
|    v_grad_norm        | 0.819    |
|    v_learning_rate    | 8.48e-09 |
|    value_loss         | 2.43     |
------------------------------------
-------------------------------------
| rollout/              |           |
|    ep_len_mean        | 500       |
|    ep_rew_mean        | -2.97e+03 |
| time/                 |           |
|    fps                | 57        |
|    iterations         | 5900      |
|    time_elapsed       | 816       |
|    total_timesteps    | 47200     |
| train/                |           |
|    d_grad_norm        | 0.00632   |
|    d_learning_rate    | 3.06e-05  |
|    entropy_loss       | -0.221    |
|    explained_variance | 0.9992116 |
|    n_updates          | 5899      |
|    policy_loss        | -0.0212   |
|    std                | 0.117     |
|    u_grad_norm        | 0.0162    |
|    u_learning_rate    | 3.06e-06  |
|    v_grad_norm        | 0.862     |
|    v_learning_rate    | 8.48e-09  |
|    value_loss         | 0.175     |
-------------------------------------
-------------------------------------
| rollout/              |           |
|    ep_len_mean        | 500       |
|    ep_rew_mean        | -1.36e+03 |
| time/                 |           |
|    fps                | 57        |
|    iterations         | 5900      |
|    time_elapsed       | 816       |
|    total_timesteps    | 47200     |
| train/                |           |
|    d_grad_norm        | 0.0101    |
|    d_learning_rate    | 3.06e-05  |
|    entropy_loss       | -1.08     |
|    explained_variance | 0.9973393 |
|    n_updates          | 5899      |
|    policy_loss        | 0.342     |
|    std                | 0.239     |
|    u_grad_norm        | 0.0911    |
|    u_learning_rate    | 3.06e-06  |
|    v_grad_norm        | 0.864     |
|    v_learning_rate    | 8.48e-09  |
|    value_loss         | 0.0915    |
-------------------------------------
--------------------------------------
| rollout/              |            |
|    ep_len_mean        | 500        |
|    ep_rew_mean        | -1.68e+03  |
| time/                 |            |
|    fps                | 57         |
|    iterations         | 5900       |
|    time_elapsed       | 816        |
|    total_timesteps    | 47200      |
| train/                |            |
|    d_grad_norm        | 0.00168    |
|    d_learning_rate    | 3.06e-05   |
|    entropy_loss       | 1.32       |
|    explained_variance | 0.98486847 |
|    n_updates          | 5899       |
|    policy_loss        | 0.0049     |
|    std                | 0.225      |
|    u_grad_norm        | 0.712      |
|    u_learning_rate    | 3.06e-06   |
|    v_grad_norm        | 0.506      |
|    v_learning_rate    | 8.48e-09   |
|    value_loss         | 1.23e-05   |
--------------------------------------
-------------------------------------
| rollout/              |           |
|    ep_len_mean        | 500       |
|    ep_rew_mean        | -2.81e+03 |
| time/                 |           |
|    fps                | 57        |
|    iterations         | 5900      |
|    time_elapsed       | 816       |
|    total_timesteps    | 47200     |
| train/                |           |
|    d_grad_norm        | 0.00302   |
|    d_learning_rate    | 3.06e-05  |
|    entropy_loss       | 0.704     |
|    explained_variance | 0.9747369 |
|    n_updates          | 5899      |
|    policy_loss        | -0.916    |
|    std                | 0.111     |
|    u_grad_norm        | 0.545     |
|    u_learning_rate    | 3.06e-06  |
|    v_grad_norm        | 0.629     |
|    v_learning_rate    | 8.48e-09  |
|    value_loss         | 6.05      |
-------------------------------------
-------------------------------------
| rollout/              |           |
|    ep_len_mean        | 500       |
|    ep_rew_mean        | -1.15e+03 |
| time/                 |           |
|    fps                | 57        |
|    iterations         | 5900      |
|    time_elapsed       | 816       |
|    total_timesteps    | 47200     |
| train/                |           |
|    d_grad_norm        | 0.00435   |
|    d_learning_rate    | 3.06e-05  |
|    entropy_loss       | -1.15     |
|    explained_variance | 0.8542949 |
|    n_updates          | 5899      |
|    policy_loss        | -2.16     |
|    std                | 0.241     |
|    u_grad_norm        | 0.0214    |
|    u_learning_rate    | 3.06e-06  |
|    v_grad_norm        | 0.761     |
|    v_learning_rate    | 8.48e-09  |
|    value_loss         | 8.57      |
-------------------------------------
-------------------------------------
| rollout/              |           |
|    ep_len_mean        | 500       |
|    ep_rew_mean        | -3.78e+03 |
| time/                 |           |
|    fps                | 57        |
|    iterations         | 5900      |
|    time_elapsed       | 816       |
|    total_timesteps    | 47200     |
| train/                |           |
|    d_grad_norm        | 0.0644    |
|    d_learning_rate    | 3.06e-05  |
|    entropy_loss       | -1.02     |
|    explained_variance | 0.9518988 |
|    n_updates          | 5899      |
|    policy_loss        | 0.97      |
|    std                | 0.147     |
|    u_grad_norm        | 0.0146    |
|    u_learning_rate    | 3.06e-06  |
|    v_grad_norm        | 0.951     |
|    v_learning_rate    | 8.48e-09  |
|    value_loss         | 3.21      |
-------------------------------------
--------------------------------------
| rollout/              |            |
|    ep_len_mean        | 500        |
|    ep_rew_mean        | -390       |
| time/                 |            |
|    fps                | 58         |
|    iterations         | 6000       |
|    time_elapsed       | 825        |
|    total_timesteps    | 48000      |
| train/                |            |
|    d_grad_norm        | 0.000958   |
|    d_learning_rate    | 3.03e-05   |
|    entropy_loss       | 0.874      |
|    explained_variance | -0.9362205 |
|    n_updates          | 5999       |
|    policy_loss        | 0.00138    |
|    std                | 0.186      |
|    u_grad_norm        | 0.15       |
|    u_learning_rate    | 3.03e-06   |
|    v_grad_norm        | 0.0329     |
|    v_learning_rate    | 8.33e-09   |
|    value_loss         | 6.61e-06   |
--------------------------------------
-------------------------------------
| rollout/              |           |
|    ep_len_mean        | 500       |
|    ep_rew_mean        | -1.01e+03 |
| time/                 |           |
|    fps                | 58        |
|    iterations         | 6000      |
|    time_elapsed       | 825       |
|    total_timesteps    | 48000     |
| train/                |           |
|    d_grad_norm        | 0.00134   |
|    d_learning_rate    | 3.03e-05  |
|    entropy_loss       | 1.05      |
|    explained_variance | -17.87929 |
|    n_updates          | 5999      |
|    policy_loss        | 0.0021    |
|    std                | 0.202     |
|    u_grad_norm        | 0.0732    |
|    u_learning_rate    | 3.03e-06  |
|    v_grad_norm        | 0.866     |
|    v_learning_rate    | 8.33e-09  |
|    value_loss         | 0.000691  |
-------------------------------------
--------------------------------------
| rollout/              |            |
|    ep_len_mean        | 500        |
|    ep_rew_mean        | -3.68e+03  |
| time/                 |            |
|    fps                | 58         |
|    iterations         | 6000       |
|    time_elapsed       | 825        |
|    total_timesteps    | 48000      |
| train/                |            |
|    d_grad_norm        | 0.00259    |
|    d_learning_rate    | 3.03e-05   |
|    entropy_loss       | -1.44      |
|    explained_variance | 0.97888523 |
|    n_updates          | 5999       |
|    policy_loss        | 0.647      |
|    std                | 0.141      |
|    u_grad_norm        | 0.0173     |
|    u_learning_rate    | 3.03e-06   |
|    v_grad_norm        | 0.852      |
|    v_learning_rate    | 8.33e-09   |
|    value_loss         | 1.13       |
--------------------------------------
-------------------------------------
| rollout/              |           |
|    ep_len_mean        | 500       |
|    ep_rew_mean        | -3.61e+03 |
| time/                 |           |
|    fps                | 58        |
|    iterations         | 6000      |
|    time_elapsed       | 825       |
|    total_timesteps    | 48000     |
| train/                |           |
|    d_grad_norm        | 0.00927   |
|    d_learning_rate    | 3.03e-05  |
|    entropy_loss       | -1.95     |
|    explained_variance | 0.9890738 |
|    n_updates          | 5999      |
|    policy_loss        | 0.942     |
|    std                | 0.153     |
|    u_grad_norm        | 0.055     |
|    u_learning_rate    | 3.03e-06  |
|    v_grad_norm        | 0.865     |
|    v_learning_rate    | 8.33e-09  |
|    value_loss         | 0.386     |
-------------------------------------
--------------------------------------
| rollout/              |            |
|    ep_len_mean        | 500        |
|    ep_rew_mean        | -2.97e+03  |
| time/                 |            |
|    fps                | 58         |
|    iterations         | 6000       |
|    time_elapsed       | 825        |
|    total_timesteps    | 48000      |
| train/                |            |
|    d_grad_norm        | 0.00342    |
|    d_learning_rate    | 3.03e-05   |
|    entropy_loss       | -0.0752    |
|    explained_variance | 0.98876876 |
|    n_updates          | 5999       |
|    policy_loss        | -0.051     |
|    std                | 0.117      |
|    u_grad_norm        | 0.23       |
|    u_learning_rate    | 3.03e-06   |
|    v_grad_norm        | 0.739      |
|    v_learning_rate    | 8.33e-09   |
|    value_loss         | 0.534      |
--------------------------------------
---------------------------------------
| rollout/              |             |
|    ep_len_mean        | 500         |
|    ep_rew_mean        | -1.35e+03   |
| time/                 |             |
|    fps                | 58          |
|    iterations         | 6000        |
|    time_elapsed       | 825         |
|    total_timesteps    | 48000       |
| train/                |             |
|    d_grad_norm        | 0.0262      |
|    d_learning_rate    | 3.03e-05    |
|    entropy_loss       | 0.291       |
|    explained_variance | -0.42480242 |
|    n_updates          | 5999        |
|    policy_loss        | -0.000865   |
|    std                | 0.239       |
|    u_grad_norm        | 0.413       |
|    u_learning_rate    | 3.03e-06    |
|    v_grad_norm        | 0.762       |
|    v_learning_rate    | 8.33e-09    |
|    value_loss         | 0.000268    |
---------------------------------------
-------------------------------------
| rollout/              |           |
|    ep_len_mean        | 500       |
|    ep_rew_mean        | -1.67e+03 |
| time/                 |           |
|    fps                | 58        |
|    iterations         | 6000      |
|    time_elapsed       | 825       |
|    total_timesteps    | 48000     |
| train/                |           |
|    d_grad_norm        | 0.044     |
|    d_learning_rate    | 3.03e-05  |
|    entropy_loss       | -0.0621   |
|    explained_variance | 0.8861674 |
|    n_updates          | 5999      |
|    policy_loss        | 2.01      |
|    std                | 0.225     |
|    u_grad_norm        | 0.0797    |
|    u_learning_rate    | 3.03e-06  |
|    v_grad_norm        | 0.941     |
|    v_learning_rate    | 8.33e-09  |
|    value_loss         | 14.3      |
-------------------------------------
--------------------------------------
| rollout/              |            |
|    ep_len_mean        | 500        |
|    ep_rew_mean        | -2.81e+03  |
| time/                 |            |
|    fps                | 58         |
|    iterations         | 6000       |
|    time_elapsed       | 825        |
|    total_timesteps    | 48000      |
| train/                |            |
|    d_grad_norm        | 0.0169     |
|    d_learning_rate    | 3.03e-05   |
|    entropy_loss       | -0.625     |
|    explained_variance | 0.99778026 |
|    n_updates          | 5999       |
|    policy_loss        | -0.281     |
|    std                | 0.111      |
|    u_grad_norm        | 0.0945     |
|    u_learning_rate    | 3.03e-06   |
|    v_grad_norm        | 0.983      |
|    v_learning_rate    | 8.33e-09   |
|    value_loss         | 0.69       |
--------------------------------------
-------------------------------------
| rollout/              |           |
|    ep_len_mean        | 500       |
|    ep_rew_mean        | -1.16e+03 |
| time/                 |           |
|    fps                | 58        |
|    iterations         | 6000      |
|    time_elapsed       | 825       |
|    total_timesteps    | 48000     |
| train/                |           |
|    d_grad_norm        | 0.0304    |
|    d_learning_rate    | 3.03e-05  |
|    entropy_loss       | 0.473     |
|    explained_variance | -56.68564 |
|    n_updates          | 5999      |
|    policy_loss        | 0.311     |
|    std                | 0.241     |
|    u_grad_norm        | 0.399     |
|    u_learning_rate    | 3.03e-06  |
|    v_grad_norm        | 0.907     |
|    v_learning_rate    | 8.33e-09  |
|    value_loss         | 0.263     |
-------------------------------------
--------------------------------------
| rollout/              |            |
|    ep_len_mean        | 500        |
|    ep_rew_mean        | -3.79e+03  |
| time/                 |            |
|    fps                | 58         |
|    iterations         | 6000       |
|    time_elapsed       | 825        |
|    total_timesteps    | 48000      |
| train/                |            |
|    d_grad_norm        | 0.02       |
|    d_learning_rate    | 3.03e-05   |
|    entropy_loss       | -0.722     |
|    explained_variance | 0.87110305 |
|    n_updates          | 5999       |
|    policy_loss        | 1.52       |
|    std                | 0.147      |
|    u_grad_norm        | 0.125      |
|    u_learning_rate    | 3.03e-06   |
|    v_grad_norm        | 0.913      |
|    v_learning_rate    | 8.33e-09   |
|    value_loss         | 4.55       |
--------------------------------------
--------------------------------------
| rollout/              |            |
|    ep_len_mean        | 500        |
|    ep_rew_mean        | -392       |
| time/                 |            |
|    fps                | 58         |
|    iterations         | 6100       |
|    time_elapsed       | 833        |
|    total_timesteps    | 48800      |
| train/                |            |
|    d_grad_norm        | 0.00936    |
|    d_learning_rate    | 3e-05      |
|    entropy_loss       | 0.88       |
|    explained_variance | -0.8601047 |
|    n_updates          | 6099       |
|    policy_loss        | 0.00162    |
|    std                | 0.186      |
|    u_grad_norm        | 0.686      |
|    u_learning_rate    | 3e-06      |
|    v_grad_norm        | 0.116      |
|    v_learning_rate    | 8.2e-09    |
|    value_loss         | 8.47e-06   |
--------------------------------------
-------------------------------------
| rollout/              |           |
|    ep_len_mean        | 500       |
|    ep_rew_mean        | -1e+03    |
| time/                 |           |
|    fps                | 58        |
|    iterations         | 6100      |
|    time_elapsed       | 834       |
|    total_timesteps    | 48800     |
| train/                |           |
|    d_grad_norm        | 0.0092    |
|    d_learning_rate    | 3e-05     |
|    entropy_loss       | -0.431    |
|    explained_variance | 0.9891189 |
|    n_updates          | 6099      |
|    policy_loss        | -0.0955   |
|    std                | 0.202     |
|    u_grad_norm        | 0.247     |
|    u_learning_rate    | 3e-06     |
|    v_grad_norm        | 0.955     |
|    v_learning_rate    | 8.2e-09   |
|    value_loss         | 0.272     |
-------------------------------------
--------------------------------------
| rollout/              |            |
|    ep_len_mean        | 500        |
|    ep_rew_mean        | -3.68e+03  |
| time/                 |            |
|    fps                | 58         |
|    iterations         | 6100       |
|    time_elapsed       | 834        |
|    total_timesteps    | 48800      |
| train/                |            |
|    d_grad_norm        | 0.0199     |
|    d_learning_rate    | 3e-05      |
|    entropy_loss       | -1.02      |
|    explained_variance | 0.64806867 |
|    n_updates          | 6099       |
|    policy_loss        | -2.7       |
|    std                | 0.141      |
|    u_grad_norm        | 0.12       |
|    u_learning_rate    | 3e-06      |
|    v_grad_norm        | 0.791      |
|    v_learning_rate    | 8.2e-09    |
|    value_loss         | 20.5       |
--------------------------------------
-------------------------------------
| rollout/              |           |
|    ep_len_mean        | 500       |
|    ep_rew_mean        | -2.97e+03 |
| time/                 |           |
|    fps                | 58        |
|    iterations         | 6100      |
|    time_elapsed       | 834       |
|    total_timesteps    | 48800     |
| train/                |           |
|    d_grad_norm        | 0.00454   |
|    d_learning_rate    | 3e-05     |
|    entropy_loss       | -0.103    |
|    explained_variance | 0.992946  |
|    n_updates          | 6099      |
|    policy_loss        | -0.291    |
|    std                | 0.117     |
|    u_grad_norm        | 0.209     |
|    u_learning_rate    | 3e-06     |
|    v_grad_norm        | 0.731     |
|    v_learning_rate    | 8.2e-09   |
|    value_loss         | 0.39      |
-------------------------------------
--------------------------------------
| rollout/              |            |
|    ep_len_mean        | 500        |
|    ep_rew_mean        | -3.62e+03  |
| time/                 |            |
|    fps                | 58         |
|    iterations         | 6100       |
|    time_elapsed       | 834        |
|    total_timesteps    | 48800      |
| train/                |            |
|    d_grad_norm        | 0.0301     |
|    d_learning_rate    | 3e-05      |
|    entropy_loss       | -1.5       |
|    explained_variance | 0.95745933 |
|    n_updates          | 6099       |
|    policy_loss        | -1.84      |
|    std                | 0.153      |
|    u_grad_norm        | 0.0241     |
|    u_learning_rate    | 3e-06      |
|    v_grad_norm        | 0.962      |
|    v_learning_rate    | 8.2e-09    |
|    value_loss         | 4.46       |
--------------------------------------
--------------------------------------
| rollout/              |            |
|    ep_len_mean        | 500        |
|    ep_rew_mean        | -1.35e+03  |
| time/                 |            |
|    fps                | 58         |
|    iterations         | 6100       |
|    time_elapsed       | 834        |
|    total_timesteps    | 48800      |
| train/                |            |
|    d_grad_norm        | 0.00626    |
|    d_learning_rate    | 3e-05      |
|    entropy_loss       | 0.441      |
|    explained_variance | 0.16881007 |
|    n_updates          | 6099       |
|    policy_loss        | 0.0232     |
|    std                | 0.239      |
|    u_grad_norm        | 0.783      |
|    u_learning_rate    | 3e-06      |
|    v_grad_norm        | 0.614      |
|    v_learning_rate    | 8.2e-09    |
|    value_loss         | 0.00165    |
--------------------------------------
-------------------------------------
| rollout/              |           |
|    ep_len_mean        | 500       |
|    ep_rew_mean        | -1.68e+03 |
| time/                 |           |
|    fps                | 58        |
|    iterations         | 6100      |
|    time_elapsed       | 834       |
|    total_timesteps    | 48800     |
| train/                |           |
|    d_grad_norm        | 0.0468    |
|    d_learning_rate    | 3e-05     |
|    entropy_loss       | -0.00348  |
|    explained_variance | 0.7524293 |
|    n_updates          | 6099      |
|    policy_loss        | 0.0799    |
|    std                | 0.225     |
|    u_grad_norm        | 0.322     |
|    u_learning_rate    | 3e-06     |
|    v_grad_norm        | 0.809     |
|    v_learning_rate    | 8.2e-09   |
|    value_loss         | 10.5      |
-------------------------------------
-------------------------------------
| rollout/              |           |
|    ep_len_mean        | 500       |
|    ep_rew_mean        | -2.81e+03 |
| time/                 |           |
|    fps                | 58        |
|    iterations         | 6100      |
|    time_elapsed       | 834       |
|    total_timesteps    | 48800     |
| train/                |           |
|    d_grad_norm        | 0.0357    |
|    d_learning_rate    | 3e-05     |
|    entropy_loss       | -0.6      |
|    explained_variance | 0.9991409 |
|    n_updates          | 6099      |
|    policy_loss        | -0.0333   |
|    std                | 0.111     |
|    u_grad_norm        | 0.0341    |
|    u_learning_rate    | 3e-06     |
|    v_grad_norm        | 0.999     |
|    v_learning_rate    | 8.2e-09   |
|    value_loss         | 0.0827    |
-------------------------------------
--------------------------------------
| rollout/              |            |
|    ep_len_mean        | 500        |
|    ep_rew_mean        | -1.16e+03  |
| time/                 |            |
|    fps                | 58         |
|    iterations         | 6100       |
|    time_elapsed       | 834        |
|    total_timesteps    | 48800      |
| train/                |            |
|    d_grad_norm        | 0.00827    |
|    d_learning_rate    | 3e-05      |
|    entropy_loss       | -1.63      |
|    explained_variance | 0.99898297 |
|    n_updates          | 6099       |
|    policy_loss        | 0.27       |
|    std                | 0.241      |
|    u_grad_norm        | 0.0471     |
|    u_learning_rate    | 3e-06      |
|    v_grad_norm        | 0.853      |
|    v_learning_rate    | 8.2e-09    |
|    value_loss         | 0.0743     |
--------------------------------------
-------------------------------------
| rollout/              |           |
|    ep_len_mean        | 500       |
|    ep_rew_mean        | -3.79e+03 |
| time/                 |           |
|    fps                | 58        |
|    iterations         | 6100      |
|    time_elapsed       | 834       |
|    total_timesteps    | 48800     |
| train/                |           |
|    d_grad_norm        | 0.0311    |
|    d_learning_rate    | 3e-05     |
|    entropy_loss       | -0.523    |
|    explained_variance | 0.9224613 |
|    n_updates          | 6099      |
|    policy_loss        | 0.235     |
|    std                | 0.147     |
|    u_grad_norm        | 0.0992    |
|    u_learning_rate    | 3e-06     |
|    v_grad_norm        | 0.957     |
|    v_learning_rate    | 8.2e-09   |
|    value_loss         | 0.841     |
-------------------------------------
--------------------------------------
| rollout/              |            |
|    ep_len_mean        | 500        |
|    ep_rew_mean        | -386       |
| time/                 |            |
|    fps                | 58         |
|    iterations         | 6200       |
|    time_elapsed       | 842        |
|    total_timesteps    | 49600      |
| train/                |            |
|    d_grad_norm        | 0.0107     |
|    d_learning_rate    | 2.96e-05   |
|    entropy_loss       | 0.863      |
|    explained_variance | -23.600258 |
|    n_updates          | 6199       |
|    policy_loss        | 0.00199    |
|    std                | 0.186      |
|    u_grad_norm        | 0.336      |
|    u_learning_rate    | 2.96e-06   |
|    v_grad_norm        | 0.0685     |
|    v_learning_rate    | 8.07e-09   |
|    value_loss         | 4.23e-05   |
--------------------------------------
-------------------------------------
| rollout/              |           |
|    ep_len_mean        | 500       |
|    ep_rew_mean        | -1.02e+03 |
| time/                 |           |
|    fps                | 58        |
|    iterations         | 6200      |
|    time_elapsed       | 842       |
|    total_timesteps    | 49600     |
| train/                |           |
|    d_grad_norm        | 0.00335   |
|    d_learning_rate    | 2.96e-05  |
|    entropy_loss       | 0.204     |
|    explained_variance | 0.9727838 |
|    n_updates          | 6199      |
|    policy_loss        | 0.744     |
|    std                | 0.202     |
|    u_grad_norm        | 0.143     |
|    u_learning_rate    | 2.96e-06  |
|    v_grad_norm        | 0.913     |
|    v_learning_rate    | 8.07e-09  |
|    value_loss         | 3.08      |
-------------------------------------
-------------------------------------
| rollout/              |           |
|    ep_len_mean        | 500       |
|    ep_rew_mean        | -2.97e+03 |
| time/                 |           |
|    fps                | 58        |
|    iterations         | 6200      |
|    time_elapsed       | 842       |
|    total_timesteps    | 49600     |
| train/                |           |
|    d_grad_norm        | 0.00866   |
|    d_learning_rate    | 2.96e-05  |
|    entropy_loss       | 0.121     |
|    explained_variance | 0.9062735 |
|    n_updates          | 6199      |
|    policy_loss        | -0.543    |
|    std                | 0.117     |
|    u_grad_norm        | 0.21      |
|    u_learning_rate    | 2.96e-06  |
|    v_grad_norm        | 0.792     |
|    v_learning_rate    | 8.07e-09  |
|    value_loss         | 3.91      |
-------------------------------------
--------------------------------------
| rollout/              |            |
|    ep_len_mean        | 500        |
|    ep_rew_mean        | -3.63e+03  |
| time/                 |            |
|    fps                | 58         |
|    iterations         | 6200       |
|    time_elapsed       | 842        |
|    total_timesteps    | 49600      |
| train/                |            |
|    d_grad_norm        | 0.0396     |
|    d_learning_rate    | 2.96e-05   |
|    entropy_loss       | -1.68      |
|    explained_variance | 0.27240276 |
|    n_updates          | 6199       |
|    policy_loss        | -7.72      |
|    std                | 0.153      |
|    u_grad_norm        | 0.0998     |
|    u_learning_rate    | 2.96e-06   |
|    v_grad_norm        | 0.96       |
|    v_learning_rate    | 8.07e-09   |
|    value_loss         | 19.2       |
--------------------------------------
--------------------------------------
| rollout/              |            |
|    ep_len_mean        | 500        |
|    ep_rew_mean        | -3.68e+03  |
| time/                 |            |
|    fps                | 58         |
|    iterations         | 6200       |
|    time_elapsed       | 842        |
|    total_timesteps    | 49600      |
| train/                |            |
|    d_grad_norm        | 0.0186     |
|    d_learning_rate    | 2.96e-05   |
|    entropy_loss       | -1.03      |
|    explained_variance | 0.98101556 |
|    n_updates          | 6199       |
|    policy_loss        | -2.25      |
|    std                | 0.141      |
|    u_grad_norm        | 0.205      |
|    u_learning_rate    | 2.96e-06   |
|    v_grad_norm        | 0.774      |
|    v_learning_rate    | 8.07e-09   |
|    value_loss         | 6.42       |
--------------------------------------
-------------------------------------
| rollout/              |           |
|    ep_len_mean        | 500       |
|    ep_rew_mean        | -2.81e+03 |
| time/                 |           |
|    fps                | 58        |
|    iterations         | 6200      |
|    time_elapsed       | 842       |
|    total_timesteps    | 49600     |
| train/                |           |
|    d_grad_norm        | 0.0335    |
|    d_learning_rate    | 2.96e-05  |
|    entropy_loss       | -0.895    |
|    explained_variance | 0.9879153 |
|    n_updates          | 6199      |
|    policy_loss        | 0.0102    |
|    std                | 0.111     |
|    u_grad_norm        | 0.133     |
|    u_learning_rate    | 2.96e-06  |
|    v_grad_norm        | 0.779     |
|    v_learning_rate    | 8.07e-09  |
|    value_loss         | 0.371     |
-------------------------------------
-------------------------------------
| rollout/              |           |
|    ep_len_mean        | 500       |
|    ep_rew_mean        | -1.33e+03 |
| time/                 |           |
|    fps                | 58        |
|    iterations         | 6200      |
|    time_elapsed       | 842       |
|    total_timesteps    | 49600     |
| train/                |           |
|    d_grad_norm        | 0.0203    |
|    d_learning_rate    | 2.96e-05  |
|    entropy_loss       | -1.3      |
|    explained_variance | 0.9995064 |
|    n_updates          | 6199      |
|    policy_loss        | -0.201    |
|    std                | 0.239     |
|    u_grad_norm        | 0.0818    |
|    u_learning_rate    | 2.96e-06  |
|    v_grad_norm        | 0.974     |
|    v_learning_rate    | 8.07e-09  |
|    value_loss         | 0.0652    |
-------------------------------------
-------------------------------------
| rollout/              |           |
|    ep_len_mean        | 500       |
|    ep_rew_mean        | -1.69e+03 |
| time/                 |           |
|    fps                | 58        |
|    iterations         | 6200      |
|    time_elapsed       | 843       |
|    total_timesteps    | 49600     |
| train/                |           |
|    d_grad_norm        | 0.00804   |
|    d_learning_rate    | 2.96e-05  |
|    entropy_loss       | -1.14     |
|    explained_variance | 0.9968089 |
|    n_updates          | 6199      |
|    policy_loss        | 0.115     |
|    std                | 0.225     |
|    u_grad_norm        | 0.0795    |
|    u_learning_rate    | 2.96e-06  |
|    v_grad_norm        | 0.881     |
|    v_learning_rate    | 8.07e-09  |
|    value_loss         | 0.101     |
-------------------------------------
--------------------------------------
| rollout/              |            |
|    ep_len_mean        | 500        |
|    ep_rew_mean        | -1.17e+03  |
| time/                 |            |
|    fps                | 58         |
|    iterations         | 6200       |
|    time_elapsed       | 843        |
|    total_timesteps    | 49600      |
| train/                |            |
|    d_grad_norm        | 0.0142     |
|    d_learning_rate    | 2.96e-05   |
|    entropy_loss       | -1.47      |
|    explained_variance | 0.94799733 |
|    n_updates          | 6199       |
|    policy_loss        | -4.54      |
|    std                | 0.241      |
|    u_grad_norm        | 0.0637     |
|    u_learning_rate    | 2.96e-06   |
|    v_grad_norm        | 0.767      |
|    v_learning_rate    | 8.07e-09   |
|    value_loss         | 7.78       |
--------------------------------------
-------------------------------------
| rollout/              |           |
|    ep_len_mean        | 500       |
|    ep_rew_mean        | -3.79e+03 |
| time/                 |           |
|    fps                | 58        |
|    iterations         | 6200      |
|    time_elapsed       | 843       |
|    total_timesteps    | 49600     |
| train/                |           |
|    d_grad_norm        | 0.0274    |
|    d_learning_rate    | 2.96e-05  |
|    entropy_loss       | -0.485    |
|    explained_variance | 0.981648  |
|    n_updates          | 6199      |
|    policy_loss        | 0.294     |
|    std                | 0.147     |
|    u_grad_norm        | 0.0943    |
|    u_learning_rate    | 2.96e-06  |
|    v_grad_norm        | 0.939     |
|    v_learning_rate    | 8.07e-09  |
|    value_loss         | 2.01      |
-------------------------------------
Eval num_timesteps=50000, episode_reward=-342.38 +/- 383.32
Episode length: 500.00 +/- 0.00
--------------------------------------
| eval/                 |            |
|    mean_ep_length     | 500        |
|    mean_reward        | -342       |
| time/                 |            |
|    total_timesteps    | 50000      |
| train/                |            |
|    d_grad_norm        | 0.00634    |
|    d_learning_rate    | 2.95e-05   |
|    entropy_loss       | 0.878      |
|    explained_variance | -1.9273071 |
|    n_updates          | 6249       |
|    policy_loss        | 6.6e-05    |
|    std                | 0.186      |
|    u_grad_norm        | 0.401      |
|    u_learning_rate    | 2.95e-06   |
|    v_grad_norm        | 0.116      |
|    v_learning_rate    | 8e-09      |
|    value_loss         | 2.14e-05   |
--------------------------------------
Eval num_timesteps=50000, episode_reward=-2077.24 +/- 1247.74
Episode length: 500.00 +/- 0.00
--------------------------------------
| eval/                 |            |
|    mean_ep_length     | 500        |
|    mean_reward        | -2.08e+03  |
| time/                 |            |
|    total_timesteps    | 50000      |
| train/                |            |
|    d_grad_norm        | 0.0318     |
|    d_learning_rate    | 2.95e-05   |
|    entropy_loss       | 0.987      |
|    explained_variance | -7.0087776 |
|    n_updates          | 6249       |
|    policy_loss        | -0.00495   |
|    std                | 0.202      |
|    u_grad_norm        | 0.625      |
|    u_learning_rate    | 2.95e-06   |
|    v_grad_norm        | 0.282      |
|    v_learning_rate    | 8e-09      |
|    value_loss         | 9.69e-06   |
--------------------------------------
Eval num_timesteps=50000, episode_reward=-3718.88 +/- 493.68
Episode length: 500.00 +/- 0.00
--------------------------------------
| eval/                 |            |
|    mean_ep_length     | 500        |
|    mean_reward        | -3.72e+03  |
| time/                 |            |
|    total_timesteps    | 50000      |
| train/                |            |
|    d_grad_norm        | 0.00965    |
|    d_learning_rate    | 2.95e-05   |
|    entropy_loss       | -1.53      |
|    explained_variance | 0.99720603 |
|    n_updates          | 6249       |
|    policy_loss        | -1.79      |
|    std                | 0.153      |
|    u_grad_norm        | 0.133      |
|    u_learning_rate    | 2.95e-06   |
|    v_grad_norm        | 0.954      |
|    v_learning_rate    | 8e-09      |
|    value_loss         | 0.856      |
--------------------------------------
Eval num_timesteps=50000, episode_reward=-2902.32 +/- 226.06
Episode length: 500.00 +/- 0.00
-------------------------------------
| eval/                 |           |
|    mean_ep_length     | 500       |
|    mean_reward        | -2.9e+03  |
| time/                 |           |
|    total_timesteps    | 50000     |
| train/                |           |
|    d_grad_norm        | 0.00243   |
|    d_learning_rate    | 2.95e-05  |
|    entropy_loss       | -0.563    |
|    explained_variance | 0.9995397 |
|    n_updates          | 6249      |
|    policy_loss        | 0.0809    |
|    std                | 0.117     |
|    u_grad_norm        | 0.165     |
|    u_learning_rate    | 2.95e-06  |
|    v_grad_norm        | 0.866     |
|    v_learning_rate    | 8e-09     |
|    value_loss         | 0.0578    |
-------------------------------------
Eval num_timesteps=50000, episode_reward=-3694.62 +/- 68.77
Episode length: 500.00 +/- 0.00
--------------------------------------
| eval/                 |            |
|    mean_ep_length     | 500        |
|    mean_reward        | -3.69e+03  |
| time/                 |            |
|    total_timesteps    | 50000      |
| train/                |            |
|    d_grad_norm        | 0.0068     |
|    d_learning_rate    | 2.95e-05   |
|    entropy_loss       | -1.38      |
|    explained_variance | 0.99337447 |
|    n_updates          | 6249       |
|    policy_loss        | 2.22       |
|    std                | 0.141      |
|    u_grad_norm        | 0.102      |
|    u_learning_rate    | 2.95e-06   |
|    v_grad_norm        | 0.842      |
|    v_learning_rate    | 8e-09      |
|    value_loss         | 1.85       |
--------------------------------------
Eval num_timesteps=50000, episode_reward=-1170.92 +/- 849.82
Episode length: 500.00 +/- 0.00
--------------------------------------
| eval/                 |            |
|    mean_ep_length     | 500        |
|    mean_reward        | -1.17e+03  |
| time/                 |            |
|    total_timesteps    | 50000      |
| train/                |            |
|    d_grad_norm        | 0.0022     |
|    d_learning_rate    | 2.95e-05   |
|    entropy_loss       | 0.37       |
|    explained_variance | -3.8497334 |
|    n_updates          | 6249       |
|    policy_loss        | 0.000718   |
|    std                | 0.239      |
|    u_grad_norm        | 0.0149     |
|    u_learning_rate    | 2.95e-06   |
|    v_grad_norm        | 0.71       |
|    v_learning_rate    | 8e-09      |
|    value_loss         | 2.64e-05   |
--------------------------------------
Eval num_timesteps=50000, episode_reward=-2774.15 +/- 407.65
Episode length: 500.00 +/- 0.00
--------------------------------------
| eval/                 |            |
|    mean_ep_length     | 500        |
|    mean_reward        | -2.77e+03  |
| time/                 |            |
|    total_timesteps    | 50000      |
| train/                |            |
|    d_grad_norm        | 0.00754    |
|    d_learning_rate    | 2.95e-05   |
|    entropy_loss       | -1.44      |
|    explained_variance | 0.99866056 |
|    n_updates          | 6249       |
|    policy_loss        | 0.812      |
|    std                | 0.111      |
|    u_grad_norm        | 0.101      |
|    u_learning_rate    | 2.95e-06   |
|    v_grad_norm        | 0.888      |
|    v_learning_rate    | 8e-09      |
|    value_loss         | 0.714      |
--------------------------------------
Eval num_timesteps=50000, episode_reward=-2173.14 +/- 543.02
Episode length: 500.00 +/- 0.00
--------------------------------------
| eval/                 |            |
|    mean_ep_length     | 500        |
|    mean_reward        | -2.17e+03  |
| time/                 |            |
|    total_timesteps    | 50000      |
| train/                |            |
|    d_grad_norm        | 0.024      |
|    d_learning_rate    | 2.95e-05   |
|    entropy_loss       | -0.0058    |
|    explained_variance | 0.96500844 |
|    n_updates          | 6249       |
|    policy_loss        | -0.0337    |
|    std                | 0.225      |
|    u_grad_norm        | 0.249      |
|    u_learning_rate    | 2.95e-06   |
|    v_grad_norm        | 0.803      |
|    v_learning_rate    | 8e-09      |
|    value_loss         | 9.64       |
--------------------------------------
Eval num_timesteps=50000, episode_reward=-1833.83 +/- 1445.29
Episode length: 500.00 +/- 0.00
--------------------------------------
| eval/                 |            |
|    mean_ep_length     | 500        |
|    mean_reward        | -1.83e+03  |
| time/                 |            |
|    total_timesteps    | 50000      |
| train/                |            |
|    d_grad_norm        | 0.00875    |
|    d_learning_rate    | 2.95e-05   |
|    entropy_loss       | -1.57      |
|    explained_variance | 0.99925196 |
|    n_updates          | 6249       |
|    policy_loss        | 0.0945     |
|    std                | 0.241      |
|    u_grad_norm        | 0.0251     |
|    u_learning_rate    | 2.95e-06   |
|    v_grad_norm        | 0.832      |
|    v_learning_rate    | 8e-09      |
|    value_loss         | 0.051      |
--------------------------------------
Eval num_timesteps=50000, episode_reward=-3833.11 +/- 197.70
Episode length: 500.00 +/- 0.00
---------------------------------------
| eval/                 |             |
|    mean_ep_length     | 500         |
|    mean_reward        | -3.83e+03   |
| time/                 |             |
|    total_timesteps    | 50000       |
| train/                |             |
|    d_grad_norm        | 0.0939      |
|    d_learning_rate    | 2.95e-05    |
|    entropy_loss       | -0.0885     |
|    explained_variance | -0.97334623 |
|    n_updates          | 6249        |
|    policy_loss        | -0.672      |
|    std                | 0.147       |
|    u_grad_norm        | 0.23        |
|    u_learning_rate    | 2.95e-06    |
|    v_grad_norm        | 0.923       |
|    v_learning_rate    | 8e-09       |
|    value_loss         | 2.9         |
---------------------------------------
--------------------------------------
| rollout/              |            |
|    ep_len_mean        | 500        |
|    ep_rew_mean        | -384       |
| time/                 |            |
|    fps                | 53         |
|    iterations         | 6300       |
|    time_elapsed       | 943        |
|    total_timesteps    | 50400      |
| train/                |            |
|    d_grad_norm        | 0.00389    |
|    d_learning_rate    | 2.93e-05   |
|    entropy_loss       | 0.875      |
|    explained_variance | -5.4656987 |
|    n_updates          | 6299       |
|    policy_loss        | 0.00169    |
|    std                | 0.186      |
|    u_grad_norm        | 0.099      |
|    u_learning_rate    | 2.93e-06   |
|    v_grad_norm        | 0.0492     |
|    v_learning_rate    | 7.94e-09   |
|    value_loss         | 4.36e-05   |
--------------------------------------
--------------------------------------
| rollout/              |            |
|    ep_len_mean        | 500        |
|    ep_rew_mean        | -1.03e+03  |
| time/                 |            |
|    fps                | 53         |
|    iterations         | 6300       |
|    time_elapsed       | 944        |
|    total_timesteps    | 50400      |
| train/                |            |
|    d_grad_norm        | 0.0248     |
|    d_learning_rate    | 2.93e-05   |
|    entropy_loss       | 0.993      |
|    explained_variance | -34.352364 |
|    n_updates          | 6299       |
|    policy_loss        | -0.041     |
|    std                | 0.202      |
|    u_grad_norm        | 0.222      |
|    u_learning_rate    | 2.93e-06   |
|    v_grad_norm        | 0.958      |
|    v_learning_rate    | 7.94e-09   |
|    value_loss         | 0.00495    |
--------------------------------------
--------------------------------------
| rollout/              |            |
|    ep_len_mean        | 500        |
|    ep_rew_mean        | -3.63e+03  |
| time/                 |            |
|    fps                | 53         |
|    iterations         | 6300       |
|    time_elapsed       | 944        |
|    total_timesteps    | 50400      |
| train/                |            |
|    d_grad_norm        | 0.00696    |
|    d_learning_rate    | 2.93e-05   |
|    entropy_loss       | -1.82      |
|    explained_variance | 0.94687855 |
|    n_updates          | 6299       |
|    policy_loss        | 6.86       |
|    std                | 0.153      |
|    u_grad_norm        | 0.00352    |
|    u_learning_rate    | 2.93e-06   |
|    v_grad_norm        | 0.889      |
|    v_learning_rate    | 7.94e-09   |
|    value_loss         | 28.4       |
--------------------------------------
New best mean reward!
-------------------------------------
| rollout/              |           |
|    ep_len_mean        | 500       |
|    ep_rew_mean        | -2.97e+03 |
| time/                 |           |
|    fps                | 53        |
|    iterations         | 6300      |
|    time_elapsed       | 944       |
|    total_timesteps    | 50400     |
| train/                |           |
|    d_grad_norm        | 0.0054    |
|    d_learning_rate    | 2.93e-05  |
|    entropy_loss       | 0.108     |
|    explained_variance | 0.9959425 |
|    n_updates          | 6299      |
|    policy_loss        | -0.389    |
|    std                | 0.117     |
|    u_grad_norm        | 0.216     |
|    u_learning_rate    | 2.93e-06  |
|    v_grad_norm        | 0.784     |
|    v_learning_rate    | 7.94e-09  |
|    value_loss         | 2.21      |
-------------------------------------
--------------------------------------
| rollout/              |            |
|    ep_len_mean        | 500        |
|    ep_rew_mean        | -3.68e+03  |
| time/                 |            |
|    fps                | 53         |
|    iterations         | 6300       |
|    time_elapsed       | 944        |
|    total_timesteps    | 50400      |
| train/                |            |
|    d_grad_norm        | 0.00188    |
|    d_learning_rate    | 2.93e-05   |
|    entropy_loss       | -1.26      |
|    explained_variance | 0.99743307 |
|    n_updates          | 6299       |
|    policy_loss        | 3.39       |
|    std                | 0.141      |
|    u_grad_norm        | 0.215      |
|    u_learning_rate    | 2.93e-06   |
|    v_grad_norm        | 0.804      |
|    v_learning_rate    | 7.94e-09   |
|    value_loss         | 2.49       |
--------------------------------------
-------------------------------------
| rollout/              |           |
|    ep_len_mean        | 500       |
|    ep_rew_mean        | -1.33e+03 |
| time/                 |           |
|    fps                | 53        |
|    iterations         | 6300      |
|    time_elapsed       | 944       |
|    total_timesteps    | 50400     |
| train/                |           |
|    d_grad_norm        | 0.0169    |
|    d_learning_rate    | 2.93e-05  |
|    entropy_loss       | -1.28     |
|    explained_variance | 0.9936803 |
|    n_updates          | 6299      |
|    policy_loss        | -7.28     |
|    std                | 0.239     |
|    u_grad_norm        | 0.0626    |
|    u_learning_rate    | 2.93e-06  |
|    v_grad_norm        | 0.789     |
|    v_learning_rate    | 7.94e-09  |
|    value_loss         | 20.1      |
-------------------------------------
-------------------------------------
| rollout/              |           |
|    ep_len_mean        | 500       |
|    ep_rew_mean        | -1.69e+03 |
| time/                 |           |
|    fps                | 53        |
|    iterations         | 6300      |
|    time_elapsed       | 944       |
|    total_timesteps    | 50400     |
| train/                |           |
|    d_grad_norm        | 0.144     |
|    d_learning_rate    | 2.93e-05  |
|    entropy_loss       | -0.00922  |
|    explained_variance | 0.7925221 |
|    n_updates          | 6299      |
|    policy_loss        | -0.0601   |
|    std                | 0.225     |
|    u_grad_norm        | 0.208     |
|    u_learning_rate    | 2.93e-06  |
|    v_grad_norm        | 0.731     |
|    v_learning_rate    | 7.94e-09  |
|    value_loss         | 4.01      |
-------------------------------------
--------------------------------------
| rollout/              |            |
|    ep_len_mean        | 500        |
|    ep_rew_mean        | -2.81e+03  |
| time/                 |            |
|    fps                | 53         |
|    iterations         | 6300       |
|    time_elapsed       | 944        |
|    total_timesteps    | 50400      |
| train/                |            |
|    d_grad_norm        | 0.00826    |
|    d_learning_rate    | 2.93e-05   |
|    entropy_loss       | -1.55      |
|    explained_variance | 0.99953604 |
|    n_updates          | 6299       |
|    policy_loss        | -0.41      |
|    std                | 0.111      |
|    u_grad_norm        | 0.221      |
|    u_learning_rate    | 2.93e-06   |
|    v_grad_norm        | 0.855      |
|    v_learning_rate    | 7.94e-09   |
|    value_loss         | 0.0659     |
--------------------------------------
--------------------------------------
| rollout/              |            |
|    ep_len_mean        | 500        |
|    ep_rew_mean        | -1.19e+03  |
| time/                 |            |
|    fps                | 53         |
|    iterations         | 6300       |
|    time_elapsed       | 944        |
|    total_timesteps    | 50400      |
| train/                |            |
|    d_grad_norm        | 0.0756     |
|    d_learning_rate    | 2.93e-05   |
|    entropy_loss       | 0.475      |
|    explained_variance | -1.0184712 |
|    n_updates          | 6299       |
|    policy_loss        | 0.228      |
|    std                | 0.241      |
|    u_grad_norm        | 0.229      |
|    u_learning_rate    | 2.93e-06   |
|    v_grad_norm        | 0.961      |
|    v_learning_rate    | 7.94e-09   |
|    value_loss         | 0.0775     |
--------------------------------------
-------------------------------------
| rollout/              |           |
|    ep_len_mean        | 500       |
|    ep_rew_mean        | -3.78e+03 |
| time/                 |           |
|    fps                | 53        |
|    iterations         | 6300      |
|    time_elapsed       | 944       |
|    total_timesteps    | 50400     |
| train/                |           |
|    d_grad_norm        | 0.126     |
|    d_learning_rate    | 2.93e-05  |
|    entropy_loss       | 0.337     |
|    explained_variance | 0.7963498 |
|    n_updates          | 6299      |
|    policy_loss        | -0.67     |
|    std                | 0.147     |
|    u_grad_norm        | 0.171     |
|    u_learning_rate    | 2.93e-06  |
|    v_grad_norm        | 0.898     |
|    v_learning_rate    | 7.94e-09  |
|    value_loss         | 1.09      |
-------------------------------------
--------------------------------------
| rollout/              |            |
|    ep_len_mean        | 500        |
|    ep_rew_mean        | -380       |
| time/                 |            |
|    fps                | 53         |
|    iterations         | 6400       |
|    time_elapsed       | 952        |
|    total_timesteps    | 51200      |
| train/                |            |
|    d_grad_norm        | 0.0158     |
|    d_learning_rate    | 2.9e-05    |
|    entropy_loss       | 0.874      |
|    explained_variance | -11.655668 |
|    n_updates          | 6399       |
|    policy_loss        | 0.00304    |
|    std                | 0.186      |
|    u_grad_norm        | 0.153      |
|    u_learning_rate    | 2.9e-06    |
|    v_grad_norm        | 0.467      |
|    v_learning_rate    | 7.81e-09   |
|    value_loss         | 1.35e-05   |
--------------------------------------
-------------------------------------
| rollout/              |           |
|    ep_len_mean        | 500       |
|    ep_rew_mean        | -1.02e+03 |
| time/                 |           |
|    fps                | 53        |
|    iterations         | 6400      |
|    time_elapsed       | 952       |
|    total_timesteps    | 51200     |
| train/                |           |
|    d_grad_norm        | 0.0327    |
|    d_learning_rate    | 2.9e-05   |
|    entropy_loss       | -1.67     |
|    explained_variance | 0.9996844 |
|    n_updates          | 6399      |
|    policy_loss        | -0.248    |
|    std                | 0.202     |
|    u_grad_norm        | 0.0458    |
|    u_learning_rate    | 2.9e-06   |
|    v_grad_norm        | 0.966     |
|    v_learning_rate    | 7.81e-09  |
|    value_loss         | 0.0664    |
-------------------------------------
-------------------------------------
| rollout/              |           |
|    ep_len_mean        | 500       |
|    ep_rew_mean        | -3.63e+03 |
| time/                 |           |
|    fps                | 53        |
|    iterations         | 6400      |
|    time_elapsed       | 952       |
|    total_timesteps    | 51200     |
| train/                |           |
|    d_grad_norm        | 0.0852    |
|    d_learning_rate    | 2.9e-05   |
|    entropy_loss       | -1.42     |
|    explained_variance | 0.9792084 |
|    n_updates          | 6399      |
|    policy_loss        | -1.72     |
|    std                | 0.153     |
|    u_grad_norm        | 0.0904    |
|    u_learning_rate    | 2.9e-06   |
|    v_grad_norm        | 0.964     |
|    v_learning_rate    | 7.81e-09  |
|    value_loss         | 3.14      |
-------------------------------------
--------------------------------------
| rollout/              |            |
|    ep_len_mean        | 500        |
|    ep_rew_mean        | -1.73e+03  |
| time/                 |            |
|    fps                | 53         |
|    iterations         | 6400       |
|    time_elapsed       | 953        |
|    total_timesteps    | 51200      |
| train/                |            |
|    d_grad_norm        | 0.00746    |
|    d_learning_rate    | 2.9e-05    |
|    entropy_loss       | 1.29       |
|    explained_variance | -4.7640285 |
|    n_updates          | 6399       |
|    policy_loss        | 0.028      |
|    std                | 0.225      |
|    u_grad_norm        | 0.619      |
|    u_learning_rate    | 2.9e-06    |
|    v_grad_norm        | 0.774      |
|    v_learning_rate    | 7.81e-09   |
|    value_loss         | 0.000184   |
--------------------------------------
-------------------------------------
| rollout/              |           |
|    ep_len_mean        | 500       |
|    ep_rew_mean        | -2.97e+03 |
| time/                 |           |
|    fps                | 53        |
|    iterations         | 6400      |
|    time_elapsed       | 953       |
|    total_timesteps    | 51200     |
| train/                |           |
|    d_grad_norm        | 0.0308    |
|    d_learning_rate    | 2.9e-05   |
|    entropy_loss       | -0.173    |
|    explained_variance | 0.9992948 |
|    n_updates          | 6399      |
|    policy_loss        | -0.0284   |
|    std                | 0.117     |
|    u_grad_norm        | 0.0655    |
|    u_learning_rate    | 2.9e-06   |
|    v_grad_norm        | 0.844     |
|    v_learning_rate    | 7.81e-09  |
|    value_loss         | 0.128     |
-------------------------------------
-------------------------------------
| rollout/              |           |
|    ep_len_mean        | 500       |
|    ep_rew_mean        | -1.32e+03 |
| time/                 |           |
|    fps                | 53        |
|    iterations         | 6400      |
|    time_elapsed       | 953       |
|    total_timesteps    | 51200     |
| train/                |           |
|    d_grad_norm        | 0.0415    |
|    d_learning_rate    | 2.9e-05   |
|    entropy_loss       | -1.14     |
|    explained_variance | 0.6346507 |
|    n_updates          | 6399      |
|    policy_loss        | -5.03     |
|    std                | 0.239     |
|    u_grad_norm        | 0.0518    |
|    u_learning_rate    | 2.9e-06   |
|    v_grad_norm        | 0.784     |
|    v_learning_rate    | 7.81e-09  |
|    value_loss         | 22.5      |
-------------------------------------
-------------------------------------
| rollout/              |           |
|    ep_len_mean        | 500       |
|    ep_rew_mean        | -3.68e+03 |
| time/                 |           |
|    fps                | 53        |
|    iterations         | 6400      |
|    time_elapsed       | 953       |
|    total_timesteps    | 51200     |
| train/                |           |
|    d_grad_norm        | 0.00826   |
|    d_learning_rate    | 2.9e-05   |
|    entropy_loss       | -1.09     |
|    explained_variance | 0.9916102 |
|    n_updates          | 6399      |
|    policy_loss        | -0.251    |
|    std                | 0.141     |
|    u_grad_norm        | 0.0773    |
|    u_learning_rate    | 2.9e-06   |
|    v_grad_norm        | 0.779     |
|    v_learning_rate    | 7.81e-09  |
|    value_loss         | 1.74      |
-------------------------------------
--------------------------------------
| rollout/              |            |
|    ep_len_mean        | 500        |
|    ep_rew_mean        | -1.19e+03  |
| time/                 |            |
|    fps                | 53         |
|    iterations         | 6400       |
|    time_elapsed       | 953        |
|    total_timesteps    | 51200      |
| train/                |            |
|    d_grad_norm        | 0.0449     |
|    d_learning_rate    | 2.9e-05    |
|    entropy_loss       | 0.463      |
|    explained_variance | -124.02495 |
|    n_updates          | 6399       |
|    policy_loss        | 0.256      |
|    std                | 0.241      |
|    u_grad_norm        | 0.534      |
|    u_learning_rate    | 2.9e-06    |
|    v_grad_norm        | 0.843      |
|    v_learning_rate    | 7.81e-09   |
|    value_loss         | 0.369      |
--------------------------------------
-------------------------------------
| rollout/              |           |
|    ep_len_mean        | 500       |
|    ep_rew_mean        | -2.81e+03 |
| time/                 |           |
|    fps                | 53        |
|    iterations         | 6400      |
|    time_elapsed       | 953       |
|    total_timesteps    | 51200     |
| train/                |           |
|    d_grad_norm        | 0.0149    |
|    d_learning_rate    | 2.9e-05   |
|    entropy_loss       | -0.283    |
|    explained_variance | 0.9974091 |
|    n_updates          | 6399      |
|    policy_loss        | -0.0243   |
|    std                | 0.111     |
|    u_grad_norm        | 0.078     |
|    u_learning_rate    | 2.9e-06   |
|    v_grad_norm        | 0.959     |
|    v_learning_rate    | 7.81e-09  |
|    value_loss         | 0.235     |
-------------------------------------
-------------------------------------
| rollout/              |           |
|    ep_len_mean        | 500       |
|    ep_rew_mean        | -3.78e+03 |
| time/                 |           |
|    fps                | 53        |
|    iterations         | 6400      |
|    time_elapsed       | 953       |
|    total_timesteps    | 51200     |
| train/                |           |
|    d_grad_norm        | 0.0144    |
|    d_learning_rate    | 2.9e-05   |
|    entropy_loss       | -0.453    |
|    explained_variance | 0.914991  |
|    n_updates          | 6399      |
|    policy_loss        | 0.137     |
|    std                | 0.147     |
|    u_grad_norm        | 0.0722    |
|    u_learning_rate    | 2.9e-06   |
|    v_grad_norm        | 0.975     |
|    v_learning_rate    | 7.81e-09  |
|    value_loss         | 0.845     |
-------------------------------------
------------------------------------
| rollout/              |          |
|    ep_len_mean        | 500      |
|    ep_rew_mean        | -383     |
| time/                 |          |
|    fps                | 54       |
|    iterations         | 6500     |
|    time_elapsed       | 961      |
|    total_timesteps    | 52000    |
| train/                |          |
|    d_grad_norm        | 0.00481  |
|    d_learning_rate    | 2.87e-05 |
|    entropy_loss       | 0.862    |
|    explained_variance | -7.86985 |
|    n_updates          | 6499     |
|    policy_loss        | 0.000872 |
|    std                | 0.186    |
|    u_grad_norm        | 0.0967   |
|    u_learning_rate    | 2.87e-06 |
|    v_grad_norm        | 0.105    |
|    v_learning_rate    | 7.69e-09 |
|    value_loss         | 3.69e-06 |
------------------------------------
--------------------------------------
| rollout/              |            |
|    ep_len_mean        | 500        |
|    ep_rew_mean        | -1.05e+03  |
| time/                 |            |
|    fps                | 54         |
|    iterations         | 6500       |
|    time_elapsed       | 961        |
|    total_timesteps    | 52000      |
| train/                |            |
|    d_grad_norm        | 0.0222     |
|    d_learning_rate    | 2.87e-05   |
|    entropy_loss       | -2.46      |
|    explained_variance | 0.99900407 |
|    n_updates          | 6499       |
|    policy_loss        | 0.503      |
|    std                | 0.202      |
|    u_grad_norm        | 0.029      |
|    u_learning_rate    | 2.87e-06   |
|    v_grad_norm        | 0.866      |
|    v_learning_rate    | 7.69e-09   |
|    value_loss         | 0.0925     |
--------------------------------------
-------------------------------------
| rollout/              |           |
|    ep_len_mean        | 500       |
|    ep_rew_mean        | -3.61e+03 |
| time/                 |           |
|    fps                | 54        |
|    iterations         | 6500      |
|    time_elapsed       | 961       |
|    total_timesteps    | 52000     |
| train/                |           |
|    d_grad_norm        | 0.0109    |
|    d_learning_rate    | 2.87e-05  |
|    entropy_loss       | -1.23     |
|    explained_variance | -3.63687  |
|    n_updates          | 6499      |
|    policy_loss        | 4.03      |
|    std                | 0.153     |
|    u_grad_norm        | 0.0247    |
|    u_learning_rate    | 2.87e-06  |
|    v_grad_norm        | 0.852     |
|    v_learning_rate    | 7.69e-09  |
|    value_loss         | 29.7      |
-------------------------------------
-------------------------------------
| rollout/              |           |
|    ep_len_mean        | 500       |
|    ep_rew_mean        | -1.72e+03 |
| time/                 |           |
|    fps                | 54        |
|    iterations         | 6500      |
|    time_elapsed       | 961       |
|    total_timesteps    | 52000     |
| train/                |           |
|    d_grad_norm        | 0.0045    |
|    d_learning_rate    | 2.87e-05  |
|    entropy_loss       | -1        |
|    explained_variance | 0.9987204 |
|    n_updates          | 6499      |
|    policy_loss        | 0.35      |
|    std                | 0.225     |
|    u_grad_norm        | 0.164     |
|    u_learning_rate    | 2.87e-06  |
|    v_grad_norm        | 0.981     |
|    v_learning_rate    | 7.69e-09  |
|    value_loss         | 0.163     |
-------------------------------------
-------------------------------------
| rollout/              |           |
|    ep_len_mean        | 500       |
|    ep_rew_mean        | -1.33e+03 |
| time/                 |           |
|    fps                | 54        |
|    iterations         | 6500      |
|    time_elapsed       | 961       |
|    total_timesteps    | 52000     |
| train/                |           |
|    d_grad_norm        | 0.0613    |
|    d_learning_rate    | 2.87e-05  |
|    entropy_loss       | -1.08     |
|    explained_variance | 0.939558  |
|    n_updates          | 6499      |
|    policy_loss        | -2.92     |
|    std                | 0.239     |
|    u_grad_norm        | 0.0338    |
|    u_learning_rate    | 2.87e-06  |
|    v_grad_norm        | 0.792     |
|    v_learning_rate    | 7.69e-09  |
|    value_loss         | 17        |
-------------------------------------
--------------------------------------
| rollout/              |            |
|    ep_len_mean        | 500        |
|    ep_rew_mean        | -1.17e+03  |
| time/                 |            |
|    fps                | 54         |
|    iterations         | 6500       |
|    time_elapsed       | 961        |
|    total_timesteps    | 52000      |
| train/                |            |
|    d_grad_norm        | 0.0208     |
|    d_learning_rate    | 2.87e-05   |
|    entropy_loss       | 0.419      |
|    explained_variance | -7.3468513 |
|    n_updates          | 6499       |
|    policy_loss        | -0.522     |
|    std                | 0.241      |
|    u_grad_norm        | 0.819      |
|    u_learning_rate    | 2.87e-06   |
|    v_grad_norm        | 0.555      |
|    v_learning_rate    | 7.69e-09   |
|    value_loss         | 0.786      |
--------------------------------------
-------------------------------------
| rollout/              |           |
|    ep_len_mean        | 500       |
|    ep_rew_mean        | -2.96e+03 |
| time/                 |           |
|    fps                | 54        |
|    iterations         | 6500      |
|    time_elapsed       | 961       |
|    total_timesteps    | 52000     |
| train/                |           |
|    d_grad_norm        | 0.00691   |
|    d_learning_rate    | 2.87e-05  |
|    entropy_loss       | 0.0338    |
|    explained_variance | 0.9985203 |
|    n_updates          | 6499      |
|    policy_loss        | 2.14      |
|    std                | 0.117     |
|    u_grad_norm        | 0.409     |
|    u_learning_rate    | 2.87e-06  |
|    v_grad_norm        | 0.7       |
|    v_learning_rate    | 7.69e-09  |
|    value_loss         | 4.64      |
-------------------------------------
-------------------------------------
| rollout/              |           |
|    ep_len_mean        | 500       |
|    ep_rew_mean        | -3.68e+03 |
| time/                 |           |
|    fps                | 54        |
|    iterations         | 6500      |
|    time_elapsed       | 961       |
|    total_timesteps    | 52000     |
| train/                |           |
|    d_grad_norm        | 0.00595   |
|    d_learning_rate    | 2.87e-05  |
|    entropy_loss       | -1.09     |
|    explained_variance | 0.8196538 |
|    n_updates          | 6499      |
|    policy_loss        | -1.88     |
|    std                | 0.141     |
|    u_grad_norm        | 0.105     |
|    u_learning_rate    | 2.87e-06  |
|    v_grad_norm        | 0.794     |
|    v_learning_rate    | 7.69e-09  |
|    value_loss         | 15.7      |
-------------------------------------
-------------------------------------
| rollout/              |           |
|    ep_len_mean        | 500       |
|    ep_rew_mean        | -2.81e+03 |
| time/                 |           |
|    fps                | 54        |
|    iterations         | 6500      |
|    time_elapsed       | 961       |
|    total_timesteps    | 52000     |
| train/                |           |
|    d_grad_norm        | 0.0114    |
|    d_learning_rate    | 2.87e-05  |
|    entropy_loss       | -0.603    |
|    explained_variance | 0.9978533 |
|    n_updates          | 6499      |
|    policy_loss        | -0.223    |
|    std                | 0.111     |
|    u_grad_norm        | 0.0819    |
|    u_learning_rate    | 2.87e-06  |
|    v_grad_norm        | 0.985     |
|    v_learning_rate    | 7.69e-09  |
|    value_loss         | 0.591     |
-------------------------------------
-------------------------------------
| rollout/              |           |
|    ep_len_mean        | 500       |
|    ep_rew_mean        | -3.79e+03 |
| time/                 |           |
|    fps                | 54        |
|    iterations         | 6500      |
|    time_elapsed       | 962       |
|    total_timesteps    | 52000     |
| train/                |           |
|    d_grad_norm        | 0.0431    |
|    d_learning_rate    | 2.87e-05  |
|    entropy_loss       | -0.749    |
|    explained_variance | 0.8675251 |
|    n_updates          | 6499      |
|    policy_loss        | 1.48      |
|    std                | 0.147     |
|    u_grad_norm        | 0.115     |
|    u_learning_rate    | 2.87e-06  |
|    v_grad_norm        | 0.915     |
|    v_learning_rate    | 7.69e-09  |
|    value_loss         | 4.86      |
-------------------------------------
--------------------------------------
| rollout/              |            |
|    ep_len_mean        | 500        |
|    ep_rew_mean        | -1.04e+03  |
| time/                 |            |
|    fps                | 54         |
|    iterations         | 6600       |
|    time_elapsed       | 970        |
|    total_timesteps    | 52800      |
| train/                |            |
|    d_grad_norm        | 0.0272     |
|    d_learning_rate    | 2.84e-05   |
|    entropy_loss       | -0.224     |
|    explained_variance | 0.99293137 |
|    n_updates          | 6599       |
|    policy_loss        | 0.35       |
|    std                | 0.202      |
|    u_grad_norm        | 0.076      |
|    u_learning_rate    | 2.84e-06   |
|    v_grad_norm        | 0.938      |
|    v_learning_rate    | 7.58e-09   |
|    value_loss         | 0.661      |
--------------------------------------
--------------------------------------
| rollout/              |            |
|    ep_len_mean        | 500        |
|    ep_rew_mean        | -383       |
| time/                 |            |
|    fps                | 54         |
|    iterations         | 6600       |
|    time_elapsed       | 970        |
|    total_timesteps    | 52800      |
| train/                |            |
|    d_grad_norm        | 0.000919   |
|    d_learning_rate    | 2.84e-05   |
|    entropy_loss       | 0.865      |
|    explained_variance | -0.8706919 |
|    n_updates          | 6599       |
|    policy_loss        | 0.00167    |
|    std                | 0.186      |
|    u_grad_norm        | 0.0123     |
|    u_learning_rate    | 2.84e-06   |
|    v_grad_norm        | 0.0374     |
|    v_learning_rate    | 7.58e-09   |
|    value_loss         | 1.43e-05   |
--------------------------------------
--------------------------------------
| rollout/              |            |
|    ep_len_mean        | 500        |
|    ep_rew_mean        | -3.61e+03  |
| time/                 |            |
|    fps                | 54         |
|    iterations         | 6600       |
|    time_elapsed       | 970        |
|    total_timesteps    | 52800      |
| train/                |            |
|    d_grad_norm        | 0.00716    |
|    d_learning_rate    | 2.84e-05   |
|    entropy_loss       | -2.13      |
|    explained_variance | 0.99690133 |
|    n_updates          | 6599       |
|    policy_loss        | 0.553      |
|    std                | 0.153      |
|    u_grad_norm        | 0.0471     |
|    u_learning_rate    | 2.84e-06   |
|    v_grad_norm        | 0.874      |
|    v_learning_rate    | 7.58e-09   |
|    value_loss         | 0.342      |
--------------------------------------
--------------------------------------
| rollout/              |            |
|    ep_len_mean        | 500        |
|    ep_rew_mean        | -1.71e+03  |
| time/                 |            |
|    fps                | 54         |
|    iterations         | 6600       |
|    time_elapsed       | 970        |
|    total_timesteps    | 52800      |
| train/                |            |
|    d_grad_norm        | 0.0237     |
|    d_learning_rate    | 2.84e-05   |
|    entropy_loss       | 0.125      |
|    explained_variance | 0.98276824 |
|    n_updates          | 6599       |
|    policy_loss        | -2.22      |
|    std                | 0.225      |
|    u_grad_norm        | 0.6        |
|    u_learning_rate    | 2.84e-06   |
|    v_grad_norm        | 0.564      |
|    v_learning_rate    | 7.58e-09   |
|    value_loss         | 2.82       |
--------------------------------------
--------------------------------------
| rollout/              |            |
|    ep_len_mean        | 500        |
|    ep_rew_mean        | -1.35e+03  |
| time/                 |            |
|    fps                | 54         |
|    iterations         | 6600       |
|    time_elapsed       | 970        |
|    total_timesteps    | 52800      |
| train/                |            |
|    d_grad_norm        | 0.00795    |
|    d_learning_rate    | 2.84e-05   |
|    entropy_loss       | 0.341      |
|    explained_variance | -3.3706288 |
|    n_updates          | 6599       |
|    policy_loss        | 0.00341    |
|    std                | 0.239      |
|    u_grad_norm        | 0.289      |
|    u_learning_rate    | 2.84e-06   |
|    v_grad_norm        | 0.949      |
|    v_learning_rate    | 7.58e-09   |
|    value_loss         | 0.00022    |
--------------------------------------
-------------------------------------
| rollout/              |           |
|    ep_len_mean        | 500       |
|    ep_rew_mean        | -2.8e+03  |
| time/                 |           |
|    fps                | 54        |
|    iterations         | 6600      |
|    time_elapsed       | 970       |
|    total_timesteps    | 52800     |
| train/                |           |
|    d_grad_norm        | 0.0148    |
|    d_learning_rate    | 2.84e-05  |
|    entropy_loss       | -0.0729   |
|    explained_variance | 0.9758003 |
|    n_updates          | 6599      |
|    policy_loss        | 0.201     |
|    std                | 0.111     |
|    u_grad_norm        | 0.549     |
|    u_learning_rate    | 2.84e-06  |
|    v_grad_norm        | 0.518     |
|    v_learning_rate    | 7.58e-09  |
|    value_loss         | 0.475     |
-------------------------------------
--------------------------------------
| rollout/              |            |
|    ep_len_mean        | 500        |
|    ep_rew_mean        | -1.14e+03  |
| time/                 |            |
|    fps                | 54         |
|    iterations         | 6600       |
|    time_elapsed       | 970        |
|    total_timesteps    | 52800      |
| train/                |            |
|    d_grad_norm        | 0.0499     |
|    d_learning_rate    | 2.84e-05   |
|    entropy_loss       | 0.49       |
|    explained_variance | -1.2265031 |
|    n_updates          | 6599       |
|    policy_loss        | 0.394      |
|    std                | 0.241      |
|    u_grad_norm        | 0.49       |
|    u_learning_rate    | 2.84e-06   |
|    v_grad_norm        | 0.88       |
|    v_learning_rate    | 7.58e-09   |
|    value_loss         | 0.338      |
--------------------------------------
-------------------------------------
| rollout/              |           |
|    ep_len_mean        | 500       |
|    ep_rew_mean        | -2.96e+03 |
| time/                 |           |
|    fps                | 54        |
|    iterations         | 6600      |
|    time_elapsed       | 970       |
|    total_timesteps    | 52800     |
| train/                |           |
|    d_grad_norm        | 0.00911   |
|    d_learning_rate    | 2.84e-05  |
|    entropy_loss       | -0.56     |
|    explained_variance | 0.9998081 |
|    n_updates          | 6599      |
|    policy_loss        | 0.0712    |
|    std                | 0.117     |
|    u_grad_norm        | 0.181     |
|    u_learning_rate    | 2.84e-06  |
|    v_grad_norm        | 0.877     |
|    v_learning_rate    | 7.58e-09  |
|    value_loss         | 0.0392    |
-------------------------------------
-------------------------------------
| rollout/              |           |
|    ep_len_mean        | 500       |
|    ep_rew_mean        | -3.68e+03 |
| time/                 |           |
|    fps                | 54        |
|    iterations         | 6600      |
|    time_elapsed       | 970       |
|    total_timesteps    | 52800     |
| train/                |           |
|    d_grad_norm        | 0.00621   |
|    d_learning_rate    | 2.84e-05  |
|    entropy_loss       | -1.26     |
|    explained_variance | 0.9317682 |
|    n_updates          | 6599      |
|    policy_loss        | -3.31     |
|    std                | 0.141     |
|    u_grad_norm        | 0.175     |
|    u_learning_rate    | 2.84e-06  |
|    v_grad_norm        | 0.795     |
|    v_learning_rate    | 7.58e-09  |
|    value_loss         | 15.9      |
-------------------------------------
--------------------------------------
| rollout/              |            |
|    ep_len_mean        | 500        |
|    ep_rew_mean        | -3.79e+03  |
| time/                 |            |
|    fps                | 54         |
|    iterations         | 6600       |
|    time_elapsed       | 970        |
|    total_timesteps    | 52800      |
| train/                |            |
|    d_grad_norm        | 0.00452    |
|    d_learning_rate    | 2.84e-05   |
|    entropy_loss       | -1.03      |
|    explained_variance | 0.99269164 |
|    n_updates          | 6599       |
|    policy_loss        | 1.7        |
|    std                | 0.147      |
|    u_grad_norm        | 0.194      |
|    u_learning_rate    | 2.84e-06   |
|    v_grad_norm        | 0.938      |
|    v_learning_rate    | 7.58e-09   |
|    value_loss         | 1.06       |
--------------------------------------
--------------------------------------
| rollout/              |            |
|    ep_len_mean        | 500        |
|    ep_rew_mean        | -1.07e+03  |
| time/                 |            |
|    fps                | 54         |
|    iterations         | 6700       |
|    time_elapsed       | 979        |
|    total_timesteps    | 53600      |
| train/                |            |
|    d_grad_norm        | 0.023      |
|    d_learning_rate    | 2.81e-05   |
|    entropy_loss       | -0.148     |
|    explained_variance | 0.99476194 |
|    n_updates          | 6699       |
|    policy_loss        | 0.105      |
|    std                | 0.202      |
|    u_grad_norm        | 0.104      |
|    u_learning_rate    | 2.81e-06   |
|    v_grad_norm        | 0.968      |
|    v_learning_rate    | 7.46e-09   |
|    value_loss         | 0.117      |
--------------------------------------
--------------------------------------
| rollout/              |            |
|    ep_len_mean        | 500        |
|    ep_rew_mean        | -383       |
| time/                 |            |
|    fps                | 54         |
|    iterations         | 6700       |
|    time_elapsed       | 979        |
|    total_timesteps    | 53600      |
| train/                |            |
|    d_grad_norm        | 0.0987     |
|    d_learning_rate    | 2.81e-05   |
|    entropy_loss       | -0.49      |
|    explained_variance | 0.99243116 |
|    n_updates          | 6699       |
|    policy_loss        | -0.0565    |
|    std                | 0.186      |
|    u_grad_norm        | 0.254      |
|    u_learning_rate    | 2.81e-06   |
|    v_grad_norm        | 0.972      |
|    v_learning_rate    | 7.46e-09   |
|    value_loss         | 0.639      |
--------------------------------------
-------------------------------------
| rollout/              |           |
|    ep_len_mean        | 500       |
|    ep_rew_mean        | -3.62e+03 |
| time/                 |           |
|    fps                | 54        |
|    iterations         | 6700      |
|    time_elapsed       | 979       |
|    total_timesteps    | 53600     |
| train/                |           |
|    d_grad_norm        | 0.0037    |
|    d_learning_rate    | 2.81e-05  |
|    entropy_loss       | -1.64     |
|    explained_variance | 0.9609382 |
|    n_updates          | 6699      |
|    policy_loss        | -2.47     |
|    std                | 0.153     |
|    u_grad_norm        | 0.0417    |
|    u_learning_rate    | 2.81e-06  |
|    v_grad_norm        | 0.818     |
|    v_learning_rate    | 7.46e-09  |
|    value_loss         | 3.25      |
-------------------------------------
--------------------------------------
| rollout/              |            |
|    ep_len_mean        | 500        |
|    ep_rew_mean        | -1.75e+03  |
| time/                 |            |
|    fps                | 54         |
|    iterations         | 6700       |
|    time_elapsed       | 979        |
|    total_timesteps    | 53600      |
| train/                |            |
|    d_grad_norm        | 0.06       |
|    d_learning_rate    | 2.81e-05   |
|    entropy_loss       | 1.19       |
|    explained_variance | -37.201996 |
|    n_updates          | 6699       |
|    policy_loss        | -0.0569    |
|    std                | 0.225      |
|    u_grad_norm        | 0.63       |
|    u_learning_rate    | 2.81e-06   |
|    v_grad_norm        | 0.766      |
|    v_learning_rate    | 7.46e-09   |
|    value_loss         | 0.00211    |
--------------------------------------
--------------------------------------
| rollout/              |            |
|    ep_len_mean        | 500        |
|    ep_rew_mean        | -2.8e+03   |
| time/                 |            |
|    fps                | 54         |
|    iterations         | 6700       |
|    time_elapsed       | 979        |
|    total_timesteps    | 53600      |
| train/                |            |
|    d_grad_norm        | 0.00876    |
|    d_learning_rate    | 2.81e-05   |
|    entropy_loss       | -1.34      |
|    explained_variance | 0.99550354 |
|    n_updates          | 6699       |
|    policy_loss        | 1.76       |
|    std                | 0.111      |
|    u_grad_norm        | 0.122      |
|    u_learning_rate    | 2.81e-06   |
|    v_grad_norm        | 0.879      |
|    v_learning_rate    | 7.46e-09   |
|    value_loss         | 2.2        |
--------------------------------------
-------------------------------------
| rollout/              |           |
|    ep_len_mean        | 500       |
|    ep_rew_mean        | -1.36e+03 |
| time/                 |           |
|    fps                | 54        |
|    iterations         | 6700      |
|    time_elapsed       | 979       |
|    total_timesteps    | 53600     |
| train/                |           |
|    d_grad_norm        | 0.0222    |
|    d_learning_rate    | 2.81e-05  |
|    entropy_loss       | 0.374     |
|    explained_variance | -1.27213  |
|    n_updates          | 6699      |
|    policy_loss        | 0.00409   |
|    std                | 0.239     |
|    u_grad_norm        | 0.337     |
|    u_learning_rate    | 2.81e-06  |
|    v_grad_norm        | 0.936     |
|    v_learning_rate    | 7.46e-09  |
|    value_loss         | 0.000151  |
-------------------------------------
-------------------------------------
| rollout/              |           |
|    ep_len_mean        | 500       |
|    ep_rew_mean        | -1.11e+03 |
| time/                 |           |
|    fps                | 54        |
|    iterations         | 6700      |
|    time_elapsed       | 979       |
|    total_timesteps    | 53600     |
| train/                |           |
|    d_grad_norm        | 0.0213    |
|    d_learning_rate    | 2.81e-05  |
|    entropy_loss       | -1.42     |
|    explained_variance | 0.9988095 |
|    n_updates          | 6699      |
|    policy_loss        | -1.29     |
|    std                | 0.241     |
|    u_grad_norm        | 0.176     |
|    u_learning_rate    | 2.81e-06  |
|    v_grad_norm        | 0.998     |
|    v_learning_rate    | 7.46e-09  |
|    value_loss         | 0.625     |
-------------------------------------
--------------------------------------
| rollout/              |            |
|    ep_len_mean        | 500        |
|    ep_rew_mean        | -2.96e+03  |
| time/                 |            |
|    fps                | 54         |
|    iterations         | 6700       |
|    time_elapsed       | 979        |
|    total_timesteps    | 53600      |
| train/                |            |
|    d_grad_norm        | 0.0125     |
|    d_learning_rate    | 2.81e-05   |
|    entropy_loss       | 0.0379     |
|    explained_variance | 0.94086295 |
|    n_updates          | 6699       |
|    policy_loss        | 0.454      |
|    std                | 0.117      |
|    u_grad_norm        | 0.387      |
|    u_learning_rate    | 2.81e-06   |
|    v_grad_norm        | 0.707      |
|    v_learning_rate    | 7.46e-09   |
|    value_loss         | 2.32       |
--------------------------------------
-------------------------------------
| rollout/              |           |
|    ep_len_mean        | 500       |
|    ep_rew_mean        | -3.68e+03 |
| time/                 |           |
|    fps                | 54        |
|    iterations         | 6700      |
|    time_elapsed       | 979       |
|    total_timesteps    | 53600     |
| train/                |           |
|    d_grad_norm        | 0.00317   |
|    d_learning_rate    | 2.81e-05  |
|    entropy_loss       | -1.09     |
|    explained_variance | 0.8493699 |
|    n_updates          | 6699      |
|    policy_loss        | -2.38     |
|    std                | 0.141     |
|    u_grad_norm        | 0.173     |
|    u_learning_rate    | 2.81e-06  |
|    v_grad_norm        | 0.782     |
|    v_learning_rate    | 7.46e-09  |
|    value_loss         | 15.9      |
-------------------------------------
-------------------------------------
| rollout/              |           |
|    ep_len_mean        | 500       |
|    ep_rew_mean        | -3.79e+03 |
| time/                 |           |
|    fps                | 54        |
|    iterations         | 6700      |
|    time_elapsed       | 979       |
|    total_timesteps    | 53600     |
| train/                |           |
|    d_grad_norm        | 0.0173    |
|    d_learning_rate    | 2.81e-05  |
|    entropy_loss       | -0.891    |
|    explained_variance | 0.9446762 |
|    n_updates          | 6699      |
|    policy_loss        | 1.1       |
|    std                | 0.147     |
|    u_grad_norm        | 0.0978    |
|    u_learning_rate    | 2.81e-06  |
|    v_grad_norm        | 0.956     |
|    v_learning_rate    | 7.46e-09  |
|    value_loss         | 2.87      |
-------------------------------------
-------------------------------------
| rollout/              |           |
|    ep_len_mean        | 500       |
|    ep_rew_mean        | -1.08e+03 |
| time/                 |           |
|    fps                | 55        |
|    iterations         | 6800      |
|    time_elapsed       | 987       |
|    total_timesteps    | 54400     |
| train/                |           |
|    d_grad_norm        | 0.0398    |
|    d_learning_rate    | 2.79e-05  |
|    entropy_loss       | 1.06      |
|    explained_variance | -86.66889 |
|    n_updates          | 6799      |
|    policy_loss        | -0.0073   |
|    std                | 0.202     |
|    u_grad_norm        | 0.119     |
|    u_learning_rate    | 2.79e-06  |
|    v_grad_norm        | 0.339     |
|    v_learning_rate    | 7.35e-09  |
|    value_loss         | 7.35e-05  |
-------------------------------------
--------------------------------------
| rollout/              |            |
|    ep_len_mean        | 500        |
|    ep_rew_mean        | -387       |
| time/                 |            |
|    fps                | 55         |
|    iterations         | 6800       |
|    time_elapsed       | 987        |
|    total_timesteps    | 54400      |
| train/                |            |
|    d_grad_norm        | 0.000335   |
|    d_learning_rate    | 2.79e-05   |
|    entropy_loss       | 0.861      |
|    explained_variance | -20.519693 |
|    n_updates          | 6799       |
|    policy_loss        | -0.000171  |
|    std                | 0.186      |
|    u_grad_norm        | 0.00392    |
|    u_learning_rate    | 2.79e-06   |
|    v_grad_norm        | 0.162      |
|    v_learning_rate    | 7.35e-09   |
|    value_loss         | 1.45e-05   |
--------------------------------------
--------------------------------------
| rollout/              |            |
|    ep_len_mean        | 500        |
|    ep_rew_mean        | -3.63e+03  |
| time/                 |            |
|    fps                | 55         |
|    iterations         | 6800       |
|    time_elapsed       | 988        |
|    total_timesteps    | 54400      |
| train/                |            |
|    d_grad_norm        | 0.00292    |
|    d_learning_rate    | 2.79e-05   |
|    entropy_loss       | -1.71      |
|    explained_variance | 0.97429633 |
|    n_updates          | 6799       |
|    policy_loss        | 0.871      |
|    std                | 0.153      |
|    u_grad_norm        | 0.0317     |
|    u_learning_rate    | 2.79e-06   |
|    v_grad_norm        | 0.866      |
|    v_learning_rate    | 7.35e-09   |
|    value_loss         | 0.87       |
--------------------------------------
--------------------------------------
| rollout/              |            |
|    ep_len_mean        | 500        |
|    ep_rew_mean        | -1.73e+03  |
| time/                 |            |
|    fps                | 55         |
|    iterations         | 6800       |
|    time_elapsed       | 988        |
|    total_timesteps    | 54400      |
| train/                |            |
|    d_grad_norm        | 0.0441     |
|    d_learning_rate    | 2.79e-05   |
|    entropy_loss       | -0.316     |
|    explained_variance | 0.97990257 |
|    n_updates          | 6799       |
|    policy_loss        | 0.276      |
|    std                | 0.225      |
|    u_grad_norm        | 0.134      |
|    u_learning_rate    | 2.79e-06   |
|    v_grad_norm        | 0.958      |
|    v_learning_rate    | 7.35e-09   |
|    value_loss         | 3.8        |
--------------------------------------
--------------------------------------
| rollout/              |            |
|    ep_len_mean        | 500        |
|    ep_rew_mean        | -2.8e+03   |
| time/                 |            |
|    fps                | 55         |
|    iterations         | 6800       |
|    time_elapsed       | 988        |
|    total_timesteps    | 54400      |
| train/                |            |
|    d_grad_norm        | 0.00429    |
|    d_learning_rate    | 2.79e-05   |
|    entropy_loss       | -0.582     |
|    explained_variance | 0.99917346 |
|    n_updates          | 6799       |
|    policy_loss        | -0.0934    |
|    std                | 0.111      |
|    u_grad_norm        | 0.0676     |
|    u_learning_rate    | 2.79e-06   |
|    v_grad_norm        | 0.99       |
|    v_learning_rate    | 7.35e-09   |
|    value_loss         | 0.185      |
--------------------------------------
--------------------------------------
| rollout/              |            |
|    ep_len_mean        | 500        |
|    ep_rew_mean        | -1.33e+03  |
| time/                 |            |
|    fps                | 55         |
|    iterations         | 6800       |
|    time_elapsed       | 988        |
|    total_timesteps    | 54400      |
| train/                |            |
|    d_grad_norm        | 0.0629     |
|    d_learning_rate    | 2.79e-05   |
|    entropy_loss       | -1.3       |
|    explained_variance | 0.68658864 |
|    n_updates          | 6799       |
|    policy_loss        | -4.9       |
|    std                | 0.239      |
|    u_grad_norm        | 0.1        |
|    u_learning_rate    | 2.79e-06   |
|    v_grad_norm        | 0.795      |
|    v_learning_rate    | 7.35e-09   |
|    value_loss         | 22         |
--------------------------------------
--------------------------------------
| rollout/              |            |
|    ep_len_mean        | 500        |
|    ep_rew_mean        | -1.11e+03  |
| time/                 |            |
|    fps                | 55         |
|    iterations         | 6800       |
|    time_elapsed       | 988        |
|    total_timesteps    | 54400      |
| train/                |            |
|    d_grad_norm        | 0.0262     |
|    d_learning_rate    | 2.79e-05   |
|    entropy_loss       | 0.472      |
|    explained_variance | -191.85219 |
|    n_updates          | 6799       |
|    policy_loss        | 0.0691     |
|    std                | 0.241      |
|    u_grad_norm        | 0.621      |
|    u_learning_rate    | 2.79e-06   |
|    v_grad_norm        | 0.764      |
|    v_learning_rate    | 7.35e-09   |
|    value_loss         | 0.124      |
--------------------------------------
-------------------------------------
| rollout/              |           |
|    ep_len_mean        | 500       |
|    ep_rew_mean        | -2.96e+03 |
| time/                 |           |
|    fps                | 55        |
|    iterations         | 6800      |
|    time_elapsed       | 988       |
|    total_timesteps    | 54400     |
| train/                |           |
|    d_grad_norm        | 0.0225    |
|    d_learning_rate    | 2.79e-05  |
|    entropy_loss       | -0.194    |
|    explained_variance | 0.9991059 |
|    n_updates          | 6799      |
|    policy_loss        | -0.0487   |
|    std                | 0.117     |
|    u_grad_norm        | 0.327     |
|    u_learning_rate    | 2.79e-06  |
|    v_grad_norm        | 0.887     |
|    v_learning_rate    | 7.35e-09  |
|    value_loss         | 0.0834    |
-------------------------------------
-------------------------------------
| rollout/              |           |
|    ep_len_mean        | 500       |
|    ep_rew_mean        | -3.68e+03 |
| time/                 |           |
|    fps                | 55        |
|    iterations         | 6800      |
|    time_elapsed       | 988       |
|    total_timesteps    | 54400     |
| train/                |           |
|    d_grad_norm        | 0.0202    |
|    d_learning_rate    | 2.79e-05  |
|    entropy_loss       | -1.41     |
|    explained_variance | 0.9901575 |
|    n_updates          | 6799      |
|    policy_loss        | 1.43      |
|    std                | 0.141     |
|    u_grad_norm        | 0.097     |
|    u_learning_rate    | 2.79e-06  |
|    v_grad_norm        | 0.842     |
|    v_learning_rate    | 7.35e-09  |
|    value_loss         | 1.48      |
-------------------------------------
--------------------------------------
| rollout/              |            |
|    ep_len_mean        | 500        |
|    ep_rew_mean        | -3.79e+03  |
| time/                 |            |
|    fps                | 55         |
|    iterations         | 6800       |
|    time_elapsed       | 988        |
|    total_timesteps    | 54400      |
| train/                |            |
|    d_grad_norm        | 0.0446     |
|    d_learning_rate    | 2.79e-05   |
|    entropy_loss       | -0.786     |
|    explained_variance | 0.74020946 |
|    n_updates          | 6799       |
|    policy_loss        | -0.0899    |
|    std                | 0.147      |
|    u_grad_norm        | 0.241      |
|    u_learning_rate    | 2.79e-06   |
|    v_grad_norm        | 0.879      |
|    v_learning_rate    | 7.35e-09   |
|    value_loss         | 2.46       |
--------------------------------------
-------------------------------------
| rollout/              |           |
|    ep_len_mean        | 500       |
|    ep_rew_mean        | -1.06e+03 |
| time/                 |           |
|    fps                | 55        |
|    iterations         | 6900      |
|    time_elapsed       | 996       |
|    total_timesteps    | 55200     |
| train/                |           |
|    d_grad_norm        | 0.0165    |
|    d_learning_rate    | 2.76e-05  |
|    entropy_loss       | -0.362    |
|    explained_variance | 0.9989751 |
|    n_updates          | 6899      |
|    policy_loss        | -0.0328   |
|    std                | 0.202     |
|    u_grad_norm        | 0.0178    |
|    u_learning_rate    | 2.76e-06  |
|    v_grad_norm        | 1.02      |
|    v_learning_rate    | 7.25e-09  |
|    value_loss         | 0.331     |
-------------------------------------
-------------------------------------
| rollout/              |           |
|    ep_len_mean        | 500       |
|    ep_rew_mean        | -390      |
| time/                 |           |
|    fps                | 55        |
|    iterations         | 6900      |
|    time_elapsed       | 996       |
|    total_timesteps    | 55200     |
| train/                |           |
|    d_grad_norm        | 0.00167   |
|    d_learning_rate    | 2.76e-05  |
|    entropy_loss       | 0.868     |
|    explained_variance | -62.04863 |
|    n_updates          | 6899      |
|    policy_loss        | 0.00448   |
|    std                | 0.186     |
|    u_grad_norm        | 0.0531    |
|    u_learning_rate    | 2.76e-06  |
|    v_grad_norm        | 0.264     |
|    v_learning_rate    | 7.25e-09  |
|    value_loss         | 3.27e-05  |
-------------------------------------
-------------------------------------
| rollout/              |           |
|    ep_len_mean        | 500       |
|    ep_rew_mean        | -1.72e+03 |
| time/                 |           |
|    fps                | 55        |
|    iterations         | 6900      |
|    time_elapsed       | 996       |
|    total_timesteps    | 55200     |
| train/                |           |
|    d_grad_norm        | 0.0204    |
|    d_learning_rate    | 2.76e-05  |
|    entropy_loss       | -0.591    |
|    explained_variance | 0.997718  |
|    n_updates          | 6899      |
|    policy_loss        | -0.0785   |
|    std                | 0.225     |
|    u_grad_norm        | 0.0488    |
|    u_learning_rate    | 2.76e-06  |
|    v_grad_norm        | 1.01      |
|    v_learning_rate    | 7.25e-09  |
|    value_loss         | 1.73      |
-------------------------------------
-------------------------------------
| rollout/              |           |
|    ep_len_mean        | 500       |
|    ep_rew_mean        | -3.61e+03 |
| time/                 |           |
|    fps                | 55        |
|    iterations         | 6900      |
|    time_elapsed       | 996       |
|    total_timesteps    | 55200     |
| train/                |           |
|    d_grad_norm        | 0.00459   |
|    d_learning_rate    | 2.76e-05  |
|    entropy_loss       | -2        |
|    explained_variance | 0.9956938 |
|    n_updates          | 6899      |
|    policy_loss        | -3.68     |
|    std                | 0.153     |
|    u_grad_norm        | 0.0898    |
|    u_learning_rate    | 2.76e-06  |
|    v_grad_norm        | 0.818     |
|    v_learning_rate    | 7.25e-09  |
|    value_loss         | 1.71      |
-------------------------------------
-------------------------------------
| rollout/              |           |
|    ep_len_mean        | 500       |
|    ep_rew_mean        | -2.8e+03  |
| time/                 |           |
|    fps                | 55        |
|    iterations         | 6900      |
|    time_elapsed       | 996       |
|    total_timesteps    | 55200     |
| train/                |           |
|    d_grad_norm        | 0.0114    |
|    d_learning_rate    | 2.76e-05  |
|    entropy_loss       | -0.483    |
|    explained_variance | 0.9967457 |
|    n_updates          | 6899      |
|    policy_loss        | -1.07     |
|    std                | 0.111     |
|    u_grad_norm        | 0.414     |
|    u_learning_rate    | 2.76e-06  |
|    v_grad_norm        | 0.919     |
|    v_learning_rate    | 7.25e-09  |
|    value_loss         | 0.258     |
-------------------------------------
--------------------------------------
| rollout/              |            |
|    ep_len_mean        | 500        |
|    ep_rew_mean        | -1.38e+03  |
| time/                 |            |
|    fps                | 55         |
|    iterations         | 6900       |
|    time_elapsed       | 996        |
|    total_timesteps    | 55200      |
| train/                |            |
|    d_grad_norm        | 0.0364     |
|    d_learning_rate    | 2.76e-05   |
|    entropy_loss       | -1.37      |
|    explained_variance | 0.99451435 |
|    n_updates          | 6899       |
|    policy_loss        | -1.34      |
|    std                | 0.239      |
|    u_grad_norm        | 0.0468     |
|    u_learning_rate    | 2.76e-06   |
|    v_grad_norm        | 0.865      |
|    v_learning_rate    | 7.25e-09   |
|    value_loss         | 1.74       |
--------------------------------------
-------------------------------------
| rollout/              |           |
|    ep_len_mean        | 500       |
|    ep_rew_mean        | -2.96e+03 |
| time/                 |           |
|    fps                | 55        |
|    iterations         | 6900      |
|    time_elapsed       | 996       |
|    total_timesteps    | 55200     |
| train/                |           |
|    d_grad_norm        | 0.00706   |
|    d_learning_rate    | 2.76e-05  |
|    entropy_loss       | -0.561    |
|    explained_variance | 0.9996232 |
|    n_updates          | 6899      |
|    policy_loss        | 0.0562    |
|    std                | 0.117     |
|    u_grad_norm        | 0.129     |
|    u_learning_rate    | 2.76e-06  |
|    v_grad_norm        | 0.874     |
|    v_learning_rate    | 7.25e-09  |
|    value_loss         | 0.0652    |
-------------------------------------
---------------------------------------
| rollout/              |             |
|    ep_len_mean        | 500         |
|    ep_rew_mean        | -1.11e+03   |
| time/                 |             |
|    fps                | 55          |
|    iterations         | 6900        |
|    time_elapsed       | 996         |
|    total_timesteps    | 55200       |
| train/                |             |
|    d_grad_norm        | 0.0212      |
|    d_learning_rate    | 2.76e-05    |
|    entropy_loss       | 0.502       |
|    explained_variance | -0.37325478 |
|    n_updates          | 6899        |
|    policy_loss        | 0.33        |
|    std                | 0.241       |
|    u_grad_norm        | 0.067       |
|    u_learning_rate    | 2.76e-06    |
|    v_grad_norm        | 0.988       |
|    v_learning_rate    | 7.25e-09    |
|    value_loss         | 0.124       |
---------------------------------------
--------------------------------------
| rollout/              |            |
|    ep_len_mean        | 500        |
|    ep_rew_mean        | -3.68e+03  |
| time/                 |            |
|    fps                | 55         |
|    iterations         | 6900       |
|    time_elapsed       | 996        |
|    total_timesteps    | 55200      |
| train/                |            |
|    d_grad_norm        | 0.0167     |
|    d_learning_rate    | 2.76e-05   |
|    entropy_loss       | -1.01      |
|    explained_variance | 0.97231543 |
|    n_updates          | 6899       |
|    policy_loss        | -1.27      |
|    std                | 0.141      |
|    u_grad_norm        | 0.0471     |
|    u_learning_rate    | 2.76e-06   |
|    v_grad_norm        | 0.806      |
|    v_learning_rate    | 7.25e-09   |
|    value_loss         | 7.87       |
--------------------------------------
-------------------------------------
| rollout/              |           |
|    ep_len_mean        | 500       |
|    ep_rew_mean        | -3.79e+03 |
| time/                 |           |
|    fps                | 55        |
|    iterations         | 6900      |
|    time_elapsed       | 997       |
|    total_timesteps    | 55200     |
| train/                |           |
|    d_grad_norm        | 0.0103    |
|    d_learning_rate    | 2.76e-05  |
|    entropy_loss       | 0.33      |
|    explained_variance | 0.384547  |
|    n_updates          | 6899      |
|    policy_loss        | -1.37     |
|    std                | 0.147     |
|    u_grad_norm        | 0.0308    |
|    u_learning_rate    | 2.76e-06  |
|    v_grad_norm        | 0.952     |
|    v_learning_rate    | 7.25e-09  |
|    value_loss         | 4.41      |
-------------------------------------
---------------------------------------
| rollout/              |             |
|    ep_len_mean        | 500         |
|    ep_rew_mean        | -1.09e+03   |
| time/                 |             |
|    fps                | 55          |
|    iterations         | 7000        |
|    time_elapsed       | 1005        |
|    total_timesteps    | 56000       |
| train/                |             |
|    d_grad_norm        | 0.0111      |
|    d_learning_rate    | 2.73e-05    |
|    entropy_loss       | 1.03        |
|    explained_variance | 0.009923816 |
|    n_updates          | 6999        |
|    policy_loss        | -0.00383    |
|    std                | 0.202       |
|    u_grad_norm        | 0.177       |
|    u_learning_rate    | 2.73e-06    |
|    v_grad_norm        | 0.234       |
|    v_learning_rate    | 7.14e-09    |
|    value_loss         | 5.65e-06    |
---------------------------------------
-------------------------------------
| rollout/              |           |
|    ep_len_mean        | 500       |
|    ep_rew_mean        | -397      |
| time/                 |           |
|    fps                | 55        |
|    iterations         | 7000      |
|    time_elapsed       | 1005      |
|    total_timesteps    | 56000     |
| train/                |           |
|    d_grad_norm        | 0.00414   |
|    d_learning_rate    | 2.73e-05  |
|    entropy_loss       | 0.877     |
|    explained_variance | -2.793863 |
|    n_updates          | 6999      |
|    policy_loss        | 0.000529  |
|    std                | 0.186     |
|    u_grad_norm        | 0.245     |
|    u_learning_rate    | 2.73e-06  |
|    v_grad_norm        | 0.00459   |
|    v_learning_rate    | 7.14e-09  |
|    value_loss         | 3.9e-05   |
-------------------------------------
---------------------------------------
| rollout/              |             |
|    ep_len_mean        | 500         |
|    ep_rew_mean        | -1.69e+03   |
| time/                 |             |
|    fps                | 55          |
|    iterations         | 7000        |
|    time_elapsed       | 1005        |
|    total_timesteps    | 56000       |
| train/                |             |
|    d_grad_norm        | 0.0143      |
|    d_learning_rate    | 2.73e-05    |
|    entropy_loss       | 1.24        |
|    explained_variance | -12.2064085 |
|    n_updates          | 6999        |
|    policy_loss        | 0.0227      |
|    std                | 0.225       |
|    u_grad_norm        | 0.877       |
|    u_learning_rate    | 2.73e-06    |
|    v_grad_norm        | 0.45        |
|    v_learning_rate    | 7.14e-09    |
|    value_loss         | 0.000407    |
---------------------------------------
-------------------------------------
| rollout/              |           |
|    ep_len_mean        | 500       |
|    ep_rew_mean        | -3.62e+03 |
| time/                 |           |
|    fps                | 55        |
|    iterations         | 7000      |
|    time_elapsed       | 1005      |
|    total_timesteps    | 56000     |
| train/                |           |
|    d_grad_norm        | 0.0756    |
|    d_learning_rate    | 2.73e-05  |
|    entropy_loss       | -1.33     |
|    explained_variance | 0.9973813 |
|    n_updates          | 6999      |
|    policy_loss        | -6.94     |
|    std                | 0.153     |
|    u_grad_norm        | 0.283     |
|    u_learning_rate    | 2.73e-06  |
|    v_grad_norm        | 0.941     |
|    v_learning_rate    | 7.14e-09  |
|    value_loss         | 3.94      |
-------------------------------------
------------------------------------
| rollout/              |          |
|    ep_len_mean        | 500      |
|    ep_rew_mean        | -2.8e+03 |
| time/                 |          |
|    fps                | 55       |
|    iterations         | 7000     |
|    time_elapsed       | 1005     |
|    total_timesteps    | 56000    |
| train/                |          |
|    d_grad_norm        | 0.0036   |
|    d_learning_rate    | 2.73e-05 |
|    entropy_loss       | -0.303   |
|    explained_variance | 0.998356 |
|    n_updates          | 6999     |
|    policy_loss        | 0.152    |
|    std                | 0.111    |
|    u_grad_norm        | 0.251    |
|    u_learning_rate    | 2.73e-06 |
|    v_grad_norm        | 0.913    |
|    v_learning_rate    | 7.14e-09 |
|    value_loss         | 0.178    |
------------------------------------
-------------------------------------
| rollout/              |           |
|    ep_len_mean        | 500       |
|    ep_rew_mean        | -2.95e+03 |
| time/                 |           |
|    fps                | 55        |
|    iterations         | 7000      |
|    time_elapsed       | 1005      |
|    total_timesteps    | 56000     |
| train/                |           |
|    d_grad_norm        | 0.00286   |
|    d_learning_rate    | 2.73e-05  |
|    entropy_loss       | -0.367    |
|    explained_variance | 0.9995295 |
|    n_updates          | 6999      |
|    policy_loss        | 0.0429    |
|    std                | 0.117     |
|    u_grad_norm        | 0.0862    |
|    u_learning_rate    | 2.73e-06  |
|    v_grad_norm        | 0.881     |
|    v_learning_rate    | 7.14e-09  |
|    value_loss         | 0.0628    |
-------------------------------------
--------------------------------------
| rollout/              |            |
|    ep_len_mean        | 500        |
|    ep_rew_mean        | -1.1e+03   |
| time/                 |            |
|    fps                | 55         |
|    iterations         | 7000       |
|    time_elapsed       | 1005       |
|    total_timesteps    | 56000      |
| train/                |            |
|    d_grad_norm        | 0.0245     |
|    d_learning_rate    | 2.73e-05   |
|    entropy_loss       | 0.469      |
|    explained_variance | -124.12728 |
|    n_updates          | 6999       |
|    policy_loss        | 0.205      |
|    std                | 0.241      |
|    u_grad_norm        | 0.502      |
|    u_learning_rate    | 2.73e-06   |
|    v_grad_norm        | 0.848      |
|    v_learning_rate    | 7.14e-09   |
|    value_loss         | 0.203      |
--------------------------------------
--------------------------------------
| rollout/              |            |
|    ep_len_mean        | 500        |
|    ep_rew_mean        | -1.39e+03  |
| time/                 |            |
|    fps                | 55         |
|    iterations         | 7000       |
|    time_elapsed       | 1005       |
|    total_timesteps    | 56000      |
| train/                |            |
|    d_grad_norm        | 0.0125     |
|    d_learning_rate    | 2.73e-05   |
|    entropy_loss       | 0.435      |
|    explained_variance | -1.0812628 |
|    n_updates          | 6999       |
|    policy_loss        | -0.0153    |
|    std                | 0.239      |
|    u_grad_norm        | 0.868      |
|    u_learning_rate    | 2.73e-06   |
|    v_grad_norm        | 0.514      |
|    v_learning_rate    | 7.14e-09   |
|    value_loss         | 0.00183    |
--------------------------------------
--------------------------------------
| rollout/              |            |
|    ep_len_mean        | 500        |
|    ep_rew_mean        | -3.68e+03  |
| time/                 |            |
|    fps                | 55         |
|    iterations         | 7000       |
|    time_elapsed       | 1005       |
|    total_timesteps    | 56000      |
| train/                |            |
|    d_grad_norm        | 0.0294     |
|    d_learning_rate    | 2.73e-05   |
|    entropy_loss       | -1.04      |
|    explained_variance | 0.76147777 |
|    n_updates          | 6999       |
|    policy_loss        | -5.45      |
|    std                | 0.141      |
|    u_grad_norm        | 0.287      |
|    u_learning_rate    | 2.73e-06   |
|    v_grad_norm        | 0.74       |
|    v_learning_rate    | 7.14e-09   |
|    value_loss         | 14.4       |
--------------------------------------
-------------------------------------
| rollout/              |           |
|    ep_len_mean        | 500       |
|    ep_rew_mean        | -3.79e+03 |
| time/                 |           |
|    fps                | 55        |
|    iterations         | 7000      |
|    time_elapsed       | 1005      |
|    total_timesteps    | 56000     |
| train/                |           |
|    d_grad_norm        | 0.021     |
|    d_learning_rate    | 2.73e-05  |
|    entropy_loss       | -0.591    |
|    explained_variance | 0.9641554 |
|    n_updates          | 6999      |
|    policy_loss        | 0.809     |
|    std                | 0.147     |
|    u_grad_norm        | 0.129     |
|    u_learning_rate    | 2.73e-06  |
|    v_grad_norm        | 0.943     |
|    v_learning_rate    | 7.14e-09  |
|    value_loss         | 3.09      |
-------------------------------------
------------------------------------
| rollout/              |          |
|    ep_len_mean        | 500      |
|    ep_rew_mean        | -1.1e+03 |
| time/                 |          |
|    fps                | 56       |
|    iterations         | 7100     |
|    time_elapsed       | 1013     |
|    total_timesteps    | 56800    |
| train/                |          |
|    d_grad_norm        | 0.0044   |
|    d_learning_rate    | 2.71e-05 |
|    entropy_loss       | -0.157   |
|    explained_variance | 0.995099 |
|    n_updates          | 7099     |
|    policy_loss        | -0.0901  |
|    std                | 0.202    |
|    u_grad_norm        | 0.0827   |
|    u_learning_rate    | 2.71e-06 |
|    v_grad_norm        | 0.804    |
|    v_learning_rate    | 7.04e-09 |
|    value_loss         | 0.187    |
------------------------------------
--------------------------------------
| rollout/              |            |
|    ep_len_mean        | 500        |
|    ep_rew_mean        | -396       |
| time/                 |            |
|    fps                | 56         |
|    iterations         | 7100       |
|    time_elapsed       | 1013       |
|    total_timesteps    | 56800      |
| train/                |            |
|    d_grad_norm        | 0.00158    |
|    d_learning_rate    | 2.71e-05   |
|    entropy_loss       | 0.874      |
|    explained_variance | -2.6708832 |
|    n_updates          | 7099       |
|    policy_loss        | 0.000207   |
|    std                | 0.186      |
|    u_grad_norm        | 0.289      |
|    u_learning_rate    | 2.71e-06   |
|    v_grad_norm        | 0.0632     |
|    v_learning_rate    | 7.04e-09   |
|    value_loss         | 5.41e-05   |
--------------------------------------
-------------------------------------
| rollout/              |           |
|    ep_len_mean        | 500       |
|    ep_rew_mean        | -1.71e+03 |
| time/                 |           |
|    fps                | 56        |
|    iterations         | 7100      |
|    time_elapsed       | 1013      |
|    total_timesteps    | 56800     |
| train/                |           |
|    d_grad_norm        | 0.0221    |
|    d_learning_rate    | 2.71e-05  |
|    entropy_loss       | 0.457     |
|    explained_variance | 0.9598832 |
|    n_updates          | 7099      |
|    policy_loss        | 0.579     |
|    std                | 0.225     |
|    u_grad_norm        | 0.386     |
|    u_learning_rate    | 2.71e-06  |
|    v_grad_norm        | 0.735     |
|    v_learning_rate    | 7.04e-09  |
|    value_loss         | 1.36      |
-------------------------------------
----------------------------------------
| rollout/              |              |
|    ep_len_mean        | 500          |
|    ep_rew_mean        | -3.62e+03    |
| time/                 |              |
|    fps                | 56           |
|    iterations         | 7100         |
|    time_elapsed       | 1013         |
|    total_timesteps    | 56800        |
| train/                |              |
|    d_grad_norm        | 0.00218      |
|    d_learning_rate    | 2.71e-05     |
|    entropy_loss       | -1.51        |
|    explained_variance | -0.103099585 |
|    n_updates          | 7099         |
|    policy_loss        | 12.3         |
|    std                | 0.153        |
|    u_grad_norm        | 0.18         |
|    u_learning_rate    | 2.71e-06     |
|    v_grad_norm        | 0.877        |
|    v_learning_rate    | 7.04e-09     |
|    value_loss         | 14.9         |
----------------------------------------
--------------------------------------
| rollout/              |            |
|    ep_len_mean        | 500        |
|    ep_rew_mean        | -2.8e+03   |
| time/                 |            |
|    fps                | 56         |
|    iterations         | 7100       |
|    time_elapsed       | 1013       |
|    total_timesteps    | 56800      |
| train/                |            |
|    d_grad_norm        | 0.0138     |
|    d_learning_rate    | 2.71e-05   |
|    entropy_loss       | -1.69      |
|    explained_variance | 0.99247897 |
|    n_updates          | 7099       |
|    policy_loss        | 0.733      |
|    std                | 0.111      |
|    u_grad_norm        | 0.0908     |
|    u_learning_rate    | 2.71e-06   |
|    v_grad_norm        | 0.851      |
|    v_learning_rate    | 7.04e-09   |
|    value_loss         | 0.845      |
--------------------------------------
--------------------------------------
| rollout/              |            |
|    ep_len_mean        | 500        |
|    ep_rew_mean        | -2.95e+03  |
| time/                 |            |
|    fps                | 56         |
|    iterations         | 7100       |
|    time_elapsed       | 1013       |
|    total_timesteps    | 56800      |
| train/                |            |
|    d_grad_norm        | 0.00875    |
|    d_learning_rate    | 2.71e-05   |
|    entropy_loss       | -0.445     |
|    explained_variance | 0.99347305 |
|    n_updates          | 7099       |
|    policy_loss        | -0.0164    |
|    std                | 0.117      |
|    u_grad_norm        | 0.0687     |
|    u_learning_rate    | 2.71e-06   |
|    v_grad_norm        | 0.868      |
|    v_learning_rate    | 7.04e-09   |
|    value_loss         | 0.233      |
--------------------------------------
--------------------------------------
| rollout/              |            |
|    ep_len_mean        | 500        |
|    ep_rew_mean        | -1.12e+03  |
| time/                 |            |
|    fps                | 56         |
|    iterations         | 7100       |
|    time_elapsed       | 1013       |
|    total_timesteps    | 56800      |
| train/                |            |
|    d_grad_norm        | 0.0112     |
|    d_learning_rate    | 2.71e-05   |
|    entropy_loss       | 0.483      |
|    explained_variance | -1.4039602 |
|    n_updates          | 7099       |
|    policy_loss        | 0.376      |
|    std                | 0.241      |
|    u_grad_norm        | 0.507      |
|    u_learning_rate    | 2.71e-06   |
|    v_grad_norm        | 0.87       |
|    v_learning_rate    | 7.04e-09   |
|    value_loss         | 0.34       |
--------------------------------------
--------------------------------------
| rollout/              |            |
|    ep_len_mean        | 500        |
|    ep_rew_mean        | -1.4e+03   |
| time/                 |            |
|    fps                | 56         |
|    iterations         | 7100       |
|    time_elapsed       | 1013       |
|    total_timesteps    | 56800      |
| train/                |            |
|    d_grad_norm        | 0.0378     |
|    d_learning_rate    | 2.71e-05   |
|    entropy_loss       | 0.429      |
|    explained_variance | -16.557348 |
|    n_updates          | 7099       |
|    policy_loss        | -0.0106    |
|    std                | 0.239      |
|    u_grad_norm        | 0.628      |
|    u_learning_rate    | 2.71e-06   |
|    v_grad_norm        | 0.771      |
|    v_learning_rate    | 7.04e-09   |
|    value_loss         | 0.000925   |
--------------------------------------
--------------------------------------
| rollout/              |            |
|    ep_len_mean        | 500        |
|    ep_rew_mean        | -3.68e+03  |
| time/                 |            |
|    fps                | 56         |
|    iterations         | 7100       |
|    time_elapsed       | 1013       |
|    total_timesteps    | 56800      |
| train/                |            |
|    d_grad_norm        | 0.0172     |
|    d_learning_rate    | 2.71e-05   |
|    entropy_loss       | -1.3       |
|    explained_variance | 0.97832656 |
|    n_updates          | 7099       |
|    policy_loss        | -3.19      |
|    std                | 0.141      |
|    u_grad_norm        | 0.189      |
|    u_learning_rate    | 2.71e-06   |
|    v_grad_norm        | 0.803      |
|    v_learning_rate    | 7.04e-09   |
|    value_loss         | 8.13       |
--------------------------------------
-------------------------------------
| rollout/              |           |
|    ep_len_mean        | 500       |
|    ep_rew_mean        | -3.79e+03 |
| time/                 |           |
|    fps                | 56        |
|    iterations         | 7100      |
|    time_elapsed       | 1013      |
|    total_timesteps    | 56800     |
| train/                |           |
|    d_grad_norm        | 0.0103    |
|    d_learning_rate    | 2.71e-05  |
|    entropy_loss       | -0.438    |
|    explained_variance | 0.9159552 |
|    n_updates          | 7099      |
|    policy_loss        | 0.0982    |
|    std                | 0.147     |
|    u_grad_norm        | 0.039     |
|    u_learning_rate    | 2.71e-06  |
|    v_grad_norm        | 0.977     |
|    v_learning_rate    | 7.04e-09  |
|    value_loss         | 0.757     |
-------------------------------------
--------------------------------------
| rollout/              |            |
|    ep_len_mean        | 500        |
|    ep_rew_mean        | -1.12e+03  |
| time/                 |            |
|    fps                | 56         |
|    iterations         | 7200       |
|    time_elapsed       | 1021       |
|    total_timesteps    | 57600      |
| train/                |            |
|    d_grad_norm        | 0.0027     |
|    d_learning_rate    | 2.68e-05   |
|    entropy_loss       | -2.54      |
|    explained_variance | 0.99851143 |
|    n_updates          | 7199       |
|    policy_loss        | 0.294      |
|    std                | 0.202      |
|    u_grad_norm        | 0.0458     |
|    u_learning_rate    | 2.68e-06   |
|    v_grad_norm        | 0.86       |
|    v_learning_rate    | 6.95e-09   |
|    value_loss         | 0.238      |
--------------------------------------
--------------------------------------
| rollout/              |            |
|    ep_len_mean        | 500        |
|    ep_rew_mean        | -394       |
| time/                 |            |
|    fps                | 56         |
|    iterations         | 7200       |
|    time_elapsed       | 1021       |
|    total_timesteps    | 57600      |
| train/                |            |
|    d_grad_norm        | 0.0617     |
|    d_learning_rate    | 2.68e-05   |
|    entropy_loss       | -0.904     |
|    explained_variance | -3.5861387 |
|    n_updates          | 7199       |
|    policy_loss        | -1.21      |
|    std                | 0.186      |
|    u_grad_norm        | 0.0802     |
|    u_learning_rate    | 2.68e-06   |
|    v_grad_norm        | 0.917      |
|    v_learning_rate    | 6.95e-09   |
|    value_loss         | 4.19       |
--------------------------------------
-------------------------------------
| rollout/              |           |
|    ep_len_mean        | 500       |
|    ep_rew_mean        | -1.73e+03 |
| time/                 |           |
|    fps                | 56        |
|    iterations         | 7200      |
|    time_elapsed       | 1021      |
|    total_timesteps    | 57600     |
| train/                |           |
|    d_grad_norm        | 0.0514    |
|    d_learning_rate    | 2.68e-05  |
|    entropy_loss       | -0.97     |
|    explained_variance | 0.9995787 |
|    n_updates          | 7199      |
|    policy_loss        | 0.395     |
|    std                | 0.225     |
|    u_grad_norm        | 0.136     |
|    u_learning_rate    | 2.68e-06  |
|    v_grad_norm        | 0.979     |
|    v_learning_rate    | 6.95e-09  |
|    value_loss         | 0.186     |
-------------------------------------
--------------------------------------
| rollout/              |            |
|    ep_len_mean        | 500        |
|    ep_rew_mean        | -3.61e+03  |
| time/                 |            |
|    fps                | 56         |
|    iterations         | 7200       |
|    time_elapsed       | 1021       |
|    total_timesteps    | 57600      |
| train/                |            |
|    d_grad_norm        | 0.00372    |
|    d_learning_rate    | 2.68e-05   |
|    entropy_loss       | -1.91      |
|    explained_variance | 0.99456906 |
|    n_updates          | 7199       |
|    policy_loss        | -2.03      |
|    std                | 0.153      |
|    u_grad_norm        | 0.00272    |
|    u_learning_rate    | 2.68e-06   |
|    v_grad_norm        | 0.824      |
|    v_learning_rate    | 6.95e-09   |
|    value_loss         | 2.45       |
--------------------------------------
-------------------------------------
| rollout/              |           |
|    ep_len_mean        | 500       |
|    ep_rew_mean        | -2.8e+03  |
| time/                 |           |
|    fps                | 56        |
|    iterations         | 7200      |
|    time_elapsed       | 1021      |
|    total_timesteps    | 57600     |
| train/                |           |
|    d_grad_norm        | 0.00591   |
|    d_learning_rate    | 2.68e-05  |
|    entropy_loss       | -1.62     |
|    explained_variance | 0.9907601 |
|    n_updates          | 7199      |
|    policy_loss        | -0.988    |
|    std                | 0.111     |
|    u_grad_norm        | 0.126     |
|    u_learning_rate    | 2.68e-06  |
|    v_grad_norm        | 0.896     |
|    v_learning_rate    | 6.95e-09  |
|    value_loss         | 0.501     |
-------------------------------------
-------------------------------------
| rollout/              |           |
|    ep_len_mean        | 500       |
|    ep_rew_mean        | -2.95e+03 |
| time/                 |           |
|    fps                | 56        |
|    iterations         | 7200      |
|    time_elapsed       | 1021      |
|    total_timesteps    | 57600     |
| train/                |           |
|    d_grad_norm        | 0.0263    |
|    d_learning_rate    | 2.68e-05  |
|    entropy_loss       | -0.386    |
|    explained_variance | 0.9994735 |
|    n_updates          | 7199      |
|    policy_loss        | 0.0275    |
|    std                | 0.117     |
|    u_grad_norm        | 0.335     |
|    u_learning_rate    | 2.68e-06  |
|    v_grad_norm        | 0.886     |
|    v_learning_rate    | 6.95e-09  |
|    value_loss         | 0.0925    |
-------------------------------------
--------------------------------------
| rollout/              |            |
|    ep_len_mean        | 500        |
|    ep_rew_mean        | -1.1e+03   |
| time/                 |            |
|    fps                | 56         |
|    iterations         | 7200       |
|    time_elapsed       | 1021       |
|    total_timesteps    | 57600      |
| train/                |            |
|    d_grad_norm        | 0.0164     |
|    d_learning_rate    | 2.68e-05   |
|    entropy_loss       | 0.495      |
|    explained_variance | 0.47352886 |
|    n_updates          | 7199       |
|    policy_loss        | 0.172      |
|    std                | 0.241      |
|    u_grad_norm        | 0.321      |
|    u_learning_rate    | 2.68e-06   |
|    v_grad_norm        | 0.935      |
|    v_learning_rate    | 6.95e-09   |
|    value_loss         | 0.0438     |
--------------------------------------
--------------------------------------
| rollout/              |            |
|    ep_len_mean        | 500        |
|    ep_rew_mean        | -1.4e+03   |
| time/                 |            |
|    fps                | 56         |
|    iterations         | 7200       |
|    time_elapsed       | 1021       |
|    total_timesteps    | 57600      |
| train/                |            |
|    d_grad_norm        | 0.0278     |
|    d_learning_rate    | 2.68e-05   |
|    entropy_loss       | 0.327      |
|    explained_variance | 0.28539336 |
|    n_updates          | 7199       |
|    policy_loss        | 0.00447    |
|    std                | 0.239      |
|    u_grad_norm        | 0.271      |
|    u_learning_rate    | 2.68e-06   |
|    v_grad_norm        | 0.956      |
|    v_learning_rate    | 6.95e-09   |
|    value_loss         | 0.000143   |
--------------------------------------
-------------------------------------
| rollout/              |           |
|    ep_len_mean        | 500       |
|    ep_rew_mean        | -3.68e+03 |
| time/                 |           |
|    fps                | 56        |
|    iterations         | 7200      |
|    time_elapsed       | 1021      |
|    total_timesteps    | 57600     |
| train/                |           |
|    d_grad_norm        | 0.0104    |
|    d_learning_rate    | 2.68e-05  |
|    entropy_loss       | -1.29     |
|    explained_variance | 0.9969892 |
|    n_updates          | 7199      |
|    policy_loss        | 1.37      |
|    std                | 0.141     |
|    u_grad_norm        | 0.0168    |
|    u_learning_rate    | 2.68e-06  |
|    v_grad_norm        | 0.843     |
|    v_learning_rate    | 6.95e-09  |
|    value_loss         | 2.75      |
-------------------------------------
--------------------------------------
| rollout/              |            |
|    ep_len_mean        | 500        |
|    ep_rew_mean        | -3.79e+03  |
| time/                 |            |
|    fps                | 56         |
|    iterations         | 7200       |
|    time_elapsed       | 1021       |
|    total_timesteps    | 57600      |
| train/                |            |
|    d_grad_norm        | 0.00515    |
|    d_learning_rate    | 2.68e-05   |
|    entropy_loss       | -0.502     |
|    explained_variance | 0.35144246 |
|    n_updates          | 7199       |
|    policy_loss        | -2.28      |
|    std                | 0.147      |
|    u_grad_norm        | 0.211      |
|    u_learning_rate    | 2.68e-06   |
|    v_grad_norm        | 0.913      |
|    v_learning_rate    | 6.95e-09   |
|    value_loss         | 8.15       |
--------------------------------------
--------------------------------------
| rollout/              |            |
|    ep_len_mean        | 500        |
|    ep_rew_mean        | -1.13e+03  |
| time/                 |            |
|    fps                | 56         |
|    iterations         | 7300       |
|    time_elapsed       | 1029       |
|    total_timesteps    | 58400      |
| train/                |            |
|    d_grad_norm        | 0.019      |
|    d_learning_rate    | 2.66e-05   |
|    entropy_loss       | -0.639     |
|    explained_variance | 0.99955547 |
|    n_updates          | 7299       |
|    policy_loss        | -0.00655   |
|    std                | 0.202      |
|    u_grad_norm        | 0.0381     |
|    u_learning_rate    | 2.66e-06   |
|    v_grad_norm        | 1.02       |
|    v_learning_rate    | 6.85e-09   |
|    value_loss         | 0.0427     |
--------------------------------------
---------------------------------------
| rollout/              |             |
|    ep_len_mean        | 500         |
|    ep_rew_mean        | -378        |
| time/                 |             |
|    fps                | 56          |
|    iterations         | 7300        |
|    time_elapsed       | 1029        |
|    total_timesteps    | 58400       |
| train/                |             |
|    d_grad_norm        | 0.00127     |
|    d_learning_rate    | 2.66e-05    |
|    entropy_loss       | 0.828       |
|    explained_variance | -0.15176773 |
|    n_updates          | 7299        |
|    policy_loss        | -0.000439   |
|    std                | 0.186       |
|    u_grad_norm        | 0.213       |
|    u_learning_rate    | 2.66e-06    |
|    v_grad_norm        | 0.0123      |
|    v_learning_rate    | 6.85e-09    |
|    value_loss         | 7.46e-06    |
---------------------------------------
--------------------------------------
| rollout/              |            |
|    ep_len_mean        | 500        |
|    ep_rew_mean        | -1.75e+03  |
| time/                 |            |
|    fps                | 56         |
|    iterations         | 7300       |
|    time_elapsed       | 1029       |
|    total_timesteps    | 58400      |
| train/                |            |
|    d_grad_norm        | 0.0111     |
|    d_learning_rate    | 2.66e-05   |
|    entropy_loss       | 1.21       |
|    explained_variance | -1.9693716 |
|    n_updates          | 7299       |
|    policy_loss        | 0.0133     |
|    std                | 0.225      |
|    u_grad_norm        | 0.87       |
|    u_learning_rate    | 2.66e-06   |
|    v_grad_norm        | 0.464      |
|    v_learning_rate    | 6.85e-09   |
|    value_loss         | 0.00038    |
--------------------------------------
-------------------------------------
| rollout/              |           |
|    ep_len_mean        | 500       |
|    ep_rew_mean        | -3.61e+03 |
| time/                 |           |
|    fps                | 56        |
|    iterations         | 7300      |
|    time_elapsed       | 1029      |
|    total_timesteps    | 58400     |
| train/                |           |
|    d_grad_norm        | 0.169     |
|    d_learning_rate    | 2.66e-05  |
|    entropy_loss       | -0.925    |
|    explained_variance | 0.987287  |
|    n_updates          | 7299      |
|    policy_loss        | 0.0558    |
|    std                | 0.153     |
|    u_grad_norm        | 0.166     |
|    u_learning_rate    | 2.66e-06  |
|    v_grad_norm        | 0.939     |
|    v_learning_rate    | 6.85e-09  |
|    value_loss         | 0.316     |
-------------------------------------
-------------------------------------
| rollout/              |           |
|    ep_len_mean        | 500       |
|    ep_rew_mean        | -2.8e+03  |
| time/                 |           |
|    fps                | 56        |
|    iterations         | 7300      |
|    time_elapsed       | 1029      |
|    total_timesteps    | 58400     |
| train/                |           |
|    d_grad_norm        | 0.00386   |
|    d_learning_rate    | 2.66e-05  |
|    entropy_loss       | -1.16     |
|    explained_variance | 0.9948914 |
|    n_updates          | 7299      |
|    policy_loss        | -0.475    |
|    std                | 0.111     |
|    u_grad_norm        | 0.0069    |
|    u_learning_rate    | 2.66e-06  |
|    v_grad_norm        | 0.953     |
|    v_learning_rate    | 6.85e-09  |
|    value_loss         | 0.441     |
-------------------------------------
-------------------------------------
| rollout/              |           |
|    ep_len_mean        | 500       |
|    ep_rew_mean        | -2.95e+03 |
| time/                 |           |
|    fps                | 56        |
|    iterations         | 7300      |
|    time_elapsed       | 1029      |
|    total_timesteps    | 58400     |
| train/                |           |
|    d_grad_norm        | 0.00347   |
|    d_learning_rate    | 2.66e-05  |
|    entropy_loss       | -0.0173   |
|    explained_variance | 0.9995804 |
|    n_updates          | 7299      |
|    policy_loss        | -0.328    |
|    std                | 0.117     |
|    u_grad_norm        | 0.132     |
|    u_learning_rate    | 2.66e-06  |
|    v_grad_norm        | 0.815     |
|    v_learning_rate    | 6.85e-09  |
|    value_loss         | 0.768     |
-------------------------------------
-------------------------------------
| rollout/              |           |
|    ep_len_mean        | 500       |
|    ep_rew_mean        | -1.1e+03  |
| time/                 |           |
|    fps                | 56        |
|    iterations         | 7300      |
|    time_elapsed       | 1029      |
|    total_timesteps    | 58400     |
| train/                |           |
|    d_grad_norm        | 0.0173    |
|    d_learning_rate    | 2.66e-05  |
|    entropy_loss       | 0.498     |
|    explained_variance | 0.5531259 |
|    n_updates          | 7299      |
|    policy_loss        | 0.318     |
|    std                | 0.241     |
|    u_grad_norm        | 0.255     |
|    u_learning_rate    | 2.66e-06  |
|    v_grad_norm        | 0.962     |
|    v_learning_rate    | 6.85e-09  |
|    value_loss         | 0.125     |
-------------------------------------
-------------------------------------
| rollout/              |           |
|    ep_len_mean        | 500       |
|    ep_rew_mean        | -1.39e+03 |
| time/                 |           |
|    fps                | 56        |
|    iterations         | 7300      |
|    time_elapsed       | 1029      |
|    total_timesteps    | 58400     |
| train/                |           |
|    d_grad_norm        | 0.0106    |
|    d_learning_rate    | 2.66e-05  |
|    entropy_loss       | 0.179     |
|    explained_variance | 0.8028701 |
|    n_updates          | 7299      |
|    policy_loss        | 0.00336   |
|    std                | 0.239     |
|    u_grad_norm        | 0.742     |
|    u_learning_rate    | 2.66e-06  |
|    v_grad_norm        | 0.656     |
|    v_learning_rate    | 6.85e-09  |
|    value_loss         | 0.000101  |
-------------------------------------
-------------------------------------
| rollout/              |           |
|    ep_len_mean        | 500       |
|    ep_rew_mean        | -3.68e+03 |
| time/                 |           |
|    fps                | 56        |
|    iterations         | 7300      |
|    time_elapsed       | 1029      |
|    total_timesteps    | 58400     |
| train/                |           |
|    d_grad_norm        | 0.00758   |
|    d_learning_rate    | 2.66e-05  |
|    entropy_loss       | -1.3      |
|    explained_variance | 0.9968577 |
|    n_updates          | 7299      |
|    policy_loss        | 1.62      |
|    std                | 0.141     |
|    u_grad_norm        | 0.0881    |
|    u_learning_rate    | 2.66e-06  |
|    v_grad_norm        | 0.838     |
|    v_learning_rate    | 6.85e-09  |
|    value_loss         | 2.59      |
-------------------------------------
--------------------------------------
| rollout/              |            |
|    ep_len_mean        | 500        |
|    ep_rew_mean        | -3.79e+03  |
| time/                 |            |
|    fps                | 56         |
|    iterations         | 7300       |
|    time_elapsed       | 1029       |
|    total_timesteps    | 58400      |
| train/                |            |
|    d_grad_norm        | 0.0752     |
|    d_learning_rate    | 2.66e-05   |
|    entropy_loss       | -0.587     |
|    explained_variance | 0.59732294 |
|    n_updates          | 7299       |
|    policy_loss        | 0.165      |
|    std                | 0.147      |
|    u_grad_norm        | 0.388      |
|    u_learning_rate    | 2.66e-06   |
|    v_grad_norm        | 0.853      |
|    v_learning_rate    | 6.85e-09   |
|    value_loss         | 1.89       |
--------------------------------------
-------------------------------------
| rollout/              |           |
|    ep_len_mean        | 500       |
|    ep_rew_mean        | -1.17e+03 |
| time/                 |           |
|    fps                | 57        |
|    iterations         | 7400      |
|    time_elapsed       | 1037      |
|    total_timesteps    | 59200     |
| train/                |           |
|    d_grad_norm        | 0.0228    |
|    d_learning_rate    | 2.63e-05  |
|    entropy_loss       | 0.256     |
|    explained_variance | 0.9973725 |
|    n_updates          | 7399      |
|    policy_loss        | 0.475     |
|    std                | 0.202     |
|    u_grad_norm        | 0.134     |
|    u_learning_rate    | 2.63e-06  |
|    v_grad_norm        | 0.824     |
|    v_learning_rate    | 6.76e-09  |
|    value_loss         | 0.993     |
-------------------------------------
-------------------------------------
| rollout/              |           |
|    ep_len_mean        | 500       |
|    ep_rew_mean        | -374      |
| time/                 |           |
|    fps                | 57        |
|    iterations         | 7400      |
|    time_elapsed       | 1037      |
|    total_timesteps    | 59200     |
| train/                |           |
|    d_grad_norm        | 0.000778  |
|    d_learning_rate    | 2.63e-05  |
|    entropy_loss       | 0.868     |
|    explained_variance | -34.81941 |
|    n_updates          | 7399      |
|    policy_loss        | 0.00211   |
|    std                | 0.186     |
|    u_grad_norm        | 0.0459    |
|    u_learning_rate    | 2.63e-06  |
|    v_grad_norm        | 0.105     |
|    v_learning_rate    | 6.76e-09  |
|    value_loss         | 3.23e-06  |
-------------------------------------
--------------------------------------
| rollout/              |            |
|    ep_len_mean        | 500        |
|    ep_rew_mean        | -2.8e+03   |
| time/                 |            |
|    fps                | 57         |
|    iterations         | 7400       |
|    time_elapsed       | 1037       |
|    total_timesteps    | 59200      |
| train/                |            |
|    d_grad_norm        | 0.00233    |
|    d_learning_rate    | 2.63e-05   |
|    entropy_loss       | -1.48      |
|    explained_variance | 0.97950757 |
|    n_updates          | 7399       |
|    policy_loss        | -0.472     |
|    std                | 0.111      |
|    u_grad_norm        | 0.0113     |
|    u_learning_rate    | 2.63e-06   |
|    v_grad_norm        | 0.887      |
|    v_learning_rate    | 6.76e-09   |
|    value_loss         | 0.272      |
--------------------------------------
-------------------------------------
| rollout/              |           |
|    ep_len_mean        | 500       |
|    ep_rew_mean        | -3.61e+03 |
| time/                 |           |
|    fps                | 57        |
|    iterations         | 7400      |
|    time_elapsed       | 1037      |
|    total_timesteps    | 59200     |
| train/                |           |
|    d_grad_norm        | 0.0386    |
|    d_learning_rate    | 2.63e-05  |
|    entropy_loss       | -1.52     |
|    explained_variance | 0.9727245 |
|    n_updates          | 7399      |
|    policy_loss        | -1.06     |
|    std                | 0.153     |
|    u_grad_norm        | 0.121     |
|    u_learning_rate    | 2.63e-06  |
|    v_grad_norm        | 0.95      |
|    v_learning_rate    | 6.76e-09  |
|    value_loss         | 1.13      |
-------------------------------------
-------------------------------------
| rollout/              |           |
|    ep_len_mean        | 500       |
|    ep_rew_mean        | -1.75e+03 |
| time/                 |           |
|    fps                | 57        |
|    iterations         | 7400      |
|    time_elapsed       | 1037      |
|    total_timesteps    | 59200     |
| train/                |           |
|    d_grad_norm        | 0.00514   |
|    d_learning_rate    | 2.63e-05  |
|    entropy_loss       | -1.06     |
|    explained_variance | 0.9985768 |
|    n_updates          | 7399      |
|    policy_loss        | 0.179     |
|    std                | 0.225     |
|    u_grad_norm        | 0.237     |
|    u_learning_rate    | 2.63e-06  |
|    v_grad_norm        | 0.976     |
|    v_learning_rate    | 6.76e-09  |
|    value_loss         | 0.0664    |
-------------------------------------
--------------------------------------
| rollout/              |            |
|    ep_len_mean        | 500        |
|    ep_rew_mean        | -1.08e+03  |
| time/                 |            |
|    fps                | 57         |
|    iterations         | 7400       |
|    time_elapsed       | 1037       |
|    total_timesteps    | 59200      |
| train/                |            |
|    d_grad_norm        | 0.0104     |
|    d_learning_rate    | 2.63e-05   |
|    entropy_loss       | -2.04      |
|    explained_variance | 0.99728316 |
|    n_updates          | 7399       |
|    policy_loss        | -0.699     |
|    std                | 0.241      |
|    u_grad_norm        | 0.0111     |
|    u_learning_rate    | 2.63e-06   |
|    v_grad_norm        | 0.781      |
|    v_learning_rate    | 6.76e-09   |
|    value_loss         | 0.649      |
--------------------------------------
--------------------------------------
| rollout/              |            |
|    ep_len_mean        | 500        |
|    ep_rew_mean        | -2.95e+03  |
| time/                 |            |
|    fps                | 57         |
|    iterations         | 7400       |
|    time_elapsed       | 1037       |
|    total_timesteps    | 59200      |
| train/                |            |
|    d_grad_norm        | 0.0107     |
|    d_learning_rate    | 2.63e-05   |
|    entropy_loss       | -0.156     |
|    explained_variance | 0.99640733 |
|    n_updates          | 7399       |
|    policy_loss        | -0.057     |
|    std                | 0.117      |
|    u_grad_norm        | 0.287      |
|    u_learning_rate    | 2.63e-06   |
|    v_grad_norm        | 0.861      |
|    v_learning_rate    | 6.76e-09   |
|    value_loss         | 0.255      |
--------------------------------------
-------------------------------------
| rollout/              |           |
|    ep_len_mean        | 500       |
|    ep_rew_mean        | -1.36e+03 |
| time/                 |           |
|    fps                | 57        |
|    iterations         | 7400      |
|    time_elapsed       | 1037      |
|    total_timesteps    | 59200     |
| train/                |           |
|    d_grad_norm        | 0.00691   |
|    d_learning_rate    | 2.63e-05  |
|    entropy_loss       | 0.326     |
|    explained_variance | 0.5104396 |
|    n_updates          | 7399      |
|    policy_loss        | 0.000763  |
|    std                | 0.239     |
|    u_grad_norm        | 0.0299    |
|    u_learning_rate    | 2.63e-06  |
|    v_grad_norm        | 0.703     |
|    v_learning_rate    | 6.76e-09  |
|    value_loss         | 3.42e-05  |
-------------------------------------
-------------------------------------
| rollout/              |           |
|    ep_len_mean        | 500       |
|    ep_rew_mean        | -3.68e+03 |
| time/                 |           |
|    fps                | 57        |
|    iterations         | 7400      |
|    time_elapsed       | 1037      |
|    total_timesteps    | 59200     |
| train/                |           |
|    d_grad_norm        | 0.000617  |
|    d_learning_rate    | 2.63e-05  |
|    entropy_loss       | -1.48     |
|    explained_variance | 0.956952  |
|    n_updates          | 7399      |
|    policy_loss        | -0.0303   |
|    std                | 0.141     |
|    u_grad_norm        | 0.122     |
|    u_learning_rate    | 2.63e-06  |
|    v_grad_norm        | 0.81      |
|    v_learning_rate    | 6.76e-09  |
|    value_loss         | 0.981     |
-------------------------------------
--------------------------------------
| rollout/              |            |
|    ep_len_mean        | 500        |
|    ep_rew_mean        | -3.79e+03  |
| time/                 |            |
|    fps                | 57         |
|    iterations         | 7400       |
|    time_elapsed       | 1037       |
|    total_timesteps    | 59200      |
| train/                |            |
|    d_grad_norm        | 0.033      |
|    d_learning_rate    | 2.63e-05   |
|    entropy_loss       | 0.229      |
|    explained_variance | 0.43743443 |
|    n_updates          | 7399       |
|    policy_loss        | -1.94      |
|    std                | 0.147      |
|    u_grad_norm        | 0.0897     |
|    u_learning_rate    | 2.63e-06   |
|    v_grad_norm        | 0.911      |
|    v_learning_rate    | 6.76e-09   |
|    value_loss         | 9.25       |
--------------------------------------
