nohup: ignoring input
Using cuda device
Wrapping the env with a `Monitor` wrapper
Wrapping the env in a DummyVecEnv.
Wrapping the env with a `Monitor` wrapper
Wrapping the env in a DummyVecEnv.
---------------------------------------
| rollout/              |             |
|    ep_len_mean        | 500         |
|    ep_rew_mean        | -3.74e+03   |
| time/                 |             |
|    fps                | 6           |
|    iterations         | 100         |
|    time_elapsed       | 124         |
|    total_timesteps    | 800         |
| train/                |             |
|    d_grad_norm        | 1.03        |
|    d_learning_rate    | 0.025       |
|    entropy_loss       | -1.74       |
|    explained_variance | -0.11226523 |
|    n_updates          | 99          |
|    policy_loss        | -52.1       |
|    std                | 1.01        |
|    u_grad_norm        | 0.145       |
|    u_learning_rate    | 0.0025      |
|    v_grad_norm        | 0.928       |
|    v_learning_rate    | 0.0005      |
|    value_loss         | 758         |
---------------------------------------
Using cuda device
Wrapping the env with a `Monitor` wrapper
Wrapping the env in a DummyVecEnv.
Wrapping the env with a `Monitor` wrapper
Wrapping the env in a DummyVecEnv.
--------------------------------------
| rollout/              |            |
|    ep_len_mean        | 500        |
|    ep_rew_mean        | -3.15e+03  |
| time/                 |            |
|    fps                | 6          |
|    iterations         | 100        |
|    time_elapsed       | 124        |
|    total_timesteps    | 800        |
| train/                |            |
|    d_grad_norm        | 0.926      |
|    d_learning_rate    | 0.025      |
|    entropy_loss       | -2.2       |
|    explained_variance | 0.12911707 |
|    n_updates          | 99         |
|    policy_loss        | -30.9      |
|    std                | 1          |
|    u_grad_norm        | 0.0344     |
|    u_learning_rate    | 0.0025     |
|    v_grad_norm        | 0.875      |
|    v_learning_rate    | 0.0005     |
|    value_loss         | 316        |
--------------------------------------
Using cuda device
Wrapping the env with a `Monitor` wrapper
Wrapping the env in a DummyVecEnv.
Wrapping the env with a `Monitor` wrapper
Wrapping the env in a DummyVecEnv.
---------------------------------------
| rollout/              |             |
|    ep_len_mean        | 500         |
|    ep_rew_mean        | -3.6e+03    |
| time/                 |             |
|    fps                | 6           |
|    iterations         | 100         |
|    time_elapsed       | 124         |
|    total_timesteps    | 800         |
| train/                |             |
|    d_grad_norm        | 0.791       |
|    d_learning_rate    | 0.025       |
|    entropy_loss       | -1.79       |
|    explained_variance | 0.010397553 |
|    n_updates          | 99          |
|    policy_loss        | -15.3       |
|    std                | 0.994       |
|    u_grad_norm        | 0.0307      |
|    u_learning_rate    | 0.0025      |
|    v_grad_norm        | 0.866       |
|    v_learning_rate    | 0.0005      |
|    value_loss         | 135         |
---------------------------------------
Using cuda device
Wrapping the env with a `Monitor` wrapper
Wrapping the env in a DummyVecEnv.
Wrapping the env with a `Monitor` wrapper
Wrapping the env in a DummyVecEnv.
--------------------------------------
| rollout/              |            |
|    ep_len_mean        | 500        |
|    ep_rew_mean        | -3.06e+03  |
| time/                 |            |
|    fps                | 6          |
|    iterations         | 100        |
|    time_elapsed       | 124        |
|    total_timesteps    | 800        |
| train/                |            |
|    d_grad_norm        | 0.96       |
|    d_learning_rate    | 0.025      |
|    entropy_loss       | -1.04      |
|    explained_variance | 0.52776843 |
|    n_updates          | 99         |
|    policy_loss        | -2.9       |
|    std                | 1.03       |
|    u_grad_norm        | 0.0907     |
|    u_learning_rate    | 0.0025     |
|    v_grad_norm        | 0.892      |
|    v_learning_rate    | 0.0005     |
|    value_loss         | 10.5       |
--------------------------------------
Using cuda device
Wrapping the env with a `Monitor` wrapper
Wrapping the env in a DummyVecEnv.
Wrapping the env with a `Monitor` wrapper
Wrapping the env in a DummyVecEnv.
----------------------------------------
| rollout/              |              |
|    ep_len_mean        | 500          |
|    ep_rew_mean        | -2.69e+03    |
| time/                 |              |
|    fps                | 6            |
|    iterations         | 100          |
|    time_elapsed       | 124          |
|    total_timesteps    | 800          |
| train/                |              |
|    d_grad_norm        | 0.742        |
|    d_learning_rate    | 0.025        |
|    entropy_loss       | -2.11        |
|    explained_variance | -0.020571113 |
|    n_updates          | 99           |
|    policy_loss        | -70.7        |
|    std                | 1.01         |
|    u_grad_norm        | 0.0682       |
|    u_learning_rate    | 0.0025       |
|    v_grad_norm        | 0.888        |
|    v_learning_rate    | 0.0005       |
|    value_loss         | 1.01e+03     |
----------------------------------------
Using cuda device
Wrapping the env with a `Monitor` wrapper
Wrapping the env in a DummyVecEnv.
Wrapping the env with a `Monitor` wrapper
Wrapping the env in a DummyVecEnv.
----------------------------------------
| rollout/              |              |
|    ep_len_mean        | 500          |
|    ep_rew_mean        | -3.3e+03     |
| time/                 |              |
|    fps                | 6            |
|    iterations         | 100          |
|    time_elapsed       | 124          |
|    total_timesteps    | 800          |
| train/                |              |
|    d_grad_norm        | 0.807        |
|    d_learning_rate    | 0.025        |
|    entropy_loss       | -1.61        |
|    explained_variance | -0.017346144 |
|    n_updates          | 99           |
|    policy_loss        | -34.4        |
|    std                | 1.03         |
|    u_grad_norm        | 0.0296       |
|    u_learning_rate    | 0.0025       |
|    v_grad_norm        | 0.914        |
|    v_learning_rate    | 0.0005       |
|    value_loss         | 994          |
----------------------------------------
Using cuda device
Wrapping the env with a `Monitor` wrapper
Wrapping the env in a DummyVecEnv.
Wrapping the env with a `Monitor` wrapper
Wrapping the env in a DummyVecEnv.
----------------------------------------
| rollout/              |              |
|    ep_len_mean        | 500          |
|    ep_rew_mean        | -2.95e+03    |
| time/                 |              |
|    fps                | 6            |
|    iterations         | 100          |
|    time_elapsed       | 124          |
|    total_timesteps    | 800          |
| train/                |              |
|    d_grad_norm        | 0.966        |
|    d_learning_rate    | 0.025        |
|    entropy_loss       | -2.24        |
|    explained_variance | -0.026702762 |
|    n_updates          | 99           |
|    policy_loss        | -52.4        |
|    std                | 1.02         |
|    u_grad_norm        | 0.0447       |
|    u_learning_rate    | 0.0025       |
|    v_grad_norm        | 0.957        |
|    v_learning_rate    | 0.0005       |
|    value_loss         | 875          |
----------------------------------------
Using cuda device
Wrapping the env with a `Monitor` wrapper
Wrapping the env in a DummyVecEnv.
Wrapping the env with a `Monitor` wrapper
Wrapping the env in a DummyVecEnv.
--------------------------------------
| rollout/              |            |
|    ep_len_mean        | 500        |
|    ep_rew_mean        | -2.97e+03  |
| time/                 |            |
|    fps                | 6          |
|    iterations         | 100        |
|    time_elapsed       | 124        |
|    total_timesteps    | 800        |
| train/                |            |
|    d_grad_norm        | 0.986      |
|    d_learning_rate    | 0.025      |
|    entropy_loss       | -1.49      |
|    explained_variance | 0.09393573 |
|    n_updates          | 99         |
|    policy_loss        | -20.3      |
|    std                | 1          |
|    u_grad_norm        | 0.00812    |
|    u_learning_rate    | 0.0025     |
|    v_grad_norm        | 0.992      |
|    v_learning_rate    | 0.0005     |
|    value_loss         | 493        |
--------------------------------------
Using cuda device
Wrapping the env with a `Monitor` wrapper
Wrapping the env in a DummyVecEnv.
Wrapping the env with a `Monitor` wrapper
Wrapping the env in a DummyVecEnv.
---------------------------------------
| rollout/              |             |
|    ep_len_mean        | 500         |
|    ep_rew_mean        | -4.52e+03   |
| time/                 |             |
|    fps                | 6           |
|    iterations         | 100         |
|    time_elapsed       | 125         |
|    total_timesteps    | 800         |
| train/                |             |
|    d_grad_norm        | 0.97        |
|    d_learning_rate    | 0.025       |
|    entropy_loss       | -1.42       |
|    explained_variance | 0.049889147 |
|    n_updates          | 99          |
|    policy_loss        | -33         |
|    std                | 1.05        |
|    u_grad_norm        | 0.14        |
|    u_learning_rate    | 0.0025      |
|    v_grad_norm        | 0.918       |
|    v_learning_rate    | 0.0005      |
|    value_loss         | 739         |
---------------------------------------
Using cuda device
Wrapping the env with a `Monitor` wrapper
Wrapping the env in a DummyVecEnv.
Wrapping the env with a `Monitor` wrapper
Wrapping the env in a DummyVecEnv.
---------------------------------------
| rollout/              |             |
|    ep_len_mean        | 500         |
|    ep_rew_mean        | -3.22e+03   |
| time/                 |             |
|    fps                | 6           |
|    iterations         | 100         |
|    time_elapsed       | 125         |
|    total_timesteps    | 800         |
| train/                |             |
|    d_grad_norm        | 1.09        |
|    d_learning_rate    | 0.025       |
|    entropy_loss       | -0.889      |
|    explained_variance | 0.015084028 |
|    n_updates          | 99          |
|    policy_loss        | -20.7       |
|    std                | 0.99        |
|    u_grad_norm        | 0.0733      |
|    u_learning_rate    | 0.0025      |
|    v_grad_norm        | 1           |
|    v_learning_rate    | 0.0005      |
|    value_loss         | 733         |
---------------------------------------
-------------------------------------
| rollout/              |           |
|    ep_len_mean        | 500       |
|    ep_rew_mean        | -3.79e+03 |
| time/                 |           |
|    fps                | 6         |
|    iterations         | 200       |
|    time_elapsed       | 248       |
|    total_timesteps    | 1600      |
| train/                |           |
|    d_grad_norm        | 0.964     |
|    d_learning_rate    | 0.025     |
|    entropy_loss       | -2.36     |
|    explained_variance | 0.568938  |
|    n_updates          | 199       |
|    policy_loss        | -27.4     |
|    std                | 1.03      |
|    u_grad_norm        | 0.00468   |
|    u_learning_rate    | 0.0025    |
|    v_grad_norm        | 0.889     |
|    v_learning_rate    | 0.0005    |
|    value_loss         | 237       |
-------------------------------------
---------------------------------------
| rollout/              |             |
|    ep_len_mean        | 500         |
|    ep_rew_mean        | -2.71e+03   |
| time/                 |             |
|    fps                | 6           |
|    iterations         | 200         |
|    time_elapsed       | 249         |
|    total_timesteps    | 1600        |
| train/                |             |
|    d_grad_norm        | 1           |
|    d_learning_rate    | 0.025       |
|    entropy_loss       | -1.37       |
|    explained_variance | -0.21479142 |
|    n_updates          | 199         |
|    policy_loss        | -5.01       |
|    std                | 1.01        |
|    u_grad_norm        | 0.112       |
|    u_learning_rate    | 0.0025      |
|    v_grad_norm        | 1.01        |
|    v_learning_rate    | 0.0005      |
|    value_loss         | 11.5        |
---------------------------------------
--------------------------------------
| rollout/              |            |
|    ep_len_mean        | 500        |
|    ep_rew_mean        | -3.12e+03  |
| time/                 |            |
|    fps                | 6          |
|    iterations         | 200        |
|    time_elapsed       | 249        |
|    total_timesteps    | 1600       |
| train/                |            |
|    d_grad_norm        | 1          |
|    d_learning_rate    | 0.025      |
|    entropy_loss       | -1.46      |
|    explained_variance | -1.2915978 |
|    n_updates          | 199        |
|    policy_loss        | -13.1      |
|    std                | 1.02       |
|    u_grad_norm        | 0.00624    |
|    u_learning_rate    | 0.0025     |
|    v_grad_norm        | 0.929      |
|    v_learning_rate    | 0.0005     |
|    value_loss         | 221        |
--------------------------------------
---------------------------------------
| rollout/              |             |
|    ep_len_mean        | 500         |
|    ep_rew_mean        | -3.4e+03    |
| time/                 |             |
|    fps                | 6           |
|    iterations         | 200         |
|    time_elapsed       | 249         |
|    total_timesteps    | 1600        |
| train/                |             |
|    d_grad_norm        | 1.05        |
|    d_learning_rate    | 0.025       |
|    entropy_loss       | -0.59       |
|    explained_variance | -0.02082789 |
|    n_updates          | 199         |
|    policy_loss        | -3.03       |
|    std                | 0.988       |
|    u_grad_norm        | 0.00275     |
|    u_learning_rate    | 0.0025      |
|    v_grad_norm        | 0.972       |
|    v_learning_rate    | 0.0005      |
|    value_loss         | 829         |
---------------------------------------
-------------------------------------
| rollout/              |           |
|    ep_len_mean        | 500       |
|    ep_rew_mean        | -3.11e+03 |
| time/                 |           |
|    fps                | 6         |
|    iterations         | 200       |
|    time_elapsed       | 249       |
|    total_timesteps    | 1600      |
| train/                |           |
|    d_grad_norm        | 1.02      |
|    d_learning_rate    | 0.025     |
|    entropy_loss       | -1.42     |
|    explained_variance | 0.3828634 |
|    n_updates          | 199       |
|    policy_loss        | -17.1     |
|    std                | 0.988     |
|    u_grad_norm        | 0.00964   |
|    u_learning_rate    | 0.0025    |
|    v_grad_norm        | 0.932     |
|    v_learning_rate    | 0.0005    |
|    value_loss         | 226       |
-------------------------------------
-------------------------------------
| rollout/              |           |
|    ep_len_mean        | 500       |
|    ep_rew_mean        | -3.02e+03 |
| time/                 |           |
|    fps                | 6         |
|    iterations         | 200       |
|    time_elapsed       | 249       |
|    total_timesteps    | 1600      |
| train/                |           |
|    d_grad_norm        | 1.07      |
|    d_learning_rate    | 0.025     |
|    entropy_loss       | -1.1      |
|    explained_variance | 0.7731207 |
|    n_updates          | 199       |
|    policy_loss        | -5.91     |
|    std                | 1.06      |
|    u_grad_norm        | 0.0388    |
|    u_learning_rate    | 0.0025    |
|    v_grad_norm        | 0.984     |
|    v_learning_rate    | 0.0005    |
|    value_loss         | 74        |
-------------------------------------
---------------------------------------
| rollout/              |             |
|    ep_len_mean        | 500         |
|    ep_rew_mean        | -2.94e+03   |
| time/                 |             |
|    fps                | 6           |
|    iterations         | 200         |
|    time_elapsed       | 249         |
|    total_timesteps    | 1600        |
| train/                |             |
|    d_grad_norm        | 1.01        |
|    d_learning_rate    | 0.025       |
|    entropy_loss       | -1.19       |
|    explained_variance | -0.51187193 |
|    n_updates          | 199         |
|    policy_loss        | -23         |
|    std                | 1.04        |
|    u_grad_norm        | 0.0734      |
|    u_learning_rate    | 0.0025      |
|    v_grad_norm        | 1.12        |
|    v_learning_rate    | 0.0005      |
|    value_loss         | 648         |
---------------------------------------
-------------------------------------
| rollout/              |           |
|    ep_len_mean        | 500       |
|    ep_rew_mean        | -3.2e+03  |
| time/                 |           |
|    fps                | 6         |
|    iterations         | 200       |
|    time_elapsed       | 250       |
|    total_timesteps    | 1600      |
| train/                |           |
|    d_grad_norm        | 0.655     |
|    d_learning_rate    | 0.025     |
|    entropy_loss       | -2        |
|    explained_variance | 0.1539756 |
|    n_updates          | 199       |
|    policy_loss        | -40.7     |
|    std                | 1.04      |
|    u_grad_norm        | 0.0227    |
|    u_learning_rate    | 0.0025    |
|    v_grad_norm        | 0.843     |
|    v_learning_rate    | 0.0005    |
|    value_loss         | 784       |
-------------------------------------
--------------------------------------
| rollout/              |            |
|    ep_len_mean        | 500        |
|    ep_rew_mean        | -4.31e+03  |
| time/                 |            |
|    fps                | 6          |
|    iterations         | 200        |
|    time_elapsed       | 250        |
|    total_timesteps    | 1600       |
| train/                |            |
|    d_grad_norm        | 1.04       |
|    d_learning_rate    | 0.025      |
|    entropy_loss       | -2.17      |
|    explained_variance | 0.12955046 |
|    n_updates          | 199        |
|    policy_loss        | -57.8      |
|    std                | 1.07       |
|    u_grad_norm        | 0.0338     |
|    u_learning_rate    | 0.0025     |
|    v_grad_norm        | 0.91       |
|    v_learning_rate    | 0.0005     |
|    value_loss         | 481        |
--------------------------------------
-------------------------------------
| rollout/              |           |
|    ep_len_mean        | 500       |
|    ep_rew_mean        | -3.38e+03 |
| time/                 |           |
|    fps                | 6         |
|    iterations         | 200       |
|    time_elapsed       | 250       |
|    total_timesteps    | 1600      |
| train/                |           |
|    d_grad_norm        | 0.84      |
|    d_learning_rate    | 0.025     |
|    entropy_loss       | -2.49     |
|    explained_variance | 0.5897566 |
|    n_updates          | 199       |
|    policy_loss        | -10.2     |
|    std                | 0.987     |
|    u_grad_norm        | 0.0117    |
|    u_learning_rate    | 0.0025    |
|    v_grad_norm        | 0.871     |
|    v_learning_rate    | 0.0005    |
|    value_loss         | 42.6      |
-------------------------------------
--------------------------------------
| rollout/              |            |
|    ep_len_mean        | 500        |
|    ep_rew_mean        | -3.52e+03  |
| time/                 |            |
|    fps                | 6          |
|    iterations         | 300        |
|    time_elapsed       | 371        |
|    total_timesteps    | 2400       |
| train/                |            |
|    d_grad_norm        | 0.981      |
|    d_learning_rate    | 0.025      |
|    entropy_loss       | -1.46      |
|    explained_variance | 0.06522274 |
|    n_updates          | 299        |
|    policy_loss        | -39.5      |
|    std                | 1          |
|    u_grad_norm        | 0.0462     |
|    u_learning_rate    | 0.0025     |
|    v_grad_norm        | 0.941      |
|    v_learning_rate    | 0.0005     |
|    value_loss         | 240        |
--------------------------------------
--------------------------------------
| rollout/              |            |
|    ep_len_mean        | 500        |
|    ep_rew_mean        | -3.02e+03  |
| time/                 |            |
|    fps                | 6          |
|    iterations         | 300        |
|    time_elapsed       | 371        |
|    total_timesteps    | 2400       |
| train/                |            |
|    d_grad_norm        | 1.17       |
|    d_learning_rate    | 0.025      |
|    entropy_loss       | -0.659     |
|    explained_variance | -0.0862757 |
|    n_updates          | 299        |
|    policy_loss        | -41.8      |
|    std                | 1.05       |
|    u_grad_norm        | 0.14       |
|    u_learning_rate    | 0.0025     |
|    v_grad_norm        | 0.974      |
|    v_learning_rate    | 0.0005     |
|    value_loss         | 769        |
--------------------------------------
-------------------------------------
| rollout/              |           |
|    ep_len_mean        | 500       |
|    ep_rew_mean        | -3.12e+03 |
| time/                 |           |
|    fps                | 6         |
|    iterations         | 300       |
|    time_elapsed       | 371       |
|    total_timesteps    | 2400      |
| train/                |           |
|    d_grad_norm        | 1.04      |
|    d_learning_rate    | 0.025     |
|    entropy_loss       | -1.77     |
|    explained_variance | -3.26788  |
|    n_updates          | 299       |
|    policy_loss        | -43.9     |
|    std                | 1.03      |
|    u_grad_norm        | 0.0652    |
|    u_learning_rate    | 0.0025    |
|    v_grad_norm        | 0.98      |
|    v_learning_rate    | 0.0005    |
|    value_loss         | 265       |
-------------------------------------
---------------------------------------
| rollout/              |             |
|    ep_len_mean        | 500         |
|    ep_rew_mean        | -2.85e+03   |
| time/                 |             |
|    fps                | 6           |
|    iterations         | 300         |
|    time_elapsed       | 371         |
|    total_timesteps    | 2400        |
| train/                |             |
|    d_grad_norm        | 0.829       |
|    d_learning_rate    | 0.025       |
|    entropy_loss       | -0.554      |
|    explained_variance | 0.024125636 |
|    n_updates          | 299         |
|    policy_loss        | -2.58       |
|    std                | 1.01        |
|    u_grad_norm        | 0.0206      |
|    u_learning_rate    | 0.0025      |
|    v_grad_norm        | 0.952       |
|    v_learning_rate    | 0.0005      |
|    value_loss         | 678         |
---------------------------------------
---------------------------------------
| rollout/              |             |
|    ep_len_mean        | 500         |
|    ep_rew_mean        | -3.28e+03   |
| time/                 |             |
|    fps                | 6           |
|    iterations         | 300         |
|    time_elapsed       | 372         |
|    total_timesteps    | 2400        |
| train/                |             |
|    d_grad_norm        | 1.18        |
|    d_learning_rate    | 0.025       |
|    entropy_loss       | -0.809      |
|    explained_variance | 0.031886637 |
|    n_updates          | 299         |
|    policy_loss        | -20.2       |
|    std                | 0.983       |
|    u_grad_norm        | 0.0242      |
|    u_learning_rate    | 0.0025      |
|    v_grad_norm        | 0.89        |
|    v_learning_rate    | 0.0005      |
|    value_loss         | 625         |
---------------------------------------
---------------------------------------
| rollout/              |             |
|    ep_len_mean        | 500         |
|    ep_rew_mean        | -3.71e+03   |
| time/                 |             |
|    fps                | 6           |
|    iterations         | 300         |
|    time_elapsed       | 372         |
|    total_timesteps    | 2400        |
| train/                |             |
|    d_grad_norm        | 0.97        |
|    d_learning_rate    | 0.025       |
|    entropy_loss       | -1.65       |
|    explained_variance | -0.22318101 |
|    n_updates          | 299         |
|    policy_loss        | -48.8       |
|    std                | 1.03        |
|    u_grad_norm        | 0.032       |
|    u_learning_rate    | 0.0025      |
|    v_grad_norm        | 0.904       |
|    v_learning_rate    | 0.0005      |
|    value_loss         | 500         |
---------------------------------------
--------------------------------------
| rollout/              |            |
|    ep_len_mean        | 500        |
|    ep_rew_mean        | -3.23e+03  |
| time/                 |            |
|    fps                | 6          |
|    iterations         | 300        |
|    time_elapsed       | 372        |
|    total_timesteps    | 2400       |
| train/                |            |
|    d_grad_norm        | 1.14       |
|    d_learning_rate    | 0.025      |
|    entropy_loss       | -1.79      |
|    explained_variance | -0.5794041 |
|    n_updates          | 299        |
|    policy_loss        | -35.4      |
|    std                | 1.07       |
|    u_grad_norm        | 0.00794    |
|    u_learning_rate    | 0.0025     |
|    v_grad_norm        | 0.976      |
|    v_learning_rate    | 0.0005     |
|    value_loss         | 555        |
--------------------------------------
--------------------------------------
| rollout/              |            |
|    ep_len_mean        | 500        |
|    ep_rew_mean        | -3.13e+03  |
| time/                 |            |
|    fps                | 6          |
|    iterations         | 300        |
|    time_elapsed       | 372        |
|    total_timesteps    | 2400       |
| train/                |            |
|    d_grad_norm        | 0.878      |
|    d_learning_rate    | 0.025      |
|    entropy_loss       | -2.14      |
|    explained_variance | 0.75263447 |
|    n_updates          | 299        |
|    policy_loss        | -12.1      |
|    std                | 1.06       |
|    u_grad_norm        | 0.0293     |
|    u_learning_rate    | 0.0025     |
|    v_grad_norm        | 0.926      |
|    v_learning_rate    | 0.0005     |
|    value_loss         | 35.6       |
--------------------------------------
----------------------------------------
| rollout/              |              |
|    ep_len_mean        | 500          |
|    ep_rew_mean        | -4.3e+03     |
| time/                 |              |
|    fps                | 6            |
|    iterations         | 300          |
|    time_elapsed       | 373          |
|    total_timesteps    | 2400         |
| train/                |              |
|    d_grad_norm        | 0.905        |
|    d_learning_rate    | 0.025        |
|    entropy_loss       | -1.44        |
|    explained_variance | -0.123156905 |
|    n_updates          | 299          |
|    policy_loss        | -34.5        |
|    std                | 1.06         |
|    u_grad_norm        | 0.0661       |
|    u_learning_rate    | 0.0025       |
|    v_grad_norm        | 0.886        |
|    v_learning_rate    | 0.0005       |
|    value_loss         | 563          |
----------------------------------------
----------------------------------------
| rollout/              |              |
|    ep_len_mean        | 500          |
|    ep_rew_mean        | -3.36e+03    |
| time/                 |              |
|    fps                | 6            |
|    iterations         | 300          |
|    time_elapsed       | 373          |
|    total_timesteps    | 2400         |
| train/                |              |
|    d_grad_norm        | 1.09         |
|    d_learning_rate    | 0.025        |
|    entropy_loss       | -0.876       |
|    explained_variance | -0.024217844 |
|    n_updates          | 299          |
|    policy_loss        | -51.9        |
|    std                | 0.967        |
|    u_grad_norm        | 0.056        |
|    u_learning_rate    | 0.0025       |
|    v_grad_norm        | 0.955        |
|    v_learning_rate    | 0.0005       |
|    value_loss         | 795          |
----------------------------------------
--------------------------------------
| rollout/              |            |
|    ep_len_mean        | 500        |
|    ep_rew_mean        | -3.31e+03  |
| time/                 |            |
|    fps                | 6          |
|    iterations         | 400        |
|    time_elapsed       | 493        |
|    total_timesteps    | 3200       |
| train/                |            |
|    d_grad_norm        | 1.14       |
|    d_learning_rate    | 0.025      |
|    entropy_loss       | -0.859     |
|    explained_variance | 0.01974684 |
|    n_updates          | 399        |
|    policy_loss        | -25        |
|    std                | 1.06       |
|    u_grad_norm        | 0.0626     |
|    u_learning_rate    | 0.0025     |
|    v_grad_norm        | 0.93       |
|    v_learning_rate    | 0.000499   |
|    value_loss         | 617        |
--------------------------------------
--------------------------------------
| rollout/              |            |
|    ep_len_mean        | 500        |
|    ep_rew_mean        | -3.48e+03  |
| time/                 |            |
|    fps                | 6          |
|    iterations         | 400        |
|    time_elapsed       | 493        |
|    total_timesteps    | 3200       |
| train/                |            |
|    d_grad_norm        | 1.05       |
|    d_learning_rate    | 0.025      |
|    entropy_loss       | -1.53      |
|    explained_variance | 0.68424547 |
|    n_updates          | 399        |
|    policy_loss        | -15.6      |
|    std                | 1          |
|    u_grad_norm        | 0.0104     |
|    u_learning_rate    | 0.0025     |
|    v_grad_norm        | 0.949      |
|    v_learning_rate    | 0.000499   |
|    value_loss         | 187        |
--------------------------------------
--------------------------------------
| rollout/              |            |
|    ep_len_mean        | 500        |
|    ep_rew_mean        | -3.41e+03  |
| time/                 |            |
|    fps                | 6          |
|    iterations         | 400        |
|    time_elapsed       | 493        |
|    total_timesteps    | 3200       |
| train/                |            |
|    d_grad_norm        | 1.15       |
|    d_learning_rate    | 0.025      |
|    entropy_loss       | -1.52      |
|    explained_variance | 0.75847036 |
|    n_updates          | 399        |
|    policy_loss        | -7.67      |
|    std                | 0.974      |
|    u_grad_norm        | 0.00777    |
|    u_learning_rate    | 0.0025     |
|    v_grad_norm        | 0.888      |
|    v_learning_rate    | 0.000499   |
|    value_loss         | 64.2       |
--------------------------------------
--------------------------------------
| rollout/              |            |
|    ep_len_mean        | 500        |
|    ep_rew_mean        | -3.22e+03  |
| time/                 |            |
|    fps                | 6          |
|    iterations         | 400        |
|    time_elapsed       | 494        |
|    total_timesteps    | 3200       |
| train/                |            |
|    d_grad_norm        | 1.01       |
|    d_learning_rate    | 0.025      |
|    entropy_loss       | -1.16      |
|    explained_variance | 0.52414966 |
|    n_updates          | 399        |
|    policy_loss        | -15.7      |
|    std                | 1.01       |
|    u_grad_norm        | 0.0103     |
|    u_learning_rate    | 0.0025     |
|    v_grad_norm        | 0.945      |
|    v_learning_rate    | 0.000499   |
|    value_loss         | 391        |
--------------------------------------
--------------------------------------
| rollout/              |            |
|    ep_len_mean        | 500        |
|    ep_rew_mean        | -3.03e+03  |
| time/                 |            |
|    fps                | 6          |
|    iterations         | 400        |
|    time_elapsed       | 494        |
|    total_timesteps    | 3200       |
| train/                |            |
|    d_grad_norm        | 0.95       |
|    d_learning_rate    | 0.025      |
|    entropy_loss       | -1.53      |
|    explained_variance | -6.2416606 |
|    n_updates          | 399        |
|    policy_loss        | -25.7      |
|    std                | 1.02       |
|    u_grad_norm        | 0.0202     |
|    u_learning_rate    | 0.0025     |
|    v_grad_norm        | 0.929      |
|    v_learning_rate    | 0.000499   |
|    value_loss         | 445        |
--------------------------------------
-------------------------------------
| rollout/              |           |
|    ep_len_mean        | 500       |
|    ep_rew_mean        | -3.86e+03 |
| time/                 |           |
|    fps                | 6         |
|    iterations         | 400       |
|    time_elapsed       | 494       |
|    total_timesteps    | 3200      |
| train/                |           |
|    d_grad_norm        | 1.08      |
|    d_learning_rate    | 0.025     |
|    entropy_loss       | -1.24     |
|    explained_variance | 0.9212596 |
|    n_updates          | 399       |
|    policy_loss        | -0.693    |
|    std                | 1.03      |
|    u_grad_norm        | 0.0179    |
|    u_learning_rate    | 0.0025    |
|    v_grad_norm        | 0.949     |
|    v_learning_rate    | 0.000499  |
|    value_loss         | 1.92      |
-------------------------------------
--------------------------------------
| rollout/              |            |
|    ep_len_mean        | 500        |
|    ep_rew_mean        | -3.33e+03  |
| time/                 |            |
|    fps                | 6          |
|    iterations         | 400        |
|    time_elapsed       | 495        |
|    total_timesteps    | 3200       |
| train/                |            |
|    d_grad_norm        | 1.14       |
|    d_learning_rate    | 0.025      |
|    entropy_loss       | -1.93      |
|    explained_variance | 0.07359105 |
|    n_updates          | 399        |
|    policy_loss        | -33.4      |
|    std                | 1.07       |
|    u_grad_norm        | 0.0119     |
|    u_learning_rate    | 0.0025     |
|    v_grad_norm        | 1.04       |
|    v_learning_rate    | 0.000499   |
|    value_loss         | 531        |
--------------------------------------
--------------------------------------
| rollout/              |            |
|    ep_len_mean        | 500        |
|    ep_rew_mean        | -3.14e+03  |
| time/                 |            |
|    fps                | 6          |
|    iterations         | 400        |
|    time_elapsed       | 495        |
|    total_timesteps    | 3200       |
| train/                |            |
|    d_grad_norm        | 0.935      |
|    d_learning_rate    | 0.025      |
|    entropy_loss       | -1.57      |
|    explained_variance | 0.08918047 |
|    n_updates          | 399        |
|    policy_loss        | -8.73      |
|    std                | 1.05       |
|    u_grad_norm        | 0.00219    |
|    u_learning_rate    | 0.0025     |
|    v_grad_norm        | 1.02       |
|    v_learning_rate    | 0.000499   |
|    value_loss         | 71.9       |
--------------------------------------
---------------------------------------
| rollout/              |             |
|    ep_len_mean        | 500         |
|    ep_rew_mean        | -4.26e+03   |
| time/                 |             |
|    fps                | 6           |
|    iterations         | 400         |
|    time_elapsed       | 495         |
|    total_timesteps    | 3200        |
| train/                |             |
|    d_grad_norm        | 0.922       |
|    d_learning_rate    | 0.025       |
|    entropy_loss       | -1.25       |
|    explained_variance | -0.02613175 |
|    n_updates          | 399         |
|    policy_loss        | -17.5       |
|    std                | 1.05        |
|    u_grad_norm        | 0.00128     |
|    u_learning_rate    | 0.0025      |
|    v_grad_norm        | 0.939       |
|    v_learning_rate    | 0.000499    |
|    value_loss         | 242         |
---------------------------------------
--------------------------------------
| rollout/              |            |
|    ep_len_mean        | 500        |
|    ep_rew_mean        | -3.5e+03   |
| time/                 |            |
|    fps                | 6          |
|    iterations         | 400        |
|    time_elapsed       | 496        |
|    total_timesteps    | 3200       |
| train/                |            |
|    d_grad_norm        | 0.913      |
|    d_learning_rate    | 0.025      |
|    entropy_loss       | -1.87      |
|    explained_variance | 0.15719426 |
|    n_updates          | 399        |
|    policy_loss        | 11.5       |
|    std                | 0.968      |
|    u_grad_norm        | 0.0194     |
|    u_learning_rate    | 0.0025     |
|    v_grad_norm        | 0.861      |
|    v_learning_rate    | 0.000499   |
|    value_loss         | 56.1       |
--------------------------------------
-------------------------------------
| rollout/              |           |
|    ep_len_mean        | 500       |
|    ep_rew_mean        | -3.37e+03 |
| time/                 |           |
|    fps                | 6         |
|    iterations         | 500       |
|    time_elapsed       | 599       |
|    total_timesteps    | 4000      |
| train/                |           |
|    d_grad_norm        | 1.14      |
|    d_learning_rate    | 0.025     |
|    entropy_loss       | -0.14     |
|    explained_variance | 0.5706884 |
|    n_updates          | 499       |
|    policy_loss        | 5.71      |
|    std                | 1.05      |
|    u_grad_norm        | 0.00584   |
|    u_learning_rate    | 0.0025    |
|    v_grad_norm        | 1.05      |
|    v_learning_rate    | 0.000499  |
|    value_loss         | 262       |
-------------------------------------
-------------------------------------
| rollout/              |           |
|    ep_len_mean        | 500       |
|    ep_rew_mean        | -3.38e+03 |
| time/                 |           |
|    fps                | 6         |
|    iterations         | 500       |
|    time_elapsed       | 599       |
|    total_timesteps    | 4000      |
| train/                |           |
|    d_grad_norm        | 0.884     |
|    d_learning_rate    | 0.025     |
|    entropy_loss       | -2.96     |
|    explained_variance | 0.6639277 |
|    n_updates          | 499       |
|    policy_loss        | -12.4     |
|    std                | 1.02      |
|    u_grad_norm        | 0.0181    |
|    u_learning_rate    | 0.0025    |
|    v_grad_norm        | 1.06      |
|    v_learning_rate    | 0.000499  |
|    value_loss         | 84        |
-------------------------------------
---------------------------------------
| rollout/              |             |
|    ep_len_mean        | 500         |
|    ep_rew_mean        | -3.39e+03   |
| time/                 |             |
|    fps                | 6           |
|    iterations         | 500         |
|    time_elapsed       | 599         |
|    total_timesteps    | 4000        |
| train/                |             |
|    d_grad_norm        | 0.853       |
|    d_learning_rate    | 0.025       |
|    entropy_loss       | -0.995      |
|    explained_variance | -0.07279813 |
|    n_updates          | 499         |
|    policy_loss        | -20.2       |
|    std                | 1.01        |
|    u_grad_norm        | 0.0347      |
|    u_learning_rate    | 0.0025      |
|    v_grad_norm        | 0.941       |
|    v_learning_rate    | 0.000499    |
|    value_loss         | 411         |
---------------------------------------
--------------------------------------
| rollout/              |            |
|    ep_len_mean        | 500        |
|    ep_rew_mean        | -3.4e+03   |
| time/                 |            |
|    fps                | 6          |
|    iterations         | 500        |
|    time_elapsed       | 600        |
|    total_timesteps    | 4000       |
| train/                |            |
|    d_grad_norm        | 0.996      |
|    d_learning_rate    | 0.025      |
|    entropy_loss       | -1.07      |
|    explained_variance | -2.8436127 |
|    n_updates          | 499        |
|    policy_loss        | 15.7       |
|    std                | 0.98       |
|    u_grad_norm        | 0.0213     |
|    u_learning_rate    | 0.0025     |
|    v_grad_norm        | 0.902      |
|    v_learning_rate    | 0.000499   |
|    value_loss         | 293        |
--------------------------------------
-------------------------------------
| rollout/              |           |
|    ep_len_mean        | 500       |
|    ep_rew_mean        | -3.12e+03 |
| time/                 |           |
|    fps                | 6         |
|    iterations         | 500       |
|    time_elapsed       | 600       |
|    total_timesteps    | 4000      |
| train/                |           |
|    d_grad_norm        | 1.06      |
|    d_learning_rate    | 0.025     |
|    entropy_loss       | -1.56     |
|    explained_variance | 0.6555512 |
|    n_updates          | 499       |
|    policy_loss        | -18.7     |
|    std                | 1.04      |
|    u_grad_norm        | 0.0525    |
|    u_learning_rate    | 0.0025    |
|    v_grad_norm        | 0.933     |
|    v_learning_rate    | 0.000499  |
|    value_loss         | 138       |
-------------------------------------
---------------------------------------
| rollout/              |             |
|    ep_len_mean        | 500         |
|    ep_rew_mean        | -3.83e+03   |
| time/                 |             |
|    fps                | 6           |
|    iterations         | 500         |
|    time_elapsed       | 600         |
|    total_timesteps    | 4000        |
| train/                |             |
|    d_grad_norm        | 0.992       |
|    d_learning_rate    | 0.025       |
|    entropy_loss       | -1.77       |
|    explained_variance | -0.75843644 |
|    n_updates          | 499         |
|    policy_loss        | -15.8       |
|    std                | 1.04        |
|    u_grad_norm        | 0.0159      |
|    u_learning_rate    | 0.0025      |
|    v_grad_norm        | 0.909       |
|    v_learning_rate    | 0.000499    |
|    value_loss         | 162         |
---------------------------------------
--------------------------------------
| rollout/              |            |
|    ep_len_mean        | 500        |
|    ep_rew_mean        | -4.17e+03  |
| time/                 |            |
|    fps                | 6          |
|    iterations         | 500        |
|    time_elapsed       | 601        |
|    total_timesteps    | 4000       |
| train/                |            |
|    d_grad_norm        | 0.98       |
|    d_learning_rate    | 0.025      |
|    entropy_loss       | -1.44      |
|    explained_variance | 0.43058652 |
|    n_updates          | 499        |
|    policy_loss        | -14        |
|    std                | 1.06       |
|    u_grad_norm        | 0.0132     |
|    u_learning_rate    | 0.0025     |
|    v_grad_norm        | 0.895      |
|    v_learning_rate    | 0.000499   |
|    value_loss         | 209        |
--------------------------------------
--------------------------------------
| rollout/              |            |
|    ep_len_mean        | 500        |
|    ep_rew_mean        | -3.45e+03  |
| time/                 |            |
|    fps                | 6          |
|    iterations         | 500        |
|    time_elapsed       | 601        |
|    total_timesteps    | 4000       |
| train/                |            |
|    d_grad_norm        | 0.939      |
|    d_learning_rate    | 0.025      |
|    entropy_loss       | -1.48      |
|    explained_variance | 0.81282794 |
|    n_updates          | 499        |
|    policy_loss        | -3.88      |
|    std                | 1.1        |
|    u_grad_norm        | 0.0403     |
|    u_learning_rate    | 0.0025     |
|    v_grad_norm        | 0.889      |
|    v_learning_rate    | 0.000499   |
|    value_loss         | 20.7       |
--------------------------------------
--------------------------------------
| rollout/              |            |
|    ep_len_mean        | 500        |
|    ep_rew_mean        | -3.03e+03  |
| time/                 |            |
|    fps                | 6          |
|    iterations         | 500        |
|    time_elapsed       | 601        |
|    total_timesteps    | 4000       |
| train/                |            |
|    d_grad_norm        | 0.948      |
|    d_learning_rate    | 0.025      |
|    entropy_loss       | -1.37      |
|    explained_variance | -10.498122 |
|    n_updates          | 499        |
|    policy_loss        | 11.4       |
|    std                | 1.06       |
|    u_grad_norm        | 0.1        |
|    u_learning_rate    | 0.0025     |
|    v_grad_norm        | 0.896      |
|    v_learning_rate    | 0.000499   |
|    value_loss         | 53.3       |
--------------------------------------
---------------------------------------
| rollout/              |             |
|    ep_len_mean        | 500         |
|    ep_rew_mean        | -3.47e+03   |
| time/                 |             |
|    fps                | 6           |
|    iterations         | 500         |
|    time_elapsed       | 601         |
|    total_timesteps    | 4000        |
| train/                |             |
|    d_grad_norm        | 1.07        |
|    d_learning_rate    | 0.025       |
|    entropy_loss       | -0.971      |
|    explained_variance | -0.00961709 |
|    n_updates          | 499         |
|    policy_loss        | -74.6       |
|    std                | 0.957       |
|    u_grad_norm        | 0.225       |
|    u_learning_rate    | 0.0025      |
|    v_grad_norm        | 0.926       |
|    v_learning_rate    | 0.000499    |
|    value_loss         | 402         |
---------------------------------------
--------------------------------------
| rollout/              |            |
|    ep_len_mean        | 500        |
|    ep_rew_mean        | -3.5e+03   |
| time/                 |            |
|    fps                | 6          |
|    iterations         | 600        |
|    time_elapsed       | 725        |
|    total_timesteps    | 4800       |
| train/                |            |
|    d_grad_norm        | 1.06       |
|    d_learning_rate    | 0.025      |
|    entropy_loss       | -1.62      |
|    explained_variance | -1.5029778 |
|    n_updates          | 599        |
|    policy_loss        | -11.7      |
|    std                | 1.04       |
|    u_grad_norm        | 0.0294     |
|    u_learning_rate    | 0.0025     |
|    v_grad_norm        | 0.978      |
|    v_learning_rate    | 0.000499   |
|    value_loss         | 225        |
--------------------------------------
--------------------------------------
| rollout/              |            |
|    ep_len_mean        | 500        |
|    ep_rew_mean        | -3.38e+03  |
| time/                 |            |
|    fps                | 6          |
|    iterations         | 600        |
|    time_elapsed       | 725        |
|    total_timesteps    | 4800       |
| train/                |            |
|    d_grad_norm        | 1.02       |
|    d_learning_rate    | 0.025      |
|    entropy_loss       | -2.25      |
|    explained_variance | 0.30932444 |
|    n_updates          | 599        |
|    policy_loss        | -33.7      |
|    std                | 1.03       |
|    u_grad_norm        | 0.00492    |
|    u_learning_rate    | 0.0025     |
|    v_grad_norm        | 0.938      |
|    v_learning_rate    | 0.000499   |
|    value_loss         | 418        |
--------------------------------------
--------------------------------------
| rollout/              |            |
|    ep_len_mean        | 500        |
|    ep_rew_mean        | -3.46e+03  |
| time/                 |            |
|    fps                | 6          |
|    iterations         | 600        |
|    time_elapsed       | 725        |
|    total_timesteps    | 4800       |
| train/                |            |
|    d_grad_norm        | 0.802      |
|    d_learning_rate    | 0.025      |
|    entropy_loss       | -1.87      |
|    explained_variance | 0.16722143 |
|    n_updates          | 599        |
|    policy_loss        | -18.1      |
|    std                | 1          |
|    u_grad_norm        | 0.00613    |
|    u_learning_rate    | 0.0025     |
|    v_grad_norm        | 0.95       |
|    v_learning_rate    | 0.000499   |
|    value_loss         | 177        |
--------------------------------------
-------------------------------------
| rollout/              |           |
|    ep_len_mean        | 500       |
|    ep_rew_mean        | -3.32e+03 |
| time/                 |           |
|    fps                | 6         |
|    iterations         | 600       |
|    time_elapsed       | 725       |
|    total_timesteps    | 4800      |
| train/                |           |
|    d_grad_norm        | 0.971     |
|    d_learning_rate    | 0.025     |
|    entropy_loss       | -1.47     |
|    explained_variance | 0.8369831 |
|    n_updates          | 599       |
|    policy_loss        | 13.7      |
|    std                | 0.981     |
|    u_grad_norm        | 0.018     |
|    u_learning_rate    | 0.0025    |
|    v_grad_norm        | 0.882     |
|    v_learning_rate    | 0.000499  |
|    value_loss         | 139       |
-------------------------------------
----------------------------------------
| rollout/              |              |
|    ep_len_mean        | 500          |
|    ep_rew_mean        | -3.24e+03    |
| time/                 |              |
|    fps                | 6            |
|    iterations         | 600          |
|    time_elapsed       | 726          |
|    total_timesteps    | 4800         |
| train/                |              |
|    d_grad_norm        | 1.06         |
|    d_learning_rate    | 0.025        |
|    entropy_loss       | -1.58        |
|    explained_variance | -0.050460696 |
|    n_updates          | 599          |
|    policy_loss        | -24.1        |
|    std                | 1.04         |
|    u_grad_norm        | 0.0109       |
|    u_learning_rate    | 0.0025       |
|    v_grad_norm        | 0.934        |
|    v_learning_rate    | 0.000499     |
|    value_loss         | 611          |
----------------------------------------
--------------------------------------
| rollout/              |            |
|    ep_len_mean        | 500        |
|    ep_rew_mean        | -3.83e+03  |
| time/                 |            |
|    fps                | 6          |
|    iterations         | 600        |
|    time_elapsed       | 726        |
|    total_timesteps    | 4800       |
| train/                |            |
|    d_grad_norm        | 1.02       |
|    d_learning_rate    | 0.025      |
|    entropy_loss       | -1.52      |
|    explained_variance | -0.8125446 |
|    n_updates          | 599        |
|    policy_loss        | -7.5       |
|    std                | 1.04       |
|    u_grad_norm        | 0.0113     |
|    u_learning_rate    | 0.0025     |
|    v_grad_norm        | 0.852      |
|    v_learning_rate    | 0.000499   |
|    value_loss         | 36.7       |
--------------------------------------
--------------------------------------
| rollout/              |            |
|    ep_len_mean        | 500        |
|    ep_rew_mean        | -4.18e+03  |
| time/                 |            |
|    fps                | 6          |
|    iterations         | 600        |
|    time_elapsed       | 726        |
|    total_timesteps    | 4800       |
| train/                |            |
|    d_grad_norm        | 1.09       |
|    d_learning_rate    | 0.025      |
|    entropy_loss       | -1.82      |
|    explained_variance | 0.74968284 |
|    n_updates          | 599        |
|    policy_loss        | -8.49      |
|    std                | 1.06       |
|    u_grad_norm        | 0.0401     |
|    u_learning_rate    | 0.0025     |
|    v_grad_norm        | 0.88       |
|    v_learning_rate    | 0.000499   |
|    value_loss         | 38.5       |
--------------------------------------
---------------------------------------
| rollout/              |             |
|    ep_len_mean        | 500         |
|    ep_rew_mean        | -3.02e+03   |
| time/                 |             |
|    fps                | 6           |
|    iterations         | 600         |
|    time_elapsed       | 727         |
|    total_timesteps    | 4800        |
| train/                |             |
|    d_grad_norm        | 1.12        |
|    d_learning_rate    | 0.025       |
|    entropy_loss       | -1.37       |
|    explained_variance | -0.13813865 |
|    n_updates          | 599         |
|    policy_loss        | -20.8       |
|    std                | 1.06        |
|    u_grad_norm        | 0.0302      |
|    u_learning_rate    | 0.0025      |
|    v_grad_norm        | 0.882       |
|    v_learning_rate    | 0.000499    |
|    value_loss         | 460         |
---------------------------------------
-------------------------------------
| rollout/              |           |
|    ep_len_mean        | 500       |
|    ep_rew_mean        | -3.42e+03 |
| time/                 |           |
|    fps                | 6         |
|    iterations         | 600       |
|    time_elapsed       | 728       |
|    total_timesteps    | 4800      |
| train/                |           |
|    d_grad_norm        | 0.941     |
|    d_learning_rate    | 0.025     |
|    entropy_loss       | -1.37     |
|    explained_variance | 0.6105391 |
|    n_updates          | 599       |
|    policy_loss        | -14.7     |
|    std                | 0.955     |
|    u_grad_norm        | 0.013     |
|    u_learning_rate    | 0.0025    |
|    v_grad_norm        | 1.01      |
|    v_learning_rate    | 0.000499  |
|    value_loss         | 172       |
-------------------------------------
--------------------------------------
| rollout/              |            |
|    ep_len_mean        | 500        |
|    ep_rew_mean        | -3.46e+03  |
| time/                 |            |
|    fps                | 6          |
|    iterations         | 600        |
|    time_elapsed       | 728        |
|    total_timesteps    | 4800       |
| train/                |            |
|    d_grad_norm        | 1.16       |
|    d_learning_rate    | 0.025      |
|    entropy_loss       | -2.43      |
|    explained_variance | -1.1056695 |
|    n_updates          | 599        |
|    policy_loss        | -52.2      |
|    std                | 1.09       |
|    u_grad_norm        | 0.0193     |
|    u_learning_rate    | 0.0025     |
|    v_grad_norm        | 1.03       |
|    v_learning_rate    | 0.000499   |
|    value_loss         | 642        |
--------------------------------------
--------------------------------------
| rollout/              |            |
|    ep_len_mean        | 500        |
|    ep_rew_mean        | -3.55e+03  |
| time/                 |            |
|    fps                | 6          |
|    iterations         | 700        |
|    time_elapsed       | 848        |
|    total_timesteps    | 5600       |
| train/                |            |
|    d_grad_norm        | 1.04       |
|    d_learning_rate    | 0.0249     |
|    entropy_loss       | -1.2       |
|    explained_variance | -5.0029445 |
|    n_updates          | 699        |
|    policy_loss        | -2.49      |
|    std                | 1.03       |
|    u_grad_norm        | 0.00979    |
|    u_learning_rate    | 0.00249    |
|    v_grad_norm        | 0.91       |
|    v_learning_rate    | 0.000499   |
|    value_loss         | 177        |
--------------------------------------
--------------------------------------
| rollout/              |            |
|    ep_len_mean        | 500        |
|    ep_rew_mean        | -3.26e+03  |
| time/                 |            |
|    fps                | 6          |
|    iterations         | 700        |
|    time_elapsed       | 850        |
|    total_timesteps    | 5600       |
| train/                |            |
|    d_grad_norm        | 1.02       |
|    d_learning_rate    | 0.0249     |
|    entropy_loss       | -2.13      |
|    explained_variance | 0.48912543 |
|    n_updates          | 699        |
|    policy_loss        | 5          |
|    std                | 0.975      |
|    u_grad_norm        | 0.00566    |
|    u_learning_rate    | 0.00249    |
|    v_grad_norm        | 0.868      |
|    v_learning_rate    | 0.000499   |
|    value_loss         | 69.1       |
--------------------------------------
-------------------------------------
| rollout/              |           |
|    ep_len_mean        | 500       |
|    ep_rew_mean        | -3.54e+03 |
| time/                 |           |
|    fps                | 6         |
|    iterations         | 700       |
|    time_elapsed       | 850       |
|    total_timesteps    | 5600      |
| train/                |           |
|    d_grad_norm        | 1         |
|    d_learning_rate    | 0.0249    |
|    entropy_loss       | -2.06     |
|    explained_variance | 0.6129069 |
|    n_updates          | 699       |
|    policy_loss        | -35.3     |
|    std                | 1.03      |
|    u_grad_norm        | 0.0882    |
|    u_learning_rate    | 0.00249   |
|    v_grad_norm        | 0.846     |
|    v_learning_rate    | 0.000499  |
|    value_loss         | 209       |
-------------------------------------
-------------------------------------
| rollout/              |           |
|    ep_len_mean        | 500       |
|    ep_rew_mean        | -3.56e+03 |
| time/                 |           |
|    fps                | 6         |
|    iterations         | 700       |
|    time_elapsed       | 850       |
|    total_timesteps    | 5600      |
| train/                |           |
|    d_grad_norm        | 1         |
|    d_learning_rate    | 0.0249    |
|    entropy_loss       | -1.82     |
|    explained_variance | 0.652604  |
|    n_updates          | 699       |
|    policy_loss        | -33.1     |
|    std                | 1         |
|    u_grad_norm        | 0.00388   |
|    u_learning_rate    | 0.00249   |
|    v_grad_norm        | 1.01      |
|    v_learning_rate    | 0.000499  |
|    value_loss         | 645       |
-------------------------------------
--------------------------------------
| rollout/              |            |
|    ep_len_mean        | 500        |
|    ep_rew_mean        | -3.22e+03  |
| time/                 |            |
|    fps                | 6          |
|    iterations         | 700        |
|    time_elapsed       | 850        |
|    total_timesteps    | 5600       |
| train/                |            |
|    d_grad_norm        | 1.17       |
|    d_learning_rate    | 0.0249     |
|    entropy_loss       | -1.13      |
|    explained_variance | -1.9056785 |
|    n_updates          | 699        |
|    policy_loss        | -43.7      |
|    std                | 1.04       |
|    u_grad_norm        | 0.0259     |
|    u_learning_rate    | 0.00249    |
|    v_grad_norm        | 0.945      |
|    v_learning_rate    | 0.000499   |
|    value_loss         | 466        |
--------------------------------------
---------------------------------------
| rollout/              |             |
|    ep_len_mean        | 500         |
|    ep_rew_mean        | -3.82e+03   |
| time/                 |             |
|    fps                | 6           |
|    iterations         | 700         |
|    time_elapsed       | 850         |
|    total_timesteps    | 5600        |
| train/                |             |
|    d_grad_norm        | 1.04        |
|    d_learning_rate    | 0.0249      |
|    entropy_loss       | -1.66       |
|    explained_variance | -0.16634834 |
|    n_updates          | 699         |
|    policy_loss        | -5.17       |
|    std                | 1.03        |
|    u_grad_norm        | 0.0231      |
|    u_learning_rate    | 0.00249     |
|    v_grad_norm        | 0.864       |
|    v_learning_rate    | 0.000499    |
|    value_loss         | 12.9        |
---------------------------------------
--------------------------------------
| rollout/              |            |
|    ep_len_mean        | 500        |
|    ep_rew_mean        | -4.23e+03  |
| time/                 |            |
|    fps                | 6          |
|    iterations         | 700        |
|    time_elapsed       | 851        |
|    total_timesteps    | 5600       |
| train/                |            |
|    d_grad_norm        | 0.931      |
|    d_learning_rate    | 0.0249     |
|    entropy_loss       | -2.38      |
|    explained_variance | -1.5366685 |
|    n_updates          | 699        |
|    policy_loss        | 1.03       |
|    std                | 1.06       |
|    u_grad_norm        | 0.0672     |
|    u_learning_rate    | 0.00249    |
|    v_grad_norm        | 0.791      |
|    v_learning_rate    | 0.000499   |
|    value_loss         | 68.9       |
--------------------------------------
----------------------------------------
| rollout/              |              |
|    ep_len_mean        | 500          |
|    ep_rew_mean        | -3.02e+03    |
| time/                 |              |
|    fps                | 6            |
|    iterations         | 700          |
|    time_elapsed       | 852          |
|    total_timesteps    | 5600         |
| train/                |              |
|    d_grad_norm        | 1.12         |
|    d_learning_rate    | 0.0249       |
|    entropy_loss       | -1.35        |
|    explained_variance | -0.018551111 |
|    n_updates          | 699          |
|    policy_loss        | -48.8        |
|    std                | 1.06         |
|    u_grad_norm        | 0.0301       |
|    u_learning_rate    | 0.00249      |
|    v_grad_norm        | 0.895        |
|    v_learning_rate    | 0.000499     |
|    value_loss         | 921          |
----------------------------------------
---------------------------------------
| rollout/              |             |
|    ep_len_mean        | 500         |
|    ep_rew_mean        | -3.55e+03   |
| time/                 |             |
|    fps                | 6           |
|    iterations         | 700         |
|    time_elapsed       | 852         |
|    total_timesteps    | 5600        |
| train/                |             |
|    d_grad_norm        | 1.1         |
|    d_learning_rate    | 0.0249      |
|    entropy_loss       | -0.831      |
|    explained_variance | 0.011306882 |
|    n_updates          | 699         |
|    policy_loss        | -20.2       |
|    std                | 0.954       |
|    u_grad_norm        | 0.0236      |
|    u_learning_rate    | 0.00249     |
|    v_grad_norm        | 0.929       |
|    v_learning_rate    | 0.000499    |
|    value_loss         | 339         |
---------------------------------------
--------------------------------------
| rollout/              |            |
|    ep_len_mean        | 500        |
|    ep_rew_mean        | -3.51e+03  |
| time/                 |            |
|    fps                | 6          |
|    iterations         | 700        |
|    time_elapsed       | 853        |
|    total_timesteps    | 5600       |
| train/                |            |
|    d_grad_norm        | 1.05       |
|    d_learning_rate    | 0.0249     |
|    entropy_loss       | -1.15      |
|    explained_variance | -0.2688285 |
|    n_updates          | 699        |
|    policy_loss        | -13.5      |
|    std                | 1.08       |
|    u_grad_norm        | 0.0164     |
|    u_learning_rate    | 0.00249    |
|    v_grad_norm        | 1.04       |
|    v_learning_rate    | 0.000499   |
|    value_loss         | 459        |
--------------------------------------
--------------------------------------
| rollout/              |            |
|    ep_len_mean        | 500        |
|    ep_rew_mean        | -3.58e+03  |
| time/                 |            |
|    fps                | 6          |
|    iterations         | 800        |
|    time_elapsed       | 971        |
|    total_timesteps    | 6400       |
| train/                |            |
|    d_grad_norm        | 1.06       |
|    d_learning_rate    | 0.0249     |
|    entropy_loss       | -1.25      |
|    explained_variance | 0.75499696 |
|    n_updates          | 799        |
|    policy_loss        | -13.6      |
|    std                | 1.04       |
|    u_grad_norm        | 0.00483    |
|    u_learning_rate    | 0.00249    |
|    v_grad_norm        | 0.967      |
|    v_learning_rate    | 0.000499   |
|    value_loss         | 311        |
--------------------------------------
--------------------------------------
| rollout/              |            |
|    ep_len_mean        | 500        |
|    ep_rew_mean        | -3.48e+03  |
| time/                 |            |
|    fps                | 6          |
|    iterations         | 800        |
|    time_elapsed       | 972        |
|    total_timesteps    | 6400       |
| train/                |            |
|    d_grad_norm        | 0.892      |
|    d_learning_rate    | 0.0249     |
|    entropy_loss       | -3.01      |
|    explained_variance | 0.55819976 |
|    n_updates          | 799        |
|    policy_loss        | -7.87      |
|    std                | 1.02       |
|    u_grad_norm        | 0.0358     |
|    u_learning_rate    | 0.00249    |
|    v_grad_norm        | 0.947      |
|    v_learning_rate    | 0.000499   |
|    value_loss         | 45.8       |
--------------------------------------
---------------------------------------
| rollout/              |             |
|    ep_len_mean        | 500         |
|    ep_rew_mean        | -3.85e+03   |
| time/                 |             |
|    fps                | 6           |
|    iterations         | 800         |
|    time_elapsed       | 973         |
|    total_timesteps    | 6400        |
| train/                |             |
|    d_grad_norm        | 1.14        |
|    d_learning_rate    | 0.0249      |
|    entropy_loss       | -1.81       |
|    explained_variance | -0.39570713 |
|    n_updates          | 799         |
|    policy_loss        | 3.99        |
|    std                | 1.03        |
|    u_grad_norm        | 0.0059      |
|    u_learning_rate    | 0.00249     |
|    v_grad_norm        | 0.885       |
|    v_learning_rate    | 0.000499    |
|    value_loss         | 15.3        |
---------------------------------------
-------------------------------------
| rollout/              |           |
|    ep_len_mean        | 500       |
|    ep_rew_mean        | -3.25e+03 |
| time/                 |           |
|    fps                | 6         |
|    iterations         | 800       |
|    time_elapsed       | 973       |
|    total_timesteps    | 6400      |
| train/                |           |
|    d_grad_norm        | 1.14      |
|    d_learning_rate    | 0.0249    |
|    entropy_loss       | -0.842    |
|    explained_variance | 0.6418172 |
|    n_updates          | 799       |
|    policy_loss        | -6.49     |
|    std                | 0.979     |
|    u_grad_norm        | 0.00627   |
|    u_learning_rate    | 0.00249   |
|    v_grad_norm        | 1.05      |
|    v_learning_rate    | 0.000499  |
|    value_loss         | 74        |
-------------------------------------
---------------------------------------
| rollout/              |             |
|    ep_len_mean        | 500         |
|    ep_rew_mean        | -3.23e+03   |
| time/                 |             |
|    fps                | 6           |
|    iterations         | 800         |
|    time_elapsed       | 973         |
|    total_timesteps    | 6400        |
| train/                |             |
|    d_grad_norm        | 0.888       |
|    d_learning_rate    | 0.0249      |
|    entropy_loss       | -2.68       |
|    explained_variance | -0.16100502 |
|    n_updates          | 799         |
|    policy_loss        | -25.8       |
|    std                | 1.07        |
|    u_grad_norm        | 0.00146     |
|    u_learning_rate    | 0.00249     |
|    v_grad_norm        | 0.927       |
|    v_learning_rate    | 0.000499    |
|    value_loss         | 211         |
---------------------------------------
---------------------------------------
| rollout/              |             |
|    ep_len_mean        | 500         |
|    ep_rew_mean        | -3.6e+03    |
| time/                 |             |
|    fps                | 6           |
|    iterations         | 800         |
|    time_elapsed       | 973         |
|    total_timesteps    | 6400        |
| train/                |             |
|    d_grad_norm        | 0.977       |
|    d_learning_rate    | 0.0249      |
|    entropy_loss       | -1.46       |
|    explained_variance | -0.52979493 |
|    n_updates          | 799         |
|    policy_loss        | -23.5       |
|    std                | 0.993       |
|    u_grad_norm        | 0.222       |
|    u_learning_rate    | 0.00249     |
|    v_grad_norm        | 0.843       |
|    v_learning_rate    | 0.000499    |
|    value_loss         | 45.3        |
---------------------------------------
--------------------------------------
| rollout/              |            |
|    ep_len_mean        | 500        |
|    ep_rew_mean        | -4.22e+03  |
| time/                 |            |
|    fps                | 6          |
|    iterations         | 800        |
|    time_elapsed       | 974        |
|    total_timesteps    | 6400       |
| train/                |            |
|    d_grad_norm        | 0.93       |
|    d_learning_rate    | 0.0249     |
|    entropy_loss       | -1.48      |
|    explained_variance | 0.70419586 |
|    n_updates          | 799        |
|    policy_loss        | 2.02       |
|    std                | 1.07       |
|    u_grad_norm        | 0.0119     |
|    u_learning_rate    | 0.00249    |
|    v_grad_norm        | 0.918      |
|    v_learning_rate    | 0.000499   |
|    value_loss         | 4.28       |
--------------------------------------
--------------------------------------
| rollout/              |            |
|    ep_len_mean        | 500        |
|    ep_rew_mean        | -3.01e+03  |
| time/                 |            |
|    fps                | 6          |
|    iterations         | 800        |
|    time_elapsed       | 975        |
|    total_timesteps    | 6400       |
| train/                |            |
|    d_grad_norm        | 0.909      |
|    d_learning_rate    | 0.0249     |
|    entropy_loss       | -1.64      |
|    explained_variance | -6.9127455 |
|    n_updates          | 799        |
|    policy_loss        | -76.2      |
|    std                | 1.07       |
|    u_grad_norm        | 0.0362     |
|    u_learning_rate    | 0.00249    |
|    v_grad_norm        | 0.911      |
|    v_learning_rate    | 0.000499   |
|    value_loss         | 459        |
--------------------------------------
---------------------------------------
| rollout/              |             |
|    ep_len_mean        | 500         |
|    ep_rew_mean        | -3.62e+03   |
| time/                 |             |
|    fps                | 6           |
|    iterations         | 800         |
|    time_elapsed       | 975         |
|    total_timesteps    | 6400        |
| train/                |             |
|    d_grad_norm        | 1.1         |
|    d_learning_rate    | 0.0249      |
|    entropy_loss       | -1.02       |
|    explained_variance | -0.09423792 |
|    n_updates          | 799         |
|    policy_loss        | -10.2       |
|    std                | 0.956       |
|    u_grad_norm        | 0.00554     |
|    u_learning_rate    | 0.00249     |
|    v_grad_norm        | 0.911       |
|    v_learning_rate    | 0.000499    |
|    value_loss         | 160         |
---------------------------------------
--------------------------------------
| rollout/              |            |
|    ep_len_mean        | 500        |
|    ep_rew_mean        | -3.55e+03  |
| time/                 |            |
|    fps                | 6          |
|    iterations         | 800        |
|    time_elapsed       | 976        |
|    total_timesteps    | 6400       |
| train/                |            |
|    d_grad_norm        | 1.1        |
|    d_learning_rate    | 0.0249     |
|    entropy_loss       | -1.12      |
|    explained_variance | 0.78099024 |
|    n_updates          | 799        |
|    policy_loss        | -38        |
|    std                | 1.1        |
|    u_grad_norm        | 0.00789    |
|    u_learning_rate    | 0.00249    |
|    v_grad_norm        | 1.06       |
|    v_learning_rate    | 0.000499   |
|    value_loss         | 200        |
--------------------------------------
-------------------------------------
| rollout/              |           |
|    ep_len_mean        | 500       |
|    ep_rew_mean        | -3.6e+03  |
| time/                 |           |
|    fps                | 6         |
|    iterations         | 900       |
|    time_elapsed       | 1094      |
|    total_timesteps    | 7200      |
| train/                |           |
|    d_grad_norm        | 1.17      |
|    d_learning_rate    | 0.0249    |
|    entropy_loss       | -0.621    |
|    explained_variance | 0.9638836 |
|    n_updates          | 899       |
|    policy_loss        | -0.0519   |
|    std                | 1.04      |
|    u_grad_norm        | 0.00451   |
|    u_learning_rate    | 0.00249   |
|    v_grad_norm        | 0.928     |
|    v_learning_rate    | 0.000499  |
|    value_loss         | 1.28      |
-------------------------------------
---------------------------------------
| rollout/              |             |
|    ep_len_mean        | 500         |
|    ep_rew_mean        | -3.54e+03   |
| time/                 |             |
|    fps                | 6           |
|    iterations         | 900         |
|    time_elapsed       | 1094        |
|    total_timesteps    | 7200        |
| train/                |             |
|    d_grad_norm        | 1.06        |
|    d_learning_rate    | 0.0249      |
|    entropy_loss       | -1.39       |
|    explained_variance | -0.49223745 |
|    n_updates          | 899         |
|    policy_loss        | -45.8       |
|    std                | 1.02        |
|    u_grad_norm        | 0.0679      |
|    u_learning_rate    | 0.00249     |
|    v_grad_norm        | 0.966       |
|    v_learning_rate    | 0.000499    |
|    value_loss         | 666         |
---------------------------------------
--------------------------------------
| rollout/              |            |
|    ep_len_mean        | 500        |
|    ep_rew_mean        | -3.26e+03  |
| time/                 |            |
|    fps                | 6          |
|    iterations         | 900        |
|    time_elapsed       | 1095       |
|    total_timesteps    | 7200       |
| train/                |            |
|    d_grad_norm        | 1.02       |
|    d_learning_rate    | 0.0249     |
|    entropy_loss       | -0.873     |
|    explained_variance | -6.2480545 |
|    n_updates          | 899        |
|    policy_loss        | -11        |
|    std                | 0.992      |
|    u_grad_norm        | 0.0102     |
|    u_learning_rate    | 0.00249    |
|    v_grad_norm        | 0.876      |
|    v_learning_rate    | 0.000499   |
|    value_loss         | 291        |
--------------------------------------
-------------------------------------
| rollout/              |           |
|    ep_len_mean        | 500       |
|    ep_rew_mean        | -3.88e+03 |
| time/                 |           |
|    fps                | 6         |
|    iterations         | 900       |
|    time_elapsed       | 1095      |
|    total_timesteps    | 7200      |
| train/                |           |
|    d_grad_norm        | 1.05      |
|    d_learning_rate    | 0.0249    |
|    entropy_loss       | -1.89     |
|    explained_variance | 0.7526871 |
|    n_updates          | 899       |
|    policy_loss        | -10.8     |
|    std                | 1.03      |
|    u_grad_norm        | 0.00446   |
|    u_learning_rate    | 0.00249   |
|    v_grad_norm        | 0.957     |
|    v_learning_rate    | 0.000499  |
|    value_loss         | 55.3      |
-------------------------------------
--------------------------------------
| rollout/              |            |
|    ep_len_mean        | 500        |
|    ep_rew_mean        | -3.69e+03  |
| time/                 |            |
|    fps                | 6          |
|    iterations         | 900        |
|    time_elapsed       | 1095       |
|    total_timesteps    | 7200       |
| train/                |            |
|    d_grad_norm        | 0.922      |
|    d_learning_rate    | 0.0249     |
|    entropy_loss       | -0.986     |
|    explained_variance | 0.12222153 |
|    n_updates          | 899        |
|    policy_loss        | -4.65      |
|    std                | 0.988      |
|    u_grad_norm        | 0.0202     |
|    u_learning_rate    | 0.00249    |
|    v_grad_norm        | 0.916      |
|    v_learning_rate    | 0.000499   |
|    value_loss         | 18.4       |
--------------------------------------
---------------------------------------
| rollout/              |             |
|    ep_len_mean        | 500         |
|    ep_rew_mean        | -3.2e+03    |
| time/                 |             |
|    fps                | 6           |
|    iterations         | 900         |
|    time_elapsed       | 1095        |
|    total_timesteps    | 7200        |
| train/                |             |
|    d_grad_norm        | 0.923       |
|    d_learning_rate    | 0.0249      |
|    entropy_loss       | -2.57       |
|    explained_variance | 0.014473021 |
|    n_updates          | 899         |
|    policy_loss        | 4.74        |
|    std                | 1.06        |
|    u_grad_norm        | 0.0109      |
|    u_learning_rate    | 0.00249     |
|    v_grad_norm        | 0.917       |
|    v_learning_rate    | 0.000499    |
|    value_loss         | 53.9        |
---------------------------------------
---------------------------------------
| rollout/              |             |
|    ep_len_mean        | 500         |
|    ep_rew_mean        | -4.22e+03   |
| time/                 |             |
|    fps                | 6           |
|    iterations         | 900         |
|    time_elapsed       | 1097        |
|    total_timesteps    | 7200        |
| train/                |             |
|    d_grad_norm        | 0.884       |
|    d_learning_rate    | 0.0249      |
|    entropy_loss       | -1.34       |
|    explained_variance | -0.22063136 |
|    n_updates          | 899         |
|    policy_loss        | -0.192      |
|    std                | 1.06        |
|    u_grad_norm        | 0.0057      |
|    u_learning_rate    | 0.00249     |
|    v_grad_norm        | 1.02        |
|    v_learning_rate    | 0.000499    |
|    value_loss         | 0.336       |
---------------------------------------
--------------------------------------
| rollout/              |            |
|    ep_len_mean        | 500        |
|    ep_rew_mean        | -3.68e+03  |
| time/                 |            |
|    fps                | 6          |
|    iterations         | 900        |
|    time_elapsed       | 1098       |
|    total_timesteps    | 7200       |
| train/                |            |
|    d_grad_norm        | 0.974      |
|    d_learning_rate    | 0.0249     |
|    entropy_loss       | -2.29      |
|    explained_variance | -14.333655 |
|    n_updates          | 899        |
|    policy_loss        | -8.06      |
|    std                | 0.951      |
|    u_grad_norm        | 0.00525    |
|    u_learning_rate    | 0.00249    |
|    v_grad_norm        | 1.02       |
|    v_learning_rate    | 0.000499   |
|    value_loss         | 102        |
--------------------------------------
-------------------------------------
| rollout/              |           |
|    ep_len_mean        | 500       |
|    ep_rew_mean        | -3.09e+03 |
| time/                 |           |
|    fps                | 6         |
|    iterations         | 900       |
|    time_elapsed       | 1098      |
|    total_timesteps    | 7200      |
| train/                |           |
|    d_grad_norm        | 0.87      |
|    d_learning_rate    | 0.0249    |
|    entropy_loss       | -1.87     |
|    explained_variance | 0.7396918 |
|    n_updates          | 899       |
|    policy_loss        | 29.7      |
|    std                | 1.07      |
|    u_grad_norm        | 0.00917   |
|    u_learning_rate    | 0.00249   |
|    v_grad_norm        | 0.839     |
|    v_learning_rate    | 0.000499  |
|    value_loss         | 428       |
-------------------------------------
--------------------------------------
| rollout/              |            |
|    ep_len_mean        | 500        |
|    ep_rew_mean        | -3.61e+03  |
| time/                 |            |
|    fps                | 6          |
|    iterations         | 900        |
|    time_elapsed       | 1098       |
|    total_timesteps    | 7200       |
| train/                |            |
|    d_grad_norm        | 1.01       |
|    d_learning_rate    | 0.0249     |
|    entropy_loss       | -3.95      |
|    explained_variance | 0.18766683 |
|    n_updates          | 899        |
|    policy_loss        | -100       |
|    std                | 1.1        |
|    u_grad_norm        | 0.00653    |
|    u_learning_rate    | 0.00249    |
|    v_grad_norm        | 0.946      |
|    v_learning_rate    | 0.000499   |
|    value_loss         | 905        |
--------------------------------------
-----------------------------------------
| rollout/              |               |
|    ep_len_mean        | 500           |
|    ep_rew_mean        | -3.64e+03     |
| time/                 |               |
|    fps                | 6             |
|    iterations         | 1000          |
|    time_elapsed       | 1200          |
|    total_timesteps    | 8000          |
| train/                |               |
|    d_grad_norm        | 1.14          |
|    d_learning_rate    | 0.0249        |
|    entropy_loss       | -0.525        |
|    explained_variance | -0.0008548498 |
|    n_updates          | 999           |
|    policy_loss        | -1.74         |
|    std                | 1.03          |
|    u_grad_norm        | 0.00916       |
|    u_learning_rate    | 0.00249       |
|    v_grad_norm        | 0.977         |
|    v_learning_rate    | 0.000498      |
|    value_loss         | 34.6          |
-----------------------------------------
--------------------------------------
| rollout/              |            |
|    ep_len_mean        | 500        |
|    ep_rew_mean        | -3.3e+03   |
| time/                 |            |
|    fps                | 6          |
|    iterations         | 1000       |
|    time_elapsed       | 1201       |
|    total_timesteps    | 8000       |
| train/                |            |
|    d_grad_norm        | 1.16       |
|    d_learning_rate    | 0.0249     |
|    entropy_loss       | -1.38      |
|    explained_variance | -1.7274077 |
|    n_updates          | 999        |
|    policy_loss        | -8.36      |
|    std                | 1.01       |
|    u_grad_norm        | 0.00962    |
|    u_learning_rate    | 0.00249    |
|    v_grad_norm        | 1.02       |
|    v_learning_rate    | 0.000498   |
|    value_loss         | 149        |
--------------------------------------
--------------------------------------
| rollout/              |            |
|    ep_len_mean        | 500        |
|    ep_rew_mean        | -3.55e+03  |
| time/                 |            |
|    fps                | 6          |
|    iterations         | 1000       |
|    time_elapsed       | 1201       |
|    total_timesteps    | 8000       |
| train/                |            |
|    d_grad_norm        | 1.06       |
|    d_learning_rate    | 0.0249     |
|    entropy_loss       | -1.13      |
|    explained_variance | -0.4135257 |
|    n_updates          | 999        |
|    policy_loss        | -17.6      |
|    std                | 1.03       |
|    u_grad_norm        | 0.0197     |
|    u_learning_rate    | 0.00249    |
|    v_grad_norm        | 0.943      |
|    v_learning_rate    | 0.000498   |
|    value_loss         | 540        |
--------------------------------------
-------------------------------------
| rollout/              |           |
|    ep_len_mean        | 500       |
|    ep_rew_mean        | -3.91e+03 |
| time/                 |           |
|    fps                | 6         |
|    iterations         | 1000      |
|    time_elapsed       | 1201      |
|    total_timesteps    | 8000      |
| train/                |           |
|    d_grad_norm        | 1.02      |
|    d_learning_rate    | 0.0249    |
|    entropy_loss       | -1.73     |
|    explained_variance | -4.53616  |
|    n_updates          | 999       |
|    policy_loss        | 1.18      |
|    std                | 1.03      |
|    u_grad_norm        | 0.013     |
|    u_learning_rate    | 0.00249   |
|    v_grad_norm        | 0.891     |
|    v_learning_rate    | 0.000498  |
|    value_loss         | 3.23      |
-------------------------------------
--------------------------------------
| rollout/              |            |
|    ep_len_mean        | 500        |
|    ep_rew_mean        | -3.75e+03  |
| time/                 |            |
|    fps                | 6          |
|    iterations         | 1000       |
|    time_elapsed       | 1201       |
|    total_timesteps    | 8000       |
| train/                |            |
|    d_grad_norm        | 0.996      |
|    d_learning_rate    | 0.0249     |
|    entropy_loss       | -1.16      |
|    explained_variance | 0.17587823 |
|    n_updates          | 999        |
|    policy_loss        | 1.6        |
|    std                | 0.989      |
|    u_grad_norm        | 0.0644     |
|    u_learning_rate    | 0.00249    |
|    v_grad_norm        | 0.913      |
|    v_learning_rate    | 0.000498   |
|    value_loss         | 0.843      |
--------------------------------------
--------------------------------------
| rollout/              |            |
|    ep_len_mean        | 500        |
|    ep_rew_mean        | -4.21e+03  |
| time/                 |            |
|    fps                | 6          |
|    iterations         | 1000       |
|    time_elapsed       | 1202       |
|    total_timesteps    | 8000       |
| train/                |            |
|    d_grad_norm        | 1.08       |
|    d_learning_rate    | 0.0249     |
|    entropy_loss       | -2.3       |
|    explained_variance | 0.15233648 |
|    n_updates          | 999        |
|    policy_loss        | -1.31      |
|    std                | 1.06       |
|    u_grad_norm        | 0.0126     |
|    u_learning_rate    | 0.00249    |
|    v_grad_norm        | 0.937      |
|    v_learning_rate    | 0.000498   |
|    value_loss         | 3.5        |
--------------------------------------
-------------------------------------
| rollout/              |           |
|    ep_len_mean        | 500       |
|    ep_rew_mean        | -3.18e+03 |
| time/                 |           |
|    fps                | 6         |
|    iterations         | 1000      |
|    time_elapsed       | 1202      |
|    total_timesteps    | 8000      |
| train/                |           |
|    d_grad_norm        | 0.917     |
|    d_learning_rate    | 0.0249    |
|    entropy_loss       | -2.56     |
|    explained_variance | 0.7428229 |
|    n_updates          | 999       |
|    policy_loss        | 14        |
|    std                | 1.06      |
|    u_grad_norm        | 0.00663   |
|    u_learning_rate    | 0.00249   |
|    v_grad_norm        | 0.939     |
|    v_learning_rate    | 0.000498  |
|    value_loss         | 69.2      |
-------------------------------------
--------------------------------------
| rollout/              |            |
|    ep_len_mean        | 500        |
|    ep_rew_mean        | -3.1e+03   |
| time/                 |            |
|    fps                | 6          |
|    iterations         | 1000       |
|    time_elapsed       | 1203       |
|    total_timesteps    | 8000       |
| train/                |            |
|    d_grad_norm        | 0.959      |
|    d_learning_rate    | 0.0249     |
|    entropy_loss       | -1.87      |
|    explained_variance | -0.8006339 |
|    n_updates          | 999        |
|    policy_loss        | 2.79       |
|    std                | 1.08       |
|    u_grad_norm        | 0.0192     |
|    u_learning_rate    | 0.00249    |
|    v_grad_norm        | 0.84       |
|    v_learning_rate    | 0.000498   |
|    value_loss         | 60         |
--------------------------------------
-------------------------------------
| rollout/              |           |
|    ep_len_mean        | 500       |
|    ep_rew_mean        | -3.63e+03 |
| time/                 |           |
|    fps                | 6         |
|    iterations         | 1000      |
|    time_elapsed       | 1203      |
|    total_timesteps    | 8000      |
| train/                |           |
|    d_grad_norm        | 0.872     |
|    d_learning_rate    | 0.0249    |
|    entropy_loss       | -2.41     |
|    explained_variance | -8.109374 |
|    n_updates          | 999       |
|    policy_loss        | 67.1      |
|    std                | 0.952     |
|    u_grad_norm        | 0.0115    |
|    u_learning_rate    | 0.00249   |
|    v_grad_norm        | 0.919     |
|    v_learning_rate    | 0.000498  |
|    value_loss         | 990       |
-------------------------------------
--------------------------------------
| rollout/              |            |
|    ep_len_mean        | 500        |
|    ep_rew_mean        | -3.62e+03  |
| time/                 |            |
|    fps                | 6          |
|    iterations         | 1000       |
|    time_elapsed       | 1204       |
|    total_timesteps    | 8000       |
| train/                |            |
|    d_grad_norm        | 1.11       |
|    d_learning_rate    | 0.0249     |
|    entropy_loss       | -2.17      |
|    explained_variance | 0.02023387 |
|    n_updates          | 999        |
|    policy_loss        | -32.6      |
|    std                | 1.11       |
|    u_grad_norm        | 0.0113     |
|    u_learning_rate    | 0.00249    |
|    v_grad_norm        | 1.06       |
|    v_learning_rate    | 0.000498   |
|    value_loss         | 376        |
--------------------------------------
--------------------------------------
| rollout/              |            |
|    ep_len_mean        | 500        |
|    ep_rew_mean        | -3.66e+03  |
| time/                 |            |
|    fps                | 6          |
|    iterations         | 1100       |
|    time_elapsed       | 1326       |
|    total_timesteps    | 8800       |
| train/                |            |
|    d_grad_norm        | 0.968      |
|    d_learning_rate    | 0.0249     |
|    entropy_loss       | -0.24      |
|    explained_variance | -2.0249832 |
|    n_updates          | 1099       |
|    policy_loss        | 3.05       |
|    std                | 1.02       |
|    u_grad_norm        | 0.0112     |
|    u_learning_rate    | 0.00249    |
|    v_grad_norm        | 0.937      |
|    v_learning_rate    | 0.000498   |
|    value_loss         | 15.9       |
--------------------------------------
--------------------------------------
| rollout/              |            |
|    ep_len_mean        | 500        |
|    ep_rew_mean        | -3.31e+03  |
| time/                 |            |
|    fps                | 6          |
|    iterations         | 1100       |
|    time_elapsed       | 1327       |
|    total_timesteps    | 8800       |
| train/                |            |
|    d_grad_norm        | 1.18       |
|    d_learning_rate    | 0.0249     |
|    entropy_loss       | -1.21      |
|    explained_variance | 0.78786093 |
|    n_updates          | 1099       |
|    policy_loss        | -3.06      |
|    std                | 0.998      |
|    u_grad_norm        | 0.0141     |
|    u_learning_rate    | 0.00249    |
|    v_grad_norm        | 0.911      |
|    v_learning_rate    | 0.000498   |
|    value_loss         | 17.9       |
--------------------------------------
-------------------------------------
| rollout/              |           |
|    ep_len_mean        | 500       |
|    ep_rew_mean        | -3.9e+03  |
| time/                 |           |
|    fps                | 6         |
|    iterations         | 1100      |
|    time_elapsed       | 1327      |
|    total_timesteps    | 8800      |
| train/                |           |
|    d_grad_norm        | 0.988     |
|    d_learning_rate    | 0.0249    |
|    entropy_loss       | -1.99     |
|    explained_variance | 0.5041478 |
|    n_updates          | 1099      |
|    policy_loss        | 21.7      |
|    std                | 1.03      |
|    u_grad_norm        | 0.00895   |
|    u_learning_rate    | 0.00249   |
|    v_grad_norm        | 0.938     |
|    v_learning_rate    | 0.000498  |
|    value_loss         | 173       |
-------------------------------------
--------------------------------------
| rollout/              |            |
|    ep_len_mean        | 500        |
|    ep_rew_mean        | -3.57e+03  |
| time/                 |            |
|    fps                | 6          |
|    iterations         | 1100       |
|    time_elapsed       | 1327       |
|    total_timesteps    | 8800       |
| train/                |            |
|    d_grad_norm        | 0.984      |
|    d_learning_rate    | 0.0249     |
|    entropy_loss       | -2.12      |
|    explained_variance | -32.908577 |
|    n_updates          | 1099       |
|    policy_loss        | 0.514      |
|    std                | 1.03       |
|    u_grad_norm        | 0.0342     |
|    u_learning_rate    | 0.00249    |
|    v_grad_norm        | 0.931      |
|    v_learning_rate    | 0.000498   |
|    value_loss         | 155        |
--------------------------------------
--------------------------------------
| rollout/              |            |
|    ep_len_mean        | 500        |
|    ep_rew_mean        | -3.73e+03  |
| time/                 |            |
|    fps                | 6          |
|    iterations         | 1100       |
|    time_elapsed       | 1328       |
|    total_timesteps    | 8800       |
| train/                |            |
|    d_grad_norm        | 0.804      |
|    d_learning_rate    | 0.0249     |
|    entropy_loss       | -1.15      |
|    explained_variance | -0.5625006 |
|    n_updates          | 1099       |
|    policy_loss        | -2.45      |
|    std                | 0.992      |
|    u_grad_norm        | 0.074      |
|    u_learning_rate    | 0.00249    |
|    v_grad_norm        | 0.983      |
|    v_learning_rate    | 0.000498   |
|    value_loss         | 26         |
--------------------------------------
---------------------------------------
| rollout/              |             |
|    ep_len_mean        | 500         |
|    ep_rew_mean        | -4.22e+03   |
| time/                 |             |
|    fps                | 6           |
|    iterations         | 1100        |
|    time_elapsed       | 1328        |
|    total_timesteps    | 8800        |
| train/                |             |
|    d_grad_norm        | 0.943       |
|    d_learning_rate    | 0.0249      |
|    entropy_loss       | -1.95       |
|    explained_variance | 0.028006494 |
|    n_updates          | 1099        |
|    policy_loss        | 2.68        |
|    std                | 1.06        |
|    u_grad_norm        | 0.0178      |
|    u_learning_rate    | 0.00249     |
|    v_grad_norm        | 0.933       |
|    v_learning_rate    | 0.000498    |
|    value_loss         | 2.74        |
---------------------------------------
--------------------------------------
| rollout/              |            |
|    ep_len_mean        | 500        |
|    ep_rew_mean        | -3.2e+03   |
| time/                 |            |
|    fps                | 6          |
|    iterations         | 1100       |
|    time_elapsed       | 1329       |
|    total_timesteps    | 8800       |
| train/                |            |
|    d_grad_norm        | 1.18       |
|    d_learning_rate    | 0.0249     |
|    entropy_loss       | -1.17      |
|    explained_variance | -15.553093 |
|    n_updates          | 1099       |
|    policy_loss        | -13.1      |
|    std                | 1.06       |
|    u_grad_norm        | 0.0186     |
|    u_learning_rate    | 0.00249    |
|    v_grad_norm        | 0.892      |
|    v_learning_rate    | 0.000498   |
|    value_loss         | 266        |
--------------------------------------
--------------------------------------
| rollout/              |            |
|    ep_len_mean        | 500        |
|    ep_rew_mean        | -3.09e+03  |
| time/                 |            |
|    fps                | 6          |
|    iterations         | 1100       |
|    time_elapsed       | 1330       |
|    total_timesteps    | 8800       |
| train/                |            |
|    d_grad_norm        | 0.856      |
|    d_learning_rate    | 0.0249     |
|    entropy_loss       | -1.63      |
|    explained_variance | 0.81640506 |
|    n_updates          | 1099       |
|    policy_loss        | 37.5       |
|    std                | 1.08       |
|    u_grad_norm        | 0.0181     |
|    u_learning_rate    | 0.00249    |
|    v_grad_norm        | 0.929      |
|    v_learning_rate    | 0.000498   |
|    value_loss         | 585        |
--------------------------------------
--------------------------------------
| rollout/              |            |
|    ep_len_mean        | 500        |
|    ep_rew_mean        | -3.66e+03  |
| time/                 |            |
|    fps                | 6          |
|    iterations         | 1100       |
|    time_elapsed       | 1330       |
|    total_timesteps    | 8800       |
| train/                |            |
|    d_grad_norm        | 1.1        |
|    d_learning_rate    | 0.0249     |
|    entropy_loss       | -0.869     |
|    explained_variance | -3.4757156 |
|    n_updates          | 1099       |
|    policy_loss        | -11.7      |
|    std                | 0.955      |
|    u_grad_norm        | 0.011      |
|    u_learning_rate    | 0.00249    |
|    v_grad_norm        | 0.978      |
|    v_learning_rate    | 0.000498   |
|    value_loss         | 55.1       |
--------------------------------------
--------------------------------------
| rollout/              |            |
|    ep_len_mean        | 500        |
|    ep_rew_mean        | -3.65e+03  |
| time/                 |            |
|    fps                | 6          |
|    iterations         | 1100       |
|    time_elapsed       | 1331       |
|    total_timesteps    | 8800       |
| train/                |            |
|    d_grad_norm        | 1.03       |
|    d_learning_rate    | 0.0249     |
|    entropy_loss       | -1.44      |
|    explained_variance | -5.4545426 |
|    n_updates          | 1099       |
|    policy_loss        | -22.5      |
|    std                | 1.11       |
|    u_grad_norm        | 0.00361    |
|    u_learning_rate    | 0.00249    |
|    v_grad_norm        | 1.09       |
|    v_learning_rate    | 0.000498   |
|    value_loss         | 624        |
--------------------------------------
-------------------------------------
| rollout/              |           |
|    ep_len_mean        | 500       |
|    ep_rew_mean        | -3.66e+03 |
| time/                 |           |
|    fps                | 6         |
|    iterations         | 1200      |
|    time_elapsed       | 1434      |
|    total_timesteps    | 9600      |
| train/                |           |
|    d_grad_norm        | 1.15      |
|    d_learning_rate    | 0.0249    |
|    entropy_loss       | -1.03     |
|    explained_variance | 0.3009383 |
|    n_updates          | 1199      |
|    policy_loss        | -2.39     |
|    std                | 1.02      |
|    u_grad_norm        | 0.00759   |
|    u_learning_rate    | 0.00249   |
|    v_grad_norm        | 0.937     |
|    v_learning_rate    | 0.000498  |
|    value_loss         | 45.7      |
-------------------------------------
-------------------------------------
| rollout/              |           |
|    ep_len_mean        | 500       |
|    ep_rew_mean        | -3.29e+03 |
| time/                 |           |
|    fps                | 6         |
|    iterations         | 1200      |
|    time_elapsed       | 1434      |
|    total_timesteps    | 9600      |
| train/                |           |
|    d_grad_norm        | 1.03      |
|    d_learning_rate    | 0.0249    |
|    entropy_loss       | -1.72     |
|    explained_variance | 0.8194683 |
|    n_updates          | 1199      |
|    policy_loss        | 42.3      |
|    std                | 0.994     |
|    u_grad_norm        | 0.0132    |
|    u_learning_rate    | 0.00249   |
|    v_grad_norm        | 0.903     |
|    v_learning_rate    | 0.000498  |
|    value_loss         | 505       |
-------------------------------------
--------------------------------------
| rollout/              |            |
|    ep_len_mean        | 500        |
|    ep_rew_mean        | -3.88e+03  |
| time/                 |            |
|    fps                | 6          |
|    iterations         | 1200       |
|    time_elapsed       | 1435       |
|    total_timesteps    | 9600       |
| train/                |            |
|    d_grad_norm        | 0.956      |
|    d_learning_rate    | 0.0249     |
|    entropy_loss       | -2.21      |
|    explained_variance | -2.8795538 |
|    n_updates          | 1199       |
|    policy_loss        | 14.5       |
|    std                | 1.03       |
|    u_grad_norm        | 0.0175     |
|    u_learning_rate    | 0.00249    |
|    v_grad_norm        | 0.904      |
|    v_learning_rate    | 0.000498   |
|    value_loss         | 38.6       |
--------------------------------------
-------------------------------------
| rollout/              |           |
|    ep_len_mean        | 500       |
|    ep_rew_mean        | -3.6e+03  |
| time/                 |           |
|    fps                | 6         |
|    iterations         | 1200      |
|    time_elapsed       | 1435      |
|    total_timesteps    | 9600      |
| train/                |           |
|    d_grad_norm        | 0.951     |
|    d_learning_rate    | 0.0249    |
|    entropy_loss       | -3.11     |
|    explained_variance | -0.385877 |
|    n_updates          | 1199      |
|    policy_loss        | 8.37      |
|    std                | 1.03      |
|    u_grad_norm        | 0.00329   |
|    u_learning_rate    | 0.00249   |
|    v_grad_norm        | 0.866     |
|    v_learning_rate    | 0.000498  |
|    value_loss         | 76.5      |
-------------------------------------
---------------------------------------
| rollout/              |             |
|    ep_len_mean        | 500         |
|    ep_rew_mean        | -4.2e+03    |
| time/                 |             |
|    fps                | 6           |
|    iterations         | 1200        |
|    time_elapsed       | 1436        |
|    total_timesteps    | 9600        |
| train/                |             |
|    d_grad_norm        | 0.926       |
|    d_learning_rate    | 0.0249      |
|    entropy_loss       | -2.25       |
|    explained_variance | 0.008236647 |
|    n_updates          | 1199        |
|    policy_loss        | 3.16        |
|    std                | 1.06        |
|    u_grad_norm        | 0.00461     |
|    u_learning_rate    | 0.00249     |
|    v_grad_norm        | 0.88        |
|    v_learning_rate    | 0.000498    |
|    value_loss         | 3.74        |
---------------------------------------
--------------------------------------
| rollout/              |            |
|    ep_len_mean        | 500        |
|    ep_rew_mean        | -3.76e+03  |
| time/                 |            |
|    fps                | 6          |
|    iterations         | 1200       |
|    time_elapsed       | 1436       |
|    total_timesteps    | 9600       |
| train/                |            |
|    d_grad_norm        | 0.864      |
|    d_learning_rate    | 0.0249     |
|    entropy_loss       | -1.64      |
|    explained_variance | -12.912684 |
|    n_updates          | 1199       |
|    policy_loss        | 55.3       |
|    std                | 1.01       |
|    u_grad_norm        | 0.00027    |
|    u_learning_rate    | 0.00249    |
|    v_grad_norm        | 1          |
|    v_learning_rate    | 0.000498   |
|    value_loss         | 1.09e+03   |
--------------------------------------
--------------------------------------
| rollout/              |            |
|    ep_len_mean        | 500        |
|    ep_rew_mean        | -3.22e+03  |
| time/                 |            |
|    fps                | 6          |
|    iterations         | 1200       |
|    time_elapsed       | 1436       |
|    total_timesteps    | 9600       |
| train/                |            |
|    d_grad_norm        | 0.946      |
|    d_learning_rate    | 0.0249     |
|    entropy_loss       | -2.09      |
|    explained_variance | -0.7093921 |
|    n_updates          | 1199       |
|    policy_loss        | 29.2       |
|    std                | 1.06       |
|    u_grad_norm        | 0.0187     |
|    u_learning_rate    | 0.00249    |
|    v_grad_norm        | 0.871      |
|    v_learning_rate    | 0.000498   |
|    value_loss         | 172        |
--------------------------------------
-------------------------------------
| rollout/              |           |
|    ep_len_mean        | 500       |
|    ep_rew_mean        | -3.7e+03  |
| time/                 |           |
|    fps                | 6         |
|    iterations         | 1200      |
|    time_elapsed       | 1438      |
|    total_timesteps    | 9600      |
| train/                |           |
|    d_grad_norm        | 0.873     |
|    d_learning_rate    | 0.0249    |
|    entropy_loss       | -1.4      |
|    explained_variance | -44.44217 |
|    n_updates          | 1199      |
|    policy_loss        | 28.1      |
|    std                | 0.955     |
|    u_grad_norm        | 0.00293   |
|    u_learning_rate    | 0.00249   |
|    v_grad_norm        | 0.91      |
|    v_learning_rate    | 0.000498  |
|    value_loss         | 1.3e+03   |
-------------------------------------
-------------------------------------
| rollout/              |           |
|    ep_len_mean        | 500       |
|    ep_rew_mean        | -3.08e+03 |
| time/                 |           |
|    fps                | 6         |
|    iterations         | 1200      |
|    time_elapsed       | 1439      |
|    total_timesteps    | 9600      |
| train/                |           |
|    d_grad_norm        | 0.92      |
|    d_learning_rate    | 0.0249    |
|    entropy_loss       | -2.18     |
|    explained_variance | 0.858619  |
|    n_updates          | 1199      |
|    policy_loss        | -37.8     |
|    std                | 1.08      |
|    u_grad_norm        | 0.0263    |
|    u_learning_rate    | 0.00249   |
|    v_grad_norm        | 0.932     |
|    v_learning_rate    | 0.000498  |
|    value_loss         | 260       |
-------------------------------------
--------------------------------------
| rollout/              |            |
|    ep_len_mean        | 500        |
|    ep_rew_mean        | -3.67e+03  |
| time/                 |            |
|    fps                | 6          |
|    iterations         | 1200       |
|    time_elapsed       | 1439       |
|    total_timesteps    | 9600       |
| train/                |            |
|    d_grad_norm        | 0.901      |
|    d_learning_rate    | 0.0249     |
|    entropy_loss       | -2.23      |
|    explained_variance | 0.48319167 |
|    n_updates          | 1199       |
|    policy_loss        | -43.9      |
|    std                | 1.11       |
|    u_grad_norm        | 0.000186   |
|    u_learning_rate    | 0.00249    |
|    v_grad_norm        | 0.99       |
|    v_learning_rate    | 0.000498   |
|    value_loss         | 725        |
--------------------------------------
/home/jw4406/codebase/stable-baselines3/stable_baselines3/common/evaluation.py:67: UserWarning: Evaluation environment is not wrapped with a ``Monitor`` wrapper. This may result in reporting modified episode lengths and rewards, if other wrappers happen to modify these. Consider wrapping environment first with ``Monitor`` wrapper.
  warnings.warn(
/home/jw4406/codebase/stable-baselines3/stable_baselines3/common/evaluation.py:67: UserWarning: Evaluation environment is not wrapped with a ``Monitor`` wrapper. This may result in reporting modified episode lengths and rewards, if other wrappers happen to modify these. Consider wrapping environment first with ``Monitor`` wrapper.
  warnings.warn(
/home/jw4406/codebase/stable-baselines3/stable_baselines3/common/evaluation.py:67: UserWarning: Evaluation environment is not wrapped with a ``Monitor`` wrapper. This may result in reporting modified episode lengths and rewards, if other wrappers happen to modify these. Consider wrapping environment first with ``Monitor`` wrapper.
  warnings.warn(
/home/jw4406/codebase/stable-baselines3/stable_baselines3/common/evaluation.py:67: UserWarning: Evaluation environment is not wrapped with a ``Monitor`` wrapper. This may result in reporting modified episode lengths and rewards, if other wrappers happen to modify these. Consider wrapping environment first with ``Monitor`` wrapper.
  warnings.warn(
/home/jw4406/codebase/stable-baselines3/stable_baselines3/common/evaluation.py:67: UserWarning: Evaluation environment is not wrapped with a ``Monitor`` wrapper. This may result in reporting modified episode lengths and rewards, if other wrappers happen to modify these. Consider wrapping environment first with ``Monitor`` wrapper.
  warnings.warn(
/home/jw4406/codebase/stable-baselines3/stable_baselines3/common/evaluation.py:67: UserWarning: Evaluation environment is not wrapped with a ``Monitor`` wrapper. This may result in reporting modified episode lengths and rewards, if other wrappers happen to modify these. Consider wrapping environment first with ``Monitor`` wrapper.
  warnings.warn(
/home/jw4406/codebase/stable-baselines3/stable_baselines3/common/evaluation.py:67: UserWarning: Evaluation environment is not wrapped with a ``Monitor`` wrapper. This may result in reporting modified episode lengths and rewards, if other wrappers happen to modify these. Consider wrapping environment first with ``Monitor`` wrapper.
  warnings.warn(
/home/jw4406/codebase/stable-baselines3/stable_baselines3/common/evaluation.py:67: UserWarning: Evaluation environment is not wrapped with a ``Monitor`` wrapper. This may result in reporting modified episode lengths and rewards, if other wrappers happen to modify these. Consider wrapping environment first with ``Monitor`` wrapper.
  warnings.warn(
/home/jw4406/codebase/stable-baselines3/stable_baselines3/common/evaluation.py:67: UserWarning: Evaluation environment is not wrapped with a ``Monitor`` wrapper. This may result in reporting modified episode lengths and rewards, if other wrappers happen to modify these. Consider wrapping environment first with ``Monitor`` wrapper.
  warnings.warn(
/home/jw4406/codebase/stable-baselines3/stable_baselines3/common/evaluation.py:67: UserWarning: Evaluation environment is not wrapped with a ``Monitor`` wrapper. This may result in reporting modified episode lengths and rewards, if other wrappers happen to modify these. Consider wrapping environment first with ``Monitor`` wrapper.
  warnings.warn(
Eval num_timesteps=10000, episode_reward=-3828.17 +/- 411.19
Episode length: 500.00 +/- 0.00
--------------------------------------
| eval/                 |            |
|    mean_ep_length     | 500        |
|    mean_reward        | -3.83e+03  |
| time/                 |            |
|    total_timesteps    | 10000      |
| train/                |            |
|    d_grad_norm        | 0.921      |
|    d_learning_rate    | 0.0249     |
|    entropy_loss       | -0.658     |
|    explained_variance | -1.6068873 |
|    n_updates          | 1249       |
|    policy_loss        | 4.28       |
|    std                | 1.02       |
|    u_grad_norm        | 0.000193   |
|    u_learning_rate    | 0.00249    |
|    v_grad_norm        | 0.929      |
|    v_learning_rate    | 0.000498   |
|    value_loss         | 120        |
--------------------------------------
Eval num_timesteps=10000, episode_reward=-3937.86 +/- 348.47
Episode length: 500.00 +/- 0.00
---------------------------------------
| eval/                 |             |
|    mean_ep_length     | 500         |
|    mean_reward        | -3.94e+03   |
| time/                 |             |
|    total_timesteps    | 10000       |
| train/                |             |
|    d_grad_norm        | 1.09        |
|    d_learning_rate    | 0.0249      |
|    entropy_loss       | -2.33       |
|    explained_variance | -0.48937798 |
|    n_updates          | 1249        |
|    policy_loss        | -4.26       |
|    std                | 1.02        |
|    u_grad_norm        | 0.00608     |
|    u_learning_rate    | 0.00249     |
|    v_grad_norm        | 0.86        |
|    v_learning_rate    | 0.000498    |
|    value_loss         | 5.66        |
---------------------------------------
Eval num_timesteps=10000, episode_reward=-3871.37 +/- 547.55
Episode length: 500.00 +/- 0.00
--------------------------------------
| eval/                 |            |
|    mean_ep_length     | 500        |
|    mean_reward        | -3.87e+03  |
| time/                 |            |
|    total_timesteps    | 10000      |
| train/                |            |
|    d_grad_norm        | 0.963      |
|    d_learning_rate    | 0.0249     |
|    entropy_loss       | -1.33      |
|    explained_variance | -1.8258479 |
|    n_updates          | 1249       |
|    policy_loss        | 31.6       |
|    std                | 0.994      |
|    u_grad_norm        | 0.0243     |
|    u_learning_rate    | 0.00249    |
|    v_grad_norm        | 0.92       |
|    v_learning_rate    | 0.000498   |
|    value_loss         | 364        |
--------------------------------------
Eval num_timesteps=10000, episode_reward=-4324.05 +/- 88.73
Episode length: 500.00 +/- 0.00
--------------------------------------
| eval/                 |            |
|    mean_ep_length     | 500        |
|    mean_reward        | -4.32e+03  |
| time/                 |            |
|    total_timesteps    | 10000      |
| train/                |            |
|    d_grad_norm        | 0.95       |
|    d_learning_rate    | 0.0249     |
|    entropy_loss       | -2.81      |
|    explained_variance | -1.0017633 |
|    n_updates          | 1249       |
|    policy_loss        | -18.3      |
|    std                | 1.03       |
|    u_grad_norm        | 0.0228     |
|    u_learning_rate    | 0.00249    |
|    v_grad_norm        | 0.853      |
|    v_learning_rate    | 0.000498   |
|    value_loss         | 167        |
--------------------------------------
Eval num_timesteps=10000, episode_reward=-4121.94 +/- 88.87
Episode length: 500.00 +/- 0.00
--------------------------------------
| eval/                 |            |
|    mean_ep_length     | 500        |
|    mean_reward        | -4.12e+03  |
| time/                 |            |
|    total_timesteps    | 10000      |
| train/                |            |
|    d_grad_norm        | 0.784      |
|    d_learning_rate    | 0.0249     |
|    entropy_loss       | -1.86      |
|    explained_variance | 0.36190194 |
|    n_updates          | 1249       |
|    policy_loss        | 28.1       |
|    std                | 1          |
|    u_grad_norm        | 0.00871    |
|    u_learning_rate    | 0.00249    |
|    v_grad_norm        | 0.836      |
|    v_learning_rate    | 0.000498   |
|    value_loss         | 348        |
--------------------------------------
Eval num_timesteps=10000, episode_reward=-2820.15 +/- 657.26
Episode length: 500.00 +/- 0.00
--------------------------------------
| eval/                 |            |
|    mean_ep_length     | 500        |
|    mean_reward        | -2.82e+03  |
| time/                 |            |
|    total_timesteps    | 10000      |
| train/                |            |
|    d_grad_norm        | 0.895      |
|    d_learning_rate    | 0.0249     |
|    entropy_loss       | -2.66      |
|    explained_variance | 0.80456686 |
|    n_updates          | 1249       |
|    policy_loss        | 58.8       |
|    std                | 1.06       |
|    u_grad_norm        | 0.00335    |
|    u_learning_rate    | 0.00249    |
|    v_grad_norm        | 0.878      |
|    v_learning_rate    | 0.000498   |
|    value_loss         | 764        |
--------------------------------------
Eval num_timesteps=10000, episode_reward=-4133.42 +/- 112.34
Episode length: 500.00 +/- 0.00
--------------------------------------
| eval/                 |            |
|    mean_ep_length     | 500        |
|    mean_reward        | -4.13e+03  |
| time/                 |            |
|    total_timesteps    | 10000      |
| train/                |            |
|    d_grad_norm        | 0.925      |
|    d_learning_rate    | 0.0249     |
|    entropy_loss       | -2.38      |
|    explained_variance | 0.41675377 |
|    n_updates          | 1249       |
|    policy_loss        | 0.377      |
|    std                | 1.04       |
|    u_grad_norm        | 0.0146     |
|    u_learning_rate    | 0.00249    |
|    v_grad_norm        | 0.872      |
|    v_learning_rate    | 0.000498   |
|    value_loss         | 0.0295     |
--------------------------------------
Eval num_timesteps=10000, episode_reward=-4433.92 +/- 99.51
Episode length: 500.00 +/- 0.00
-------------------------------------
| eval/                 |           |
|    mean_ep_length     | 500       |
|    mean_reward        | -4.43e+03 |
| time/                 |           |
|    total_timesteps    | 10000     |
| train/                |           |
|    d_grad_norm        | 1.11      |
|    d_learning_rate    | 0.0249    |
|    entropy_loss       | -0.783    |
|    explained_variance | -5.355585 |
|    n_updates          | 1249      |
|    policy_loss        | -0.418    |
|    std                | 0.959     |
|    u_grad_norm        | 0.00623   |
|    u_learning_rate    | 0.00249   |
|    v_grad_norm        | 0.942     |
|    v_learning_rate    | 0.000498  |
|    value_loss         | 1.63      |
-------------------------------------
Eval num_timesteps=10000, episode_reward=-4031.93 +/- 94.67
Episode length: 500.00 +/- 0.00
--------------------------------------
| eval/                 |            |
|    mean_ep_length     | 500        |
|    mean_reward        | -4.03e+03  |
| time/                 |            |
|    total_timesteps    | 10000      |
| train/                |            |
|    d_grad_norm        | 1.05       |
|    d_learning_rate    | 0.0249     |
|    entropy_loss       | -4.53      |
|    explained_variance | -10.517736 |
|    n_updates          | 1249       |
|    policy_loss        | -46.7      |
|    std                | 1.11       |
|    u_grad_norm        | 0.0147     |
|    u_learning_rate    | 0.00249    |
|    v_grad_norm        | 0.866      |
|    v_learning_rate    | 0.000498   |
|    value_loss         | 241        |
--------------------------------------
Eval num_timesteps=10000, episode_reward=-3652.18 +/- 241.43
Episode length: 500.00 +/- 0.00
--------------------------------------
| eval/                 |            |
|    mean_ep_length     | 500        |
|    mean_reward        | -3.65e+03  |
| time/                 |            |
|    total_timesteps    | 10000      |
| train/                |            |
|    d_grad_norm        | 0.845      |
|    d_learning_rate    | 0.0249     |
|    entropy_loss       | -2.32      |
|    explained_variance | 0.43732065 |
|    n_updates          | 1249       |
|    policy_loss        | 2.21       |
|    std                | 1.09       |
|    u_grad_norm        | 0.00528    |
|    u_learning_rate    | 0.00249    |
|    v_grad_norm        | 0.902      |
|    v_learning_rate    | 0.000498   |
|    value_loss         | 61.1       |
--------------------------------------
New best mean reward!
-------------------------------------
| rollout/              |           |
|    ep_len_mean        | 500       |
|    ep_rew_mean        | -3.88e+03 |
| time/                 |           |
|    fps                | 4         |
|    iterations         | 1300      |
|    time_elapsed       | 2103      |
|    total_timesteps    | 10400     |
| train/                |           |
|    d_grad_norm        | 1.05      |
|    d_learning_rate    | 0.0249    |
|    entropy_loss       | -2.06     |
|    explained_variance | 0.7440251 |
|    n_updates          | 1299      |
|    policy_loss        | -2.08     |
|    std                | 1.03      |
|    u_grad_norm        | 0.0126    |
|    u_learning_rate    | 0.00249   |
|    v_grad_norm        | 0.857     |
|    v_learning_rate    | 0.000498  |
|    value_loss         | 1.21      |
-------------------------------------
New best mean reward!
--------------------------------------
| rollout/              |            |
|    ep_len_mean        | 500        |
|    ep_rew_mean        | -3.67e+03  |
| time/                 |            |
|    fps                | 4          |
|    iterations         | 1300       |
|    time_elapsed       | 2103       |
|    total_timesteps    | 10400      |
| train/                |            |
|    d_grad_norm        | 0.898      |
|    d_learning_rate    | 0.0249     |
|    entropy_loss       | -0.925     |
|    explained_variance | 0.79096633 |
|    n_updates          | 1299       |
|    policy_loss        | 0.388      |
|    std                | 1.02       |
|    u_grad_norm        | 0.00603    |
|    u_learning_rate    | 0.00249    |
|    v_grad_norm        | 0.899      |
|    v_learning_rate    | 0.000498   |
|    value_loss         | 0.772      |
--------------------------------------
New best mean reward!
---------------------------------------
| rollout/              |             |
|    ep_len_mean        | 500         |
|    ep_rew_mean        | -3.29e+03   |
| time/                 |             |
|    fps                | 4           |
|    iterations         | 1300        |
|    time_elapsed       | 2103        |
|    total_timesteps    | 10400       |
| train/                |             |
|    d_grad_norm        | 1.12        |
|    d_learning_rate    | 0.0249      |
|    entropy_loss       | -0.952      |
|    explained_variance | -0.86326015 |
|    n_updates          | 1299        |
|    policy_loss        | -5.39       |
|    std                | 0.997       |
|    u_grad_norm        | 0.000913    |
|    u_learning_rate    | 0.00249     |
|    v_grad_norm        | 0.943       |
|    v_learning_rate    | 0.000498    |
|    value_loss         | 152         |
---------------------------------------
New best mean reward!
--------------------------------------
| rollout/              |            |
|    ep_len_mean        | 500        |
|    ep_rew_mean        | -3.56e+03  |
| time/                 |            |
|    fps                | 4          |
|    iterations         | 1300       |
|    time_elapsed       | 2105       |
|    total_timesteps    | 10400      |
| train/                |            |
|    d_grad_norm        | 1.06       |
|    d_learning_rate    | 0.0249     |
|    entropy_loss       | -1.25      |
|    explained_variance | 0.11352742 |
|    n_updates          | 1299       |
|    policy_loss        | -24.1      |
|    std                | 1.03       |
|    u_grad_norm        | 0.0392     |
|    u_learning_rate    | 0.00249    |
|    v_grad_norm        | 0.928      |
|    v_learning_rate    | 0.000498   |
|    value_loss         | 458        |
--------------------------------------
New best mean reward!
-------------------------------------
| rollout/              |           |
|    ep_len_mean        | 500       |
|    ep_rew_mean        | -3.76e+03 |
| time/                 |           |
|    fps                | 4         |
|    iterations         | 1300      |
|    time_elapsed       | 2105      |
|    total_timesteps    | 10400     |
| train/                |           |
|    d_grad_norm        | 0.805     |
|    d_learning_rate    | 0.0249    |
|    entropy_loss       | -1.48     |
|    explained_variance | 0.6136778 |
|    n_updates          | 1299      |
|    policy_loss        | 3.92      |
|    std                | 0.997     |
|    u_grad_norm        | 0.0298    |
|    u_learning_rate    | 0.00249   |
|    v_grad_norm        | 0.77      |
|    v_learning_rate    | 0.000498  |
|    value_loss         | 15.5      |
-------------------------------------
New best mean reward!
--------------------------------------
| rollout/              |            |
|    ep_len_mean        | 500        |
|    ep_rew_mean        | -3.22e+03  |
| time/                 |            |
|    fps                | 4          |
|    iterations         | 1300       |
|    time_elapsed       | 2106       |
|    total_timesteps    | 10400      |
| train/                |            |
|    d_grad_norm        | 1.06       |
|    d_learning_rate    | 0.0249     |
|    entropy_loss       | -2.22      |
|    explained_variance | -4.6662917 |
|    n_updates          | 1299       |
|    policy_loss        | 84.5       |
|    std                | 1.06       |
|    u_grad_norm        | 0.00573    |
|    u_learning_rate    | 0.00249    |
|    v_grad_norm        | 0.897      |
|    v_learning_rate    | 0.000498   |
|    value_loss         | 2.27e+03   |
--------------------------------------
New best mean reward!
-------------------------------------
| rollout/              |           |
|    ep_len_mean        | 500       |
|    ep_rew_mean        | -4.19e+03 |
| time/                 |           |
|    fps                | 4         |
|    iterations         | 1300      |
|    time_elapsed       | 2106      |
|    total_timesteps    | 10400     |
| train/                |           |
|    d_grad_norm        | 0.956     |
|    d_learning_rate    | 0.0249    |
|    entropy_loss       | -1.83     |
|    explained_variance | 0.0291273 |
|    n_updates          | 1299      |
|    policy_loss        | -10.8     |
|    std                | 1.04      |
|    u_grad_norm        | 0.0064    |
|    u_learning_rate    | 0.00249   |
|    v_grad_norm        | 0.966     |
|    v_learning_rate    | 0.000498  |
|    value_loss         | 74.1      |
-------------------------------------
New best mean reward!
--------------------------------------
| rollout/              |            |
|    ep_len_mean        | 500        |
|    ep_rew_mean        | -3.7e+03   |
| time/                 |            |
|    fps                | 4          |
|    iterations         | 1300       |
|    time_elapsed       | 2108       |
|    total_timesteps    | 10400      |
| train/                |            |
|    d_grad_norm        | 0.836      |
|    d_learning_rate    | 0.0249     |
|    entropy_loss       | -1.9       |
|    explained_variance | -0.8735819 |
|    n_updates          | 1299       |
|    policy_loss        | 27.4       |
|    std                | 0.957      |
|    u_grad_norm        | 0.0103     |
|    u_learning_rate    | 0.00249    |
|    v_grad_norm        | 0.831      |
|    v_learning_rate    | 0.000498   |
|    value_loss         | 376        |
--------------------------------------
New best mean reward!
-------------------------------------
| rollout/              |           |
|    ep_len_mean        | 500       |
|    ep_rew_mean        | -3.08e+03 |
| time/                 |           |
|    fps                | 4         |
|    iterations         | 1300      |
|    time_elapsed       | 2110      |
|    total_timesteps    | 10400     |
| train/                |           |
|    d_grad_norm        | 1.01      |
|    d_learning_rate    | 0.0249    |
|    entropy_loss       | -1.27     |
|    explained_variance | -8.642448 |
|    n_updates          | 1299      |
|    policy_loss        | -14.3     |
|    std                | 1.09      |
|    u_grad_norm        | 0.00927   |
|    u_learning_rate    | 0.00249   |
|    v_grad_norm        | 0.91      |
|    v_learning_rate    | 0.000498  |
|    value_loss         | 292       |
-------------------------------------
New best mean reward!
--------------------------------------
| rollout/              |            |
|    ep_len_mean        | 500        |
|    ep_rew_mean        | -3.64e+03  |
| time/                 |            |
|    fps                | 4          |
|    iterations         | 1300       |
|    time_elapsed       | 2111       |
|    total_timesteps    | 10400      |
| train/                |            |
|    d_grad_norm        | 1.12       |
|    d_learning_rate    | 0.0249     |
|    entropy_loss       | -1.95      |
|    explained_variance | 0.27315968 |
|    n_updates          | 1299       |
|    policy_loss        | -24.4      |
|    std                | 1.11       |
|    u_grad_norm        | 0.00923    |
|    u_learning_rate    | 0.00249    |
|    v_grad_norm        | 1.11       |
|    v_learning_rate    | 0.000498   |
|    value_loss         | 212        |
--------------------------------------
---------------------------------------
| rollout/              |             |
|    ep_len_mean        | 500         |
|    ep_rew_mean        | -3.85e+03   |
| time/                 |             |
|    fps                | 5           |
|    iterations         | 1400        |
|    time_elapsed       | 2225        |
|    total_timesteps    | 11200       |
| train/                |             |
|    d_grad_norm        | 0.97        |
|    d_learning_rate    | 0.0249      |
|    entropy_loss       | -2.31       |
|    explained_variance | -0.17503393 |
|    n_updates          | 1399        |
|    policy_loss        | -1.63       |
|    std                | 1.02        |
|    u_grad_norm        | 0.00809     |
|    u_learning_rate    | 0.00249     |
|    v_grad_norm        | 0.906       |
|    v_learning_rate    | 0.000498    |
|    value_loss         | 2.57        |
---------------------------------------
--------------------------------------
| rollout/              |            |
|    ep_len_mean        | 500        |
|    ep_rew_mean        | -3.35e+03  |
| time/                 |            |
|    fps                | 5          |
|    iterations         | 1400       |
|    time_elapsed       | 2225       |
|    total_timesteps    | 11200      |
| train/                |            |
|    d_grad_norm        | 1.09       |
|    d_learning_rate    | 0.0249     |
|    entropy_loss       | -1.26      |
|    explained_variance | 0.26086468 |
|    n_updates          | 1399       |
|    policy_loss        | 4.81       |
|    std                | 0.996      |
|    u_grad_norm        | 0.00105    |
|    u_learning_rate    | 0.00249    |
|    v_grad_norm        | 0.907      |
|    v_learning_rate    | 0.000498   |
|    value_loss         | 42.6       |
--------------------------------------
--------------------------------------
| rollout/              |            |
|    ep_len_mean        | 500        |
|    ep_rew_mean        | -3.7e+03   |
| time/                 |            |
|    fps                | 5          |
|    iterations         | 1400       |
|    time_elapsed       | 2226       |
|    total_timesteps    | 11200      |
| train/                |            |
|    d_grad_norm        | 1.14       |
|    d_learning_rate    | 0.0249     |
|    entropy_loss       | -0.584     |
|    explained_variance | 0.15079981 |
|    n_updates          | 1399       |
|    policy_loss        | -1.43      |
|    std                | 1.01       |
|    u_grad_norm        | 0.0346     |
|    u_learning_rate    | 0.00249    |
|    v_grad_norm        | 0.899      |
|    v_learning_rate    | 0.000498   |
|    value_loss         | 6.81       |
--------------------------------------
-------------------------------------
| rollout/              |           |
|    ep_len_mean        | 500       |
|    ep_rew_mean        | -3.59e+03 |
| time/                 |           |
|    fps                | 5         |
|    iterations         | 1400      |
|    time_elapsed       | 2227      |
|    total_timesteps    | 11200     |
| train/                |           |
|    d_grad_norm        | 1.06      |
|    d_learning_rate    | 0.0249    |
|    entropy_loss       | -1.62     |
|    explained_variance | 0.6855552 |
|    n_updates          | 1399      |
|    policy_loss        | -20.8     |
|    std                | 1.04      |
|    u_grad_norm        | 0.0198    |
|    u_learning_rate    | 0.00249   |
|    v_grad_norm        | 1.02      |
|    v_learning_rate    | 0.000498  |
|    value_loss         | 195       |
-------------------------------------
--------------------------------------
| rollout/              |            |
|    ep_len_mean        | 500        |
|    ep_rew_mean        | -3.79e+03  |
| time/                 |            |
|    fps                | 5          |
|    iterations         | 1400       |
|    time_elapsed       | 2228       |
|    total_timesteps    | 11200      |
| train/                |            |
|    d_grad_norm        | 1.02       |
|    d_learning_rate    | 0.0249     |
|    entropy_loss       | -2.1       |
|    explained_variance | 0.35786587 |
|    n_updates          | 1399       |
|    policy_loss        | -1.16      |
|    std                | 0.997      |
|    u_grad_norm        | 0.0134     |
|    u_learning_rate    | 0.00249    |
|    v_grad_norm        | 0.918      |
|    v_learning_rate    | 0.000498   |
|    value_loss         | 4.78       |
--------------------------------------
-------------------------------------
| rollout/              |           |
|    ep_len_mean        | 500       |
|    ep_rew_mean        | -3.19e+03 |
| time/                 |           |
|    fps                | 5         |
|    iterations         | 1400      |
|    time_elapsed       | 2228      |
|    total_timesteps    | 11200     |
| train/                |           |
|    d_grad_norm        | 0.932     |
|    d_learning_rate    | 0.0249    |
|    entropy_loss       | -2.1      |
|    explained_variance | 0.9050966 |
|    n_updates          | 1399      |
|    policy_loss        | 24.2      |
|    std                | 1.06      |
|    u_grad_norm        | 0.0134    |
|    u_learning_rate    | 0.00249   |
|    v_grad_norm        | 0.956     |
|    v_learning_rate    | 0.000498  |
|    value_loss         | 98.5      |
-------------------------------------
-------------------------------------
| rollout/              |           |
|    ep_len_mean        | 500       |
|    ep_rew_mean        | -4.17e+03 |
| time/                 |           |
|    fps                | 5         |
|    iterations         | 1400      |
|    time_elapsed       | 2229      |
|    total_timesteps    | 11200     |
| train/                |           |
|    d_grad_norm        | 0.958     |
|    d_learning_rate    | 0.0249    |
|    entropy_loss       | -2.5      |
|    explained_variance | 0.575333  |
|    n_updates          | 1399      |
|    policy_loss        | 0.935     |
|    std                | 1.05      |
|    u_grad_norm        | 0.0252    |
|    u_learning_rate    | 0.00249   |
|    v_grad_norm        | 0.873     |
|    v_learning_rate    | 0.000498  |
|    value_loss         | 0.0912    |
-------------------------------------
-------------------------------------
| rollout/              |           |
|    ep_len_mean        | 500       |
|    ep_rew_mean        | -3.73e+03 |
| time/                 |           |
|    fps                | 5         |
|    iterations         | 1400      |
|    time_elapsed       | 2232      |
|    total_timesteps    | 11200     |
| train/                |           |
|    d_grad_norm        | 1.03      |
|    d_learning_rate    | 0.0249    |
|    entropy_loss       | -1.32     |
|    explained_variance | -41.48007 |
|    n_updates          | 1399      |
|    policy_loss        | -3.01     |
|    std                | 0.951     |
|    u_grad_norm        | 0.0117    |
|    u_learning_rate    | 0.00249   |
|    v_grad_norm        | 0.91      |
|    v_learning_rate    | 0.000498  |
|    value_loss         | 10.4      |
-------------------------------------
--------------------------------------
| rollout/              |            |
|    ep_len_mean        | 500        |
|    ep_rew_mean        | -3.06e+03  |
| time/                 |            |
|    fps                | 5          |
|    iterations         | 1400       |
|    time_elapsed       | 2233       |
|    total_timesteps    | 11200      |
| train/                |            |
|    d_grad_norm        | 1.11       |
|    d_learning_rate    | 0.0249     |
|    entropy_loss       | -1.83      |
|    explained_variance | 0.34404546 |
|    n_updates          | 1399       |
|    policy_loss        | -14.4      |
|    std                | 1.07       |
|    u_grad_norm        | 0.0371     |
|    u_learning_rate    | 0.00249    |
|    v_grad_norm        | 0.953      |
|    v_learning_rate    | 0.000498   |
|    value_loss         | 151        |
--------------------------------------
-------------------------------------
| rollout/              |           |
|    ep_len_mean        | 500       |
|    ep_rew_mean        | -3.65e+03 |
| time/                 |           |
|    fps                | 5         |
|    iterations         | 1400      |
|    time_elapsed       | 2234      |
|    total_timesteps    | 11200     |
| train/                |           |
|    d_grad_norm        | 1.06      |
|    d_learning_rate    | 0.0249    |
|    entropy_loss       | -3.38     |
|    explained_variance | 0.9862309 |
|    n_updates          | 1399      |
|    policy_loss        | -30.8     |
|    std                | 1.12      |
|    u_grad_norm        | 0.00597   |
|    u_learning_rate    | 0.00249   |
|    v_grad_norm        | 1.12      |
|    v_learning_rate    | 0.000498  |
|    value_loss         | 38.9      |
-------------------------------------
-------------------------------------
| rollout/              |           |
|    ep_len_mean        | 500       |
|    ep_rew_mean        | -3.83e+03 |
| time/                 |           |
|    fps                | 5         |
|    iterations         | 1500      |
|    time_elapsed       | 2331      |
|    total_timesteps    | 12000     |
| train/                |           |
|    d_grad_norm        | 0.895     |
|    d_learning_rate    | 0.0249    |
|    entropy_loss       | -1.9      |
|    explained_variance | 0.8075336 |
|    n_updates          | 1499      |
|    policy_loss        | -29.6     |
|    std                | 1.03      |
|    u_grad_norm        | 0.00809   |
|    u_learning_rate    | 0.00249   |
|    v_grad_norm        | 0.966     |
|    v_learning_rate    | 0.000498  |
|    value_loss         | 340       |
-------------------------------------
--------------------------------------
| rollout/              |            |
|    ep_len_mean        | 500        |
|    ep_rew_mean        | -3.38e+03  |
| time/                 |            |
|    fps                | 5          |
|    iterations         | 1500       |
|    time_elapsed       | 2332       |
|    total_timesteps    | 12000      |
| train/                |            |
|    d_grad_norm        | 0.766      |
|    d_learning_rate    | 0.0249     |
|    entropy_loss       | -1.7       |
|    explained_variance | 0.81516945 |
|    n_updates          | 1499       |
|    policy_loss        | -37        |
|    std                | 1          |
|    u_grad_norm        | 0.0176     |
|    u_learning_rate    | 0.00249    |
|    v_grad_norm        | 0.907      |
|    v_learning_rate    | 0.000498   |
|    value_loss         | 263        |
--------------------------------------
--------------------------------------
| rollout/              |            |
|    ep_len_mean        | 500        |
|    ep_rew_mean        | -3.71e+03  |
| time/                 |            |
|    fps                | 5          |
|    iterations         | 1500       |
|    time_elapsed       | 2333       |
|    total_timesteps    | 12000      |
| train/                |            |
|    d_grad_norm        | 1.13       |
|    d_learning_rate    | 0.0249     |
|    entropy_loss       | 0.102      |
|    explained_variance | 0.20130813 |
|    n_updates          | 1499       |
|    policy_loss        | 0.361      |
|    std                | 1.02       |
|    u_grad_norm        | 0.0248     |
|    u_learning_rate    | 0.00249    |
|    v_grad_norm        | 0.904      |
|    v_learning_rate    | 0.000498   |
|    value_loss         | 1.53       |
--------------------------------------
-------------------------------------
| rollout/              |           |
|    ep_len_mean        | 500       |
|    ep_rew_mean        | -3.63e+03 |
| time/                 |           |
|    fps                | 5         |
|    iterations         | 1500      |
|    time_elapsed       | 2334      |
|    total_timesteps    | 12000     |
| train/                |           |
|    d_grad_norm        | 1.01      |
|    d_learning_rate    | 0.0249    |
|    entropy_loss       | -1.86     |
|    explained_variance | -4.318582 |
|    n_updates          | 1499      |
|    policy_loss        | -21.8     |
|    std                | 1.05      |
|    u_grad_norm        | 0.0199    |
|    u_learning_rate    | 0.00249   |
|    v_grad_norm        | 0.931     |
|    v_learning_rate    | 0.000498  |
|    value_loss         | 328       |
-------------------------------------
-------------------------------------
| rollout/              |           |
|    ep_len_mean        | 500       |
|    ep_rew_mean        | -3.79e+03 |
| time/                 |           |
|    fps                | 5         |
|    iterations         | 1500      |
|    time_elapsed       | 2335      |
|    total_timesteps    | 12000     |
| train/                |           |
|    d_grad_norm        | 0.952     |
|    d_learning_rate    | 0.0249    |
|    entropy_loss       | -2.22     |
|    explained_variance | -5.195005 |
|    n_updates          | 1499      |
|    policy_loss        | 4.38      |
|    std                | 1         |
|    u_grad_norm        | 0.00825   |
|    u_learning_rate    | 0.00249   |
|    v_grad_norm        | 0.858     |
|    v_learning_rate    | 0.000498  |
|    value_loss         | 24.4      |
-------------------------------------
---------------------------------------
| rollout/              |             |
|    ep_len_mean        | 500         |
|    ep_rew_mean        | -3.17e+03   |
| time/                 |             |
|    fps                | 5           |
|    iterations         | 1500        |
|    time_elapsed       | 2336        |
|    total_timesteps    | 12000       |
| train/                |             |
|    d_grad_norm        | 0.936       |
|    d_learning_rate    | 0.0249      |
|    entropy_loss       | -2.25       |
|    explained_variance | -0.30789173 |
|    n_updates          | 1499        |
|    policy_loss        | 55          |
|    std                | 1.06        |
|    u_grad_norm        | 0.0121      |
|    u_learning_rate    | 0.00249     |
|    v_grad_norm        | 0.897       |
|    v_learning_rate    | 0.000498    |
|    value_loss         | 599         |
---------------------------------------
--------------------------------------
| rollout/              |            |
|    ep_len_mean        | 500        |
|    ep_rew_mean        | -4.17e+03  |
| time/                 |            |
|    fps                | 5          |
|    iterations         | 1500       |
|    time_elapsed       | 2336       |
|    total_timesteps    | 12000      |
| train/                |            |
|    d_grad_norm        | 1.04       |
|    d_learning_rate    | 0.0249     |
|    entropy_loss       | -2.2       |
|    explained_variance | 0.65617067 |
|    n_updates          | 1499       |
|    policy_loss        | 5.17       |
|    std                | 1.04       |
|    u_grad_norm        | 0.0235     |
|    u_learning_rate    | 0.00249    |
|    v_grad_norm        | 0.921      |
|    v_learning_rate    | 0.000498   |
|    value_loss         | 7.93       |
--------------------------------------
-------------------------------------
| rollout/              |           |
|    ep_len_mean        | 500       |
|    ep_rew_mean        | -3.09e+03 |
| time/                 |           |
|    fps                | 5         |
|    iterations         | 1500      |
|    time_elapsed       | 2338      |
|    total_timesteps    | 12000     |
| train/                |           |
|    d_grad_norm        | 0.89      |
|    d_learning_rate    | 0.0249    |
|    entropy_loss       | -2.12     |
|    explained_variance | 0.1717161 |
|    n_updates          | 1499      |
|    policy_loss        | -45.8     |
|    std                | 1.08      |
|    u_grad_norm        | 0.0187    |
|    u_learning_rate    | 0.00249   |
|    v_grad_norm        | 0.874     |
|    v_learning_rate    | 0.000498  |
|    value_loss         | 609       |
-------------------------------------
--------------------------------------
| rollout/              |            |
|    ep_len_mean        | 500        |
|    ep_rew_mean        | -3.72e+03  |
| time/                 |            |
|    fps                | 5          |
|    iterations         | 1500       |
|    time_elapsed       | 2338       |
|    total_timesteps    | 12000      |
| train/                |            |
|    d_grad_norm        | 0.917      |
|    d_learning_rate    | 0.0249     |
|    entropy_loss       | -2.24      |
|    explained_variance | -1.5334392 |
|    n_updates          | 1499       |
|    policy_loss        | 10         |
|    std                | 0.958      |
|    u_grad_norm        | 4.17e-05   |
|    u_learning_rate    | 0.00249    |
|    v_grad_norm        | 0.946      |
|    v_learning_rate    | 0.000498   |
|    value_loss         | 188        |
--------------------------------------
--------------------------------------
| rollout/              |            |
|    ep_len_mean        | 500        |
|    ep_rew_mean        | -3.68e+03  |
| time/                 |            |
|    fps                | 5          |
|    iterations         | 1500       |
|    time_elapsed       | 2339       |
|    total_timesteps    | 12000      |
| train/                |            |
|    d_grad_norm        | 1.04       |
|    d_learning_rate    | 0.0249     |
|    entropy_loss       | -2.58      |
|    explained_variance | -12.832451 |
|    n_updates          | 1499       |
|    policy_loss        | -17.8      |
|    std                | 1.14       |
|    u_grad_norm        | 0.00901    |
|    u_learning_rate    | 0.00249    |
|    v_grad_norm        | 0.97       |
|    v_learning_rate    | 0.000498   |
|    value_loss         | 150        |
--------------------------------------
-------------------------------------
| rollout/              |           |
|    ep_len_mean        | 500       |
|    ep_rew_mean        | -3.84e+03 |
| time/                 |           |
|    fps                | 5         |
|    iterations         | 1600      |
|    time_elapsed       | 2457      |
|    total_timesteps    | 12800     |
| train/                |           |
|    d_grad_norm        | 0.933     |
|    d_learning_rate    | 0.0249    |
|    entropy_loss       | -2.09     |
|    explained_variance | 0.8815881 |
|    n_updates          | 1599      |
|    policy_loss        | -0.127    |
|    std                | 1.05      |
|    u_grad_norm        | 0.00937   |
|    u_learning_rate    | 0.00249   |
|    v_grad_norm        | 0.862     |
|    v_learning_rate    | 0.000497  |
|    value_loss         | 0.0195    |
-------------------------------------
-------------------------------------
| rollout/              |           |
|    ep_len_mean        | 500       |
|    ep_rew_mean        | -3.35e+03 |
| time/                 |           |
|    fps                | 5         |
|    iterations         | 1600      |
|    time_elapsed       | 2457      |
|    total_timesteps    | 12800     |
| train/                |           |
|    d_grad_norm        | 1.08      |
|    d_learning_rate    | 0.0249    |
|    entropy_loss       | -1.45     |
|    explained_variance | 0.6833072 |
|    n_updates          | 1599      |
|    policy_loss        | 16.4      |
|    std                | 1.01      |
|    u_grad_norm        | 0.0158    |
|    u_learning_rate    | 0.00249   |
|    v_grad_norm        | 0.897     |
|    v_learning_rate    | 0.000497  |
|    value_loss         | 129       |
-------------------------------------
--------------------------------------
| rollout/              |            |
|    ep_len_mean        | 500        |
|    ep_rew_mean        | -3.68e+03  |
| time/                 |            |
|    fps                | 5          |
|    iterations         | 1600       |
|    time_elapsed       | 2458       |
|    total_timesteps    | 12800      |
| train/                |            |
|    d_grad_norm        | 1.02       |
|    d_learning_rate    | 0.0249     |
|    entropy_loss       | -1.05      |
|    explained_variance | -3.2275486 |
|    n_updates          | 1599       |
|    policy_loss        | 23         |
|    std                | 1.01       |
|    u_grad_norm        | 0.0145     |
|    u_learning_rate    | 0.00249    |
|    v_grad_norm        | 0.83       |
|    v_learning_rate    | 0.000497   |
|    value_loss         | 756        |
--------------------------------------
--------------------------------------
| rollout/              |            |
|    ep_len_mean        | 500        |
|    ep_rew_mean        | -3.61e+03  |
| time/                 |            |
|    fps                | 5          |
|    iterations         | 1600       |
|    time_elapsed       | 2459       |
|    total_timesteps    | 12800      |
| train/                |            |
|    d_grad_norm        | 1.06       |
|    d_learning_rate    | 0.0249     |
|    entropy_loss       | -1.57      |
|    explained_variance | 0.54485786 |
|    n_updates          | 1599       |
|    policy_loss        | -17.8      |
|    std                | 1.06       |
|    u_grad_norm        | 0.0125     |
|    u_learning_rate    | 0.00249    |
|    v_grad_norm        | 1.01       |
|    v_learning_rate    | 0.000497   |
|    value_loss         | 229        |
--------------------------------------
---------------------------------------
| rollout/              |             |
|    ep_len_mean        | 500         |
|    ep_rew_mean        | -3.76e+03   |
| time/                 |             |
|    fps                | 5           |
|    iterations         | 1600        |
|    time_elapsed       | 2461        |
|    total_timesteps    | 12800       |
| train/                |             |
|    d_grad_norm        | 0.792       |
|    d_learning_rate    | 0.0249      |
|    entropy_loss       | -2.13       |
|    explained_variance | -0.53474367 |
|    n_updates          | 1599        |
|    policy_loss        | -1.54       |
|    std                | 0.993       |
|    u_grad_norm        | 0.0293      |
|    u_learning_rate    | 0.00249     |
|    v_grad_norm        | 0.98        |
|    v_learning_rate    | 0.000497    |
|    value_loss         | 48.1        |
---------------------------------------
-------------------------------------
| rollout/              |           |
|    ep_len_mean        | 500       |
|    ep_rew_mean        | -3.16e+03 |
| time/                 |           |
|    fps                | 5         |
|    iterations         | 1600      |
|    time_elapsed       | 2462      |
|    total_timesteps    | 12800     |
| train/                |           |
|    d_grad_norm        | 1.05      |
|    d_learning_rate    | 0.0249    |
|    entropy_loss       | -2.08     |
|    explained_variance | 0.860431  |
|    n_updates          | 1599      |
|    policy_loss        | -14.9     |
|    std                | 1.07      |
|    u_grad_norm        | 0.0108    |
|    u_learning_rate    | 0.00249   |
|    v_grad_norm        | 0.919     |
|    v_learning_rate    | 0.000497  |
|    value_loss         | 97.4      |
-------------------------------------
-------------------------------------
| rollout/              |           |
|    ep_len_mean        | 500       |
|    ep_rew_mean        | -4.16e+03 |
| time/                 |           |
|    fps                | 5         |
|    iterations         | 1600      |
|    time_elapsed       | 2462      |
|    total_timesteps    | 12800     |
| train/                |           |
|    d_grad_norm        | 1.01      |
|    d_learning_rate    | 0.0249    |
|    entropy_loss       | -3.06     |
|    explained_variance | 0.7026644 |
|    n_updates          | 1599      |
|    policy_loss        | -7.08     |
|    std                | 1.04      |
|    u_grad_norm        | 0.00369   |
|    u_learning_rate    | 0.00249   |
|    v_grad_norm        | 0.95      |
|    v_learning_rate    | 0.000497  |
|    value_loss         | 5.25      |
-------------------------------------
--------------------------------------
| rollout/              |            |
|    ep_len_mean        | 500        |
|    ep_rew_mean        | -3.71e+03  |
| time/                 |            |
|    fps                | 5          |
|    iterations         | 1600       |
|    time_elapsed       | 2465       |
|    total_timesteps    | 12800      |
| train/                |            |
|    d_grad_norm        | 0.893      |
|    d_learning_rate    | 0.0249     |
|    entropy_loss       | -2.4       |
|    explained_variance | -3.3498254 |
|    n_updates          | 1599       |
|    policy_loss        | 19.3       |
|    std                | 0.963      |
|    u_grad_norm        | 0.00421    |
|    u_learning_rate    | 0.00249    |
|    v_grad_norm        | 0.897      |
|    v_learning_rate    | 0.000497   |
|    value_loss         | 199        |
--------------------------------------
--------------------------------------
| rollout/              |            |
|    ep_len_mean        | 500        |
|    ep_rew_mean        | -3.1e+03   |
| time/                 |            |
|    fps                | 5          |
|    iterations         | 1600       |
|    time_elapsed       | 2465       |
|    total_timesteps    | 12800      |
| train/                |            |
|    d_grad_norm        | 0.883      |
|    d_learning_rate    | 0.0249     |
|    entropy_loss       | -2.2       |
|    explained_variance | -0.1764692 |
|    n_updates          | 1599       |
|    policy_loss        | 2.2        |
|    std                | 1.07       |
|    u_grad_norm        | 0.00415    |
|    u_learning_rate    | 0.00249    |
|    v_grad_norm        | 0.907      |
|    v_learning_rate    | 0.000497   |
|    value_loss         | 43.8       |
--------------------------------------
--------------------------------------
| rollout/              |            |
|    ep_len_mean        | 500        |
|    ep_rew_mean        | -3.69e+03  |
| time/                 |            |
|    fps                | 5          |
|    iterations         | 1600       |
|    time_elapsed       | 2466       |
|    total_timesteps    | 12800      |
| train/                |            |
|    d_grad_norm        | 1.13       |
|    d_learning_rate    | 0.0249     |
|    entropy_loss       | -1.86      |
|    explained_variance | 0.89068156 |
|    n_updates          | 1599       |
|    policy_loss        | -15.1      |
|    std                | 1.14       |
|    u_grad_norm        | 0.0271     |
|    u_learning_rate    | 0.00249    |
|    v_grad_norm        | 0.944      |
|    v_learning_rate    | 0.000497   |
|    value_loss         | 50.4       |
--------------------------------------
-------------------------------------
| rollout/              |           |
|    ep_len_mean        | 500       |
|    ep_rew_mean        | -3.82e+03 |
| time/                 |           |
|    fps                | 5         |
|    iterations         | 1700      |
|    time_elapsed       | 2580      |
|    total_timesteps    | 13600     |
| train/                |           |
|    d_grad_norm        | 0.988     |
|    d_learning_rate    | 0.0249    |
|    entropy_loss       | -2.62     |
|    explained_variance | 0.9447816 |
|    n_updates          | 1699      |
|    policy_loss        | -18.4     |
|    std                | 1.07      |
|    u_grad_norm        | 0.0335    |
|    u_learning_rate    | 0.00249   |
|    v_grad_norm        | 0.925     |
|    v_learning_rate    | 0.000497  |
|    value_loss         | 24.9      |
-------------------------------------
---------------------------------------
| rollout/              |             |
|    ep_len_mean        | 500         |
|    ep_rew_mean        | -3.36e+03   |
| time/                 |             |
|    fps                | 5           |
|    iterations         | 1700        |
|    time_elapsed       | 2581        |
|    total_timesteps    | 13600       |
| train/                |             |
|    d_grad_norm        | 0.902       |
|    d_learning_rate    | 0.0249      |
|    entropy_loss       | -1.36       |
|    explained_variance | -0.37130916 |
|    n_updates          | 1699        |
|    policy_loss        | 82.3        |
|    std                | 1.01        |
|    u_grad_norm        | 0.0347      |
|    u_learning_rate    | 0.00249     |
|    v_grad_norm        | 0.871       |
|    v_learning_rate    | 0.000497    |
|    value_loss         | 830         |
---------------------------------------
-------------------------------------
| rollout/              |           |
|    ep_len_mean        | 500       |
|    ep_rew_mean        | -3.63e+03 |
| time/                 |           |
|    fps                | 5         |
|    iterations         | 1700      |
|    time_elapsed       | 2582      |
|    total_timesteps    | 13600     |
| train/                |           |
|    d_grad_norm        | 1.13      |
|    d_learning_rate    | 0.0249    |
|    entropy_loss       | -0.277    |
|    explained_variance | 0.616066  |
|    n_updates          | 1699      |
|    policy_loss        | 1.07      |
|    std                | 1.02      |
|    u_grad_norm        | 0.00619   |
|    u_learning_rate    | 0.00249   |
|    v_grad_norm        | 0.896     |
|    v_learning_rate    | 0.000497  |
|    value_loss         | 18.9      |
-------------------------------------
--------------------------------------
| rollout/              |            |
|    ep_len_mean        | 500        |
|    ep_rew_mean        | -3.65e+03  |
| time/                 |            |
|    fps                | 5          |
|    iterations         | 1700       |
|    time_elapsed       | 2582       |
|    total_timesteps    | 13600      |
| train/                |            |
|    d_grad_norm        | 1.04       |
|    d_learning_rate    | 0.0249     |
|    entropy_loss       | -1.94      |
|    explained_variance | 0.42209107 |
|    n_updates          | 1699       |
|    policy_loss        | -29.1      |
|    std                | 1.06       |
|    u_grad_norm        | 0.000858   |
|    u_learning_rate    | 0.00249    |
|    v_grad_norm        | 0.931      |
|    v_learning_rate    | 0.000497   |
|    value_loss         | 553        |
--------------------------------------
--------------------------------------
| rollout/              |            |
|    ep_len_mean        | 500        |
|    ep_rew_mean        | -3.7e+03   |
| time/                 |            |
|    fps                | 5          |
|    iterations         | 1700       |
|    time_elapsed       | 2585       |
|    total_timesteps    | 13600      |
| train/                |            |
|    d_grad_norm        | 0.832      |
|    d_learning_rate    | 0.0249     |
|    entropy_loss       | -2.24      |
|    explained_variance | 0.08163792 |
|    n_updates          | 1699       |
|    policy_loss        | 21.9       |
|    std                | 1          |
|    u_grad_norm        | 0.0319     |
|    u_learning_rate    | 0.00249    |
|    v_grad_norm        | 0.925      |
|    v_learning_rate    | 0.000497   |
|    value_loss         | 57.4       |
--------------------------------------
---------------------------------------
| rollout/              |             |
|    ep_len_mean        | 500         |
|    ep_rew_mean        | -3.14e+03   |
| time/                 |             |
|    fps                | 5           |
|    iterations         | 1700        |
|    time_elapsed       | 2586        |
|    total_timesteps    | 13600       |
| train/                |             |
|    d_grad_norm        | 1.11        |
|    d_learning_rate    | 0.0249      |
|    entropy_loss       | -1.02       |
|    explained_variance | -0.87762785 |
|    n_updates          | 1699        |
|    policy_loss        | -37.5       |
|    std                | 1.06        |
|    u_grad_norm        | 0.0496      |
|    u_learning_rate    | 0.00249     |
|    v_grad_norm        | 0.927       |
|    v_learning_rate    | 0.000497    |
|    value_loss         | 263         |
---------------------------------------
--------------------------------------
| rollout/              |            |
|    ep_len_mean        | 500        |
|    ep_rew_mean        | -4.15e+03  |
| time/                 |            |
|    fps                | 5          |
|    iterations         | 1700       |
|    time_elapsed       | 2587       |
|    total_timesteps    | 13600      |
| train/                |            |
|    d_grad_norm        | 1.05       |
|    d_learning_rate    | 0.0249     |
|    entropy_loss       | -3.29      |
|    explained_variance | 0.10176015 |
|    n_updates          | 1699       |
|    policy_loss        | -6.94      |
|    std                | 1.04       |
|    u_grad_norm        | 0.00603    |
|    u_learning_rate    | 0.00249    |
|    v_grad_norm        | 0.906      |
|    v_learning_rate    | 0.000497   |
|    value_loss         | 6.8        |
--------------------------------------
-------------------------------------
| rollout/              |           |
|    ep_len_mean        | 500       |
|    ep_rew_mean        | -3.09e+03 |
| time/                 |           |
|    fps                | 5         |
|    iterations         | 1700      |
|    time_elapsed       | 2591      |
|    total_timesteps    | 13600     |
| train/                |           |
|    d_grad_norm        | 1.1       |
|    d_learning_rate    | 0.0249    |
|    entropy_loss       | -2.63     |
|    explained_variance | 0.2621854 |
|    n_updates          | 1699      |
|    policy_loss        | -10.3     |
|    std                | 1.07      |
|    u_grad_norm        | 0.0119    |
|    u_learning_rate    | 0.00249   |
|    v_grad_norm        | 0.971     |
|    v_learning_rate    | 0.000497  |
|    value_loss         | 83        |
-------------------------------------
--------------------------------------
| rollout/              |            |
|    ep_len_mean        | 500        |
|    ep_rew_mean        | -3.69e+03  |
| time/                 |            |
|    fps                | 5          |
|    iterations         | 1700       |
|    time_elapsed       | 2591       |
|    total_timesteps    | 13600      |
| train/                |            |
|    d_grad_norm        | 0.965      |
|    d_learning_rate    | 0.0249     |
|    entropy_loss       | -1.59      |
|    explained_variance | 0.82444715 |
|    n_updates          | 1699       |
|    policy_loss        | -1.32      |
|    std                | 0.966      |
|    u_grad_norm        | 0.00867    |
|    u_learning_rate    | 0.00249    |
|    v_grad_norm        | 0.957      |
|    v_learning_rate    | 0.000497   |
|    value_loss         | 3.56       |
--------------------------------------
--------------------------------------
| rollout/              |            |
|    ep_len_mean        | 500        |
|    ep_rew_mean        | -3.71e+03  |
| time/                 |            |
|    fps                | 5          |
|    iterations         | 1700       |
|    time_elapsed       | 2594       |
|    total_timesteps    | 13600      |
| train/                |            |
|    d_grad_norm        | 1.16       |
|    d_learning_rate    | 0.0249     |
|    entropy_loss       | -1.85      |
|    explained_variance | -47.778976 |
|    n_updates          | 1699       |
|    policy_loss        | -46.2      |
|    std                | 1.16       |
|    u_grad_norm        | 0.0389     |
|    u_learning_rate    | 0.00249    |
|    v_grad_norm        | 0.964      |
|    v_learning_rate    | 0.000497   |
|    value_loss         | 283        |
--------------------------------------
--------------------------------------
| rollout/              |            |
|    ep_len_mean        | 500        |
|    ep_rew_mean        | -3.79e+03  |
| time/                 |            |
|    fps                | 5          |
|    iterations         | 1800       |
|    time_elapsed       | 2703       |
|    total_timesteps    | 14400      |
| train/                |            |
|    d_grad_norm        | 0.974      |
|    d_learning_rate    | 0.0249     |
|    entropy_loss       | -2.81      |
|    explained_variance | 0.87895095 |
|    n_updates          | 1799       |
|    policy_loss        | -26        |
|    std                | 1.06       |
|    u_grad_norm        | 0.0232     |
|    u_learning_rate    | 0.00249    |
|    v_grad_norm        | 0.975      |
|    v_learning_rate    | 0.000497   |
|    value_loss         | 81.6       |
--------------------------------------
-------------------------------------
| rollout/              |           |
|    ep_len_mean        | 500       |
|    ep_rew_mean        | -3.33e+03 |
| time/                 |           |
|    fps                | 5         |
|    iterations         | 1800      |
|    time_elapsed       | 2704      |
|    total_timesteps    | 14400     |
| train/                |           |
|    d_grad_norm        | 1.19      |
|    d_learning_rate    | 0.0249    |
|    entropy_loss       | -0.766    |
|    explained_variance | 0.6620989 |
|    n_updates          | 1799      |
|    policy_loss        | -3.45     |
|    std                | 1.01      |
|    u_grad_norm        | 0.00931   |
|    u_learning_rate    | 0.00249   |
|    v_grad_norm        | 0.892     |
|    v_learning_rate    | 0.000497  |
|    value_loss         | 34.6      |
-------------------------------------
-------------------------------------
| rollout/              |           |
|    ep_len_mean        | 500       |
|    ep_rew_mean        | -3.66e+03 |
| time/                 |           |
|    fps                | 5         |
|    iterations         | 1800      |
|    time_elapsed       | 2705      |
|    total_timesteps    | 14400     |
| train/                |           |
|    d_grad_norm        | 0.974     |
|    d_learning_rate    | 0.0249    |
|    entropy_loss       | -0.928    |
|    explained_variance | 0.9365743 |
|    n_updates          | 1799      |
|    policy_loss        | 0.994     |
|    std                | 1.01      |
|    u_grad_norm        | 0.00423   |
|    u_learning_rate    | 0.00249   |
|    v_grad_norm        | 0.931     |
|    v_learning_rate    | 0.000497  |
|    value_loss         | 0.755     |
-------------------------------------
--------------------------------------
| rollout/              |            |
|    ep_len_mean        | 500        |
|    ep_rew_mean        | -3.63e+03  |
| time/                 |            |
|    fps                | 5          |
|    iterations         | 1800       |
|    time_elapsed       | 2705       |
|    total_timesteps    | 14400      |
| train/                |            |
|    d_grad_norm        | 1.06       |
|    d_learning_rate    | 0.0249     |
|    entropy_loss       | -1.69      |
|    explained_variance | -1.4343936 |
|    n_updates          | 1799       |
|    policy_loss        | -39.3      |
|    std                | 1.07       |
|    u_grad_norm        | 0.0232     |
|    u_learning_rate    | 0.00249    |
|    v_grad_norm        | 1.01       |
|    v_learning_rate    | 0.000497   |
|    value_loss         | 451        |
--------------------------------------
---------------------------------------
| rollout/              |             |
|    ep_len_mean        | 500         |
|    ep_rew_mean        | -3.69e+03   |
| time/                 |             |
|    fps                | 5           |
|    iterations         | 1800        |
|    time_elapsed       | 2707        |
|    total_timesteps    | 14400       |
| train/                |             |
|    d_grad_norm        | 1.01        |
|    d_learning_rate    | 0.0249      |
|    entropy_loss       | -2.28       |
|    explained_variance | 0.008446515 |
|    n_updates          | 1799        |
|    policy_loss        | 14.3        |
|    std                | 1.01        |
|    u_grad_norm        | 0.00691     |
|    u_learning_rate    | 0.00249     |
|    v_grad_norm        | 0.936       |
|    v_learning_rate    | 0.000497    |
|    value_loss         | 47.6        |
---------------------------------------
-------------------------------------
| rollout/              |           |
|    ep_len_mean        | 500       |
|    ep_rew_mean        | -3.16e+03 |
| time/                 |           |
|    fps                | 5         |
|    iterations         | 1800      |
|    time_elapsed       | 2709      |
|    total_timesteps    | 14400     |
| train/                |           |
|    d_grad_norm        | 0.896     |
|    d_learning_rate    | 0.0249    |
|    entropy_loss       | -2.92     |
|    explained_variance | 0.9325109 |
|    n_updates          | 1799      |
|    policy_loss        | 35.1      |
|    std                | 1.06      |
|    u_grad_norm        | 0.00267   |
|    u_learning_rate    | 0.00249   |
|    v_grad_norm        | 0.87      |
|    v_learning_rate    | 0.000497  |
|    value_loss         | 220       |
-------------------------------------
--------------------------------------
| rollout/              |            |
|    ep_len_mean        | 500        |
|    ep_rew_mean        | -4.14e+03  |
| time/                 |            |
|    fps                | 5          |
|    iterations         | 1800       |
|    time_elapsed       | 2710       |
|    total_timesteps    | 14400      |
| train/                |            |
|    d_grad_norm        | 1.06       |
|    d_learning_rate    | 0.0249     |
|    entropy_loss       | -3.02      |
|    explained_variance | 0.74650943 |
|    n_updates          | 1799       |
|    policy_loss        | -10.1      |
|    std                | 1.03       |
|    u_grad_norm        | 0.0143     |
|    u_learning_rate    | 0.00249    |
|    v_grad_norm        | 0.874      |
|    v_learning_rate    | 0.000497   |
|    value_loss         | 11.7       |
--------------------------------------
--------------------------------------
| rollout/              |            |
|    ep_len_mean        | 500        |
|    ep_rew_mean        | -3.12e+03  |
| time/                 |            |
|    fps                | 5          |
|    iterations         | 1800       |
|    time_elapsed       | 2714       |
|    total_timesteps    | 14400      |
| train/                |            |
|    d_grad_norm        | 0.86       |
|    d_learning_rate    | 0.0249     |
|    entropy_loss       | -2.53      |
|    explained_variance | 0.12044662 |
|    n_updates          | 1799       |
|    policy_loss        | 63.8       |
|    std                | 1.07       |
|    u_grad_norm        | 0.00284    |
|    u_learning_rate    | 0.00249    |
|    v_grad_norm        | 0.878      |
|    v_learning_rate    | 0.000497   |
|    value_loss         | 1.08e+03   |
--------------------------------------
--------------------------------------
| rollout/              |            |
|    ep_len_mean        | 500        |
|    ep_rew_mean        | -3.68e+03  |
| time/                 |            |
|    fps                | 5          |
|    iterations         | 1800       |
|    time_elapsed       | 2714       |
|    total_timesteps    | 14400      |
| train/                |            |
|    d_grad_norm        | 0.845      |
|    d_learning_rate    | 0.0249     |
|    entropy_loss       | -2.14      |
|    explained_variance | -12.385419 |
|    n_updates          | 1799       |
|    policy_loss        | 18.1       |
|    std                | 0.966      |
|    u_grad_norm        | 0.00538    |
|    u_learning_rate    | 0.00249    |
|    v_grad_norm        | 1          |
|    v_learning_rate    | 0.000497   |
|    value_loss         | 170        |
--------------------------------------
--------------------------------------
| rollout/              |            |
|    ep_len_mean        | 500        |
|    ep_rew_mean        | -3.73e+03  |
| time/                 |            |
|    fps                | 5          |
|    iterations         | 1800       |
|    time_elapsed       | 2717       |
|    total_timesteps    | 14400      |
| train/                |            |
|    d_grad_norm        | 1.13       |
|    d_learning_rate    | 0.0249     |
|    entropy_loss       | -3.7       |
|    explained_variance | 0.45516688 |
|    n_updates          | 1799       |
|    policy_loss        | 34.9       |
|    std                | 1.16       |
|    u_grad_norm        | 0.00732    |
|    u_learning_rate    | 0.00249    |
|    v_grad_norm        | 1.01       |
|    v_learning_rate    | 0.000497   |
|    value_loss         | 103        |
--------------------------------------
--------------------------------------
| rollout/              |            |
|    ep_len_mean        | 500        |
|    ep_rew_mean        | -3.75e+03  |
| time/                 |            |
|    fps                | 5          |
|    iterations         | 1900       |
|    time_elapsed       | 2825       |
|    total_timesteps    | 15200      |
| train/                |            |
|    d_grad_norm        | 0.921      |
|    d_learning_rate    | 0.0248     |
|    entropy_loss       | -3.04      |
|    explained_variance | 0.05906874 |
|    n_updates          | 1899       |
|    policy_loss        | 15.3       |
|    std                | 1.07       |
|    u_grad_norm        | 0.0033     |
|    u_learning_rate    | 0.00248    |
|    v_grad_norm        | 0.941      |
|    v_learning_rate    | 0.000497   |
|    value_loss         | 88.8       |
--------------------------------------
--------------------------------------
| rollout/              |            |
|    ep_len_mean        | 500        |
|    ep_rew_mean        | -3.36e+03  |
| time/                 |            |
|    fps                | 5          |
|    iterations         | 1900       |
|    time_elapsed       | 2826       |
|    total_timesteps    | 15200      |
| train/                |            |
|    d_grad_norm        | 0.917      |
|    d_learning_rate    | 0.0248     |
|    entropy_loss       | -1.85      |
|    explained_variance | 0.73093474 |
|    n_updates          | 1899       |
|    policy_loss        | 24.3       |
|    std                | 1          |
|    u_grad_norm        | 0.00365    |
|    u_learning_rate    | 0.00248    |
|    v_grad_norm        | 0.783      |
|    v_learning_rate    | 0.000497   |
|    value_loss         | 347        |
--------------------------------------
-------------------------------------
| rollout/              |           |
|    ep_len_mean        | 500       |
|    ep_rew_mean        | -3.68e+03 |
| time/                 |           |
|    fps                | 5         |
|    iterations         | 1900      |
|    time_elapsed       | 2827      |
|    total_timesteps    | 15200     |
| train/                |           |
|    d_grad_norm        | 1.08      |
|    d_learning_rate    | 0.0248    |
|    entropy_loss       | -0.704    |
|    explained_variance | 0.682388  |
|    n_updates          | 1899      |
|    policy_loss        | -0.396    |
|    std                | 1.01      |
|    u_grad_norm        | 0.00695   |
|    u_learning_rate    | 0.00248   |
|    v_grad_norm        | 0.936     |
|    v_learning_rate    | 0.000497  |
|    value_loss         | 13.8      |
-------------------------------------
--------------------------------------
| rollout/              |            |
|    ep_len_mean        | 500        |
|    ep_rew_mean        | -3.59e+03  |
| time/                 |            |
|    fps                | 5          |
|    iterations         | 1900       |
|    time_elapsed       | 2827       |
|    total_timesteps    | 15200      |
| train/                |            |
|    d_grad_norm        | 0.88       |
|    d_learning_rate    | 0.0248     |
|    entropy_loss       | -3.13      |
|    explained_variance | -0.3257625 |
|    n_updates          | 1899       |
|    policy_loss        | -15.7      |
|    std                | 1.08       |
|    u_grad_norm        | 0.00072    |
|    u_learning_rate    | 0.00248    |
|    v_grad_norm        | 0.96       |
|    v_learning_rate    | 0.000497   |
|    value_loss         | 141        |
--------------------------------------
-------------------------------------
| rollout/              |           |
|    ep_len_mean        | 500       |
|    ep_rew_mean        | -3.64e+03 |
| time/                 |           |
|    fps                | 5         |
|    iterations         | 1900      |
|    time_elapsed       | 2830      |
|    total_timesteps    | 15200     |
| train/                |           |
|    d_grad_norm        | 0.733     |
|    d_learning_rate    | 0.0248    |
|    entropy_loss       | -3.04     |
|    explained_variance | 0.9519192 |
|    n_updates          | 1899      |
|    policy_loss        | 24.9      |
|    std                | 1.01      |
|    u_grad_norm        | 0.00374   |
|    u_learning_rate    | 0.00248   |
|    v_grad_norm        | 0.927     |
|    v_learning_rate    | 0.000497  |
|    value_loss         | 102       |
-------------------------------------
--------------------------------------
| rollout/              |            |
|    ep_len_mean        | 500        |
|    ep_rew_mean        | -3.15e+03  |
| time/                 |            |
|    fps                | 5          |
|    iterations         | 1900       |
|    time_elapsed       | 2831       |
|    total_timesteps    | 15200      |
| train/                |            |
|    d_grad_norm        | 0.974      |
|    d_learning_rate    | 0.0248     |
|    entropy_loss       | -1.95      |
|    explained_variance | -1.0349863 |
|    n_updates          | 1899       |
|    policy_loss        | 11.7       |
|    std                | 1.06       |
|    u_grad_norm        | 0.0416     |
|    u_learning_rate    | 0.00248    |
|    v_grad_norm        | 0.878      |
|    v_learning_rate    | 0.000497   |
|    value_loss         | 41.4       |
--------------------------------------
--------------------------------------
| rollout/              |            |
|    ep_len_mean        | 500        |
|    ep_rew_mean        | -4.11e+03  |
| time/                 |            |
|    fps                | 5          |
|    iterations         | 1900       |
|    time_elapsed       | 2833       |
|    total_timesteps    | 15200      |
| train/                |            |
|    d_grad_norm        | 0.934      |
|    d_learning_rate    | 0.0248     |
|    entropy_loss       | -3.05      |
|    explained_variance | -106.16311 |
|    n_updates          | 1899       |
|    policy_loss        | -0.401     |
|    std                | 1.01       |
|    u_grad_norm        | 0.000344   |
|    u_learning_rate    | 0.00248    |
|    v_grad_norm        | 1.05       |
|    v_learning_rate    | 0.000497   |
|    value_loss         | 0.0334     |
--------------------------------------
---------------------------------------
| rollout/              |             |
|    ep_len_mean        | 500         |
|    ep_rew_mean        | -3.11e+03   |
| time/                 |             |
|    fps                | 5           |
|    iterations         | 1900        |
|    time_elapsed       | 2836        |
|    total_timesteps    | 15200       |
| train/                |             |
|    d_grad_norm        | 0.906       |
|    d_learning_rate    | 0.0248      |
|    entropy_loss       | -1.7        |
|    explained_variance | 0.044329643 |
|    n_updates          | 1899        |
|    policy_loss        | -45.4       |
|    std                | 1.06        |
|    u_grad_norm        | 0.0255      |
|    u_learning_rate    | 0.00248     |
|    v_grad_norm        | 0.891       |
|    v_learning_rate    | 0.000497    |
|    value_loss         | 558         |
---------------------------------------
-------------------------------------
| rollout/              |           |
|    ep_len_mean        | 500       |
|    ep_rew_mean        | -3.63e+03 |
| time/                 |           |
|    fps                | 5         |
|    iterations         | 1900      |
|    time_elapsed       | 2837      |
|    total_timesteps    | 15200     |
| train/                |           |
|    d_grad_norm        | 1.07      |
|    d_learning_rate    | 0.0248    |
|    entropy_loss       | -1.73     |
|    explained_variance | 0.4830801 |
|    n_updates          | 1899      |
|    policy_loss        | -8.3      |
|    std                | 0.968     |
|    u_grad_norm        | 0.00686   |
|    u_learning_rate    | 0.00248   |
|    v_grad_norm        | 0.942     |
|    v_learning_rate    | 0.000497  |
|    value_loss         | 82.5      |
-------------------------------------
--------------------------------------
| rollout/              |            |
|    ep_len_mean        | 500        |
|    ep_rew_mean        | -3.74e+03  |
| time/                 |            |
|    fps                | 5          |
|    iterations         | 1900       |
|    time_elapsed       | 2841       |
|    total_timesteps    | 15200      |
| train/                |            |
|    d_grad_norm        | 0.881      |
|    d_learning_rate    | 0.0248     |
|    entropy_loss       | -2.95      |
|    explained_variance | -45.348434 |
|    n_updates          | 1899       |
|    policy_loss        | 11.3       |
|    std                | 1.16       |
|    u_grad_norm        | 0.00988    |
|    u_learning_rate    | 0.00248    |
|    v_grad_norm        | 0.911      |
|    v_learning_rate    | 0.000497   |
|    value_loss         | 66.6       |
--------------------------------------
--------------------------------------
| rollout/              |            |
|    ep_len_mean        | 500        |
|    ep_rew_mean        | -3.71e+03  |
| time/                 |            |
|    fps                | 5          |
|    iterations         | 2000       |
|    time_elapsed       | 2933       |
|    total_timesteps    | 16000      |
| train/                |            |
|    d_grad_norm        | 0.948      |
|    d_learning_rate    | 0.0248     |
|    entropy_loss       | -2.06      |
|    explained_variance | 0.95170325 |
|    n_updates          | 1999       |
|    policy_loss        | -2.66      |
|    std                | 1.07       |
|    u_grad_norm        | 0.00951    |
|    u_learning_rate    | 0.00248    |
|    v_grad_norm        | 0.942      |
|    v_learning_rate    | 0.000497   |
|    value_loss         | 4.56       |
--------------------------------------
-------------------------------------
| rollout/              |           |
|    ep_len_mean        | 500       |
|    ep_rew_mean        | -3.34e+03 |
| time/                 |           |
|    fps                | 5         |
|    iterations         | 2000      |
|    time_elapsed       | 2933      |
|    total_timesteps    | 16000     |
| train/                |           |
|    d_grad_norm        | 1.17      |
|    d_learning_rate    | 0.0248    |
|    entropy_loss       | -0.417    |
|    explained_variance | 0.8313736 |
|    n_updates          | 1999      |
|    policy_loss        | 2.47      |
|    std                | 1         |
|    u_grad_norm        | 0.115     |
|    u_learning_rate    | 0.00248   |
|    v_grad_norm        | 1.01      |
|    v_learning_rate    | 0.000497  |
|    value_loss         | 6.31      |
-------------------------------------
--------------------------------------
| rollout/              |            |
|    ep_len_mean        | 500        |
|    ep_rew_mean        | -3.58e+03  |
| time/                 |            |
|    fps                | 5          |
|    iterations         | 2000       |
|    time_elapsed       | 2934       |
|    total_timesteps    | 16000      |
| train/                |            |
|    d_grad_norm        | 0.983      |
|    d_learning_rate    | 0.0248     |
|    entropy_loss       | -2.08      |
|    explained_variance | 0.54759455 |
|    n_updates          | 1999       |
|    policy_loss        | -14.1      |
|    std                | 1.07       |
|    u_grad_norm        | 0.0111     |
|    u_learning_rate    | 0.00248    |
|    v_grad_norm        | 0.939      |
|    v_learning_rate    | 0.000497   |
|    value_loss         | 123        |
--------------------------------------
-------------------------------------
| rollout/              |           |
|    ep_len_mean        | 500       |
|    ep_rew_mean        | -3.66e+03 |
| time/                 |           |
|    fps                | 5         |
|    iterations         | 2000      |
|    time_elapsed       | 2935      |
|    total_timesteps    | 16000     |
| train/                |           |
|    d_grad_norm        | 1.02      |
|    d_learning_rate    | 0.0248    |
|    entropy_loss       | -0.443    |
|    explained_variance | 0.753052  |
|    n_updates          | 1999      |
|    policy_loss        | 0.671     |
|    std                | 1.01      |
|    u_grad_norm        | 0.00777   |
|    u_learning_rate    | 0.00248   |
|    v_grad_norm        | 1         |
|    v_learning_rate    | 0.000497  |
|    value_loss         | 193       |
-------------------------------------
-------------------------------------
| rollout/              |           |
|    ep_len_mean        | 500       |
|    ep_rew_mean        | -3.61e+03 |
| time/                 |           |
|    fps                | 5         |
|    iterations         | 2000      |
|    time_elapsed       | 2937      |
|    total_timesteps    | 16000     |
| train/                |           |
|    d_grad_norm        | 0.885     |
|    d_learning_rate    | 0.0248    |
|    entropy_loss       | -1.91     |
|    explained_variance | 0.9552698 |
|    n_updates          | 1999      |
|    policy_loss        | -1.54     |
|    std                | 1.01      |
|    u_grad_norm        | 0.00778   |
|    u_learning_rate    | 0.00248   |
|    v_grad_norm        | 0.955     |
|    v_learning_rate    | 0.000497  |
|    value_loss         | 1.19      |
-------------------------------------
-------------------------------------
| rollout/              |           |
|    ep_len_mean        | 500       |
|    ep_rew_mean        | -3.16e+03 |
| time/                 |           |
|    fps                | 5         |
|    iterations         | 2000      |
|    time_elapsed       | 2937      |
|    total_timesteps    | 16000     |
| train/                |           |
|    d_grad_norm        | 0.927     |
|    d_learning_rate    | 0.0248    |
|    entropy_loss       | -2.6      |
|    explained_variance | 0.97662   |
|    n_updates          | 1999      |
|    policy_loss        | -21.3     |
|    std                | 1.07      |
|    u_grad_norm        | 0.0131    |
|    u_learning_rate    | 0.00248   |
|    v_grad_norm        | 0.967     |
|    v_learning_rate    | 0.000497  |
|    value_loss         | 59.5      |
-------------------------------------
--------------------------------------
| rollout/              |            |
|    ep_len_mean        | 500        |
|    ep_rew_mean        | -4.11e+03  |
| time/                 |            |
|    fps                | 5          |
|    iterations         | 2000       |
|    time_elapsed       | 2939       |
|    total_timesteps    | 16000      |
| train/                |            |
|    d_grad_norm        | 0.926      |
|    d_learning_rate    | 0.0248     |
|    entropy_loss       | -3.31      |
|    explained_variance | -1.9812729 |
|    n_updates          | 1999       |
|    policy_loss        | 1.56       |
|    std                | 0.997      |
|    u_grad_norm        | 0.0113     |
|    u_learning_rate    | 0.00248    |
|    v_grad_norm        | 0.874      |
|    v_learning_rate    | 0.000497   |
|    value_loss         | 0.286      |
--------------------------------------
-------------------------------------
| rollout/              |           |
|    ep_len_mean        | 500       |
|    ep_rew_mean        | -3.13e+03 |
| time/                 |           |
|    fps                | 5         |
|    iterations         | 2000      |
|    time_elapsed       | 2942      |
|    total_timesteps    | 16000     |
| train/                |           |
|    d_grad_norm        | 0.89      |
|    d_learning_rate    | 0.0248    |
|    entropy_loss       | -1.62     |
|    explained_variance | 0.3078649 |
|    n_updates          | 1999      |
|    policy_loss        | -16       |
|    std                | 1.07      |
|    u_grad_norm        | 0.0226    |
|    u_learning_rate    | 0.00248   |
|    v_grad_norm        | 0.946     |
|    v_learning_rate    | 0.000497  |
|    value_loss         | 181       |
-------------------------------------
-------------------------------------
| rollout/              |           |
|    ep_len_mean        | 500       |
|    ep_rew_mean        | -3.64e+03 |
| time/                 |           |
|    fps                | 5         |
|    iterations         | 2000      |
|    time_elapsed       | 2942      |
|    total_timesteps    | 16000     |
| train/                |           |
|    d_grad_norm        | 0.987     |
|    d_learning_rate    | 0.0248    |
|    entropy_loss       | -1.77     |
|    explained_variance | -2.880334 |
|    n_updates          | 1999      |
|    policy_loss        | 3.14      |
|    std                | 0.97      |
|    u_grad_norm        | 0.00269   |
|    u_learning_rate    | 0.00248   |
|    v_grad_norm        | 0.919     |
|    v_learning_rate    | 0.000497  |
|    value_loss         | 12        |
-------------------------------------
-------------------------------------
| rollout/              |           |
|    ep_len_mean        | 500       |
|    ep_rew_mean        | -3.75e+03 |
| time/                 |           |
|    fps                | 5         |
|    iterations         | 2000      |
|    time_elapsed       | 2945      |
|    total_timesteps    | 16000     |
| train/                |           |
|    d_grad_norm        | 1.11      |
|    d_learning_rate    | 0.0248    |
|    entropy_loss       | -2.82     |
|    explained_variance | 0.2744974 |
|    n_updates          | 1999      |
|    policy_loss        | 9.05      |
|    std                | 1.15      |
|    u_grad_norm        | 0.0199    |
|    u_learning_rate    | 0.00248   |
|    v_grad_norm        | 0.917     |
|    v_learning_rate    | 0.000497  |
|    value_loss         | 9.35      |
-------------------------------------
--------------------------------------
| rollout/              |            |
|    ep_len_mean        | 500        |
|    ep_rew_mean        | -3.7e+03   |
| time/                 |            |
|    fps                | 5          |
|    iterations         | 2100       |
|    time_elapsed       | 3058       |
|    total_timesteps    | 16800      |
| train/                |            |
|    d_grad_norm        | 0.834      |
|    d_learning_rate    | 0.0248     |
|    entropy_loss       | -2.54      |
|    explained_variance | -0.0704875 |
|    n_updates          | 2099       |
|    policy_loss        | -28        |
|    std                | 1.06       |
|    u_grad_norm        | 0.0257     |
|    u_learning_rate    | 0.00248    |
|    v_grad_norm        | 0.797      |
|    v_learning_rate    | 0.000497   |
|    value_loss         | 156        |
--------------------------------------
--------------------------------------
| rollout/              |            |
|    ep_len_mean        | 500        |
|    ep_rew_mean        | -3.32e+03  |
| time/                 |            |
|    fps                | 5          |
|    iterations         | 2100       |
|    time_elapsed       | 3059       |
|    total_timesteps    | 16800      |
| train/                |            |
|    d_grad_norm        | 1.2        |
|    d_learning_rate    | 0.0248     |
|    entropy_loss       | -1.34      |
|    explained_variance | 0.96328694 |
|    n_updates          | 2099       |
|    policy_loss        | -12.3      |
|    std                | 0.993      |
|    u_grad_norm        | 0.04       |
|    u_learning_rate    | 0.00248    |
|    v_grad_norm        | 0.991      |
|    v_learning_rate    | 0.000497   |
|    value_loss         | 56.2       |
--------------------------------------
--------------------------------------
| rollout/              |            |
|    ep_len_mean        | 500        |
|    ep_rew_mean        | -3.68e+03  |
| time/                 |            |
|    fps                | 5          |
|    iterations         | 2100       |
|    time_elapsed       | 3061       |
|    total_timesteps    | 16800      |
| train/                |            |
|    d_grad_norm        | 1.07       |
|    d_learning_rate    | 0.0248     |
|    entropy_loss       | -0.79      |
|    explained_variance | 0.87844306 |
|    n_updates          | 2099       |
|    policy_loss        | -5.44      |
|    std                | 1.01       |
|    u_grad_norm        | 0.00758    |
|    u_learning_rate    | 0.00248    |
|    v_grad_norm        | 0.927      |
|    v_learning_rate    | 0.000497   |
|    value_loss         | 439        |
--------------------------------------
--------------------------------------
| rollout/              |            |
|    ep_len_mean        | 500        |
|    ep_rew_mean        | -3.59e+03  |
| time/                 |            |
|    fps                | 5          |
|    iterations         | 2100       |
|    time_elapsed       | 3061       |
|    total_timesteps    | 16800      |
| train/                |            |
|    d_grad_norm        | 1.01       |
|    d_learning_rate    | 0.0248     |
|    entropy_loss       | -1.9       |
|    explained_variance | 0.24649262 |
|    n_updates          | 2099       |
|    policy_loss        | -24.7      |
|    std                | 1.08       |
|    u_grad_norm        | 0.00313    |
|    u_learning_rate    | 0.00248    |
|    v_grad_norm        | 1.09       |
|    v_learning_rate    | 0.000497   |
|    value_loss         | 136        |
--------------------------------------
--------------------------------------
| rollout/              |            |
|    ep_len_mean        | 500        |
|    ep_rew_mean        | -3.59e+03  |
| time/                 |            |
|    fps                | 5          |
|    iterations         | 2100       |
|    time_elapsed       | 3063       |
|    total_timesteps    | 16800      |
| train/                |            |
|    d_grad_norm        | 0.662      |
|    d_learning_rate    | 0.0248     |
|    entropy_loss       | -3.23      |
|    explained_variance | 0.87686247 |
|    n_updates          | 2099       |
|    policy_loss        | 3.42       |
|    std                | 1.01       |
|    u_grad_norm        | 0.00341    |
|    u_learning_rate    | 0.00248    |
|    v_grad_norm        | 0.715      |
|    v_learning_rate    | 0.000497   |
|    value_loss         | 29.2       |
--------------------------------------
---------------------------------------
| rollout/              |             |
|    ep_len_mean        | 500         |
|    ep_rew_mean        | -3.16e+03   |
| time/                 |             |
|    fps                | 5           |
|    iterations         | 2100        |
|    time_elapsed       | 3065        |
|    total_timesteps    | 16800       |
| train/                |             |
|    d_grad_norm        | 0.884       |
|    d_learning_rate    | 0.0248      |
|    entropy_loss       | -2.53       |
|    explained_variance | -0.52274275 |
|    n_updates          | 2099        |
|    policy_loss        | 52.5        |
|    std                | 1.09        |
|    u_grad_norm        | 0.0164      |
|    u_learning_rate    | 0.00248     |
|    v_grad_norm        | 0.857       |
|    v_learning_rate    | 0.000497    |
|    value_loss         | 411         |
---------------------------------------
--------------------------------------
| rollout/              |            |
|    ep_len_mean        | 500        |
|    ep_rew_mean        | -4.11e+03  |
| time/                 |            |
|    fps                | 5          |
|    iterations         | 2100       |
|    time_elapsed       | 3066       |
|    total_timesteps    | 16800      |
| train/                |            |
|    d_grad_norm        | 0.926      |
|    d_learning_rate    | 0.0248     |
|    entropy_loss       | -3.3       |
|    explained_variance | -23.224957 |
|    n_updates          | 2099       |
|    policy_loss        | -0.658     |
|    std                | 0.976      |
|    u_grad_norm        | 0.026      |
|    u_learning_rate    | 0.00248    |
|    v_grad_norm        | 0.874      |
|    v_learning_rate    | 0.000497   |
|    value_loss         | 0.0423     |
--------------------------------------
-------------------------------------
| rollout/              |           |
|    ep_len_mean        | 500       |
|    ep_rew_mean        | -3.12e+03 |
| time/                 |           |
|    fps                | 5         |
|    iterations         | 2100      |
|    time_elapsed       | 3069      |
|    total_timesteps    | 16800     |
| train/                |           |
|    d_grad_norm        | 0.913     |
|    d_learning_rate    | 0.0248    |
|    entropy_loss       | -3.29     |
|    explained_variance | 0.8486073 |
|    n_updates          | 2099      |
|    policy_loss        | 47.8      |
|    std                | 1.07      |
|    u_grad_norm        | 0.00665   |
|    u_learning_rate    | 0.00248   |
|    v_grad_norm        | 0.886     |
|    v_learning_rate    | 0.000497  |
|    value_loss         | 212       |
-------------------------------------
--------------------------------------
| rollout/              |            |
|    ep_len_mean        | 500        |
|    ep_rew_mean        | -3.61e+03  |
| time/                 |            |
|    fps                | 5          |
|    iterations         | 2100       |
|    time_elapsed       | 3070       |
|    total_timesteps    | 16800      |
| train/                |            |
|    d_grad_norm        | 0.997      |
|    d_learning_rate    | 0.0248     |
|    entropy_loss       | -1.86      |
|    explained_variance | 0.65887564 |
|    n_updates          | 2099       |
|    policy_loss        | -2.85      |
|    std                | 0.972      |
|    u_grad_norm        | 0.00438    |
|    u_learning_rate    | 0.00248    |
|    v_grad_norm        | 0.922      |
|    v_learning_rate    | 0.000497   |
|    value_loss         | 5.26       |
--------------------------------------
--------------------------------------
| rollout/              |            |
|    ep_len_mean        | 500        |
|    ep_rew_mean        | -3.75e+03  |
| time/                 |            |
|    fps                | 5          |
|    iterations         | 2100       |
|    time_elapsed       | 3074       |
|    total_timesteps    | 16800      |
| train/                |            |
|    d_grad_norm        | 0.247      |
|    d_learning_rate    | 0.0248     |
|    entropy_loss       | -4.34      |
|    explained_variance | 0.98567927 |
|    n_updates          | 2099       |
|    policy_loss        | -0.341     |
|    std                | 1.16       |
|    u_grad_norm        | 0.000507   |
|    u_learning_rate    | 0.00248    |
|    v_grad_norm        | 0.958      |
|    v_learning_rate    | 0.000497   |
|    value_loss         | 0.129      |
--------------------------------------
--------------------------------------
| rollout/              |            |
|    ep_len_mean        | 500        |
|    ep_rew_mean        | -3.64e+03  |
| time/                 |            |
|    fps                | 5          |
|    iterations         | 2200       |
|    time_elapsed       | 3181       |
|    total_timesteps    | 17600      |
| train/                |            |
|    d_grad_norm        | 1.08       |
|    d_learning_rate    | 0.0248     |
|    entropy_loss       | -2.75      |
|    explained_variance | 0.45924622 |
|    n_updates          | 2199       |
|    policy_loss        | -2.62      |
|    std                | 1.08       |
|    u_grad_norm        | 0.00597    |
|    u_learning_rate    | 0.00248    |
|    v_grad_norm        | 0.879      |
|    v_learning_rate    | 0.000496   |
|    value_loss         | 1.87       |
--------------------------------------
-------------------------------------
| rollout/              |           |
|    ep_len_mean        | 500       |
|    ep_rew_mean        | -3.31e+03 |
| time/                 |           |
|    fps                | 5         |
|    iterations         | 2200      |
|    time_elapsed       | 3182      |
|    total_timesteps    | 17600     |
| train/                |           |
|    d_grad_norm        | 0.837     |
|    d_learning_rate    | 0.0248    |
|    entropy_loss       | -2.31     |
|    explained_variance | 0.9559278 |
|    n_updates          | 2199      |
|    policy_loss        | -18.2     |
|    std                | 0.998     |
|    u_grad_norm        | 0.00612   |
|    u_learning_rate    | 0.00248   |
|    v_grad_norm        | 0.826     |
|    v_learning_rate    | 0.000496  |
|    value_loss         | 96.1      |
-------------------------------------
--------------------------------------
| rollout/              |            |
|    ep_len_mean        | 500        |
|    ep_rew_mean        | -3.64e+03  |
| time/                 |            |
|    fps                | 5          |
|    iterations         | 2200       |
|    time_elapsed       | 3184       |
|    total_timesteps    | 17600      |
| train/                |            |
|    d_grad_norm        | 0.827      |
|    d_learning_rate    | 0.0248     |
|    entropy_loss       | -1.45      |
|    explained_variance | 0.88981766 |
|    n_updates          | 2199       |
|    policy_loss        | 34.7       |
|    std                | 1.02       |
|    u_grad_norm        | 0.0252     |
|    u_learning_rate    | 0.00248    |
|    v_grad_norm        | 0.918      |
|    v_learning_rate    | 0.000496   |
|    value_loss         | 159        |
--------------------------------------
---------------------------------------
| rollout/              |             |
|    ep_len_mean        | 500         |
|    ep_rew_mean        | -3.58e+03   |
| time/                 |             |
|    fps                | 5           |
|    iterations         | 2200        |
|    time_elapsed       | 3184        |
|    total_timesteps    | 17600       |
| train/                |             |
|    d_grad_norm        | 1           |
|    d_learning_rate    | 0.0248      |
|    entropy_loss       | -1.67       |
|    explained_variance | 0.081654966 |
|    n_updates          | 2199        |
|    policy_loss        | -14.9       |
|    std                | 1.08        |
|    u_grad_norm        | 0.00428     |
|    u_learning_rate    | 0.00248     |
|    v_grad_norm        | 1.06        |
|    v_learning_rate    | 0.000496    |
|    value_loss         | 212         |
---------------------------------------
-------------------------------------
| rollout/              |           |
|    ep_len_mean        | 500       |
|    ep_rew_mean        | -3.56e+03 |
| time/                 |           |
|    fps                | 5         |
|    iterations         | 2200      |
|    time_elapsed       | 3187      |
|    total_timesteps    | 17600     |
| train/                |           |
|    d_grad_norm        | 0.711     |
|    d_learning_rate    | 0.0248    |
|    entropy_loss       | -2.88     |
|    explained_variance | 0.9667298 |
|    n_updates          | 2199      |
|    policy_loss        | 16.8      |
|    std                | 1.01      |
|    u_grad_norm        | 0.00484   |
|    u_learning_rate    | 0.00248   |
|    v_grad_norm        | 0.812     |
|    v_learning_rate    | 0.000496  |
|    value_loss         | 54.2      |
-------------------------------------
--------------------------------------
| rollout/              |            |
|    ep_len_mean        | 500        |
|    ep_rew_mean        | -3.15e+03  |
| time/                 |            |
|    fps                | 5          |
|    iterations         | 2200       |
|    time_elapsed       | 3190       |
|    total_timesteps    | 17600      |
| train/                |            |
|    d_grad_norm        | 0.909      |
|    d_learning_rate    | 0.0248     |
|    entropy_loss       | -2.53      |
|    explained_variance | 0.80177116 |
|    n_updates          | 2199       |
|    policy_loss        | 33.4       |
|    std                | 1.1        |
|    u_grad_norm        | 0.00899    |
|    u_learning_rate    | 0.00248    |
|    v_grad_norm        | 0.866      |
|    v_learning_rate    | 0.000496   |
|    value_loss         | 187        |
--------------------------------------
----------------------------------------
| rollout/              |              |
|    ep_len_mean        | 500          |
|    ep_rew_mean        | -4.1e+03     |
| time/                 |              |
|    fps                | 5            |
|    iterations         | 2200         |
|    time_elapsed       | 3192         |
|    total_timesteps    | 17600        |
| train/                |              |
|    d_grad_norm        | 0.949        |
|    d_learning_rate    | 0.0248       |
|    entropy_loss       | -3.42        |
|    explained_variance | -0.020218968 |
|    n_updates          | 2199         |
|    policy_loss        | -10.2        |
|    std                | 0.971        |
|    u_grad_norm        | 0.0289       |
|    u_learning_rate    | 0.00248      |
|    v_grad_norm        | 0.878        |
|    v_learning_rate    | 0.000496     |
|    value_loss         | 6.03         |
----------------------------------------
---------------------------------------
| rollout/              |             |
|    ep_len_mean        | 500         |
|    ep_rew_mean        | -3.11e+03   |
| time/                 |             |
|    fps                | 5           |
|    iterations         | 2200        |
|    time_elapsed       | 3194        |
|    total_timesteps    | 17600       |
| train/                |             |
|    d_grad_norm        | 1.04        |
|    d_learning_rate    | 0.0248      |
|    entropy_loss       | -1.01       |
|    explained_variance | -0.20352435 |
|    n_updates          | 2199        |
|    policy_loss        | -6.58       |
|    std                | 1.08        |
|    u_grad_norm        | 0.012       |
|    u_learning_rate    | 0.00248     |
|    v_grad_norm        | 0.925       |
|    v_learning_rate    | 0.000496    |
|    value_loss         | 166         |
---------------------------------------
-------------------------------------
| rollout/              |           |
|    ep_len_mean        | 500       |
|    ep_rew_mean        | -3.62e+03 |
| time/                 |           |
|    fps                | 5         |
|    iterations         | 2200      |
|    time_elapsed       | 3196      |
|    total_timesteps    | 17600     |
| train/                |           |
|    d_grad_norm        | 1.01      |
|    d_learning_rate    | 0.0248    |
|    entropy_loss       | -1.98     |
|    explained_variance | 0.9867284 |
|    n_updates          | 2199      |
|    policy_loss        | 1.41      |
|    std                | 0.983     |
|    u_grad_norm        | 0.00268   |
|    u_learning_rate    | 0.00248   |
|    v_grad_norm        | 0.932     |
|    v_learning_rate    | 0.000496  |
|    value_loss         | 0.413     |
-------------------------------------
--------------------------------------
| rollout/              |            |
|    ep_len_mean        | 500        |
|    ep_rew_mean        | -3.76e+03  |
| time/                 |            |
|    fps                | 5          |
|    iterations         | 2200       |
|    time_elapsed       | 3201       |
|    total_timesteps    | 17600      |
| train/                |            |
|    d_grad_norm        | 0.987      |
|    d_learning_rate    | 0.0248     |
|    entropy_loss       | -3.95      |
|    explained_variance | 0.77408993 |
|    n_updates          | 2199       |
|    policy_loss        | -97        |
|    std                | 1.16       |
|    u_grad_norm        | 0.0231     |
|    u_learning_rate    | 0.00248    |
|    v_grad_norm        | 1.01       |
|    v_learning_rate    | 0.000496   |
|    value_loss         | 315        |
--------------------------------------
-------------------------------------
| rollout/              |           |
|    ep_len_mean        | 500       |
|    ep_rew_mean        | -3.64e+03 |
| time/                 |           |
|    fps                | 5         |
|    iterations         | 2300      |
|    time_elapsed       | 3302      |
|    total_timesteps    | 18400     |
| train/                |           |
|    d_grad_norm        | 0.913     |
|    d_learning_rate    | 0.0248    |
|    entropy_loss       | -3.55     |
|    explained_variance | 0.9461673 |
|    n_updates          | 2299      |
|    policy_loss        | 30.7      |
|    std                | 1.07      |
|    u_grad_norm        | 0.00238   |
|    u_learning_rate    | 0.00248   |
|    v_grad_norm        | 0.813     |
|    v_learning_rate    | 0.000496  |
|    value_loss         | 119       |
-------------------------------------
-------------------------------------
| rollout/              |           |
|    ep_len_mean        | 500       |
|    ep_rew_mean        | -3.31e+03 |
| time/                 |           |
|    fps                | 5         |
|    iterations         | 2300      |
|    time_elapsed       | 3305      |
|    total_timesteps    | 18400     |
| train/                |           |
|    d_grad_norm        | 1.08      |
|    d_learning_rate    | 0.0248    |
|    entropy_loss       | -1.55     |
|    explained_variance | 0.9102831 |
|    n_updates          | 2299      |
|    policy_loss        | -2.47     |
|    std                | 0.993     |
|    u_grad_norm        | 0.0242    |
|    u_learning_rate    | 0.00248   |
|    v_grad_norm        | 0.919     |
|    v_learning_rate    | 0.000496  |
|    value_loss         | 5.31      |
-------------------------------------
-------------------------------------
| rollout/              |           |
|    ep_len_mean        | 500       |
|    ep_rew_mean        | -3.61e+03 |
| time/                 |           |
|    fps                | 5         |
|    iterations         | 2300      |
|    time_elapsed       | 3307      |
|    total_timesteps    | 18400     |
| train/                |           |
|    d_grad_norm        | 1.05      |
|    d_learning_rate    | 0.0248    |
|    entropy_loss       | -1.24     |
|    explained_variance | 0.8558037 |
|    n_updates          | 2299      |
|    policy_loss        | -4.73     |
|    std                | 1.01      |
|    u_grad_norm        | 0.00174   |
|    u_learning_rate    | 0.00248   |
|    v_grad_norm        | 0.95      |
|    v_learning_rate    | 0.000496  |
|    value_loss         | 41.5      |
-------------------------------------
--------------------------------------
| rollout/              |            |
|    ep_len_mean        | 500        |
|    ep_rew_mean        | -3.6e+03   |
| time/                 |            |
|    fps                | 5          |
|    iterations         | 2300       |
|    time_elapsed       | 3307       |
|    total_timesteps    | 18400      |
| train/                |            |
|    d_grad_norm        | 0.94       |
|    d_learning_rate    | 0.0248     |
|    entropy_loss       | -3.09      |
|    explained_variance | -0.4258057 |
|    n_updates          | 2299       |
|    policy_loss        | 44.8       |
|    std                | 1.08       |
|    u_grad_norm        | 0.0294     |
|    u_learning_rate    | 0.00248    |
|    v_grad_norm        | 0.922      |
|    v_learning_rate    | 0.000496   |
|    value_loss         | 159        |
--------------------------------------
-------------------------------------
| rollout/              |           |
|    ep_len_mean        | 500       |
|    ep_rew_mean        | -3.54e+03 |
| time/                 |           |
|    fps                | 5         |
|    iterations         | 2300      |
|    time_elapsed       | 3309      |
|    total_timesteps    | 18400     |
| train/                |           |
|    d_grad_norm        | 0.655     |
|    d_learning_rate    | 0.0248    |
|    entropy_loss       | -2.16     |
|    explained_variance | 0.5805142 |
|    n_updates          | 2299      |
|    policy_loss        | 23.3      |
|    std                | 1.02      |
|    u_grad_norm        | 0.0143    |
|    u_learning_rate    | 0.00248   |
|    v_grad_norm        | 0.867     |
|    v_learning_rate    | 0.000496  |
|    value_loss         | 161       |
-------------------------------------
-------------------------------------
| rollout/              |           |
|    ep_len_mean        | 500       |
|    ep_rew_mean        | -3.14e+03 |
| time/                 |           |
|    fps                | 5         |
|    iterations         | 2300      |
|    time_elapsed       | 3312      |
|    total_timesteps    | 18400     |
| train/                |           |
|    d_grad_norm        | 0.907     |
|    d_learning_rate    | 0.0248    |
|    entropy_loss       | -2.8      |
|    explained_variance | 0.3058005 |
|    n_updates          | 2299      |
|    policy_loss        | -17.6     |
|    std                | 1.08      |
|    u_grad_norm        | 0.00476   |
|    u_learning_rate    | 0.00248   |
|    v_grad_norm        | 0.86      |
|    v_learning_rate    | 0.000496  |
|    value_loss         | 62.5      |
-------------------------------------
---------------------------------------
| rollout/              |             |
|    ep_len_mean        | 500         |
|    ep_rew_mean        | -4.1e+03    |
| time/                 |             |
|    fps                | 5           |
|    iterations         | 2300        |
|    time_elapsed       | 3316        |
|    total_timesteps    | 18400       |
| train/                |             |
|    d_grad_norm        | 0.925       |
|    d_learning_rate    | 0.0248      |
|    entropy_loss       | -3.35       |
|    explained_variance | -0.16091883 |
|    n_updates          | 2299        |
|    policy_loss        | 1.75        |
|    std                | 0.968       |
|    u_grad_norm        | 0.00136     |
|    u_learning_rate    | 0.00248     |
|    v_grad_norm        | 0.936       |
|    v_learning_rate    | 0.000496    |
|    value_loss         | 0.414       |
---------------------------------------
---------------------------------------
| rollout/              |             |
|    ep_len_mean        | 500         |
|    ep_rew_mean        | -3.12e+03   |
| time/                 |             |
|    fps                | 5           |
|    iterations         | 2300        |
|    time_elapsed       | 3317        |
|    total_timesteps    | 18400       |
| train/                |             |
|    d_grad_norm        | 0.999       |
|    d_learning_rate    | 0.0248      |
|    entropy_loss       | -1.35       |
|    explained_variance | -0.79664993 |
|    n_updates          | 2299        |
|    policy_loss        | -6.86       |
|    std                | 1.07        |
|    u_grad_norm        | 0.0149      |
|    u_learning_rate    | 0.00248     |
|    v_grad_norm        | 0.936       |
|    v_learning_rate    | 0.000496    |
|    value_loss         | 66.9        |
---------------------------------------
---------------------------------------
| rollout/              |             |
|    ep_len_mean        | 500         |
|    ep_rew_mean        | -3.62e+03   |
| time/                 |             |
|    fps                | 5           |
|    iterations         | 2300        |
|    time_elapsed       | 3319        |
|    total_timesteps    | 18400       |
| train/                |             |
|    d_grad_norm        | 0.859       |
|    d_learning_rate    | 0.0248      |
|    entropy_loss       | -2.31       |
|    explained_variance | 0.090892136 |
|    n_updates          | 2299        |
|    policy_loss        | 32.7        |
|    std                | 0.99        |
|    u_grad_norm        | 0.000687    |
|    u_learning_rate    | 0.00248     |
|    v_grad_norm        | 1.03        |
|    v_learning_rate    | 0.000496    |
|    value_loss         | 274         |
---------------------------------------
--------------------------------------
| rollout/              |            |
|    ep_len_mean        | 500        |
|    ep_rew_mean        | -3.75e+03  |
| time/                 |            |
|    fps                | 5          |
|    iterations         | 2300       |
|    time_elapsed       | 3325       |
|    total_timesteps    | 18400      |
| train/                |            |
|    d_grad_norm        | 1.11       |
|    d_learning_rate    | 0.0248     |
|    entropy_loss       | -2.8       |
|    explained_variance | 0.42294598 |
|    n_updates          | 2299       |
|    policy_loss        | -4.02      |
|    std                | 1.16       |
|    u_grad_norm        | 0.00541    |
|    u_learning_rate    | 0.00248    |
|    v_grad_norm        | 0.908      |
|    v_learning_rate    | 0.000496   |
|    value_loss         | 5.13       |
--------------------------------------
-------------------------------------
| rollout/              |           |
|    ep_len_mean        | 500       |
|    ep_rew_mean        | -3.59e+03 |
| time/                 |           |
|    fps                | 5         |
|    iterations         | 2400      |
|    time_elapsed       | 3420      |
|    total_timesteps    | 19200     |
| train/                |           |
|    d_grad_norm        | 0.991     |
|    d_learning_rate    | 0.0248    |
|    entropy_loss       | -2.26     |
|    explained_variance | 0.8461417 |
|    n_updates          | 2399      |
|    policy_loss        | -11.6     |
|    std                | 1.08      |
|    u_grad_norm        | 0.0131    |
|    u_learning_rate    | 0.00248   |
|    v_grad_norm        | 0.958     |
|    v_learning_rate    | 0.000496  |
|    value_loss         | 30.2      |
-------------------------------------
--------------------------------------
| rollout/              |            |
|    ep_len_mean        | 500        |
|    ep_rew_mean        | -3.29e+03  |
| time/                 |            |
|    fps                | 5          |
|    iterations         | 2400       |
|    time_elapsed       | 3422       |
|    total_timesteps    | 19200      |
| train/                |            |
|    d_grad_norm        | 1.16       |
|    d_learning_rate    | 0.0248     |
|    entropy_loss       | -1.87      |
|    explained_variance | 0.98696387 |
|    n_updates          | 2399       |
|    policy_loss        | 0.883      |
|    std                | 0.981      |
|    u_grad_norm        | 0.00196    |
|    u_learning_rate    | 0.00248    |
|    v_grad_norm        | 1          |
|    v_learning_rate    | 0.000496   |
|    value_loss         | 0.912      |
--------------------------------------
-------------------------------------
| rollout/              |           |
|    ep_len_mean        | 500       |
|    ep_rew_mean        | -3.62e+03 |
| time/                 |           |
|    fps                | 5         |
|    iterations         | 2400      |
|    time_elapsed       | 3423      |
|    total_timesteps    | 19200     |
| train/                |           |
|    d_grad_norm        | 1.08      |
|    d_learning_rate    | 0.0248    |
|    entropy_loss       | -1.56     |
|    explained_variance | 0.9409963 |
|    n_updates          | 2399      |
|    policy_loss        | -54.3     |
|    std                | 1.01      |
|    u_grad_norm        | 0.101     |
|    u_learning_rate    | 0.00248   |
|    v_grad_norm        | 0.916     |
|    v_learning_rate    | 0.000496  |
|    value_loss         | 317       |
-------------------------------------
--------------------------------------
| rollout/              |            |
|    ep_len_mean        | 500        |
|    ep_rew_mean        | -3.6e+03   |
| time/                 |            |
|    fps                | 5          |
|    iterations         | 2400       |
|    time_elapsed       | 3423       |
|    total_timesteps    | 19200      |
| train/                |            |
|    d_grad_norm        | 1.04       |
|    d_learning_rate    | 0.0248     |
|    entropy_loss       | -1.17      |
|    explained_variance | 0.22639531 |
|    n_updates          | 2399       |
|    policy_loss        | -15.6      |
|    std                | 1.09       |
|    u_grad_norm        | 0.0251     |
|    u_learning_rate    | 0.00248    |
|    v_grad_norm        | 0.942      |
|    v_learning_rate    | 0.000496   |
|    value_loss         | 409        |
--------------------------------------
-------------------------------------
| rollout/              |           |
|    ep_len_mean        | 500       |
|    ep_rew_mean        | -3.5e+03  |
| time/                 |           |
|    fps                | 5         |
|    iterations         | 2400      |
|    time_elapsed       | 3426      |
|    total_timesteps    | 19200     |
| train/                |           |
|    d_grad_norm        | 1.06      |
|    d_learning_rate    | 0.0248    |
|    entropy_loss       | -1.23     |
|    explained_variance | 0.8737471 |
|    n_updates          | 2399      |
|    policy_loss        | -1.94     |
|    std                | 1.02      |
|    u_grad_norm        | 0.0815    |
|    u_learning_rate    | 0.00248   |
|    v_grad_norm        | 0.944     |
|    v_learning_rate    | 0.000496  |
|    value_loss         | 4.5       |
-------------------------------------
-------------------------------------
| rollout/              |           |
|    ep_len_mean        | 500       |
|    ep_rew_mean        | -3.12e+03 |
| time/                 |           |
|    fps                | 5         |
|    iterations         | 2400      |
|    time_elapsed       | 3428      |
|    total_timesteps    | 19200     |
| train/                |           |
|    d_grad_norm        | 0.947     |
|    d_learning_rate    | 0.0248    |
|    entropy_loss       | -2.41     |
|    explained_variance | 0.8347116 |
|    n_updates          | 2399      |
|    policy_loss        | 10        |
|    std                | 1.08      |
|    u_grad_norm        | 0.0434    |
|    u_learning_rate    | 0.00248   |
|    v_grad_norm        | 0.771     |
|    v_learning_rate    | 0.000496  |
|    value_loss         | 8.23      |
-------------------------------------
--------------------------------------
| rollout/              |            |
|    ep_len_mean        | 500        |
|    ep_rew_mean        | -4.1e+03   |
| time/                 |            |
|    fps                | 5          |
|    iterations         | 2400       |
|    time_elapsed       | 3431       |
|    total_timesteps    | 19200      |
| train/                |            |
|    d_grad_norm        | 0.931      |
|    d_learning_rate    | 0.0248     |
|    entropy_loss       | -3.42      |
|    explained_variance | -338.08148 |
|    n_updates          | 2399       |
|    policy_loss        | -0.215     |
|    std                | 0.958      |
|    u_grad_norm        | 0.00974    |
|    u_learning_rate    | 0.00248    |
|    v_grad_norm        | 0.886      |
|    v_learning_rate    | 0.000496   |
|    value_loss         | 0.0108     |
--------------------------------------
---------------------------------------
| rollout/              |             |
|    ep_len_mean        | 500         |
|    ep_rew_mean        | -3.16e+03   |
| time/                 |             |
|    fps                | 5           |
|    iterations         | 2400        |
|    time_elapsed       | 3433        |
|    total_timesteps    | 19200       |
| train/                |             |
|    d_grad_norm        | 0.99        |
|    d_learning_rate    | 0.0248      |
|    entropy_loss       | -1.56       |
|    explained_variance | -0.06697059 |
|    n_updates          | 2399        |
|    policy_loss        | -4.17       |
|    std                | 1.07        |
|    u_grad_norm        | 0.00786     |
|    u_learning_rate    | 0.00248     |
|    v_grad_norm        | 0.924       |
|    v_learning_rate    | 0.000496    |
|    value_loss         | 16.4        |
---------------------------------------
--------------------------------------
| rollout/              |            |
|    ep_len_mean        | 500        |
|    ep_rew_mean        | -3.59e+03  |
| time/                 |            |
|    fps                | 5          |
|    iterations         | 2400       |
|    time_elapsed       | 3434       |
|    total_timesteps    | 19200      |
| train/                |            |
|    d_grad_norm        | 0.863      |
|    d_learning_rate    | 0.0248     |
|    entropy_loss       | -2.21      |
|    explained_variance | 0.79946053 |
|    n_updates          | 2399       |
|    policy_loss        | 25.8       |
|    std                | 1.01       |
|    u_grad_norm        | 0.00422    |
|    u_learning_rate    | 0.00248    |
|    v_grad_norm        | 0.857      |
|    v_learning_rate    | 0.000496   |
|    value_loss         | 231        |
--------------------------------------
--------------------------------------
| rollout/              |            |
|    ep_len_mean        | 500        |
|    ep_rew_mean        | -3.73e+03  |
| time/                 |            |
|    fps                | 5          |
|    iterations         | 2400       |
|    time_elapsed       | 3439       |
|    total_timesteps    | 19200      |
| train/                |            |
|    d_grad_norm        | 0.877      |
|    d_learning_rate    | 0.0248     |
|    entropy_loss       | -2.39      |
|    explained_variance | 0.04418701 |
|    n_updates          | 2399       |
|    policy_loss        | -48.7      |
|    std                | 1.15       |
|    u_grad_norm        | 0.000998   |
|    u_learning_rate    | 0.00248    |
|    v_grad_norm        | 0.969      |
|    v_learning_rate    | 0.000496   |
|    value_loss         | 989        |
--------------------------------------
Eval num_timesteps=20000, episode_reward=-3368.52 +/- 88.88
Episode length: 500.00 +/- 0.00
--------------------------------------
| eval/                 |            |
|    mean_ep_length     | 500        |
|    mean_reward        | -3.37e+03  |
| time/                 |            |
|    total_timesteps    | 20000      |
| train/                |            |
|    d_grad_norm        | 0.901      |
|    d_learning_rate    | 0.0248     |
|    entropy_loss       | -3.83      |
|    explained_variance | 0.44197637 |
|    n_updates          | 2499       |
|    policy_loss        | 19.9       |
|    std                | 1.08       |
|    u_grad_norm        | 0.00468    |
|    u_learning_rate    | 0.00248    |
|    v_grad_norm        | 0.806      |
|    v_learning_rate    | 0.000496   |
|    value_loss         | 92.8       |
--------------------------------------
New best mean reward!
----------------------------------
| rollout/           |           |
|    ep_len_mean     | 500       |
|    ep_rew_mean     | -3.54e+03 |
| time/              |           |
|    fps             | 4         |
|    iterations      | 2500      |
|    time_elapsed    | 4066      |
|    total_timesteps | 20000     |
----------------------------------
Eval num_timesteps=20000, episode_reward=-3790.74 +/- 552.49
Episode length: 500.00 +/- 0.00
--------------------------------------
| eval/                 |            |
|    mean_ep_length     | 500        |
|    mean_reward        | -3.79e+03  |
| time/                 |            |
|    total_timesteps    | 20000      |
| train/                |            |
|    d_grad_norm        | 1.05       |
|    d_learning_rate    | 0.0248     |
|    entropy_loss       | -1.63      |
|    explained_variance | 0.63003826 |
|    n_updates          | 2499       |
|    policy_loss        | -19.3      |
|    std                | 0.983      |
|    u_grad_norm        | 0.0117     |
|    u_learning_rate    | 0.00248    |
|    v_grad_norm        | 0.914      |
|    v_learning_rate    | 0.000496   |
|    value_loss         | 281        |
--------------------------------------
New best mean reward!
----------------------------------
| rollout/           |           |
|    ep_len_mean     | 500       |
|    ep_rew_mean     | -3.27e+03 |
| time/              |           |
|    fps             | 4         |
|    iterations      | 2500      |
|    time_elapsed    | 4067      |
|    total_timesteps | 20000     |
----------------------------------
Eval num_timesteps=20000, episode_reward=-4445.46 +/- 118.60
Episode length: 500.00 +/- 0.00
--------------------------------------
| eval/                 |            |
|    mean_ep_length     | 500        |
|    mean_reward        | -4.45e+03  |
| time/                 |            |
|    total_timesteps    | 20000      |
| train/                |            |
|    d_grad_norm        | 1.04       |
|    d_learning_rate    | 0.0248     |
|    entropy_loss       | -1.95      |
|    explained_variance | 0.75758505 |
|    n_updates          | 2499       |
|    policy_loss        | -33.9      |
|    std                | 1.1        |
|    u_grad_norm        | 0.000525   |
|    u_learning_rate    | 0.00248    |
|    v_grad_norm        | 1.03       |
|    v_learning_rate    | 0.000496   |
|    value_loss         | 626        |
--------------------------------------
---------------------------------
| rollout/           |          |
|    ep_len_mean     | 500      |
|    ep_rew_mean     | -3.6e+03 |
| time/              |          |
|    fps             | 4        |
|    iterations      | 2500     |
|    time_elapsed    | 4068     |
|    total_timesteps | 20000    |
---------------------------------
Eval num_timesteps=20000, episode_reward=-3321.43 +/- 153.65
Episode length: 500.00 +/- 0.00
-------------------------------------
| eval/                 |           |
|    mean_ep_length     | 500       |
|    mean_reward        | -3.32e+03 |
| time/                 |           |
|    total_timesteps    | 20000     |
| train/                |           |
|    d_grad_norm        | 1.09      |
|    d_learning_rate    | 0.0248    |
|    entropy_loss       | -1.53     |
|    explained_variance | 0.4069392 |
|    n_updates          | 2499      |
|    policy_loss        | -5.17     |
|    std                | 1.01      |
|    u_grad_norm        | 0.0131    |
|    u_learning_rate    | 0.00248   |
|    v_grad_norm        | 0.974     |
|    v_learning_rate    | 0.000496  |
|    value_loss         | 23.7      |
-------------------------------------
New best mean reward!
----------------------------------
| rollout/           |           |
|    ep_len_mean     | 500       |
|    ep_rew_mean     | -3.59e+03 |
| time/              |           |
|    fps             | 4         |
|    iterations      | 2500      |
|    time_elapsed    | 4069      |
|    total_timesteps | 20000     |
----------------------------------
Eval num_timesteps=20000, episode_reward=-3213.87 +/- 179.08
Episode length: 500.00 +/- 0.00
-------------------------------------
| eval/                 |           |
|    mean_ep_length     | 500       |
|    mean_reward        | -3.21e+03 |
| time/                 |           |
|    total_timesteps    | 20000     |
| train/                |           |
|    d_grad_norm        | 0.94      |
|    d_learning_rate    | 0.0248    |
|    entropy_loss       | -2.67     |
|    explained_variance | 0.9728628 |
|    n_updates          | 2499      |
|    policy_loss        | -7.69     |
|    std                | 1.02      |
|    u_grad_norm        | 0.0131    |
|    u_learning_rate    | 0.00248   |
|    v_grad_norm        | 0.825     |
|    v_learning_rate    | 0.000496  |
|    value_loss         | 9.3       |
-------------------------------------
New best mean reward!
----------------------------------
| rollout/           |           |
|    ep_len_mean     | 500       |
|    ep_rew_mean     | -3.47e+03 |
| time/              |           |
|    fps             | 4         |
|    iterations      | 2500      |
|    time_elapsed    | 4070      |
|    total_timesteps | 20000     |
----------------------------------
Eval num_timesteps=20000, episode_reward=-3084.65 +/- 287.38
Episode length: 500.00 +/- 0.00
--------------------------------------
| eval/                 |            |
|    mean_ep_length     | 500        |
|    mean_reward        | -3.08e+03  |
| time/                 |            |
|    total_timesteps    | 20000      |
| train/                |            |
|    d_grad_norm        | 1.22       |
|    d_learning_rate    | 0.0248     |
|    entropy_loss       | -2.54      |
|    explained_variance | 0.77061397 |
|    n_updates          | 2499       |
|    policy_loss        | 12.3       |
|    std                | 1.07       |
|    u_grad_norm        | 0.00795    |
|    u_learning_rate    | 0.00248    |
|    v_grad_norm        | 0.995      |
|    v_learning_rate    | 0.000496   |
|    value_loss         | 54.1       |
--------------------------------------
----------------------------------
| rollout/           |           |
|    ep_len_mean     | 500       |
|    ep_rew_mean     | -3.13e+03 |
| time/              |           |
|    fps             | 4         |
|    iterations      | 2500      |
|    time_elapsed    | 4073      |
|    total_timesteps | 20000     |
----------------------------------
Eval num_timesteps=20000, episode_reward=-3931.69 +/- 383.18
Episode length: 500.00 +/- 0.00
--------------------------------------
| eval/                 |            |
|    mean_ep_length     | 500        |
|    mean_reward        | -3.93e+03  |
| time/                 |            |
|    total_timesteps    | 20000      |
| train/                |            |
|    d_grad_norm        | 0.549      |
|    d_learning_rate    | 0.0248     |
|    entropy_loss       | -3.4       |
|    explained_variance | -1.9107945 |
|    n_updates          | 2499       |
|    policy_loss        | 0.0737     |
|    std                | 0.949      |
|    u_grad_norm        | 0.0255     |
|    u_learning_rate    | 0.00248    |
|    v_grad_norm        | 0.877      |
|    v_learning_rate    | 0.000496   |
|    value_loss         | 0.0115     |
--------------------------------------
New best mean reward!
----------------------------------
| rollout/           |           |
|    ep_len_mean     | 500       |
|    ep_rew_mean     | -4.09e+03 |
| time/              |           |
|    fps             | 4         |
|    iterations      | 2500      |
|    time_elapsed    | 4075      |
|    total_timesteps | 20000     |
----------------------------------
Eval num_timesteps=20000, episode_reward=-4041.81 +/- 130.15
Episode length: 500.00 +/- 0.00
--------------------------------------
| eval/                 |            |
|    mean_ep_length     | 500        |
|    mean_reward        | -4.04e+03  |
| time/                 |            |
|    total_timesteps    | 20000      |
| train/                |            |
|    d_grad_norm        | 0.926      |
|    d_learning_rate    | 0.0248     |
|    entropy_loss       | -3.4       |
|    explained_variance | 0.90805906 |
|    n_updates          | 2499       |
|    policy_loss        | 29         |
|    std                | 1.02       |
|    u_grad_norm        | 0.00718    |
|    u_learning_rate    | 0.00248    |
|    v_grad_norm        | 0.87       |
|    v_learning_rate    | 0.000496   |
|    value_loss         | 77.9       |
--------------------------------------
New best mean reward!
----------------------------------
| rollout/           |           |
|    ep_len_mean     | 500       |
|    ep_rew_mean     | -3.58e+03 |
| time/              |           |
|    fps             | 4         |
|    iterations      | 2500      |
|    time_elapsed    | 4078      |
|    total_timesteps | 20000     |
----------------------------------
Eval num_timesteps=20000, episode_reward=-4497.35 +/- 133.82
Episode length: 500.00 +/- 0.00
--------------------------------------
| eval/                 |            |
|    mean_ep_length     | 500        |
|    mean_reward        | -4.5e+03   |
| time/                 |            |
|    total_timesteps    | 20000      |
| train/                |            |
|    d_grad_norm        | 0.955      |
|    d_learning_rate    | 0.0248     |
|    entropy_loss       | -1.65      |
|    explained_variance | 0.43574578 |
|    n_updates          | 2499       |
|    policy_loss        | -3.59      |
|    std                | 1.08       |
|    u_grad_norm        | 0.0143     |
|    u_learning_rate    | 0.00248    |
|    v_grad_norm        | 0.951      |
|    v_learning_rate    | 0.000496   |
|    value_loss         | 6.72       |
--------------------------------------
----------------------------------
| rollout/           |           |
|    ep_len_mean     | 500       |
|    ep_rew_mean     | -3.19e+03 |
| time/              |           |
|    fps             | 4         |
|    iterations      | 2500      |
|    time_elapsed    | 4078      |
|    total_timesteps | 20000     |
----------------------------------
Eval num_timesteps=20000, episode_reward=-3680.64 +/- 250.52
Episode length: 500.00 +/- 0.00
-------------------------------------
| eval/                 |           |
|    mean_ep_length     | 500       |
|    mean_reward        | -3.68e+03 |
| time/                 |           |
|    total_timesteps    | 20000     |
| train/                |           |
|    d_grad_norm        | 1.11      |
|    d_learning_rate    | 0.0248    |
|    entropy_loss       | -3.9      |
|    explained_variance | 0.7458887 |
|    n_updates          | 2499      |
|    policy_loss        | -14.3     |
|    std                | 1.16      |
|    u_grad_norm        | 0.00775   |
|    u_learning_rate    | 0.00248   |
|    v_grad_norm        | 0.893     |
|    v_learning_rate    | 0.000496  |
|    value_loss         | 20.9      |
-------------------------------------
New best mean reward!
----------------------------------
| rollout/           |           |
|    ep_len_mean     | 500       |
|    ep_rew_mean     | -3.73e+03 |
| time/              |           |
|    fps             | 4         |
|    iterations      | 2500      |
|    time_elapsed    | 4083      |
|    total_timesteps | 20000     |
----------------------------------
-------------------------------------
| rollout/              |           |
|    ep_len_mean        | 500       |
|    ep_rew_mean        | -3.53e+03 |
| time/                 |           |
|    fps                | 4         |
|    iterations         | 2600      |
|    time_elapsed       | 4190      |
|    total_timesteps    | 20800     |
| train/                |           |
|    d_grad_norm        | 0.896     |
|    d_learning_rate    | 0.0248    |
|    entropy_loss       | -3.38     |
|    explained_variance | 0.3019985 |
|    n_updates          | 2599      |
|    policy_loss        | 4.64      |
|    std                | 1.09      |
|    u_grad_norm        | 0.00314   |
|    u_learning_rate    | 0.00248   |
|    v_grad_norm        | 0.849     |
|    v_learning_rate    | 0.000496  |
|    value_loss         | 45.4      |
-------------------------------------
-----------------------------------------
| rollout/              |               |
|    ep_len_mean        | 500           |
|    ep_rew_mean        | -3.25e+03     |
| time/                 |               |
|    fps                | 4             |
|    iterations         | 2600          |
|    time_elapsed       | 4191          |
|    total_timesteps    | 20800         |
| train/                |               |
|    d_grad_norm        | 0.974         |
|    d_learning_rate    | 0.0248        |
|    entropy_loss       | -1.92         |
|    explained_variance | -0.0040892363 |
|    n_updates          | 2599          |
|    policy_loss        | -9.33         |
|    std                | 0.987         |
|    u_grad_norm        | 0.053         |
|    u_learning_rate    | 0.00248       |
|    v_grad_norm        | 0.897         |
|    v_learning_rate    | 0.000496      |
|    value_loss         | 16.2          |
-----------------------------------------
-------------------------------------
| rollout/              |           |
|    ep_len_mean        | 500       |
|    ep_rew_mean        | -3.61e+03 |
| time/                 |           |
|    fps                | 4         |
|    iterations         | 2600      |
|    time_elapsed       | 4192      |
|    total_timesteps    | 20800     |
| train/                |           |
|    d_grad_norm        | 1.03      |
|    d_learning_rate    | 0.0248    |
|    entropy_loss       | -1.72     |
|    explained_variance | -8.915422 |
|    n_updates          | 2599      |
|    policy_loss        | -39.9     |
|    std                | 1.11      |
|    u_grad_norm        | 0.0159    |
|    u_learning_rate    | 0.00248   |
|    v_grad_norm        | 0.878     |
|    v_learning_rate    | 0.000496  |
|    value_loss         | 505       |
-------------------------------------
--------------------------------------
| rollout/              |            |
|    ep_len_mean        | 500        |
|    ep_rew_mean        | -3.59e+03  |
| time/                 |            |
|    fps                | 4          |
|    iterations         | 2600       |
|    time_elapsed       | 4193       |
|    total_timesteps    | 20800      |
| train/                |            |
|    d_grad_norm        | 0.982      |
|    d_learning_rate    | 0.0248     |
|    entropy_loss       | -1.63      |
|    explained_variance | 0.78170377 |
|    n_updates          | 2599       |
|    policy_loss        | -29.2      |
|    std                | 1          |
|    u_grad_norm        | 0.0239     |
|    u_learning_rate    | 0.00248    |
|    v_grad_norm        | 0.936      |
|    v_learning_rate    | 0.000496   |
|    value_loss         | 307        |
--------------------------------------
-------------------------------------
| rollout/              |           |
|    ep_len_mean        | 500       |
|    ep_rew_mean        | -3.47e+03 |
| time/                 |           |
|    fps                | 4         |
|    iterations         | 2600      |
|    time_elapsed       | 4194      |
|    total_timesteps    | 20800     |
| train/                |           |
|    d_grad_norm        | 1.03      |
|    d_learning_rate    | 0.0248    |
|    entropy_loss       | -2.31     |
|    explained_variance | 0.938893  |
|    n_updates          | 2599      |
|    policy_loss        | -33.5     |
|    std                | 1.02      |
|    u_grad_norm        | 0.0486    |
|    u_learning_rate    | 0.00248   |
|    v_grad_norm        | 0.978     |
|    v_learning_rate    | 0.000496  |
|    value_loss         | 141       |
-------------------------------------
-------------------------------------
| rollout/              |           |
|    ep_len_mean        | 500       |
|    ep_rew_mean        | -3.13e+03 |
| time/                 |           |
|    fps                | 4         |
|    iterations         | 2600      |
|    time_elapsed       | 4199      |
|    total_timesteps    | 20800     |
| train/                |           |
|    d_grad_norm        | 1.12      |
|    d_learning_rate    | 0.0248    |
|    entropy_loss       | -3.08     |
|    explained_variance | 0.9447424 |
|    n_updates          | 2599      |
|    policy_loss        | -16.8     |
|    std                | 1.07      |
|    u_grad_norm        | 0.0229    |
|    u_learning_rate    | 0.00248   |
|    v_grad_norm        | 0.941     |
|    v_learning_rate    | 0.000496  |
|    value_loss         | 30.2      |
-------------------------------------
---------------------------------------
| rollout/              |             |
|    ep_len_mean        | 500         |
|    ep_rew_mean        | -4.08e+03   |
| time/                 |             |
|    fps                | 4           |
|    iterations         | 2600        |
|    time_elapsed       | 4202        |
|    total_timesteps    | 20800       |
| train/                |             |
|    d_grad_norm        | 0.971       |
|    d_learning_rate    | 0.0248      |
|    entropy_loss       | -3.56       |
|    explained_variance | -0.25361705 |
|    n_updates          | 2599        |
|    policy_loss        | -11.5       |
|    std                | 0.952       |
|    u_grad_norm        | 0.0465      |
|    u_learning_rate    | 0.00248     |
|    v_grad_norm        | 0.901       |
|    v_learning_rate    | 0.000496    |
|    value_loss         | 6.34        |
---------------------------------------
-------------------------------------
| rollout/              |           |
|    ep_len_mean        | 500       |
|    ep_rew_mean        | -3.19e+03 |
| time/                 |           |
|    fps                | 4         |
|    iterations         | 2600      |
|    time_elapsed       | 4204      |
|    total_timesteps    | 20800     |
| train/                |           |
|    d_grad_norm        | 0.823     |
|    d_learning_rate    | 0.0248    |
|    entropy_loss       | -2.89     |
|    explained_variance | 0.9932789 |
|    n_updates          | 2599      |
|    policy_loss        | -1.23     |
|    std                | 1.08      |
|    u_grad_norm        | 0.00725   |
|    u_learning_rate    | 0.00248   |
|    v_grad_norm        | 0.987     |
|    v_learning_rate    | 0.000496  |
|    value_loss         | 1.19      |
-------------------------------------
-------------------------------------
| rollout/              |           |
|    ep_len_mean        | 500       |
|    ep_rew_mean        | -3.58e+03 |
| time/                 |           |
|    fps                | 4         |
|    iterations         | 2600      |
|    time_elapsed       | 4206      |
|    total_timesteps    | 20800     |
| train/                |           |
|    d_grad_norm        | 0.883     |
|    d_learning_rate    | 0.0248    |
|    entropy_loss       | -3.87     |
|    explained_variance | -2.387095 |
|    n_updates          | 2599      |
|    policy_loss        | -12.4     |
|    std                | 1.03      |
|    u_grad_norm        | 0.0048    |
|    u_learning_rate    | 0.00248   |
|    v_grad_norm        | 0.788     |
|    v_learning_rate    | 0.000496  |
|    value_loss         | 146       |
-------------------------------------
--------------------------------------
| rollout/              |            |
|    ep_len_mean        | 500        |
|    ep_rew_mean        | -3.73e+03  |
| time/                 |            |
|    fps                | 4          |
|    iterations         | 2600       |
|    time_elapsed       | 4213       |
|    total_timesteps    | 20800      |
| train/                |            |
|    d_grad_norm        | 1.07       |
|    d_learning_rate    | 0.0248     |
|    entropy_loss       | -2.93      |
|    explained_variance | 0.00560987 |
|    n_updates          | 2599       |
|    policy_loss        | 14.4       |
|    std                | 1.15       |
|    u_grad_norm        | 0.00281    |
|    u_learning_rate    | 0.00248    |
|    v_grad_norm        | 0.948      |
|    v_learning_rate    | 0.000496   |
|    value_loss         | 45.7       |
--------------------------------------
--------------------------------------
| rollout/              |            |
|    ep_len_mean        | 500        |
|    ep_rew_mean        | -3.5e+03   |
| time/                 |            |
|    fps                | 5          |
|    iterations         | 2700       |
|    time_elapsed       | 4312       |
|    total_timesteps    | 21600      |
| train/                |            |
|    d_grad_norm        | 0.826      |
|    d_learning_rate    | 0.0248     |
|    entropy_loss       | -2.55      |
|    explained_variance | 0.99096507 |
|    n_updates          | 2699       |
|    policy_loss        | 17.5       |
|    std                | 1.11       |
|    u_grad_norm        | 0.0205     |
|    u_learning_rate    | 0.00248    |
|    v_grad_norm        | 0.81       |
|    v_learning_rate    | 0.000496   |
|    value_loss         | 19.1       |
--------------------------------------
--------------------------------------
| rollout/              |            |
|    ep_len_mean        | 500        |
|    ep_rew_mean        | -3.25e+03  |
| time/                 |            |
|    fps                | 5          |
|    iterations         | 2700       |
|    time_elapsed       | 4314       |
|    total_timesteps    | 21600      |
| train/                |            |
|    d_grad_norm        | 1.13       |
|    d_learning_rate    | 0.0248     |
|    entropy_loss       | -1.45      |
|    explained_variance | 0.43007022 |
|    n_updates          | 2699       |
|    policy_loss        | -5.89      |
|    std                | 0.981      |
|    u_grad_norm        | 0.0345     |
|    u_learning_rate    | 0.00248    |
|    v_grad_norm        | 0.9        |
|    v_learning_rate    | 0.000496   |
|    value_loss         | 9.85       |
--------------------------------------
-------------------------------------
| rollout/              |           |
|    ep_len_mean        | 500       |
|    ep_rew_mean        | -3.61e+03 |
| time/                 |           |
|    fps                | 5         |
|    iterations         | 2700      |
|    time_elapsed       | 4315      |
|    total_timesteps    | 21600     |
| train/                |           |
|    d_grad_norm        | 1.01      |
|    d_learning_rate    | 0.0248    |
|    entropy_loss       | -1.57     |
|    explained_variance | -8.431324 |
|    n_updates          | 2699      |
|    policy_loss        | -17.2     |
|    std                | 1.12      |
|    u_grad_norm        | 0.0112    |
|    u_learning_rate    | 0.00248   |
|    v_grad_norm        | 0.923     |
|    v_learning_rate    | 0.000496  |
|    value_loss         | 384       |
-------------------------------------
--------------------------------------
| rollout/              |            |
|    ep_len_mean        | 500        |
|    ep_rew_mean        | -3.55e+03  |
| time/                 |            |
|    fps                | 5          |
|    iterations         | 2700       |
|    time_elapsed       | 4316       |
|    total_timesteps    | 21600      |
| train/                |            |
|    d_grad_norm        | 1.02       |
|    d_learning_rate    | 0.0248     |
|    entropy_loss       | -1.8       |
|    explained_variance | 0.92128503 |
|    n_updates          | 2699       |
|    policy_loss        | -10.3      |
|    std                | 1.01       |
|    u_grad_norm        | 0.00239    |
|    u_learning_rate    | 0.00248    |
|    v_grad_norm        | 1.03       |
|    v_learning_rate    | 0.000496   |
|    value_loss         | 42.8       |
--------------------------------------
--------------------------------------
| rollout/              |            |
|    ep_len_mean        | 500        |
|    ep_rew_mean        | -3.45e+03  |
| time/                 |            |
|    fps                | 5          |
|    iterations         | 2700       |
|    time_elapsed       | 4317       |
|    total_timesteps    | 21600      |
| train/                |            |
|    d_grad_norm        | 0.742      |
|    d_learning_rate    | 0.0248     |
|    entropy_loss       | -2.86      |
|    explained_variance | 0.88663465 |
|    n_updates          | 2699       |
|    policy_loss        | -19.4      |
|    std                | 1.01       |
|    u_grad_norm        | 0.00908    |
|    u_learning_rate    | 0.00248    |
|    v_grad_norm        | 0.899      |
|    v_learning_rate    | 0.000496   |
|    value_loss         | 59         |
--------------------------------------
-------------------------------------
| rollout/              |           |
|    ep_len_mean        | 500       |
|    ep_rew_mean        | -3.13e+03 |
| time/                 |           |
|    fps                | 4         |
|    iterations         | 2700      |
|    time_elapsed       | 4323      |
|    total_timesteps    | 21600     |
| train/                |           |
|    d_grad_norm        | 0.883     |
|    d_learning_rate    | 0.0248    |
|    entropy_loss       | -3.17     |
|    explained_variance | 0.9904443 |
|    n_updates          | 2699      |
|    policy_loss        | 7.44      |
|    std                | 1.04      |
|    u_grad_norm        | 0.00128   |
|    u_learning_rate    | 0.00248   |
|    v_grad_norm        | 0.801     |
|    v_learning_rate    | 0.000496  |
|    value_loss         | 9.76      |
-------------------------------------
-------------------------------------
| rollout/              |           |
|    ep_len_mean        | 500       |
|    ep_rew_mean        | -4.08e+03 |
| time/                 |           |
|    fps                | 4         |
|    iterations         | 2700      |
|    time_elapsed       | 4328      |
|    total_timesteps    | 21600     |
| train/                |           |
|    d_grad_norm        | 0.968     |
|    d_learning_rate    | 0.0248    |
|    entropy_loss       | -3.8      |
|    explained_variance | 0.9213083 |
|    n_updates          | 2699      |
|    policy_loss        | -10.3     |
|    std                | 0.944     |
|    u_grad_norm        | 0.0408    |
|    u_learning_rate    | 0.00248   |
|    v_grad_norm        | 0.874     |
|    v_learning_rate    | 0.000496  |
|    value_loss         | 4.59      |
-------------------------------------
-------------------------------------
| rollout/              |           |
|    ep_len_mean        | 500       |
|    ep_rew_mean        | -3.17e+03 |
| time/                 |           |
|    fps                | 4         |
|    iterations         | 2700      |
|    time_elapsed       | 4331      |
|    total_timesteps    | 21600     |
| train/                |           |
|    d_grad_norm        | 0.994     |
|    d_learning_rate    | 0.0248    |
|    entropy_loss       | -2.78     |
|    explained_variance | 0.8573556 |
|    n_updates          | 2699      |
|    policy_loss        | 16.4      |
|    std                | 1.07      |
|    u_grad_norm        | 0.00258   |
|    u_learning_rate    | 0.00248   |
|    v_grad_norm        | 0.898     |
|    v_learning_rate    | 0.000496  |
|    value_loss         | 53.3      |
-------------------------------------
-------------------------------------
| rollout/              |           |
|    ep_len_mean        | 500       |
|    ep_rew_mean        | -3.55e+03 |
| time/                 |           |
|    fps                | 4         |
|    iterations         | 2700      |
|    time_elapsed       | 4333      |
|    total_timesteps    | 21600     |
| train/                |           |
|    d_grad_norm        | 0.858     |
|    d_learning_rate    | 0.0248    |
|    entropy_loss       | -2.81     |
|    explained_variance | 0.9182712 |
|    n_updates          | 2699      |
|    policy_loss        | 27.3      |
|    std                | 1.04      |
|    u_grad_norm        | 0.00148   |
|    u_learning_rate    | 0.00248   |
|    v_grad_norm        | 0.817     |
|    v_learning_rate    | 0.000496  |
|    value_loss         | 166       |
-------------------------------------
-------------------------------------
| rollout/              |           |
|    ep_len_mean        | 500       |
|    ep_rew_mean        | -3.72e+03 |
| time/                 |           |
|    fps                | 4         |
|    iterations         | 2700      |
|    time_elapsed       | 4340      |
|    total_timesteps    | 21600     |
| train/                |           |
|    d_grad_norm        | 1.06      |
|    d_learning_rate    | 0.0248    |
|    entropy_loss       | -3.78     |
|    explained_variance | -6.207938 |
|    n_updates          | 2699      |
|    policy_loss        | -10.2     |
|    std                | 1.15      |
|    u_grad_norm        | 0.0209    |
|    u_learning_rate    | 0.00248   |
|    v_grad_norm        | 0.891     |
|    v_learning_rate    | 0.000496  |
|    value_loss         | 191       |
-------------------------------------
--------------------------------------
| rollout/              |            |
|    ep_len_mean        | 500        |
|    ep_rew_mean        | -3.49e+03  |
| time/                 |            |
|    fps                | 5          |
|    iterations         | 2800       |
|    time_elapsed       | 4435       |
|    total_timesteps    | 22400      |
| train/                |            |
|    d_grad_norm        | 0.892      |
|    d_learning_rate    | 0.0248     |
|    entropy_loss       | -3.6       |
|    explained_variance | 0.80479336 |
|    n_updates          | 2799       |
|    policy_loss        | 7.29       |
|    std                | 1.13       |
|    u_grad_norm        | 0.00726    |
|    u_learning_rate    | 0.00248    |
|    v_grad_norm        | 0.859      |
|    v_learning_rate    | 0.000496   |
|    value_loss         | 20.9       |
--------------------------------------
--------------------------------------
| rollout/              |            |
|    ep_len_mean        | 500        |
|    ep_rew_mean        | -3.26e+03  |
| time/                 |            |
|    fps                | 5          |
|    iterations         | 2800       |
|    time_elapsed       | 4436       |
|    total_timesteps    | 22400      |
| train/                |            |
|    d_grad_norm        | 1.09       |
|    d_learning_rate    | 0.0248     |
|    entropy_loss       | -1.41      |
|    explained_variance | 0.86734223 |
|    n_updates          | 2799       |
|    policy_loss        | -2.31      |
|    std                | 0.977      |
|    u_grad_norm        | 0.00968    |
|    u_learning_rate    | 0.00248    |
|    v_grad_norm        | 0.899      |
|    v_learning_rate    | 0.000496   |
|    value_loss         | 5.35       |
--------------------------------------
-------------------------------------
| rollout/              |           |
|    ep_len_mean        | 500       |
|    ep_rew_mean        | -3.62e+03 |
| time/                 |           |
|    fps                | 5         |
|    iterations         | 2800      |
|    time_elapsed       | 4437      |
|    total_timesteps    | 22400     |
| train/                |           |
|    d_grad_norm        | 1         |
|    d_learning_rate    | 0.0248    |
|    entropy_loss       | -2.21     |
|    explained_variance | 0.7507027 |
|    n_updates          | 2799      |
|    policy_loss        | -14.6     |
|    std                | 1.13      |
|    u_grad_norm        | 0.00428   |
|    u_learning_rate    | 0.00248   |
|    v_grad_norm        | 1.02      |
|    v_learning_rate    | 0.000496  |
|    value_loss         | 81.1      |
-------------------------------------
--------------------------------------
| rollout/              |            |
|    ep_len_mean        | 500        |
|    ep_rew_mean        | -3.53e+03  |
| time/                 |            |
|    fps                | 5          |
|    iterations         | 2800       |
|    time_elapsed       | 4439       |
|    total_timesteps    | 22400      |
| train/                |            |
|    d_grad_norm        | 0.787      |
|    d_learning_rate    | 0.0248     |
|    entropy_loss       | -2.12      |
|    explained_variance | 0.92376244 |
|    n_updates          | 2799       |
|    policy_loss        | 0.36       |
|    std                | 1.01       |
|    u_grad_norm        | 0.00258    |
|    u_learning_rate    | 0.00248    |
|    v_grad_norm        | 0.9        |
|    v_learning_rate    | 0.000496   |
|    value_loss         | 5.06       |
--------------------------------------
-------------------------------------
| rollout/              |           |
|    ep_len_mean        | 500       |
|    ep_rew_mean        | -3.44e+03 |
| time/                 |           |
|    fps                | 5         |
|    iterations         | 2800      |
|    time_elapsed       | 4439      |
|    total_timesteps    | 22400     |
| train/                |           |
|    d_grad_norm        | 0.799     |
|    d_learning_rate    | 0.0248    |
|    entropy_loss       | -1.21     |
|    explained_variance | 0.4501462 |
|    n_updates          | 2799      |
|    policy_loss        | 8.97      |
|    std                | 1.01      |
|    u_grad_norm        | 0.022     |
|    u_learning_rate    | 0.00248   |
|    v_grad_norm        | 0.952     |
|    v_learning_rate    | 0.000496  |
|    value_loss         | 41.4      |
-------------------------------------
-------------------------------------
| rollout/              |           |
|    ep_len_mean        | 500       |
|    ep_rew_mean        | -3.12e+03 |
| time/                 |           |
|    fps                | 5         |
|    iterations         | 2800      |
|    time_elapsed       | 4445      |
|    total_timesteps    | 22400     |
| train/                |           |
|    d_grad_norm        | 0.984     |
|    d_learning_rate    | 0.0248    |
|    entropy_loss       | -2.8      |
|    explained_variance | 0.9652483 |
|    n_updates          | 2799      |
|    policy_loss        | 7.69      |
|    std                | 1.02      |
|    u_grad_norm        | 0.0035    |
|    u_learning_rate    | 0.00248   |
|    v_grad_norm        | 0.949     |
|    v_learning_rate    | 0.000496  |
|    value_loss         | 13.8      |
-------------------------------------
-------------------------------------
| rollout/              |           |
|    ep_len_mean        | 500       |
|    ep_rew_mean        | -4.08e+03 |
| time/                 |           |
|    fps                | 5         |
|    iterations         | 2800      |
|    time_elapsed       | 4450      |
|    total_timesteps    | 22400     |
| train/                |           |
|    d_grad_norm        | 0.931     |
|    d_learning_rate    | 0.0248    |
|    entropy_loss       | -3.45     |
|    explained_variance | -0.663123 |
|    n_updates          | 2799      |
|    policy_loss        | -0.209    |
|    std                | 0.947     |
|    u_grad_norm        | 0.00179   |
|    u_learning_rate    | 0.00248   |
|    v_grad_norm        | 0.894     |
|    v_learning_rate    | 0.000496  |
|    value_loss         | 0.0235    |
-------------------------------------
-------------------------------------
| rollout/              |           |
|    ep_len_mean        | 500       |
|    ep_rew_mean        | -3.17e+03 |
| time/                 |           |
|    fps                | 5         |
|    iterations         | 2800      |
|    time_elapsed       | 4455      |
|    total_timesteps    | 22400     |
| train/                |           |
|    d_grad_norm        | 0.903     |
|    d_learning_rate    | 0.0248    |
|    entropy_loss       | -2.4      |
|    explained_variance | 0.9616541 |
|    n_updates          | 2799      |
|    policy_loss        | 7.12      |
|    std                | 1.06      |
|    u_grad_norm        | 0.00308   |
|    u_learning_rate    | 0.00248   |
|    v_grad_norm        | 0.939     |
|    v_learning_rate    | 0.000496  |
|    value_loss         | 15.1      |
-------------------------------------
--------------------------------------
| rollout/              |            |
|    ep_len_mean        | 500        |
|    ep_rew_mean        | -3.54e+03  |
| time/                 |            |
|    fps                | 5          |
|    iterations         | 2800       |
|    time_elapsed       | 4456       |
|    total_timesteps    | 22400      |
| train/                |            |
|    d_grad_norm        | 0.894      |
|    d_learning_rate    | 0.0248     |
|    entropy_loss       | -3.75      |
|    explained_variance | 0.93957454 |
|    n_updates          | 2799       |
|    policy_loss        | 43.6       |
|    std                | 1.04       |
|    u_grad_norm        | 0.00297    |
|    u_learning_rate    | 0.00248    |
|    v_grad_norm        | 0.801      |
|    v_learning_rate    | 0.000496   |
|    value_loss         | 196        |
--------------------------------------
--------------------------------------
| rollout/              |            |
|    ep_len_mean        | 500        |
|    ep_rew_mean        | -3.71e+03  |
| time/                 |            |
|    fps                | 5          |
|    iterations         | 2800       |
|    time_elapsed       | 4464       |
|    total_timesteps    | 22400      |
| train/                |            |
|    d_grad_norm        | 0.88       |
|    d_learning_rate    | 0.0248     |
|    entropy_loss       | -2.48      |
|    explained_variance | 0.71403277 |
|    n_updates          | 2799       |
|    policy_loss        | -48.3      |
|    std                | 1.17       |
|    u_grad_norm        | 0.0302     |
|    u_learning_rate    | 0.00248    |
|    v_grad_norm        | 0.9        |
|    v_learning_rate    | 0.000496   |
|    value_loss         | 414        |
--------------------------------------
-------------------------------------
| rollout/              |           |
|    ep_len_mean        | 500       |
|    ep_rew_mean        | -3.48e+03 |
| time/                 |           |
|    fps                | 5         |
|    iterations         | 2900      |
|    time_elapsed       | 4556      |
|    total_timesteps    | 23200     |
| train/                |           |
|    d_grad_norm        | 1.03      |
|    d_learning_rate    | 0.0248    |
|    entropy_loss       | -2.73     |
|    explained_variance | 0.9676153 |
|    n_updates          | 2899      |
|    policy_loss        | -3.63     |
|    std                | 1.13      |
|    u_grad_norm        | 0.0104    |
|    u_learning_rate    | 0.00248   |
|    v_grad_norm        | 0.98      |
|    v_learning_rate    | 0.000495  |
|    value_loss         | 5.28      |
-------------------------------------
--------------------------------------
| rollout/              |            |
|    ep_len_mean        | 500        |
|    ep_rew_mean        | -3.26e+03  |
| time/                 |            |
|    fps                | 5          |
|    iterations         | 2900       |
|    time_elapsed       | 4557       |
|    total_timesteps    | 23200      |
| train/                |            |
|    d_grad_norm        | 1.16       |
|    d_learning_rate    | 0.0248     |
|    entropy_loss       | -2.28      |
|    explained_variance | 0.86763096 |
|    n_updates          | 2899       |
|    policy_loss        | 4.29       |
|    std                | 0.978      |
|    u_grad_norm        | 0.0104     |
|    u_learning_rate    | 0.00248    |
|    v_grad_norm        | 0.914      |
|    v_learning_rate    | 0.000495   |
|    value_loss         | 7.2        |
--------------------------------------
----------------------------------------
| rollout/              |              |
|    ep_len_mean        | 500          |
|    ep_rew_mean        | -3.61e+03    |
| time/                 |              |
|    fps                | 5            |
|    iterations         | 2900         |
|    time_elapsed       | 4560         |
|    total_timesteps    | 23200        |
| train/                |              |
|    d_grad_norm        | 1.05         |
|    d_learning_rate    | 0.0248       |
|    entropy_loss       | -1.03        |
|    explained_variance | -0.059145093 |
|    n_updates          | 2899         |
|    policy_loss        | -8.41        |
|    std                | 1.12         |
|    u_grad_norm        | 0.000333     |
|    u_learning_rate    | 0.00248      |
|    v_grad_norm        | 0.95         |
|    v_learning_rate    | 0.000495     |
|    value_loss         | 294          |
----------------------------------------
--------------------------------------
| rollout/              |            |
|    ep_len_mean        | 500        |
|    ep_rew_mean        | -3.51e+03  |
| time/                 |            |
|    fps                | 5          |
|    iterations         | 2900       |
|    time_elapsed       | 4561       |
|    total_timesteps    | 23200      |
| train/                |            |
|    d_grad_norm        | 1.1        |
|    d_learning_rate    | 0.0248     |
|    entropy_loss       | -1         |
|    explained_variance | 0.76448715 |
|    n_updates          | 2899       |
|    policy_loss        | 0.217      |
|    std                | 1.02       |
|    u_grad_norm        | 0.0113     |
|    u_learning_rate    | 0.00248    |
|    v_grad_norm        | 0.951      |
|    v_learning_rate    | 0.000495   |
|    value_loss         | 11.8       |
--------------------------------------
-------------------------------------
| rollout/              |           |
|    ep_len_mean        | 500       |
|    ep_rew_mean        | -3.43e+03 |
| time/                 |           |
|    fps                | 5         |
|    iterations         | 2900      |
|    time_elapsed       | 4562      |
|    total_timesteps    | 23200     |
| train/                |           |
|    d_grad_norm        | 0.812     |
|    d_learning_rate    | 0.0248    |
|    entropy_loss       | -2.12     |
|    explained_variance | -1.137774 |
|    n_updates          | 2899      |
|    policy_loss        | -7.04     |
|    std                | 1.01      |
|    u_grad_norm        | 0.0116    |
|    u_learning_rate    | 0.00248   |
|    v_grad_norm        | 0.828     |
|    v_learning_rate    | 0.000495  |
|    value_loss         | 22.5      |
-------------------------------------
-------------------------------------
| rollout/              |           |
|    ep_len_mean        | 500       |
|    ep_rew_mean        | -3.12e+03 |
| time/                 |           |
|    fps                | 5         |
|    iterations         | 2900      |
|    time_elapsed       | 4568      |
|    total_timesteps    | 23200     |
| train/                |           |
|    d_grad_norm        | 1.03      |
|    d_learning_rate    | 0.0248    |
|    entropy_loss       | -2.92     |
|    explained_variance | 0.7472247 |
|    n_updates          | 2899      |
|    policy_loss        | 16        |
|    std                | 1.02      |
|    u_grad_norm        | 0.00539   |
|    u_learning_rate    | 0.00248   |
|    v_grad_norm        | 0.948     |
|    v_learning_rate    | 0.000495  |
|    value_loss         | 37.9      |
-------------------------------------
----------------------------------------
| rollout/              |              |
|    ep_len_mean        | 500          |
|    ep_rew_mean        | -4.07e+03    |
| time/                 |              |
|    fps                | 5            |
|    iterations         | 2900         |
|    time_elapsed       | 4573         |
|    total_timesteps    | 23200        |
| train/                |              |
|    d_grad_norm        | 0.925        |
|    d_learning_rate    | 0.0248       |
|    entropy_loss       | -3.47        |
|    explained_variance | 0.0037307143 |
|    n_updates          | 2899         |
|    policy_loss        | -1.56        |
|    std                | 0.952        |
|    u_grad_norm        | 0.00477      |
|    u_learning_rate    | 0.00248      |
|    v_grad_norm        | 0.965        |
|    v_learning_rate    | 0.000495     |
|    value_loss         | 0.334        |
----------------------------------------
-------------------------------------
| rollout/              |           |
|    ep_len_mean        | 500       |
|    ep_rew_mean        | -3.17e+03 |
| time/                 |           |
|    fps                | 5         |
|    iterations         | 2900      |
|    time_elapsed       | 4579      |
|    total_timesteps    | 23200     |
| train/                |           |
|    d_grad_norm        | 1.02      |
|    d_learning_rate    | 0.0248    |
|    entropy_loss       | -2.65     |
|    explained_variance | 0.7848071 |
|    n_updates          | 2899      |
|    policy_loss        | -25.1     |
|    std                | 1.06      |
|    u_grad_norm        | 0.0418    |
|    u_learning_rate    | 0.00248   |
|    v_grad_norm        | 0.966     |
|    v_learning_rate    | 0.000495  |
|    value_loss         | 53.7      |
-------------------------------------
--------------------------------------
| rollout/              |            |
|    ep_len_mean        | 500        |
|    ep_rew_mean        | -3.52e+03  |
| time/                 |            |
|    fps                | 5          |
|    iterations         | 2900       |
|    time_elapsed       | 4580       |
|    total_timesteps    | 23200      |
| train/                |            |
|    d_grad_norm        | 0.888      |
|    d_learning_rate    | 0.0248     |
|    entropy_loss       | -3.8       |
|    explained_variance | 0.81575423 |
|    n_updates          | 2899       |
|    policy_loss        | 19.8       |
|    std                | 1.05       |
|    u_grad_norm        | 0.00214    |
|    u_learning_rate    | 0.00248    |
|    v_grad_norm        | 0.93       |
|    v_learning_rate    | 0.000495   |
|    value_loss         | 73.6       |
--------------------------------------
--------------------------------------
| rollout/              |            |
|    ep_len_mean        | 500        |
|    ep_rew_mean        | -3.71e+03  |
| time/                 |            |
|    fps                | 5          |
|    iterations         | 2900       |
|    time_elapsed       | 4588       |
|    total_timesteps    | 23200      |
| train/                |            |
|    d_grad_norm        | 1.05       |
|    d_learning_rate    | 0.0248     |
|    entropy_loss       | -5.03      |
|    explained_variance | 0.97803676 |
|    n_updates          | 2899       |
|    policy_loss        | -3.02      |
|    std                | 1.16       |
|    u_grad_norm        | 0.0101     |
|    u_learning_rate    | 0.00248    |
|    v_grad_norm        | 0.952      |
|    v_learning_rate    | 0.000495   |
|    value_loss         | 0.697      |
--------------------------------------
-------------------------------------
| rollout/              |           |
|    ep_len_mean        | 500       |
|    ep_rew_mean        | -3.45e+03 |
| time/                 |           |
|    fps                | 5         |
|    iterations         | 3000      |
|    time_elapsed       | 4664      |
|    total_timesteps    | 24000     |
| train/                |           |
|    d_grad_norm        | 0.843     |
|    d_learning_rate    | 0.0248    |
|    entropy_loss       | -2.24     |
|    explained_variance | 0.995976  |
|    n_updates          | 2999      |
|    policy_loss        | -0.379    |
|    std                | 1.14      |
|    u_grad_norm        | 0.00744   |
|    u_learning_rate    | 0.00248   |
|    v_grad_norm        | 0.94      |
|    v_learning_rate    | 0.000495  |
|    value_loss         | 0.38      |
-------------------------------------
-------------------------------------
| rollout/              |           |
|    ep_len_mean        | 500       |
|    ep_rew_mean        | -3.25e+03 |
| time/                 |           |
|    fps                | 5         |
|    iterations         | 3000      |
|    time_elapsed       | 4665      |
|    total_timesteps    | 24000     |
| train/                |           |
|    d_grad_norm        | 1.08      |
|    d_learning_rate    | 0.0248    |
|    entropy_loss       | -1.69     |
|    explained_variance | 0.9637587 |
|    n_updates          | 2999      |
|    policy_loss        | -4.83     |
|    std                | 0.987     |
|    u_grad_norm        | 0.00813   |
|    u_learning_rate    | 0.00248   |
|    v_grad_norm        | 0.976     |
|    v_learning_rate    | 0.000495  |
|    value_loss         | 19.5      |
-------------------------------------
-------------------------------------
| rollout/              |           |
|    ep_len_mean        | 500       |
|    ep_rew_mean        | -3.59e+03 |
| time/                 |           |
|    fps                | 5         |
|    iterations         | 3000      |
|    time_elapsed       | 4668      |
|    total_timesteps    | 24000     |
| train/                |           |
|    d_grad_norm        | 1.02      |
|    d_learning_rate    | 0.0248    |
|    entropy_loss       | -2.78     |
|    explained_variance | 0.7353867 |
|    n_updates          | 2999      |
|    policy_loss        | -14.4     |
|    std                | 1.12      |
|    u_grad_norm        | 0.0259    |
|    u_learning_rate    | 0.00248   |
|    v_grad_norm        | 0.885     |
|    v_learning_rate    | 0.000495  |
|    value_loss         | 23.8      |
-------------------------------------
--------------------------------------
| rollout/              |            |
|    ep_len_mean        | 500        |
|    ep_rew_mean        | -3.49e+03  |
| time/                 |            |
|    fps                | 5          |
|    iterations         | 3000       |
|    time_elapsed       | 4669       |
|    total_timesteps    | 24000      |
| train/                |            |
|    d_grad_norm        | 1.05       |
|    d_learning_rate    | 0.0248     |
|    entropy_loss       | -1.37      |
|    explained_variance | 0.68771845 |
|    n_updates          | 2999       |
|    policy_loss        | -14.4      |
|    std                | 1          |
|    u_grad_norm        | 0.0341     |
|    u_learning_rate    | 0.00248    |
|    v_grad_norm        | 0.908      |
|    v_learning_rate    | 0.000495   |
|    value_loss         | 35.5       |
--------------------------------------
-------------------------------------
| rollout/              |           |
|    ep_len_mean        | 500       |
|    ep_rew_mean        | -3.42e+03 |
| time/                 |           |
|    fps                | 5         |
|    iterations         | 3000      |
|    time_elapsed       | 4670      |
|    total_timesteps    | 24000     |
| train/                |           |
|    d_grad_norm        | 0.781     |
|    d_learning_rate    | 0.0248    |
|    entropy_loss       | -3.54     |
|    explained_variance | 0.9944578 |
|    n_updates          | 2999      |
|    policy_loss        | 5.51      |
|    std                | 1.01      |
|    u_grad_norm        | 0.014     |
|    u_learning_rate    | 0.00248   |
|    v_grad_norm        | 0.829     |
|    v_learning_rate    | 0.000495  |
|    value_loss         | 2.76      |
-------------------------------------
-------------------------------------
| rollout/              |           |
|    ep_len_mean        | 500       |
|    ep_rew_mean        | -3.12e+03 |
| time/                 |           |
|    fps                | 5         |
|    iterations         | 3000      |
|    time_elapsed       | 4674      |
|    total_timesteps    | 24000     |
| train/                |           |
|    d_grad_norm        | 0.891     |
|    d_learning_rate    | 0.0248    |
|    entropy_loss       | -2.86     |
|    explained_variance | 0.8771746 |
|    n_updates          | 2999      |
|    policy_loss        | 1.43      |
|    std                | 1.02      |
|    u_grad_norm        | 0.0018    |
|    u_learning_rate    | 0.00248   |
|    v_grad_norm        | 0.751     |
|    v_learning_rate    | 0.000495  |
|    value_loss         | 2.75      |
-------------------------------------
--------------------------------------
| rollout/              |            |
|    ep_len_mean        | 500        |
|    ep_rew_mean        | -4.07e+03  |
| time/                 |            |
|    fps                | 5          |
|    iterations         | 3000       |
|    time_elapsed       | 4678       |
|    total_timesteps    | 24000      |
| train/                |            |
|    d_grad_norm        | 0.925      |
|    d_learning_rate    | 0.0248     |
|    entropy_loss       | -3.36      |
|    explained_variance | 0.10724795 |
|    n_updates          | 2999       |
|    policy_loss        | 0.382      |
|    std                | 0.947      |
|    u_grad_norm        | 0.00726    |
|    u_learning_rate    | 0.00248    |
|    v_grad_norm        | 0.879      |
|    v_learning_rate    | 0.000495   |
|    value_loss         | 0.0195     |
--------------------------------------
--------------------------------------
| rollout/              |            |
|    ep_len_mean        | 500        |
|    ep_rew_mean        | -3.16e+03  |
| time/                 |            |
|    fps                | 5          |
|    iterations         | 3000       |
|    time_elapsed       | 4683       |
|    total_timesteps    | 24000      |
| train/                |            |
|    d_grad_norm        | 0.888      |
|    d_learning_rate    | 0.0248     |
|    entropy_loss       | -2.2       |
|    explained_variance | 0.98008955 |
|    n_updates          | 2999       |
|    policy_loss        | 4.26       |
|    std                | 1.07       |
|    u_grad_norm        | 0.00504    |
|    u_learning_rate    | 0.00248    |
|    v_grad_norm        | 0.919      |
|    v_learning_rate    | 0.000495   |
|    value_loss         | 7.09       |
--------------------------------------
--------------------------------------
| rollout/              |            |
|    ep_len_mean        | 500        |
|    ep_rew_mean        | -3.52e+03  |
| time/                 |            |
|    fps                | 5          |
|    iterations         | 3000       |
|    time_elapsed       | 4683       |
|    total_timesteps    | 24000      |
| train/                |            |
|    d_grad_norm        | 0.913      |
|    d_learning_rate    | 0.0248     |
|    entropy_loss       | -2.26      |
|    explained_variance | -4.8117857 |
|    n_updates          | 2999       |
|    policy_loss        | -0.89      |
|    std                | 1.06       |
|    u_grad_norm        | 0.0213     |
|    u_learning_rate    | 0.00248    |
|    v_grad_norm        | 0.833      |
|    v_learning_rate    | 0.000495   |
|    value_loss         | 12.7       |
--------------------------------------
--------------------------------------
| rollout/              |            |
|    ep_len_mean        | 500        |
|    ep_rew_mean        | -3.7e+03   |
| time/                 |            |
|    fps                | 5          |
|    iterations         | 3000       |
|    time_elapsed       | 4691       |
|    total_timesteps    | 24000      |
| train/                |            |
|    d_grad_norm        | 0.954      |
|    d_learning_rate    | 0.0248     |
|    entropy_loss       | -3.49      |
|    explained_variance | 0.78017753 |
|    n_updates          | 2999       |
|    policy_loss        | -26        |
|    std                | 1.17       |
|    u_grad_norm        | 0.017      |
|    u_learning_rate    | 0.00248    |
|    v_grad_norm        | 1.03       |
|    v_learning_rate    | 0.000495   |
|    value_loss         | 44.6       |
--------------------------------------
-------------------------------------
| rollout/              |           |
|    ep_len_mean        | 500       |
|    ep_rew_mean        | -3.44e+03 |
| time/                 |           |
|    fps                | 5         |
|    iterations         | 3100      |
|    time_elapsed       | 4790      |
|    total_timesteps    | 24800     |
| train/                |           |
|    d_grad_norm        | 0.763     |
|    d_learning_rate    | 0.0248    |
|    entropy_loss       | -3.26     |
|    explained_variance | 0.9242616 |
|    n_updates          | 3099      |
|    policy_loss        | 0.434     |
|    std                | 1.14      |
|    u_grad_norm        | 0.0127    |
|    u_learning_rate    | 0.00248   |
|    v_grad_norm        | 0.835     |
|    v_learning_rate    | 0.000495  |
|    value_loss         | 4.82      |
-------------------------------------
-------------------------------------
| rollout/              |           |
|    ep_len_mean        | 500       |
|    ep_rew_mean        | -3.24e+03 |
| time/                 |           |
|    fps                | 5         |
|    iterations         | 3100      |
|    time_elapsed       | 4791      |
|    total_timesteps    | 24800     |
| train/                |           |
|    d_grad_norm        | 0.937     |
|    d_learning_rate    | 0.0248    |
|    entropy_loss       | -2.36     |
|    explained_variance | 0.961551  |
|    n_updates          | 3099      |
|    policy_loss        | -6.25     |
|    std                | 0.987     |
|    u_grad_norm        | 0.014     |
|    u_learning_rate    | 0.00248   |
|    v_grad_norm        | 1         |
|    v_learning_rate    | 0.000495  |
|    value_loss         | 12.1      |
-------------------------------------
--------------------------------------
| rollout/              |            |
|    ep_len_mean        | 500        |
|    ep_rew_mean        | -3.61e+03  |
| time/                 |            |
|    fps                | 5          |
|    iterations         | 3100       |
|    time_elapsed       | 4794       |
|    total_timesteps    | 24800      |
| train/                |            |
|    d_grad_norm        | 1.07       |
|    d_learning_rate    | 0.0248     |
|    entropy_loss       | -1.52      |
|    explained_variance | -28.546679 |
|    n_updates          | 3099       |
|    policy_loss        | -29.5      |
|    std                | 1.11       |
|    u_grad_norm        | 0.0283     |
|    u_learning_rate    | 0.00248    |
|    v_grad_norm        | 0.921      |
|    v_learning_rate    | 0.000495   |
|    value_loss         | 434        |
--------------------------------------
-------------------------------------
| rollout/              |           |
|    ep_len_mean        | 500       |
|    ep_rew_mean        | -3.48e+03 |
| time/                 |           |
|    fps                | 5         |
|    iterations         | 3100      |
|    time_elapsed       | 4794      |
|    total_timesteps    | 24800     |
| train/                |           |
|    d_grad_norm        | 0.928     |
|    d_learning_rate    | 0.0248    |
|    entropy_loss       | -2.58     |
|    explained_variance | 0.9503864 |
|    n_updates          | 3099      |
|    policy_loss        | 7.94      |
|    std                | 0.998     |
|    u_grad_norm        | 0.00633   |
|    u_learning_rate    | 0.00248   |
|    v_grad_norm        | 0.833     |
|    v_learning_rate    | 0.000495  |
|    value_loss         | 17.2      |
-------------------------------------
-------------------------------------
| rollout/              |           |
|    ep_len_mean        | 500       |
|    ep_rew_mean        | -3.42e+03 |
| time/                 |           |
|    fps                | 5         |
|    iterations         | 3100      |
|    time_elapsed       | 4797      |
|    total_timesteps    | 24800     |
| train/                |           |
|    d_grad_norm        | 0.764     |
|    d_learning_rate    | 0.0248    |
|    entropy_loss       | -2.93     |
|    explained_variance | 0.9471967 |
|    n_updates          | 3099      |
|    policy_loss        | -17.5     |
|    std                | 1.02      |
|    u_grad_norm        | 0.00646   |
|    u_learning_rate    | 0.00248   |
|    v_grad_norm        | 0.817     |
|    v_learning_rate    | 0.000495  |
|    value_loss         | 52.1      |
-------------------------------------
-------------------------------------
| rollout/              |           |
|    ep_len_mean        | 500       |
|    ep_rew_mean        | -3.12e+03 |
| time/                 |           |
|    fps                | 5         |
|    iterations         | 3100      |
|    time_elapsed       | 4801      |
|    total_timesteps    | 24800     |
| train/                |           |
|    d_grad_norm        | 0.962     |
|    d_learning_rate    | 0.0248    |
|    entropy_loss       | -2.96     |
|    explained_variance | 0.5354212 |
|    n_updates          | 3099      |
|    policy_loss        | 7.4       |
|    std                | 1.02      |
|    u_grad_norm        | 0.00265   |
|    u_learning_rate    | 0.00248   |
|    v_grad_norm        | 0.847     |
|    v_learning_rate    | 0.000495  |
|    value_loss         | 11.4      |
-------------------------------------
--------------------------------------
| rollout/              |            |
|    ep_len_mean        | 500        |
|    ep_rew_mean        | -4.07e+03  |
| time/                 |            |
|    fps                | 5          |
|    iterations         | 3100       |
|    time_elapsed       | 4807       |
|    total_timesteps    | 24800      |
| train/                |            |
|    d_grad_norm        | 0.802      |
|    d_learning_rate    | 0.0248     |
|    entropy_loss       | -3.29      |
|    explained_variance | -108.68838 |
|    n_updates          | 3099       |
|    policy_loss        | -0.126     |
|    std                | 0.948      |
|    u_grad_norm        | 0.0233     |
|    u_learning_rate    | 0.00248    |
|    v_grad_norm        | 0.878      |
|    v_learning_rate    | 0.000495   |
|    value_loss         | 0.00346    |
--------------------------------------
-------------------------------------
| rollout/              |           |
|    ep_len_mean        | 500       |
|    ep_rew_mean        | -3.15e+03 |
| time/                 |           |
|    fps                | 5         |
|    iterations         | 3100      |
|    time_elapsed       | 4811      |
|    total_timesteps    | 24800     |
| train/                |           |
|    d_grad_norm        | 1.01      |
|    d_learning_rate    | 0.0248    |
|    entropy_loss       | -3.25     |
|    explained_variance | 0.902136  |
|    n_updates          | 3099      |
|    policy_loss        | -13.4     |
|    std                | 1.06      |
|    u_grad_norm        | 0.00574   |
|    u_learning_rate    | 0.00248   |
|    v_grad_norm        | 0.936     |
|    v_learning_rate    | 0.000495  |
|    value_loss         | 32.7      |
-------------------------------------
--------------------------------------
| rollout/              |            |
|    ep_len_mean        | 500        |
|    ep_rew_mean        | -3.51e+03  |
| time/                 |            |
|    fps                | 5          |
|    iterations         | 3100       |
|    time_elapsed       | 4813       |
|    total_timesteps    | 24800      |
| train/                |            |
|    d_grad_norm        | 0.841      |
|    d_learning_rate    | 0.0248     |
|    entropy_loss       | -3.7       |
|    explained_variance | 0.30287796 |
|    n_updates          | 3099       |
|    policy_loss        | -45.9      |
|    std                | 1.06       |
|    u_grad_norm        | 0.00989    |
|    u_learning_rate    | 0.00248    |
|    v_grad_norm        | 0.901      |
|    v_learning_rate    | 0.000495   |
|    value_loss         | 138        |
--------------------------------------
-------------------------------------
| rollout/              |           |
|    ep_len_mean        | 500       |
|    ep_rew_mean        | -3.69e+03 |
| time/                 |           |
|    fps                | 5         |
|    iterations         | 3100      |
|    time_elapsed       | 4820      |
|    total_timesteps    | 24800     |
| train/                |           |
|    d_grad_norm        | 0.97      |
|    d_learning_rate    | 0.0248    |
|    entropy_loss       | -3.01     |
|    explained_variance | -3.939642 |
|    n_updates          | 3099      |
|    policy_loss        | 7.46      |
|    std                | 1.17      |
|    u_grad_norm        | 0.04      |
|    u_learning_rate    | 0.00248   |
|    v_grad_norm        | 0.926     |
|    v_learning_rate    | 0.000495  |
|    value_loss         | 38.3      |
-------------------------------------
-------------------------------------
| rollout/              |           |
|    ep_len_mean        | 500       |
|    ep_rew_mean        | -3.42e+03 |
| time/                 |           |
|    fps                | 5         |
|    iterations         | 3200      |
|    time_elapsed       | 4911      |
|    total_timesteps    | 25600     |
| train/                |           |
|    d_grad_norm        | 1.05      |
|    d_learning_rate    | 0.0247    |
|    entropy_loss       | -1.81     |
|    explained_variance | 0.9342688 |
|    n_updates          | 3199      |
|    policy_loss        | 0.657     |
|    std                | 1.12      |
|    u_grad_norm        | 0.0176    |
|    u_learning_rate    | 0.00247   |
|    v_grad_norm        | 0.922     |
|    v_learning_rate    | 0.000495  |
|    value_loss         | 1.93      |
-------------------------------------
---------------------------------------
| rollout/              |             |
|    ep_len_mean        | 500         |
|    ep_rew_mean        | -3.22e+03   |
| time/                 |             |
|    fps                | 5           |
|    iterations         | 3200        |
|    time_elapsed       | 4912        |
|    total_timesteps    | 25600       |
| train/                |             |
|    d_grad_norm        | 1.16        |
|    d_learning_rate    | 0.0247      |
|    entropy_loss       | -2.11       |
|    explained_variance | 0.091670156 |
|    n_updates          | 3199        |
|    policy_loss        | -24.4       |
|    std                | 0.97        |
|    u_grad_norm        | 0.0201      |
|    u_learning_rate    | 0.00247     |
|    v_grad_norm        | 0.877       |
|    v_learning_rate    | 0.000495    |
|    value_loss         | 153         |
---------------------------------------
--------------------------------------
| rollout/              |            |
|    ep_len_mean        | 500        |
|    ep_rew_mean        | -3.46e+03  |
| time/                 |            |
|    fps                | 5          |
|    iterations         | 3200       |
|    time_elapsed       | 4916       |
|    total_timesteps    | 25600      |
| train/                |            |
|    d_grad_norm        | 1.07       |
|    d_learning_rate    | 0.0247     |
|    entropy_loss       | -1.89      |
|    explained_variance | 0.25196683 |
|    n_updates          | 3199       |
|    policy_loss        | -43.2      |
|    std                | 0.993      |
|    u_grad_norm        | 0.0623     |
|    u_learning_rate    | 0.00247    |
|    v_grad_norm        | 0.854      |
|    v_learning_rate    | 0.000495   |
|    value_loss         | 116        |
--------------------------------------
--------------------------------------
| rollout/              |            |
|    ep_len_mean        | 500        |
|    ep_rew_mean        | -3.62e+03  |
| time/                 |            |
|    fps                | 5          |
|    iterations         | 3200       |
|    time_elapsed       | 4917       |
|    total_timesteps    | 25600      |
| train/                |            |
|    d_grad_norm        | 1.02       |
|    d_learning_rate    | 0.0247     |
|    entropy_loss       | -2.26      |
|    explained_variance | -1.2155414 |
|    n_updates          | 3199       |
|    policy_loss        | -75.9      |
|    std                | 1.12       |
|    u_grad_norm        | 0.00609    |
|    u_learning_rate    | 0.00247    |
|    v_grad_norm        | 1.04       |
|    v_learning_rate    | 0.000495   |
|    value_loss         | 720        |
--------------------------------------
-------------------------------------
| rollout/              |           |
|    ep_len_mean        | 500       |
|    ep_rew_mean        | -3.4e+03  |
| time/                 |           |
|    fps                | 5         |
|    iterations         | 3200      |
|    time_elapsed       | 4920      |
|    total_timesteps    | 25600     |
| train/                |           |
|    d_grad_norm        | 1.11      |
|    d_learning_rate    | 0.0247    |
|    entropy_loss       | -2.98     |
|    explained_variance | 0.9678007 |
|    n_updates          | 3199      |
|    policy_loss        | 1.39      |
|    std                | 1.03      |
|    u_grad_norm        | 0.00821   |
|    u_learning_rate    | 0.00247   |
|    v_grad_norm        | 0.965     |
|    v_learning_rate    | 0.000495  |
|    value_loss         | 0.595     |
-------------------------------------
-------------------------------------
| rollout/              |           |
|    ep_len_mean        | 500       |
|    ep_rew_mean        | -3.12e+03 |
| time/                 |           |
|    fps                | 5         |
|    iterations         | 3200      |
|    time_elapsed       | 4925      |
|    total_timesteps    | 25600     |
| train/                |           |
|    d_grad_norm        | 0.949     |
|    d_learning_rate    | 0.0247    |
|    entropy_loss       | -2.96     |
|    explained_variance | 0.9118372 |
|    n_updates          | 3199      |
|    policy_loss        | 11.7      |
|    std                | 1.01      |
|    u_grad_norm        | 0.00803   |
|    u_learning_rate    | 0.00247   |
|    v_grad_norm        | 0.833     |
|    v_learning_rate    | 0.000495  |
|    value_loss         | 23.1      |
-------------------------------------
-------------------------------------
| rollout/              |           |
|    ep_len_mean        | 500       |
|    ep_rew_mean        | -4.07e+03 |
| time/                 |           |
|    fps                | 5         |
|    iterations         | 3200      |
|    time_elapsed       | 4933      |
|    total_timesteps    | 25600     |
| train/                |           |
|    d_grad_norm        | 0.861     |
|    d_learning_rate    | 0.0247    |
|    entropy_loss       | -1.78     |
|    explained_variance | 0.8592452 |
|    n_updates          | 3199      |
|    policy_loss        | -13.7     |
|    std                | 0.948     |
|    u_grad_norm        | 0.0625    |
|    u_learning_rate    | 0.00247   |
|    v_grad_norm        | 1.05      |
|    v_learning_rate    | 0.000495  |
|    value_loss         | 44.6      |
-------------------------------------
--------------------------------------
| rollout/              |            |
|    ep_len_mean        | 500        |
|    ep_rew_mean        | -3.15e+03  |
| time/                 |            |
|    fps                | 5          |
|    iterations         | 3200       |
|    time_elapsed       | 4938       |
|    total_timesteps    | 25600      |
| train/                |            |
|    d_grad_norm        | 0.855      |
|    d_learning_rate    | 0.0247     |
|    entropy_loss       | -3.7       |
|    explained_variance | 0.84369963 |
|    n_updates          | 3199       |
|    policy_loss        | -32.5      |
|    std                | 1.04       |
|    u_grad_norm        | 0.00871    |
|    u_learning_rate    | 0.00247    |
|    v_grad_norm        | 0.797      |
|    v_learning_rate    | 0.000495   |
|    value_loss         | 104        |
--------------------------------------
--------------------------------------
| rollout/              |            |
|    ep_len_mean        | 500        |
|    ep_rew_mean        | -3.5e+03   |
| time/                 |            |
|    fps                | 5          |
|    iterations         | 3200       |
|    time_elapsed       | 4940       |
|    total_timesteps    | 25600      |
| train/                |            |
|    d_grad_norm        | 0.884      |
|    d_learning_rate    | 0.0247     |
|    entropy_loss       | -3.31      |
|    explained_variance | 0.27299416 |
|    n_updates          | 3199       |
|    policy_loss        | 4.49       |
|    std                | 1.07       |
|    u_grad_norm        | 0.0021     |
|    u_learning_rate    | 0.00247    |
|    v_grad_norm        | 0.806      |
|    v_learning_rate    | 0.000495   |
|    value_loss         | 18.8       |
--------------------------------------
--------------------------------------
| rollout/              |            |
|    ep_len_mean        | 500        |
|    ep_rew_mean        | -3.67e+03  |
| time/                 |            |
|    fps                | 5          |
|    iterations         | 3200       |
|    time_elapsed       | 4948       |
|    total_timesteps    | 25600      |
| train/                |            |
|    d_grad_norm        | 1.06       |
|    d_learning_rate    | 0.0247     |
|    entropy_loss       | -3.82      |
|    explained_variance | -16.870125 |
|    n_updates          | 3199       |
|    policy_loss        | -8.36      |
|    std                | 1.19       |
|    u_grad_norm        | 0.0234     |
|    u_learning_rate    | 0.00247    |
|    v_grad_norm        | 0.939      |
|    v_learning_rate    | 0.000495   |
|    value_loss         | 49.1       |
--------------------------------------
-------------------------------------
| rollout/              |           |
|    ep_len_mean        | 500       |
|    ep_rew_mean        | -3.41e+03 |
| time/                 |           |
|    fps                | 5         |
|    iterations         | 3300      |
|    time_elapsed       | 5033      |
|    total_timesteps    | 26400     |
| train/                |           |
|    d_grad_norm        | 1.07      |
|    d_learning_rate    | 0.0247    |
|    entropy_loss       | -2.15     |
|    explained_variance | 0.5966804 |
|    n_updates          | 3299      |
|    policy_loss        | 10.4      |
|    std                | 1.09      |
|    u_grad_norm        | 0.0479    |
|    u_learning_rate    | 0.00247   |
|    v_grad_norm        | 0.999     |
|    v_learning_rate    | 0.000495  |
|    value_loss         | 39.2      |
-------------------------------------
-------------------------------------
| rollout/              |           |
|    ep_len_mean        | 500       |
|    ep_rew_mean        | -3.21e+03 |
| time/                 |           |
|    fps                | 5         |
|    iterations         | 3300      |
|    time_elapsed       | 5034      |
|    total_timesteps    | 26400     |
| train/                |           |
|    d_grad_norm        | 1.08      |
|    d_learning_rate    | 0.0247    |
|    entropy_loss       | -0.717    |
|    explained_variance | 0.8765406 |
|    n_updates          | 3299      |
|    policy_loss        | -0.952    |
|    std                | 0.935     |
|    u_grad_norm        | 0.00617   |
|    u_learning_rate    | 0.00247   |
|    v_grad_norm        | 0.952     |
|    v_learning_rate    | 0.000495  |
|    value_loss         | 5.63      |
-------------------------------------
--------------------------------------
| rollout/              |            |
|    ep_len_mean        | 500        |
|    ep_rew_mean        | -3.62e+03  |
| time/                 |            |
|    fps                | 5          |
|    iterations         | 3300       |
|    time_elapsed       | 5039       |
|    total_timesteps    | 26400      |
| train/                |            |
|    d_grad_norm        | 0.893      |
|    d_learning_rate    | 0.0247     |
|    entropy_loss       | -1.9       |
|    explained_variance | -2.9905405 |
|    n_updates          | 3299       |
|    policy_loss        | 7.93       |
|    std                | 1.12       |
|    u_grad_norm        | 0.00443    |
|    u_learning_rate    | 0.00247    |
|    v_grad_norm        | 0.917      |
|    v_learning_rate    | 0.000495   |
|    value_loss         | 94.8       |
--------------------------------------
-------------------------------------
| rollout/              |           |
|    ep_len_mean        | 500       |
|    ep_rew_mean        | -3.44e+03 |
| time/                 |           |
|    fps                | 5         |
|    iterations         | 3300      |
|    time_elapsed       | 5039      |
|    total_timesteps    | 26400     |
| train/                |           |
|    d_grad_norm        | 1.08      |
|    d_learning_rate    | 0.0247    |
|    entropy_loss       | -1.79     |
|    explained_variance | 0.9863249 |
|    n_updates          | 3299      |
|    policy_loss        | -11.4     |
|    std                | 0.994     |
|    u_grad_norm        | 0.0257    |
|    u_learning_rate    | 0.00247   |
|    v_grad_norm        | 0.971     |
|    v_learning_rate    | 0.000495  |
|    value_loss         | 45.3      |
-------------------------------------
--------------------------------------
| rollout/              |            |
|    ep_len_mean        | 500        |
|    ep_rew_mean        | -3.4e+03   |
| time/                 |            |
|    fps                | 5          |
|    iterations         | 3300       |
|    time_elapsed       | 5044       |
|    total_timesteps    | 26400      |
| train/                |            |
|    d_grad_norm        | 0.747      |
|    d_learning_rate    | 0.0247     |
|    entropy_loss       | -3.59      |
|    explained_variance | 0.94162285 |
|    n_updates          | 3299       |
|    policy_loss        | 13.9       |
|    std                | 1.03       |
|    u_grad_norm        | 0.0343     |
|    u_learning_rate    | 0.00247    |
|    v_grad_norm        | 0.845      |
|    v_learning_rate    | 0.000495   |
|    value_loss         | 12.8       |
--------------------------------------
-------------------------------------
| rollout/              |           |
|    ep_len_mean        | 500       |
|    ep_rew_mean        | -3.12e+03 |
| time/                 |           |
|    fps                | 5         |
|    iterations         | 3300      |
|    time_elapsed       | 5048      |
|    total_timesteps    | 26400     |
| train/                |           |
|    d_grad_norm        | 0.939     |
|    d_learning_rate    | 0.0247    |
|    entropy_loss       | -3.6      |
|    explained_variance | 0.990889  |
|    n_updates          | 3299      |
|    policy_loss        | 9.02      |
|    std                | 1         |
|    u_grad_norm        | 0.00939   |
|    u_learning_rate    | 0.00247   |
|    v_grad_norm        | 0.831     |
|    v_learning_rate    | 0.000495  |
|    value_loss         | 8.7       |
-------------------------------------
--------------------------------------
| rollout/              |            |
|    ep_len_mean        | 500        |
|    ep_rew_mean        | -4.06e+03  |
| time/                 |            |
|    fps                | 5          |
|    iterations         | 3300       |
|    time_elapsed       | 5058       |
|    total_timesteps    | 26400      |
| train/                |            |
|    d_grad_norm        | 0.926      |
|    d_learning_rate    | 0.0247     |
|    entropy_loss       | -3.53      |
|    explained_variance | -1.4895971 |
|    n_updates          | 3299       |
|    policy_loss        | 1.07       |
|    std                | 0.921      |
|    u_grad_norm        | 0.00346    |
|    u_learning_rate    | 0.00247    |
|    v_grad_norm        | 0.935      |
|    v_learning_rate    | 0.000495   |
|    value_loss         | 0.117      |
--------------------------------------
-------------------------------------
| rollout/              |           |
|    ep_len_mean        | 500       |
|    ep_rew_mean        | -3.14e+03 |
| time/                 |           |
|    fps                | 5         |
|    iterations         | 3300      |
|    time_elapsed       | 5063      |
|    total_timesteps    | 26400     |
| train/                |           |
|    d_grad_norm        | 0.944     |
|    d_learning_rate    | 0.0247    |
|    entropy_loss       | -2.92     |
|    explained_variance | 0.9837662 |
|    n_updates          | 3299      |
|    policy_loss        | 3.64      |
|    std                | 1.04      |
|    u_grad_norm        | 0.0135    |
|    u_learning_rate    | 0.00247   |
|    v_grad_norm        | 0.809     |
|    v_learning_rate    | 0.000495  |
|    value_loss         | 2.65      |
-------------------------------------
-------------------------------------
| rollout/              |           |
|    ep_len_mean        | 500       |
|    ep_rew_mean        | -3.49e+03 |
| time/                 |           |
|    fps                | 5         |
|    iterations         | 3300      |
|    time_elapsed       | 5065      |
|    total_timesteps    | 26400     |
| train/                |           |
|    d_grad_norm        | 0.901     |
|    d_learning_rate    | 0.0247    |
|    entropy_loss       | -3.31     |
|    explained_variance | 0.9721455 |
|    n_updates          | 3299      |
|    policy_loss        | 15.3      |
|    std                | 1.07      |
|    u_grad_norm        | 0.00456   |
|    u_learning_rate    | 0.00247   |
|    v_grad_norm        | 0.908     |
|    v_learning_rate    | 0.000495  |
|    value_loss         | 23.8      |
-------------------------------------
--------------------------------------
| rollout/              |            |
|    ep_len_mean        | 500        |
|    ep_rew_mean        | -3.67e+03  |
| time/                 |            |
|    fps                | 5          |
|    iterations         | 3300       |
|    time_elapsed       | 5073       |
|    total_timesteps    | 26400      |
| train/                |            |
|    d_grad_norm        | 1.09       |
|    d_learning_rate    | 0.0247     |
|    entropy_loss       | -3.71      |
|    explained_variance | 0.20157325 |
|    n_updates          | 3299       |
|    policy_loss        | -27.5      |
|    std                | 1.21       |
|    u_grad_norm        | 0.00196    |
|    u_learning_rate    | 0.00247    |
|    v_grad_norm        | 0.916      |
|    v_learning_rate    | 0.000495   |
|    value_loss         | 51.4       |
--------------------------------------
