nohup: ignoring input
Using cuda device
Wrapping the env with a `Monitor` wrapper
Wrapping the env in a DummyVecEnv.
Wrapping the env with a `Monitor` wrapper
Wrapping the env in a DummyVecEnv.
Wrapping the env with a `Monitor` wrapper
Wrapping the env in a DummyVecEnv.
Wrapping the env with a `Monitor` wrapper
Wrapping the env in a DummyVecEnv.
Wrapping the env with a `Monitor` wrapper
Wrapping the env in a DummyVecEnv.
Wrapping the env with a `Monitor` wrapper
Wrapping the env in a DummyVecEnv.
Wrapping the env with a `Monitor` wrapper
Wrapping the env in a DummyVecEnv.
Wrapping the env with a `Monitor` wrapper
Wrapping the env in a DummyVecEnv.
Wrapping the env with a `Monitor` wrapper
Wrapping the env in a DummyVecEnv.
Wrapping the env with a `Monitor` wrapper
Wrapping the env in a DummyVecEnv.
Wrapping the env with a `Monitor` wrapper
Wrapping the env in a DummyVecEnv.
Wrapping the env with a `Monitor` wrapper
Wrapping the env in a DummyVecEnv.
--------------------------------------
| rollout/              |            |
|    ep_len_mean        | 500        |
|    ep_rew_mean        | -1.08e+03  |
| time/                 |            |
|    fps                | 17         |
|    iterations         | 455100     |
|    time_elapsed       | 45         |
|    total_timesteps    | 455800     |
| train/                |            |
|    d_grad_norm        | 0.892      |
|    entropy_loss       | -1.82      |
|    explained_variance | 0.99548626 |
|    learning_rate      | 0.00996    |
|    n_updates          | 56971      |
|    policy_loss        | -0.661     |
|    std                | 0.143      |
|    u_grad_norm        | 0.0083     |
|    v_grad_norm        | 0.956      |
|    value_loss         | 0.277      |
--------------------------------------
Using cuda device
Wrapping the env with a `Monitor` wrapper
Wrapping the env in a DummyVecEnv.
Wrapping the env with a `Monitor` wrapper
Wrapping the env in a DummyVecEnv.
Wrapping the env with a `Monitor` wrapper
Wrapping the env in a DummyVecEnv.
Wrapping the env with a `Monitor` wrapper
Wrapping the env in a DummyVecEnv.
Wrapping the env with a `Monitor` wrapper
Wrapping the env in a DummyVecEnv.
Wrapping the env with a `Monitor` wrapper
Wrapping the env in a DummyVecEnv.
Wrapping the env with a `Monitor` wrapper
Wrapping the env in a DummyVecEnv.
Wrapping the env with a `Monitor` wrapper
Wrapping the env in a DummyVecEnv.
Wrapping the env with a `Monitor` wrapper
Wrapping the env in a DummyVecEnv.
Wrapping the env with a `Monitor` wrapper
Wrapping the env in a DummyVecEnv.
Wrapping the env with a `Monitor` wrapper
Wrapping the env in a DummyVecEnv.
Wrapping the env with a `Monitor` wrapper
Wrapping the env in a DummyVecEnv.
-------------------------------------
| rollout/              |           |
|    ep_len_mean        | 500       |
|    ep_rew_mean        | -681      |
| time/                 |           |
|    fps                | 17        |
|    iterations         | 609100    |
|    time_elapsed       | 45        |
|    total_timesteps    | 609800    |
| train/                |           |
|    d_grad_norm        | 0.996     |
|    entropy_loss       | -1.73     |
|    explained_variance | 0.9584276 |
|    learning_rate      | 0.00981   |
|    n_updates          | 76221     |
|    policy_loss        | 4.36      |
|    std                | 0.208     |
|    u_grad_norm        | 0.123     |
|    v_grad_norm        | 0.925     |
|    value_loss         | 7.96      |
-------------------------------------
Using cuda device
Wrapping the env with a `Monitor` wrapper
Wrapping the env in a DummyVecEnv.
Wrapping the env with a `Monitor` wrapper
Wrapping the env in a DummyVecEnv.
Wrapping the env with a `Monitor` wrapper
Wrapping the env in a DummyVecEnv.
Wrapping the env with a `Monitor` wrapper
Wrapping the env in a DummyVecEnv.
Wrapping the env with a `Monitor` wrapper
Wrapping the env in a DummyVecEnv.
Wrapping the env with a `Monitor` wrapper
Wrapping the env in a DummyVecEnv.
Wrapping the env with a `Monitor` wrapper
Wrapping the env in a DummyVecEnv.
Wrapping the env with a `Monitor` wrapper
Wrapping the env in a DummyVecEnv.
Wrapping the env with a `Monitor` wrapper
Wrapping the env in a DummyVecEnv.
Wrapping the env with a `Monitor` wrapper
Wrapping the env in a DummyVecEnv.
Wrapping the env with a `Monitor` wrapper
Wrapping the env in a DummyVecEnv.
Wrapping the env with a `Monitor` wrapper
Wrapping the env in a DummyVecEnv.
---------------------------------------
| rollout/              |             |
|    ep_len_mean        | 500         |
|    ep_rew_mean        | -773        |
| time/                 |             |
|    fps                | 17          |
|    iterations         | 591100      |
|    time_elapsed       | 45          |
|    total_timesteps    | 591800      |
| train/                |             |
|    d_grad_norm        | 0.101       |
|    entropy_loss       | -0.181      |
|    explained_variance | -0.11882949 |
|    learning_rate      | 0.00983     |
|    n_updates          | 73971       |
|    policy_loss        | -0.00139    |
|    std                | 0.414       |
|    u_grad_norm        | 0.377       |
|    v_grad_norm        | 0.0225      |
|    value_loss         | 4.07e-05    |
---------------------------------------
Using cuda device
Wrapping the env with a `Monitor` wrapper
Wrapping the env in a DummyVecEnv.
Wrapping the env with a `Monitor` wrapper
Wrapping the env in a DummyVecEnv.
Wrapping the env with a `Monitor` wrapper
Wrapping the env in a DummyVecEnv.
Wrapping the env with a `Monitor` wrapper
Wrapping the env in a DummyVecEnv.
Wrapping the env with a `Monitor` wrapper
Wrapping the env in a DummyVecEnv.
Wrapping the env with a `Monitor` wrapper
Wrapping the env in a DummyVecEnv.
Wrapping the env with a `Monitor` wrapper
Wrapping the env in a DummyVecEnv.
Wrapping the env with a `Monitor` wrapper
Wrapping the env in a DummyVecEnv.
Wrapping the env with a `Monitor` wrapper
Wrapping the env in a DummyVecEnv.
Wrapping the env with a `Monitor` wrapper
Wrapping the env in a DummyVecEnv.
Wrapping the env with a `Monitor` wrapper
Wrapping the env in a DummyVecEnv.
Wrapping the env with a `Monitor` wrapper
Wrapping the env in a DummyVecEnv.
--------------------------------------
| rollout/              |            |
|    ep_len_mean        | 500        |
|    ep_rew_mean        | -762       |
| time/                 |            |
|    fps                | 17         |
|    iterations         | 611100     |
|    time_elapsed       | 45         |
|    total_timesteps    | 611800     |
| train/                |            |
|    d_grad_norm        | 0.01       |
|    entropy_loss       | -0.168     |
|    explained_variance | -6.0796046 |
|    learning_rate      | 0.00981    |
|    n_updates          | 76471      |
|    policy_loss        | -0.00014   |
|    std                | 0.232      |
|    u_grad_norm        | 0.0327     |
|    v_grad_norm        | 0.00344    |
|    value_loss         | 4.51e-06   |
--------------------------------------
Using cuda device
Wrapping the env with a `Monitor` wrapper
Wrapping the env in a DummyVecEnv.
Wrapping the env with a `Monitor` wrapper
Wrapping the env in a DummyVecEnv.
Wrapping the env with a `Monitor` wrapper
Wrapping the env in a DummyVecEnv.
Wrapping the env with a `Monitor` wrapper
Wrapping the env in a DummyVecEnv.
Wrapping the env with a `Monitor` wrapper
Wrapping the env in a DummyVecEnv.
Wrapping the env with a `Monitor` wrapper
Wrapping the env in a DummyVecEnv.
Wrapping the env with a `Monitor` wrapper
Wrapping the env in a DummyVecEnv.
Wrapping the env with a `Monitor` wrapper
Wrapping the env in a DummyVecEnv.
Wrapping the env with a `Monitor` wrapper
Wrapping the env in a DummyVecEnv.
Wrapping the env with a `Monitor` wrapper
Wrapping the env in a DummyVecEnv.
Wrapping the env with a `Monitor` wrapper
Wrapping the env in a DummyVecEnv.
Wrapping the env with a `Monitor` wrapper
Wrapping the env in a DummyVecEnv.
-------------------------------------
| rollout/              |           |
|    ep_len_mean        | 500       |
|    ep_rew_mean        | -1.64e+03 |
| time/                 |           |
|    fps                | 17        |
|    iterations         | 439100    |
|    time_elapsed       | 46        |
|    total_timesteps    | 439800    |
| train/                |           |
|    d_grad_norm        | 0.00885   |
|    entropy_loss       | -0.499    |
|    explained_variance | 0.6973004 |
|    learning_rate      | 0.00997   |
|    n_updates          | 54971     |
|    policy_loss        | 6.86e-05  |
|    std                | 0.332     |
|    u_grad_norm        | 0.0259    |
|    v_grad_norm        | 0.00246   |
|    value_loss         | 2.8e-07   |
-------------------------------------
Using cuda device
Wrapping the env with a `Monitor` wrapper
Wrapping the env in a DummyVecEnv.
Wrapping the env with a `Monitor` wrapper
Wrapping the env in a DummyVecEnv.
Wrapping the env with a `Monitor` wrapper
Wrapping the env in a DummyVecEnv.
Wrapping the env with a `Monitor` wrapper
Wrapping the env in a DummyVecEnv.
Wrapping the env with a `Monitor` wrapper
Wrapping the env in a DummyVecEnv.
Wrapping the env with a `Monitor` wrapper
Wrapping the env in a DummyVecEnv.
Wrapping the env with a `Monitor` wrapper
Wrapping the env in a DummyVecEnv.
Wrapping the env with a `Monitor` wrapper
Wrapping the env in a DummyVecEnv.
Wrapping the env with a `Monitor` wrapper
Wrapping the env in a DummyVecEnv.
Wrapping the env with a `Monitor` wrapper
Wrapping the env in a DummyVecEnv.
Wrapping the env with a `Monitor` wrapper
Wrapping the env in a DummyVecEnv.
Wrapping the env with a `Monitor` wrapper
Wrapping the env in a DummyVecEnv.
-------------------------------------
| rollout/              |           |
|    ep_len_mean        | 500       |
|    ep_rew_mean        | -984      |
| time/                 |           |
|    fps                | 17        |
|    iterations         | 561100    |
|    time_elapsed       | 46        |
|    total_timesteps    | 561800    |
| train/                |           |
|    d_grad_norm        | 0.00305   |
|    entropy_loss       | 0.0521    |
|    explained_variance | 0.6022631 |
|    learning_rate      | 0.00986   |
|    n_updates          | 70221     |
|    policy_loss        | 0.000165  |
|    std                | 0.38      |
|    u_grad_norm        | 0.0319    |
|    v_grad_norm        | 0.00291   |
|    value_loss         | 2.81e-07  |
-------------------------------------
Using cuda device
Wrapping the env with a `Monitor` wrapper
Wrapping the env in a DummyVecEnv.
Wrapping the env with a `Monitor` wrapper
Wrapping the env in a DummyVecEnv.
Wrapping the env with a `Monitor` wrapper
Wrapping the env in a DummyVecEnv.
Wrapping the env with a `Monitor` wrapper
Wrapping the env in a DummyVecEnv.
Wrapping the env with a `Monitor` wrapper
Wrapping the env in a DummyVecEnv.
Wrapping the env with a `Monitor` wrapper
Wrapping the env in a DummyVecEnv.
Wrapping the env with a `Monitor` wrapper
Wrapping the env in a DummyVecEnv.
Wrapping the env with a `Monitor` wrapper
Wrapping the env in a DummyVecEnv.
Wrapping the env with a `Monitor` wrapper
Wrapping the env in a DummyVecEnv.
Wrapping the env with a `Monitor` wrapper
Wrapping the env in a DummyVecEnv.
Wrapping the env with a `Monitor` wrapper
Wrapping the env in a DummyVecEnv.
Wrapping the env with a `Monitor` wrapper
Wrapping the env in a DummyVecEnv.
--------------------------------------
| rollout/              |            |
|    ep_len_mean        | 500        |
|    ep_rew_mean        | -1.07e+03  |
| time/                 |            |
|    fps                | 17         |
|    iterations         | 478100     |
|    time_elapsed       | 46         |
|    total_timesteps    | 478800     |
| train/                |            |
|    d_grad_norm        | 0.94       |
|    entropy_loss       | -1.92      |
|    explained_variance | 0.97714365 |
|    learning_rate      | 0.00994    |
|    n_updates          | 59846      |
|    policy_loss        | 6.4        |
|    std                | 0.341      |
|    u_grad_norm        | 0.227      |
|    v_grad_norm        | 0.792      |
|    value_loss         | 14.1       |
--------------------------------------
Using cuda device
Wrapping the env with a `Monitor` wrapper
Wrapping the env in a DummyVecEnv.
Wrapping the env with a `Monitor` wrapper
Wrapping the env in a DummyVecEnv.
Wrapping the env with a `Monitor` wrapper
Wrapping the env in a DummyVecEnv.
Wrapping the env with a `Monitor` wrapper
Wrapping the env in a DummyVecEnv.
Wrapping the env with a `Monitor` wrapper
Wrapping the env in a DummyVecEnv.
Wrapping the env with a `Monitor` wrapper
Wrapping the env in a DummyVecEnv.
Wrapping the env with a `Monitor` wrapper
Wrapping the env in a DummyVecEnv.
Wrapping the env with a `Monitor` wrapper
Wrapping the env in a DummyVecEnv.
Wrapping the env with a `Monitor` wrapper
Wrapping the env in a DummyVecEnv.
Wrapping the env with a `Monitor` wrapper
Wrapping the env in a DummyVecEnv.
Wrapping the env with a `Monitor` wrapper
Wrapping the env in a DummyVecEnv.
Wrapping the env with a `Monitor` wrapper
Wrapping the env in a DummyVecEnv.
--------------------------------------
| rollout/              |            |
|    ep_len_mean        | 500        |
|    ep_rew_mean        | -1.05e+03  |
| time/                 |            |
|    fps                | 17         |
|    iterations         | 398100     |
|    time_elapsed       | 46         |
|    total_timesteps    | 398800     |
| train/                |            |
|    d_grad_norm        | 0.00421    |
|    entropy_loss       | -0.515     |
|    explained_variance | -6.7438264 |
|    learning_rate      | 0.01       |
|    n_updates          | 49846      |
|    policy_loss        | -0.000523  |
|    std                | 0.342      |
|    u_grad_norm        | 0.0875     |
|    v_grad_norm        | 0.00361    |
|    value_loss         | 1.16e-06   |
--------------------------------------
Using cuda device
Wrapping the env with a `Monitor` wrapper
Wrapping the env in a DummyVecEnv.
Wrapping the env with a `Monitor` wrapper
Wrapping the env in a DummyVecEnv.
Wrapping the env with a `Monitor` wrapper
Wrapping the env in a DummyVecEnv.
Wrapping the env with a `Monitor` wrapper
Wrapping the env in a DummyVecEnv.
Wrapping the env with a `Monitor` wrapper
Wrapping the env in a DummyVecEnv.
Wrapping the env with a `Monitor` wrapper
Wrapping the env in a DummyVecEnv.
Wrapping the env with a `Monitor` wrapper
Wrapping the env in a DummyVecEnv.
Wrapping the env with a `Monitor` wrapper
Wrapping the env in a DummyVecEnv.
Wrapping the env with a `Monitor` wrapper
Wrapping the env in a DummyVecEnv.
Wrapping the env with a `Monitor` wrapper
Wrapping the env in a DummyVecEnv.
Wrapping the env with a `Monitor` wrapper
Wrapping the env in a DummyVecEnv.
Wrapping the env with a `Monitor` wrapper
Wrapping the env in a DummyVecEnv.
-------------------------------------
| rollout/              |           |
|    ep_len_mean        | 500       |
|    ep_rew_mean        | -1.18e+03 |
| time/                 |           |
|    fps                | 17        |
|    iterations         | 580100    |
|    time_elapsed       | 46        |
|    total_timesteps    | 580800    |
| train/                |           |
|    d_grad_norm        | 0.0431    |
|    entropy_loss       | -0.468    |
|    explained_variance | -4.445953 |
|    learning_rate      | 0.00984   |
|    n_updates          | 72596     |
|    policy_loss        | 0.00352   |
|    std                | 0.303     |
|    u_grad_norm        | 0.456     |
|    v_grad_norm        | 0.0738    |
|    value_loss         | 0.00133   |
-------------------------------------
Using cuda device
Wrapping the env with a `Monitor` wrapper
Wrapping the env in a DummyVecEnv.
Wrapping the env with a `Monitor` wrapper
Wrapping the env in a DummyVecEnv.
Wrapping the env with a `Monitor` wrapper
Wrapping the env in a DummyVecEnv.
Wrapping the env with a `Monitor` wrapper
Wrapping the env in a DummyVecEnv.
Wrapping the env with a `Monitor` wrapper
Wrapping the env in a DummyVecEnv.
Wrapping the env with a `Monitor` wrapper
Wrapping the env in a DummyVecEnv.
Wrapping the env with a `Monitor` wrapper
Wrapping the env in a DummyVecEnv.
Wrapping the env with a `Monitor` wrapper
Wrapping the env in a DummyVecEnv.
Wrapping the env with a `Monitor` wrapper
Wrapping the env in a DummyVecEnv.
Wrapping the env with a `Monitor` wrapper
Wrapping the env in a DummyVecEnv.
Wrapping the env with a `Monitor` wrapper
Wrapping the env in a DummyVecEnv.
Wrapping the env with a `Monitor` wrapper
Wrapping the env in a DummyVecEnv.
--------------------------------------
| rollout/              |            |
|    ep_len_mean        | 500        |
|    ep_rew_mean        | -954       |
| time/                 |            |
|    fps                | 17         |
|    iterations         | 596100     |
|    time_elapsed       | 46         |
|    total_timesteps    | 596800     |
| train/                |            |
|    d_grad_norm        | 0.00179    |
|    entropy_loss       | 0.0643     |
|    explained_variance | -33.901646 |
|    learning_rate      | 0.00983    |
|    n_updates          | 74596      |
|    policy_loss        | -0.000279  |
|    std                | 0.349      |
|    u_grad_norm        | 0.0127     |
|    v_grad_norm        | 0.00204    |
|    value_loss         | 2.98e-06   |
--------------------------------------
--------------------------------------
| rollout/              |            |
|    ep_len_mean        | 500        |
|    ep_rew_mean        | -1.14e+03  |
| time/                 |            |
|    fps                | 17         |
|    iterations         | 455200     |
|    time_elapsed       | 92         |
|    total_timesteps    | 456600     |
| train/                |            |
|    d_grad_norm        | 1.04       |
|    entropy_loss       | -1.72      |
|    explained_variance | 0.99879175 |
|    learning_rate      | 0.00996    |
|    n_updates          | 57071      |
|    policy_loss        | 0.548      |
|    std                | 0.143      |
|    u_grad_norm        | 0.0954     |
|    v_grad_norm        | 0.994      |
|    value_loss         | 0.257      |
--------------------------------------
--------------------------------------
| rollout/              |            |
|    ep_len_mean        | 500        |
|    ep_rew_mean        | -717       |
| time/                 |            |
|    fps                | 17         |
|    iterations         | 609200     |
|    time_elapsed       | 92         |
|    total_timesteps    | 610600     |
| train/                |            |
|    d_grad_norm        | 0.158      |
|    entropy_loss       | -0.0016    |
|    explained_variance | -1.2826324 |
|    learning_rate      | 0.00981    |
|    n_updates          | 76321      |
|    policy_loss        | -0.00489   |
|    std                | 0.208      |
|    u_grad_norm        | 0.967      |
|    v_grad_norm        | 0.17       |
|    value_loss         | 0.000339   |
--------------------------------------
-------------------------------------
| rollout/              |           |
|    ep_len_mean        | 500       |
|    ep_rew_mean        | -732      |
| time/                 |           |
|    fps                | 17        |
|    iterations         | 611200    |
|    time_elapsed       | 92        |
|    total_timesteps    | 612600    |
| train/                |           |
|    d_grad_norm        | 0.00296   |
|    entropy_loss       | -0.546    |
|    explained_variance | -1.764497 |
|    learning_rate      | 0.00981   |
|    n_updates          | 76571     |
|    policy_loss        | -0.000379 |
|    std                | 0.232     |
|    u_grad_norm        | 0.106     |
|    v_grad_norm        | 0.00202   |
|    value_loss         | 3.51e-06  |
-------------------------------------
--------------------------------------
| rollout/              |            |
|    ep_len_mean        | 500        |
|    ep_rew_mean        | -783       |
| time/                 |            |
|    fps                | 17         |
|    iterations         | 591200     |
|    time_elapsed       | 92         |
|    total_timesteps    | 592600     |
| train/                |            |
|    d_grad_norm        | 0.017      |
|    entropy_loss       | -0.0491    |
|    explained_variance | -1.7501128 |
|    learning_rate      | 0.00983    |
|    n_updates          | 74071      |
|    policy_loss        | -0.00102   |
|    std                | 0.413      |
|    u_grad_norm        | 0.00222    |
|    v_grad_norm        | 0.00945    |
|    value_loss         | 6.71e-06   |
--------------------------------------
--------------------------------------
| rollout/              |            |
|    ep_len_mean        | 500        |
|    ep_rew_mean        | -1.64e+03  |
| time/                 |            |
|    fps                | 17         |
|    iterations         | 439200     |
|    time_elapsed       | 92         |
|    total_timesteps    | 440600     |
| train/                |            |
|    d_grad_norm        | 1.12       |
|    entropy_loss       | -3.17      |
|    explained_variance | 0.95429987 |
|    learning_rate      | 0.00997    |
|    n_updates          | 55071      |
|    policy_loss        | -7.33      |
|    std                | 0.331      |
|    u_grad_norm        | 0.1        |
|    v_grad_norm        | 1.05       |
|    value_loss         | 5.24       |
--------------------------------------
--------------------------------------
| rollout/              |            |
|    ep_len_mean        | 500        |
|    ep_rew_mean        | -1.09e+03  |
| time/                 |            |
|    fps                | 17         |
|    iterations         | 478200     |
|    time_elapsed       | 92         |
|    total_timesteps    | 479600     |
| train/                |            |
|    d_grad_norm        | 0.0101     |
|    entropy_loss       | -0.147     |
|    explained_variance | -1.1751845 |
|    learning_rate      | 0.00994    |
|    n_updates          | 59946      |
|    policy_loss        | -0.00057   |
|    std                | 0.341      |
|    u_grad_norm        | 0.00678    |
|    v_grad_norm        | 0.00655    |
|    value_loss         | 2.92e-06   |
--------------------------------------
--------------------------------------
| rollout/              |            |
|    ep_len_mean        | 500        |
|    ep_rew_mean        | -966       |
| time/                 |            |
|    fps                | 17         |
|    iterations         | 561200     |
|    time_elapsed       | 92         |
|    total_timesteps    | 562600     |
| train/                |            |
|    d_grad_norm        | 0.0442     |
|    entropy_loss       | -0.0341    |
|    explained_variance | 0.07419336 |
|    learning_rate      | 0.00986    |
|    n_updates          | 70321      |
|    policy_loss        | 0.00233    |
|    std                | 0.38       |
|    u_grad_norm        | 1.02       |
|    v_grad_norm        | 0.054      |
|    value_loss         | 0.000109   |
--------------------------------------
-----------------------------------------
| rollout/              |               |
|    ep_len_mean        | 500           |
|    ep_rew_mean        | -1.03e+03     |
| time/                 |               |
|    fps                | 17            |
|    iterations         | 398200        |
|    time_elapsed       | 92            |
|    total_timesteps    | 399600        |
| train/                |               |
|    d_grad_norm        | 0.0289        |
|    entropy_loss       | -0.402        |
|    explained_variance | -0.0067254305 |
|    learning_rate      | 0.01          |
|    n_updates          | 49946         |
|    policy_loss        | -0.000101     |
|    std                | 0.341         |
|    u_grad_norm        | 0.159         |
|    v_grad_norm        | 0.0245        |
|    value_loss         | 1.69e-05      |
-----------------------------------------
-------------------------------------
| rollout/              |           |
|    ep_len_mean        | 500       |
|    ep_rew_mean        | -914      |
| time/                 |           |
|    fps                | 17        |
|    iterations         | 596200    |
|    time_elapsed       | 92        |
|    total_timesteps    | 597600    |
| train/                |           |
|    d_grad_norm        | 0.87      |
|    entropy_loss       | -2.26     |
|    explained_variance | 0.9946139 |
|    learning_rate      | 0.00983   |
|    n_updates          | 74696     |
|    policy_loss        | -1.55     |
|    std                | 0.349     |
|    u_grad_norm        | 0.0789    |
|    v_grad_norm        | 0.901     |
|    value_loss         | 1.55      |
-------------------------------------
--------------------------------------
| rollout/              |            |
|    ep_len_mean        | 500        |
|    ep_rew_mean        | -1.15e+03  |
| time/                 |            |
|    fps                | 17         |
|    iterations         | 580200     |
|    time_elapsed       | 92         |
|    total_timesteps    | 581600     |
| train/                |            |
|    d_grad_norm        | 0.0235     |
|    entropy_loss       | -0.137     |
|    explained_variance | -19.314342 |
|    learning_rate      | 0.00984    |
|    n_updates          | 72696      |
|    policy_loss        | 0.000761   |
|    std                | 0.304      |
|    u_grad_norm        | 0.0457     |
|    v_grad_norm        | 0.0115     |
|    value_loss         | 7.76e-06   |
--------------------------------------
--------------------------------------
| rollout/              |            |
|    ep_len_mean        | 500        |
|    ep_rew_mean        | -1.17e+03  |
| time/                 |            |
|    fps                | 17         |
|    iterations         | 455300     |
|    time_elapsed       | 138        |
|    total_timesteps    | 457400     |
| train/                |            |
|    d_grad_norm        | 0.0111     |
|    entropy_loss       | -0.377     |
|    explained_variance | -128.67175 |
|    learning_rate      | 0.00996    |
|    n_updates          | 57171      |
|    policy_loss        | -9.63e-05  |
|    std                | 0.142      |
|    u_grad_norm        | 0.0165     |
|    v_grad_norm        | 0.00281    |
|    value_loss         | 1.19e-05   |
--------------------------------------
---------------------------------------
| rollout/              |             |
|    ep_len_mean        | 500         |
|    ep_rew_mean        | -731        |
| time/                 |             |
|    fps                | 17          |
|    iterations         | 611300      |
|    time_elapsed       | 138         |
|    total_timesteps    | 613400      |
| train/                |             |
|    d_grad_norm        | 0.00516     |
|    entropy_loss       | -0.139      |
|    explained_variance | -0.46522236 |
|    learning_rate      | 0.00981     |
|    n_updates          | 76671       |
|    policy_loss        | -7.21e-05   |
|    std                | 0.231       |
|    u_grad_norm        | 0.0116      |
|    v_grad_norm        | 0.00132     |
|    value_loss         | 6.33e-08    |
---------------------------------------
-------------------------------------
| rollout/              |           |
|    ep_len_mean        | 500       |
|    ep_rew_mean        | -782      |
| time/                 |           |
|    fps                | 17        |
|    iterations         | 591300    |
|    time_elapsed       | 138       |
|    total_timesteps    | 593400    |
| train/                |           |
|    d_grad_norm        | 0.0603    |
|    entropy_loss       | -0.288    |
|    explained_variance | -95.30689 |
|    learning_rate      | 0.00983   |
|    n_updates          | 74171     |
|    policy_loss        | -0.000955 |
|    std                | 0.414     |
|    u_grad_norm        | 0.27      |
|    v_grad_norm        | 0.0124    |
|    value_loss         | 5.4e-05   |
-------------------------------------
---------------------------------------
| rollout/              |             |
|    ep_len_mean        | 500         |
|    ep_rew_mean        | -715        |
| time/                 |             |
|    fps                | 17          |
|    iterations         | 609300      |
|    time_elapsed       | 138         |
|    total_timesteps    | 611400      |
| train/                |             |
|    d_grad_norm        | 0.00903     |
|    entropy_loss       | 0.027       |
|    explained_variance | -0.08881807 |
|    learning_rate      | 0.00981     |
|    n_updates          | 76421       |
|    policy_loss        | 2.09e-05    |
|    std                | 0.209       |
|    u_grad_norm        | 0.105       |
|    v_grad_norm        | 0.00219     |
|    value_loss         | 3.62e-07    |
---------------------------------------
--------------------------------------
| rollout/              |            |
|    ep_len_mean        | 500        |
|    ep_rew_mean        | -1.66e+03  |
| time/                 |            |
|    fps                | 17         |
|    iterations         | 439300     |
|    time_elapsed       | 138        |
|    total_timesteps    | 441400     |
| train/                |            |
|    d_grad_norm        | 0.932      |
|    entropy_loss       | -2.62      |
|    explained_variance | 0.98808604 |
|    learning_rate      | 0.00997    |
|    n_updates          | 55171      |
|    policy_loss        | -0.71      |
|    std                | 0.333      |
|    u_grad_norm        | 0.00462    |
|    v_grad_norm        | 0.91       |
|    value_loss         | 0.698      |
--------------------------------------
-------------------------------------
| rollout/              |           |
|    ep_len_mean        | 500       |
|    ep_rew_mean        | -1.09e+03 |
| time/                 |           |
|    fps                | 17        |
|    iterations         | 478300    |
|    time_elapsed       | 138       |
|    total_timesteps    | 480400    |
| train/                |           |
|    d_grad_norm        | 0.0258    |
|    entropy_loss       | -0.146    |
|    explained_variance | 0.534326  |
|    learning_rate      | 0.00994   |
|    n_updates          | 60046     |
|    policy_loss        | 0.00134   |
|    std                | 0.341     |
|    u_grad_norm        | 0.279     |
|    v_grad_norm        | 0.00457   |
|    value_loss         | 1.53e-06  |
-------------------------------------
--------------------------------------
| rollout/              |            |
|    ep_len_mean        | 500        |
|    ep_rew_mean        | -966       |
| time/                 |            |
|    fps                | 17         |
|    iterations         | 561300     |
|    time_elapsed       | 138        |
|    total_timesteps    | 563400     |
| train/                |            |
|    d_grad_norm        | 0.0154     |
|    entropy_loss       | -0.342     |
|    explained_variance | 0.39262825 |
|    learning_rate      | 0.00986    |
|    n_updates          | 70421      |
|    policy_loss        | 0.000133   |
|    std                | 0.379      |
|    u_grad_norm        | 0.102      |
|    v_grad_norm        | 0.00499    |
|    value_loss         | 7.88e-07   |
--------------------------------------
----------------------------------------
| rollout/              |              |
|    ep_len_mean        | 500          |
|    ep_rew_mean        | -1.02e+03    |
| time/                 |              |
|    fps                | 17           |
|    iterations         | 398300       |
|    time_elapsed       | 138          |
|    total_timesteps    | 400400       |
| train/                |              |
|    d_grad_norm        | 0.0045       |
|    entropy_loss       | -0.366       |
|    explained_variance | -0.109306455 |
|    learning_rate      | 0.01         |
|    n_updates          | 50046        |
|    policy_loss        | 0.000153     |
|    std                | 0.342        |
|    u_grad_norm        | 0.0295       |
|    v_grad_norm        | 0.00106      |
|    value_loss         | 6.27e-08     |
----------------------------------------
--------------------------------------
| rollout/              |            |
|    ep_len_mean        | 500        |
|    ep_rew_mean        | -896       |
| time/                 |            |
|    fps                | 17         |
|    iterations         | 596300     |
|    time_elapsed       | 138        |
|    total_timesteps    | 598400     |
| train/                |            |
|    d_grad_norm        | 0.076      |
|    entropy_loss       | -0.334     |
|    explained_variance | -670.59595 |
|    learning_rate      | 0.00982    |
|    n_updates          | 74796      |
|    policy_loss        | 0.00241    |
|    std                | 0.349      |
|    u_grad_norm        | 0.0967     |
|    v_grad_norm        | 0.0135     |
|    value_loss         | 2.75e-05   |
--------------------------------------
--------------------------------------
| rollout/              |            |
|    ep_len_mean        | 500        |
|    ep_rew_mean        | -1.15e+03  |
| time/                 |            |
|    fps                | 17         |
|    iterations         | 580300     |
|    time_elapsed       | 139        |
|    total_timesteps    | 582400     |
| train/                |            |
|    d_grad_norm        | 0.0096     |
|    entropy_loss       | -0.235     |
|    explained_variance | -26.044983 |
|    learning_rate      | 0.00984    |
|    n_updates          | 72796      |
|    policy_loss        | -0.000131  |
|    std                | 0.304      |
|    u_grad_norm        | 0.00633    |
|    v_grad_norm        | 0.00262    |
|    value_loss         | 2.35e-06   |
--------------------------------------
-------------------------------------
| rollout/              |           |
|    ep_len_mean        | 500       |
|    ep_rew_mean        | -1.09e+03 |
| time/                 |           |
|    fps                | 17        |
|    iterations         | 478400    |
|    time_elapsed       | 184       |
|    total_timesteps    | 481200    |
| train/                |           |
|    d_grad_norm        | 1.1       |
|    entropy_loss       | -2.13     |
|    explained_variance | 0.8310246 |
|    learning_rate      | 0.00993   |
|    n_updates          | 60146     |
|    policy_loss        | 1.8       |
|    std                | 0.34      |
|    u_grad_norm        | 0.0066    |
|    v_grad_norm        | 0.835     |
|    value_loss         | 1.66      |
-------------------------------------
-------------------------------------
| rollout/              |           |
|    ep_len_mean        | 500       |
|    ep_rew_mean        | -1.17e+03 |
| time/                 |           |
|    fps                | 17        |
|    iterations         | 455400    |
|    time_elapsed       | 184       |
|    total_timesteps    | 458200    |
| train/                |           |
|    d_grad_norm        | 0.828     |
|    entropy_loss       | -1.63     |
|    explained_variance | 0.9979714 |
|    learning_rate      | 0.00996   |
|    n_updates          | 57271     |
|    policy_loss        | -0.631    |
|    std                | 0.144     |
|    u_grad_norm        | 0.405     |
|    v_grad_norm        | 0.837     |
|    value_loss         | 0.478     |
-------------------------------------
--------------------------------------
| rollout/              |            |
|    ep_len_mean        | 500        |
|    ep_rew_mean        | -774       |
| time/                 |            |
|    fps                | 17         |
|    iterations         | 591400     |
|    time_elapsed       | 184        |
|    total_timesteps    | 594200     |
| train/                |            |
|    d_grad_norm        | 1.06       |
|    entropy_loss       | -4.17      |
|    explained_variance | 0.99995697 |
|    learning_rate      | 0.00983    |
|    n_updates          | 74271      |
|    policy_loss        | 3.03       |
|    std                | 0.417      |
|    u_grad_norm        | 0.0114     |
|    v_grad_norm        | 0.967      |
|    value_loss         | 0.679      |
--------------------------------------
-------------------------------------
| rollout/              |           |
|    ep_len_mean        | 500       |
|    ep_rew_mean        | -711      |
| time/                 |           |
|    fps                | 17        |
|    iterations         | 609400    |
|    time_elapsed       | 184       |
|    total_timesteps    | 612200    |
| train/                |           |
|    d_grad_norm        | 0.0123    |
|    entropy_loss       | 0.0167    |
|    explained_variance | -1.782295 |
|    learning_rate      | 0.00981   |
|    n_updates          | 76521     |
|    policy_loss        | -0.000933 |
|    std                | 0.208     |
|    u_grad_norm        | 0.271     |
|    v_grad_norm        | 0.0112    |
|    value_loss         | 8.1e-06   |
-------------------------------------
-------------------------------------
| rollout/              |           |
|    ep_len_mean        | 500       |
|    ep_rew_mean        | -1.68e+03 |
| time/                 |           |
|    fps                | 17        |
|    iterations         | 439400    |
|    time_elapsed       | 184       |
|    total_timesteps    | 442200    |
| train/                |           |
|    d_grad_norm        | 0.912     |
|    entropy_loss       | -2.34     |
|    explained_variance | 0.9651619 |
|    learning_rate      | 0.00997   |
|    n_updates          | 55271     |
|    policy_loss        | 5.93      |
|    std                | 0.334     |
|    u_grad_norm        | 0.106     |
|    v_grad_norm        | 0.92      |
|    value_loss         | 10.8      |
-------------------------------------
--------------------------------------
| rollout/              |            |
|    ep_len_mean        | 500        |
|    ep_rew_mean        | -860       |
| time/                 |            |
|    fps                | 17         |
|    iterations         | 596400     |
|    time_elapsed       | 184        |
|    total_timesteps    | 599200     |
| train/                |            |
|    d_grad_norm        | 0.00315    |
|    entropy_loss       | 0.0506     |
|    explained_variance | -2.0700827 |
|    learning_rate      | 0.00982    |
|    n_updates          | 74896      |
|    policy_loss        | 4.87e-05   |
|    std                | 0.35       |
|    u_grad_norm        | 0.106      |
|    v_grad_norm        | 0.00278    |
|    value_loss         | 5.12e-07   |
--------------------------------------
--------------------------------------
| rollout/              |            |
|    ep_len_mean        | 500        |
|    ep_rew_mean        | -965       |
| time/                 |            |
|    fps                | 17         |
|    iterations         | 561400     |
|    time_elapsed       | 184        |
|    total_timesteps    | 564200     |
| train/                |            |
|    d_grad_norm        | 0.943      |
|    entropy_loss       | -2.22      |
|    explained_variance | 0.35856414 |
|    learning_rate      | 0.00986    |
|    n_updates          | 70521      |
|    policy_loss        | -7.68      |
|    std                | 0.377      |
|    u_grad_norm        | 0.052      |
|    v_grad_norm        | 0.806      |
|    value_loss         | 21.7       |
--------------------------------------
--------------------------------------
| rollout/              |            |
|    ep_len_mean        | 500        |
|    ep_rew_mean        | -995       |
| time/                 |            |
|    fps                | 17         |
|    iterations         | 398400     |
|    time_elapsed       | 184        |
|    total_timesteps    | 401200     |
| train/                |            |
|    d_grad_norm        | 0.0173     |
|    entropy_loss       | -0.602     |
|    explained_variance | 0.28625065 |
|    learning_rate      | 0.01       |
|    n_updates          | 50146      |
|    policy_loss        | 0.00828    |
|    std                | 0.342      |
|    u_grad_norm        | 1.01       |
|    v_grad_norm        | 0.0509     |
|    value_loss         | 9.28e-05   |
--------------------------------------
-------------------------------------
| rollout/              |           |
|    ep_len_mean        | 500       |
|    ep_rew_mean        | -720      |
| time/                 |           |
|    fps                | 17        |
|    iterations         | 611400    |
|    time_elapsed       | 184       |
|    total_timesteps    | 614200    |
| train/                |           |
|    d_grad_norm        | 0.000217  |
|    entropy_loss       | -0.348    |
|    explained_variance | -46.3764  |
|    learning_rate      | 0.00981   |
|    n_updates          | 76771     |
|    policy_loss        | -2.72e-05 |
|    std                | 0.231     |
|    u_grad_norm        | 0.00705   |
|    v_grad_norm        | 0.00236   |
|    value_loss         | 1.02e-06  |
-------------------------------------
--------------------------------------
| rollout/              |            |
|    ep_len_mean        | 500        |
|    ep_rew_mean        | -1.15e+03  |
| time/                 |            |
|    fps                | 17         |
|    iterations         | 580400     |
|    time_elapsed       | 185        |
|    total_timesteps    | 583200     |
| train/                |            |
|    d_grad_norm        | 0.00503    |
|    entropy_loss       | -0.135     |
|    explained_variance | 0.62942564 |
|    learning_rate      | 0.00984    |
|    n_updates          | 72896      |
|    policy_loss        | -7.54e-06  |
|    std                | 0.303      |
|    u_grad_norm        | 0.0556     |
|    v_grad_norm        | 0.00195    |
|    value_loss         | 2.5e-07    |
--------------------------------------
-------------------------------------
| rollout/              |           |
|    ep_len_mean        | 500       |
|    ep_rew_mean        | -1.19e+03 |
| time/                 |           |
|    fps                | 20        |
|    iterations         | 455500    |
|    time_elapsed       | 196       |
|    total_timesteps    | 459000    |
| train/                |           |
|    d_grad_norm        | 0.143     |
|    entropy_loss       | -1.51     |
|    explained_variance | 0.993918  |
|    learning_rate      | 0.00996   |
|    n_updates          | 57371     |
|    policy_loss        | -0.0779   |
|    std                | 0.144     |
|    u_grad_norm        | 0.104     |
|    v_grad_norm        | 0.919     |
|    value_loss         | 0.0946    |
-------------------------------------
--------------------------------------
| rollout/              |            |
|    ep_len_mean        | 500        |
|    ep_rew_mean        | -763       |
| time/                 |            |
|    fps                | 20         |
|    iterations         | 591500     |
|    time_elapsed       | 196        |
|    total_timesteps    | 595000     |
| train/                |            |
|    d_grad_norm        | 0.0118     |
|    entropy_loss       | -0.294     |
|    explained_variance | -28.339926 |
|    learning_rate      | 0.00983    |
|    n_updates          | 74371      |
|    policy_loss        | -0.000134  |
|    std                | 0.417      |
|    u_grad_norm        | 0.357      |
|    v_grad_norm        | 0.0175     |
|    value_loss         | 4.58e-05   |
--------------------------------------
----------------------------------------
| rollout/              |              |
|    ep_len_mean        | 500          |
|    ep_rew_mean        | -1.1e+03     |
| time/                 |              |
|    fps                | 20           |
|    iterations         | 478500       |
|    time_elapsed       | 196          |
|    total_timesteps    | 482000       |
| train/                |              |
|    d_grad_norm        | 0.0323       |
|    entropy_loss       | -0.125       |
|    explained_variance | -0.023408055 |
|    learning_rate      | 0.00993      |
|    n_updates          | 60246        |
|    policy_loss        | -0.00113     |
|    std                | 0.341        |
|    u_grad_norm        | 0.108        |
|    v_grad_norm        | 0.016        |
|    value_loss         | 1.22e-05     |
----------------------------------------
---------------------------------------
| rollout/              |             |
|    ep_len_mean        | 500         |
|    ep_rew_mean        | -702        |
| time/                 |             |
|    fps                | 20          |
|    iterations         | 609500      |
|    time_elapsed       | 196         |
|    total_timesteps    | 613000      |
| train/                |             |
|    d_grad_norm        | 0.00332     |
|    entropy_loss       | 0.039       |
|    explained_variance | -0.22401142 |
|    learning_rate      | 0.00981     |
|    n_updates          | 76621       |
|    policy_loss        | 0.000937    |
|    std                | 0.209       |
|    u_grad_norm        | 0.0435      |
|    v_grad_norm        | 0.00925     |
|    value_loss         | 3.84e-06    |
---------------------------------------
--------------------------------------
| rollout/              |            |
|    ep_len_mean        | 500        |
|    ep_rew_mean        | -1.71e+03  |
| time/                 |            |
|    fps                | 20         |
|    iterations         | 439500     |
|    time_elapsed       | 196        |
|    total_timesteps    | 443000     |
| train/                |            |
|    d_grad_norm        | 0.00152    |
|    entropy_loss       | -0.419     |
|    explained_variance | -2.7783568 |
|    learning_rate      | 0.00997    |
|    n_updates          | 55371      |
|    policy_loss        | 0.000227   |
|    std                | 0.334      |
|    u_grad_norm        | 0.072      |
|    v_grad_norm        | 0.00398    |
|    value_loss         | 7.48e-06   |
--------------------------------------
---------------------------------------
| rollout/              |             |
|    ep_len_mean        | 500         |
|    ep_rew_mean        | -979        |
| time/                 |             |
|    fps                | 20          |
|    iterations         | 561500      |
|    time_elapsed       | 196         |
|    total_timesteps    | 565000      |
| train/                |             |
|    d_grad_norm        | 0.0816      |
|    entropy_loss       | -0.0536     |
|    explained_variance | -0.39679742 |
|    learning_rate      | 0.00986     |
|    n_updates          | 70621       |
|    policy_loss        | 0.00422     |
|    std                | 0.376       |
|    u_grad_norm        | 0.378       |
|    v_grad_norm        | 0.0726      |
|    value_loss         | 0.000121    |
---------------------------------------
--------------------------------------
| rollout/              |            |
|    ep_len_mean        | 500        |
|    ep_rew_mean        | -700       |
| time/                 |            |
|    fps                | 20         |
|    iterations         | 611500     |
|    time_elapsed       | 197        |
|    total_timesteps    | 615000     |
| train/                |            |
|    d_grad_norm        | 0.0041     |
|    entropy_loss       | -0.184     |
|    explained_variance | 0.30563444 |
|    learning_rate      | 0.00981    |
|    n_updates          | 76871      |
|    policy_loss        | -0.000435  |
|    std                | 0.23       |
|    u_grad_norm        | 0.128      |
|    v_grad_norm        | 0.0036     |
|    value_loss         | 8.09e-07   |
--------------------------------------
--------------------------------------
| rollout/              |            |
|    ep_len_mean        | 500        |
|    ep_rew_mean        | -997       |
| time/                 |            |
|    fps                | 20         |
|    iterations         | 398500     |
|    time_elapsed       | 197        |
|    total_timesteps    | 402000     |
| train/                |            |
|    d_grad_norm        | 0.0113     |
|    entropy_loss       | -0.375     |
|    explained_variance | -1.8183949 |
|    learning_rate      | 0.01       |
|    n_updates          | 50246      |
|    policy_loss        | -0.00178   |
|    std                | 0.341      |
|    u_grad_norm        | 0.29       |
|    v_grad_norm        | 0.0119     |
|    value_loss         | 6.6e-06    |
--------------------------------------
--------------------------------------
| rollout/              |            |
|    ep_len_mean        | 500        |
|    ep_rew_mean        | -850       |
| time/                 |            |
|    fps                | 20         |
|    iterations         | 596500     |
|    time_elapsed       | 197        |
|    total_timesteps    | 600000     |
| train/                |            |
|    d_grad_norm        | 0.00226    |
|    entropy_loss       | 0.0623     |
|    explained_variance | 0.19757378 |
|    learning_rate      | 0.00982    |
|    n_updates          | 74996      |
|    policy_loss        | 0.000671   |
|    std                | 0.349      |
|    u_grad_norm        | 0.0842     |
|    v_grad_norm        | 0.00598    |
|    value_loss         | 2.7e-06    |
--------------------------------------
--------------------------------------
| rollout/              |            |
|    ep_len_mean        | 500        |
|    ep_rew_mean        | -1.14e+03  |
| time/                 |            |
|    fps                | 20         |
|    iterations         | 580500     |
|    time_elapsed       | 197        |
|    total_timesteps    | 584000     |
| train/                |            |
|    d_grad_norm        | 0.00115    |
|    entropy_loss       | -0.129     |
|    explained_variance | 0.70063096 |
|    learning_rate      | 0.00984    |
|    n_updates          | 72996      |
|    policy_loss        | -1.83e-05  |
|    std                | 0.303      |
|    u_grad_norm        | 0.00982    |
|    v_grad_norm        | 0.000487   |
|    value_loss         | 1.86e-08   |
--------------------------------------
-------------------------------------
| rollout/              |           |
|    ep_len_mean        | 500       |
|    ep_rew_mean        | -1.73e+03 |
| time/                 |           |
|    fps                | 19        |
|    iterations         | 439600    |
|    time_elapsed       | 242       |
|    total_timesteps    | 443800    |
| train/                |           |
|    d_grad_norm        | 0.905     |
|    entropy_loss       | -2.64     |
|    explained_variance | 0.9771308 |
|    learning_rate      | 0.00997   |
|    n_updates          | 55471     |
|    policy_loss        | 2.07      |
|    std                | 0.335     |
|    u_grad_norm        | 0.00631   |
|    v_grad_norm        | 0.917     |
|    value_loss         | 4.36      |
-------------------------------------
-------------------------------------
| rollout/              |           |
|    ep_len_mean        | 500       |
|    ep_rew_mean        | -680      |
| time/                 |           |
|    fps                | 19        |
|    iterations         | 609600    |
|    time_elapsed       | 242       |
|    total_timesteps    | 613800    |
| train/                |           |
|    d_grad_norm        | 0.0341    |
|    entropy_loss       | -0.00429  |
|    explained_variance | -2.019025 |
|    learning_rate      | 0.00981   |
|    n_updates          | 76721     |
|    policy_loss        | -1.2e-05  |
|    std                | 0.209     |
|    u_grad_norm        | 0.215     |
|    v_grad_norm        | 0.00539   |
|    value_loss         | 2.86e-06  |
-------------------------------------
------------------------------------
| rollout/              |          |
|    ep_len_mean        | 500      |
|    ep_rew_mean        | -1.2e+03 |
| time/                 |          |
|    fps                | 19       |
|    iterations         | 455600   |
|    time_elapsed       | 242      |
|    total_timesteps    | 459800   |
| train/                |          |
|    d_grad_norm        | 0.322    |
|    entropy_loss       | -0.412   |
|    explained_variance | -36.3703 |
|    learning_rate      | 0.00995  |
|    n_updates          | 57471    |
|    policy_loss        | -0.0291  |
|    std                | 0.144    |
|    u_grad_norm        | 1.11     |
|    v_grad_norm        | 0.0222   |
|    value_loss         | 0.000216 |
------------------------------------
-------------------------------------
| rollout/              |           |
|    ep_len_mean        | 500       |
|    ep_rew_mean        | -1e+03    |
| time/                 |           |
|    fps                | 19        |
|    iterations         | 561600    |
|    time_elapsed       | 242       |
|    total_timesteps    | 565800    |
| train/                |           |
|    d_grad_norm        | 0.103     |
|    entropy_loss       | -0.622    |
|    explained_variance | 0.8074599 |
|    learning_rate      | 0.00986   |
|    n_updates          | 70721     |
|    policy_loss        | -0.0677   |
|    std                | 0.376     |
|    u_grad_norm        | 1.1       |
|    v_grad_norm        | 0.106     |
|    value_loss         | 0.00113   |
-------------------------------------
--------------------------------------
| rollout/              |            |
|    ep_len_mean        | 500        |
|    ep_rew_mean        | -770       |
| time/                 |            |
|    fps                | 19         |
|    iterations         | 591600     |
|    time_elapsed       | 243        |
|    total_timesteps    | 595800     |
| train/                |            |
|    d_grad_norm        | 0.0439     |
|    entropy_loss       | -0.446     |
|    explained_variance | -10.334225 |
|    learning_rate      | 0.00983    |
|    n_updates          | 74471      |
|    policy_loss        | -0.00507   |
|    std                | 0.416      |
|    u_grad_norm        | 0.633      |
|    v_grad_norm        | 0.00781    |
|    value_loss         | 1.55e-05   |
--------------------------------------
-------------------------------------
| rollout/              |           |
|    ep_len_mean        | 500       |
|    ep_rew_mean        | -1.07e+03 |
| time/                 |           |
|    fps                | 19        |
|    iterations         | 478600    |
|    time_elapsed       | 243       |
|    total_timesteps    | 482800    |
| train/                |           |
|    d_grad_norm        | 0.0386    |
|    entropy_loss       | -0.0853   |
|    explained_variance | -4.379568 |
|    learning_rate      | 0.00993   |
|    n_updates          | 60346     |
|    policy_loss        | 0.000578  |
|    std                | 0.34      |
|    u_grad_norm        | 0.249     |
|    v_grad_norm        | 0.0192    |
|    value_loss         | 5.36e-05  |
-------------------------------------
--------------------------------------
| rollout/              |            |
|    ep_len_mean        | 500        |
|    ep_rew_mean        | -701       |
| time/                 |            |
|    fps                | 19         |
|    iterations         | 611600     |
|    time_elapsed       | 243        |
|    total_timesteps    | 615800     |
| train/                |            |
|    d_grad_norm        | 0.0376     |
|    entropy_loss       | -0.408     |
|    explained_variance | 0.21890712 |
|    learning_rate      | 0.00981    |
|    n_updates          | 76971      |
|    policy_loss        | -0.00127   |
|    std                | 0.229      |
|    u_grad_norm        | 0.24       |
|    v_grad_norm        | 0.00694    |
|    value_loss         | 3.02e-06   |
--------------------------------------
---------------------------------------
| rollout/              |             |
|    ep_len_mean        | 500         |
|    ep_rew_mean        | -987        |
| time/                 |             |
|    fps                | 19          |
|    iterations         | 398600      |
|    time_elapsed       | 243         |
|    total_timesteps    | 402800      |
| train/                |             |
|    d_grad_norm        | 0.177       |
|    entropy_loss       | -0.405      |
|    explained_variance | -0.09813142 |
|    learning_rate      | 0.01        |
|    n_updates          | 50346       |
|    policy_loss        | -0.000212   |
|    std                | 0.34        |
|    u_grad_norm        | 0.203       |
|    v_grad_norm        | 0.045       |
|    value_loss         | 3.64e-05    |
---------------------------------------
--------------------------------------
| rollout/              |            |
|    ep_len_mean        | 500        |
|    ep_rew_mean        | -872       |
| time/                 |            |
|    fps                | 19         |
|    iterations         | 596600     |
|    time_elapsed       | 243        |
|    total_timesteps    | 600800     |
| train/                |            |
|    d_grad_norm        | 0.961      |
|    entropy_loss       | -0.518     |
|    explained_variance | 0.87348527 |
|    learning_rate      | 0.00982    |
|    n_updates          | 75096      |
|    policy_loss        | 0.415      |
|    std                | 0.349      |
|    u_grad_norm        | 0.234      |
|    v_grad_norm        | 0.758      |
|    value_loss         | 0.497      |
--------------------------------------
--------------------------------------
| rollout/              |            |
|    ep_len_mean        | 500        |
|    ep_rew_mean        | -1.13e+03  |
| time/                 |            |
|    fps                | 19         |
|    iterations         | 580600     |
|    time_elapsed       | 243        |
|    total_timesteps    | 584800     |
| train/                |            |
|    d_grad_norm        | 0.0519     |
|    entropy_loss       | -0.239     |
|    explained_variance | 0.09951013 |
|    learning_rate      | 0.00984    |
|    n_updates          | 73096      |
|    policy_loss        | -0.000351  |
|    std                | 0.302      |
|    u_grad_norm        | 0.24       |
|    v_grad_norm        | 0.00695    |
|    value_loss         | 3.14e-06   |
--------------------------------------
-------------------------------------
| rollout/              |           |
|    ep_len_mean        | 500       |
|    ep_rew_mean        | -703      |
| time/                 |           |
|    fps                | 19        |
|    iterations         | 609700    |
|    time_elapsed       | 289       |
|    total_timesteps    | 614600    |
| train/                |           |
|    d_grad_norm        | 0.893     |
|    entropy_loss       | -1.31     |
|    explained_variance | 0.8331006 |
|    learning_rate      | 0.00981   |
|    n_updates          | 76821     |
|    policy_loss        | 2.46      |
|    std                | 0.209     |
|    u_grad_norm        | 0.0652    |
|    v_grad_norm        | 0.905     |
|    value_loss         | 13.6      |
-------------------------------------
-------------------------------------
| rollout/              |           |
|    ep_len_mean        | 500       |
|    ep_rew_mean        | -1.76e+03 |
| time/                 |           |
|    fps                | 19        |
|    iterations         | 439700    |
|    time_elapsed       | 289       |
|    total_timesteps    | 444600    |
| train/                |           |
|    d_grad_norm        | 1.01      |
|    entropy_loss       | -2.93     |
|    explained_variance | 0.9966953 |
|    learning_rate      | 0.00997   |
|    n_updates          | 55571     |
|    policy_loss        | 2.01      |
|    std                | 0.337     |
|    u_grad_norm        | 0.0943    |
|    v_grad_norm        | 0.922     |
|    value_loss         | 0.459     |
-------------------------------------
--------------------------------------
| rollout/              |            |
|    ep_len_mean        | 500        |
|    ep_rew_mean        | -1.18e+03  |
| time/                 |            |
|    fps                | 19         |
|    iterations         | 455700     |
|    time_elapsed       | 289        |
|    total_timesteps    | 460600     |
| train/                |            |
|    d_grad_norm        | 0.0768     |
|    entropy_loss       | -0.583     |
|    explained_variance | -3.5096455 |
|    learning_rate      | 0.00995    |
|    n_updates          | 57571      |
|    policy_loss        | -0.00434   |
|    std                | 0.144      |
|    u_grad_norm        | 0.581      |
|    v_grad_norm        | 0.0159     |
|    value_loss         | 3.7e-05    |
--------------------------------------
-------------------------------------
| rollout/              |           |
|    ep_len_mean        | 500       |
|    ep_rew_mean        | -1.07e+03 |
| time/                 |           |
|    fps                | 19        |
|    iterations         | 478700    |
|    time_elapsed       | 289       |
|    total_timesteps    | 483600    |
| train/                |           |
|    d_grad_norm        | 0.969     |
|    entropy_loss       | -1.89     |
|    explained_variance | 0.9742526 |
|    learning_rate      | 0.00993   |
|    n_updates          | 60446     |
|    policy_loss        | -5.1      |
|    std                | 0.339     |
|    u_grad_norm        | 0.17      |
|    v_grad_norm        | 0.834     |
|    value_loss         | 6.44      |
-------------------------------------
--------------------------------------
| rollout/              |            |
|    ep_len_mean        | 500        |
|    ep_rew_mean        | -745       |
| time/                 |            |
|    fps                | 19         |
|    iterations         | 591700     |
|    time_elapsed       | 289        |
|    total_timesteps    | 596600     |
| train/                |            |
|    d_grad_norm        | 1.04       |
|    entropy_loss       | -4.12      |
|    explained_variance | 0.99889886 |
|    learning_rate      | 0.00983    |
|    n_updates          | 74571      |
|    policy_loss        | -3.61      |
|    std                | 0.415      |
|    u_grad_norm        | 0.0161     |
|    v_grad_norm        | 0.969      |
|    value_loss         | 1.06       |
--------------------------------------
--------------------------------------
| rollout/              |            |
|    ep_len_mean        | 500        |
|    ep_rew_mean        | -1.03e+03  |
| time/                 |            |
|    fps                | 19         |
|    iterations         | 561700     |
|    time_elapsed       | 289        |
|    total_timesteps    | 566600     |
| train/                |            |
|    d_grad_norm        | 1.05       |
|    entropy_loss       | -1.86      |
|    explained_variance | 0.96533746 |
|    learning_rate      | 0.00985    |
|    n_updates          | 70821      |
|    policy_loss        | 3.4        |
|    std                | 0.376      |
|    u_grad_norm        | 0.0398     |
|    v_grad_norm        | 0.843      |
|    value_loss         | 5.69       |
--------------------------------------
-------------------------------------
| rollout/              |           |
|    ep_len_mean        | 500       |
|    ep_rew_mean        | -985      |
| time/                 |           |
|    fps                | 19        |
|    iterations         | 398700    |
|    time_elapsed       | 289       |
|    total_timesteps    | 403600    |
| train/                |           |
|    d_grad_norm        | 0.842     |
|    entropy_loss       | -3.03     |
|    explained_variance | 0.9994279 |
|    learning_rate      | 0.01      |
|    n_updates          | 50446     |
|    policy_loss        | -0.865    |
|    std                | 0.34      |
|    u_grad_norm        | 0.0558    |
|    v_grad_norm        | 0.965     |
|    value_loss         | 0.119     |
-------------------------------------
-------------------------------------
| rollout/              |           |
|    ep_len_mean        | 500       |
|    ep_rew_mean        | -893      |
| time/                 |           |
|    fps                | 19        |
|    iterations         | 596700    |
|    time_elapsed       | 289       |
|    total_timesteps    | 601600    |
| train/                |           |
|    d_grad_norm        | 0.956     |
|    entropy_loss       | -2.23     |
|    explained_variance | 0.9939961 |
|    learning_rate      | 0.00982   |
|    n_updates          | 75196     |
|    policy_loss        | 1.51      |
|    std                | 0.349     |
|    u_grad_norm        | 0.0642    |
|    v_grad_norm        | 0.857     |
|    value_loss         | 1.54      |
-------------------------------------
----------------------------------------
| rollout/              |              |
|    ep_len_mean        | 500          |
|    ep_rew_mean        | -676         |
| time/                 |              |
|    fps                | 19           |
|    iterations         | 611700       |
|    time_elapsed       | 289          |
|    total_timesteps    | 616600       |
| train/                |              |
|    d_grad_norm        | 0.0216       |
|    entropy_loss       | -0.212       |
|    explained_variance | -0.009422898 |
|    learning_rate      | 0.00981      |
|    n_updates          | 77071        |
|    policy_loss        | -0.000649    |
|    std                | 0.23         |
|    u_grad_norm        | 0.276        |
|    v_grad_norm        | 0.0109       |
|    value_loss         | 5.39e-06     |
----------------------------------------
--------------------------------------
| rollout/              |            |
|    ep_len_mean        | 500        |
|    ep_rew_mean        | -1.11e+03  |
| time/                 |            |
|    fps                | 19         |
|    iterations         | 580700     |
|    time_elapsed       | 289        |
|    total_timesteps    | 585600     |
| train/                |            |
|    d_grad_norm        | 0.0954     |
|    entropy_loss       | -0.15      |
|    explained_variance | -0.6165979 |
|    learning_rate      | 0.00984    |
|    n_updates          | 73196      |
|    policy_loss        | -0.00198   |
|    std                | 0.302      |
|    u_grad_norm        | 0.0169     |
|    v_grad_norm        | 0.0267     |
|    value_loss         | 3.68e-05   |
--------------------------------------
--------------------------------------
| rollout/              |            |
|    ep_len_mean        | 500        |
|    ep_rew_mean        | -730       |
| time/                 |            |
|    fps                | 19         |
|    iterations         | 609800     |
|    time_elapsed       | 335        |
|    total_timesteps    | 615400     |
| train/                |            |
|    d_grad_norm        | 0.0155     |
|    entropy_loss       | 0.0354     |
|    explained_variance | -18.439241 |
|    learning_rate      | 0.00981    |
|    n_updates          | 76921      |
|    policy_loss        | -4.45e-05  |
|    std                | 0.21       |
|    u_grad_norm        | 0.0892     |
|    v_grad_norm        | 0.00244    |
|    value_loss         | 5.37e-07   |
--------------------------------------
-------------------------------------
| rollout/              |           |
|    ep_len_mean        | 500       |
|    ep_rew_mean        | -1.18e+03 |
| time/                 |           |
|    fps                | 19        |
|    iterations         | 455800    |
|    time_elapsed       | 335       |
|    total_timesteps    | 461400    |
| train/                |           |
|    d_grad_norm        | 0.876     |
|    entropy_loss       | -1.51     |
|    explained_variance | 0.96538   |
|    learning_rate      | 0.00995   |
|    n_updates          | 57671     |
|    policy_loss        | 2.04      |
|    std                | 0.143     |
|    u_grad_norm        | 0.206     |
|    v_grad_norm        | 0.91      |
|    value_loss         | 4.94      |
-------------------------------------
--------------------------------------
| rollout/              |            |
|    ep_len_mean        | 500        |
|    ep_rew_mean        | -1.09e+03  |
| time/                 |            |
|    fps                | 19         |
|    iterations         | 478800     |
|    time_elapsed       | 335        |
|    total_timesteps    | 484400     |
| train/                |            |
|    d_grad_norm        | 0.146      |
|    entropy_loss       | -0.356     |
|    explained_variance | -14.918806 |
|    learning_rate      | 0.00993    |
|    n_updates          | 60546      |
|    policy_loss        | 0.00189    |
|    std                | 0.339      |
|    u_grad_norm        | 0.109      |
|    v_grad_norm        | 0.0691     |
|    value_loss         | 0.000185   |
--------------------------------------
----------------------------------------
| rollout/              |              |
|    ep_len_mean        | 500          |
|    ep_rew_mean        | -1.75e+03    |
| time/                 |              |
|    fps                | 19           |
|    iterations         | 439800       |
|    time_elapsed       | 335          |
|    total_timesteps    | 445400       |
| train/                |              |
|    d_grad_norm        | 0.0114       |
|    entropy_loss       | -0.503       |
|    explained_variance | -0.035150528 |
|    learning_rate      | 0.00997      |
|    n_updates          | 55671        |
|    policy_loss        | 0.0007       |
|    std                | 0.336        |
|    u_grad_norm        | 0.0671       |
|    v_grad_norm        | 0.00186      |
|    value_loss         | 1.47e-06     |
----------------------------------------
----------------------------------------
| rollout/              |              |
|    ep_len_mean        | 500          |
|    ep_rew_mean        | -724         |
| time/                 |              |
|    fps                | 19           |
|    iterations         | 591800       |
|    time_elapsed       | 335          |
|    total_timesteps    | 597400       |
| train/                |              |
|    d_grad_norm        | 0.00851      |
|    entropy_loss       | -0.196       |
|    explained_variance | -0.054552436 |
|    learning_rate      | 0.00983      |
|    n_updates          | 74671        |
|    policy_loss        | -0.000146    |
|    std                | 0.414        |
|    u_grad_norm        | 0.338        |
|    v_grad_norm        | 0.0162       |
|    value_loss         | 1.49e-05     |
----------------------------------------
--------------------------------------
| rollout/              |            |
|    ep_len_mean        | 500        |
|    ep_rew_mean        | -1.03e+03  |
| time/                 |            |
|    fps                | 19         |
|    iterations         | 561800     |
|    time_elapsed       | 335        |
|    total_timesteps    | 567400     |
| train/                |            |
|    d_grad_norm        | 0.000464   |
|    entropy_loss       | -0.22      |
|    explained_variance | -59.264706 |
|    learning_rate      | 0.00985    |
|    n_updates          | 70921      |
|    policy_loss        | -0.00162   |
|    std                | 0.374      |
|    u_grad_norm        | 0.253      |
|    v_grad_norm        | 0.00563    |
|    value_loss         | 2.59e-06   |
--------------------------------------
--------------------------------------
| rollout/              |            |
|    ep_len_mean        | 500        |
|    ep_rew_mean        | -996       |
| time/                 |            |
|    fps                | 19         |
|    iterations         | 398800     |
|    time_elapsed       | 335        |
|    total_timesteps    | 404400     |
| train/                |            |
|    d_grad_norm        | 0.0276     |
|    entropy_loss       | -0.365     |
|    explained_variance | 0.04154992 |
|    learning_rate      | 0.01       |
|    n_updates          | 50546      |
|    policy_loss        | 5.54e-05   |
|    std                | 0.34       |
|    u_grad_norm        | 0.043      |
|    v_grad_norm        | 0.00603    |
|    value_loss         | 1.58e-06   |
--------------------------------------
--------------------------------------
| rollout/              |            |
|    ep_len_mean        | 500        |
|    ep_rew_mean        | -896       |
| time/                 |            |
|    fps                | 19         |
|    iterations         | 596800     |
|    time_elapsed       | 335        |
|    total_timesteps    | 602400     |
| train/                |            |
|    d_grad_norm        | 0.000282   |
|    entropy_loss       | 0.143      |
|    explained_variance | -0.8759575 |
|    learning_rate      | 0.00982    |
|    n_updates          | 75296      |
|    policy_loss        | 6.5e-05    |
|    std                | 0.348      |
|    u_grad_norm        | 0.0282     |
|    v_grad_norm        | 0.000979   |
|    value_loss         | 7.07e-08   |
--------------------------------------
-------------------------------------
| rollout/              |           |
|    ep_len_mean        | 500       |
|    ep_rew_mean        | -1.1e+03  |
| time/                 |           |
|    fps                | 19        |
|    iterations         | 580800    |
|    time_elapsed       | 335       |
|    total_timesteps    | 586400    |
| train/                |           |
|    d_grad_norm        | 0.00396   |
|    entropy_loss       | -0.432    |
|    explained_variance | -577.2367 |
|    learning_rate      | 0.00984   |
|    n_updates          | 73296     |
|    policy_loss        | -0.00207  |
|    std                | 0.302     |
|    u_grad_norm        | 0.36      |
|    v_grad_norm        | 0.00657   |
|    value_loss         | 1.06e-05  |
-------------------------------------
----------------------------------------
| rollout/              |              |
|    ep_len_mean        | 500          |
|    ep_rew_mean        | -671         |
| time/                 |              |
|    fps                | 19           |
|    iterations         | 611800       |
|    time_elapsed       | 335          |
|    total_timesteps    | 617400       |
| train/                |              |
|    d_grad_norm        | 0.00495      |
|    entropy_loss       | -0.416       |
|    explained_variance | -0.101661325 |
|    learning_rate      | 0.00981      |
|    n_updates          | 77171        |
|    policy_loss        | 0.00114      |
|    std                | 0.229        |
|    u_grad_norm        | 0.186        |
|    v_grad_norm        | 0.00571      |
|    value_loss         | 1.17e-06     |
----------------------------------------
--------------------------------------
| rollout/              |            |
|    ep_len_mean        | 500        |
|    ep_rew_mean        | -740       |
| time/                 |            |
|    fps                | 18         |
|    iterations         | 609900     |
|    time_elapsed       | 393        |
|    total_timesteps    | 616200     |
| train/                |            |
|    d_grad_norm        | 0.00831    |
|    entropy_loss       | -0.0415    |
|    explained_variance | -42.381912 |
|    learning_rate      | 0.00981    |
|    n_updates          | 77021      |
|    policy_loss        | -0.000369  |
|    std                | 0.211      |
|    u_grad_norm        | 0.169      |
|    v_grad_norm        | 0.00695    |
|    value_loss         | 2.32e-05   |
--------------------------------------
--------------------------------------
| rollout/              |            |
|    ep_len_mean        | 500        |
|    ep_rew_mean        | -1.19e+03  |
| time/                 |            |
|    fps                | 18         |
|    iterations         | 455900     |
|    time_elapsed       | 394        |
|    total_timesteps    | 462200     |
| train/                |            |
|    d_grad_norm        | 0.00297    |
|    entropy_loss       | -0.338     |
|    explained_variance | -0.8819555 |
|    learning_rate      | 0.00995    |
|    n_updates          | 57771      |
|    policy_loss        | -0.00047   |
|    std                | 0.143      |
|    u_grad_norm        | 0.0506     |
|    v_grad_norm        | 0.000926   |
|    value_loss         | 8.61e-06   |
--------------------------------------
--------------------------------------
| rollout/              |            |
|    ep_len_mean        | 500        |
|    ep_rew_mean        | -1.03e+03  |
| time/                 |            |
|    fps                | 18         |
|    iterations         | 561900     |
|    time_elapsed       | 394        |
|    total_timesteps    | 568200     |
| train/                |            |
|    d_grad_norm        | 0.0791     |
|    entropy_loss       | -0.261     |
|    explained_variance | 0.14951056 |
|    learning_rate      | 0.00985    |
|    n_updates          | 71021      |
|    policy_loss        | 0.018      |
|    std                | 0.375      |
|    u_grad_norm        | 1.02       |
|    v_grad_norm        | 0.0242     |
|    value_loss         | 5.24e-05   |
--------------------------------------
--------------------------------------
| rollout/              |            |
|    ep_len_mean        | 500        |
|    ep_rew_mean        | -727       |
| time/                 |            |
|    fps                | 18         |
|    iterations         | 591900     |
|    time_elapsed       | 394        |
|    total_timesteps    | 598200     |
| train/                |            |
|    d_grad_norm        | 0.522      |
|    entropy_loss       | -0.496     |
|    explained_variance | 0.17482173 |
|    learning_rate      | 0.00982    |
|    n_updates          | 74771      |
|    policy_loss        | -0.0127    |
|    std                | 0.413      |
|    u_grad_norm        | 0.975      |
|    v_grad_norm        | 0.124      |
|    value_loss         | 0.00208    |
--------------------------------------
-------------------------------------
| rollout/              |           |
|    ep_len_mean        | 500       |
|    ep_rew_mean        | -959      |
| time/                 |           |
|    fps                | 18        |
|    iterations         | 398900    |
|    time_elapsed       | 394       |
|    total_timesteps    | 405200    |
| train/                |           |
|    d_grad_norm        | 0.869     |
|    entropy_loss       | -2.76     |
|    explained_variance | 0.9688913 |
|    learning_rate      | 0.01      |
|    n_updates          | 50646     |
|    policy_loss        | -5.09     |
|    std                | 0.339     |
|    u_grad_norm        | 0.0345    |
|    v_grad_norm        | 0.974     |
|    value_loss         | 7.66      |
-------------------------------------
-------------------------------------
| rollout/              |           |
|    ep_len_mean        | 500       |
|    ep_rew_mean        | -1.72e+03 |
| time/                 |           |
|    fps                | 18        |
|    iterations         | 439900    |
|    time_elapsed       | 394       |
|    total_timesteps    | 446200    |
| train/                |           |
|    d_grad_norm        | 0.956     |
|    entropy_loss       | -2.69     |
|    explained_variance | 0.9957679 |
|    learning_rate      | 0.00997   |
|    n_updates          | 55771     |
|    policy_loss        | -3.42     |
|    std                | 0.336     |
|    u_grad_norm        | 0.0845    |
|    v_grad_norm        | 0.968     |
|    value_loss         | 1.45      |
-------------------------------------
--------------------------------------
| rollout/              |            |
|    ep_len_mean        | 500        |
|    ep_rew_mean        | -1.09e+03  |
| time/                 |            |
|    fps                | 18         |
|    iterations         | 478900     |
|    time_elapsed       | 394        |
|    total_timesteps    | 485200     |
| train/                |            |
|    d_grad_norm        | 0.0109     |
|    entropy_loss       | -0.218     |
|    explained_variance | 0.81826776 |
|    learning_rate      | 0.00993    |
|    n_updates          | 60646      |
|    policy_loss        | 0.0013     |
|    std                | 0.34       |
|    u_grad_norm        | 0.247      |
|    v_grad_norm        | 0.0042     |
|    value_loss         | 1.47e-06   |
--------------------------------------
--------------------------------------
| rollout/              |            |
|    ep_len_mean        | 500        |
|    ep_rew_mean        | -885       |
| time/                 |            |
|    fps                | 18         |
|    iterations         | 596900     |
|    time_elapsed       | 394        |
|    total_timesteps    | 603200     |
| train/                |            |
|    d_grad_norm        | 0.787      |
|    entropy_loss       | -2.22      |
|    explained_variance | 0.93263966 |
|    learning_rate      | 0.00982    |
|    n_updates          | 75396      |
|    policy_loss        | -14.2      |
|    std                | 0.349      |
|    u_grad_norm        | 0.0773     |
|    v_grad_norm        | 0.843      |
|    value_loss         | 55.8       |
--------------------------------------
--------------------------------------
| rollout/              |            |
|    ep_len_mean        | 500        |
|    ep_rew_mean        | -1.07e+03  |
| time/                 |            |
|    fps                | 18         |
|    iterations         | 580900     |
|    time_elapsed       | 395        |
|    total_timesteps    | 587200     |
| train/                |            |
|    d_grad_norm        | 0.0205     |
|    entropy_loss       | -0.551     |
|    explained_variance | -12.168003 |
|    learning_rate      | 0.00984    |
|    n_updates          | 73396      |
|    policy_loss        | -0.00485   |
|    std                | 0.302      |
|    u_grad_norm        | 0.471      |
|    v_grad_norm        | 0.00804    |
|    value_loss         | 4.53e-06   |
--------------------------------------
--------------------------------------
| rollout/              |            |
|    ep_len_mean        | 500        |
|    ep_rew_mean        | -688       |
| time/                 |            |
|    fps                | 18         |
|    iterations         | 611900     |
|    time_elapsed       | 395        |
|    total_timesteps    | 618200     |
| train/                |            |
|    d_grad_norm        | 0.896      |
|    entropy_loss       | -2.49      |
|    explained_variance | 0.99715847 |
|    learning_rate      | 0.00981    |
|    n_updates          | 77271      |
|    policy_loss        | -1.45      |
|    std                | 0.229      |
|    u_grad_norm        | 0.0355     |
|    v_grad_norm        | 0.96       |
|    value_loss         | 0.926      |
--------------------------------------
--------------------------------------
| rollout/              |            |
|    ep_len_mean        | 500        |
|    ep_rew_mean        | -751       |
| time/                 |            |
|    fps                | 19         |
|    iterations         | 610000     |
|    time_elapsed       | 418        |
|    total_timesteps    | 617000     |
| train/                |            |
|    d_grad_norm        | 0.282      |
|    entropy_loss       | -1.67      |
|    explained_variance | 0.99945605 |
|    learning_rate      | 0.00981    |
|    n_updates          | 77121      |
|    policy_loss        | -0.0792    |
|    std                | 0.21       |
|    u_grad_norm        | 0.00246    |
|    v_grad_norm        | 1.01       |
|    value_loss         | 0.0311     |
--------------------------------------
-------------------------------------
| rollout/              |           |
|    ep_len_mean        | 500       |
|    ep_rew_mean        | -1.04e+03 |
| time/                 |           |
|    fps                | 19        |
|    iterations         | 562000    |
|    time_elapsed       | 418       |
|    total_timesteps    | 569000    |
| train/                |           |
|    d_grad_norm        | 0.0104    |
|    entropy_loss       | -0.154    |
|    explained_variance | -8.549452 |
|    learning_rate      | 0.00985   |
|    n_updates          | 71121     |
|    policy_loss        | 0.000194  |
|    std                | 0.376     |
|    u_grad_norm        | 0.0771    |
|    v_grad_norm        | 0.00473   |
|    value_loss         | 1.19e-05  |
-------------------------------------
--------------------------------------
| rollout/              |            |
|    ep_len_mean        | 500        |
|    ep_rew_mean        | -1.11e+03  |
| time/                 |            |
|    fps                | 19         |
|    iterations         | 479000     |
|    time_elapsed       | 418        |
|    total_timesteps    | 486000     |
| train/                |            |
|    d_grad_norm        | 0.944      |
|    entropy_loss       | -3.55      |
|    explained_variance | 0.99618703 |
|    learning_rate      | 0.00993    |
|    n_updates          | 60746      |
|    policy_loss        | 4.81       |
|    std                | 0.341      |
|    u_grad_norm        | 0.0117     |
|    v_grad_norm        | 0.905      |
|    value_loss         | 3.14       |
--------------------------------------
--------------------------------------
| rollout/              |            |
|    ep_len_mean        | 500        |
|    ep_rew_mean        | -732       |
| time/                 |            |
|    fps                | 19         |
|    iterations         | 592000     |
|    time_elapsed       | 418        |
|    total_timesteps    | 599000     |
| train/                |            |
|    d_grad_norm        | 0.00626    |
|    entropy_loss       | -0.128     |
|    explained_variance | 0.41429216 |
|    learning_rate      | 0.00982    |
|    n_updates          | 74871      |
|    policy_loss        | -0.000175  |
|    std                | 0.413      |
|    u_grad_norm        | 0.0169     |
|    v_grad_norm        | 0.00222    |
|    value_loss         | 3.37e-07   |
--------------------------------------
--------------------------------------
| rollout/              |            |
|    ep_len_mean        | 500        |
|    ep_rew_mean        | -1.18e+03  |
| time/                 |            |
|    fps                | 19         |
|    iterations         | 456000     |
|    time_elapsed       | 418        |
|    total_timesteps    | 463000     |
| train/                |            |
|    d_grad_norm        | 0.0076     |
|    entropy_loss       | -0.305     |
|    explained_variance | -1.5526388 |
|    learning_rate      | 0.00995    |
|    n_updates          | 57871      |
|    policy_loss        | -7.06e-05  |
|    std                | 0.143      |
|    u_grad_norm        | 0.0536     |
|    v_grad_norm        | 0.00451    |
|    value_loss         | 1.11e-06   |
--------------------------------------
-------------------------------------
| rollout/              |           |
|    ep_len_mean        | 500       |
|    ep_rew_mean        | -966      |
| time/                 |           |
|    fps                | 19        |
|    iterations         | 399000    |
|    time_elapsed       | 418       |
|    total_timesteps    | 406000    |
| train/                |           |
|    d_grad_norm        | 0.0244    |
|    entropy_loss       | -0.42     |
|    explained_variance | -4.402547 |
|    learning_rate      | 0.01      |
|    n_updates          | 50746     |
|    policy_loss        | 0.000942  |
|    std                | 0.342     |
|    u_grad_norm        | 0.266     |
|    v_grad_norm        | 0.02      |
|    value_loss         | 9.25e-06  |
-------------------------------------
-------------------------------------
| rollout/              |           |
|    ep_len_mean        | 500       |
|    ep_rew_mean        | -1.03e+03 |
| time/                 |           |
|    fps                | 19        |
|    iterations         | 581000    |
|    time_elapsed       | 418       |
|    total_timesteps    | 588000    |
| train/                |           |
|    d_grad_norm        | 0.000792  |
|    entropy_loss       | -0.154    |
|    explained_variance | -2.179249 |
|    learning_rate      | 0.00983   |
|    n_updates          | 73496     |
|    policy_loss        | 2.83e-05  |
|    std                | 0.301     |
|    u_grad_norm        | 0.0109    |
|    v_grad_norm        | 0.000294  |
|    value_loss         | 2.99e-08  |
-------------------------------------
-------------------------------------
| rollout/              |           |
|    ep_len_mean        | 500       |
|    ep_rew_mean        | -938      |
| time/                 |           |
|    fps                | 19        |
|    iterations         | 597000    |
|    time_elapsed       | 418       |
|    total_timesteps    | 604000    |
| train/                |           |
|    d_grad_norm        | 0.803     |
|    entropy_loss       | -2.36     |
|    explained_variance | 0.9779084 |
|    learning_rate      | 0.00982   |
|    n_updates          | 75496     |
|    policy_loss        | -0.563    |
|    std                | 0.349     |
|    u_grad_norm        | 0.119     |
|    v_grad_norm        | 0.888     |
|    value_loss         | 2.27      |
-------------------------------------
--------------------------------------
| rollout/              |            |
|    ep_len_mean        | 500        |
|    ep_rew_mean        | -1.71e+03  |
| time/                 |            |
|    fps                | 19         |
|    iterations         | 440000     |
|    time_elapsed       | 418        |
|    total_timesteps    | 447000     |
| train/                |            |
|    d_grad_norm        | 0.0071     |
|    entropy_loss       | -0.36      |
|    explained_variance | -7.6710386 |
|    learning_rate      | 0.00997    |
|    n_updates          | 55871      |
|    policy_loss        | 0.000135   |
|    std                | 0.336      |
|    u_grad_norm        | 0.0022     |
|    v_grad_norm        | 0.00467    |
|    value_loss         | 5.05e-06   |
--------------------------------------
---------------------------------------
| rollout/              |             |
|    ep_len_mean        | 500         |
|    ep_rew_mean        | -720        |
| time/                 |             |
|    fps                | 19          |
|    iterations         | 612000      |
|    time_elapsed       | 419         |
|    total_timesteps    | 619000      |
| train/                |             |
|    d_grad_norm        | 0.0135      |
|    entropy_loss       | -0.262      |
|    explained_variance | -0.46591508 |
|    learning_rate      | 0.00981     |
|    n_updates          | 77371       |
|    policy_loss        | -0.000389   |
|    std                | 0.228       |
|    u_grad_norm        | 0.00918     |
|    v_grad_norm        | 0.0101      |
|    value_loss         | 2.98e-06    |
---------------------------------------
-------------------------------------
| rollout/              |           |
|    ep_len_mean        | 500       |
|    ep_rew_mean        | -736      |
| time/                 |           |
|    fps                | 17        |
|    iterations         | 610100    |
|    time_elapsed       | 511       |
|    total_timesteps    | 617800    |
| train/                |           |
|    d_grad_norm        | 0.000569  |
|    entropy_loss       | 0.0836    |
|    explained_variance | -9.883879 |
|    learning_rate      | 0.00981   |
|    n_updates          | 77221     |
|    policy_loss        | -2.68e-05 |
|    std                | 0.211     |
|    u_grad_norm        | 0.11      |
|    v_grad_norm        | 0.0026    |
|    value_loss         | 3.42e-06  |
-------------------------------------
------------------------------------
| rollout/              |          |
|    ep_len_mean        | 500      |
|    ep_rew_mean        | -733     |
| time/                 |          |
|    fps                | 17       |
|    iterations         | 592100   |
|    time_elapsed       | 512      |
|    total_timesteps    | 599800   |
| train/                |          |
|    d_grad_norm        | 0.00101  |
|    entropy_loss       | -0.226   |
|    explained_variance | 0.725855 |
|    learning_rate      | 0.00982  |
|    n_updates          | 74971    |
|    policy_loss        | 4.84e-05 |
|    std                | 0.412    |
|    u_grad_norm        | 0.05     |
|    v_grad_norm        | 0.00103  |
|    value_loss         | 9.09e-08 |
------------------------------------
---------------------------------------
| rollout/              |             |
|    ep_len_mean        | 500         |
|    ep_rew_mean        | -1.04e+03   |
| time/                 |             |
|    fps                | 17          |
|    iterations         | 562100      |
|    time_elapsed       | 512         |
|    total_timesteps    | 569800      |
| train/                |             |
|    d_grad_norm        | 0.0116      |
|    entropy_loss       | -0.0791     |
|    explained_variance | -0.31991112 |
|    learning_rate      | 0.00985     |
|    n_updates          | 71221       |
|    policy_loss        | -0.000397   |
|    std                | 0.376       |
|    u_grad_norm        | 0.0613      |
|    v_grad_norm        | 0.00733     |
|    value_loss         | 1.85e-06    |
---------------------------------------
--------------------------------------
| rollout/              |            |
|    ep_len_mean        | 500        |
|    ep_rew_mean        | -948       |
| time/                 |            |
|    fps                | 17         |
|    iterations         | 597100     |
|    time_elapsed       | 512        |
|    total_timesteps    | 604800     |
| train/                |            |
|    d_grad_norm        | 0.0182     |
|    entropy_loss       | 0.141      |
|    explained_variance | -11.786216 |
|    learning_rate      | 0.00982    |
|    n_updates          | 75596      |
|    policy_loss        | -0.000527  |
|    std                | 0.351      |
|    u_grad_norm        | 0.253      |
|    v_grad_norm        | 0.00941    |
|    value_loss         | 9.53e-06   |
--------------------------------------
-------------------------------------
| rollout/              |           |
|    ep_len_mean        | 500       |
|    ep_rew_mean        | -1.03e+03 |
| time/                 |           |
|    fps                | 17        |
|    iterations         | 581100    |
|    time_elapsed       | 512       |
|    total_timesteps    | 588800    |
| train/                |           |
|    d_grad_norm        | 0.00734   |
|    entropy_loss       | -0.202    |
|    explained_variance | -5.233273 |
|    learning_rate      | 0.00983   |
|    n_updates          | 73596     |
|    policy_loss        | 0.00293   |
|    std                | 0.301     |
|    u_grad_norm        | 0.248     |
|    v_grad_norm        | 0.0268    |
|    value_loss         | 0.000124  |
-------------------------------------
--------------------------------------
| rollout/              |            |
|    ep_len_mean        | 500        |
|    ep_rew_mean        | -942       |
| time/                 |            |
|    fps                | 17         |
|    iterations         | 399100     |
|    time_elapsed       | 512        |
|    total_timesteps    | 406800     |
| train/                |            |
|    d_grad_norm        | 0.9        |
|    entropy_loss       | -2.02      |
|    explained_variance | 0.99825203 |
|    learning_rate      | 0.01       |
|    n_updates          | 50846      |
|    policy_loss        | 0.928      |
|    std                | 0.342      |
|    u_grad_norm        | 0.00985    |
|    v_grad_norm        | 0.908      |
|    value_loss         | 0.748      |
--------------------------------------
-------------------------------------
| rollout/              |           |
|    ep_len_mean        | 500       |
|    ep_rew_mean        | -1.18e+03 |
| time/                 |           |
|    fps                | 17        |
|    iterations         | 456100    |
|    time_elapsed       | 512       |
|    total_timesteps    | 463800    |
| train/                |           |
|    d_grad_norm        | 0.00264   |
|    entropy_loss       | -0.294    |
|    explained_variance | -4.812237 |
|    learning_rate      | 0.00995   |
|    n_updates          | 57971     |
|    policy_loss        | -0.000223 |
|    std                | 0.143     |
|    u_grad_norm        | 0.0694    |
|    v_grad_norm        | 0.00266   |
|    value_loss         | 6.39e-07  |
-------------------------------------
-------------------------------------
| rollout/              |           |
|    ep_len_mean        | 500       |
|    ep_rew_mean        | -1.08e+03 |
| time/                 |           |
|    fps                | 17        |
|    iterations         | 479100    |
|    time_elapsed       | 513       |
|    total_timesteps    | 486800    |
| train/                |           |
|    d_grad_norm        | 0.00287   |
|    entropy_loss       | -0.0415   |
|    explained_variance | -36.93301 |
|    learning_rate      | 0.00993   |
|    n_updates          | 60846     |
|    policy_loss        | -1.85e-05 |
|    std                | 0.34      |
|    u_grad_norm        | 0.0397    |
|    v_grad_norm        | 0.00125   |
|    value_loss         | 3.23e-07  |
-------------------------------------
-------------------------------------
| rollout/              |           |
|    ep_len_mean        | 500       |
|    ep_rew_mean        | -744      |
| time/                 |           |
|    fps                | 17        |
|    iterations         | 612100    |
|    time_elapsed       | 513       |
|    total_timesteps    | 619800    |
| train/                |           |
|    d_grad_norm        | 0.944     |
|    entropy_loss       | -2.19     |
|    explained_variance | 0.9989653 |
|    learning_rate      | 0.0098    |
|    n_updates          | 77471     |
|    policy_loss        | 0.722     |
|    std                | 0.229     |
|    u_grad_norm        | 0.232     |
|    v_grad_norm        | 0.975     |
|    value_loss         | 0.0739    |
-------------------------------------
--------------------------------------
| rollout/              |            |
|    ep_len_mean        | 500        |
|    ep_rew_mean        | -1.72e+03  |
| time/                 |            |
|    fps                | 17         |
|    iterations         | 440100     |
|    time_elapsed       | 513        |
|    total_timesteps    | 447800     |
| train/                |            |
|    d_grad_norm        | 0.000651   |
|    entropy_loss       | -0.346     |
|    explained_variance | -13.887379 |
|    learning_rate      | 0.00997    |
|    n_updates          | 55971      |
|    policy_loss        | -9.19e-05  |
|    std                | 0.337      |
|    u_grad_norm        | 0.0162     |
|    v_grad_norm        | 0.00229    |
|    value_loss         | 1.48e-06   |
--------------------------------------
---------------------------------------
| rollout/              |             |
|    ep_len_mean        | 500         |
|    ep_rew_mean        | -1.73e+03   |
| time/                 |             |
|    fps                | 15          |
|    iterations         | 440200      |
|    time_elapsed       | 605         |
|    total_timesteps    | 448600      |
| train/                |             |
|    d_grad_norm        | 0.0735      |
|    entropy_loss       | -0.501      |
|    explained_variance | -0.26688218 |
|    learning_rate      | 0.00997     |
|    n_updates          | 56071       |
|    policy_loss        | 0.000381    |
|    std                | 0.337       |
|    u_grad_norm        | 0.218       |
|    v_grad_norm        | 0.0551      |
|    value_loss         | 9.07e-05    |
---------------------------------------
--------------------------------------
| rollout/              |            |
|    ep_len_mean        | 500        |
|    ep_rew_mean        | -1.03e+03  |
| time/                 |            |
|    fps                | 15         |
|    iterations         | 581200     |
|    time_elapsed       | 605        |
|    total_timesteps    | 589600     |
| train/                |            |
|    d_grad_norm        | 0.95       |
|    entropy_loss       | -1.63      |
|    explained_variance | 0.99226767 |
|    learning_rate      | 0.00983    |
|    n_updates          | 73696      |
|    policy_loss        | 2.21       |
|    std                | 0.301      |
|    u_grad_norm        | 0.0859     |
|    v_grad_norm        | 0.943      |
|    value_loss         | 3.8        |
--------------------------------------
--------------------------------------
| rollout/              |            |
|    ep_len_mean        | 500        |
|    ep_rew_mean        | -736       |
| time/                 |            |
|    fps                | 15         |
|    iterations         | 610200     |
|    time_elapsed       | 605        |
|    total_timesteps    | 618600     |
| train/                |            |
|    d_grad_norm        | 0.584      |
|    entropy_loss       | -2.21      |
|    explained_variance | 0.99991906 |
|    learning_rate      | 0.00981    |
|    n_updates          | 77321      |
|    policy_loss        | 0.354      |
|    std                | 0.211      |
|    u_grad_norm        | 0.036      |
|    v_grad_norm        | 0.99       |
|    value_loss         | 0.0432     |
--------------------------------------
----------------------------------------
| rollout/              |              |
|    ep_len_mean        | 500          |
|    ep_rew_mean        | -1.04e+03    |
| time/                 |              |
|    fps                | 15           |
|    iterations         | 562200       |
|    time_elapsed       | 605          |
|    total_timesteps    | 570600       |
| train/                |              |
|    d_grad_norm        | 0.152        |
|    entropy_loss       | -0.204       |
|    explained_variance | -0.051683784 |
|    learning_rate      | 0.00985      |
|    n_updates          | 71321        |
|    policy_loss        | -0.00165     |
|    std                | 0.378        |
|    u_grad_norm        | 1.05         |
|    v_grad_norm        | 0.0794       |
|    value_loss         | 0.000565     |
----------------------------------------
--------------------------------------
| rollout/              |            |
|    ep_len_mean        | 500        |
|    ep_rew_mean        | -971       |
| time/                 |            |
|    fps                | 15         |
|    iterations         | 597200     |
|    time_elapsed       | 606        |
|    total_timesteps    | 605600     |
| train/                |            |
|    d_grad_norm        | 0.017      |
|    entropy_loss       | 0.103      |
|    explained_variance | -5.0345426 |
|    learning_rate      | 0.00982    |
|    n_updates          | 75696      |
|    policy_loss        | -0.0032    |
|    std                | 0.348      |
|    u_grad_norm        | 0.71       |
|    v_grad_norm        | 0.0348     |
|    value_loss         | 0.000101   |
--------------------------------------
--------------------------------------
| rollout/              |            |
|    ep_len_mean        | 500        |
|    ep_rew_mean        | -912       |
| time/                 |            |
|    fps                | 15         |
|    iterations         | 399200     |
|    time_elapsed       | 606        |
|    total_timesteps    | 407600     |
| train/                |            |
|    d_grad_norm        | 0.864      |
|    entropy_loss       | -2.65      |
|    explained_variance | 0.99845415 |
|    learning_rate      | 0.01       |
|    n_updates          | 50946      |
|    policy_loss        | 0.704      |
|    std                | 0.342      |
|    u_grad_norm        | 0.00351    |
|    v_grad_norm        | 0.982      |
|    value_loss         | 0.201      |
--------------------------------------
--------------------------------------
| rollout/              |            |
|    ep_len_mean        | 500        |
|    ep_rew_mean        | -1.21e+03  |
| time/                 |            |
|    fps                | 15         |
|    iterations         | 456200     |
|    time_elapsed       | 606        |
|    total_timesteps    | 464600     |
| train/                |            |
|    d_grad_norm        | 1.14       |
|    entropy_loss       | -1.93      |
|    explained_variance | 0.99914706 |
|    learning_rate      | 0.00995    |
|    n_updates          | 58071      |
|    policy_loss        | -1.32      |
|    std                | 0.142      |
|    u_grad_norm        | 0.0557     |
|    v_grad_norm        | 0.993      |
|    value_loss         | 0.7        |
--------------------------------------
--------------------------------------
| rollout/              |            |
|    ep_len_mean        | 500        |
|    ep_rew_mean        | -756       |
| time/                 |            |
|    fps                | 15         |
|    iterations         | 592200     |
|    time_elapsed       | 606        |
|    total_timesteps    | 600600     |
| train/                |            |
|    d_grad_norm        | 1.07       |
|    entropy_loss       | -3.3       |
|    explained_variance | 0.99925435 |
|    learning_rate      | 0.00982    |
|    n_updates          | 75071      |
|    policy_loss        | -0.939     |
|    std                | 0.412      |
|    u_grad_norm        | 0.0352     |
|    v_grad_norm        | 0.981      |
|    value_loss         | 0.176      |
--------------------------------------
-------------------------------------
| rollout/              |           |
|    ep_len_mean        | 500       |
|    ep_rew_mean        | -786      |
| time/                 |           |
|    fps                | 15        |
|    iterations         | 612200    |
|    time_elapsed       | 607       |
|    total_timesteps    | 620600    |
| train/                |           |
|    d_grad_norm        | 0.275     |
|    entropy_loss       | -2.33     |
|    explained_variance | 0.9997842 |
|    learning_rate      | 0.0098    |
|    n_updates          | 77571     |
|    policy_loss        | -0.506    |
|    std                | 0.231     |
|    u_grad_norm        | 0.0777    |
|    v_grad_norm        | 0.963     |
|    value_loss         | 0.0663    |
-------------------------------------
--------------------------------------
| rollout/              |            |
|    ep_len_mean        | 500        |
|    ep_rew_mean        | -1.04e+03  |
| time/                 |            |
|    fps                | 15         |
|    iterations         | 479200     |
|    time_elapsed       | 607        |
|    total_timesteps    | 487600     |
| train/                |            |
|    d_grad_norm        | 0.971      |
|    entropy_loss       | -2.04      |
|    explained_variance | 0.99774355 |
|    learning_rate      | 0.00993    |
|    n_updates          | 60946      |
|    policy_loss        | -0.663     |
|    std                | 0.339      |
|    u_grad_norm        | 0.0886     |
|    v_grad_norm        | 0.996      |
|    value_loss         | 0.197      |
--------------------------------------
/home/jw4406/codebase/stable-baselines3/stable_baselines3/common/evaluation.py:67: UserWarning: Evaluation environment is not wrapped with a ``Monitor`` wrapper. This may result in reporting modified episode lengths and rewards, if other wrappers happen to modify these. Consider wrapping environment first with ``Monitor`` wrapper.
  warnings.warn(
/home/jw4406/codebase/stable-baselines3/stable_baselines3/common/evaluation.py:67: UserWarning: Evaluation environment is not wrapped with a ``Monitor`` wrapper. This may result in reporting modified episode lengths and rewards, if other wrappers happen to modify these. Consider wrapping environment first with ``Monitor`` wrapper.
  warnings.warn(
/home/jw4406/codebase/stable-baselines3/stable_baselines3/common/evaluation.py:67: UserWarning: Evaluation environment is not wrapped with a ``Monitor`` wrapper. This may result in reporting modified episode lengths and rewards, if other wrappers happen to modify these. Consider wrapping environment first with ``Monitor`` wrapper.
  warnings.warn(
/home/jw4406/codebase/stable-baselines3/stable_baselines3/common/evaluation.py:67: UserWarning: Evaluation environment is not wrapped with a ``Monitor`` wrapper. This may result in reporting modified episode lengths and rewards, if other wrappers happen to modify these. Consider wrapping environment first with ``Monitor`` wrapper.
  warnings.warn(
/home/jw4406/codebase/stable-baselines3/stable_baselines3/common/evaluation.py:67: UserWarning: Evaluation environment is not wrapped with a ``Monitor`` wrapper. This may result in reporting modified episode lengths and rewards, if other wrappers happen to modify these. Consider wrapping environment first with ``Monitor`` wrapper.
  warnings.warn(
/home/jw4406/codebase/stable-baselines3/stable_baselines3/common/evaluation.py:67: UserWarning: Evaluation environment is not wrapped with a ``Monitor`` wrapper. This may result in reporting modified episode lengths and rewards, if other wrappers happen to modify these. Consider wrapping environment first with ``Monitor`` wrapper.
  warnings.warn(
/home/jw4406/codebase/stable-baselines3/stable_baselines3/common/evaluation.py:67: UserWarning: Evaluation environment is not wrapped with a ``Monitor`` wrapper. This may result in reporting modified episode lengths and rewards, if other wrappers happen to modify these. Consider wrapping environment first with ``Monitor`` wrapper.
  warnings.warn(
/home/jw4406/codebase/stable-baselines3/stable_baselines3/common/evaluation.py:67: UserWarning: Evaluation environment is not wrapped with a ``Monitor`` wrapper. This may result in reporting modified episode lengths and rewards, if other wrappers happen to modify these. Consider wrapping environment first with ``Monitor`` wrapper.
  warnings.warn(
/home/jw4406/codebase/stable-baselines3/stable_baselines3/common/evaluation.py:67: UserWarning: Evaluation environment is not wrapped with a ``Monitor`` wrapper. This may result in reporting modified episode lengths and rewards, if other wrappers happen to modify these. Consider wrapping environment first with ``Monitor`` wrapper.
  warnings.warn(
/home/jw4406/codebase/stable-baselines3/stable_baselines3/common/evaluation.py:67: UserWarning: Evaluation environment is not wrapped with a ``Monitor`` wrapper. This may result in reporting modified episode lengths and rewards, if other wrappers happen to modify these. Consider wrapping environment first with ``Monitor`` wrapper.
  warnings.warn(
Eval num_timesteps=619000, episode_reward=-1550.00 +/- 1475.55
Episode length: 500.00 +/- 0.00
-------------------------------------
| eval/                 |           |
|    mean_ep_length     | 500       |
|    mean_reward        | -1.55e+03 |
| time/                 |           |
|    total_timesteps    | 619000    |
| train/                |           |
|    d_grad_norm        | 1.04      |
|    entropy_loss       | -2        |
|    explained_variance | 0.9937393 |
|    learning_rate      | 0.00981   |
|    n_updates          | 77371     |
|    policy_loss        | -3.86     |
|    std                | 0.212     |
|    u_grad_norm        | 0.122     |
|    v_grad_norm        | 0.948     |
|    value_loss         | 0.746     |
-------------------------------------
Eval num_timesteps=449000, episode_reward=-642.39 +/- 482.57
Episode length: 500.00 +/- 0.00
---------------------------------------
| eval/                 |             |
|    mean_ep_length     | 500         |
|    mean_reward        | -642        |
| time/                 |             |
|    total_timesteps    | 449000      |
| train/                |             |
|    d_grad_norm        | 0.00975     |
|    entropy_loss       | -0.405      |
|    explained_variance | -0.37036538 |
|    learning_rate      | 0.00997     |
|    n_updates          | 56121       |
|    policy_loss        | 0.00142     |
|    std                | 0.337       |
|    u_grad_norm        | 0.186       |
|    v_grad_norm        | 0.00772     |
|    value_loss         | 2.9e-06     |
---------------------------------------
Eval num_timesteps=621000, episode_reward=-2408.24 +/- 808.34
Episode length: 500.00 +/- 0.00
--------------------------------------
| eval/                 |            |
|    mean_ep_length     | 500        |
|    mean_reward        | -2.41e+03  |
| time/                 |            |
|    total_timesteps    | 621000     |
| train/                |            |
|    d_grad_norm        | 0.0419     |
|    entropy_loss       | -0.517     |
|    explained_variance | -0.8443885 |
|    learning_rate      | 0.0098     |
|    n_updates          | 77621      |
|    policy_loss        | 0.0121     |
|    std                | 0.231      |
|    u_grad_norm        | 1          |
|    v_grad_norm        | 0.0284     |
|    value_loss         | 3.77e-05   |
--------------------------------------
Eval num_timesteps=571000, episode_reward=-269.35 +/- 202.28
Episode length: 500.00 +/- 0.00
--------------------------------------
| eval/                 |            |
|    mean_ep_length     | 500        |
|    mean_reward        | -269       |
| time/                 |            |
|    total_timesteps    | 571000     |
| train/                |            |
|    d_grad_norm        | 0.00566    |
|    entropy_loss       | -0.137     |
|    explained_variance | -2.9114435 |
|    learning_rate      | 0.00985    |
|    n_updates          | 71371      |
|    policy_loss        | 0.000252   |
|    std                | 0.377      |
|    u_grad_norm        | 0.0885     |
|    v_grad_norm        | 0.00506    |
|    value_loss         | 5.55e-06   |
--------------------------------------
Eval num_timesteps=606000, episode_reward=-1607.22 +/- 1121.62
Episode length: 500.00 +/- 0.00
--------------------------------------
| eval/                 |            |
|    mean_ep_length     | 500        |
|    mean_reward        | -1.61e+03  |
| time/                 |            |
|    total_timesteps    | 606000     |
| train/                |            |
|    d_grad_norm        | 0.00186    |
|    entropy_loss       | 0.171      |
|    explained_variance | -0.5851525 |
|    learning_rate      | 0.00982    |
|    n_updates          | 75746      |
|    policy_loss        | 0.000284   |
|    std                | 0.347      |
|    u_grad_norm        | 0.286      |
|    v_grad_norm        | 0.00689    |
|    value_loss         | 2.53e-06   |
--------------------------------------
Eval num_timesteps=408000, episode_reward=-402.34 +/- 395.52
Episode length: 500.00 +/- 0.00
--------------------------------------
| eval/                 |            |
|    mean_ep_length     | 500        |
|    mean_reward        | -402       |
| time/                 |            |
|    total_timesteps    | 408000     |
| train/                |            |
|    d_grad_norm        | 0.992      |
|    entropy_loss       | -2.27      |
|    explained_variance | 0.99655145 |
|    learning_rate      | 0.01       |
|    n_updates          | 50996      |
|    policy_loss        | 3.16       |
|    std                | 0.342      |
|    u_grad_norm        | 0.0599     |
|    v_grad_norm        | 0.863      |
|    value_loss         | 1.99       |
--------------------------------------
Eval num_timesteps=601000, episode_reward=-1341.32 +/- 1032.45
Episode length: 500.00 +/- 0.00
-------------------------------------
| eval/                 |           |
|    mean_ep_length     | 500       |
|    mean_reward        | -1.34e+03 |
| time/                 |           |
|    total_timesteps    | 601000    |
| train/                |           |
|    d_grad_norm        | 0.996     |
|    entropy_loss       | -2.56     |
|    explained_variance | 0.993284  |
|    learning_rate      | 0.00982   |
|    n_updates          | 75121     |
|    policy_loss        | 7.03      |
|    std                | 0.411     |
|    u_grad_norm        | 0.269     |
|    v_grad_norm        | 0.873     |
|    value_loss         | 5.5       |
-------------------------------------
Eval num_timesteps=488000, episode_reward=-3119.75 +/- 771.44
Episode length: 500.00 +/- 0.00
-------------------------------------
| eval/                 |           |
|    mean_ep_length     | 500       |
|    mean_reward        | -3.12e+03 |
| time/                 |           |
|    total_timesteps    | 488000    |
| train/                |           |
|    d_grad_norm        | 0.0794    |
|    entropy_loss       | -0.221    |
|    explained_variance | 0.3465112 |
|    learning_rate      | 0.00993   |
|    n_updates          | 60996     |
|    policy_loss        | 0.0167    |
|    std                | 0.339     |
|    u_grad_norm        | 1.05      |
|    v_grad_norm        | 0.0137    |
|    value_loss         | 2.49e-05  |
-------------------------------------
Eval num_timesteps=465000, episode_reward=-1623.23 +/- 1495.89
Episode length: 500.00 +/- 0.00
-------------------------------------
| eval/                 |           |
|    mean_ep_length     | 500       |
|    mean_reward        | -1.62e+03 |
| time/                 |           |
|    total_timesteps    | 465000    |
| train/                |           |
|    d_grad_norm        | 1.01      |
|    entropy_loss       | -2.02     |
|    explained_variance | 0.9879135 |
|    learning_rate      | 0.00995   |
|    n_updates          | 58121     |
|    policy_loss        | 1.4       |
|    std                | 0.142     |
|    u_grad_norm        | 0.0942    |
|    v_grad_norm        | 0.978     |
|    value_loss         | 1.57      |
-------------------------------------
Eval num_timesteps=590000, episode_reward=-598.62 +/- 904.15
Episode length: 500.00 +/- 0.00
--------------------------------------
| eval/                 |            |
|    mean_ep_length     | 500        |
|    mean_reward        | -599       |
| time/                 |            |
|    total_timesteps    | 590000     |
| train/                |            |
|    d_grad_norm        | 0.915      |
|    entropy_loss       | -1.95      |
|    explained_variance | 0.97617894 |
|    learning_rate      | 0.00983    |
|    n_updates          | 73746      |
|    policy_loss        | -0.0556    |
|    std                | 0.301      |
|    u_grad_norm        | 0.0592     |
|    v_grad_norm        | 0.916      |
|    value_loss         | 0.447      |
--------------------------------------
New best mean reward!
-------------------------------------
| rollout/              |           |
|    ep_len_mean        | 500       |
|    ep_rew_mean        | -762      |
| time/                 |           |
|    fps                | 9         |
|    iterations         | 610300    |
|    time_elapsed       | 1130      |
|    total_timesteps    | 619400    |
| train/                |           |
|    d_grad_norm        | 0.99      |
|    entropy_loss       | -2.03     |
|    explained_variance | 0.9989793 |
|    learning_rate      | 0.0098    |
|    n_updates          | 77421     |
|    policy_loss        | -0.492    |
|    std                | 0.212     |
|    u_grad_norm        | 0.0164    |
|    v_grad_norm        | 0.938     |
|    value_loss         | 0.148     |
-------------------------------------
New best mean reward!
--------------------------------------
| rollout/              |            |
|    ep_len_mean        | 500        |
|    ep_rew_mean        | -971       |
| time/                 |            |
|    fps                | 9          |
|    iterations         | 597300     |
|    time_elapsed       | 1131       |
|    total_timesteps    | 606400     |
| train/                |            |
|    d_grad_norm        | 0.00138    |
|    entropy_loss       | 0.0318     |
|    explained_variance | 0.92927194 |
|    learning_rate      | 0.00982    |
|    n_updates          | 75796      |
|    policy_loss        | -9.15e-05  |
|    std                | 0.348      |
|    u_grad_norm        | 0.00288    |
|    v_grad_norm        | 0.000813   |
|    value_loss         | 5.64e-08   |
--------------------------------------
New best mean reward!
--------------------------------------
| rollout/              |            |
|    ep_len_mean        | 500        |
|    ep_rew_mean        | -1.72e+03  |
| time/                 |            |
|    fps                | 9          |
|    iterations         | 440300     |
|    time_elapsed       | 1131       |
|    total_timesteps    | 449400     |
| train/                |            |
|    d_grad_norm        | 0.982      |
|    entropy_loss       | -1.91      |
|    explained_variance | 0.92753285 |
|    learning_rate      | 0.00996    |
|    n_updates          | 56171      |
|    policy_loss        | 6.75       |
|    std                | 0.337      |
|    u_grad_norm        | 0.0812     |
|    v_grad_norm        | 0.864      |
|    value_loss         | 13.3       |
--------------------------------------
New best mean reward!
-------------------------------------
| rollout/              |           |
|    ep_len_mean        | 500       |
|    ep_rew_mean        | -1.04e+03 |
| time/                 |           |
|    fps                | 9         |
|    iterations         | 562300    |
|    time_elapsed       | 1131      |
|    total_timesteps    | 571400    |
| train/                |           |
|    d_grad_norm        | 0.0346    |
|    entropy_loss       | -0.28     |
|    explained_variance | 0.5519712 |
|    learning_rate      | 0.00985   |
|    n_updates          | 71421     |
|    policy_loss        | -1.39e-05 |
|    std                | 0.377     |
|    u_grad_norm        | 0.146     |
|    v_grad_norm        | 0.012     |
|    value_loss         | 4.78e-06  |
-------------------------------------
New best mean reward!
--------------------------------------
| rollout/              |            |
|    ep_len_mean        | 500        |
|    ep_rew_mean        | -775       |
| time/                 |            |
|    fps                | 9          |
|    iterations         | 592300     |
|    time_elapsed       | 1131       |
|    total_timesteps    | 601400     |
| train/                |            |
|    d_grad_norm        | 0.000777   |
|    entropy_loss       | -0.169     |
|    explained_variance | -6.0487986 |
|    learning_rate      | 0.00982    |
|    n_updates          | 75171      |
|    policy_loss        | -0.000563  |
|    std                | 0.411      |
|    u_grad_norm        | 0.317      |
|    v_grad_norm        | 0.00113    |
|    value_loss         | 6.48e-06   |
--------------------------------------
New best mean reward!
-------------------------------------
| rollout/              |           |
|    ep_len_mean        | 500       |
|    ep_rew_mean        | -793      |
| time/                 |           |
|    fps                | 9         |
|    iterations         | 612300    |
|    time_elapsed       | 1131      |
|    total_timesteps    | 621400    |
| train/                |           |
|    d_grad_norm        | 1.06      |
|    entropy_loss       | -2.47     |
|    explained_variance | 0.9999397 |
|    learning_rate      | 0.0098    |
|    n_updates          | 77671     |
|    policy_loss        | -0.749    |
|    std                | 0.231     |
|    u_grad_norm        | 0.0627    |
|    v_grad_norm        | 0.961     |
|    value_loss         | 0.088     |
-------------------------------------
New best mean reward!
---------------------------------------
| rollout/              |             |
|    ep_len_mean        | 500         |
|    ep_rew_mean        | -931        |
| time/                 |             |
|    fps                | 9           |
|    iterations         | 399300      |
|    time_elapsed       | 1132        |
|    total_timesteps    | 408400      |
| train/                |             |
|    d_grad_norm        | 0.0086      |
|    entropy_loss       | -0.415      |
|    explained_variance | -0.09873688 |
|    learning_rate      | 0.01        |
|    n_updates          | 51046       |
|    policy_loss        | 9.76e-05    |
|    std                | 0.341       |
|    u_grad_norm        | 0.00483     |
|    v_grad_norm        | 0.00828     |
|    value_loss         | 1.68e-06    |
---------------------------------------
New best mean reward!
--------------------------------------
| rollout/              |            |
|    ep_len_mean        | 500        |
|    ep_rew_mean        | -1.06e+03  |
| time/                 |            |
|    fps                | 9          |
|    iterations         | 479300     |
|    time_elapsed       | 1133       |
|    total_timesteps    | 488400     |
| train/                |            |
|    d_grad_norm        | 0.852      |
|    entropy_loss       | -3.38      |
|    explained_variance | 0.92135084 |
|    learning_rate      | 0.00993    |
|    n_updates          | 61046      |
|    policy_loss        | 0.761      |
|    std                | 0.34       |
|    u_grad_norm        | 0.0607     |
|    v_grad_norm        | 0.93       |
|    value_loss         | 6.79       |
--------------------------------------
New best mean reward!
--------------------------------------
| rollout/              |            |
|    ep_len_mean        | 500        |
|    ep_rew_mean        | -1.22e+03  |
| time/                 |            |
|    fps                | 9          |
|    iterations         | 456300     |
|    time_elapsed       | 1133       |
|    total_timesteps    | 465400     |
| train/                |            |
|    d_grad_norm        | 0.00775    |
|    entropy_loss       | -0.386     |
|    explained_variance | 0.94614893 |
|    learning_rate      | 0.00995    |
|    n_updates          | 58171      |
|    policy_loss        | -0.00117   |
|    std                | 0.142      |
|    u_grad_norm        | 0.181      |
|    v_grad_norm        | 0.00471    |
|    value_loss         | 3.28e-06   |
--------------------------------------
New best mean reward!
--------------------------------------
| rollout/              |            |
|    ep_len_mean        | 500        |
|    ep_rew_mean        | -1.06e+03  |
| time/                 |            |
|    fps                | 9          |
|    iterations         | 581300     |
|    time_elapsed       | 1134       |
|    total_timesteps    | 590400     |
| train/                |            |
|    d_grad_norm        | 0.00703    |
|    entropy_loss       | -0.258     |
|    explained_variance | 0.92990005 |
|    learning_rate      | 0.00983    |
|    n_updates          | 73796      |
|    policy_loss        | -0.000471  |
|    std                | 0.301      |
|    u_grad_norm        | 0.123      |
|    v_grad_norm        | 0.00371    |
|    value_loss         | 9.25e-07   |
--------------------------------------
-------------------------------------
| rollout/              |           |
|    ep_len_mean        | 500       |
|    ep_rew_mean        | -788      |
| time/                 |           |
|    fps                | 9         |
|    iterations         | 610400    |
|    time_elapsed       | 1229      |
|    total_timesteps    | 620200    |
| train/                |           |
|    d_grad_norm        | 0.196     |
|    entropy_loss       | -2.22     |
|    explained_variance | 0.9987922 |
|    learning_rate      | 0.0098    |
|    n_updates          | 77521     |
|    policy_loss        | 0.0135    |
|    std                | 0.212     |
|    u_grad_norm        | 0.0372    |
|    v_grad_norm        | 0.954     |
|    value_loss         | 0.158     |
-------------------------------------
--------------------------------------
| rollout/              |            |
|    ep_len_mean        | 500        |
|    ep_rew_mean        | -769       |
| time/                 |            |
|    fps                | 9          |
|    iterations         | 592400     |
|    time_elapsed       | 1229       |
|    total_timesteps    | 602200     |
| train/                |            |
|    d_grad_norm        | 0.00589    |
|    entropy_loss       | -0.15      |
|    explained_variance | 0.04272902 |
|    learning_rate      | 0.00982    |
|    n_updates          | 75271      |
|    policy_loss        | 0.000318   |
|    std                | 0.412      |
|    u_grad_norm        | 0.0146     |
|    v_grad_norm        | 0.00485    |
|    value_loss         | 1.61e-06   |
--------------------------------------
--------------------------------------
| rollout/              |            |
|    ep_len_mean        | 500        |
|    ep_rew_mean        | -971       |
| time/                 |            |
|    fps                | 9          |
|    iterations         | 597400     |
|    time_elapsed       | 1229       |
|    total_timesteps    | 607200     |
| train/                |            |
|    d_grad_norm        | 0.93       |
|    entropy_loss       | -2.54      |
|    explained_variance | 0.99080306 |
|    learning_rate      | 0.00982    |
|    n_updates          | 75896      |
|    policy_loss        | -25.5      |
|    std                | 0.348      |
|    u_grad_norm        | 0.315      |
|    v_grad_norm        | 0.868      |
|    value_loss         | 40.1       |
--------------------------------------
--------------------------------------
| rollout/              |            |
|    ep_len_mean        | 500        |
|    ep_rew_mean        | -836       |
| time/                 |            |
|    fps                | 9          |
|    iterations         | 612400     |
|    time_elapsed       | 1230       |
|    total_timesteps    | 622200     |
| train/                |            |
|    d_grad_norm        | 0.0124     |
|    entropy_loss       | -0.242     |
|    explained_variance | -0.2694298 |
|    learning_rate      | 0.0098     |
|    n_updates          | 77771      |
|    policy_loss        | -9.14e-05  |
|    std                | 0.231      |
|    u_grad_norm        | 0.141      |
|    v_grad_norm        | 0.0102     |
|    value_loss         | 3.32e-06   |
--------------------------------------
--------------------------------------
| rollout/              |            |
|    ep_len_mean        | 500        |
|    ep_rew_mean        | -1.05e+03  |
| time/                 |            |
|    fps                | 9          |
|    iterations         | 562400     |
|    time_elapsed       | 1230       |
|    total_timesteps    | 572200     |
| train/                |            |
|    d_grad_norm        | 1.02       |
|    entropy_loss       | -2.87      |
|    explained_variance | 0.99743617 |
|    learning_rate      | 0.00985    |
|    n_updates          | 71521      |
|    policy_loss        | -0.582     |
|    std                | 0.376      |
|    u_grad_norm        | 0.0615     |
|    v_grad_norm        | 0.927      |
|    value_loss         | 0.0901     |
--------------------------------------
-------------------------------------
| rollout/              |           |
|    ep_len_mean        | 500       |
|    ep_rew_mean        | -903      |
| time/                 |           |
|    fps                | 9         |
|    iterations         | 399400    |
|    time_elapsed       | 1231      |
|    total_timesteps    | 409200    |
| train/                |           |
|    d_grad_norm        | 0.895     |
|    entropy_loss       | -2.24     |
|    explained_variance | 0.9957804 |
|    learning_rate      | 0.01      |
|    n_updates          | 51146     |
|    policy_loss        | -3.01     |
|    std                | 0.339     |
|    u_grad_norm        | 0.23      |
|    v_grad_norm        | 0.9       |
|    value_loss         | 2.04      |
-------------------------------------
--------------------------------------
| rollout/              |            |
|    ep_len_mean        | 500        |
|    ep_rew_mean        | -1.7e+03   |
| time/                 |            |
|    fps                | 9          |
|    iterations         | 440400     |
|    time_elapsed       | 1231       |
|    total_timesteps    | 450200     |
| train/                |            |
|    d_grad_norm        | 0.00245    |
|    entropy_loss       | -0.354     |
|    explained_variance | 0.39293933 |
|    learning_rate      | 0.00996    |
|    n_updates          | 56271      |
|    policy_loss        | 0.000362   |
|    std                | 0.337      |
|    u_grad_norm        | 0.216      |
|    v_grad_norm        | 0.0141     |
|    value_loss         | 1.04e-05   |
--------------------------------------
--------------------------------------
| rollout/              |            |
|    ep_len_mean        | 500        |
|    ep_rew_mean        | -1.06e+03  |
| time/                 |            |
|    fps                | 9          |
|    iterations         | 581400     |
|    time_elapsed       | 1231       |
|    total_timesteps    | 591200     |
| train/                |            |
|    d_grad_norm        | 0.0193     |
|    entropy_loss       | -0.149     |
|    explained_variance | -0.8180404 |
|    learning_rate      | 0.00983    |
|    n_updates          | 73896      |
|    policy_loss        | -0.00061   |
|    std                | 0.3        |
|    u_grad_norm        | 0.151      |
|    v_grad_norm        | 0.0106     |
|    value_loss         | 7.09e-06   |
--------------------------------------
---------------------------------------
| rollout/              |             |
|    ep_len_mean        | 500         |
|    ep_rew_mean        | -1.11e+03   |
| time/                 |             |
|    fps                | 9           |
|    iterations         | 479400      |
|    time_elapsed       | 1232        |
|    total_timesteps    | 489200      |
| train/                |             |
|    d_grad_norm        | 0.0206      |
|    entropy_loss       | 0.0357      |
|    explained_variance | -0.14989388 |
|    learning_rate      | 0.00993     |
|    n_updates          | 61146       |
|    policy_loss        | 0.000858    |
|    std                | 0.339       |
|    u_grad_norm        | 0.256       |
|    v_grad_norm        | 0.0167      |
|    value_loss         | 9.02e-06    |
---------------------------------------
--------------------------------------
| rollout/              |            |
|    ep_len_mean        | 500        |
|    ep_rew_mean        | -1.25e+03  |
| time/                 |            |
|    fps                | 9          |
|    iterations         | 456400     |
|    time_elapsed       | 1232       |
|    total_timesteps    | 466200     |
| train/                |            |
|    d_grad_norm        | 0.0018     |
|    entropy_loss       | -0.25      |
|    explained_variance | -1.1622605 |
|    learning_rate      | 0.00995    |
|    n_updates          | 58271      |
|    policy_loss        | -4.47e-05  |
|    std                | 0.142      |
|    u_grad_norm        | 0.0123     |
|    v_grad_norm        | 0.0011     |
|    value_loss         | 7.02e-08   |
--------------------------------------
---------------------------------------
| rollout/              |             |
|    ep_len_mean        | 500         |
|    ep_rew_mean        | -811        |
| time/                 |             |
|    fps                | 9           |
|    iterations         | 610500      |
|    time_elapsed       | 1254        |
|    total_timesteps    | 621000      |
| train/                |             |
|    d_grad_norm        | 0.00268     |
|    entropy_loss       | 0.056       |
|    explained_variance | -0.80528665 |
|    learning_rate      | 0.0098      |
|    n_updates          | 77621       |
|    policy_loss        | -0.000133   |
|    std                | 0.213       |
|    u_grad_norm        | 0.0425      |
|    v_grad_norm        | 0.00172     |
|    value_loss         | 1.77e-07    |
---------------------------------------
--------------------------------------
| rollout/              |            |
|    ep_len_mean        | 500        |
|    ep_rew_mean        | -774       |
| time/                 |            |
|    fps                | 9          |
|    iterations         | 592500     |
|    time_elapsed       | 1254       |
|    total_timesteps    | 603000     |
| train/                |            |
|    d_grad_norm        | 0.00806    |
|    entropy_loss       | -1.12      |
|    explained_variance | -5.0974994 |
|    learning_rate      | 0.00982    |
|    n_updates          | 75371      |
|    policy_loss        | 0.00562    |
|    std                | 0.413      |
|    u_grad_norm        | 0.189      |
|    v_grad_norm        | 0.0133     |
|    value_loss         | 0.000205   |
--------------------------------------
-------------------------------------
| rollout/              |           |
|    ep_len_mean        | 500       |
|    ep_rew_mean        | -1.06e+03 |
| time/                 |           |
|    fps                | 9         |
|    iterations         | 562500    |
|    time_elapsed       | 1255      |
|    total_timesteps    | 573000    |
| train/                |           |
|    d_grad_norm        | 0.0127    |
|    entropy_loss       | -0.0849   |
|    explained_variance | -2.390801 |
|    learning_rate      | 0.00985   |
|    n_updates          | 71621     |
|    policy_loss        | 0.000299  |
|    std                | 0.376     |
|    u_grad_norm        | 0.0181    |
|    v_grad_norm        | 0.00402   |
|    value_loss         | 7.1e-07   |
-------------------------------------
--------------------------------------
| rollout/              |            |
|    ep_len_mean        | 500        |
|    ep_rew_mean        | -995       |
| time/                 |            |
|    fps                | 9          |
|    iterations         | 597500     |
|    time_elapsed       | 1255       |
|    total_timesteps    | 608000     |
| train/                |            |
|    d_grad_norm        | 1.07       |
|    entropy_loss       | -3.3       |
|    explained_variance | 0.99904835 |
|    learning_rate      | 0.00982    |
|    n_updates          | 75996      |
|    policy_loss        | -2.31      |
|    std                | 0.348      |
|    u_grad_norm        | 0.0416     |
|    v_grad_norm        | 0.979      |
|    value_loss         | 0.632      |
--------------------------------------
--------------------------------------
| rollout/              |            |
|    ep_len_mean        | 500        |
|    ep_rew_mean        | -832       |
| time/                 |            |
|    fps                | 9          |
|    iterations         | 612500     |
|    time_elapsed       | 1255       |
|    total_timesteps    | 623000     |
| train/                |            |
|    d_grad_norm        | 0.00496    |
|    entropy_loss       | -0.146     |
|    explained_variance | -1.3284988 |
|    learning_rate      | 0.0098     |
|    n_updates          | 77871      |
|    policy_loss        | 0.000164   |
|    std                | 0.23       |
|    u_grad_norm        | 0.101      |
|    v_grad_norm        | 0.00381    |
|    value_loss         | 5.67e-07   |
--------------------------------------
--------------------------------------
| rollout/              |            |
|    ep_len_mean        | 500        |
|    ep_rew_mean        | -878       |
| time/                 |            |
|    fps                | 9          |
|    iterations         | 399500     |
|    time_elapsed       | 1256       |
|    total_timesteps    | 410000     |
| train/                |            |
|    d_grad_norm        | 0.0693     |
|    entropy_loss       | -0.434     |
|    explained_variance | 0.25194597 |
|    learning_rate      | 0.01       |
|    n_updates          | 51246      |
|    policy_loss        | 0.000305   |
|    std                | 0.34       |
|    u_grad_norm        | 0.114      |
|    v_grad_norm        | 0.0324     |
|    value_loss         | 2.47e-05   |
--------------------------------------
-------------------------------------
| rollout/              |           |
|    ep_len_mean        | 500       |
|    ep_rew_mean        | -1.67e+03 |
| time/                 |           |
|    fps                | 9         |
|    iterations         | 440500    |
|    time_elapsed       | 1256      |
|    total_timesteps    | 451000    |
| train/                |           |
|    d_grad_norm        | 0.991     |
|    entropy_loss       | -3.6      |
|    explained_variance | 0.9950944 |
|    learning_rate      | 0.00996   |
|    n_updates          | 56371     |
|    policy_loss        | -4.49     |
|    std                | 0.337     |
|    u_grad_norm        | 0.0548    |
|    v_grad_norm        | 1.01      |
|    value_loss         | 2.03      |
-------------------------------------
-------------------------------------
| rollout/              |           |
|    ep_len_mean        | 500       |
|    ep_rew_mean        | -1.02e+03 |
| time/                 |           |
|    fps                | 9         |
|    iterations         | 581500    |
|    time_elapsed       | 1256      |
|    total_timesteps    | 592000    |
| train/                |           |
|    d_grad_norm        | 0.0131    |
|    entropy_loss       | -0.171    |
|    explained_variance | 0.238181  |
|    learning_rate      | 0.00983   |
|    n_updates          | 73996     |
|    policy_loss        | -3.77e-05 |
|    std                | 0.3       |
|    u_grad_norm        | 0.16      |
|    v_grad_norm        | 0.00689   |
|    value_loss         | 2.78e-06  |
-------------------------------------
-------------------------------------
| rollout/              |           |
|    ep_len_mean        | 500       |
|    ep_rew_mean        | -1.08e+03 |
| time/                 |           |
|    fps                | 9         |
|    iterations         | 479500    |
|    time_elapsed       | 1257      |
|    total_timesteps    | 490000    |
| train/                |           |
|    d_grad_norm        | 0.0057    |
|    entropy_loss       | -0.0451   |
|    explained_variance | 0.7078204 |
|    learning_rate      | 0.00993   |
|    n_updates          | 61246     |
|    policy_loss        | -6.78e-05 |
|    std                | 0.339     |
|    u_grad_norm        | 0.139     |
|    v_grad_norm        | 0.00376   |
|    value_loss         | 6.12e-07  |
-------------------------------------
-------------------------------------
| rollout/              |           |
|    ep_len_mean        | 500       |
|    ep_rew_mean        | -1.24e+03 |
| time/                 |           |
|    fps                | 9         |
|    iterations         | 456500    |
|    time_elapsed       | 1257      |
|    total_timesteps    | 467000    |
| train/                |           |
|    d_grad_norm        | 0.0146    |
|    entropy_loss       | -0.269    |
|    explained_variance | 0.8366787 |
|    learning_rate      | 0.00995   |
|    n_updates          | 58371     |
|    policy_loss        | 0.000155  |
|    std                | 0.142     |
|    u_grad_norm        | 0.197     |
|    v_grad_norm        | 0.00885   |
|    value_loss         | 3.73e-06  |
-------------------------------------
----------------------------------------
| rollout/              |              |
|    ep_len_mean        | 500          |
|    ep_rew_mean        | -1.06e+03    |
| time/                 |              |
|    fps                | 9            |
|    iterations         | 562600       |
|    time_elapsed       | 1352         |
|    total_timesteps    | 573800       |
| train/                |              |
|    d_grad_norm        | 0.0109       |
|    entropy_loss       | -0.0689      |
|    explained_variance | -0.067736626 |
|    learning_rate      | 0.00985      |
|    n_updates          | 71721        |
|    policy_loss        | -0.00101     |
|    std                | 0.376        |
|    u_grad_norm        | 0.243        |
|    v_grad_norm        | 0.00492      |
|    value_loss         | 9.79e-07     |
----------------------------------------
-------------------------------------
| rollout/              |           |
|    ep_len_mean        | 500       |
|    ep_rew_mean        | -820      |
| time/                 |           |
|    fps                | 9         |
|    iterations         | 610600    |
|    time_elapsed       | 1352      |
|    total_timesteps    | 621800    |
| train/                |           |
|    d_grad_norm        | 1.06      |
|    entropy_loss       | -1.98     |
|    explained_variance | 0.9559302 |
|    learning_rate      | 0.0098    |
|    n_updates          | 77721     |
|    policy_loss        | -3.27     |
|    std                | 0.213     |
|    u_grad_norm        | 0.247     |
|    v_grad_norm        | 0.897     |
|    value_loss         | 2.76      |
-------------------------------------
-------------------------------------
| rollout/              |           |
|    ep_len_mean        | 500       |
|    ep_rew_mean        | -966      |
| time/                 |           |
|    fps                | 9         |
|    iterations         | 597600    |
|    time_elapsed       | 1352      |
|    total_timesteps    | 608800    |
| train/                |           |
|    d_grad_norm        | 1.1       |
|    entropy_loss       | -3.18     |
|    explained_variance | 0.9997787 |
|    learning_rate      | 0.00981   |
|    n_updates          | 76096     |
|    policy_loss        | -1.82     |
|    std                | 0.345     |
|    u_grad_norm        | 0.0919    |
|    v_grad_norm        | 0.961     |
|    value_loss         | 0.193     |
-------------------------------------
-------------------------------------
| rollout/              |           |
|    ep_len_mean        | 500       |
|    ep_rew_mean        | -773      |
| time/                 |           |
|    fps                | 9         |
|    iterations         | 592600    |
|    time_elapsed       | 1353      |
|    total_timesteps    | 603800    |
| train/                |           |
|    d_grad_norm        | 0.0409    |
|    entropy_loss       | -0.247    |
|    explained_variance | 0.2301879 |
|    learning_rate      | 0.00982   |
|    n_updates          | 75471     |
|    policy_loss        | 0.000909  |
|    std                | 0.415     |
|    u_grad_norm        | 0.864     |
|    v_grad_norm        | 0.0163    |
|    value_loss         | 1.3e-05   |
-------------------------------------
-------------------------------------
| rollout/              |           |
|    ep_len_mean        | 500       |
|    ep_rew_mean        | -861      |
| time/                 |           |
|    fps                | 9         |
|    iterations         | 612600    |
|    time_elapsed       | 1353      |
|    total_timesteps    | 623800    |
| train/                |           |
|    d_grad_norm        | 0.822     |
|    entropy_loss       | -2.04     |
|    explained_variance | 0.9975692 |
|    learning_rate      | 0.0098    |
|    n_updates          | 77971     |
|    policy_loss        | 7.44      |
|    std                | 0.23      |
|    u_grad_norm        | 0.268     |
|    v_grad_norm        | 0.885     |
|    value_loss         | 7.51      |
-------------------------------------
-------------------------------------
| rollout/              |           |
|    ep_len_mean        | 500       |
|    ep_rew_mean        | -874      |
| time/                 |           |
|    fps                | 9         |
|    iterations         | 399600    |
|    time_elapsed       | 1354      |
|    total_timesteps    | 410800    |
| train/                |           |
|    d_grad_norm        | 0.0102    |
|    entropy_loss       | -0.278    |
|    explained_variance | -42.22569 |
|    learning_rate      | 0.01      |
|    n_updates          | 51346     |
|    policy_loss        | -0.000746 |
|    std                | 0.34      |
|    u_grad_norm        | 0.162     |
|    v_grad_norm        | 0.00925   |
|    value_loss         | 5.88e-06  |
-------------------------------------
-------------------------------------
| rollout/              |           |
|    ep_len_mean        | 500       |
|    ep_rew_mean        | -1.66e+03 |
| time/                 |           |
|    fps                | 9         |
|    iterations         | 440600    |
|    time_elapsed       | 1354      |
|    total_timesteps    | 451800    |
| train/                |           |
|    d_grad_norm        | 0.0237    |
|    entropy_loss       | -0.689    |
|    explained_variance | -64.31281 |
|    learning_rate      | 0.00996   |
|    n_updates          | 56471     |
|    policy_loss        | -0.00761  |
|    std                | 0.336     |
|    u_grad_norm        | 0.651     |
|    v_grad_norm        | 0.00856   |
|    value_loss         | 1.79e-05  |
-------------------------------------
-------------------------------------
| rollout/              |           |
|    ep_len_mean        | 500       |
|    ep_rew_mean        | -1e+03    |
| time/                 |           |
|    fps                | 9         |
|    iterations         | 581600    |
|    time_elapsed       | 1355      |
|    total_timesteps    | 592800    |
| train/                |           |
|    d_grad_norm        | 0.0214    |
|    entropy_loss       | -0.169    |
|    explained_variance | -202.9705 |
|    learning_rate      | 0.00983   |
|    n_updates          | 74096     |
|    policy_loss        | -0.00439  |
|    std                | 0.299     |
|    u_grad_norm        | 0.575     |
|    v_grad_norm        | 0.0092    |
|    value_loss         | 1.66e-05  |
-------------------------------------
--------------------------------------
| rollout/              |            |
|    ep_len_mean        | 500        |
|    ep_rew_mean        | -1.04e+03  |
| time/                 |            |
|    fps                | 9          |
|    iterations         | 479600     |
|    time_elapsed       | 1355       |
|    total_timesteps    | 490800     |
| train/                |            |
|    d_grad_norm        | 0.0621     |
|    entropy_loss       | -0.161     |
|    explained_variance | -1.7067888 |
|    learning_rate      | 0.00993    |
|    n_updates          | 61346      |
|    policy_loss        | -0.0185    |
|    std                | 0.34       |
|    u_grad_norm        | 1.01       |
|    v_grad_norm        | 0.012      |
|    value_loss         | 5.97e-05   |
--------------------------------------
-------------------------------------
| rollout/              |           |
|    ep_len_mean        | 500       |
|    ep_rew_mean        | -1.25e+03 |
| time/                 |           |
|    fps                | 9         |
|    iterations         | 456600    |
|    time_elapsed       | 1355      |
|    total_timesteps    | 467800    |
| train/                |           |
|    d_grad_norm        | 0.00276   |
|    entropy_loss       | -0.269    |
|    explained_variance | -9.945946 |
|    learning_rate      | 0.00995   |
|    n_updates          | 58471     |
|    policy_loss        | -6.1e-05  |
|    std                | 0.142     |
|    u_grad_norm        | 0.0148    |
|    v_grad_norm        | 0.00123   |
|    value_loss         | 2.59e-06  |
-------------------------------------
-------------------------------------
| rollout/              |           |
|    ep_len_mean        | 500       |
|    ep_rew_mean        | -798      |
| time/                 |           |
|    fps                | 9         |
|    iterations         | 592700    |
|    time_elapsed       | 1449      |
|    total_timesteps    | 604600    |
| train/                |           |
|    d_grad_norm        | 0.89      |
|    entropy_loss       | -2.93     |
|    explained_variance | 0.9131121 |
|    learning_rate      | 0.00982   |
|    n_updates          | 75571     |
|    policy_loss        | -6.84     |
|    std                | 0.415     |
|    u_grad_norm        | 0.127     |
|    v_grad_norm        | 0.939     |
|    value_loss         | 5.88      |
-------------------------------------
---------------------------------------
| rollout/              |             |
|    ep_len_mean        | 500         |
|    ep_rew_mean        | -1.06e+03   |
| time/                 |             |
|    fps                | 9           |
|    iterations         | 562700      |
|    time_elapsed       | 1450        |
|    total_timesteps    | 574600      |
| train/                |             |
|    d_grad_norm        | 0.00466     |
|    entropy_loss       | -0.0596     |
|    explained_variance | -0.40959334 |
|    learning_rate      | 0.00985     |
|    n_updates          | 71821       |
|    policy_loss        | -0.000863   |
|    std                | 0.375       |
|    u_grad_norm        | 0.0716      |
|    v_grad_norm        | 0.0126      |
|    value_loss         | 6.96e-06    |
---------------------------------------
--------------------------------------
| rollout/              |            |
|    ep_len_mean        | 500        |
|    ep_rew_mean        | -852       |
| time/                 |            |
|    fps                | 9          |
|    iterations         | 610700     |
|    time_elapsed       | 1450       |
|    total_timesteps    | 622600     |
| train/                |            |
|    d_grad_norm        | 0.217      |
|    entropy_loss       | -2.12      |
|    explained_variance | 0.99657005 |
|    learning_rate      | 0.0098     |
|    n_updates          | 77821      |
|    policy_loss        | -0.232     |
|    std                | 0.211      |
|    u_grad_norm        | 0.0128     |
|    v_grad_norm        | 0.969      |
|    value_loss         | 0.113      |
--------------------------------------
--------------------------------------
| rollout/              |            |
|    ep_len_mean        | 500        |
|    ep_rew_mean        | -956       |
| time/                 |            |
|    fps                | 9          |
|    iterations         | 597700     |
|    time_elapsed       | 1451       |
|    total_timesteps    | 609600     |
| train/                |            |
|    d_grad_norm        | 0.789      |
|    entropy_loss       | -0.802     |
|    explained_variance | 0.12833709 |
|    learning_rate      | 0.00981    |
|    n_updates          | 76196      |
|    policy_loss        | 0.0899     |
|    std                | 0.345      |
|    u_grad_norm        | 0.0916     |
|    v_grad_norm        | 0.748      |
|    value_loss         | 0.84       |
--------------------------------------
-------------------------------------
| rollout/              |           |
|    ep_len_mean        | 500       |
|    ep_rew_mean        | -887      |
| time/                 |           |
|    fps                | 9         |
|    iterations         | 612700    |
|    time_elapsed       | 1452      |
|    total_timesteps    | 624600    |
| train/                |           |
|    d_grad_norm        | 0.884     |
|    entropy_loss       | -1.65     |
|    explained_variance | 0.9761903 |
|    learning_rate      | 0.0098    |
|    n_updates          | 78071     |
|    policy_loss        | 1.86      |
|    std                | 0.229     |
|    u_grad_norm        | 0.219     |
|    v_grad_norm        | 0.838     |
|    value_loss         | 0.487     |
-------------------------------------
-------------------------------------
| rollout/              |           |
|    ep_len_mean        | 500       |
|    ep_rew_mean        | -1.03e+03 |
| time/                 |           |
|    fps                | 9         |
|    iterations         | 581700    |
|    time_elapsed       | 1453      |
|    total_timesteps    | 593600    |
| train/                |           |
|    d_grad_norm        | 0.896     |
|    entropy_loss       | -1.38     |
|    explained_variance | 0.9513948 |
|    learning_rate      | 0.00983   |
|    n_updates          | 74196     |
|    policy_loss        | 7.6       |
|    std                | 0.298     |
|    u_grad_norm        | 0.0184    |
|    v_grad_norm        | 0.915     |
|    value_loss         | 60.1      |
-------------------------------------
--------------------------------------
| rollout/              |            |
|    ep_len_mean        | 500        |
|    ep_rew_mean        | -861       |
| time/                 |            |
|    fps                | 9          |
|    iterations         | 399700     |
|    time_elapsed       | 1453       |
|    total_timesteps    | 411600     |
| train/                |            |
|    d_grad_norm        | 0.0125     |
|    entropy_loss       | -0.298     |
|    explained_variance | -15.269146 |
|    learning_rate      | 0.01       |
|    n_updates          | 51446      |
|    policy_loss        | -0.000211  |
|    std                | 0.339      |
|    u_grad_norm        | 0.0924     |
|    v_grad_norm        | 0.0113     |
|    value_loss         | 6.38e-06   |
--------------------------------------
-------------------------------------
| rollout/              |           |
|    ep_len_mean        | 500       |
|    ep_rew_mean        | -1.02e+03 |
| time/                 |           |
|    fps                | 9         |
|    iterations         | 479700    |
|    time_elapsed       | 1454      |
|    total_timesteps    | 491600    |
| train/                |           |
|    d_grad_norm        | 0.189     |
|    entropy_loss       | -2.14     |
|    explained_variance | 0.9996466 |
|    learning_rate      | 0.00992   |
|    n_updates          | 61446     |
|    policy_loss        | -0.0197   |
|    std                | 0.34      |
|    u_grad_norm        | 0.129     |
|    v_grad_norm        | 0.843     |
|    value_loss         | 0.0181    |
-------------------------------------
-------------------------------------
| rollout/              |           |
|    ep_len_mean        | 500       |
|    ep_rew_mean        | -1.25e+03 |
| time/                 |           |
|    fps                | 9         |
|    iterations         | 456700    |
|    time_elapsed       | 1454      |
|    total_timesteps    | 468600    |
| train/                |           |
|    d_grad_norm        | 0.899     |
|    entropy_loss       | -1.84     |
|    explained_variance | 0.9977337 |
|    learning_rate      | 0.00995   |
|    n_updates          | 58571     |
|    policy_loss        | -1.52     |
|    std                | 0.141     |
|    u_grad_norm        | 0.0736    |
|    v_grad_norm        | 0.977     |
|    value_loss         | 0.877     |
-------------------------------------
-------------------------------------
| rollout/              |           |
|    ep_len_mean        | 500       |
|    ep_rew_mean        | -1.66e+03 |
| time/                 |           |
|    fps                | 9         |
|    iterations         | 440700    |
|    time_elapsed       | 1454      |
|    total_timesteps    | 452600    |
| train/                |           |
|    d_grad_norm        | 0.877     |
|    entropy_loss       | -3.51     |
|    explained_variance | 0.9810008 |
|    learning_rate      | 0.00996   |
|    n_updates          | 56571     |
|    policy_loss        | 4.73      |
|    std                | 0.335     |
|    u_grad_norm        | 0.107     |
|    v_grad_norm        | 0.949     |
|    value_loss         | 1.93      |
-------------------------------------
--------------------------------------
| rollout/              |            |
|    ep_len_mean        | 500        |
|    ep_rew_mean        | -824       |
| time/                 |            |
|    fps                | 9          |
|    iterations         | 592800     |
|    time_elapsed       | 1547       |
|    total_timesteps    | 605400     |
| train/                |            |
|    d_grad_norm        | 0.031      |
|    entropy_loss       | -0.921     |
|    explained_variance | -5.4753675 |
|    learning_rate      | 0.00982    |
|    n_updates          | 75671      |
|    policy_loss        | -0.0097    |
|    std                | 0.413      |
|    u_grad_norm        | 1          |
|    v_grad_norm        | 0.0309     |
|    value_loss         | 0.000163   |
--------------------------------------
-------------------------------------
| rollout/              |           |
|    ep_len_mean        | 500       |
|    ep_rew_mean        | -970      |
| time/                 |           |
|    fps                | 9         |
|    iterations         | 597800    |
|    time_elapsed       | 1548      |
|    total_timesteps    | 610400    |
| train/                |           |
|    d_grad_norm        | 0.0262    |
|    entropy_loss       | 0.146     |
|    explained_variance | -0.659196 |
|    learning_rate      | 0.00981   |
|    n_updates          | 76296     |
|    policy_loss        | -0.00141  |
|    std                | 0.344     |
|    u_grad_norm        | 0.371     |
|    v_grad_norm        | 0.0144    |
|    value_loss         | 1.53e-05  |
-------------------------------------
-------------------------------------
| rollout/              |           |
|    ep_len_mean        | 500       |
|    ep_rew_mean        | -1.06e+03 |
| time/                 |           |
|    fps                | 9         |
|    iterations         | 562800    |
|    time_elapsed       | 1548      |
|    total_timesteps    | 575400    |
| train/                |           |
|    d_grad_norm        | 0.0529    |
|    entropy_loss       | -0.0386   |
|    explained_variance | -10.27177 |
|    learning_rate      | 0.00985   |
|    n_updates          | 71921     |
|    policy_loss        | -0.0007   |
|    std                | 0.375     |
|    u_grad_norm        | 0.0566    |
|    v_grad_norm        | 0.00849   |
|    value_loss         | 4.12e-06  |
-------------------------------------
---------------------------------------
| rollout/              |             |
|    ep_len_mean        | 500         |
|    ep_rew_mean        | -860        |
| time/                 |             |
|    fps                | 9           |
|    iterations         | 610800      |
|    time_elapsed       | 1550        |
|    total_timesteps    | 623400      |
| train/                |             |
|    d_grad_norm        | 0.000193    |
|    entropy_loss       | 0.062       |
|    explained_variance | -0.15744102 |
|    learning_rate      | 0.0098      |
|    n_updates          | 77921       |
|    policy_loss        | 2.14e-05    |
|    std                | 0.211       |
|    u_grad_norm        | 0.00165     |
|    v_grad_norm        | 6.66e-05    |
|    value_loss         | 1.81e-09    |
---------------------------------------
-------------------------------------
| rollout/              |           |
|    ep_len_mean        | 500       |
|    ep_rew_mean        | -895      |
| time/                 |           |
|    fps                | 9         |
|    iterations         | 612800    |
|    time_elapsed       | 1550      |
|    total_timesteps    | 625400    |
| train/                |           |
|    d_grad_norm        | 0.00777   |
|    entropy_loss       | -0.245    |
|    explained_variance | 0.1227659 |
|    learning_rate      | 0.0098    |
|    n_updates          | 78171     |
|    policy_loss        | 0.000147  |
|    std                | 0.23      |
|    u_grad_norm        | 0.0137    |
|    v_grad_norm        | 0.00388   |
|    value_loss         | 3.87e-07  |
-------------------------------------
----------------------------------------
| rollout/              |              |
|    ep_len_mean        | 500          |
|    ep_rew_mean        | -1.01e+03    |
| time/                 |              |
|    fps                | 9            |
|    iterations         | 581800       |
|    time_elapsed       | 1551         |
|    total_timesteps    | 594400       |
| train/                |              |
|    d_grad_norm        | 0.00364      |
|    entropy_loss       | -0.128       |
|    explained_variance | -0.019167423 |
|    learning_rate      | 0.00983      |
|    n_updates          | 74296        |
|    policy_loss        | 1.94e-05     |
|    std                | 0.297        |
|    u_grad_norm        | 0.085        |
|    v_grad_norm        | 0.00347      |
|    value_loss         | 6.13e-07     |
----------------------------------------
-------------------------------------
| rollout/              |           |
|    ep_len_mean        | 500       |
|    ep_rew_mean        | -1.01e+03 |
| time/                 |           |
|    fps                | 9         |
|    iterations         | 479800    |
|    time_elapsed       | 1552      |
|    total_timesteps    | 492400    |
| train/                |           |
|    d_grad_norm        | 0.000268  |
|    entropy_loss       | -0.0122   |
|    explained_variance | 0.8356037 |
|    learning_rate      | 0.00992   |
|    n_updates          | 61546     |
|    policy_loss        | -7.65e-06 |
|    std                | 0.34      |
|    u_grad_norm        | 0.00842   |
|    v_grad_norm        | 0.0002    |
|    value_loss         | 7.76e-08  |
-------------------------------------
---------------------------------------
| rollout/              |             |
|    ep_len_mean        | 500         |
|    ep_rew_mean        | -831        |
| time/                 |             |
|    fps                | 9           |
|    iterations         | 399800      |
|    time_elapsed       | 1552        |
|    total_timesteps    | 412400      |
| train/                |             |
|    d_grad_norm        | 0.272       |
|    entropy_loss       | -0.355      |
|    explained_variance | -0.22354364 |
|    learning_rate      | 0.01        |
|    n_updates          | 51546       |
|    policy_loss        | -0.00228    |
|    std                | 0.338       |
|    u_grad_norm        | 0.265       |
|    v_grad_norm        | 0.0609      |
|    value_loss         | 8.74e-05    |
---------------------------------------
-------------------------------------
| rollout/              |           |
|    ep_len_mean        | 500       |
|    ep_rew_mean        | -1.63e+03 |
| time/                 |           |
|    fps                | 9         |
|    iterations         | 440800    |
|    time_elapsed       | 1552      |
|    total_timesteps    | 453400    |
| train/                |           |
|    d_grad_norm        | 0.0217    |
|    entropy_loss       | -0.5      |
|    explained_variance | 0.6357961 |
|    learning_rate      | 0.00996   |
|    n_updates          | 56671     |
|    policy_loss        | 0.00745   |
|    std                | 0.333     |
|    u_grad_norm        | 0.718     |
|    v_grad_norm        | 0.0138    |
|    value_loss         | 1.25e-05  |
-------------------------------------
----------------------------------------
| rollout/              |              |
|    ep_len_mean        | 500          |
|    ep_rew_mean        | -1.25e+03    |
| time/                 |              |
|    fps                | 9            |
|    iterations         | 456800       |
|    time_elapsed       | 1552         |
|    total_timesteps    | 469400       |
| train/                |              |
|    d_grad_norm        | 0.0297       |
|    entropy_loss       | -0.202       |
|    explained_variance | -0.102371454 |
|    learning_rate      | 0.00995      |
|    n_updates          | 58671        |
|    policy_loss        | 0.000346     |
|    std                | 0.142        |
|    u_grad_norm        | 0.355        |
|    v_grad_norm        | 0.012        |
|    value_loss         | 7.64e-06     |
----------------------------------------
--------------------------------------
| rollout/              |            |
|    ep_len_mean        | 500        |
|    ep_rew_mean        | -814       |
| time/                 |            |
|    fps                | 9          |
|    iterations         | 592900     |
|    time_elapsed       | 1645       |
|    total_timesteps    | 606200     |
| train/                |            |
|    d_grad_norm        | 0.864      |
|    entropy_loss       | -3.08      |
|    explained_variance | 0.99129426 |
|    learning_rate      | 0.00982    |
|    n_updates          | 75771      |
|    policy_loss        | -5.68      |
|    std                | 0.415      |
|    u_grad_norm        | 0.104      |
|    v_grad_norm        | 0.95       |
|    value_loss         | 3.73       |
--------------------------------------
--------------------------------------
| rollout/              |            |
|    ep_len_mean        | 500        |
|    ep_rew_mean        | -1.06e+03  |
| time/                 |            |
|    fps                | 9          |
|    iterations         | 562900     |
|    time_elapsed       | 1646       |
|    total_timesteps    | 576200     |
| train/                |            |
|    d_grad_norm        | 0.0276     |
|    entropy_loss       | -0.0339    |
|    explained_variance | 0.32563716 |
|    learning_rate      | 0.00984    |
|    n_updates          | 72021      |
|    policy_loss        | 0.000978   |
|    std                | 0.374      |
|    u_grad_norm        | 0.0502     |
|    v_grad_norm        | 0.0109     |
|    value_loss         | 5.35e-06   |
--------------------------------------
--------------------------------------
| rollout/              |            |
|    ep_len_mean        | 500        |
|    ep_rew_mean        | -967       |
| time/                 |            |
|    fps                | 9          |
|    iterations         | 597900     |
|    time_elapsed       | 1646       |
|    total_timesteps    | 611200     |
| train/                |            |
|    d_grad_norm        | 0.0188     |
|    entropy_loss       | -0.0118    |
|    explained_variance | -525.19135 |
|    learning_rate      | 0.00981    |
|    n_updates          | 76396      |
|    policy_loss        | -0.00174   |
|    std                | 0.344      |
|    u_grad_norm        | 0.414      |
|    v_grad_norm        | 0.00565    |
|    value_loss         | 6.82e-06   |
--------------------------------------
-------------------------------------
| rollout/              |           |
|    ep_len_mean        | 500       |
|    ep_rew_mean        | -884      |
| time/                 |           |
|    fps                | 9         |
|    iterations         | 612900    |
|    time_elapsed       | 1648      |
|    total_timesteps    | 626200    |
| train/                |           |
|    d_grad_norm        | 1.2       |
|    entropy_loss       | -2.15     |
|    explained_variance | 0.9994399 |
|    learning_rate      | 0.0098    |
|    n_updates          | 78271     |
|    policy_loss        | 1.53      |
|    std                | 0.23      |
|    u_grad_norm        | 0.233     |
|    v_grad_norm        | 0.974     |
|    value_loss         | 0.15      |
-------------------------------------
-------------------------------------
| rollout/              |           |
|    ep_len_mean        | 500       |
|    ep_rew_mean        | -991      |
| time/                 |           |
|    fps                | 9         |
|    iterations         | 581900    |
|    time_elapsed       | 1648      |
|    total_timesteps    | 595200    |
| train/                |           |
|    d_grad_norm        | 0.0127    |
|    entropy_loss       | -0.149    |
|    explained_variance | -8.805339 |
|    learning_rate      | 0.00983   |
|    n_updates          | 74396     |
|    policy_loss        | 0.00157   |
|    std                | 0.298     |
|    u_grad_norm        | 0.136     |
|    v_grad_norm        | 0.00219   |
|    value_loss         | 3.78e-06  |
-------------------------------------
-------------------------------------
| rollout/              |           |
|    ep_len_mean        | 500       |
|    ep_rew_mean        | -865      |
| time/                 |           |
|    fps                | 9         |
|    iterations         | 610900    |
|    time_elapsed       | 1649      |
|    total_timesteps    | 624200    |
| train/                |           |
|    d_grad_norm        | 1.07      |
|    entropy_loss       | -1.24     |
|    explained_variance | 0.9980239 |
|    learning_rate      | 0.0098    |
|    n_updates          | 78021     |
|    policy_loss        | 3.06      |
|    std                | 0.211     |
|    u_grad_norm        | 0.291     |
|    v_grad_norm        | 0.889     |
|    value_loss         | 1.21      |
-------------------------------------
--------------------------------------
| rollout/              |            |
|    ep_len_mean        | 500        |
|    ep_rew_mean        | -824       |
| time/                 |            |
|    fps                | 9          |
|    iterations         | 399900     |
|    time_elapsed       | 1649       |
|    total_timesteps    | 413200     |
| train/                |            |
|    d_grad_norm        | 0.0647     |
|    entropy_loss       | -0.367     |
|    explained_variance | -32.777496 |
|    learning_rate      | 0.01       |
|    n_updates          | 51646      |
|    policy_loss        | 0.0022     |
|    std                | 0.337      |
|    u_grad_norm        | 0.944      |
|    v_grad_norm        | 0.0417     |
|    value_loss         | 7.22e-05   |
--------------------------------------
--------------------------------------
| rollout/              |            |
|    ep_len_mean        | 500        |
|    ep_rew_mean        | -1e+03     |
| time/                 |            |
|    fps                | 9          |
|    iterations         | 479900     |
|    time_elapsed       | 1649       |
|    total_timesteps    | 493200     |
| train/                |            |
|    d_grad_norm        | 0.047      |
|    entropy_loss       | 0.0137     |
|    explained_variance | 0.10211235 |
|    learning_rate      | 0.00992    |
|    n_updates          | 61646      |
|    policy_loss        | 0.0119     |
|    std                | 0.341      |
|    u_grad_norm        | 1          |
|    v_grad_norm        | 0.00878    |
|    value_loss         | 1.83e-05   |
--------------------------------------
-------------------------------------
| rollout/              |           |
|    ep_len_mean        | 500       |
|    ep_rew_mean        | -1.62e+03 |
| time/                 |           |
|    fps                | 9         |
|    iterations         | 440900    |
|    time_elapsed       | 1650      |
|    total_timesteps    | 454200    |
| train/                |           |
|    d_grad_norm        | 0.791     |
|    entropy_loss       | -2.11     |
|    explained_variance | 0.9987186 |
|    learning_rate      | 0.00996   |
|    n_updates          | 56771     |
|    policy_loss        | -1.35     |
|    std                | 0.331     |
|    u_grad_norm        | 0.161     |
|    v_grad_norm        | 0.969     |
|    value_loss         | 0.117     |
-------------------------------------
--------------------------------------
| rollout/              |            |
|    ep_len_mean        | 500        |
|    ep_rew_mean        | -1.25e+03  |
| time/                 |            |
|    fps                | 9          |
|    iterations         | 456900     |
|    time_elapsed       | 1650       |
|    total_timesteps    | 470200     |
| train/                |            |
|    d_grad_norm        | 0.00516    |
|    entropy_loss       | -0.268     |
|    explained_variance | -0.8308563 |
|    learning_rate      | 0.00994    |
|    n_updates          | 58771      |
|    policy_loss        | 0.000547   |
|    std                | 0.141      |
|    u_grad_norm        | 0.0997     |
|    v_grad_norm        | 0.00187    |
|    value_loss         | 1.16e-06   |
--------------------------------------
--------------------------------------
| rollout/              |            |
|    ep_len_mean        | 500        |
|    ep_rew_mean        | -860       |
| time/                 |            |
|    fps                | 9          |
|    iterations         | 593000     |
|    time_elapsed       | 1670       |
|    total_timesteps    | 607000     |
| train/                |            |
|    d_grad_norm        | 1.11       |
|    entropy_loss       | -3.18      |
|    explained_variance | 0.99918985 |
|    learning_rate      | 0.00982    |
|    n_updates          | 75871      |
|    policy_loss        | 1.94       |
|    std                | 0.413      |
|    u_grad_norm        | 0.0514     |
|    v_grad_norm        | 0.959      |
|    value_loss         | 0.412      |
--------------------------------------
--------------------------------------
| rollout/              |            |
|    ep_len_mean        | 500        |
|    ep_rew_mean        | -1.06e+03  |
| time/                 |            |
|    fps                | 9          |
|    iterations         | 563000     |
|    time_elapsed       | 1670       |
|    total_timesteps    | 577000     |
| train/                |            |
|    d_grad_norm        | 0.00984    |
|    entropy_loss       | -0.0751    |
|    explained_variance | -2.1479678 |
|    learning_rate      | 0.00984    |
|    n_updates          | 72121      |
|    policy_loss        | -8.05e-05  |
|    std                | 0.373      |
|    u_grad_norm        | 0.0692     |
|    v_grad_norm        | 0.0042     |
|    value_loss         | 8.01e-07   |
--------------------------------------
----------------------------------------
| rollout/              |              |
|    ep_len_mean        | 500          |
|    ep_rew_mean        | -953         |
| time/                 |              |
|    fps                | 9            |
|    iterations         | 598000       |
|    time_elapsed       | 1672         |
|    total_timesteps    | 612000       |
| train/                |              |
|    d_grad_norm        | 0.037        |
|    entropy_loss       | 0.214        |
|    explained_variance | -0.008769751 |
|    learning_rate      | 0.00981      |
|    n_updates          | 76496        |
|    policy_loss        | -0.00112     |
|    std                | 0.344        |
|    u_grad_norm        | 0.335        |
|    v_grad_norm        | 0.011        |
|    value_loss         | 9.05e-06     |
----------------------------------------
--------------------------------------
| rollout/              |            |
|    ep_len_mean        | 500        |
|    ep_rew_mean        | -895       |
| time/                 |            |
|    fps                | 9          |
|    iterations         | 613000     |
|    time_elapsed       | 1673       |
|    total_timesteps    | 627000     |
| train/                |            |
|    d_grad_norm        | 0.00233    |
|    entropy_loss       | -0.248     |
|    explained_variance | -26.020454 |
|    learning_rate      | 0.0098     |
|    n_updates          | 78371      |
|    policy_loss        | -5.36e-05  |
|    std                | 0.23       |
|    u_grad_norm        | 0.00362    |
|    v_grad_norm        | 0.00127    |
|    value_loss         | 2.46e-07   |
--------------------------------------
-------------------------------------
| rollout/              |           |
|    ep_len_mean        | 500       |
|    ep_rew_mean        | -912      |
| time/                 |           |
|    fps                | 9         |
|    iterations         | 611000    |
|    time_elapsed       | 1674      |
|    total_timesteps    | 625000    |
| train/                |           |
|    d_grad_norm        | 0.983     |
|    entropy_loss       | -1.84     |
|    explained_variance | 0.9864994 |
|    learning_rate      | 0.0098    |
|    n_updates          | 78121     |
|    policy_loss        | 0.684     |
|    std                | 0.21      |
|    u_grad_norm        | 0.0347    |
|    v_grad_norm        | 0.886     |
|    value_loss         | 0.271     |
-------------------------------------
-------------------------------------
| rollout/              |           |
|    ep_len_mean        | 500       |
|    ep_rew_mean        | -980      |
| time/                 |           |
|    fps                | 9         |
|    iterations         | 582000    |
|    time_elapsed       | 1674      |
|    total_timesteps    | 596000    |
| train/                |           |
|    d_grad_norm        | 0.0169    |
|    entropy_loss       | -0.146    |
|    explained_variance | 0.2598223 |
|    learning_rate      | 0.00983   |
|    n_updates          | 74496     |
|    policy_loss        | -0.000182 |
|    std                | 0.297     |
|    u_grad_norm        | 0.0162    |
|    v_grad_norm        | 0.00252   |
|    value_loss         | 3.6e-07   |
-------------------------------------
----------------------------------------
| rollout/              |              |
|    ep_len_mean        | 500          |
|    ep_rew_mean        | -834         |
| time/                 |              |
|    fps                | 9            |
|    iterations         | 400000       |
|    time_elapsed       | 1674         |
|    total_timesteps    | 414000       |
| train/                |              |
|    d_grad_norm        | 0.034        |
|    entropy_loss       | -0.446       |
|    explained_variance | -0.017001629 |
|    learning_rate      | 0.01         |
|    n_updates          | 51746        |
|    policy_loss        | 0.00213      |
|    std                | 0.336        |
|    u_grad_norm        | 0.4          |
|    v_grad_norm        | 0.0184       |
|    value_loss         | 7.97e-06     |
----------------------------------------
----------------------------------------
| rollout/              |              |
|    ep_len_mean        | 500          |
|    ep_rew_mean        | -984         |
| time/                 |              |
|    fps                | 9            |
|    iterations         | 480000       |
|    time_elapsed       | 1674         |
|    total_timesteps    | 494000       |
| train/                |              |
|    d_grad_norm        | 0.0275       |
|    entropy_loss       | 0.0281       |
|    explained_variance | 0.0019800067 |
|    learning_rate      | 0.00992      |
|    n_updates          | 61746        |
|    policy_loss        | -0.00107     |
|    std                | 0.342        |
|    u_grad_norm        | 0.0565       |
|    v_grad_norm        | 0.00858      |
|    value_loss         | 4.96e-06     |
----------------------------------------
--------------------------------------
| rollout/              |            |
|    ep_len_mean        | 500        |
|    ep_rew_mean        | -1.63e+03  |
| time/                 |            |
|    fps                | 9          |
|    iterations         | 441000     |
|    time_elapsed       | 1675       |
|    total_timesteps    | 455000     |
| train/                |            |
|    d_grad_norm        | 0.00979    |
|    entropy_loss       | -0.315     |
|    explained_variance | 0.48272002 |
|    learning_rate      | 0.00996    |
|    n_updates          | 56871      |
|    policy_loss        | 0.00014    |
|    std                | 0.33       |
|    u_grad_norm        | 0.00912    |
|    v_grad_norm        | 0.0049     |
|    value_loss         | 1.31e-06   |
--------------------------------------
--------------------------------------
| rollout/              |            |
|    ep_len_mean        | 500        |
|    ep_rew_mean        | -1.25e+03  |
| time/                 |            |
|    fps                | 9          |
|    iterations         | 457000     |
|    time_elapsed       | 1675       |
|    total_timesteps    | 471000     |
| train/                |            |
|    d_grad_norm        | 0.0025     |
|    entropy_loss       | -0.287     |
|    explained_variance | -1.7825732 |
|    learning_rate      | 0.00994    |
|    n_updates          | 58871      |
|    policy_loss        | -3.97e-05  |
|    std                | 0.141      |
|    u_grad_norm        | 0.00321    |
|    v_grad_norm        | 0.000675   |
|    value_loss         | 8.7e-08    |
--------------------------------------
--------------------------------------
| rollout/              |            |
|    ep_len_mean        | 500        |
|    ep_rew_mean        | -895       |
| time/                 |            |
|    fps                | 9          |
|    iterations         | 593100     |
|    time_elapsed       | 1766       |
|    total_timesteps    | 607800     |
| train/                |            |
|    d_grad_norm        | 0.00209    |
|    entropy_loss       | -0.081     |
|    explained_variance | 0.11193454 |
|    learning_rate      | 0.00982    |
|    n_updates          | 75971      |
|    policy_loss        | -0.000478  |
|    std                | 0.414      |
|    u_grad_norm        | 0.0789     |
|    v_grad_norm        | 0.00739    |
|    value_loss         | 2.51e-06   |
--------------------------------------
--------------------------------------
| rollout/              |            |
|    ep_len_mean        | 500        |
|    ep_rew_mean        | -952       |
| time/                 |            |
|    fps                | 9          |
|    iterations         | 598100     |
|    time_elapsed       | 1769       |
|    total_timesteps    | 612800     |
| train/                |            |
|    d_grad_norm        | 0.00846    |
|    entropy_loss       | 0.173      |
|    explained_variance | 0.39958394 |
|    learning_rate      | 0.00981    |
|    n_updates          | 76596      |
|    policy_loss        | -0.000114  |
|    std                | 0.344      |
|    u_grad_norm        | 0.124      |
|    v_grad_norm        | 0.00345    |
|    value_loss         | 8.44e-07   |
--------------------------------------
--------------------------------------
| rollout/              |            |
|    ep_len_mean        | 500        |
|    ep_rew_mean        | -1.06e+03  |
| time/                 |            |
|    fps                | 9          |
|    iterations         | 563100     |
|    time_elapsed       | 1769       |
|    total_timesteps    | 577800     |
| train/                |            |
|    d_grad_norm        | 0.0428     |
|    entropy_loss       | -0.0635    |
|    explained_variance | 0.23052996 |
|    learning_rate      | 0.00984    |
|    n_updates          | 72221      |
|    policy_loss        | 0.00143    |
|    std                | 0.372      |
|    u_grad_norm        | 0.253      |
|    v_grad_norm        | 0.0219     |
|    value_loss         | 2.19e-05   |
--------------------------------------
--------------------------------------
| rollout/              |            |
|    ep_len_mean        | 500        |
|    ep_rew_mean        | -897       |
| time/                 |            |
|    fps                | 9          |
|    iterations         | 613100     |
|    time_elapsed       | 1771       |
|    total_timesteps    | 627800     |
| train/                |            |
|    d_grad_norm        | 0.00368    |
|    entropy_loss       | -0.102     |
|    explained_variance | 0.68628436 |
|    learning_rate      | 0.0098     |
|    n_updates          | 78471      |
|    policy_loss        | -0.000395  |
|    std                | 0.229      |
|    u_grad_norm        | 0.0652     |
|    v_grad_norm        | 0.00237    |
|    value_loss         | 1.56e-06   |
--------------------------------------
--------------------------------------
| rollout/              |            |
|    ep_len_mean        | 500        |
|    ep_rew_mean        | -991       |
| time/                 |            |
|    fps                | 9          |
|    iterations         | 582100     |
|    time_elapsed       | 1771       |
|    total_timesteps    | 596800     |
| train/                |            |
|    d_grad_norm        | 0.0126     |
|    entropy_loss       | -0.126     |
|    explained_variance | 0.29369086 |
|    learning_rate      | 0.00983    |
|    n_updates          | 74596      |
|    policy_loss        | 0.00282    |
|    std                | 0.298      |
|    u_grad_norm        | 0.367      |
|    v_grad_norm        | 0.00546    |
|    value_loss         | 2.32e-06   |
--------------------------------------
-------------------------------------
| rollout/              |           |
|    ep_len_mean        | 500       |
|    ep_rew_mean        | -864      |
| time/                 |           |
|    fps                | 9         |
|    iterations         | 400100    |
|    time_elapsed       | 1771      |
|    total_timesteps    | 414800    |
| train/                |           |
|    d_grad_norm        | 0.00619   |
|    entropy_loss       | -0.226    |
|    explained_variance | -9.083833 |
|    learning_rate      | 0.01      |
|    n_updates          | 51846     |
|    policy_loss        | -0.000422 |
|    std                | 0.336     |
|    u_grad_norm        | 0.122     |
|    v_grad_norm        | 0.00618   |
|    value_loss         | 1.22e-05  |
-------------------------------------
--------------------------------------
| rollout/              |            |
|    ep_len_mean        | 500        |
|    ep_rew_mean        | -1e+03     |
| time/                 |            |
|    fps                | 9          |
|    iterations         | 480100     |
|    time_elapsed       | 1771       |
|    total_timesteps    | 494800     |
| train/                |            |
|    d_grad_norm        | 0.00204    |
|    entropy_loss       | 0.055      |
|    explained_variance | 0.79844505 |
|    learning_rate      | 0.00992    |
|    n_updates          | 61846      |
|    policy_loss        | -3.17e-05  |
|    std                | 0.341      |
|    u_grad_norm        | 0.0345     |
|    v_grad_norm        | 0.00102    |
|    value_loss         | 6.51e-08   |
--------------------------------------
---------------------------------------
| rollout/              |             |
|    ep_len_mean        | 500         |
|    ep_rew_mean        | -925        |
| time/                 |             |
|    fps                | 9           |
|    iterations         | 611100      |
|    time_elapsed       | 1772        |
|    total_timesteps    | 625800      |
| train/                |             |
|    d_grad_norm        | 0.0153      |
|    entropy_loss       | 0.0354      |
|    explained_variance | -0.55028677 |
|    learning_rate      | 0.0098      |
|    n_updates          | 78221       |
|    policy_loss        | -0.000775   |
|    std                | 0.209       |
|    u_grad_norm        | 0.104       |
|    v_grad_norm        | 0.00667     |
|    value_loss         | 2.93e-06    |
---------------------------------------
-------------------------------------
| rollout/              |           |
|    ep_len_mean        | 500       |
|    ep_rew_mean        | -1.63e+03 |
| time/                 |           |
|    fps                | 9         |
|    iterations         | 441100    |
|    time_elapsed       | 1774      |
|    total_timesteps    | 455800    |
| train/                |           |
|    d_grad_norm        | 0.00916   |
|    entropy_loss       | -0.448    |
|    explained_variance | -92.8796  |
|    learning_rate      | 0.00996   |
|    n_updates          | 56971     |
|    policy_loss        | -0.00158  |
|    std                | 0.33      |
|    u_grad_norm        | 0.154     |
|    v_grad_norm        | 0.00538   |
|    value_loss         | 1.64e-06  |
-------------------------------------
--------------------------------------
| rollout/              |            |
|    ep_len_mean        | 500        |
|    ep_rew_mean        | -1.26e+03  |
| time/                 |            |
|    fps                | 9          |
|    iterations         | 457100     |
|    time_elapsed       | 1774       |
|    total_timesteps    | 471800     |
| train/                |            |
|    d_grad_norm        | 0.00886    |
|    entropy_loss       | -0.28      |
|    explained_variance | -3.7096705 |
|    learning_rate      | 0.00994    |
|    n_updates          | 58971      |
|    policy_loss        | -0.000157  |
|    std                | 0.141      |
|    u_grad_norm        | 0.0329     |
|    v_grad_norm        | 0.00402    |
|    value_loss         | 9.32e-07   |
--------------------------------------
Stopping because gradient norm condition is fulfilled
------------------------------------
| rollout/              |          |
|    ep_len_mean        | 500      |
|    ep_rew_mean        | -930     |
| time/                 |          |
|    fps                | 9        |
|    iterations         | 593200   |
|    time_elapsed       | 1860     |
|    total_timesteps    | 608600   |
| train/                |          |
|    d_grad_norm        | 0.941    |
|    entropy_loss       | -2.94    |
|    explained_variance | 0.994362 |
|    learning_rate      | 0.00981  |
|    n_updates          | 76071    |
|    policy_loss        | -12.2    |
|    std                | 0.414    |
|    u_grad_norm        | 0.0997   |
|    v_grad_norm        | 0.931    |
|    value_loss         | 23.1     |
------------------------------------
-------------------------------------
| rollout/              |           |
|    ep_len_mean        | 500       |
|    ep_rew_mean        | -1.06e+03 |
| time/                 |           |
|    fps                | 9         |
|    iterations         | 563200    |
|    time_elapsed       | 1861      |
|    total_timesteps    | 578600    |
| train/                |           |
|    d_grad_norm        | 1.05      |
|    entropy_loss       | -0.918    |
|    explained_variance | 0.9362187 |
|    learning_rate      | 0.00984   |
|    n_updates          | 72321     |
|    policy_loss        | -0.0731   |
|    std                | 0.37      |
|    u_grad_norm        | 0.522     |
|    v_grad_norm        | 0.852     |
|    value_loss         | 0.0942    |
-------------------------------------
--------------------------------------
| rollout/              |            |
|    ep_len_mean        | 500        |
|    ep_rew_mean        | -936       |
| time/                 |            |
|    fps                | 9          |
|    iterations         | 598200     |
|    time_elapsed       | 1863       |
|    total_timesteps    | 613600     |
| train/                |            |
|    d_grad_norm        | 0.173      |
|    entropy_loss       | -3.07      |
|    explained_variance | 0.99992096 |
|    learning_rate      | 0.00981    |
|    n_updates          | 76696      |
|    policy_loss        | 0.0682     |
|    std                | 0.344      |
|    u_grad_norm        | 0.012      |
|    v_grad_norm        | 0.957      |
|    value_loss         | 0.00657    |
--------------------------------------
-------------------------------------
| rollout/              |           |
|    ep_len_mean        | 500       |
|    ep_rew_mean        | -966      |
| time/                 |           |
|    fps                | 9         |
|    iterations         | 480200    |
|    time_elapsed       | 1863      |
|    total_timesteps    | 495600    |
| train/                |           |
|    d_grad_norm        | 0.955     |
|    entropy_loss       | -2.74     |
|    explained_variance | 0.9959215 |
|    learning_rate      | 0.00992   |
|    n_updates          | 61946     |
|    policy_loss        | 2.14      |
|    std                | 0.342     |
|    u_grad_norm        | 0.242     |
|    v_grad_norm        | 0.829     |
|    value_loss         | 1.01      |
-------------------------------------
-------------------------------------
| rollout/              |           |
|    ep_len_mean        | 500       |
|    ep_rew_mean        | -887      |
| time/                 |           |
|    fps                | 9         |
|    iterations         | 613200    |
|    time_elapsed       | 1864      |
|    total_timesteps    | 628600    |
| train/                |           |
|    d_grad_norm        | 0.988     |
|    entropy_loss       | -1.9      |
|    explained_variance | 0.9751216 |
|    learning_rate      | 0.0098    |
|    n_updates          | 78571     |
|    policy_loss        | 1.11      |
|    std                | 0.23      |
|    u_grad_norm        | 0.275     |
|    v_grad_norm        | 0.892     |
|    value_loss         | 0.515     |
-------------------------------------
-------------------------------------
| rollout/              |           |
|    ep_len_mean        | 500       |
|    ep_rew_mean        | -976      |
| time/                 |           |
|    fps                | 9         |
|    iterations         | 582200    |
|    time_elapsed       | 1864      |
|    total_timesteps    | 597600    |
| train/                |           |
|    d_grad_norm        | 0.938     |
|    entropy_loss       | -1.57     |
|    explained_variance | 0.9691693 |
|    learning_rate      | 0.00982   |
|    n_updates          | 74696     |
|    policy_loss        | 2         |
|    std                | 0.297     |
|    u_grad_norm        | 0.0437    |
|    v_grad_norm        | 0.944     |
|    value_loss         | 4.2       |
-------------------------------------
---------------------------------------
| rollout/              |             |
|    ep_len_mean        | 500         |
|    ep_rew_mean        | -925        |
| time/                 |             |
|    fps                | 9           |
|    iterations         | 611200      |
|    time_elapsed       | 1865        |
|    total_timesteps    | 626600      |
| train/                |             |
|    d_grad_norm        | 0.0136      |
|    entropy_loss       | -0.0506     |
|    explained_variance | 0.017631948 |
|    learning_rate      | 0.0098      |
|    n_updates          | 78321       |
|    policy_loss        | 0.000169    |
|    std                | 0.208       |
|    u_grad_norm        | 0.276       |
|    v_grad_norm        | 0.00733     |
|    value_loss         | 3.95e-06    |
---------------------------------------
--------------------------------------
| rollout/              |            |
|    ep_len_mean        | 500        |
|    ep_rew_mean        | -1.6e+03   |
| time/                 |            |
|    fps                | 9          |
|    iterations         | 441200     |
|    time_elapsed       | 1865       |
|    total_timesteps    | 456600     |
| train/                |            |
|    d_grad_norm        | 0.949      |
|    entropy_loss       | -2.02      |
|    explained_variance | 0.99800324 |
|    learning_rate      | 0.00996    |
|    n_updates          | 57071      |
|    policy_loss        | -0.00427   |
|    std                | 0.331      |
|    u_grad_norm        | 0.0218     |
|    v_grad_norm        | 0.947      |
|    value_loss         | 0.0739     |
--------------------------------------
-------------------------------------
| rollout/              |           |
|    ep_len_mean        | 500       |
|    ep_rew_mean        | -1.26e+03 |
| time/                 |           |
|    fps                | 9         |
|    iterations         | 457200    |
|    time_elapsed       | 1867      |
|    total_timesteps    | 472600    |
| train/                |           |
|    d_grad_norm        | 1.05      |
|    entropy_loss       | -2.18     |
|    explained_variance | 0.9886188 |
|    learning_rate      | 0.00994   |
|    n_updates          | 59071     |
|    policy_loss        | -4.46     |
|    std                | 0.141     |
|    u_grad_norm        | 0.0292    |
|    v_grad_norm        | 0.983     |
|    value_loss         | 8.07      |
-------------------------------------
--------------------------------------
| rollout/              |            |
|    ep_len_mean        | 500        |
|    ep_rew_mean        | -952       |
| time/                 |            |
|    fps                | 9          |
|    iterations         | 593300     |
|    time_elapsed       | 1955       |
|    total_timesteps    | 609400     |
| train/                |            |
|    d_grad_norm        | 0.514      |
|    entropy_loss       | -3.04      |
|    explained_variance | 0.96834683 |
|    learning_rate      | 0.00981    |
|    n_updates          | 76171      |
|    policy_loss        | 0.47       |
|    std                | 0.414      |
|    u_grad_norm        | 0.0173     |
|    v_grad_norm        | 0.923      |
|    value_loss         | 0.0888     |
--------------------------------------
--------------------------------------
| rollout/              |            |
|    ep_len_mean        | 500        |
|    ep_rew_mean        | -1.05e+03  |
| time/                 |            |
|    fps                | 9          |
|    iterations         | 563300     |
|    time_elapsed       | 1956       |
|    total_timesteps    | 579400     |
| train/                |            |
|    d_grad_norm        | 0.000585   |
|    entropy_loss       | -0.153     |
|    explained_variance | -30.601337 |
|    learning_rate      | 0.00984    |
|    n_updates          | 72421      |
|    policy_loss        | -4.63e-05  |
|    std                | 0.369      |
|    u_grad_norm        | 0.0392     |
|    v_grad_norm        | 0.000343   |
|    value_loss         | 7.66e-07   |
--------------------------------------
---------------------------------------
| rollout/              |             |
|    ep_len_mean        | 500         |
|    ep_rew_mean        | -945        |
| time/                 |             |
|    fps                | 9           |
|    iterations         | 480300      |
|    time_elapsed       | 1957        |
|    total_timesteps    | 496400      |
| train/                |             |
|    d_grad_norm        | 0.000263    |
|    entropy_loss       | -0.284      |
|    explained_variance | 0.050234675 |
|    learning_rate      | 0.00992     |
|    n_updates          | 62046       |
|    policy_loss        | 7.03e-06    |
|    std                | 0.343       |
|    u_grad_norm        | 0.00453     |
|    v_grad_norm        | 0.000124    |
|    value_loss         | 1.01e-07    |
---------------------------------------
-------------------------------------
| rollout/              |           |
|    ep_len_mean        | 500       |
|    ep_rew_mean        | -920      |
| time/                 |           |
|    fps                | 9         |
|    iterations         | 598300    |
|    time_elapsed       | 1957      |
|    total_timesteps    | 614400    |
| train/                |           |
|    d_grad_norm        | 0.000134  |
|    entropy_loss       | 0.195     |
|    explained_variance | -2.219848 |
|    learning_rate      | 0.00981   |
|    n_updates          | 76796     |
|    policy_loss        | 0.000108  |
|    std                | 0.343     |
|    u_grad_norm        | 0.00735   |
|    v_grad_norm        | 0.000275  |
|    value_loss         | 3.46e-07  |
-------------------------------------
--------------------------------------
| rollout/              |            |
|    ep_len_mean        | 500        |
|    ep_rew_mean        | -894       |
| time/                 |            |
|    fps                | 9          |
|    iterations         | 613300     |
|    time_elapsed       | 1958       |
|    total_timesteps    | 629400     |
| train/                |            |
|    d_grad_norm        | 0.00357    |
|    entropy_loss       | -0.115     |
|    explained_variance | -0.6198795 |
|    learning_rate      | 0.0098     |
|    n_updates          | 78671      |
|    policy_loss        | -0.00234   |
|    std                | 0.229      |
|    u_grad_norm        | 0.594      |
|    v_grad_norm        | 0.0151     |
|    value_loss         | 1.84e-05   |
--------------------------------------
-------------------------------------
| rollout/              |           |
|    ep_len_mean        | 500       |
|    ep_rew_mean        | -993      |
| time/                 |           |
|    fps                | 9         |
|    iterations         | 582300    |
|    time_elapsed       | 1958      |
|    total_timesteps    | 598400    |
| train/                |           |
|    d_grad_norm        | 0.000341  |
|    entropy_loss       | -0.122    |
|    explained_variance | -32.21205 |
|    learning_rate      | 0.00982   |
|    n_updates          | 74796     |
|    policy_loss        | 4.25e-06  |
|    std                | 0.297     |
|    u_grad_norm        | 0.0334    |
|    v_grad_norm        | 0.0015    |
|    value_loss         | 9.78e-07  |
-------------------------------------
-------------------------------------
| rollout/              |           |
|    ep_len_mean        | 500       |
|    ep_rew_mean        | -1.6e+03  |
| time/                 |           |
|    fps                | 9         |
|    iterations         | 441300    |
|    time_elapsed       | 1959      |
|    total_timesteps    | 457400    |
| train/                |           |
|    d_grad_norm        | 0.828     |
|    entropy_loss       | -1.91     |
|    explained_variance | 0.9776654 |
|    learning_rate      | 0.00996   |
|    n_updates          | 57171     |
|    policy_loss        | -4.73     |
|    std                | 0.331     |
|    u_grad_norm        | 0.133     |
|    v_grad_norm        | 0.929     |
|    value_loss         | 11.8      |
-------------------------------------
--------------------------------------
| rollout/              |            |
|    ep_len_mean        | 500        |
|    ep_rew_mean        | -921       |
| time/                 |            |
|    fps                | 9          |
|    iterations         | 611300     |
|    time_elapsed       | 1959       |
|    total_timesteps    | 627400     |
| train/                |            |
|    d_grad_norm        | 0.938      |
|    entropy_loss       | -2.09      |
|    explained_variance | 0.99955964 |
|    learning_rate      | 0.0098     |
|    n_updates          | 78421      |
|    policy_loss        | -1.19      |
|    std                | 0.208      |
|    u_grad_norm        | 0.115      |
|    v_grad_norm        | 0.965      |
|    value_loss         | 0.25       |
--------------------------------------
--------------------------------------
| rollout/              |            |
|    ep_len_mean        | 500        |
|    ep_rew_mean        | -1.28e+03  |
| time/                 |            |
|    fps                | 9          |
|    iterations         | 457300     |
|    time_elapsed       | 1962       |
|    total_timesteps    | 473400     |
| train/                |            |
|    d_grad_norm        | 0.0818     |
|    entropy_loss       | -0.275     |
|    explained_variance | -0.5957558 |
|    learning_rate      | 0.00994    |
|    n_updates          | 59171      |
|    policy_loss        | 0.00033    |
|    std                | 0.142      |
|    u_grad_norm        | 0.511      |
|    v_grad_norm        | 0.0203     |
|    value_loss         | 2.78e-05   |
--------------------------------------
--------------------------------------
| rollout/              |            |
|    ep_len_mean        | 500        |
|    ep_rew_mean        | -990       |
| time/                 |            |
|    fps                | 9          |
|    iterations         | 593400     |
|    time_elapsed       | 2049       |
|    total_timesteps    | 610200     |
| train/                |            |
|    d_grad_norm        | 0.0192     |
|    entropy_loss       | -0.125     |
|    explained_variance | -3.4928842 |
|    learning_rate      | 0.00981    |
|    n_updates          | 76271      |
|    policy_loss        | -0.00112   |
|    std                | 0.415      |
|    u_grad_norm        | 0.0643     |
|    v_grad_norm        | 0.0156     |
|    value_loss         | 1.09e-05   |
--------------------------------------
-------------------------------------
| rollout/              |           |
|    ep_len_mean        | 500       |
|    ep_rew_mean        | -1.05e+03 |
| time/                 |           |
|    fps                | 9         |
|    iterations         | 563400    |
|    time_elapsed       | 2051      |
|    total_timesteps    | 580200    |
| train/                |           |
|    d_grad_norm        | 0.00811   |
|    entropy_loss       | -0.103    |
|    explained_variance | -2.308618 |
|    learning_rate      | 0.00984   |
|    n_updates          | 72521     |
|    policy_loss        | 0.000577  |
|    std                | 0.369     |
|    u_grad_norm        | 0.235     |
|    v_grad_norm        | 0.00548   |
|    value_loss         | 1.49e-06  |
-------------------------------------
--------------------------------------
| rollout/              |            |
|    ep_len_mean        | 500        |
|    ep_rew_mean        | -918       |
| time/                 |            |
|    fps                | 9          |
|    iterations         | 598400     |
|    time_elapsed       | 2051       |
|    total_timesteps    | 615200     |
| train/                |            |
|    d_grad_norm        | 0.000468   |
|    entropy_loss       | -0.156     |
|    explained_variance | -15.567068 |
|    learning_rate      | 0.00981    |
|    n_updates          | 76896      |
|    policy_loss        | 1.29e-05   |
|    std                | 0.346      |
|    u_grad_norm        | 0.000151   |
|    v_grad_norm        | 0.00045    |
|    value_loss         | 3e-07      |
--------------------------------------
--------------------------------------
| rollout/              |            |
|    ep_len_mean        | 500        |
|    ep_rew_mean        | -934       |
| time/                 |            |
|    fps                | 9          |
|    iterations         | 480400     |
|    time_elapsed       | 2051       |
|    total_timesteps    | 497200     |
| train/                |            |
|    d_grad_norm        | 0.964      |
|    entropy_loss       | -1.99      |
|    explained_variance | 0.98032093 |
|    learning_rate      | 0.00992    |
|    n_updates          | 62146      |
|    policy_loss        | 3.31       |
|    std                | 0.342      |
|    u_grad_norm        | 0.0192     |
|    v_grad_norm        | 0.921      |
|    value_loss         | 7.7        |
--------------------------------------
--------------------------------------
| rollout/              |            |
|    ep_len_mean        | 500        |
|    ep_rew_mean        | -891       |
| time/                 |            |
|    fps                | 9          |
|    iterations         | 613400     |
|    time_elapsed       | 2052       |
|    total_timesteps    | 630200     |
| train/                |            |
|    d_grad_norm        | 0.00207    |
|    entropy_loss       | -0.176     |
|    explained_variance | 0.48056775 |
|    learning_rate      | 0.00979    |
|    n_updates          | 78771      |
|    policy_loss        | 0.000356   |
|    std                | 0.228      |
|    u_grad_norm        | 0.0961     |
|    v_grad_norm        | 0.0102     |
|    value_loss         | 3.89e-06   |
--------------------------------------
--------------------------------------
| rollout/              |            |
|    ep_len_mean        | 500        |
|    ep_rew_mean        | -1.58e+03  |
| time/                 |            |
|    fps                | 9          |
|    iterations         | 441400     |
|    time_elapsed       | 2052       |
|    total_timesteps    | 458200     |
| train/                |            |
|    d_grad_norm        | 0.461      |
|    entropy_loss       | -1.7       |
|    explained_variance | 0.99263537 |
|    learning_rate      | 0.00996    |
|    n_updates          | 57271      |
|    policy_loss        | -0.187     |
|    std                | 0.33       |
|    u_grad_norm        | 0.0506     |
|    v_grad_norm        | 1.05       |
|    value_loss         | 0.215      |
--------------------------------------
--------------------------------------
| rollout/              |            |
|    ep_len_mean        | 500        |
|    ep_rew_mean        | -1.02e+03  |
| time/                 |            |
|    fps                | 9          |
|    iterations         | 582400     |
|    time_elapsed       | 2053       |
|    total_timesteps    | 599200     |
| train/                |            |
|    d_grad_norm        | 0.0107     |
|    entropy_loss       | -0.162     |
|    explained_variance | -1.3781347 |
|    learning_rate      | 0.00982    |
|    n_updates          | 74896      |
|    policy_loss        | 0.000443   |
|    std                | 0.297      |
|    u_grad_norm        | 0.00559    |
|    v_grad_norm        | 0.006      |
|    value_loss         | 3.03e-06   |
--------------------------------------
--------------------------------------
| rollout/              |            |
|    ep_len_mean        | 500        |
|    ep_rew_mean        | -940       |
| time/                 |            |
|    fps                | 9          |
|    iterations         | 611400     |
|    time_elapsed       | 2053       |
|    total_timesteps    | 628200     |
| train/                |            |
|    d_grad_norm        | 0.955      |
|    entropy_loss       | -2.37      |
|    explained_variance | 0.98936796 |
|    learning_rate      | 0.0098     |
|    n_updates          | 78521      |
|    policy_loss        | -2.16      |
|    std                | 0.21       |
|    u_grad_norm        | 0.0215     |
|    v_grad_norm        | 0.831      |
|    value_loss         | 3.2        |
--------------------------------------
--------------------------------------
| rollout/              |            |
|    ep_len_mean        | 500        |
|    ep_rew_mean        | -1.29e+03  |
| time/                 |            |
|    fps                | 9          |
|    iterations         | 457400     |
|    time_elapsed       | 2055       |
|    total_timesteps    | 474200     |
| train/                |            |
|    d_grad_norm        | 0.000619   |
|    entropy_loss       | -0.255     |
|    explained_variance | 0.11928606 |
|    learning_rate      | 0.00994    |
|    n_updates          | 59271      |
|    policy_loss        | -8.02e-05  |
|    std                | 0.141      |
|    u_grad_norm        | 0.0459     |
|    v_grad_norm        | 0.00243    |
|    value_loss         | 4.07e-07   |
--------------------------------------
Eval num_timesteps=611000, episode_reward=-3732.26 +/- 1111.05
Episode length: 500.00 +/- 0.00
-------------------------------------
| eval/                 |           |
|    mean_ep_length     | 500       |
|    mean_reward        | -3.73e+03 |
| time/                 |           |
|    total_timesteps    | 611000    |
| train/                |           |
|    d_grad_norm        | 1.18      |
|    entropy_loss       | -3.31     |
|    explained_variance | 0.9922494 |
|    learning_rate      | 0.00981   |
|    n_updates          | 76371     |
|    policy_loss        | 1.37      |
|    std                | 0.415     |
|    u_grad_norm        | 0.0532    |
|    v_grad_norm        | 0.971     |
|    value_loss         | 0.46      |
-------------------------------------
----------------------------------
| rollout/           |           |
|    ep_len_mean     | 500       |
|    ep_rew_mean     | -1.02e+03 |
| time/              |           |
|    fps             | 8         |
|    iterations      | 593500    |
|    time_elapsed    | 2484      |
|    total_timesteps | 611000    |
----------------------------------
Eval num_timesteps=581000, episode_reward=-439.48 +/- 600.08
Episode length: 500.00 +/- 0.00
---------------------------------------
| eval/                 |             |
|    mean_ep_length     | 500         |
|    mean_reward        | -439        |
| time/                 |             |
|    total_timesteps    | 581000      |
| train/                |             |
|    d_grad_norm        | 0.00313     |
|    entropy_loss       | -0.0533     |
|    explained_variance | -0.62248766 |
|    learning_rate      | 0.00984     |
|    n_updates          | 72621       |
|    policy_loss        | -0.000172   |
|    std                | 0.368       |
|    u_grad_norm        | 0.0135      |
|    v_grad_norm        | 0.00234     |
|    value_loss         | 3.93e-07    |
---------------------------------------
----------------------------------
| rollout/           |           |
|    ep_len_mean     | 500       |
|    ep_rew_mean     | -1.02e+03 |
| time/              |           |
|    fps             | 8         |
|    iterations      | 563500    |
|    time_elapsed    | 2485      |
|    total_timesteps | 581000    |
----------------------------------
Eval num_timesteps=631000, episode_reward=-1537.26 +/- 1226.88
Episode length: 500.00 +/- 0.00
--------------------------------------
| eval/                 |            |
|    mean_ep_length     | 500        |
|    mean_reward        | -1.54e+03  |
| time/                 |            |
|    total_timesteps    | 631000     |
| train/                |            |
|    d_grad_norm        | 0.000489   |
|    entropy_loss       | -0.312     |
|    explained_variance | 0.16748947 |
|    learning_rate      | 0.00979    |
|    n_updates          | 78871      |
|    policy_loss        | 0.000113   |
|    std                | 0.228      |
|    u_grad_norm        | 0.0203     |
|    v_grad_norm        | 0.000791   |
|    value_loss         | 3.31e-07   |
--------------------------------------
New best mean reward!
---------------------------------
| rollout/           |          |
|    ep_len_mean     | 500      |
|    ep_rew_mean     | -890     |
| time/              |          |
|    fps             | 8        |
|    iterations      | 613500   |
|    time_elapsed    | 2487     |
|    total_timesteps | 631000   |
---------------------------------
Eval num_timesteps=459000, episode_reward=-2091.07 +/- 1226.66
Episode length: 500.00 +/- 0.00
-------------------------------------
| eval/                 |           |
|    mean_ep_length     | 500       |
|    mean_reward        | -2.09e+03 |
| time/                 |           |
|    total_timesteps    | 459000    |
| train/                |           |
|    d_grad_norm        | 0.00233   |
|    entropy_loss       | -0.285    |
|    explained_variance | -41.11965 |
|    learning_rate      | 0.00996   |
|    n_updates          | 57371     |
|    policy_loss        | -0.000365 |
|    std                | 0.329     |
|    u_grad_norm        | 0.0632    |
|    v_grad_norm        | 0.00141   |
|    value_loss         | 9.5e-07   |
-------------------------------------
----------------------------------
| rollout/           |           |
|    ep_len_mean     | 500       |
|    ep_rew_mean     | -1.55e+03 |
| time/              |           |
|    fps             | 8         |
|    iterations      | 441500    |
|    time_elapsed    | 2487      |
|    total_timesteps | 459000    |
----------------------------------
Eval num_timesteps=498000, episode_reward=-296.27 +/- 252.57
Episode length: 500.00 +/- 0.00
--------------------------------------
| eval/                 |            |
|    mean_ep_length     | 500        |
|    mean_reward        | -296       |
| time/                 |            |
|    total_timesteps    | 498000     |
| train/                |            |
|    d_grad_norm        | 0.00587    |
|    entropy_loss       | -0.116     |
|    explained_variance | -0.3427297 |
|    learning_rate      | 0.00992    |
|    n_updates          | 62246      |
|    policy_loss        | -0.00037   |
|    std                | 0.342      |
|    u_grad_norm        | 0.124      |
|    v_grad_norm        | 0.00303    |
|    value_loss         | 8.3e-07    |
--------------------------------------
Eval num_timesteps=600000, episode_reward=-540.70 +/- 809.61
Episode length: 500.00 +/- 0.00
--------------------------------------
| eval/                 |            |
|    mean_ep_length     | 500        |
|    mean_reward        | -541       |
| time/                 |            |
|    total_timesteps    | 600000     |
| train/                |            |
|    d_grad_norm        | 0.0262     |
|    entropy_loss       | -0.225     |
|    explained_variance | 0.35531843 |
|    learning_rate      | 0.00982    |
|    n_updates          | 74996      |
|    policy_loss        | -0.00122   |
|    std                | 0.296      |
|    u_grad_norm        | 0.644      |
|    v_grad_norm        | 0.0138     |
|    value_loss         | 2.18e-05   |
--------------------------------------
New best mean reward!
---------------------------------
| rollout/           |          |
|    ep_len_mean     | 500      |
|    ep_rew_mean     | -939     |
| time/              |          |
|    fps             | 8        |
|    iterations      | 480500   |
|    time_elapsed    | 2488     |
|    total_timesteps | 498000   |
---------------------------------
New best mean reward!
----------------------------------
| rollout/           |           |
|    ep_len_mean     | 500       |
|    ep_rew_mean     | -1.03e+03 |
| time/              |           |
|    fps             | 8         |
|    iterations      | 582500    |
|    time_elapsed    | 2488      |
|    total_timesteps | 600000    |
----------------------------------
Eval num_timesteps=629000, episode_reward=-1884.71 +/- 1406.37
Episode length: 500.00 +/- 0.00
--------------------------------------
| eval/                 |            |
|    mean_ep_length     | 500        |
|    mean_reward        | -1.88e+03  |
| time/                 |            |
|    total_timesteps    | 629000     |
| train/                |            |
|    d_grad_norm        | 0.0149     |
|    entropy_loss       | -0.111     |
|    explained_variance | -2.8562467 |
|    learning_rate      | 0.0098     |
|    n_updates          | 78621      |
|    policy_loss        | 0.00022    |
|    std                | 0.211      |
|    u_grad_norm        | 0.0789     |
|    v_grad_norm        | 0.00372    |
|    value_loss         | 1.23e-06   |
--------------------------------------
---------------------------------
| rollout/           |          |
|    ep_len_mean     | 500      |
|    ep_rew_mean     | -962     |
| time/              |          |
|    fps             | 8        |
|    iterations      | 611500   |
|    time_elapsed    | 2488     |
|    total_timesteps | 629000   |
---------------------------------
Eval num_timesteps=616000, episode_reward=-457.07 +/- 234.87
Episode length: 500.00 +/- 0.00
-------------------------------------
| eval/                 |           |
|    mean_ep_length     | 500       |
|    mean_reward        | -457      |
| time/                 |           |
|    total_timesteps    | 616000    |
| train/                |           |
|    d_grad_norm        | 0.0239    |
|    entropy_loss       | 0.219     |
|    explained_variance | -3.335444 |
|    learning_rate      | 0.00981   |
|    n_updates          | 76996     |
|    policy_loss        | -0.000597 |
|    std                | 0.345     |
|    u_grad_norm        | 0.643     |
|    v_grad_norm        | 0.0138    |
|    value_loss         | 1.39e-05  |
-------------------------------------
New best mean reward!
---------------------------------
| rollout/           |          |
|    ep_len_mean     | 500      |
|    ep_rew_mean     | -883     |
| time/              |          |
|    fps             | 8        |
|    iterations      | 598500   |
|    time_elapsed    | 2488     |
|    total_timesteps | 616000   |
---------------------------------
Eval num_timesteps=475000, episode_reward=-1789.92 +/- 1593.25
Episode length: 500.00 +/- 0.00
--------------------------------------
| eval/                 |            |
|    mean_ep_length     | 500        |
|    mean_reward        | -1.79e+03  |
| time/                 |            |
|    total_timesteps    | 475000     |
| train/                |            |
|    d_grad_norm        | 0.000514   |
|    entropy_loss       | -0.253     |
|    explained_variance | -4.9406276 |
|    learning_rate      | 0.00994    |
|    n_updates          | 59371      |
|    policy_loss        | -6.55e-05  |
|    std                | 0.141      |
|    u_grad_norm        | 0.0105     |
|    v_grad_norm        | 0.00119    |
|    value_loss         | 2.05e-07   |
--------------------------------------
----------------------------------
| rollout/           |           |
|    ep_len_mean     | 500       |
|    ep_rew_mean     | -1.24e+03 |
| time/              |           |
|    fps             | 8         |
|    iterations      | 457500    |
|    time_elapsed    | 2491      |
|    total_timesteps | 475000    |
----------------------------------
-------------------------------------
| rollout/              |           |
|    ep_len_mean        | 500       |
|    ep_rew_mean        | -1.01e+03 |
| time/                 |           |
|    fps                | 8         |
|    iterations         | 593600    |
|    time_elapsed       | 2577      |
|    total_timesteps    | 611800    |
| train/                |           |
|    d_grad_norm        | 0.238     |
|    entropy_loss       | -2.27     |
|    explained_variance | 0.9396501 |
|    learning_rate      | 0.00981   |
|    n_updates          | 76471     |
|    policy_loss        | 0.0673    |
|    std                | 0.416     |
|    u_grad_norm        | 0.0735    |
|    v_grad_norm        | 0.763     |
|    value_loss         | 0.257     |
-------------------------------------
--------------------------------------
| rollout/              |            |
|    ep_len_mean        | 500        |
|    ep_rew_mean        | -1.02e+03  |
| time/                 |            |
|    fps                | 8          |
|    iterations         | 563600     |
|    time_elapsed       | 2579       |
|    total_timesteps    | 581800     |
| train/                |            |
|    d_grad_norm        | 0.00497    |
|    entropy_loss       | -0.0649    |
|    explained_variance | -1.2316105 |
|    learning_rate      | 0.00984    |
|    n_updates          | 72721      |
|    policy_loss        | -0.000292  |
|    std                | 0.368      |
|    u_grad_norm        | 0.0162     |
|    v_grad_norm        | 0.00372    |
|    value_loss         | 6.03e-07   |
--------------------------------------
--------------------------------------
| rollout/              |            |
|    ep_len_mean        | 500        |
|    ep_rew_mean        | -894       |
| time/                 |            |
|    fps                | 8          |
|    iterations         | 613600     |
|    time_elapsed       | 2580       |
|    total_timesteps    | 631800     |
| train/                |            |
|    d_grad_norm        | 0.000484   |
|    entropy_loss       | -0.203     |
|    explained_variance | -1.5395792 |
|    learning_rate      | 0.00979    |
|    n_updates          | 78971      |
|    policy_loss        | 9.24e-05   |
|    std                | 0.227      |
|    u_grad_norm        | 0.0176     |
|    v_grad_norm        | 0.0022     |
|    value_loss         | 2.54e-07   |
--------------------------------------
--------------------------------------
| rollout/              |            |
|    ep_len_mean        | 500        |
|    ep_rew_mean        | -1.54e+03  |
| time/                 |            |
|    fps                | 8          |
|    iterations         | 441600     |
|    time_elapsed       | 2581       |
|    total_timesteps    | 459800     |
| train/                |            |
|    d_grad_norm        | 0.0188     |
|    entropy_loss       | -0.647     |
|    explained_variance | -187.54594 |
|    learning_rate      | 0.00995    |
|    n_updates          | 57471      |
|    policy_loss        | 0.00162    |
|    std                | 0.332      |
|    u_grad_norm        | 0.181      |
|    v_grad_norm        | 0.0108     |
|    value_loss         | 4.45e-05   |
--------------------------------------
---------------------------------------
| rollout/              |             |
|    ep_len_mean        | 500         |
|    ep_rew_mean        | -1.02e+03   |
| time/                 |             |
|    fps                | 8           |
|    iterations         | 582600      |
|    time_elapsed       | 2581        |
|    total_timesteps    | 600800      |
| train/                |             |
|    d_grad_norm        | 0.0257      |
|    entropy_loss       | -0.13       |
|    explained_variance | 0.032051444 |
|    learning_rate      | 0.00982     |
|    n_updates          | 75096       |
|    policy_loss        | -0.00109    |
|    std                | 0.297       |
|    u_grad_norm        | 0.0764      |
|    v_grad_norm        | 0.0158      |
|    value_loss         | 1.18e-05    |
---------------------------------------
-------------------------------------
| rollout/              |           |
|    ep_len_mean        | 500       |
|    ep_rew_mean        | -930      |
| time/                 |           |
|    fps                | 8         |
|    iterations         | 480600    |
|    time_elapsed       | 2582      |
|    total_timesteps    | 498800    |
| train/                |           |
|    d_grad_norm        | 1.07      |
|    entropy_loss       | -2.61     |
|    explained_variance | 0.9898157 |
|    learning_rate      | 0.00992   |
|    n_updates          | 62346     |
|    policy_loss        | -1.1      |
|    std                | 0.342     |
|    u_grad_norm        | 0.0479    |
|    v_grad_norm        | 0.979     |
|    value_loss         | 0.333     |
-------------------------------------
-------------------------------------
| rollout/              |           |
|    ep_len_mean        | 500       |
|    ep_rew_mean        | -899      |
| time/                 |           |
|    fps                | 8         |
|    iterations         | 598600    |
|    time_elapsed       | 2582      |
|    total_timesteps    | 616800    |
| train/                |           |
|    d_grad_norm        | 0.889     |
|    entropy_loss       | -3.02     |
|    explained_variance | 0.9996777 |
|    learning_rate      | 0.00981   |
|    n_updates          | 77096     |
|    policy_loss        | 1.08      |
|    std                | 0.345     |
|    u_grad_norm        | 0.0262    |
|    v_grad_norm        | 0.936     |
|    value_loss         | 0.18      |
-------------------------------------
--------------------------------------
| rollout/              |            |
|    ep_len_mean        | 500        |
|    ep_rew_mean        | -967       |
| time/                 |            |
|    fps                | 8          |
|    iterations         | 611600     |
|    time_elapsed       | 2583       |
|    total_timesteps    | 629800     |
| train/                |            |
|    d_grad_norm        | 0.00136    |
|    entropy_loss       | -0.174     |
|    explained_variance | -1.9127879 |
|    learning_rate      | 0.00979    |
|    n_updates          | 78721      |
|    policy_loss        | -1.54e-05  |
|    std                | 0.211      |
|    u_grad_norm        | 0.0119     |
|    v_grad_norm        | 0.000362   |
|    value_loss         | 1.83e-07   |
--------------------------------------
--------------------------------------
| rollout/              |            |
|    ep_len_mean        | 500        |
|    ep_rew_mean        | -1.22e+03  |
| time/                 |            |
|    fps                | 8          |
|    iterations         | 457600     |
|    time_elapsed       | 2584       |
|    total_timesteps    | 475800     |
| train/                |            |
|    d_grad_norm        | 0.984      |
|    entropy_loss       | -2.22      |
|    explained_variance | 0.99840003 |
|    learning_rate      | 0.00994    |
|    n_updates          | 59471      |
|    policy_loss        | 3.41       |
|    std                | 0.141      |
|    u_grad_norm        | 0.0712     |
|    v_grad_norm        | 0.981      |
|    value_loss         | 2.33       |
--------------------------------------
-------------------------------------
| rollout/              |           |
|    ep_len_mean        | 500       |
|    ep_rew_mean        | -1.03e+03 |
| time/                 |           |
|    fps                | 8         |
|    iterations         | 593700    |
|    time_elapsed       | 2671      |
|    total_timesteps    | 612600    |
| train/                |           |
|    d_grad_norm        | 1.02      |
|    entropy_loss       | -3.05     |
|    explained_variance | 0.9391524 |
|    learning_rate      | 0.00981   |
|    n_updates          | 76571     |
|    policy_loss        | -1.78     |
|    std                | 0.417     |
|    u_grad_norm        | 0.123     |
|    v_grad_norm        | 0.997     |
|    value_loss         | 0.426     |
-------------------------------------
-------------------------------------
| rollout/              |           |
|    ep_len_mean        | 500       |
|    ep_rew_mean        | -1e+03    |
| time/                 |           |
|    fps                | 8         |
|    iterations         | 563700    |
|    time_elapsed       | 2672      |
|    total_timesteps    | 582600    |
| train/                |           |
|    d_grad_norm        | 0.97      |
|    entropy_loss       | -2.9      |
|    explained_variance | 0.9981472 |
|    learning_rate      | 0.00984   |
|    n_updates          | 72821     |
|    policy_loss        | 2.07      |
|    std                | 0.369     |
|    u_grad_norm        | 0.0547    |
|    v_grad_norm        | 0.95      |
|    value_loss         | 0.693     |
-------------------------------------
--------------------------------------
| rollout/              |            |
|    ep_len_mean        | 500        |
|    ep_rew_mean        | -892       |
| time/                 |            |
|    fps                | 8          |
|    iterations         | 613700     |
|    time_elapsed       | 2673       |
|    total_timesteps    | 632600     |
| train/                |            |
|    d_grad_norm        | 1          |
|    entropy_loss       | -1.95      |
|    explained_variance | 0.87115246 |
|    learning_rate      | 0.00979    |
|    n_updates          | 79071      |
|    policy_loss        | -4.41      |
|    std                | 0.227      |
|    u_grad_norm        | 0.0954     |
|    v_grad_norm        | 0.875      |
|    value_loss         | 6.99       |
--------------------------------------
-------------------------------------
| rollout/              |           |
|    ep_len_mean        | 500       |
|    ep_rew_mean        | -1.51e+03 |
| time/                 |           |
|    fps                | 8         |
|    iterations         | 441700    |
|    time_elapsed       | 2674      |
|    total_timesteps    | 460600    |
| train/                |           |
|    d_grad_norm        | 1.16      |
|    entropy_loss       | -1.83     |
|    explained_variance | 0.979089  |
|    learning_rate      | 0.00995   |
|    n_updates          | 57571     |
|    policy_loss        | -6.92     |
|    std                | 0.331     |
|    u_grad_norm        | 0.301     |
|    v_grad_norm        | 1.05      |
|    value_loss         | 2.88      |
-------------------------------------
---------------------------------------
| rollout/              |             |
|    ep_len_mean        | 500         |
|    ep_rew_mean        | -1.02e+03   |
| time/                 |             |
|    fps                | 8           |
|    iterations         | 582700      |
|    time_elapsed       | 2674        |
|    total_timesteps    | 601600      |
| train/                |             |
|    d_grad_norm        | 0.00254     |
|    entropy_loss       | -0.2        |
|    explained_variance | 0.021410584 |
|    learning_rate      | 0.00982     |
|    n_updates          | 75196       |
|    policy_loss        | 0.000415    |
|    std                | 0.297       |
|    u_grad_norm        | 0.0674      |
|    v_grad_norm        | 0.000708    |
|    value_loss         | 4.8e-07     |
---------------------------------------
-------------------------------------
| rollout/              |           |
|    ep_len_mean        | 500       |
|    ep_rew_mean        | -962      |
| time/                 |           |
|    fps                | 8         |
|    iterations         | 611700    |
|    time_elapsed       | 2675      |
|    total_timesteps    | 630600    |
| train/                |           |
|    d_grad_norm        | 0.0499    |
|    entropy_loss       | -0.158    |
|    explained_variance | -4.933529 |
|    learning_rate      | 0.00979   |
|    n_updates          | 78821     |
|    policy_loss        | 0.00347   |
|    std                | 0.211     |
|    u_grad_norm        | 0.805     |
|    v_grad_norm        | 0.00944   |
|    value_loss         | 8.23e-06  |
-------------------------------------
-------------------------------------
| rollout/              |           |
|    ep_len_mean        | 500       |
|    ep_rew_mean        | -893      |
| time/                 |           |
|    fps                | 8         |
|    iterations         | 598700    |
|    time_elapsed       | 2676      |
|    total_timesteps    | 617600    |
| train/                |           |
|    d_grad_norm        | 0.981     |
|    entropy_loss       | -3        |
|    explained_variance | 0.9998721 |
|    learning_rate      | 0.00981   |
|    n_updates          | 77196     |
|    policy_loss        | 0.771     |
|    std                | 0.346     |
|    u_grad_norm        | 0.0142    |
|    v_grad_norm        | 0.959     |
|    value_loss         | 0.101     |
-------------------------------------
-------------------------------------
| rollout/              |           |
|    ep_len_mean        | 500       |
|    ep_rew_mean        | -964      |
| time/                 |           |
|    fps                | 8         |
|    iterations         | 480700    |
|    time_elapsed       | 2676      |
|    total_timesteps    | 499600    |
| train/                |           |
|    d_grad_norm        | 0.029     |
|    entropy_loss       | -0.238    |
|    explained_variance | -2.057401 |
|    learning_rate      | 0.00992   |
|    n_updates          | 62446     |
|    policy_loss        | -0.00232  |
|    std                | 0.342     |
|    u_grad_norm        | 0.295     |
|    v_grad_norm        | 0.00613   |
|    value_loss         | 4.32e-06  |
-------------------------------------
-------------------------------------
| rollout/              |           |
|    ep_len_mean        | 500       |
|    ep_rew_mean        | -1.21e+03 |
| time/                 |           |
|    fps                | 8         |
|    iterations         | 457700    |
|    time_elapsed       | 2678      |
|    total_timesteps    | 476600    |
| train/                |           |
|    d_grad_norm        | 0.0124    |
|    entropy_loss       | -0.266    |
|    explained_variance | -4.82528  |
|    learning_rate      | 0.00994   |
|    n_updates          | 59571     |
|    policy_loss        | 0.000474  |
|    std                | 0.14      |
|    u_grad_norm        | 0.0897    |
|    v_grad_norm        | 0.00257   |
|    value_loss         | 7.88e-06  |
-------------------------------------
--------------------------------------
| rollout/              |            |
|    ep_len_mean        | 500        |
|    ep_rew_mean        | -1.06e+03  |
| time/                 |            |
|    fps                | 8          |
|    iterations         | 593800     |
|    time_elapsed       | 2765       |
|    total_timesteps    | 613400     |
| train/                |            |
|    d_grad_norm        | 0.47       |
|    entropy_loss       | -3.48      |
|    explained_variance | 0.99579734 |
|    learning_rate      | 0.00981    |
|    n_updates          | 76671      |
|    policy_loss        | -0.804     |
|    std                | 0.414      |
|    u_grad_norm        | 0.0125     |
|    v_grad_norm        | 1.01       |
|    value_loss         | 0.183      |
--------------------------------------
-------------------------------------
| rollout/              |           |
|    ep_len_mean        | 500       |
|    ep_rew_mean        | -901      |
| time/                 |           |
|    fps                | 8         |
|    iterations         | 613800    |
|    time_elapsed       | 2767      |
|    total_timesteps    | 633400    |
| train/                |           |
|    d_grad_norm        | 0.0173    |
|    entropy_loss       | 0.000216  |
|    explained_variance | 0.1980344 |
|    learning_rate      | 0.00979   |
|    n_updates          | 79171     |
|    policy_loss        | -0.00357  |
|    std                | 0.226     |
|    u_grad_norm        | 0.627     |
|    v_grad_norm        | 0.0122    |
|    value_loss         | 8.69e-06  |
-------------------------------------
--------------------------------------
| rollout/              |            |
|    ep_len_mean        | 500        |
|    ep_rew_mean        | -1e+03     |
| time/                 |            |
|    fps                | 8          |
|    iterations         | 563800     |
|    time_elapsed       | 2767       |
|    total_timesteps    | 583400     |
| train/                |            |
|    d_grad_norm        | 0.00806    |
|    entropy_loss       | -0.32      |
|    explained_variance | -1.5169923 |
|    learning_rate      | 0.00984    |
|    n_updates          | 72921      |
|    policy_loss        | -0.00201   |
|    std                | 0.368      |
|    u_grad_norm        | 0.289      |
|    v_grad_norm        | 0.00429    |
|    value_loss         | 1.05e-06   |
--------------------------------------
--------------------------------------
| rollout/              |            |
|    ep_len_mean        | 500        |
|    ep_rew_mean        | -1.02e+03  |
| time/                 |            |
|    fps                | 8          |
|    iterations         | 582800     |
|    time_elapsed       | 2768       |
|    total_timesteps    | 602400     |
| train/                |            |
|    d_grad_norm        | 0.0394     |
|    entropy_loss       | -0.35      |
|    explained_variance | -163.52151 |
|    learning_rate      | 0.00982    |
|    n_updates          | 75296      |
|    policy_loss        | 0.00202    |
|    std                | 0.297      |
|    u_grad_norm        | 0.0948     |
|    v_grad_norm        | 0.0154     |
|    value_loss         | 4.17e-05   |
--------------------------------------
-------------------------------------
| rollout/              |           |
|    ep_len_mean        | 500       |
|    ep_rew_mean        | -1.49e+03 |
| time/                 |           |
|    fps                | 8         |
|    iterations         | 441800    |
|    time_elapsed       | 2768      |
|    total_timesteps    | 461400    |
| train/                |           |
|    d_grad_norm        | 0.805     |
|    entropy_loss       | -2.14     |
|    explained_variance | 0.9620931 |
|    learning_rate      | 0.00995   |
|    n_updates          | 57671     |
|    policy_loss        | 0.0567    |
|    std                | 0.33      |
|    u_grad_norm        | 0.197     |
|    v_grad_norm        | 0.897     |
|    value_loss         | 0.256     |
-------------------------------------
-------------------------------------
| rollout/              |           |
|    ep_len_mean        | 500       |
|    ep_rew_mean        | -962      |
| time/                 |           |
|    fps                | 8         |
|    iterations         | 611800    |
|    time_elapsed       | 2769      |
|    total_timesteps    | 631400    |
| train/                |           |
|    d_grad_norm        | 0.0074    |
|    entropy_loss       | -0.141    |
|    explained_variance | -4.378638 |
|    learning_rate      | 0.00979   |
|    n_updates          | 78921     |
|    policy_loss        | 0.000161  |
|    std                | 0.211     |
|    u_grad_norm        | 0.125     |
|    v_grad_norm        | 0.00254   |
|    value_loss         | 5.19e-07  |
-------------------------------------
--------------------------------------
| rollout/              |            |
|    ep_len_mean        | 500        |
|    ep_rew_mean        | -907       |
| time/                 |            |
|    fps                | 8          |
|    iterations         | 598800     |
|    time_elapsed       | 2771       |
|    total_timesteps    | 618400     |
| train/                |            |
|    d_grad_norm        | 0.0318     |
|    entropy_loss       | 0.25       |
|    explained_variance | 0.33618176 |
|    learning_rate      | 0.00981    |
|    n_updates          | 77296      |
|    policy_loss        | 0.00257    |
|    std                | 0.346      |
|    u_grad_norm        | 0.35       |
|    v_grad_norm        | 0.0185     |
|    value_loss         | 2.22e-05   |
--------------------------------------
--------------------------------------
| rollout/              |            |
|    ep_len_mean        | 500        |
|    ep_rew_mean        | -953       |
| time/                 |            |
|    fps                | 8          |
|    iterations         | 480800     |
|    time_elapsed       | 2771       |
|    total_timesteps    | 500400     |
| train/                |            |
|    d_grad_norm        | 0.544      |
|    entropy_loss       | -2.99      |
|    explained_variance | 0.99965173 |
|    learning_rate      | 0.00992    |
|    n_updates          | 62546      |
|    policy_loss        | -0.296     |
|    std                | 0.343      |
|    u_grad_norm        | 0.0766     |
|    v_grad_norm        | 0.946      |
|    value_loss         | 0.0365     |
--------------------------------------
--------------------------------------
| rollout/              |            |
|    ep_len_mean        | 500        |
|    ep_rew_mean        | -1.19e+03  |
| time/                 |            |
|    fps                | 8          |
|    iterations         | 457800     |
|    time_elapsed       | 2772       |
|    total_timesteps    | 477400     |
| train/                |            |
|    d_grad_norm        | 0.866      |
|    entropy_loss       | -1.7       |
|    explained_variance | 0.99534434 |
|    learning_rate      | 0.00994    |
|    n_updates          | 59671      |
|    policy_loss        | 0.957      |
|    std                | 0.14       |
|    u_grad_norm        | 0.106      |
|    v_grad_norm        | 0.967      |
|    value_loss         | 0.8        |
--------------------------------------
--------------------------------------
| rollout/              |            |
|    ep_len_mean        | 500        |
|    ep_rew_mean        | -1.1e+03   |
| time/                 |            |
|    fps                | 8          |
|    iterations         | 593900     |
|    time_elapsed       | 2855       |
|    total_timesteps    | 614200     |
| train/                |            |
|    d_grad_norm        | 0.688      |
|    entropy_loss       | -2.23      |
|    explained_variance | 0.99712354 |
|    learning_rate      | 0.00981    |
|    n_updates          | 76771      |
|    policy_loss        | 0.0698     |
|    std                | 0.414      |
|    u_grad_norm        | 0.399      |
|    v_grad_norm        | 0.684      |
|    value_loss         | 0.233      |
--------------------------------------
--------------------------------------
| rollout/              |            |
|    ep_len_mean        | 500        |
|    ep_rew_mean        | -910       |
| time/                 |            |
|    fps                | 8          |
|    iterations         | 613900     |
|    time_elapsed       | 2856       |
|    total_timesteps    | 634200     |
| train/                |            |
|    d_grad_norm        | 0.0084     |
|    entropy_loss       | -0.0353    |
|    explained_variance | -0.3942871 |
|    learning_rate      | 0.00979    |
|    n_updates          | 79271      |
|    policy_loss        | 7.48e-05   |
|    std                | 0.226      |
|    u_grad_norm        | 0.025      |
|    v_grad_norm        | 0.00179    |
|    value_loss         | 1.13e-07   |
--------------------------------------
--------------------------------------
| rollout/              |            |
|    ep_len_mean        | 500        |
|    ep_rew_mean        | -1.03e+03  |
| time/                 |            |
|    fps                | 8          |
|    iterations         | 563900     |
|    time_elapsed       | 2857       |
|    total_timesteps    | 584200     |
| train/                |            |
|    d_grad_norm        | 0.225      |
|    entropy_loss       | -0.0777    |
|    explained_variance | 0.15212476 |
|    learning_rate      | 0.00984    |
|    n_updates          | 73021      |
|    policy_loss        | -0.00233   |
|    std                | 0.369      |
|    u_grad_norm        | 0.42       |
|    v_grad_norm        | 0.0381     |
|    value_loss         | 5.87e-05   |
--------------------------------------
--------------------------------------
| rollout/              |            |
|    ep_len_mean        | 500        |
|    ep_rew_mean        | -1.02e+03  |
| time/                 |            |
|    fps                | 8          |
|    iterations         | 582900     |
|    time_elapsed       | 2858       |
|    total_timesteps    | 603200     |
| train/                |            |
|    d_grad_norm        | 0.0546     |
|    entropy_loss       | -0.224     |
|    explained_variance | -0.2097174 |
|    learning_rate      | 0.00982    |
|    n_updates          | 75396      |
|    policy_loss        | -0.00136   |
|    std                | 0.297      |
|    u_grad_norm        | 0.122      |
|    v_grad_norm        | 0.0254     |
|    value_loss         | 3.32e-05   |
--------------------------------------
--------------------------------------
| rollout/              |            |
|    ep_len_mean        | 500        |
|    ep_rew_mean        | -950       |
| time/                 |            |
|    fps                | 8          |
|    iterations         | 611900     |
|    time_elapsed       | 2859       |
|    total_timesteps    | 632200     |
| train/                |            |
|    d_grad_norm        | 0.0637     |
|    entropy_loss       | -0.054     |
|    explained_variance | 0.05378163 |
|    learning_rate      | 0.00979    |
|    n_updates          | 79021      |
|    policy_loss        | 0.0018     |
|    std                | 0.212      |
|    u_grad_norm        | 0.728      |
|    v_grad_norm        | 0.0306     |
|    value_loss         | 5.16e-05   |
--------------------------------------
--------------------------------------
| rollout/              |            |
|    ep_len_mean        | 500        |
|    ep_rew_mean        | -1.48e+03  |
| time/                 |            |
|    fps                | 8          |
|    iterations         | 441900     |
|    time_elapsed       | 2859       |
|    total_timesteps    | 462200     |
| train/                |            |
|    d_grad_norm        | 0.269      |
|    entropy_loss       | -3.48      |
|    explained_variance | 0.99996847 |
|    learning_rate      | 0.00995    |
|    n_updates          | 57771      |
|    policy_loss        | 0.92       |
|    std                | 0.329      |
|    u_grad_norm        | 0.0878     |
|    v_grad_norm        | 0.968      |
|    value_loss         | 0.04       |
--------------------------------------
--------------------------------------
| rollout/              |            |
|    ep_len_mean        | 500        |
|    ep_rew_mean        | -890       |
| time/                 |            |
|    fps                | 8          |
|    iterations         | 598900     |
|    time_elapsed       | 2861       |
|    total_timesteps    | 619200     |
| train/                |            |
|    d_grad_norm        | 0.0022     |
|    entropy_loss       | 0.214      |
|    explained_variance | -5.2864313 |
|    learning_rate      | 0.0098     |
|    n_updates          | 77396      |
|    policy_loss        | 0.000155   |
|    std                | 0.347      |
|    u_grad_norm        | 0.0087     |
|    v_grad_norm        | 0.000954   |
|    value_loss         | 2.46e-07   |
--------------------------------------
-------------------------------------
| rollout/              |           |
|    ep_len_mean        | 500       |
|    ep_rew_mean        | -997      |
| time/                 |           |
|    fps                | 8         |
|    iterations         | 480900    |
|    time_elapsed       | 2861      |
|    total_timesteps    | 501200    |
| train/                |           |
|    d_grad_norm        | 1.14      |
|    entropy_loss       | -2.69     |
|    explained_variance | 0.9998365 |
|    learning_rate      | 0.00991   |
|    n_updates          | 62646     |
|    policy_loss        | -3.38     |
|    std                | 0.342     |
|    u_grad_norm        | 0.133     |
|    v_grad_norm        | 0.961     |
|    value_loss         | 0.59      |
-------------------------------------
-------------------------------------
| rollout/              |           |
|    ep_len_mean        | 500       |
|    ep_rew_mean        | -1.18e+03 |
| time/                 |           |
|    fps                | 8         |
|    iterations         | 457900    |
|    time_elapsed       | 2863      |
|    total_timesteps    | 478200    |
| train/                |           |
|    d_grad_norm        | 0.798     |
|    entropy_loss       | -1.26     |
|    explained_variance | 0.9712588 |
|    learning_rate      | 0.00994   |
|    n_updates          | 59771     |
|    policy_loss        | 4.16      |
|    std                | 0.141     |
|    u_grad_norm        | 0.192     |
|    v_grad_norm        | 0.905     |
|    value_loss         | 4.64      |
-------------------------------------
--------------------------------------
| rollout/              |            |
|    ep_len_mean        | 500        |
|    ep_rew_mean        | -1.14e+03  |
| time/                 |            |
|    fps                | 8          |
|    iterations         | 594000     |
|    time_elapsed       | 2877       |
|    total_timesteps    | 615000     |
| train/                |            |
|    d_grad_norm        | 1.1        |
|    entropy_loss       | -3.19      |
|    explained_variance | 0.90277994 |
|    learning_rate      | 0.00981    |
|    n_updates          | 76871      |
|    policy_loss        | -0.853     |
|    std                | 0.414      |
|    u_grad_norm        | 0.0127     |
|    v_grad_norm        | 0.89       |
|    value_loss         | 0.313      |
--------------------------------------
--------------------------------------
| rollout/              |            |
|    ep_len_mean        | 500        |
|    ep_rew_mean        | -879       |
| time/                 |            |
|    fps                | 8          |
|    iterations         | 614000     |
|    time_elapsed       | 2880       |
|    total_timesteps    | 635000     |
| train/                |            |
|    d_grad_norm        | 0.045      |
|    entropy_loss       | -0.155     |
|    explained_variance | -1.9611444 |
|    learning_rate      | 0.00979    |
|    n_updates          | 79371      |
|    policy_loss        | -0.0003    |
|    std                | 0.225      |
|    u_grad_norm        | 0.0978     |
|    v_grad_norm        | 0.00949    |
|    value_loss         | 2.46e-06   |
--------------------------------------
---------------------------------------
| rollout/              |             |
|    ep_len_mean        | 500         |
|    ep_rew_mean        | -985        |
| time/                 |             |
|    fps                | 8           |
|    iterations         | 564000      |
|    time_elapsed       | 2880        |
|    total_timesteps    | 585000      |
| train/                |             |
|    d_grad_norm        | 0.0103      |
|    entropy_loss       | -0.0631     |
|    explained_variance | -15.2795105 |
|    learning_rate      | 0.00984     |
|    n_updates          | 73121       |
|    policy_loss        | -7.24e-05   |
|    std                | 0.37        |
|    u_grad_norm        | 0.0241      |
|    v_grad_norm        | 0.00177     |
|    value_loss         | 3.29e-07    |
---------------------------------------
-------------------------------------
| rollout/              |           |
|    ep_len_mean        | 500       |
|    ep_rew_mean        | -1.03e+03 |
| time/                 |           |
|    fps                | 8         |
|    iterations         | 583000    |
|    time_elapsed       | 2881      |
|    total_timesteps    | 604000    |
| train/                |           |
|    d_grad_norm        | 0.0223    |
|    entropy_loss       | -0.313    |
|    explained_variance | -1.674509 |
|    learning_rate      | 0.00982   |
|    n_updates          | 75496     |
|    policy_loss        | -0.000344 |
|    std                | 0.296     |
|    u_grad_norm        | 0.0226    |
|    v_grad_norm        | 0.00938   |
|    value_loss         | 7.61e-06  |
-------------------------------------
-------------------------------------
| rollout/              |           |
|    ep_len_mean        | 500       |
|    ep_rew_mean        | -940      |
| time/                 |           |
|    fps                | 8         |
|    iterations         | 612000    |
|    time_elapsed       | 2882      |
|    total_timesteps    | 633000    |
| train/                |           |
|    d_grad_norm        | 0.0187    |
|    entropy_loss       | -0.0889   |
|    explained_variance | 0.6020267 |
|    learning_rate      | 0.00979   |
|    n_updates          | 79121     |
|    policy_loss        | 0.000509  |
|    std                | 0.213     |
|    u_grad_norm        | 0.417     |
|    v_grad_norm        | 0.00965   |
|    value_loss         | 4.6e-06   |
-------------------------------------
-------------------------------------
| rollout/              |           |
|    ep_len_mean        | 500       |
|    ep_rew_mean        | -1.5e+03  |
| time/                 |           |
|    fps                | 8         |
|    iterations         | 442000    |
|    time_elapsed       | 2883      |
|    total_timesteps    | 463000    |
| train/                |           |
|    d_grad_norm        | 0.00291   |
|    entropy_loss       | -0.197    |
|    explained_variance | -2.099824 |
|    learning_rate      | 0.00995   |
|    n_updates          | 57871     |
|    policy_loss        | 8.51e-07  |
|    std                | 0.329     |
|    u_grad_norm        | 0.043     |
|    v_grad_norm        | 0.00134   |
|    value_loss         | 2.05e-06  |
-------------------------------------
--------------------------------------
| rollout/              |            |
|    ep_len_mean        | 500        |
|    ep_rew_mean        | -864       |
| time/                 |            |
|    fps                | 8          |
|    iterations         | 599000     |
|    time_elapsed       | 2884       |
|    total_timesteps    | 620000     |
| train/                |            |
|    d_grad_norm        | 0.0109     |
|    entropy_loss       | 0.24       |
|    explained_variance | -0.9149915 |
|    learning_rate      | 0.0098     |
|    n_updates          | 77496      |
|    policy_loss        | -6.91e-05  |
|    std                | 0.346      |
|    u_grad_norm        | 0.182      |
|    v_grad_norm        | 0.00476    |
|    value_loss         | 1.51e-06   |
--------------------------------------
--------------------------------------
| rollout/              |            |
|    ep_len_mean        | 500        |
|    ep_rew_mean        | -1.02e+03  |
| time/                 |            |
|    fps                | 8          |
|    iterations         | 481000     |
|    time_elapsed       | 2885       |
|    total_timesteps    | 502000     |
| train/                |            |
|    d_grad_norm        | 0.0588     |
|    entropy_loss       | -0.095     |
|    explained_variance | -0.5983207 |
|    learning_rate      | 0.00991    |
|    n_updates          | 62746      |
|    policy_loss        | -0.0016    |
|    std                | 0.341      |
|    u_grad_norm        | 0.386      |
|    v_grad_norm        | 0.0247     |
|    value_loss         | 4.16e-05   |
--------------------------------------
---------------------------------------
| rollout/              |             |
|    ep_len_mean        | 500         |
|    ep_rew_mean        | -1.2e+03    |
| time/                 |             |
|    fps                | 8           |
|    iterations         | 458000      |
|    time_elapsed       | 2886        |
|    total_timesteps    | 479000      |
| train/                |             |
|    d_grad_norm        | 1.13        |
|    entropy_loss       | -0.55       |
|    explained_variance | -0.31986952 |
|    learning_rate      | 0.00994     |
|    n_updates          | 59871       |
|    policy_loss        | 0.224       |
|    std                | 0.14        |
|    u_grad_norm        | 0.178       |
|    v_grad_norm        | 0.88        |
|    value_loss         | 1.87        |
---------------------------------------
-------------------------------------
| rollout/              |           |
|    ep_len_mean        | 500       |
|    ep_rew_mean        | -1.16e+03 |
| time/                 |           |
|    fps                | 8         |
|    iterations         | 594100    |
|    time_elapsed       | 2970      |
|    total_timesteps    | 615800    |
| train/                |           |
|    d_grad_norm        | 0.87      |
|    entropy_loss       | -3.11     |
|    explained_variance | 0.9926754 |
|    learning_rate      | 0.00981   |
|    n_updates          | 76971     |
|    policy_loss        | 1.65      |
|    std                | 0.414     |
|    u_grad_norm        | 0.0165    |
|    v_grad_norm        | 0.902     |
|    value_loss         | 0.48      |
-------------------------------------
--------------------------------------
| rollout/              |            |
|    ep_len_mean        | 500        |
|    ep_rew_mean        | -880       |
| time/                 |            |
|    fps                | 8          |
|    iterations         | 614100     |
|    time_elapsed       | 2972       |
|    total_timesteps    | 635800     |
| train/                |            |
|    d_grad_norm        | 0.000142   |
|    entropy_loss       | -0.269     |
|    explained_variance | 0.82105553 |
|    learning_rate      | 0.00979    |
|    n_updates          | 79471      |
|    policy_loss        | 0.000144   |
|    std                | 0.225      |
|    u_grad_norm        | 0.0252     |
|    v_grad_norm        | 0.00067    |
|    value_loss         | 1.59e-08   |
--------------------------------------
--------------------------------------
| rollout/              |            |
|    ep_len_mean        | 500        |
|    ep_rew_mean        | -1e+03     |
| time/                 |            |
|    fps                | 8          |
|    iterations         | 583100     |
|    time_elapsed       | 2973       |
|    total_timesteps    | 604800     |
| train/                |            |
|    d_grad_norm        | 0.00052    |
|    entropy_loss       | -0.223     |
|    explained_variance | -1.6360362 |
|    learning_rate      | 0.00982    |
|    n_updates          | 75596      |
|    policy_loss        | 9.77e-05   |
|    std                | 0.297      |
|    u_grad_norm        | 0.0994     |
|    v_grad_norm        | 0.00297    |
|    value_loss         | 6.03e-07   |
--------------------------------------
--------------------------------------
| rollout/              |            |
|    ep_len_mean        | 500        |
|    ep_rew_mean        | -947       |
| time/                 |            |
|    fps                | 8          |
|    iterations         | 564100     |
|    time_elapsed       | 2973       |
|    total_timesteps    | 585800     |
| train/                |            |
|    d_grad_norm        | 6.22e-05   |
|    entropy_loss       | -0.0491    |
|    explained_variance | -1.6326277 |
|    learning_rate      | 0.00984    |
|    n_updates          | 73221      |
|    policy_loss        | 1.13e-05   |
|    std                | 0.369      |
|    u_grad_norm        | 0.0011     |
|    v_grad_norm        | 0.000202   |
|    value_loss         | 1.64e-08   |
--------------------------------------
-------------------------------------
| rollout/              |           |
|    ep_len_mean        | 500       |
|    ep_rew_mean        | -972      |
| time/                 |           |
|    fps                | 8         |
|    iterations         | 612100    |
|    time_elapsed       | 2975      |
|    total_timesteps    | 633800    |
| train/                |           |
|    d_grad_norm        | 0.795     |
|    entropy_loss       | -1.27     |
|    explained_variance | 0.9977678 |
|    learning_rate      | 0.00979   |
|    n_updates          | 79221     |
|    policy_loss        | 1.93      |
|    std                | 0.212     |
|    u_grad_norm        | 0.162     |
|    v_grad_norm        | 0.879     |
|    value_loss         | 3.35      |
-------------------------------------
--------------------------------------
| rollout/              |            |
|    ep_len_mean        | 500        |
|    ep_rew_mean        | -1.52e+03  |
| time/                 |            |
|    fps                | 8          |
|    iterations         | 442100     |
|    time_elapsed       | 2975       |
|    total_timesteps    | 463800     |
| train/                |            |
|    d_grad_norm        | 0.897      |
|    entropy_loss       | -3.07      |
|    explained_variance | 0.91950333 |
|    learning_rate      | 0.00995    |
|    n_updates          | 57971      |
|    policy_loss        | 10         |
|    std                | 0.329      |
|    u_grad_norm        | 0.0678     |
|    v_grad_norm        | 0.946      |
|    value_loss         | 9.46       |
--------------------------------------
--------------------------------------
| rollout/              |            |
|    ep_len_mean        | 500        |
|    ep_rew_mean        | -1.01e+03  |
| time/                 |            |
|    fps                | 8          |
|    iterations         | 481100     |
|    time_elapsed       | 2976       |
|    total_timesteps    | 502800     |
| train/                |            |
|    d_grad_norm        | 0.00794    |
|    entropy_loss       | -0.0851    |
|    explained_variance | 0.28025085 |
|    learning_rate      | 0.00991    |
|    n_updates          | 62846      |
|    policy_loss        | 0.00105    |
|    std                | 0.341      |
|    u_grad_norm        | 0.0692     |
|    v_grad_norm        | 0.0148     |
|    value_loss         | 8.3e-06    |
--------------------------------------
--------------------------------------
| rollout/              |            |
|    ep_len_mean        | 500        |
|    ep_rew_mean        | -872       |
| time/                 |            |
|    fps                | 8          |
|    iterations         | 599100     |
|    time_elapsed       | 2976       |
|    total_timesteps    | 620800     |
| train/                |            |
|    d_grad_norm        | 1          |
|    entropy_loss       | -1.43      |
|    explained_variance | -1.6750584 |
|    learning_rate      | 0.0098     |
|    n_updates          | 77596      |
|    policy_loss        | 2.73       |
|    std                | 0.346      |
|    u_grad_norm        | 0.19       |
|    v_grad_norm        | 0.857      |
|    value_loss         | 3.34       |
--------------------------------------
--------------------------------------
| rollout/              |            |
|    ep_len_mean        | 500        |
|    ep_rew_mean        | -1.19e+03  |
| time/                 |            |
|    fps                | 8          |
|    iterations         | 458100     |
|    time_elapsed       | 2978       |
|    total_timesteps    | 479800     |
| train/                |            |
|    d_grad_norm        | 0.0194     |
|    entropy_loss       | -0.333     |
|    explained_variance | -4.2972584 |
|    learning_rate      | 0.00994    |
|    n_updates          | 59971      |
|    policy_loss        | -0.000599  |
|    std                | 0.142      |
|    u_grad_norm        | 0.645      |
|    v_grad_norm        | 0.0339     |
|    value_loss         | 0.000321   |
--------------------------------------
-------------------------------------
| rollout/              |           |
|    ep_len_mean        | 500       |
|    ep_rew_mean        | -1.19e+03 |
| time/                 |           |
|    fps                | 8         |
|    iterations         | 594200    |
|    time_elapsed       | 3064      |
|    total_timesteps    | 616600    |
| train/                |           |
|    d_grad_norm        | 0.0133    |
|    entropy_loss       | -0.49     |
|    explained_variance | -2.491374 |
|    learning_rate      | 0.00981   |
|    n_updates          | 77071     |
|    policy_loss        | 0.00228   |
|    std                | 0.416     |
|    u_grad_norm        | 0.0914    |
|    v_grad_norm        | 0.0185    |
|    value_loss         | 9.7e-05   |
-------------------------------------
--------------------------------------
| rollout/              |            |
|    ep_len_mean        | 500        |
|    ep_rew_mean        | -865       |
| time/                 |            |
|    fps                | 8          |
|    iterations         | 614200     |
|    time_elapsed       | 3065       |
|    total_timesteps    | 636600     |
| train/                |            |
|    d_grad_norm        | 1.01       |
|    entropy_loss       | -2.06      |
|    explained_variance | 0.99955046 |
|    learning_rate      | 0.00979    |
|    n_updates          | 79571      |
|    policy_loss        | 2.26       |
|    std                | 0.226      |
|    u_grad_norm        | 0.0896     |
|    v_grad_norm        | 0.945      |
|    value_loss         | 1.3        |
--------------------------------------
--------------------------------------
| rollout/              |            |
|    ep_len_mean        | 500        |
|    ep_rew_mean        | -1e+03     |
| time/                 |            |
|    fps                | 8          |
|    iterations         | 583200     |
|    time_elapsed       | 3066       |
|    total_timesteps    | 605600     |
| train/                |            |
|    d_grad_norm        | 0.0689     |
|    entropy_loss       | -0.148     |
|    explained_variance | -1.1257467 |
|    learning_rate      | 0.00982    |
|    n_updates          | 75696      |
|    policy_loss        | -0.00113   |
|    std                | 0.297      |
|    u_grad_norm        | 0.202      |
|    v_grad_norm        | 0.0178     |
|    value_loss         | 1.85e-05   |
--------------------------------------
-------------------------------------
| rollout/              |           |
|    ep_len_mean        | 500       |
|    ep_rew_mean        | -940      |
| time/                 |           |
|    fps                | 8         |
|    iterations         | 564200    |
|    time_elapsed       | 3067      |
|    total_timesteps    | 586600    |
| train/                |           |
|    d_grad_norm        | 1.15      |
|    entropy_loss       | -3.16     |
|    explained_variance | 0.9997188 |
|    learning_rate      | 0.00983   |
|    n_updates          | 73321     |
|    policy_loss        | 0.805     |
|    std                | 0.368     |
|    u_grad_norm        | 0.0133    |
|    v_grad_norm        | 0.939     |
|    value_loss         | 0.108     |
-------------------------------------
--------------------------------------
| rollout/              |            |
|    ep_len_mean        | 500        |
|    ep_rew_mean        | -1.02e+03  |
| time/                 |            |
|    fps                | 8          |
|    iterations         | 612200     |
|    time_elapsed       | 3068       |
|    total_timesteps    | 634600     |
| train/                |            |
|    d_grad_norm        | 1.01       |
|    entropy_loss       | -0.363     |
|    explained_variance | 0.89851546 |
|    learning_rate      | 0.00979    |
|    n_updates          | 79321      |
|    policy_loss        | 0.0753     |
|    std                | 0.212      |
|    u_grad_norm        | 0.64       |
|    v_grad_norm        | 0.557      |
|    value_loss         | 2.48       |
--------------------------------------
-------------------------------------
| rollout/              |           |
|    ep_len_mean        | 500       |
|    ep_rew_mean        | -1.49e+03 |
| time/                 |           |
|    fps                | 8         |
|    iterations         | 442200    |
|    time_elapsed       | 3069      |
|    total_timesteps    | 464600    |
| train/                |           |
|    d_grad_norm        | 0.0534    |
|    entropy_loss       | -0.363    |
|    explained_variance | 0.2742455 |
|    learning_rate      | 0.00995   |
|    n_updates          | 58071     |
|    policy_loss        | 0.000146  |
|    std                | 0.329     |
|    u_grad_norm        | 0.14      |
|    v_grad_norm        | 0.0145    |
|    value_loss         | 1.14e-05  |
-------------------------------------
-------------------------------------
| rollout/              |           |
|    ep_len_mean        | 500       |
|    ep_rew_mean        | -876      |
| time/                 |           |
|    fps                | 8         |
|    iterations         | 599200    |
|    time_elapsed       | 3069      |
|    total_timesteps    | 621600    |
| train/                |           |
|    d_grad_norm        | 0.833     |
|    entropy_loss       | -2.62     |
|    explained_variance | 0.9968104 |
|    learning_rate      | 0.0098    |
|    n_updates          | 77696     |
|    policy_loss        | 0.65      |
|    std                | 0.345     |
|    u_grad_norm        | 0.00391   |
|    v_grad_norm        | 0.991     |
|    value_loss         | 0.201     |
-------------------------------------
-------------------------------------
| rollout/              |           |
|    ep_len_mean        | 500       |
|    ep_rew_mean        | -1.03e+03 |
| time/                 |           |
|    fps                | 8         |
|    iterations         | 481200    |
|    time_elapsed       | 3070      |
|    total_timesteps    | 503600    |
| train/                |           |
|    d_grad_norm        | 0.87      |
|    entropy_loss       | -1.61     |
|    explained_variance | 0.9976313 |
|    learning_rate      | 0.00991   |
|    n_updates          | 62946     |
|    policy_loss        | 2.34      |
|    std                | 0.341     |
|    u_grad_norm        | 0.064     |
|    v_grad_norm        | 0.912     |
|    value_loss         | 4.47      |
-------------------------------------
--------------------------------------
| rollout/              |            |
|    ep_len_mean        | 500        |
|    ep_rew_mean        | -1.2e+03   |
| time/                 |            |
|    fps                | 8          |
|    iterations         | 458200     |
|    time_elapsed       | 3071       |
|    total_timesteps    | 480600     |
| train/                |            |
|    d_grad_norm        | 0.316      |
|    entropy_loss       | -0.369     |
|    explained_variance | 0.18944752 |
|    learning_rate      | 0.00993    |
|    n_updates          | 60071      |
|    policy_loss        | -0.000544  |
|    std                | 0.142      |
|    u_grad_norm        | 0.533      |
|    v_grad_norm        | 0.284      |
|    value_loss         | 0.00111    |
--------------------------------------
-------------------------------------
| rollout/              |           |
|    ep_len_mean        | 500       |
|    ep_rew_mean        | -1.19e+03 |
| time/                 |           |
|    fps                | 8         |
|    iterations         | 594300    |
|    time_elapsed       | 3156      |
|    total_timesteps    | 617400    |
| train/                |           |
|    d_grad_norm        | 1.01      |
|    entropy_loss       | -3.24     |
|    explained_variance | 0.9999544 |
|    learning_rate      | 0.00981   |
|    n_updates          | 77171     |
|    policy_loss        | -1.83     |
|    std                | 0.415     |
|    u_grad_norm        | 0.0759    |
|    v_grad_norm        | 0.962     |
|    value_loss         | 0.203     |
-------------------------------------
-------------------------------------
| rollout/              |           |
|    ep_len_mean        | 500       |
|    ep_rew_mean        | -864      |
| time/                 |           |
|    fps                | 8         |
|    iterations         | 614300    |
|    time_elapsed       | 3158      |
|    total_timesteps    | 637400    |
| train/                |           |
|    d_grad_norm        | 0.00889   |
|    entropy_loss       | 0.0351    |
|    explained_variance | -22.52211 |
|    learning_rate      | 0.00979   |
|    n_updates          | 79671     |
|    policy_loss        | 0.00155   |
|    std                | 0.225     |
|    u_grad_norm        | 0.321     |
|    v_grad_norm        | 0.00535   |
|    value_loss         | 1.58e-06  |
-------------------------------------
-------------------------------------
| rollout/              |           |
|    ep_len_mean        | 500       |
|    ep_rew_mean        | -1e+03    |
| time/                 |           |
|    fps                | 8         |
|    iterations         | 583300    |
|    time_elapsed       | 3159      |
|    total_timesteps    | 606400    |
| train/                |           |
|    d_grad_norm        | 0.952     |
|    entropy_loss       | -2.43     |
|    explained_variance | 0.9984013 |
|    learning_rate      | 0.00982   |
|    n_updates          | 75796     |
|    policy_loss        | -8.63     |
|    std                | 0.295     |
|    u_grad_norm        | 0.124     |
|    v_grad_norm        | 0.973     |
|    value_loss         | 4.56      |
-------------------------------------
---------------------------------------
| rollout/              |             |
|    ep_len_mean        | 500         |
|    ep_rew_mean        | -949        |
| time/                 |             |
|    fps                | 8           |
|    iterations         | 564300      |
|    time_elapsed       | 3160        |
|    total_timesteps    | 587400      |
| train/                |             |
|    d_grad_norm        | 0.00166     |
|    entropy_loss       | -0.0532     |
|    explained_variance | -0.87300694 |
|    learning_rate      | 0.00983     |
|    n_updates          | 73421       |
|    policy_loss        | 6.64e-05    |
|    std                | 0.369       |
|    u_grad_norm        | 0.0075      |
|    v_grad_norm        | 0.00096     |
|    value_loss         | 6.05e-08    |
---------------------------------------
-------------------------------------
| rollout/              |           |
|    ep_len_mean        | 500       |
|    ep_rew_mean        | -1.47e+03 |
| time/                 |           |
|    fps                | 8         |
|    iterations         | 442300    |
|    time_elapsed       | 3161      |
|    total_timesteps    | 465400    |
| train/                |           |
|    d_grad_norm        | 0.889     |
|    entropy_loss       | -2.49     |
|    explained_variance | 0.9896    |
|    learning_rate      | 0.00995   |
|    n_updates          | 58171     |
|    policy_loss        | 1.49      |
|    std                | 0.328     |
|    u_grad_norm        | 0.0204    |
|    v_grad_norm        | 0.938     |
|    value_loss         | 2.28      |
-------------------------------------
---------------------------------------
| rollout/              |             |
|    ep_len_mean        | 500         |
|    ep_rew_mean        | -1.02e+03   |
| time/                 |             |
|    fps                | 8           |
|    iterations         | 612300      |
|    time_elapsed       | 3161        |
|    total_timesteps    | 635400      |
| train/                |             |
|    d_grad_norm        | 0.0288      |
|    entropy_loss       | -0.124      |
|    explained_variance | -0.17782116 |
|    learning_rate      | 0.00979     |
|    n_updates          | 79421       |
|    policy_loss        | 0.0024      |
|    std                | 0.213       |
|    u_grad_norm        | 0.784       |
|    v_grad_norm        | 0.0119      |
|    value_loss         | 9.21e-06    |
---------------------------------------
-------------------------------------
| rollout/              |           |
|    ep_len_mean        | 500       |
|    ep_rew_mean        | -898      |
| time/                 |           |
|    fps                | 8         |
|    iterations         | 599300    |
|    time_elapsed       | 3162      |
|    total_timesteps    | 622400    |
| train/                |           |
|    d_grad_norm        | 0.776     |
|    entropy_loss       | -1.79     |
|    explained_variance | 0.9973376 |
|    learning_rate      | 0.0098    |
|    n_updates          | 77796     |
|    policy_loss        | 1.76      |
|    std                | 0.346     |
|    u_grad_norm        | 0.313     |
|    v_grad_norm        | 0.817     |
|    value_loss         | 1.06      |
-------------------------------------
--------------------------------------
| rollout/              |            |
|    ep_len_mean        | 500        |
|    ep_rew_mean        | -1.03e+03  |
| time/                 |            |
|    fps                | 8          |
|    iterations         | 481300     |
|    time_elapsed       | 3162       |
|    total_timesteps    | 504400     |
| train/                |            |
|    d_grad_norm        | 0.78       |
|    entropy_loss       | -2.57      |
|    explained_variance | 0.83496416 |
|    learning_rate      | 0.00991    |
|    n_updates          | 63046      |
|    policy_loss        | 6.3        |
|    std                | 0.341      |
|    u_grad_norm        | 0.173      |
|    v_grad_norm        | 0.843      |
|    value_loss         | 7.63       |
--------------------------------------
----------------------------------------
| rollout/              |              |
|    ep_len_mean        | 500          |
|    ep_rew_mean        | -1.17e+03    |
| time/                 |              |
|    fps                | 8            |
|    iterations         | 458300       |
|    time_elapsed       | 3165         |
|    total_timesteps    | 481400       |
| train/                |              |
|    d_grad_norm        | 0.0248       |
|    entropy_loss       | -0.242       |
|    explained_variance | -0.033810616 |
|    learning_rate      | 0.00993      |
|    n_updates          | 60171        |
|    policy_loss        | -0.000377    |
|    std                | 0.142        |
|    u_grad_norm        | 0.176        |
|    v_grad_norm        | 0.0114       |
|    value_loss         | 7.54e-06     |
----------------------------------------
--------------------------------------
| rollout/              |            |
|    ep_len_mean        | 500        |
|    ep_rew_mean        | -1.18e+03  |
| time/                 |            |
|    fps                | 8          |
|    iterations         | 594400     |
|    time_elapsed       | 3250       |
|    total_timesteps    | 618200     |
| train/                |            |
|    d_grad_norm        | 0.52       |
|    entropy_loss       | -1.11      |
|    explained_variance | 0.23814398 |
|    learning_rate      | 0.00981    |
|    n_updates          | 77271      |
|    policy_loss        | 0.0225     |
|    std                | 0.417      |
|    u_grad_norm        | 0.943      |
|    v_grad_norm        | 0.0689     |
|    value_loss         | 0.00064    |
--------------------------------------
-------------------------------------
| rollout/              |           |
|    ep_len_mean        | 500       |
|    ep_rew_mean        | -1.04e+03 |
| time/                 |           |
|    fps                | 8         |
|    iterations         | 583400    |
|    time_elapsed       | 3251      |
|    total_timesteps    | 607200    |
| train/                |           |
|    d_grad_norm        | 0.913     |
|    entropy_loss       | -1.46     |
|    explained_variance | 0.9981565 |
|    learning_rate      | 0.00982   |
|    n_updates          | 75896     |
|    policy_loss        | -3.1      |
|    std                | 0.294     |
|    u_grad_norm        | 0.212     |
|    v_grad_norm        | 0.93      |
|    value_loss         | 1.58      |
-------------------------------------
-------------------------------------
| rollout/              |           |
|    ep_len_mean        | 500       |
|    ep_rew_mean        | -845      |
| time/                 |           |
|    fps                | 8         |
|    iterations         | 614400    |
|    time_elapsed       | 3251      |
|    total_timesteps    | 638200    |
| train/                |           |
|    d_grad_norm        | 0.00511   |
|    entropy_loss       | 0.0021    |
|    explained_variance | -6.786022 |
|    learning_rate      | 0.00979   |
|    n_updates          | 79771     |
|    policy_loss        | 0.000112  |
|    std                | 0.225     |
|    u_grad_norm        | 0.0058    |
|    v_grad_norm        | 0.00201   |
|    value_loss         | 3.36e-07  |
-------------------------------------
---------------------------------------
| rollout/              |             |
|    ep_len_mean        | 500         |
|    ep_rew_mean        | -924        |
| time/                 |             |
|    fps                | 8           |
|    iterations         | 564400      |
|    time_elapsed       | 3254        |
|    total_timesteps    | 588200      |
| train/                |             |
|    d_grad_norm        | 0.00739     |
|    entropy_loss       | -0.207      |
|    explained_variance | -0.52457654 |
|    learning_rate      | 0.00983     |
|    n_updates          | 73521       |
|    policy_loss        | -2.04e-05   |
|    std                | 0.368       |
|    u_grad_norm        | 0.0562      |
|    v_grad_norm        | 0.0025      |
|    value_loss         | 2.29e-07    |
---------------------------------------
-------------------------------------
| rollout/              |           |
|    ep_len_mean        | 500       |
|    ep_rew_mean        | -1.5e+03  |
| time/                 |           |
|    fps                | 8         |
|    iterations         | 442400    |
|    time_elapsed       | 3254      |
|    total_timesteps    | 466200    |
| train/                |           |
|    d_grad_norm        | 1.14      |
|    entropy_loss       | -3.57     |
|    explained_variance | 0.9994324 |
|    learning_rate      | 0.00995   |
|    n_updates          | 58271     |
|    policy_loss        | 1.08      |
|    std                | 0.328     |
|    u_grad_norm        | 0.077     |
|    v_grad_norm        | 0.984     |
|    value_loss         | 0.113     |
-------------------------------------
-------------------------------------
| rollout/              |           |
|    ep_len_mean        | 500       |
|    ep_rew_mean        | -1.03e+03 |
| time/                 |           |
|    fps                | 8         |
|    iterations         | 612400    |
|    time_elapsed       | 3254      |
|    total_timesteps    | 636200    |
| train/                |           |
|    d_grad_norm        | 0.911     |
|    entropy_loss       | -2.02     |
|    explained_variance | 0.9923415 |
|    learning_rate      | 0.00979   |
|    n_updates          | 79521     |
|    policy_loss        | 4.3       |
|    std                | 0.213     |
|    u_grad_norm        | 0.0252    |
|    v_grad_norm        | 0.952     |
|    value_loss         | 5.28      |
-------------------------------------
--------------------------------------
| rollout/              |            |
|    ep_len_mean        | 500        |
|    ep_rew_mean        | -1.04e+03  |
| time/                 |            |
|    fps                | 8          |
|    iterations         | 481400     |
|    time_elapsed       | 3255       |
|    total_timesteps    | 505200     |
| train/                |            |
|    d_grad_norm        | 0.0125     |
|    entropy_loss       | -0.417     |
|    explained_variance | -25.434437 |
|    learning_rate      | 0.00991    |
|    n_updates          | 63146      |
|    policy_loss        | 0.000495   |
|    std                | 0.341      |
|    u_grad_norm        | 0.0477     |
|    v_grad_norm        | 0.00317    |
|    value_loss         | 5.73e-06   |
--------------------------------------
-------------------------------------
| rollout/              |           |
|    ep_len_mean        | 500       |
|    ep_rew_mean        | -927      |
| time/                 |           |
|    fps                | 8         |
|    iterations         | 599400    |
|    time_elapsed       | 3255      |
|    total_timesteps    | 623200    |
| train/                |           |
|    d_grad_norm        | 0.921     |
|    entropy_loss       | -3.05     |
|    explained_variance | 0.9632964 |
|    learning_rate      | 0.0098    |
|    n_updates          | 77896     |
|    policy_loss        | 2.37      |
|    std                | 0.345     |
|    u_grad_norm        | 0.14      |
|    v_grad_norm        | 0.938     |
|    value_loss         | 1.06      |
-------------------------------------
-------------------------------------
| rollout/              |           |
|    ep_len_mean        | 500       |
|    ep_rew_mean        | -1.15e+03 |
| time/                 |           |
|    fps                | 8         |
|    iterations         | 458400    |
|    time_elapsed       | 3258      |
|    total_timesteps    | 482200    |
| train/                |           |
|    d_grad_norm        | 0.979     |
|    entropy_loss       | -1.73     |
|    explained_variance | 0.9840987 |
|    learning_rate      | 0.00993   |
|    n_updates          | 60271     |
|    policy_loss        | 1.83      |
|    std                | 0.142     |
|    u_grad_norm        | 0.121     |
|    v_grad_norm        | 0.955     |
|    value_loss         | 3.49      |
-------------------------------------
--------------------------------------
| rollout/              |            |
|    ep_len_mean        | 500        |
|    ep_rew_mean        | -1.17e+03  |
| time/                 |            |
|    fps                | 8          |
|    iterations         | 594500     |
|    time_elapsed       | 3274       |
|    total_timesteps    | 619000     |
| train/                |            |
|    d_grad_norm        | 0.123      |
|    entropy_loss       | -1.2       |
|    explained_variance | -3.4842463 |
|    learning_rate      | 0.0098     |
|    n_updates          | 77371      |
|    policy_loss        | 0.00136    |
|    std                | 0.418      |
|    u_grad_norm        | 0.335      |
|    v_grad_norm        | 0.0342     |
|    value_loss         | 0.000114   |
--------------------------------------
--------------------------------------
| rollout/              |            |
|    ep_len_mean        | 500        |
|    ep_rew_mean        | -1.02e+03  |
| time/                 |            |
|    fps                | 8          |
|    iterations         | 583500     |
|    time_elapsed       | 3275       |
|    total_timesteps    | 608000     |
| train/                |            |
|    d_grad_norm        | 0.0156     |
|    entropy_loss       | -0.0764    |
|    explained_variance | -13.187692 |
|    learning_rate      | 0.00981    |
|    n_updates          | 75996      |
|    policy_loss        | -0.000253  |
|    std                | 0.292      |
|    u_grad_norm        | 0.0675     |
|    v_grad_norm        | 0.00385    |
|    value_loss         | 1.4e-06    |
--------------------------------------
-------------------------------------
| rollout/              |           |
|    ep_len_mean        | 500       |
|    ep_rew_mean        | -842      |
| time/                 |           |
|    fps                | 8         |
|    iterations         | 614500    |
|    time_elapsed       | 3275      |
|    total_timesteps    | 639000    |
| train/                |           |
|    d_grad_norm        | 0.00765   |
|    entropy_loss       | 0.0259    |
|    explained_variance | -7.126956 |
|    learning_rate      | 0.00979   |
|    n_updates          | 79871     |
|    policy_loss        | 1.43e-05  |
|    std                | 0.225     |
|    u_grad_norm        | 0.0569    |
|    v_grad_norm        | 0.00206   |
|    value_loss         | 5.78e-07  |
-------------------------------------
-------------------------------------
| rollout/              |           |
|    ep_len_mean        | 500       |
|    ep_rew_mean        | -915      |
| time/                 |           |
|    fps                | 8         |
|    iterations         | 564500    |
|    time_elapsed       | 3278      |
|    total_timesteps    | 589000    |
| train/                |           |
|    d_grad_norm        | 0.0589    |
|    entropy_loss       | -0.1      |
|    explained_variance | -26.15099 |
|    learning_rate      | 0.00983   |
|    n_updates          | 73621     |
|    policy_loss        | -0.00206  |
|    std                | 0.367     |
|    u_grad_norm        | 0.605     |
|    v_grad_norm        | 0.0195    |
|    value_loss         | 1.86e-05  |
-------------------------------------
----------------------------------------
| rollout/              |              |
|    ep_len_mean        | 500          |
|    ep_rew_mean        | -1.52e+03    |
| time/                 |              |
|    fps                | 8            |
|    iterations         | 442500       |
|    time_elapsed       | 3278         |
|    total_timesteps    | 467000       |
| train/                |              |
|    d_grad_norm        | 0.112        |
|    entropy_loss       | -1.93        |
|    explained_variance | 4.708767e-06 |
|    learning_rate      | 0.00995      |
|    n_updates          | 58371        |
|    policy_loss        | -0.0108      |
|    std                | 0.327        |
|    u_grad_norm        | 0.117        |
|    v_grad_norm        | 0.854        |
|    value_loss         | 2.2e-05      |
----------------------------------------
--------------------------------------
| rollout/              |            |
|    ep_len_mean        | 500        |
|    ep_rew_mean        | -1.03e+03  |
| time/                 |            |
|    fps                | 8          |
|    iterations         | 612500     |
|    time_elapsed       | 3278       |
|    total_timesteps    | 637000     |
| train/                |            |
|    d_grad_norm        | 0.00597    |
|    entropy_loss       | -0.119     |
|    explained_variance | -0.2774452 |
|    learning_rate      | 0.00979    |
|    n_updates          | 79621      |
|    policy_loss        | -0.000111  |
|    std                | 0.214      |
|    u_grad_norm        | 0.0243     |
|    v_grad_norm        | 0.00166    |
|    value_loss         | 1.84e-07   |
--------------------------------------
---------------------------------------
| rollout/              |             |
|    ep_len_mean        | 500         |
|    ep_rew_mean        | -1.01e+03   |
| time/                 |             |
|    fps                | 8           |
|    iterations         | 481500      |
|    time_elapsed       | 3279        |
|    total_timesteps    | 506000      |
| train/                |             |
|    d_grad_norm        | 0.00771     |
|    entropy_loss       | -0.413      |
|    explained_variance | -0.59666955 |
|    learning_rate      | 0.00991     |
|    n_updates          | 63246       |
|    policy_loss        | 0.000158    |
|    std                | 0.341       |
|    u_grad_norm        | 0.056       |
|    v_grad_norm        | 0.00192     |
|    value_loss         | 2.08e-07    |
---------------------------------------
---------------------------------------
| rollout/              |             |
|    ep_len_mean        | 500         |
|    ep_rew_mean        | -913        |
| time/                 |             |
|    fps                | 8           |
|    iterations         | 599500      |
|    time_elapsed       | 3279        |
|    total_timesteps    | 624000      |
| train/                |             |
|    d_grad_norm        | 0.0325      |
|    entropy_loss       | -0.474      |
|    explained_variance | -116.482445 |
|    learning_rate      | 0.0098      |
|    n_updates          | 77996       |
|    policy_loss        | 0.00267     |
|    std                | 0.346       |
|    u_grad_norm        | 0.0721      |
|    v_grad_norm        | 0.0306      |
|    value_loss         | 6.71e-05    |
---------------------------------------
--------------------------------------
| rollout/              |            |
|    ep_len_mean        | 500        |
|    ep_rew_mean        | -1.15e+03  |
| time/                 |            |
|    fps                | 8          |
|    iterations         | 458500     |
|    time_elapsed       | 3281       |
|    total_timesteps    | 483000     |
| train/                |            |
|    d_grad_norm        | 0.0762     |
|    entropy_loss       | -0.426     |
|    explained_variance | -1.7895932 |
|    learning_rate      | 0.00993    |
|    n_updates          | 60371      |
|    policy_loss        | 0.000782   |
|    std                | 0.141      |
|    u_grad_norm        | 0.0114     |
|    v_grad_norm        | 0.0997     |
|    value_loss         | 0.000136   |
--------------------------------------
---------------------------------------
| rollout/              |             |
|    ep_len_mean        | 500         |
|    ep_rew_mean        | -1.17e+03   |
| time/                 |             |
|    fps                | 8           |
|    iterations         | 594600      |
|    time_elapsed       | 3367        |
|    total_timesteps    | 619800      |
| train/                |             |
|    d_grad_norm        | 0.00977     |
|    entropy_loss       | -0.692      |
|    explained_variance | -0.28012383 |
|    learning_rate      | 0.0098      |
|    n_updates          | 77471       |
|    policy_loss        | 0.0118      |
|    std                | 0.419       |
|    u_grad_norm        | 0.931       |
|    v_grad_norm        | 0.0484      |
|    value_loss         | 0.000159    |
---------------------------------------
--------------------------------------
| rollout/              |            |
|    ep_len_mean        | 500        |
|    ep_rew_mean        | -844       |
| time/                 |            |
|    fps                | 8          |
|    iterations         | 614600     |
|    time_elapsed       | 3367       |
|    total_timesteps    | 639800     |
| train/                |            |
|    d_grad_norm        | 0.000367   |
|    entropy_loss       | -0.0918    |
|    explained_variance | -3.1458592 |
|    learning_rate      | 0.00979    |
|    n_updates          | 79971      |
|    policy_loss        | 0.000162   |
|    std                | 0.225      |
|    u_grad_norm        | 0.0448     |
|    v_grad_norm        | 0.00549    |
|    value_loss         | 3.22e-06   |
--------------------------------------
-------------------------------------
| rollout/              |           |
|    ep_len_mean        | 500       |
|    ep_rew_mean        | -989      |
| time/                 |           |
|    fps                | 8         |
|    iterations         | 583600    |
|    time_elapsed       | 3367      |
|    total_timesteps    | 608800    |
| train/                |           |
|    d_grad_norm        | 0.00342   |
|    entropy_loss       | -0.132    |
|    explained_variance | 0.0823372 |
|    learning_rate      | 0.00981   |
|    n_updates          | 76096     |
|    policy_loss        | 0.000259  |
|    std                | 0.294     |
|    u_grad_norm        | 0.137     |
|    v_grad_norm        | 0.00684   |
|    value_loss         | 3.19e-06  |
-------------------------------------
-------------------------------------
| rollout/              |           |
|    ep_len_mean        | 500       |
|    ep_rew_mean        | -893      |
| time/                 |           |
|    fps                | 8         |
|    iterations         | 564600    |
|    time_elapsed       | 3369      |
|    total_timesteps    | 589800    |
| train/                |           |
|    d_grad_norm        | 0.00141   |
|    entropy_loss       | -0.303    |
|    explained_variance | 0.2408697 |
|    learning_rate      | 0.00983   |
|    n_updates          | 73721     |
|    policy_loss        | -2.28e-05 |
|    std                | 0.367     |
|    u_grad_norm        | 0.0329    |
|    v_grad_norm        | 0.00119   |
|    value_loss         | 4.45e-07  |
-------------------------------------
-------------------------------------
| rollout/              |           |
|    ep_len_mean        | 500       |
|    ep_rew_mean        | -1.52e+03 |
| time/                 |           |
|    fps                | 8         |
|    iterations         | 442600    |
|    time_elapsed       | 3369      |
|    total_timesteps    | 467800    |
| train/                |           |
|    d_grad_norm        | 0.00598   |
|    entropy_loss       | -0.212    |
|    explained_variance | 0.7390277 |
|    learning_rate      | 0.00995   |
|    n_updates          | 58471     |
|    policy_loss        | 0.000371  |
|    std                | 0.327     |
|    u_grad_norm        | 0.108     |
|    v_grad_norm        | 0.00426   |
|    value_loss         | 8.08e-07  |
-------------------------------------
--------------------------------------
| rollout/              |            |
|    ep_len_mean        | 500        |
|    ep_rew_mean        | -1.05e+03  |
| time/                 |            |
|    fps                | 8          |
|    iterations         | 612600     |
|    time_elapsed       | 3370       |
|    total_timesteps    | 637800     |
| train/                |            |
|    d_grad_norm        | 0.0012     |
|    entropy_loss       | -0.165     |
|    explained_variance | -12.759314 |
|    learning_rate      | 0.00979    |
|    n_updates          | 79721      |
|    policy_loss        | -2.02e-05  |
|    std                | 0.215      |
|    u_grad_norm        | 0.0386     |
|    v_grad_norm        | 0.00125    |
|    value_loss         | 2e-06      |
--------------------------------------
--------------------------------------
| rollout/              |            |
|    ep_len_mean        | 500        |
|    ep_rew_mean        | -1.01e+03  |
| time/                 |            |
|    fps                | 8          |
|    iterations         | 481600     |
|    time_elapsed       | 3370       |
|    total_timesteps    | 506800     |
| train/                |            |
|    d_grad_norm        | 0.00389    |
|    entropy_loss       | -0.0722    |
|    explained_variance | -95.710266 |
|    learning_rate      | 0.00991    |
|    n_updates          | 63346      |
|    policy_loss        | -0.000187  |
|    std                | 0.34       |
|    u_grad_norm        | 0.0952     |
|    v_grad_norm        | 0.00267    |
|    value_loss         | 2.25e-06   |
--------------------------------------
--------------------------------------
| rollout/              |            |
|    ep_len_mean        | 500        |
|    ep_rew_mean        | -938       |
| time/                 |            |
|    fps                | 8          |
|    iterations         | 599600     |
|    time_elapsed       | 3371       |
|    total_timesteps    | 624800     |
| train/                |            |
|    d_grad_norm        | 0.000952   |
|    entropy_loss       | 0.0841     |
|    explained_variance | -5.6774263 |
|    learning_rate      | 0.0098     |
|    n_updates          | 78096      |
|    policy_loss        | 0.000314   |
|    std                | 0.345      |
|    u_grad_norm        | 0.000439   |
|    v_grad_norm        | 0.00255    |
|    value_loss         | 1.44e-06   |
--------------------------------------
---------------------------------------
| rollout/              |             |
|    ep_len_mean        | 500         |
|    ep_rew_mean        | -1.13e+03   |
| time/                 |             |
|    fps                | 8           |
|    iterations         | 458600      |
|    time_elapsed       | 3373        |
|    total_timesteps    | 483800      |
| train/                |             |
|    d_grad_norm        | 0.00975     |
|    entropy_loss       | -0.316      |
|    explained_variance | -0.56816614 |
|    learning_rate      | 0.00993     |
|    n_updates          | 60471       |
|    policy_loss        | -0.000225   |
|    std                | 0.142       |
|    u_grad_norm        | 0.0277      |
|    v_grad_norm        | 0.00579     |
|    value_loss         | 1.96e-06    |
---------------------------------------
Stopping because gradient norm condition is fulfilled
-------------------------------------
| rollout/              |           |
|    ep_len_mean        | 500       |
|    ep_rew_mean        | -998      |
| time/                 |           |
|    fps                | 8         |
|    iterations         | 583700    |
|    time_elapsed       | 3452      |
|    total_timesteps    | 609600    |
| train/                |           |
|    d_grad_norm        | 1.08      |
|    entropy_loss       | -1.98     |
|    explained_variance | 0.9983819 |
|    learning_rate      | 0.00981   |
|    n_updates          | 76196     |
|    policy_loss        | 0.513     |
|    std                | 0.293     |
|    u_grad_norm        | 0.0601    |
|    v_grad_norm        | 0.975     |
|    value_loss         | 0.165     |
-------------------------------------
---------------------------------------
| rollout/              |             |
|    ep_len_mean        | 500         |
|    ep_rew_mean        | -1.22e+03   |
| time/                 |             |
|    fps                | 8           |
|    iterations         | 594700      |
|    time_elapsed       | 3452        |
|    total_timesteps    | 620600      |
| train/                |             |
|    d_grad_norm        | 0.0517      |
|    entropy_loss       | -0.993      |
|    explained_variance | -0.06339598 |
|    learning_rate      | 0.0098      |
|    n_updates          | 77571       |
|    policy_loss        | -0.00524    |
|    std                | 0.418       |
|    u_grad_norm        | 0.277       |
|    v_grad_norm        | 0.0291      |
|    value_loss         | 3.79e-05    |
---------------------------------------
-------------------------------------
| rollout/              |           |
|    ep_len_mean        | 500       |
|    ep_rew_mean        | -842      |
| time/                 |           |
|    fps                | 8         |
|    iterations         | 614700    |
|    time_elapsed       | 3452      |
|    total_timesteps    | 640600    |
| train/                |           |
|    d_grad_norm        | 0.0295    |
|    entropy_loss       | -0.218    |
|    explained_variance | 0.6623918 |
|    learning_rate      | 0.00978   |
|    n_updates          | 80071     |
|    policy_loss        | -0.000234 |
|    std                | 0.225     |
|    u_grad_norm        | 0.336     |
|    v_grad_norm        | 0.0365    |
|    value_loss         | 3.21e-05  |
-------------------------------------
--------------------------------------
| rollout/              |            |
|    ep_len_mean        | 500        |
|    ep_rew_mean        | -897       |
| time/                 |            |
|    fps                | 8          |
|    iterations         | 564700     |
|    time_elapsed       | 3453       |
|    total_timesteps    | 590600     |
| train/                |            |
|    d_grad_norm        | 0.886      |
|    entropy_loss       | -2.48      |
|    explained_variance | 0.99733984 |
|    learning_rate      | 0.00983    |
|    n_updates          | 73821      |
|    policy_loss        | -3.4       |
|    std                | 0.366      |
|    u_grad_norm        | 0.0338     |
|    v_grad_norm        | 0.908      |
|    value_loss         | 2.67       |
--------------------------------------
---------------------------------------
| rollout/              |             |
|    ep_len_mean        | 500         |
|    ep_rew_mean        | -1e+03      |
| time/                 |             |
|    fps                | 8           |
|    iterations         | 481700      |
|    time_elapsed       | 3454        |
|    total_timesteps    | 507600      |
| train/                |             |
|    d_grad_norm        | 0.00987     |
|    entropy_loss       | -0.106      |
|    explained_variance | -0.71853304 |
|    learning_rate      | 0.00991     |
|    n_updates          | 63446       |
|    policy_loss        | -0.000141   |
|    std                | 0.338       |
|    u_grad_norm        | 0.107       |
|    v_grad_norm        | 0.00446     |
|    value_loss         | 1.64e-06    |
---------------------------------------
--------------------------------------
| rollout/              |            |
|    ep_len_mean        | 500        |
|    ep_rew_mean        | -1.46e+03  |
| time/                 |            |
|    fps                | 8          |
|    iterations         | 442700     |
|    time_elapsed       | 3455       |
|    total_timesteps    | 468600     |
| train/                |            |
|    d_grad_norm        | 0.84       |
|    entropy_loss       | -1.85      |
|    explained_variance | 0.98755735 |
|    learning_rate      | 0.00995    |
|    n_updates          | 58571      |
|    policy_loss        | 0.512      |
|    std                | 0.326      |
|    u_grad_norm        | 0.0357     |
|    v_grad_norm        | 0.904      |
|    value_loss         | 0.54       |
--------------------------------------
-------------------------------------
| rollout/              |           |
|    ep_len_mean        | 500       |
|    ep_rew_mean        | -1.06e+03 |
| time/                 |           |
|    fps                | 8         |
|    iterations         | 612700    |
|    time_elapsed       | 3455      |
|    total_timesteps    | 638600    |
| train/                |           |
|    d_grad_norm        | 0.936     |
|    entropy_loss       | -1.72     |
|    explained_variance | 0.9987493 |
|    learning_rate      | 0.00979   |
|    n_updates          | 79821     |
|    policy_loss        | 0.168     |
|    std                | 0.213     |
|    u_grad_norm        | 0.0212    |
|    v_grad_norm        | 0.981     |
|    value_loss         | 0.0307    |
-------------------------------------
------------------------------------
| rollout/              |          |
|    ep_len_mean        | 500      |
|    ep_rew_mean        | -933     |
| time/                 |          |
|    fps                | 8        |
|    iterations         | 599700   |
|    time_elapsed       | 3456     |
|    total_timesteps    | 625600   |
| train/                |          |
|    d_grad_norm        | 0.89     |
|    entropy_loss       | -1.82    |
|    explained_variance | 0.98896  |
|    learning_rate      | 0.0098   |
|    n_updates          | 78196    |
|    policy_loss        | 7.18     |
|    std                | 0.345    |
|    u_grad_norm        | 0.0902   |
|    v_grad_norm        | 0.907    |
|    value_loss         | 21.1     |
------------------------------------
Eval num_timesteps=610000, episode_reward=-262.69 +/- 138.57
Episode length: 500.00 +/- 0.00
--------------------------------------
| eval/                 |            |
|    mean_ep_length     | 500        |
|    mean_reward        | -263       |
| time/                 |            |
|    total_timesteps    | 610000     |
| train/                |            |
|    d_grad_norm        | 0.0532     |
|    entropy_loss       | -0.272     |
|    explained_variance | -1.3581536 |
|    learning_rate      | 0.00981    |
|    n_updates          | 76246      |
|    policy_loss        | -0.00585   |
|    std                | 0.292      |
|    u_grad_norm        | 1.01       |
|    v_grad_norm        | 0.0253     |
|    value_loss         | 3.88e-05   |
--------------------------------------
Eval num_timesteps=641000, episode_reward=-343.09 +/- 227.93
Episode length: 500.00 +/- 0.00
--------------------------------------
| eval/                 |            |
|    mean_ep_length     | 500        |
|    mean_reward        | -343       |
| time/                 |            |
|    total_timesteps    | 641000     |
| train/                |            |
|    d_grad_norm        | 0.00532    |
|    entropy_loss       | -0.175     |
|    explained_variance | -6.1434197 |
|    learning_rate      | 0.00978    |
|    n_updates          | 80121      |
|    policy_loss        | 0.000147   |
|    std                | 0.225      |
|    u_grad_norm        | 0.0803     |
|    v_grad_norm        | 0.00331    |
|    value_loss         | 7.15e-07   |
--------------------------------------
Eval num_timesteps=621000, episode_reward=-2473.53 +/- 1588.95
Episode length: 500.00 +/- 0.00
--------------------------------------
| eval/                 |            |
|    mean_ep_length     | 500        |
|    mean_reward        | -2.47e+03  |
| time/                 |            |
|    total_timesteps    | 621000     |
| train/                |            |
|    d_grad_norm        | 0.0236     |
|    entropy_loss       | -0.596     |
|    explained_variance | -0.5815903 |
|    learning_rate      | 0.0098     |
|    n_updates          | 77621      |
|    policy_loss        | 0.00169    |
|    std                | 0.418      |
|    u_grad_norm        | 0.479      |
|    v_grad_norm        | 0.014      |
|    value_loss         | 1.45e-05   |
--------------------------------------
Eval num_timesteps=508000, episode_reward=-1307.13 +/- 1194.43
Episode length: 500.00 +/- 0.00
--------------------------------------
| eval/                 |            |
|    mean_ep_length     | 500        |
|    mean_reward        | -1.31e+03  |
| time/                 |            |
|    total_timesteps    | 508000     |
| train/                |            |
|    d_grad_norm        | 0.00755    |
|    entropy_loss       | -0.0499    |
|    explained_variance | -1.9486122 |
|    learning_rate      | 0.00991    |
|    n_updates          | 63496      |
|    policy_loss        | -0.000337  |
|    std                | 0.338      |
|    u_grad_norm        | 0.0117     |
|    v_grad_norm        | 0.00336    |
|    value_loss         | 7.12e-07   |
--------------------------------------
Eval num_timesteps=591000, episode_reward=-2093.77 +/- 642.00
Episode length: 500.00 +/- 0.00
---------------------------------------
| eval/                 |             |
|    mean_ep_length     | 500         |
|    mean_reward        | -2.09e+03   |
| time/                 |             |
|    total_timesteps    | 591000      |
| train/                |             |
|    d_grad_norm        | 0.00819     |
|    entropy_loss       | -0.189      |
|    explained_variance | -10.6285095 |
|    learning_rate      | 0.00983     |
|    n_updates          | 73871       |
|    policy_loss        | -0.0011     |
|    std                | 0.366       |
|    u_grad_norm        | 0.286       |
|    v_grad_norm        | 0.00458     |
|    value_loss         | 2.05e-05    |
---------------------------------------
Eval num_timesteps=469000, episode_reward=-1103.75 +/- 1288.09
Episode length: 500.00 +/- 0.00
--------------------------------------
| eval/                 |            |
|    mean_ep_length     | 500        |
|    mean_reward        | -1.1e+03   |
| time/                 |            |
|    total_timesteps    | 469000     |
| train/                |            |
|    d_grad_norm        | 0.00544    |
|    entropy_loss       | -0.269     |
|    explained_variance | -18.819698 |
|    learning_rate      | 0.00995    |
|    n_updates          | 58621      |
|    policy_loss        | -0.00153   |
|    std                | 0.326      |
|    u_grad_norm        | 0.65       |
|    v_grad_norm        | 0.00321    |
|    value_loss         | 5.18e-05   |
--------------------------------------
Eval num_timesteps=639000, episode_reward=-2129.88 +/- 734.23
Episode length: 500.00 +/- 0.00
-------------------------------------
| eval/                 |           |
|    mean_ep_length     | 500       |
|    mean_reward        | -2.13e+03 |
| time/                 |           |
|    total_timesteps    | 639000    |
| train/                |           |
|    d_grad_norm        | 0.92      |
|    entropy_loss       | -1.61     |
|    explained_variance | 0.9612226 |
|    learning_rate      | 0.00979   |
|    n_updates          | 79871     |
|    policy_loss        | -0.68     |
|    std                | 0.213     |
|    u_grad_norm        | 0.0808    |
|    v_grad_norm        | 0.929     |
|    value_loss         | 0.371     |
-------------------------------------
Eval num_timesteps=626000, episode_reward=-1017.31 +/- 938.47
Episode length: 500.00 +/- 0.00
-------------------------------------
| eval/                 |           |
|    mean_ep_length     | 500       |
|    mean_reward        | -1.02e+03 |
| time/                 |           |
|    total_timesteps    | 626000    |
| train/                |           |
|    d_grad_norm        | 0.00277   |
|    entropy_loss       | 0.131     |
|    explained_variance | 0.9210246 |
|    learning_rate      | 0.0098    |
|    n_updates          | 78246     |
|    policy_loss        | -0.000124 |
|    std                | 0.345     |
|    u_grad_norm        | 0.0216    |
|    v_grad_norm        | 0.00131   |
|    value_loss         | 7.41e-08  |
-------------------------------------
New best mean reward!
--------------------------------------
| rollout/              |            |
|    ep_len_mean        | 500        |
|    ep_rew_mean        | -1e+03     |
| time/                 |            |
|    fps                | 7          |
|    iterations         | 583800     |
|    time_elapsed       | 3903       |
|    total_timesteps    | 610400     |
| train/                |            |
|    d_grad_norm        | 0.00538    |
|    entropy_loss       | -0.214     |
|    explained_variance | -0.7300482 |
|    learning_rate      | 0.00981    |
|    n_updates          | 76296      |
|    policy_loss        | 4.95e-05   |
|    std                | 0.291      |
|    u_grad_norm        | 0.034      |
|    v_grad_norm        | 0.00403    |
|    value_loss         | 1.55e-06   |
--------------------------------------
New best mean reward!
------------------------------------
| rollout/              |          |
|    ep_len_mean        | 500      |
|    ep_rew_mean        | -842     |
| time/                 |          |
|    fps                | 7        |
|    iterations         | 614800   |
|    time_elapsed       | 3905     |
|    total_timesteps    | 641400   |
| train/                |          |
|    d_grad_norm        | 0.853    |
|    entropy_loss       | -1.9     |
|    explained_variance | 0.970117 |
|    learning_rate      | 0.00978  |
|    n_updates          | 80171    |
|    policy_loss        | 2.19     |
|    std                | 0.226    |
|    u_grad_norm        | 0.0316   |
|    v_grad_norm        | 0.95     |
|    value_loss         | 2.79     |
------------------------------------
--------------------------------------
| rollout/              |            |
|    ep_len_mean        | 500        |
|    ep_rew_mean        | -1.19e+03  |
| time/                 |            |
|    fps                | 7          |
|    iterations         | 594800     |
|    time_elapsed       | 3905       |
|    total_timesteps    | 621400     |
| train/                |            |
|    d_grad_norm        | 0.282      |
|    entropy_loss       | -3.66      |
|    explained_variance | 0.99578863 |
|    learning_rate      | 0.0098     |
|    n_updates          | 77671      |
|    policy_loss        | 0.168      |
|    std                | 0.418      |
|    u_grad_norm        | 0.205      |
|    v_grad_norm        | 0.934      |
|    value_loss         | 0.525      |
--------------------------------------
--------------------------------------
| rollout/              |            |
|    ep_len_mean        | 500        |
|    ep_rew_mean        | -999       |
| time/                 |            |
|    fps                | 7          |
|    iterations         | 481800     |
|    time_elapsed       | 3906       |
|    total_timesteps    | 508400     |
| train/                |            |
|    d_grad_norm        | 0.00426    |
|    entropy_loss       | -0.101     |
|    explained_variance | 0.86063033 |
|    learning_rate      | 0.00991    |
|    n_updates          | 63546      |
|    policy_loss        | -0.000153  |
|    std                | 0.338      |
|    u_grad_norm        | 0.0418     |
|    v_grad_norm        | 0.00314    |
|    value_loss         | 4.48e-07   |
--------------------------------------
--------------------------------------
| rollout/              |            |
|    ep_len_mean        | 500        |
|    ep_rew_mean        | -911       |
| time/                 |            |
|    fps                | 7          |
|    iterations         | 564800     |
|    time_elapsed       | 3907       |
|    total_timesteps    | 591400     |
| train/                |            |
|    d_grad_norm        | 0.0012     |
|    entropy_loss       | -0.102     |
|    explained_variance | 0.23350435 |
|    learning_rate      | 0.00983    |
|    n_updates          | 73921      |
|    policy_loss        | 0.000272   |
|    std                | 0.366      |
|    u_grad_norm        | 0.00784    |
|    v_grad_norm        | 0.00146    |
|    value_loss         | 4.47e-06   |
--------------------------------------
--------------------------------------
| rollout/              |            |
|    ep_len_mean        | 500        |
|    ep_rew_mean        | -1.44e+03  |
| time/                 |            |
|    fps                | 7          |
|    iterations         | 442800     |
|    time_elapsed       | 3907       |
|    total_timesteps    | 469400     |
| train/                |            |
|    d_grad_norm        | 0.893      |
|    entropy_loss       | -2.06      |
|    explained_variance | 0.17715377 |
|    learning_rate      | 0.00994    |
|    n_updates          | 58671      |
|    policy_loss        | -8.21      |
|    std                | 0.327      |
|    u_grad_norm        | 0.0614     |
|    v_grad_norm        | 0.83       |
|    value_loss         | 27.6       |
--------------------------------------
--------------------------------------
| rollout/              |            |
|    ep_len_mean        | 500        |
|    ep_rew_mean        | -1.08e+03  |
| time/                 |            |
|    fps                | 7          |
|    iterations         | 612800     |
|    time_elapsed       | 3908       |
|    total_timesteps    | 639400     |
| train/                |            |
|    d_grad_norm        | 1.09       |
|    entropy_loss       | -2.41      |
|    explained_variance | 0.99928415 |
|    learning_rate      | 0.00979    |
|    n_updates          | 79921      |
|    policy_loss        | -0.217     |
|    std                | 0.213      |
|    u_grad_norm        | 0.0561     |
|    v_grad_norm        | 1.01       |
|    value_loss         | 0.0427     |
--------------------------------------
--------------------------------------
| rollout/              |            |
|    ep_len_mean        | 500        |
|    ep_rew_mean        | -936       |
| time/                 |            |
|    fps                | 7          |
|    iterations         | 599800     |
|    time_elapsed       | 3909       |
|    total_timesteps    | 626400     |
| train/                |            |
|    d_grad_norm        | 0.000888   |
|    entropy_loss       | 0.122      |
|    explained_variance | -1.3381777 |
|    learning_rate      | 0.0098     |
|    n_updates          | 78296      |
|    policy_loss        | 0.000152   |
|    std                | 0.346      |
|    u_grad_norm        | 0.00855    |
|    v_grad_norm        | 0.000409   |
|    value_loss         | 2.63e-06   |
--------------------------------------
Stopping because gradient norm condition is fulfilled
--------------------------------------
| rollout/              |            |
|    ep_len_mean        | 500        |
|    ep_rew_mean        | -1e+03     |
| time/                 |            |
|    fps                | 7          |
|    iterations         | 583900     |
|    time_elapsed       | 3979       |
|    total_timesteps    | 611200     |
| train/                |            |
|    d_grad_norm        | 0.0036     |
|    entropy_loss       | -0.107     |
|    explained_variance | -3.0846558 |
|    learning_rate      | 0.00981    |
|    n_updates          | 76396      |
|    policy_loss        | -0.000637  |
|    std                | 0.29       |
|    u_grad_norm        | 0.0707     |
|    v_grad_norm        | 0.00284    |
|    value_loss         | 3.53e-06   |
--------------------------------------
--------------------------------------
| rollout/              |            |
|    ep_len_mean        | 500        |
|    ep_rew_mean        | -868       |
| time/                 |            |
|    fps                | 7          |
|    iterations         | 614900     |
|    time_elapsed       | 3981       |
|    total_timesteps    | 642200     |
| train/                |            |
|    d_grad_norm        | 0.000383   |
|    entropy_loss       | -0.0528    |
|    explained_variance | -17.698685 |
|    learning_rate      | 0.00978    |
|    n_updates          | 80271      |
|    policy_loss        | 6.9e-05    |
|    std                | 0.225      |
|    u_grad_norm        | 0.0338     |
|    v_grad_norm        | 0.00204    |
|    value_loss         | 1.97e-07   |
--------------------------------------
--------------------------------------
| rollout/              |            |
|    ep_len_mean        | 500        |
|    ep_rew_mean        | -1.24e+03  |
| time/                 |            |
|    fps                | 7          |
|    iterations         | 594900     |
|    time_elapsed       | 3981       |
|    total_timesteps    | 622200     |
| train/                |            |
|    d_grad_norm        | 1.1        |
|    entropy_loss       | -3.05      |
|    explained_variance | 0.77880096 |
|    learning_rate      | 0.0098     |
|    n_updates          | 77771      |
|    policy_loss        | 3.72       |
|    std                | 0.417      |
|    u_grad_norm        | 0.0273     |
|    v_grad_norm        | 0.909      |
|    value_loss         | 1.98       |
--------------------------------------
-----------------------------------------
| rollout/              |               |
|    ep_len_mean        | 500           |
|    ep_rew_mean        | -1e+03        |
| time/                 |               |
|    fps                | 7             |
|    iterations         | 481900        |
|    time_elapsed       | 3982          |
|    total_timesteps    | 509200        |
| train/                |               |
|    d_grad_norm        | 0.00329       |
|    entropy_loss       | -0.108        |
|    explained_variance | 0.00041806698 |
|    learning_rate      | 0.00991       |
|    n_updates          | 63646         |
|    policy_loss        | 0.00154       |
|    std                | 0.338         |
|    u_grad_norm        | 0.0805        |
|    v_grad_norm        | 0.0208        |
|    value_loss         | 1.84e-05      |
-----------------------------------------
----------------------------------------
| rollout/              |              |
|    ep_len_mean        | 500          |
|    ep_rew_mean        | -906         |
| time/                 |              |
|    fps                | 7            |
|    iterations         | 564900       |
|    time_elapsed       | 3983         |
|    total_timesteps    | 592200       |
| train/                |              |
|    d_grad_norm        | 0.00672      |
|    entropy_loss       | -0.0671      |
|    explained_variance | -0.040078163 |
|    learning_rate      | 0.00983      |
|    n_updates          | 74021        |
|    policy_loss        | -0.00265     |
|    std                | 0.365        |
|    u_grad_norm        | 0.601        |
|    v_grad_norm        | 0.0445       |
|    value_loss         | 6.71e-05     |
----------------------------------------
--------------------------------------
| rollout/              |            |
|    ep_len_mean        | 500        |
|    ep_rew_mean        | -1.05e+03  |
| time/                 |            |
|    fps                | 7          |
|    iterations         | 612900     |
|    time_elapsed       | 3984       |
|    total_timesteps    | 640200     |
| train/                |            |
|    d_grad_norm        | 0.807      |
|    entropy_loss       | -1.78      |
|    explained_variance | 0.65816283 |
|    learning_rate      | 0.00978    |
|    n_updates          | 80021      |
|    policy_loss        | -5.91      |
|    std                | 0.214      |
|    u_grad_norm        | 0.0849     |
|    v_grad_norm        | 0.871      |
|    value_loss         | 22.2       |
--------------------------------------
---------------------------------------
| rollout/              |             |
|    ep_len_mean        | 500         |
|    ep_rew_mean        | -930        |
| time/                 |             |
|    fps                | 7           |
|    iterations         | 599900      |
|    time_elapsed       | 3985        |
|    total_timesteps    | 627200      |
| train/                |             |
|    d_grad_norm        | 0.00549     |
|    entropy_loss       | 0.159       |
|    explained_variance | -0.10506523 |
|    learning_rate      | 0.0098      |
|    n_updates          | 78396       |
|    policy_loss        | -0.00466    |
|    std                | 0.349       |
|    u_grad_norm        | 0.156       |
|    v_grad_norm        | 0.0397      |
|    value_loss         | 5.99e-05    |
---------------------------------------
--------------------------------------
| rollout/              |            |
|    ep_len_mean        | 500        |
|    ep_rew_mean        | -989       |
| time/                 |            |
|    fps                | 8          |
|    iterations         | 584000     |
|    time_elapsed       | 3998       |
|    total_timesteps    | 612000     |
| train/                |            |
|    d_grad_norm        | 0.000843   |
|    entropy_loss       | -0.0597    |
|    explained_variance | -1.5775027 |
|    learning_rate      | 0.00981    |
|    n_updates          | 76496      |
|    policy_loss        | -0.00071   |
|    std                | 0.289      |
|    u_grad_norm        | 0.0646     |
|    v_grad_norm        | 0.00752    |
|    value_loss         | 3.43e-06   |
--------------------------------------
---------------------------------------
| rollout/              |             |
|    ep_len_mean        | 500         |
|    ep_rew_mean        | -883        |
| time/                 |             |
|    fps                | 7           |
|    iterations         | 615000      |
|    time_elapsed       | 4000        |
|    total_timesteps    | 643000      |
| train/                |             |
|    d_grad_norm        | 0.00212     |
|    entropy_loss       | -0.0226     |
|    explained_variance | -0.15740442 |
|    learning_rate      | 0.00978     |
|    n_updates          | 80371       |
|    policy_loss        | -0.000808   |
|    std                | 0.225       |
|    u_grad_norm        | 0.216       |
|    v_grad_norm        | 0.0154      |
|    value_loss         | 7.83e-06    |
---------------------------------------
--------------------------------------
| rollout/              |            |
|    ep_len_mean        | 500        |
|    ep_rew_mean        | -1.3e+03   |
| time/                 |            |
|    fps                | 7          |
|    iterations         | 595000     |
|    time_elapsed       | 4000       |
|    total_timesteps    | 623000     |
| train/                |            |
|    d_grad_norm        | 0.937      |
|    entropy_loss       | -3.86      |
|    explained_variance | 0.99950075 |
|    learning_rate      | 0.0098     |
|    n_updates          | 77871      |
|    policy_loss        | -0.253     |
|    std                | 0.417      |
|    u_grad_norm        | 0.0435     |
|    v_grad_norm        | 1          |
|    value_loss         | 0.0355     |
--------------------------------------
--------------------------------------
| rollout/              |            |
|    ep_len_mean        | 500        |
|    ep_rew_mean        | -992       |
| time/                 |            |
|    fps                | 7          |
|    iterations         | 482000     |
|    time_elapsed       | 4001       |
|    total_timesteps    | 510000     |
| train/                |            |
|    d_grad_norm        | 0.00149    |
|    entropy_loss       | -0.148     |
|    explained_variance | -54.774895 |
|    learning_rate      | 0.00991    |
|    n_updates          | 63746      |
|    policy_loss        | 5.22e-05   |
|    std                | 0.338      |
|    u_grad_norm        | 0.0873     |
|    v_grad_norm        | 0.00204    |
|    value_loss         | 3.3e-07    |
--------------------------------------
----------------------------------------
| rollout/              |              |
|    ep_len_mean        | 500          |
|    ep_rew_mean        | -903         |
| time/                 |              |
|    fps                | 7            |
|    iterations         | 565000       |
|    time_elapsed       | 4002         |
|    total_timesteps    | 593000       |
| train/                |              |
|    d_grad_norm        | 0.000373     |
|    entropy_loss       | -0.0605      |
|    explained_variance | -0.120073795 |
|    learning_rate      | 0.00983      |
|    n_updates          | 74121        |
|    policy_loss        | -0.000257    |
|    std                | 0.364        |
|    u_grad_norm        | 0.0218       |
|    v_grad_norm        | 0.00291      |
|    value_loss         | 4.2e-07      |
----------------------------------------
-------------------------------------
| rollout/              |           |
|    ep_len_mean        | 500       |
|    ep_rew_mean        | -1.06e+03 |
| time/                 |           |
|    fps                | 7         |
|    iterations         | 613000    |
|    time_elapsed       | 4003      |
|    total_timesteps    | 641000    |
| train/                |           |
|    d_grad_norm        | 0.000748  |
|    entropy_loss       | -0.288    |
|    explained_variance | -3.155002 |
|    learning_rate      | 0.00978   |
|    n_updates          | 80121     |
|    policy_loss        | -3.13e-05 |
|    std                | 0.213     |
|    u_grad_norm        | 0.0111    |
|    v_grad_norm        | 0.000881  |
|    value_loss         | 1.94e-07  |
-------------------------------------
---------------------------------------
| rollout/              |             |
|    ep_len_mean        | 500         |
|    ep_rew_mean        | -929        |
| time/                 |             |
|    fps                | 7           |
|    iterations         | 600000      |
|    time_elapsed       | 4004        |
|    total_timesteps    | 628000      |
| train/                |             |
|    d_grad_norm        | 0.00393     |
|    entropy_loss       | 0.187       |
|    explained_variance | -0.20825648 |
|    learning_rate      | 0.0098      |
|    n_updates          | 78496       |
|    policy_loss        | -0.00162    |
|    std                | 0.348       |
|    u_grad_norm        | 0.148       |
|    v_grad_norm        | 0.0144      |
|    value_loss         | 8.3e-06     |
---------------------------------------
-------------------------------------
| rollout/              |           |
|    ep_len_mean        | 500       |
|    ep_rew_mean        | -980      |
| time/                 |           |
|    fps                | 8         |
|    iterations         | 584100    |
|    time_elapsed       | 4073      |
|    total_timesteps    | 612800    |
| train/                |           |
|    d_grad_norm        | 0.0338    |
|    entropy_loss       | -0.0809   |
|    explained_variance | -5.165611 |
|    learning_rate      | 0.00981   |
|    n_updates          | 76596     |
|    policy_loss        | -0.000622 |
|    std                | 0.289     |
|    u_grad_norm        | 0.14      |
|    v_grad_norm        | 0.00918   |
|    value_loss         | 5.2e-06   |
-------------------------------------
-------------------------------------
| rollout/              |           |
|    ep_len_mean        | 500       |
|    ep_rew_mean        | -902      |
| time/                 |           |
|    fps                | 8         |
|    iterations         | 615100    |
|    time_elapsed       | 4075      |
|    total_timesteps    | 643800    |
| train/                |           |
|    d_grad_norm        | 1.06      |
|    entropy_loss       | -1.08     |
|    explained_variance | 0.9421281 |
|    learning_rate      | 0.00978   |
|    n_updates          | 80471     |
|    policy_loss        | 0.176     |
|    std                | 0.226     |
|    u_grad_norm        | 0.0868    |
|    v_grad_norm        | 0.762     |
|    value_loss         | 0.582     |
-------------------------------------
-------------------------------------
| rollout/              |           |
|    ep_len_mean        | 500       |
|    ep_rew_mean        | -1.32e+03 |
| time/                 |           |
|    fps                | 8         |
|    iterations         | 595100    |
|    time_elapsed       | 4075      |
|    total_timesteps    | 623800    |
| train/                |           |
|    d_grad_norm        | 1.12      |
|    entropy_loss       | -3.25     |
|    explained_variance | 0.9976097 |
|    learning_rate      | 0.0098    |
|    n_updates          | 77971     |
|    policy_loss        | 1.06      |
|    std                | 0.417     |
|    u_grad_norm        | 0.116     |
|    v_grad_norm        | 0.93      |
|    value_loss         | 0.184     |
-------------------------------------
--------------------------------------
| rollout/              |            |
|    ep_len_mean        | 500        |
|    ep_rew_mean        | -993       |
| time/                 |            |
|    fps                | 8          |
|    iterations         | 482100     |
|    time_elapsed       | 4076       |
|    total_timesteps    | 510800     |
| train/                |            |
|    d_grad_norm        | 0.0331     |
|    entropy_loss       | -0.232     |
|    explained_variance | -10.636523 |
|    learning_rate      | 0.00991    |
|    n_updates          | 63846      |
|    policy_loss        | -0.00204   |
|    std                | 0.338      |
|    u_grad_norm        | 0.421      |
|    v_grad_norm        | 0.01       |
|    value_loss         | 4.73e-06   |
--------------------------------------
--------------------------------------
| rollout/              |            |
|    ep_len_mean        | 500        |
|    ep_rew_mean        | -1.06e+03  |
| time/                 |            |
|    fps                | 8          |
|    iterations         | 613100     |
|    time_elapsed       | 4077       |
|    total_timesteps    | 641800     |
| train/                |            |
|    d_grad_norm        | 0.000849   |
|    entropy_loss       | -0.277     |
|    explained_variance | -12.934073 |
|    learning_rate      | 0.00978    |
|    n_updates          | 80221      |
|    policy_loss        | -0.000346  |
|    std                | 0.213      |
|    u_grad_norm        | 0.0982     |
|    v_grad_norm        | 0.00125    |
|    value_loss         | 1.03e-05   |
--------------------------------------
------------------------------------
| rollout/              |          |
|    ep_len_mean        | 500      |
|    ep_rew_mean        | -922     |
| time/                 |          |
|    fps                | 8        |
|    iterations         | 565100   |
|    time_elapsed       | 4077     |
|    total_timesteps    | 593800   |
| train/                |          |
|    d_grad_norm        | 1.08     |
|    entropy_loss       | -2.71    |
|    explained_variance | 0.985048 |
|    learning_rate      | 0.00983  |
|    n_updates          | 74221    |
|    policy_loss        | -1.54    |
|    std                | 0.364    |
|    u_grad_norm        | 0.204    |
|    v_grad_norm        | 0.968    |
|    value_loss         | 0.289    |
------------------------------------
--------------------------------------
| rollout/              |            |
|    ep_len_mean        | 500        |
|    ep_rew_mean        | -949       |
| time/                 |            |
|    fps                | 8          |
|    iterations         | 600100     |
|    time_elapsed       | 4079       |
|    total_timesteps    | 628800     |
| train/                |            |
|    d_grad_norm        | 1.13       |
|    entropy_loss       | -1.85      |
|    explained_variance | 0.99507403 |
|    learning_rate      | 0.0098     |
|    n_updates          | 78596      |
|    policy_loss        | -0.613     |
|    std                | 0.347      |
|    u_grad_norm        | 0.043      |
|    v_grad_norm        | 1.02       |
|    value_loss         | 0.205      |
--------------------------------------
--------------------------------------
| rollout/              |            |
|    ep_len_mean        | 500        |
|    ep_rew_mean        | -976       |
| time/                 |            |
|    fps                | 8          |
|    iterations         | 584200     |
|    time_elapsed       | 4148       |
|    total_timesteps    | 613600     |
| train/                |            |
|    d_grad_norm        | 0.0075     |
|    entropy_loss       | -0.101     |
|    explained_variance | 0.29877168 |
|    learning_rate      | 0.00981    |
|    n_updates          | 76696      |
|    policy_loss        | -0.00028   |
|    std                | 0.288      |
|    u_grad_norm        | 0.0852     |
|    v_grad_norm        | 0.00452    |
|    value_loss         | 1.1e-06    |
--------------------------------------
-------------------------------------
| rollout/              |           |
|    ep_len_mean        | 500       |
|    ep_rew_mean        | -915      |
| time/                 |           |
|    fps                | 8         |
|    iterations         | 615200    |
|    time_elapsed       | 4150      |
|    total_timesteps    | 644600    |
| train/                |           |
|    d_grad_norm        | 1.13      |
|    entropy_loss       | -1.59     |
|    explained_variance | 0.9623035 |
|    learning_rate      | 0.00978   |
|    n_updates          | 80571     |
|    policy_loss        | -0.594    |
|    std                | 0.226     |
|    u_grad_norm        | 0.0377    |
|    v_grad_norm        | 1.01      |
|    value_loss         | 0.81      |
-------------------------------------
--------------------------------------
| rollout/              |            |
|    ep_len_mean        | 500        |
|    ep_rew_mean        | -1.35e+03  |
| time/                 |            |
|    fps                | 8          |
|    iterations         | 595200     |
|    time_elapsed       | 4150       |
|    total_timesteps    | 624600     |
| train/                |            |
|    d_grad_norm        | 0.0416     |
|    entropy_loss       | -0.626     |
|    explained_variance | 0.25756043 |
|    learning_rate      | 0.0098     |
|    n_updates          | 78071      |
|    policy_loss        | -0.000663  |
|    std                | 0.417      |
|    u_grad_norm        | 0.0776     |
|    v_grad_norm        | 0.00946    |
|    value_loss         | 4.2e-06    |
--------------------------------------
--------------------------------------
| rollout/              |            |
|    ep_len_mean        | 500        |
|    ep_rew_mean        | -958       |
| time/                 |            |
|    fps                | 8          |
|    iterations         | 482200     |
|    time_elapsed       | 4151       |
|    total_timesteps    | 511600     |
| train/                |            |
|    d_grad_norm        | 1.08       |
|    entropy_loss       | -0.757     |
|    explained_variance | 0.65534806 |
|    learning_rate      | 0.0099     |
|    n_updates          | 63946      |
|    policy_loss        | -0.0411    |
|    std                | 0.339      |
|    u_grad_norm        | 0.964      |
|    v_grad_norm        | 0.0964     |
|    value_loss         | 0.00538    |
--------------------------------------
-------------------------------------
| rollout/              |           |
|    ep_len_mean        | 500       |
|    ep_rew_mean        | -1.04e+03 |
| time/                 |           |
|    fps                | 8         |
|    iterations         | 613200    |
|    time_elapsed       | 4152      |
|    total_timesteps    | 642600    |
| train/                |           |
|    d_grad_norm        | 0.975     |
|    entropy_loss       | -1.87     |
|    explained_variance | 0.9844339 |
|    learning_rate      | 0.00978   |
|    n_updates          | 80321     |
|    policy_loss        | -1.43     |
|    std                | 0.213     |
|    u_grad_norm        | 0.0372    |
|    v_grad_norm        | 0.957     |
|    value_loss         | 0.947     |
-------------------------------------
---------------------------------------
| rollout/              |             |
|    ep_len_mean        | 500         |
|    ep_rew_mean        | -905        |
| time/                 |             |
|    fps                | 8           |
|    iterations         | 565200      |
|    time_elapsed       | 4153        |
|    total_timesteps    | 594600      |
| train/                |             |
|    d_grad_norm        | 0.0381      |
|    entropy_loss       | -0.598      |
|    explained_variance | -0.22842705 |
|    learning_rate      | 0.00983     |
|    n_updates          | 74321       |
|    policy_loss        | 0.00147     |
|    std                | 0.364       |
|    u_grad_norm        | 0.149       |
|    v_grad_norm        | 0.0075      |
|    value_loss         | 4.99e-06    |
---------------------------------------
-------------------------------------
| rollout/              |           |
|    ep_len_mean        | 500       |
|    ep_rew_mean        | -947      |
| time/                 |           |
|    fps                | 8         |
|    iterations         | 600200    |
|    time_elapsed       | 4153      |
|    total_timesteps    | 629600    |
| train/                |           |
|    d_grad_norm        | 0.0707    |
|    entropy_loss       | -0.0482   |
|    explained_variance | 0.284182  |
|    learning_rate      | 0.00979   |
|    n_updates          | 78696     |
|    policy_loss        | -0.000289 |
|    std                | 0.344     |
|    u_grad_norm        | 0.728     |
|    v_grad_norm        | 0.0196    |
|    value_loss         | 2.65e-05  |
-------------------------------------
--------------------------------------
| rollout/              |            |
|    ep_len_mean        | 500        |
|    ep_rew_mean        | -971       |
| time/                 |            |
|    fps                | 8          |
|    iterations         | 584300     |
|    time_elapsed       | 4221       |
|    total_timesteps    | 614400     |
| train/                |            |
|    d_grad_norm        | 0.00586    |
|    entropy_loss       | -0.121     |
|    explained_variance | -0.8928504 |
|    learning_rate      | 0.00981    |
|    n_updates          | 76796      |
|    policy_loss        | -0.000387  |
|    std                | 0.288      |
|    u_grad_norm        | 0.155      |
|    v_grad_norm        | 0.00328    |
|    value_loss         | 1.27e-06   |
--------------------------------------
---------------------------------------
| rollout/              |             |
|    ep_len_mean        | 500         |
|    ep_rew_mean        | -920        |
| time/                 |             |
|    fps                | 8           |
|    iterations         | 615300      |
|    time_elapsed       | 4224        |
|    total_timesteps    | 645400      |
| train/                |             |
|    d_grad_norm        | 0.033       |
|    entropy_loss       | 0.00344     |
|    explained_variance | -0.13997531 |
|    learning_rate      | 0.00978     |
|    n_updates          | 80671       |
|    policy_loss        | 0.000638    |
|    std                | 0.226       |
|    u_grad_norm        | 0.163       |
|    v_grad_norm        | 0.0113      |
|    value_loss         | 4.41e-06    |
---------------------------------------
-------------------------------------
| rollout/              |           |
|    ep_len_mean        | 500       |
|    ep_rew_mean        | -1.31e+03 |
| time/                 |           |
|    fps                | 8         |
|    iterations         | 595300    |
|    time_elapsed       | 4224      |
|    total_timesteps    | 625400    |
| train/                |           |
|    d_grad_norm        | 0.909     |
|    entropy_loss       | -3.29     |
|    explained_variance | 0.998131  |
|    learning_rate      | 0.0098    |
|    n_updates          | 78171     |
|    policy_loss        | 2.44      |
|    std                | 0.418     |
|    u_grad_norm        | 0.0555    |
|    v_grad_norm        | 0.931     |
|    value_loss         | 1.05      |
-------------------------------------
--------------------------------------
| rollout/              |            |
|    ep_len_mean        | 500        |
|    ep_rew_mean        | -961       |
| time/                 |            |
|    fps                | 8          |
|    iterations         | 482300     |
|    time_elapsed       | 4225       |
|    total_timesteps    | 512400     |
| train/                |            |
|    d_grad_norm        | 0.0682     |
|    entropy_loss       | -0.218     |
|    explained_variance | -1.3940194 |
|    learning_rate      | 0.0099     |
|    n_updates          | 64046      |
|    policy_loss        | -0.000372  |
|    std                | 0.339      |
|    u_grad_norm        | 0.41       |
|    v_grad_norm        | 0.0191     |
|    value_loss         | 1.99e-05   |
--------------------------------------
-------------------------------------
| rollout/              |           |
|    ep_len_mean        | 500       |
|    ep_rew_mean        | -1.04e+03 |
| time/                 |           |
|    fps                | 8         |
|    iterations         | 613300    |
|    time_elapsed       | 4225      |
|    total_timesteps    | 643400    |
| train/                |           |
|    d_grad_norm        | 1.09      |
|    entropy_loss       | -1.51     |
|    explained_variance | 0.9455729 |
|    learning_rate      | 0.00978   |
|    n_updates          | 80421     |
|    policy_loss        | 0.188     |
|    std                | 0.213     |
|    u_grad_norm        | 0.0802    |
|    v_grad_norm        | 0.878     |
|    value_loss         | 0.0675    |
-------------------------------------
---------------------------------------
| rollout/              |             |
|    ep_len_mean        | 500         |
|    ep_rew_mean        | -894        |
| time/                 |             |
|    fps                | 8           |
|    iterations         | 565300      |
|    time_elapsed       | 4226        |
|    total_timesteps    | 595400      |
| train/                |             |
|    d_grad_norm        | 0.061       |
|    entropy_loss       | -0.423      |
|    explained_variance | -0.07005322 |
|    learning_rate      | 0.00983     |
|    n_updates          | 74421       |
|    policy_loss        | -0.00045    |
|    std                | 0.365       |
|    u_grad_norm        | 0.197       |
|    v_grad_norm        | 0.0116      |
|    value_loss         | 8.3e-06     |
---------------------------------------
--------------------------------------
| rollout/              |            |
|    ep_len_mean        | 500        |
|    ep_rew_mean        | -945       |
| time/                 |            |
|    fps                | 8          |
|    iterations         | 600300     |
|    time_elapsed       | 4227       |
|    total_timesteps    | 630400     |
| train/                |            |
|    d_grad_norm        | 0.0229     |
|    entropy_loss       | -0.215     |
|    explained_variance | -4.9397144 |
|    learning_rate      | 0.00979    |
|    n_updates          | 78796      |
|    policy_loss        | -0.000194  |
|    std                | 0.345      |
|    u_grad_norm        | 0.0944     |
|    v_grad_norm        | 0.00718    |
|    value_loss         | 3.13e-06   |
--------------------------------------
-------------------------------------
| rollout/              |           |
|    ep_len_mean        | 500       |
|    ep_rew_mean        | -997      |
| time/                 |           |
|    fps                | 8         |
|    iterations         | 584400    |
|    time_elapsed       | 4295      |
|    total_timesteps    | 615200    |
| train/                |           |
|    d_grad_norm        | 0.0328    |
|    entropy_loss       | -0.154    |
|    explained_variance | -8.535005 |
|    learning_rate      | 0.00981   |
|    n_updates          | 76896     |
|    policy_loss        | -0.000788 |
|    std                | 0.287     |
|    u_grad_norm        | 0.0986    |
|    v_grad_norm        | 0.00821   |
|    value_loss         | 2.38e-05  |
-------------------------------------
--------------------------------------
| rollout/              |            |
|    ep_len_mean        | 500        |
|    ep_rew_mean        | -903       |
| time/                 |            |
|    fps                | 8          |
|    iterations         | 615400     |
|    time_elapsed       | 4298       |
|    total_timesteps    | 646200     |
| train/                |            |
|    d_grad_norm        | 0.646      |
|    entropy_loss       | -1.18      |
|    explained_variance | 0.99922085 |
|    learning_rate      | 0.00978    |
|    n_updates          | 80771      |
|    policy_loss        | -0.212     |
|    std                | 0.226      |
|    u_grad_norm        | 0.194      |
|    v_grad_norm        | 0.871      |
|    value_loss         | 0.0809     |
--------------------------------------
-------------------------------------
| rollout/              |           |
|    ep_len_mean        | 500       |
|    ep_rew_mean        | -1.37e+03 |
| time/                 |           |
|    fps                | 8         |
|    iterations         | 595400    |
|    time_elapsed       | 4298      |
|    total_timesteps    | 626200    |
| train/                |           |
|    d_grad_norm        | 1.11      |
|    entropy_loss       | -3.26     |
|    explained_variance | 0.9964553 |
|    learning_rate      | 0.0098    |
|    n_updates          | 78271     |
|    policy_loss        | -0.501    |
|    std                | 0.417     |
|    u_grad_norm        | 0.027     |
|    v_grad_norm        | 0.93      |
|    value_loss         | 0.0471    |
-------------------------------------
-------------------------------------
| rollout/              |           |
|    ep_len_mean        | 500       |
|    ep_rew_mean        | -968      |
| time/                 |           |
|    fps                | 8         |
|    iterations         | 482400    |
|    time_elapsed       | 4299      |
|    total_timesteps    | 513200    |
| train/                |           |
|    d_grad_norm        | 0.95      |
|    entropy_loss       | -2.71     |
|    explained_variance | 0.9995488 |
|    learning_rate      | 0.0099    |
|    n_updates          | 64146     |
|    policy_loss        | -1.32     |
|    std                | 0.338     |
|    u_grad_norm        | 0.0117    |
|    v_grad_norm        | 0.97      |
|    value_loss         | 0.378     |
-------------------------------------
--------------------------------------
| rollout/              |            |
|    ep_len_mean        | 500        |
|    ep_rew_mean        | -1.07e+03  |
| time/                 |            |
|    fps                | 8          |
|    iterations         | 613400     |
|    time_elapsed       | 4300       |
|    total_timesteps    | 644200     |
| train/                |            |
|    d_grad_norm        | 1.17       |
|    entropy_loss       | -2         |
|    explained_variance | 0.99041337 |
|    learning_rate      | 0.00978    |
|    n_updates          | 80521      |
|    policy_loss        | -0.838     |
|    std                | 0.213      |
|    u_grad_norm        | 0.0152     |
|    v_grad_norm        | 0.931      |
|    value_loss         | 0.704      |
--------------------------------------
-------------------------------------
| rollout/              |           |
|    ep_len_mean        | 500       |
|    ep_rew_mean        | -886      |
| time/                 |           |
|    fps                | 8         |
|    iterations         | 565400    |
|    time_elapsed       | 4301      |
|    total_timesteps    | 596200    |
| train/                |           |
|    d_grad_norm        | 0.285     |
|    entropy_loss       | -2.33     |
|    explained_variance | 0.9997816 |
|    learning_rate      | 0.00983   |
|    n_updates          | 74521     |
|    policy_loss        | 0.0676    |
|    std                | 0.364     |
|    u_grad_norm        | 0.0478    |
|    v_grad_norm        | 0.923     |
|    value_loss         | 0.0157    |
-------------------------------------
--------------------------------------
| rollout/              |            |
|    ep_len_mean        | 500        |
|    ep_rew_mean        | -920       |
| time/                 |            |
|    fps                | 8          |
|    iterations         | 600400     |
|    time_elapsed       | 4302       |
|    total_timesteps    | 631200     |
| train/                |            |
|    d_grad_norm        | 0.0108     |
|    entropy_loss       | 0.0911     |
|    explained_variance | -22.613209 |
|    learning_rate      | 0.00979    |
|    n_updates          | 78896      |
|    policy_loss        | -0.000882  |
|    std                | 0.346      |
|    u_grad_norm        | 0.0287     |
|    v_grad_norm        | 0.009      |
|    value_loss         | 8.74e-06   |
--------------------------------------
--------------------------------------
| rollout/              |            |
|    ep_len_mean        | 500        |
|    ep_rew_mean        | -966       |
| time/                 |            |
|    fps                | 8          |
|    iterations         | 584500     |
|    time_elapsed       | 4314       |
|    total_timesteps    | 616000     |
| train/                |            |
|    d_grad_norm        | 0.0064     |
|    entropy_loss       | -0.0862    |
|    explained_variance | -34.772614 |
|    learning_rate      | 0.00981    |
|    n_updates          | 76996      |
|    policy_loss        | -0.000354  |
|    std                | 0.287      |
|    u_grad_norm        | 0.0196     |
|    v_grad_norm        | 0.00152    |
|    value_loss         | 4.12e-06   |
--------------------------------------
------------------------------------
| rollout/              |          |
|    ep_len_mean        | 500      |
|    ep_rew_mean        | -900     |
| time/                 |          |
|    fps                | 8        |
|    iterations         | 615500   |
|    time_elapsed       | 4317     |
|    total_timesteps    | 647000   |
| train/                |          |
|    d_grad_norm        | 0.0519   |
|    entropy_loss       | -0.106   |
|    explained_variance | -5.40808 |
|    learning_rate      | 0.00978  |
|    n_updates          | 80871    |
|    policy_loss        | -0.012   |
|    std                | 0.225    |
|    u_grad_norm        | 0.996    |
|    v_grad_norm        | 0.0176   |
|    value_loss         | 0.000115 |
------------------------------------
--------------------------------------
| rollout/              |            |
|    ep_len_mean        | 500        |
|    ep_rew_mean        | -1.4e+03   |
| time/                 |            |
|    fps                | 8          |
|    iterations         | 595500     |
|    time_elapsed       | 4317       |
|    total_timesteps    | 627000     |
| train/                |            |
|    d_grad_norm        | 0.0189     |
|    entropy_loss       | -0.761     |
|    explained_variance | -5.5399165 |
|    learning_rate      | 0.0098     |
|    n_updates          | 78371      |
|    policy_loss        | 0.00251    |
|    std                | 0.417      |
|    u_grad_norm        | 0.103      |
|    v_grad_norm        | 0.00532    |
|    value_loss         | 1.76e-05   |
--------------------------------------
--------------------------------------
| rollout/              |            |
|    ep_len_mean        | 500        |
|    ep_rew_mean        | -983       |
| time/                 |            |
|    fps                | 8          |
|    iterations         | 482500     |
|    time_elapsed       | 4318       |
|    total_timesteps    | 514000     |
| train/                |            |
|    d_grad_norm        | 0.0116     |
|    entropy_loss       | -0.119     |
|    explained_variance | -0.8830583 |
|    learning_rate      | 0.0099     |
|    n_updates          | 64246      |
|    policy_loss        | -0.00011   |
|    std                | 0.338      |
|    u_grad_norm        | 0.0787     |
|    v_grad_norm        | 0.00295    |
|    value_loss         | 6.86e-07   |
--------------------------------------
-------------------------------------
| rollout/              |           |
|    ep_len_mean        | 500       |
|    ep_rew_mean        | -1.12e+03 |
| time/                 |           |
|    fps                | 8         |
|    iterations         | 613500    |
|    time_elapsed       | 4319      |
|    total_timesteps    | 645000    |
| train/                |           |
|    d_grad_norm        | 0.217     |
|    entropy_loss       | -1.94     |
|    explained_variance | 0.9989679 |
|    learning_rate      | 0.00978   |
|    n_updates          | 80621     |
|    policy_loss        | 0.246     |
|    std                | 0.213     |
|    u_grad_norm        | 0.127     |
|    v_grad_norm        | 0.951     |
|    value_loss         | 0.0263    |
-------------------------------------
--------------------------------------
| rollout/              |            |
|    ep_len_mean        | 500        |
|    ep_rew_mean        | -914       |
| time/                 |            |
|    fps                | 8          |
|    iterations         | 565500     |
|    time_elapsed       | 4320       |
|    total_timesteps    | 597000     |
| train/                |            |
|    d_grad_norm        | 0.0696     |
|    entropy_loss       | -0.0693    |
|    explained_variance | -0.6080574 |
|    learning_rate      | 0.00982    |
|    n_updates          | 74621      |
|    policy_loss        | 0.00996    |
|    std                | 0.366      |
|    u_grad_norm        | 1.02       |
|    v_grad_norm        | 0.0234     |
|    value_loss         | 2.26e-05   |
--------------------------------------
----------------------------------------
| rollout/              |              |
|    ep_len_mean        | 500          |
|    ep_rew_mean        | -913         |
| time/                 |              |
|    fps                | 8            |
|    iterations         | 600500       |
|    time_elapsed       | 4321         |
|    total_timesteps    | 632000       |
| train/                |              |
|    d_grad_norm        | 0.000837     |
|    entropy_loss       | 0.115        |
|    explained_variance | -0.081439495 |
|    learning_rate      | 0.00979      |
|    n_updates          | 78996        |
|    policy_loss        | 4.51e-05     |
|    std                | 0.347        |
|    u_grad_norm        | 0.00927      |
|    v_grad_norm        | 0.000465     |
|    value_loss         | 4.71e-08     |
----------------------------------------
-------------------------------------
| rollout/              |           |
|    ep_len_mean        | 500       |
|    ep_rew_mean        | -956      |
| time/                 |           |
|    fps                | 8         |
|    iterations         | 584600    |
|    time_elapsed       | 4388      |
|    total_timesteps    | 616800    |
| train/                |           |
|    d_grad_norm        | 0.795     |
|    entropy_loss       | -1.43     |
|    explained_variance | 0.9874979 |
|    learning_rate      | 0.00981   |
|    n_updates          | 77096     |
|    policy_loss        | 0.25      |
|    std                | 0.287     |
|    u_grad_norm        | 0.0473    |
|    v_grad_norm        | 0.842     |
|    value_loss         | 1.68      |
-------------------------------------
--------------------------------------
| rollout/              |            |
|    ep_len_mean        | 500        |
|    ep_rew_mean        | -890       |
| time/                 |            |
|    fps                | 8          |
|    iterations         | 615600     |
|    time_elapsed       | 4391       |
|    total_timesteps    | 647800     |
| train/                |            |
|    d_grad_norm        | 0.0043     |
|    entropy_loss       | -0.144     |
|    explained_variance | 0.27561003 |
|    learning_rate      | 0.00978    |
|    n_updates          | 80971      |
|    policy_loss        | -6.21e-05  |
|    std                | 0.225      |
|    u_grad_norm        | 0.0692     |
|    v_grad_norm        | 0.00303    |
|    value_loss         | 8.12e-07   |
--------------------------------------
-------------------------------------
| rollout/              |           |
|    ep_len_mean        | 500       |
|    ep_rew_mean        | -1.42e+03 |
| time/                 |           |
|    fps                | 8         |
|    iterations         | 595600    |
|    time_elapsed       | 4391      |
|    total_timesteps    | 627800    |
| train/                |           |
|    d_grad_norm        | 0.918     |
|    entropy_loss       | -3.06     |
|    explained_variance | 0.9980909 |
|    learning_rate      | 0.0098    |
|    n_updates          | 78471     |
|    policy_loss        | -1.98     |
|    std                | 0.416     |
|    u_grad_norm        | 0.11      |
|    v_grad_norm        | 0.959     |
|    value_loss         | 0.706     |
-------------------------------------
-------------------------------------
| rollout/              |           |
|    ep_len_mean        | 500       |
|    ep_rew_mean        | -977      |
| time/                 |           |
|    fps                | 8         |
|    iterations         | 482600    |
|    time_elapsed       | 4392      |
|    total_timesteps    | 514800    |
| train/                |           |
|    d_grad_norm        | 0.728     |
|    entropy_loss       | -2.75     |
|    explained_variance | 0.9977436 |
|    learning_rate      | 0.0099    |
|    n_updates          | 64346     |
|    policy_loss        | -0.152    |
|    std                | 0.339     |
|    u_grad_norm        | 0.0585    |
|    v_grad_norm        | 0.805     |
|    value_loss         | 0.381     |
-------------------------------------
---------------------------------------
| rollout/              |             |
|    ep_len_mean        | 500         |
|    ep_rew_mean        | -1.14e+03   |
| time/                 |             |
|    fps                | 8           |
|    iterations         | 613600      |
|    time_elapsed       | 4393        |
|    total_timesteps    | 645800      |
| train/                |             |
|    d_grad_norm        | 0.0455      |
|    entropy_loss       | -0.233      |
|    explained_variance | -0.74266744 |
|    learning_rate      | 0.00978     |
|    n_updates          | 80721       |
|    policy_loss        | 0.00156     |
|    std                | 0.212       |
|    u_grad_norm        | 0.312       |
|    v_grad_norm        | 0.0298      |
|    value_loss         | 5.33e-05    |
---------------------------------------
---------------------------------------
| rollout/              |             |
|    ep_len_mean        | 500         |
|    ep_rew_mean        | -904        |
| time/                 |             |
|    fps                | 8           |
|    iterations         | 565600      |
|    time_elapsed       | 4394        |
|    total_timesteps    | 597800      |
| train/                |             |
|    d_grad_norm        | 0.0298      |
|    entropy_loss       | -0.0203     |
|    explained_variance | -0.31003547 |
|    learning_rate      | 0.00982     |
|    n_updates          | 74721       |
|    policy_loss        | -0.00175    |
|    std                | 0.366       |
|    u_grad_norm        | 0.149       |
|    v_grad_norm        | 0.0201      |
|    value_loss         | 1.83e-05    |
---------------------------------------
--------------------------------------
| rollout/              |            |
|    ep_len_mean        | 500        |
|    ep_rew_mean        | -937       |
| time/                 |            |
|    fps                | 8          |
|    iterations         | 600600     |
|    time_elapsed       | 4395       |
|    total_timesteps    | 632800     |
| train/                |            |
|    d_grad_norm        | 0.000316   |
|    entropy_loss       | 0.13       |
|    explained_variance | -11.711265 |
|    learning_rate      | 0.00979    |
|    n_updates          | 79096      |
|    policy_loss        | 7.51e-05   |
|    std                | 0.347      |
|    u_grad_norm        | 0.0168     |
|    v_grad_norm        | 0.000849   |
|    value_loss         | 2.48e-06   |
--------------------------------------
---------------------------------------
| rollout/              |             |
|    ep_len_mean        | 500         |
|    ep_rew_mean        | -965        |
| time/                 |             |
|    fps                | 8           |
|    iterations         | 584700      |
|    time_elapsed       | 4461        |
|    total_timesteps    | 617600      |
| train/                |             |
|    d_grad_norm        | 0.0217      |
|    entropy_loss       | -0.186      |
|    explained_variance | -0.35045254 |
|    learning_rate      | 0.00981     |
|    n_updates          | 77196       |
|    policy_loss        | 0.00265     |
|    std                | 0.286       |
|    u_grad_norm        | 1.01        |
|    v_grad_norm        | 0.0201      |
|    value_loss         | 4.44e-05    |
---------------------------------------
--------------------------------------
| rollout/              |            |
|    ep_len_mean        | 500        |
|    ep_rew_mean        | -896       |
| time/                 |            |
|    fps                | 8          |
|    iterations         | 615700     |
|    time_elapsed       | 4463       |
|    total_timesteps    | 648600     |
| train/                |            |
|    d_grad_norm        | 0.608      |
|    entropy_loss       | -2.22      |
|    explained_variance | 0.99989897 |
|    learning_rate      | 0.00978    |
|    n_updates          | 81071      |
|    policy_loss        | 0.331      |
|    std                | 0.224      |
|    u_grad_norm        | 0.102      |
|    v_grad_norm        | 0.964      |
|    value_loss         | 0.0243     |
--------------------------------------
--------------------------------------
| rollout/              |            |
|    ep_len_mean        | 500        |
|    ep_rew_mean        | -1.44e+03  |
| time/                 |            |
|    fps                | 8          |
|    iterations         | 595700     |
|    time_elapsed       | 4464       |
|    total_timesteps    | 628600     |
| train/                |            |
|    d_grad_norm        | 0.925      |
|    entropy_loss       | -3.14      |
|    explained_variance | 0.99858576 |
|    learning_rate      | 0.00979    |
|    n_updates          | 78571      |
|    policy_loss        | 10.5       |
|    std                | 0.415      |
|    u_grad_norm        | 0.103      |
|    v_grad_norm        | 0.918      |
|    value_loss         | 12.2       |
--------------------------------------
--------------------------------------
| rollout/              |            |
|    ep_len_mean        | 500        |
|    ep_rew_mean        | -999       |
| time/                 |            |
|    fps                | 8          |
|    iterations         | 482700     |
|    time_elapsed       | 4464       |
|    total_timesteps    | 515600     |
| train/                |            |
|    d_grad_norm        | 0.00164    |
|    entropy_loss       | -0.0614    |
|    explained_variance | -0.3852787 |
|    learning_rate      | 0.0099     |
|    n_updates          | 64446      |
|    policy_loss        | -3.44e-05  |
|    std                | 0.339      |
|    u_grad_norm        | 0.00875    |
|    v_grad_norm        | 0.000854   |
|    value_loss         | 6.8e-07    |
--------------------------------------
--------------------------------------
| rollout/              |            |
|    ep_len_mean        | 500        |
|    ep_rew_mean        | -1.14e+03  |
| time/                 |            |
|    fps                | 8          |
|    iterations         | 613700     |
|    time_elapsed       | 4466       |
|    total_timesteps    | 646600     |
| train/                |            |
|    d_grad_norm        | 0.478      |
|    entropy_loss       | -2.69      |
|    explained_variance | 0.99882656 |
|    learning_rate      | 0.00978    |
|    n_updates          | 80821      |
|    policy_loss        | 0.77       |
|    std                | 0.214      |
|    u_grad_norm        | 0.00466    |
|    v_grad_norm        | 0.931      |
|    value_loss         | 0.186      |
--------------------------------------
-------------------------------------
| rollout/              |           |
|    ep_len_mean        | 500       |
|    ep_rew_mean        | -909      |
| time/                 |           |
|    fps                | 8         |
|    iterations         | 565700    |
|    time_elapsed       | 4467      |
|    total_timesteps    | 598600    |
| train/                |           |
|    d_grad_norm        | 0.964     |
|    entropy_loss       | -0.394    |
|    explained_variance | 0.9772171 |
|    learning_rate      | 0.00982   |
|    n_updates          | 74821     |
|    policy_loss        | -0.0102   |
|    std                | 0.366     |
|    u_grad_norm        | 0.638     |
|    v_grad_norm        | 0.709     |
|    value_loss         | 0.0278    |
-------------------------------------
-------------------------------------
| rollout/              |           |
|    ep_len_mean        | 500       |
|    ep_rew_mean        | -935      |
| time/                 |           |
|    fps                | 8         |
|    iterations         | 600700    |
|    time_elapsed       | 4467      |
|    total_timesteps    | 633600    |
| train/                |           |
|    d_grad_norm        | 0.00185   |
|    entropy_loss       | 0.215     |
|    explained_variance | 0.7684194 |
|    learning_rate      | 0.00979   |
|    n_updates          | 79196     |
|    policy_loss        | 9.13e-05  |
|    std                | 0.348     |
|    u_grad_norm        | 0.0177    |
|    v_grad_norm        | 0.000602  |
|    value_loss         | 1.81e-07  |
-------------------------------------
--------------------------------------
| rollout/              |            |
|    ep_len_mean        | 500        |
|    ep_rew_mean        | -962       |
| time/                 |            |
|    fps                | 8          |
|    iterations         | 584800     |
|    time_elapsed       | 4536       |
|    total_timesteps    | 618400     |
| train/                |            |
|    d_grad_norm        | 0.00366    |
|    entropy_loss       | -0.0648    |
|    explained_variance | 0.29843783 |
|    learning_rate      | 0.0098     |
|    n_updates          | 77296      |
|    policy_loss        | -5.54e-05  |
|    std                | 0.286      |
|    u_grad_norm        | 0.0539     |
|    v_grad_norm        | 0.0017     |
|    value_loss         | 2.38e-07   |
--------------------------------------
---------------------------------------
| rollout/              |             |
|    ep_len_mean        | 500         |
|    ep_rew_mean        | -880        |
| time/                 |             |
|    fps                | 8           |
|    iterations         | 615800      |
|    time_elapsed       | 4538        |
|    total_timesteps    | 649400      |
| train/                |             |
|    d_grad_norm        | 0.000809    |
|    entropy_loss       | -0.0177     |
|    explained_variance | -0.27722013 |
|    learning_rate      | 0.00978     |
|    n_updates          | 81171       |
|    policy_loss        | -4.08e-05   |
|    std                | 0.223       |
|    u_grad_norm        | 0.00519     |
|    v_grad_norm        | 0.000681    |
|    value_loss         | 1.53e-08    |
---------------------------------------
-------------------------------------
| rollout/              |           |
|    ep_len_mean        | 500       |
|    ep_rew_mean        | -1.41e+03 |
| time/                 |           |
|    fps                | 8         |
|    iterations         | 595800    |
|    time_elapsed       | 4538      |
|    total_timesteps    | 629400    |
| train/                |           |
|    d_grad_norm        | 0.00777   |
|    entropy_loss       | 0.00505   |
|    explained_variance | -4.294148 |
|    learning_rate      | 0.00979   |
|    n_updates          | 78671     |
|    policy_loss        | 9.94e-05  |
|    std                | 0.415     |
|    u_grad_norm        | 0.108     |
|    v_grad_norm        | 0.0043    |
|    value_loss         | 4.38e-05  |
-------------------------------------
-------------------------------------
| rollout/              |           |
|    ep_len_mean        | 500       |
|    ep_rew_mean        | -981      |
| time/                 |           |
|    fps                | 8         |
|    iterations         | 482800    |
|    time_elapsed       | 4539      |
|    total_timesteps    | 516400    |
| train/                |           |
|    d_grad_norm        | 1.05      |
|    entropy_loss       | -1.92     |
|    explained_variance | 0.9486271 |
|    learning_rate      | 0.0099    |
|    n_updates          | 64546     |
|    policy_loss        | 2.89      |
|    std                | 0.339     |
|    u_grad_norm        | 0.0714    |
|    v_grad_norm        | 0.989     |
|    value_loss         | 2.98      |
-------------------------------------
--------------------------------------
| rollout/              |            |
|    ep_len_mean        | 500        |
|    ep_rew_mean        | -1.16e+03  |
| time/                 |            |
|    fps                | 8          |
|    iterations         | 613800     |
|    time_elapsed       | 4541       |
|    total_timesteps    | 647400     |
| train/                |            |
|    d_grad_norm        | 0.0119     |
|    entropy_loss       | -0.251     |
|    explained_variance | 0.03902644 |
|    learning_rate      | 0.00978    |
|    n_updates          | 80921      |
|    policy_loss        | -0.000266  |
|    std                | 0.214      |
|    u_grad_norm        | 0.129      |
|    v_grad_norm        | 0.00721    |
|    value_loss         | 3.2e-06    |
--------------------------------------
--------------------------------------
| rollout/              |            |
|    ep_len_mean        | 500        |
|    ep_rew_mean        | -900       |
| time/                 |            |
|    fps                | 8          |
|    iterations         | 565800     |
|    time_elapsed       | 4542       |
|    total_timesteps    | 599400     |
| train/                |            |
|    d_grad_norm        | 0.0105     |
|    entropy_loss       | -0.0343    |
|    explained_variance | -21.304005 |
|    learning_rate      | 0.00982    |
|    n_updates          | 74921      |
|    policy_loss        | 0.000209   |
|    std                | 0.365      |
|    u_grad_norm        | 0.0969     |
|    v_grad_norm        | 0.00464    |
|    value_loss         | 1.92e-06   |
--------------------------------------
-------------------------------------
| rollout/              |           |
|    ep_len_mean        | 500       |
|    ep_rew_mean        | -930      |
| time/                 |           |
|    fps                | 8         |
|    iterations         | 600800    |
|    time_elapsed       | 4542      |
|    total_timesteps    | 634400    |
| train/                |           |
|    d_grad_norm        | 0.0013    |
|    entropy_loss       | 0.183     |
|    explained_variance | 0.1497193 |
|    learning_rate      | 0.00979   |
|    n_updates          | 79296     |
|    policy_loss        | -9.09e-05 |
|    std                | 0.348     |
|    u_grad_norm        | 0.00111   |
|    v_grad_norm        | 0.000712  |
|    value_loss         | 2.63e-08  |
-------------------------------------
---------------------------------------
| rollout/              |             |
|    ep_len_mean        | 500         |
|    ep_rew_mean        | -922        |
| time/                 |             |
|    fps                | 8           |
|    iterations         | 584900      |
|    time_elapsed       | 4611        |
|    total_timesteps    | 619200      |
| train/                |             |
|    d_grad_norm        | 0.0194      |
|    entropy_loss       | -0.127      |
|    explained_variance | -0.15455174 |
|    learning_rate      | 0.0098      |
|    n_updates          | 77396       |
|    policy_loss        | 0.000267    |
|    std                | 0.287       |
|    u_grad_norm        | 0.287       |
|    v_grad_norm        | 0.00737     |
|    value_loss         | 4.23e-06    |
---------------------------------------
----------------------------------------
| rollout/              |              |
|    ep_len_mean        | 500          |
|    ep_rew_mean        | -877         |
| time/                 |              |
|    fps                | 8            |
|    iterations         | 615900       |
|    time_elapsed       | 4613         |
|    total_timesteps    | 650200       |
| train/                |              |
|    d_grad_norm        | 0.00234      |
|    entropy_loss       | -0.213       |
|    explained_variance | -0.025278926 |
|    learning_rate      | 0.00977      |
|    n_updates          | 81271        |
|    policy_loss        | 0.00123      |
|    std                | 0.224        |
|    u_grad_norm        | 0.122        |
|    v_grad_norm        | 0.00272      |
|    value_loss         | 5.78e-07     |
----------------------------------------
--------------------------------------
| rollout/              |            |
|    ep_len_mean        | 500        |
|    ep_rew_mean        | -1.42e+03  |
| time/                 |            |
|    fps                | 8          |
|    iterations         | 595900     |
|    time_elapsed       | 4613       |
|    total_timesteps    | 630200     |
| train/                |            |
|    d_grad_norm        | 1.09       |
|    entropy_loss       | -3.01      |
|    explained_variance | 0.99639267 |
|    learning_rate      | 0.00979    |
|    n_updates          | 78771      |
|    policy_loss        | -0.662     |
|    std                | 0.415      |
|    u_grad_norm        | 0.0335     |
|    v_grad_norm        | 0.9        |
|    value_loss         | 0.0578     |
--------------------------------------
-------------------------------------
| rollout/              |           |
|    ep_len_mean        | 500       |
|    ep_rew_mean        | -996      |
| time/                 |           |
|    fps                | 8         |
|    iterations         | 482900    |
|    time_elapsed       | 4614      |
|    total_timesteps    | 517200    |
| train/                |           |
|    d_grad_norm        | 0.918     |
|    entropy_loss       | -1.54     |
|    explained_variance | 0.9114469 |
|    learning_rate      | 0.0099    |
|    n_updates          | 64646     |
|    policy_loss        | 1.01      |
|    std                | 0.338     |
|    u_grad_norm        | 0.0396    |
|    v_grad_norm        | 0.919     |
|    value_loss         | 1.55      |
-------------------------------------
--------------------------------------
| rollout/              |            |
|    ep_len_mean        | 500        |
|    ep_rew_mean        | -1.17e+03  |
| time/                 |            |
|    fps                | 8          |
|    iterations         | 613900     |
|    time_elapsed       | 4615       |
|    total_timesteps    | 648200     |
| train/                |            |
|    d_grad_norm        | 0.0331     |
|    entropy_loss       | -0.284     |
|    explained_variance | -0.4598801 |
|    learning_rate      | 0.00978    |
|    n_updates          | 81021      |
|    policy_loss        | -0.00327   |
|    std                | 0.214      |
|    u_grad_norm        | 0.945      |
|    v_grad_norm        | 0.0177     |
|    value_loss         | 1.39e-05   |
--------------------------------------
-------------------------------------
| rollout/              |           |
|    ep_len_mean        | 500       |
|    ep_rew_mean        | -928      |
| time/                 |           |
|    fps                | 8         |
|    iterations         | 600900    |
|    time_elapsed       | 4617      |
|    total_timesteps    | 635200    |
| train/                |           |
|    d_grad_norm        | 0.00215   |
|    entropy_loss       | 0.13      |
|    explained_variance | -8.401472 |
|    learning_rate      | 0.00979   |
|    n_updates          | 79396     |
|    policy_loss        | 0.000167  |
|    std                | 0.348     |
|    u_grad_norm        | 0.00989   |
|    v_grad_norm        | 0.00119   |
|    value_loss         | 6.33e-07  |
-------------------------------------
-------------------------------------
| rollout/              |           |
|    ep_len_mean        | 500       |
|    ep_rew_mean        | -895      |
| time/                 |           |
|    fps                | 8         |
|    iterations         | 565900    |
|    time_elapsed       | 4617      |
|    total_timesteps    | 600200    |
| train/                |           |
|    d_grad_norm        | 0.959     |
|    entropy_loss       | -2.73     |
|    explained_variance | 0.9992056 |
|    learning_rate      | 0.00982   |
|    n_updates          | 75021     |
|    policy_loss        | 1.77      |
|    std                | 0.365     |
|    u_grad_norm        | 0.0604    |
|    v_grad_norm        | 0.954     |
|    value_loss         | 0.328     |
-------------------------------------
Eval num_timesteps=620000, episode_reward=-1591.78 +/- 930.15
Episode length: 500.00 +/- 0.00
--------------------------------------
| eval/                 |            |
|    mean_ep_length     | 500        |
|    mean_reward        | -1.59e+03  |
| time/                 |            |
|    total_timesteps    | 620000     |
| train/                |            |
|    d_grad_norm        | 0.0123     |
|    entropy_loss       | -0.181     |
|    explained_variance | 0.14591765 |
|    learning_rate      | 0.0098     |
|    n_updates          | 77496      |
|    policy_loss        | 0.000814   |
|    std                | 0.287      |
|    u_grad_norm        | 0.242      |
|    v_grad_norm        | 0.00466    |
|    value_loss         | 1.82e-06   |
--------------------------------------
---------------------------------
| rollout/           |          |
|    ep_len_mean     | 500      |
|    ep_rew_mean     | -884     |
| time/              |          |
|    fps             | 8        |
|    iterations      | 585000   |
|    time_elapsed    | 4955     |
|    total_timesteps | 620000   |
---------------------------------
Eval num_timesteps=651000, episode_reward=-687.22 +/- 442.85
Episode length: 500.00 +/- 0.00
--------------------------------------
| eval/                 |            |
|    mean_ep_length     | 500        |
|    mean_reward        | -687       |
| time/                 |            |
|    total_timesteps    | 651000     |
| train/                |            |
|    d_grad_norm        | 0.0197     |
|    entropy_loss       | -0.0439    |
|    explained_variance | 0.26054293 |
|    learning_rate      | 0.00977    |
|    n_updates          | 81371      |
|    policy_loss        | 0.00235    |
|    std                | 0.223      |
|    u_grad_norm        | 0.0136     |
|    v_grad_norm        | 0.0313     |
|    value_loss         | 3.08e-05   |
--------------------------------------
---------------------------------
| rollout/           |          |
|    ep_len_mean     | 500      |
|    ep_rew_mean     | -863     |
| time/              |          |
|    fps             | 8        |
|    iterations      | 616000   |
|    time_elapsed    | 4956     |
|    total_timesteps | 651000   |
---------------------------------
Eval num_timesteps=631000, episode_reward=-2822.33 +/- 1338.02
Episode length: 500.00 +/- 0.00
-------------------------------------
| eval/                 |           |
|    mean_ep_length     | 500       |
|    mean_reward        | -2.82e+03 |
| time/                 |           |
|    total_timesteps    | 631000    |
| train/                |           |
|    d_grad_norm        | 0.332     |
|    entropy_loss       | -2.23     |
|    explained_variance | 0.9983902 |
|    learning_rate      | 0.00979   |
|    n_updates          | 78871     |
|    policy_loss        | -0.291    |
|    std                | 0.417     |
|    u_grad_norm        | 0.128     |
|    v_grad_norm        | 0.859     |
|    value_loss         | 0.274     |
-------------------------------------
----------------------------------
| rollout/           |           |
|    ep_len_mean     | 500       |
|    ep_rew_mean     | -1.48e+03 |
| time/              |           |
|    fps             | 8         |
|    iterations      | 596000    |
|    time_elapsed    | 4956      |
|    total_timesteps | 631000    |
----------------------------------
Eval num_timesteps=518000, episode_reward=-2490.76 +/- 512.73
Episode length: 500.00 +/- 0.00
--------------------------------------
| eval/                 |            |
|    mean_ep_length     | 500        |
|    mean_reward        | -2.49e+03  |
| time/                 |            |
|    total_timesteps    | 518000     |
| train/                |            |
|    d_grad_norm        | 0.00062    |
|    entropy_loss       | 0.0329     |
|    explained_variance | -28.284088 |
|    learning_rate      | 0.0099     |
|    n_updates          | 64746      |
|    policy_loss        | -1.34e-05  |
|    std                | 0.336      |
|    u_grad_norm        | 0.0143     |
|    v_grad_norm        | 0.000258   |
|    value_loss         | 1.49e-06   |
--------------------------------------
----------------------------------
| rollout/           |           |
|    ep_len_mean     | 500       |
|    ep_rew_mean     | -1.02e+03 |
| time/              |           |
|    fps             | 8         |
|    iterations      | 483000    |
|    time_elapsed    | 4957      |
|    total_timesteps | 518000    |
----------------------------------
Eval num_timesteps=649000, episode_reward=-2613.40 +/- 896.98
Episode length: 500.00 +/- 0.00
-------------------------------------
| eval/                 |           |
|    mean_ep_length     | 500       |
|    mean_reward        | -2.61e+03 |
| time/                 |           |
|    total_timesteps    | 649000    |
| train/                |           |
|    d_grad_norm        | 0.893     |
|    entropy_loss       | -2.01     |
|    explained_variance | 0.9669256 |
|    learning_rate      | 0.00978   |
|    n_updates          | 81121     |
|    policy_loss        | 0.728     |
|    std                | 0.213     |
|    u_grad_norm        | 0.0995    |
|    v_grad_norm        | 0.939     |
|    value_loss         | 0.614     |
-------------------------------------
----------------------------------
| rollout/           |           |
|    ep_len_mean     | 500       |
|    ep_rew_mean     | -1.19e+03 |
| time/              |           |
|    fps             | 8         |
|    iterations      | 614000    |
|    time_elapsed    | 4959      |
|    total_timesteps | 649000    |
----------------------------------
Eval num_timesteps=601000, episode_reward=-501.15 +/- 537.28
Episode length: 500.00 +/- 0.00
--------------------------------------
| eval/                 |            |
|    mean_ep_length     | 500        |
|    mean_reward        | -501       |
| time/                 |            |
|    total_timesteps    | 601000     |
| train/                |            |
|    d_grad_norm        | 0.00142    |
|    entropy_loss       | -0.0454    |
|    explained_variance | -4.0415096 |
|    learning_rate      | 0.00982    |
|    n_updates          | 75121      |
|    policy_loss        | 2.9e-05    |
|    std                | 0.365      |
|    u_grad_norm        | 0.028      |
|    v_grad_norm        | 0.001      |
|    value_loss         | 4.94e-08   |
--------------------------------------
---------------------------------
| rollout/           |          |
|    ep_len_mean     | 500      |
|    ep_rew_mean     | -911     |
| time/              |          |
|    fps             | 8        |
|    iterations      | 566000   |
|    time_elapsed    | 4960     |
|    total_timesteps | 601000   |
---------------------------------
Eval num_timesteps=636000, episode_reward=-1578.64 +/- 256.65
Episode length: 500.00 +/- 0.00
---------------------------------------
| eval/                 |             |
|    mean_ep_length     | 500         |
|    mean_reward        | -1.58e+03   |
| time/                 |             |
|    total_timesteps    | 636000      |
| train/                |             |
|    d_grad_norm        | 0.000209    |
|    entropy_loss       | 0.199       |
|    explained_variance | -0.76779866 |
|    learning_rate      | 0.00979     |
|    n_updates          | 79496       |
|    policy_loss        | -1.44e-05   |
|    std                | 0.348       |
|    u_grad_norm        | 0.00218     |
|    v_grad_norm        | 0.000318    |
|    value_loss         | 5.13e-09    |
---------------------------------------
---------------------------------
| rollout/           |          |
|    ep_len_mean     | 500      |
|    ep_rew_mean     | -906     |
| time/              |          |
|    fps             | 8        |
|    iterations      | 601000   |
|    time_elapsed    | 4960     |
|    total_timesteps | 636000   |
---------------------------------
---------------------------------------
| rollout/              |             |
|    ep_len_mean        | 500         |
|    ep_rew_mean        | -866        |
| time/                 |             |
|    fps                | 8           |
|    iterations         | 585100      |
|    time_elapsed       | 5025        |
|    total_timesteps    | 620800      |
| train/                |             |
|    d_grad_norm        | 0.0408      |
|    entropy_loss       | -0.172      |
|    explained_variance | -0.28473413 |
|    learning_rate      | 0.0098      |
|    n_updates          | 77596       |
|    policy_loss        | 0.00413     |
|    std                | 0.288       |
|    u_grad_norm        | 0.913       |
|    v_grad_norm        | 0.0153      |
|    value_loss         | 1.9e-05     |
---------------------------------------
---------------------------------------
| rollout/              |             |
|    ep_len_mean        | 500         |
|    ep_rew_mean        | -857        |
| time/                 |             |
|    fps                | 8           |
|    iterations         | 616100      |
|    time_elapsed       | 5025        |
|    total_timesteps    | 651800      |
| train/                |             |
|    d_grad_norm        | 0.00303     |
|    entropy_loss       | 0.0402      |
|    explained_variance | -0.05407858 |
|    learning_rate      | 0.00977     |
|    n_updates          | 81471       |
|    policy_loss        | 0.000241    |
|    std                | 0.223       |
|    u_grad_norm        | 0.00817     |
|    v_grad_norm        | 0.00276     |
|    value_loss         | 2.43e-07    |
---------------------------------------
--------------------------------------
| rollout/              |            |
|    ep_len_mean        | 500        |
|    ep_rew_mean        | -1.49e+03  |
| time/                 |            |
|    fps                | 8          |
|    iterations         | 596100     |
|    time_elapsed       | 5026       |
|    total_timesteps    | 631800     |
| train/                |            |
|    d_grad_norm        | 0.0045     |
|    entropy_loss       | 0.0352     |
|    explained_variance | -0.9915695 |
|    learning_rate      | 0.00979    |
|    n_updates          | 78971      |
|    policy_loss        | 0.000737   |
|    std                | 0.417      |
|    u_grad_norm        | 0.0896     |
|    v_grad_norm        | 0.00894    |
|    value_loss         | 3.21e-06   |
--------------------------------------
-------------------------------------
| rollout/              |           |
|    ep_len_mean        | 500       |
|    ep_rew_mean        | -1.02e+03 |
| time/                 |           |
|    fps                | 8         |
|    iterations         | 483100    |
|    time_elapsed       | 5027      |
|    total_timesteps    | 518800    |
| train/                |           |
|    d_grad_norm        | 0.927     |
|    entropy_loss       | -2.19     |
|    explained_variance | 0.9986923 |
|    learning_rate      | 0.0099    |
|    n_updates          | 64846     |
|    policy_loss        | 0.0875    |
|    std                | 0.335     |
|    u_grad_norm        | 0.0642    |
|    v_grad_norm        | 0.88      |
|    value_loss         | 0.0259    |
-------------------------------------
-------------------------------------
| rollout/              |           |
|    ep_len_mean        | 500       |
|    ep_rew_mean        | -1.22e+03 |
| time/                 |           |
|    fps                | 8         |
|    iterations         | 614100    |
|    time_elapsed       | 5029      |
|    total_timesteps    | 649800    |
| train/                |           |
|    d_grad_norm        | 0.878     |
|    entropy_loss       | -2.35     |
|    explained_variance | 0.9984611 |
|    learning_rate      | 0.00978   |
|    n_updates          | 81221     |
|    policy_loss        | 0.456     |
|    std                | 0.213     |
|    u_grad_norm        | 0.00799   |
|    v_grad_norm        | 0.906     |
|    value_loss         | 0.275     |
-------------------------------------
--------------------------------------
| rollout/              |            |
|    ep_len_mean        | 500        |
|    ep_rew_mean        | -912       |
| time/                 |            |
|    fps                | 8          |
|    iterations         | 566100     |
|    time_elapsed       | 5030       |
|    total_timesteps    | 601800     |
| train/                |            |
|    d_grad_norm        | 0.0281     |
|    entropy_loss       | -0.104     |
|    explained_variance | 0.48413765 |
|    learning_rate      | 0.00982    |
|    n_updates          | 75221      |
|    policy_loss        | 0.003      |
|    std                | 0.365      |
|    u_grad_norm        | 0.686      |
|    v_grad_norm        | 0.0139     |
|    value_loss         | 1.16e-05   |
--------------------------------------
-------------------------------------
| rollout/              |           |
|    ep_len_mean        | 500       |
|    ep_rew_mean        | -904      |
| time/                 |           |
|    fps                | 8         |
|    iterations         | 601100    |
|    time_elapsed       | 5030      |
|    total_timesteps    | 636800    |
| train/                |           |
|    d_grad_norm        | 0.0131    |
|    entropy_loss       | 0.181     |
|    explained_variance | -2.487083 |
|    learning_rate      | 0.00979   |
|    n_updates          | 79596     |
|    policy_loss        | -0.000864 |
|    std                | 0.347     |
|    u_grad_norm        | 0.0303    |
|    v_grad_norm        | 0.00591   |
|    value_loss         | 1.97e-06  |
-------------------------------------
Stopping because gradient norm condition is fulfilled
--------------------------------------
| rollout/              |            |
|    ep_len_mean        | 500        |
|    ep_rew_mean        | -837       |
| time/                 |            |
|    fps                | 8          |
|    iterations         | 585200     |
|    time_elapsed       | 5091       |
|    total_timesteps    | 621600     |
| train/                |            |
|    d_grad_norm        | 0.00867    |
|    entropy_loss       | -0.128     |
|    explained_variance | 0.43803138 |
|    learning_rate      | 0.0098     |
|    n_updates          | 77696      |
|    policy_loss        | -0.000429  |
|    std                | 0.288      |
|    u_grad_norm        | 0.545      |
|    v_grad_norm        | 0.0153     |
|    value_loss         | 1.88e-05   |
--------------------------------------
--------------------------------------
| rollout/              |            |
|    ep_len_mean        | 500        |
|    ep_rew_mean        | -882       |
| time/                 |            |
|    fps                | 8          |
|    iterations         | 616200     |
|    time_elapsed       | 5091       |
|    total_timesteps    | 652600     |
| train/                |            |
|    d_grad_norm        | 0.395      |
|    entropy_loss       | -2.22      |
|    explained_variance | 0.99975526 |
|    learning_rate      | 0.00977    |
|    n_updates          | 81571      |
|    policy_loss        | -0.211     |
|    std                | 0.223      |
|    u_grad_norm        | 0.0183     |
|    v_grad_norm        | 0.957      |
|    value_loss         | 0.0323     |
--------------------------------------
-------------------------------------
| rollout/              |           |
|    ep_len_mean        | 500       |
|    ep_rew_mean        | -1.52e+03 |
| time/                 |           |
|    fps                | 8         |
|    iterations         | 596200    |
|    time_elapsed       | 5092      |
|    total_timesteps    | 632600    |
| train/                |           |
|    d_grad_norm        | 0.0198    |
|    entropy_loss       | -0.209    |
|    explained_variance | -8.565464 |
|    learning_rate      | 0.00979   |
|    n_updates          | 79071     |
|    policy_loss        | 0.00059   |
|    std                | 0.417     |
|    u_grad_norm        | 0.0691    |
|    v_grad_norm        | 0.00667   |
|    value_loss         | 1.76e-05  |
-------------------------------------
--------------------------------------
| rollout/              |            |
|    ep_len_mean        | 500        |
|    ep_rew_mean        | -1.06e+03  |
| time/                 |            |
|    fps                | 8          |
|    iterations         | 483200     |
|    time_elapsed       | 5093       |
|    total_timesteps    | 519600     |
| train/                |            |
|    d_grad_norm        | 0.0134     |
|    entropy_loss       | -0.00313   |
|    explained_variance | 0.35932308 |
|    learning_rate      | 0.0099     |
|    n_updates          | 64946      |
|    policy_loss        | 0.000685   |
|    std                | 0.337      |
|    u_grad_norm        | 0.123      |
|    v_grad_norm        | 0.007      |
|    value_loss         | 6.32e-06   |
--------------------------------------
---------------------------------------
| rollout/              |             |
|    ep_len_mean        | 500         |
|    ep_rew_mean        | -1.24e+03   |
| time/                 |             |
|    fps                | 8           |
|    iterations         | 614200      |
|    time_elapsed       | 5094        |
|    total_timesteps    | 650600      |
| train/                |             |
|    d_grad_norm        | 0.0261      |
|    entropy_loss       | -0.208      |
|    explained_variance | 0.016257703 |
|    learning_rate      | 0.00977     |
|    n_updates          | 81321       |
|    policy_loss        | -0.000947   |
|    std                | 0.213       |
|    u_grad_norm        | 0.141       |
|    v_grad_norm        | 0.0193      |
|    value_loss         | 1.41e-05    |
---------------------------------------
--------------------------------------
| rollout/              |            |
|    ep_len_mean        | 500        |
|    ep_rew_mean        | -902       |
| time/                 |            |
|    fps                | 8          |
|    iterations         | 601200     |
|    time_elapsed       | 5096       |
|    total_timesteps    | 637600     |
| train/                |            |
|    d_grad_norm        | 0.918      |
|    entropy_loss       | -1.99      |
|    explained_variance | 0.99841356 |
|    learning_rate      | 0.00979    |
|    n_updates          | 79696      |
|    policy_loss        | 3.05       |
|    std                | 0.346      |
|    u_grad_norm        | 0.07       |
|    v_grad_norm        | 0.898      |
|    value_loss         | 2.59       |
--------------------------------------
--------------------------------------
| rollout/              |            |
|    ep_len_mean        | 500        |
|    ep_rew_mean        | -828       |
| time/                 |            |
|    fps                | 8          |
|    iterations         | 585300     |
|    time_elapsed       | 5156       |
|    total_timesteps    | 622400     |
| train/                |            |
|    d_grad_norm        | 0.00343    |
|    entropy_loss       | -0.148     |
|    explained_variance | -2.0310118 |
|    learning_rate      | 0.0098     |
|    n_updates          | 77796      |
|    policy_loss        | 4.55e-05   |
|    std                | 0.289      |
|    u_grad_norm        | 0.0363     |
|    v_grad_norm        | 0.00144    |
|    value_loss         | 7.24e-07   |
--------------------------------------
-------------------------------------
| rollout/              |           |
|    ep_len_mean        | 500       |
|    ep_rew_mean        | -885      |
| time/                 |           |
|    fps                | 8         |
|    iterations         | 616300    |
|    time_elapsed       | 5156      |
|    total_timesteps    | 653400    |
| train/                |           |
|    d_grad_norm        | 0.397     |
|    entropy_loss       | -2.19     |
|    explained_variance | 0.9994667 |
|    learning_rate      | 0.00977   |
|    n_updates          | 81671     |
|    policy_loss        | -0.0537   |
|    std                | 0.223     |
|    u_grad_norm        | 0.0262    |
|    v_grad_norm        | 0.962     |
|    value_loss         | 0.0338    |
-------------------------------------
-------------------------------------
| rollout/              |           |
|    ep_len_mean        | 500       |
|    ep_rew_mean        | -1.51e+03 |
| time/                 |           |
|    fps                | 8         |
|    iterations         | 596300    |
|    time_elapsed       | 5157      |
|    total_timesteps    | 633400    |
| train/                |           |
|    d_grad_norm        | 0.887     |
|    entropy_loss       | -2.36     |
|    explained_variance | 0.9955683 |
|    learning_rate      | 0.00979   |
|    n_updates          | 79171     |
|    policy_loss        | -3.52     |
|    std                | 0.416     |
|    u_grad_norm        | 0.0533    |
|    v_grad_norm        | 0.929     |
|    value_loss         | 2.08      |
-------------------------------------
-------------------------------------
| rollout/              |           |
|    ep_len_mean        | 500       |
|    ep_rew_mean        | -1.05e+03 |
| time/                 |           |
|    fps                | 8         |
|    iterations         | 483300    |
|    time_elapsed       | 5158      |
|    total_timesteps    | 520400    |
| train/                |           |
|    d_grad_norm        | 0.908     |
|    entropy_loss       | -2.59     |
|    explained_variance | 0.9970531 |
|    learning_rate      | 0.0099    |
|    n_updates          | 65046     |
|    policy_loss        | -1.38     |
|    std                | 0.337     |
|    u_grad_norm        | 0.0508    |
|    v_grad_norm        | 0.903     |
|    value_loss         | 0.469     |
-------------------------------------
--------------------------------------
| rollout/              |            |
|    ep_len_mean        | 500        |
|    ep_rew_mean        | -1.24e+03  |
| time/                 |            |
|    fps                | 8          |
|    iterations         | 614300     |
|    time_elapsed       | 5159       |
|    total_timesteps    | 651400     |
| train/                |            |
|    d_grad_norm        | 0.00928    |
|    entropy_loss       | -0.228     |
|    explained_variance | -0.6336163 |
|    learning_rate      | 0.00977    |
|    n_updates          | 81421      |
|    policy_loss        | 9.62e-05   |
|    std                | 0.213      |
|    u_grad_norm        | 0.0824     |
|    v_grad_norm        | 0.0049     |
|    value_loss         | 2.01e-06   |
--------------------------------------
---------------------------------------
| rollout/              |             |
|    ep_len_mean        | 500         |
|    ep_rew_mean        | -902        |
| time/                 |             |
|    fps                | 8           |
|    iterations         | 601300      |
|    time_elapsed       | 5161        |
|    total_timesteps    | 638400      |
| train/                |             |
|    d_grad_norm        | 0.0104      |
|    entropy_loss       | 0.197       |
|    explained_variance | 0.045827687 |
|    learning_rate      | 0.00979     |
|    n_updates          | 79796       |
|    policy_loss        | -0.000753   |
|    std                | 0.347       |
|    u_grad_norm        | 0.0155      |
|    v_grad_norm        | 0.00482     |
|    value_loss         | 1.25e-06    |
---------------------------------------
-------------------------------------
| rollout/              |           |
|    ep_len_mean        | 500       |
|    ep_rew_mean        | -805      |
| time/                 |           |
|    fps                | 8         |
|    iterations         | 585400    |
|    time_elapsed       | 5221      |
|    total_timesteps    | 623200    |
| train/                |           |
|    d_grad_norm        | 0.0328    |
|    entropy_loss       | -0.0794   |
|    explained_variance | -0.549893 |
|    learning_rate      | 0.0098    |
|    n_updates          | 77896     |
|    policy_loss        | 0.000931  |
|    std                | 0.289     |
|    u_grad_norm        | 0.118     |
|    v_grad_norm        | 0.0096    |
|    value_loss         | 7.63e-06  |
-------------------------------------
--------------------------------------
| rollout/              |            |
|    ep_len_mean        | 500        |
|    ep_rew_mean        | -919       |
| time/                 |            |
|    fps                | 8          |
|    iterations         | 616400     |
|    time_elapsed       | 5221       |
|    total_timesteps    | 654200     |
| train/                |            |
|    d_grad_norm        | 1.02       |
|    entropy_loss       | -1.57      |
|    explained_variance | -1.1218824 |
|    learning_rate      | 0.00977    |
|    n_updates          | 81771      |
|    policy_loss        | 4.23       |
|    std                | 0.225      |
|    u_grad_norm        | 0.199      |
|    v_grad_norm        | 0.855      |
|    value_loss         | 5.06       |
--------------------------------------
-------------------------------------
| rollout/              |           |
|    ep_len_mean        | 500       |
|    ep_rew_mean        | -1.58e+03 |
| time/                 |           |
|    fps                | 8         |
|    iterations         | 596400    |
|    time_elapsed       | 5222      |
|    total_timesteps    | 634200    |
| train/                |           |
|    d_grad_norm        | 0.864     |
|    entropy_loss       | -3.34     |
|    explained_variance | 0.9996894 |
|    learning_rate      | 0.00979   |
|    n_updates          | 79271     |
|    policy_loss        | 1.59      |
|    std                | 0.416     |
|    u_grad_norm        | 0.0318    |
|    v_grad_norm        | 0.919     |
|    value_loss         | 0.291     |
-------------------------------------
--------------------------------------
| rollout/              |            |
|    ep_len_mean        | 500        |
|    ep_rew_mean        | -1.1e+03   |
| time/                 |            |
|    fps                | 8          |
|    iterations         | 483400     |
|    time_elapsed       | 5223       |
|    total_timesteps    | 521200     |
| train/                |            |
|    d_grad_norm        | 0.974      |
|    entropy_loss       | -1.66      |
|    explained_variance | 0.95913583 |
|    learning_rate      | 0.00989    |
|    n_updates          | 65146      |
|    policy_loss        | -2.18      |
|    std                | 0.337      |
|    u_grad_norm        | 0.00765    |
|    v_grad_norm        | 0.942      |
|    value_loss         | 4.09       |
--------------------------------------
---------------------------------------
| rollout/              |             |
|    ep_len_mean        | 500         |
|    ep_rew_mean        | -1.23e+03   |
| time/                 |             |
|    fps                | 8           |
|    iterations         | 614400      |
|    time_elapsed       | 5224        |
|    total_timesteps    | 652200      |
| train/                |             |
|    d_grad_norm        | 0.0294      |
|    entropy_loss       | -0.23       |
|    explained_variance | -0.28707063 |
|    learning_rate      | 0.00977     |
|    n_updates          | 81521       |
|    policy_loss        | -0.000272   |
|    std                | 0.213       |
|    u_grad_norm        | 0.231       |
|    v_grad_norm        | 0.012       |
|    value_loss         | 6.36e-06    |
---------------------------------------
-------------------------------------
| rollout/              |           |
|    ep_len_mean        | 500       |
|    ep_rew_mean        | -889      |
| time/                 |           |
|    fps                | 8         |
|    iterations         | 601400    |
|    time_elapsed       | 5226      |
|    total_timesteps    | 639200    |
| train/                |           |
|    d_grad_norm        | 0.00539   |
|    entropy_loss       | 0.22      |
|    explained_variance | -4.617813 |
|    learning_rate      | 0.00978   |
|    n_updates          | 79896     |
|    policy_loss        | -0.00025  |
|    std                | 0.347     |
|    u_grad_norm        | 0.031     |
|    v_grad_norm        | 0.00205   |
|    value_loss         | 2.56e-07  |
-------------------------------------
-------------------------------------
| rollout/              |           |
|    ep_len_mean        | 500       |
|    ep_rew_mean        | -808      |
| time/                 |           |
|    fps                | 8         |
|    iterations         | 585500    |
|    time_elapsed       | 5237      |
|    total_timesteps    | 624000    |
| train/                |           |
|    d_grad_norm        | 0.0173    |
|    entropy_loss       | -0.07     |
|    explained_variance | -3.146937 |
|    learning_rate      | 0.0098    |
|    n_updates          | 77996     |
|    policy_loss        | -0.000787 |
|    std                | 0.29      |
|    u_grad_norm        | 0.285     |
|    v_grad_norm        | 0.00545   |
|    value_loss         | 4.83e-06  |
-------------------------------------
--------------------------------------
| rollout/              |            |
|    ep_len_mean        | 500        |
|    ep_rew_mean        | -935       |
| time/                 |            |
|    fps                | 8          |
|    iterations         | 616500     |
|    time_elapsed       | 5238       |
|    total_timesteps    | 655000     |
| train/                |            |
|    d_grad_norm        | 0.00315    |
|    entropy_loss       | 0.0156     |
|    explained_variance | 0.08704412 |
|    learning_rate      | 0.00977    |
|    n_updates          | 81871      |
|    policy_loss        | 0.000162   |
|    std                | 0.225      |
|    u_grad_norm        | 0.00834    |
|    v_grad_norm        | 0.00183    |
|    value_loss         | 2.72e-07   |
--------------------------------------
--------------------------------------
| rollout/              |            |
|    ep_len_mean        | 500        |
|    ep_rew_mean        | -1.62e+03  |
| time/                 |            |
|    fps                | 8          |
|    iterations         | 596500     |
|    time_elapsed       | 5238       |
|    total_timesteps    | 635000     |
| train/                |            |
|    d_grad_norm        | 0.995      |
|    entropy_loss       | -2.93      |
|    explained_variance | 0.96191347 |
|    learning_rate      | 0.00979    |
|    n_updates          | 79371      |
|    policy_loss        | -2.71      |
|    std                | 0.417      |
|    u_grad_norm        | 0.112      |
|    v_grad_norm        | 0.987      |
|    value_loss         | 1.47       |
--------------------------------------
-------------------------------------
| rollout/              |           |
|    ep_len_mean        | 500       |
|    ep_rew_mean        | -1.13e+03 |
| time/                 |           |
|    fps                | 8         |
|    iterations         | 483500    |
|    time_elapsed       | 5239      |
|    total_timesteps    | 522000    |
| train/                |           |
|    d_grad_norm        | 0.976     |
|    entropy_loss       | -2.98     |
|    explained_variance | 0.95865   |
|    learning_rate      | 0.00989   |
|    n_updates          | 65246     |
|    policy_loss        | 3.17      |
|    std                | 0.337     |
|    u_grad_norm        | 0.103     |
|    v_grad_norm        | 0.911     |
|    value_loss         | 0.947     |
-------------------------------------
-------------------------------------
| rollout/              |           |
|    ep_len_mean        | 500       |
|    ep_rew_mean        | -1.25e+03 |
| time/                 |           |
|    fps                | 8         |
|    iterations         | 614500    |
|    time_elapsed       | 5241      |
|    total_timesteps    | 653000    |
| train/                |           |
|    d_grad_norm        | 1.05      |
|    entropy_loss       | -1.8      |
|    explained_variance | 0.99644   |
|    learning_rate      | 0.00977   |
|    n_updates          | 81621     |
|    policy_loss        | -2.95     |
|    std                | 0.212     |
|    u_grad_norm        | 0.196     |
|    v_grad_norm        | 0.905     |
|    value_loss         | 1.79      |
-------------------------------------
--------------------------------------
| rollout/              |            |
|    ep_len_mean        | 500        |
|    ep_rew_mean        | -882       |
| time/                 |            |
|    fps                | 8          |
|    iterations         | 601500     |
|    time_elapsed       | 5242       |
|    total_timesteps    | 640000     |
| train/                |            |
|    d_grad_norm        | 0.00348    |
|    entropy_loss       | 0.221      |
|    explained_variance | -22.223322 |
|    learning_rate      | 0.00978    |
|    n_updates          | 79996      |
|    policy_loss        | 9.25e-05   |
|    std                | 0.347      |
|    u_grad_norm        | 0.035      |
|    v_grad_norm        | 0.0013     |
|    value_loss         | 1.66e-07   |
--------------------------------------
--------------------------------------
| rollout/              |            |
|    ep_len_mean        | 500        |
|    ep_rew_mean        | -813       |
| time/                 |            |
|    fps                | 8          |
|    iterations         | 585600     |
|    time_elapsed       | 5301       |
|    total_timesteps    | 624800     |
| train/                |            |
|    d_grad_norm        | 1.1        |
|    entropy_loss       | -0.394     |
|    explained_variance | 0.67839926 |
|    learning_rate      | 0.0098     |
|    n_updates          | 78096      |
|    policy_loss        | -0.404     |
|    std                | 0.289      |
|    u_grad_norm        | 1.12       |
|    v_grad_norm        | 0.0287     |
|    value_loss         | 0.00711    |
--------------------------------------
-------------------------------------
| rollout/              |           |
|    ep_len_mean        | 500       |
|    ep_rew_mean        | -1.66e+03 |
| time/                 |           |
|    fps                | 8         |
|    iterations         | 596600    |
|    time_elapsed       | 5302      |
|    total_timesteps    | 635800    |
| train/                |           |
|    d_grad_norm        | 1.08      |
|    entropy_loss       | -2.93     |
|    explained_variance | 0.9855657 |
|    learning_rate      | 0.00979   |
|    n_updates          | 79471     |
|    policy_loss        | -2.4      |
|    std                | 0.415     |
|    u_grad_norm        | 0.268     |
|    v_grad_norm        | 0.948     |
|    value_loss         | 0.425     |
-------------------------------------
--------------------------------------
| rollout/              |            |
|    ep_len_mean        | 500        |
|    ep_rew_mean        | -935       |
| time/                 |            |
|    fps                | 8          |
|    iterations         | 616600     |
|    time_elapsed       | 5302       |
|    total_timesteps    | 655800     |
| train/                |            |
|    d_grad_norm        | 0.0299     |
|    entropy_loss       | 0.119      |
|    explained_variance | -0.6290773 |
|    learning_rate      | 0.00977    |
|    n_updates          | 81971      |
|    policy_loss        | 0.0112     |
|    std                | 0.224      |
|    u_grad_norm        | 0.992      |
|    v_grad_norm        | 0.0132     |
|    value_loss         | 1.92e-05   |
--------------------------------------
--------------------------------------
| rollout/              |            |
|    ep_len_mean        | 500        |
|    ep_rew_mean        | -1.12e+03  |
| time/                 |            |
|    fps                | 8          |
|    iterations         | 483600     |
|    time_elapsed       | 5303       |
|    total_timesteps    | 522800     |
| train/                |            |
|    d_grad_norm        | 0.0228     |
|    entropy_loss       | -0.435     |
|    explained_variance | -1.2822461 |
|    learning_rate      | 0.00989    |
|    n_updates          | 65346      |
|    policy_loss        | -0.00399   |
|    std                | 0.337      |
|    u_grad_norm        | 0.654      |
|    v_grad_norm        | 0.00452    |
|    value_loss         | 8.61e-06   |
--------------------------------------
--------------------------------------
| rollout/              |            |
|    ep_len_mean        | 500        |
|    ep_rew_mean        | -1.25e+03  |
| time/                 |            |
|    fps                | 8          |
|    iterations         | 614600     |
|    time_elapsed       | 5305       |
|    total_timesteps    | 653800     |
| train/                |            |
|    d_grad_norm        | 1.05       |
|    entropy_loss       | -2.37      |
|    explained_variance | 0.99134964 |
|    learning_rate      | 0.00977    |
|    n_updates          | 81721      |
|    policy_loss        | 4.22       |
|    std                | 0.211      |
|    u_grad_norm        | 0.214      |
|    v_grad_norm        | 0.906      |
|    value_loss         | 1.35       |
--------------------------------------
--------------------------------------
| rollout/              |            |
|    ep_len_mean        | 500        |
|    ep_rew_mean        | -882       |
| time/                 |            |
|    fps                | 8          |
|    iterations         | 601600     |
|    time_elapsed       | 5306       |
|    total_timesteps    | 640800     |
| train/                |            |
|    d_grad_norm        | 0.0191     |
|    entropy_loss       | -0.854     |
|    explained_variance | -0.3436538 |
|    learning_rate      | 0.00978    |
|    n_updates          | 80096      |
|    policy_loss        | -0.00515   |
|    std                | 0.347      |
|    u_grad_norm        | 0.3        |
|    v_grad_norm        | 0.0103     |
|    value_loss         | 7.8e-06    |
--------------------------------------
-------------------------------------
| rollout/              |           |
|    ep_len_mean        | 500       |
|    ep_rew_mean        | -782      |
| time/                 |           |
|    fps                | 8         |
|    iterations         | 585700    |
|    time_elapsed       | 5365      |
|    total_timesteps    | 625600    |
| train/                |           |
|    d_grad_norm        | 0.0516    |
|    entropy_loss       | -0.0661   |
|    explained_variance | -2.035302 |
|    learning_rate      | 0.0098    |
|    n_updates          | 78196     |
|    policy_loss        | 8.9e-05   |
|    std                | 0.288     |
|    u_grad_norm        | 0.241     |
|    v_grad_norm        | 0.00784   |
|    value_loss         | 3.33e-06  |
-------------------------------------
-------------------------------------
| rollout/              |           |
|    ep_len_mean        | 500       |
|    ep_rew_mean        | -1.72e+03 |
| time/                 |           |
|    fps                | 8         |
|    iterations         | 596700    |
|    time_elapsed       | 5366      |
|    total_timesteps    | 636600    |
| train/                |           |
|    d_grad_norm        | 1.07      |
|    entropy_loss       | -2.96     |
|    explained_variance | 0.9730896 |
|    learning_rate      | 0.00979   |
|    n_updates          | 79571     |
|    policy_loss        | 3.22      |
|    std                | 0.415     |
|    u_grad_norm        | 0.277     |
|    v_grad_norm        | 0.937     |
|    value_loss         | 0.585     |
-------------------------------------
-------------------------------------
| rollout/              |           |
|    ep_len_mean        | 500       |
|    ep_rew_mean        | -945      |
| time/                 |           |
|    fps                | 8         |
|    iterations         | 616700    |
|    time_elapsed       | 5366      |
|    total_timesteps    | 656600    |
| train/                |           |
|    d_grad_norm        | 0.858     |
|    entropy_loss       | -1.77     |
|    explained_variance | 0.9967555 |
|    learning_rate      | 0.00977   |
|    n_updates          | 82071     |
|    policy_loss        | 8.56      |
|    std                | 0.223     |
|    u_grad_norm        | 0.278     |
|    v_grad_norm        | 0.877     |
|    value_loss         | 9.76      |
-------------------------------------
-------------------------------------
| rollout/              |           |
|    ep_len_mean        | 500       |
|    ep_rew_mean        | -1.1e+03  |
| time/                 |           |
|    fps                | 8         |
|    iterations         | 483700    |
|    time_elapsed       | 5367      |
|    total_timesteps    | 523600    |
| train/                |           |
|    d_grad_norm        | 0.944     |
|    entropy_loss       | -1.7      |
|    explained_variance | 0.9896757 |
|    learning_rate      | 0.00989   |
|    n_updates          | 65446     |
|    policy_loss        | -0.722    |
|    std                | 0.338     |
|    u_grad_norm        | 0.143     |
|    v_grad_norm        | 0.942     |
|    value_loss         | 0.279     |
-------------------------------------
-------------------------------------
| rollout/              |           |
|    ep_len_mean        | 500       |
|    ep_rew_mean        | -1.29e+03 |
| time/                 |           |
|    fps                | 8         |
|    iterations         | 614700    |
|    time_elapsed       | 5369      |
|    total_timesteps    | 654600    |
| train/                |           |
|    d_grad_norm        | 0.958     |
|    entropy_loss       | -1.62     |
|    explained_variance | 0.9788163 |
|    learning_rate      | 0.00977   |
|    n_updates          | 81821     |
|    policy_loss        | -0.471    |
|    std                | 0.213     |
|    u_grad_norm        | 0.0853    |
|    v_grad_norm        | 0.939     |
|    value_loss         | 0.2       |
-------------------------------------
--------------------------------------
| rollout/              |            |
|    ep_len_mean        | 500        |
|    ep_rew_mean        | -873       |
| time/                 |            |
|    fps                | 8          |
|    iterations         | 601700     |
|    time_elapsed       | 5371       |
|    total_timesteps    | 641600     |
| train/                |            |
|    d_grad_norm        | 0.994      |
|    entropy_loss       | -2.15      |
|    explained_variance | 0.99496144 |
|    learning_rate      | 0.00978    |
|    n_updates          | 80196      |
|    policy_loss        | -0.763     |
|    std                | 0.349      |
|    u_grad_norm        | 0.359      |
|    v_grad_norm        | 0.967      |
|    value_loss         | 0.219      |
--------------------------------------
-------------------------------------
| rollout/              |           |
|    ep_len_mean        | 500       |
|    ep_rew_mean        | -759      |
| time/                 |           |
|    fps                | 8         |
|    iterations         | 585800    |
|    time_elapsed       | 5430      |
|    total_timesteps    | 626400    |
| train/                |           |
|    d_grad_norm        | 1.01      |
|    entropy_loss       | -1.88     |
|    explained_variance | 0.9952304 |
|    learning_rate      | 0.0098    |
|    n_updates          | 78296     |
|    policy_loss        | -1.39     |
|    std                | 0.288     |
|    u_grad_norm        | 0.0933    |
|    v_grad_norm        | 0.947     |
|    value_loss         | 0.963     |
-------------------------------------
-------------------------------------
| rollout/              |           |
|    ep_len_mean        | 500       |
|    ep_rew_mean        | -1.72e+03 |
| time/                 |           |
|    fps                | 8         |
|    iterations         | 596800    |
|    time_elapsed       | 5431      |
|    total_timesteps    | 637400    |
| train/                |           |
|    d_grad_norm        | 1.06      |
|    entropy_loss       | -3.81     |
|    explained_variance | 0.9997414 |
|    learning_rate      | 0.00979   |
|    n_updates          | 79671     |
|    policy_loss        | -0.396    |
|    std                | 0.415     |
|    u_grad_norm        | 0.0208    |
|    v_grad_norm        | 0.981     |
|    value_loss         | 0.0342    |
-------------------------------------
--------------------------------------
| rollout/              |            |
|    ep_len_mean        | 500        |
|    ep_rew_mean        | -949       |
| time/                 |            |
|    fps                | 8          |
|    iterations         | 616800     |
|    time_elapsed       | 5431       |
|    total_timesteps    | 657400     |
| train/                |            |
|    d_grad_norm        | 0.0067     |
|    entropy_loss       | 0.0386     |
|    explained_variance | -19.730288 |
|    learning_rate      | 0.00977    |
|    n_updates          | 82171      |
|    policy_loss        | -0.000108  |
|    std                | 0.223      |
|    u_grad_norm        | 0.0125     |
|    v_grad_norm        | 0.00133    |
|    value_loss         | 1.28e-07   |
--------------------------------------
------------------------------------------
| rollout/              |                |
|    ep_len_mean        | 500            |
|    ep_rew_mean        | -1.13e+03      |
| time/                 |                |
|    fps                | 8              |
|    iterations         | 483800         |
|    time_elapsed       | 5432           |
|    total_timesteps    | 524400         |
| train/                |                |
|    d_grad_norm        | 1.12           |
|    entropy_loss       | -2.34          |
|    explained_variance | -5.2690506e-05 |
|    learning_rate      | 0.00989        |
|    n_updates          | 65546          |
|    policy_loss        | 0.185          |
|    std                | 0.339          |
|    u_grad_norm        | 0.0046         |
|    v_grad_norm        | 0.872          |
|    value_loss         | 0.0128         |
------------------------------------------
-------------------------------------
| rollout/              |           |
|    ep_len_mean        | 500       |
|    ep_rew_mean        | -1.31e+03 |
| time/                 |           |
|    fps                | 8         |
|    iterations         | 614800    |
|    time_elapsed       | 5434      |
|    total_timesteps    | 655400    |
| train/                |           |
|    d_grad_norm        | 0.00493   |
|    entropy_loss       | -0.119    |
|    explained_variance | 0.3684706 |
|    learning_rate      | 0.00977   |
|    n_updates          | 81921     |
|    policy_loss        | 3.01e-05  |
|    std                | 0.212     |
|    u_grad_norm        | 0.188     |
|    v_grad_norm        | 0.00647   |
|    value_loss         | 1.86e-06  |
-------------------------------------
-------------------------------------
| rollout/              |           |
|    ep_len_mean        | 500       |
|    ep_rew_mean        | -877      |
| time/                 |           |
|    fps                | 8         |
|    iterations         | 601800    |
|    time_elapsed       | 5435      |
|    total_timesteps    | 642400    |
| train/                |           |
|    d_grad_norm        | 0.0536    |
|    entropy_loss       | 0.156     |
|    explained_variance | -0.772843 |
|    learning_rate      | 0.00978   |
|    n_updates          | 80296     |
|    policy_loss        | -0.0017   |
|    std                | 0.349     |
|    u_grad_norm        | 0.688     |
|    v_grad_norm        | 0.0287    |
|    value_loss         | 3.94e-05  |
-------------------------------------
Stopping because gradient norm condition is fulfilled
--------------------------------------
| rollout/              |            |
|    ep_len_mean        | 500        |
|    ep_rew_mean        | -797       |
| time/                 |            |
|    fps                | 8          |
|    iterations         | 585900     |
|    time_elapsed       | 5491       |
|    total_timesteps    | 627200     |
| train/                |            |
|    d_grad_norm        | 0.00374    |
|    entropy_loss       | -0.0914    |
|    explained_variance | 0.16076607 |
|    learning_rate      | 0.0098     |
|    n_updates          | 78396      |
|    policy_loss        | -0.000603  |
|    std                | 0.288      |
|    u_grad_norm        | 0.0502     |
|    v_grad_norm        | 0.00763    |
|    value_loss         | 2.74e-06   |
--------------------------------------
-------------------------------------
| rollout/              |           |
|    ep_len_mean        | 500       |
|    ep_rew_mean        | -935      |
| time/                 |           |
|    fps                | 8         |
|    iterations         | 616900    |
|    time_elapsed       | 5492      |
|    total_timesteps    | 658200    |
| train/                |           |
|    d_grad_norm        | 0.00381   |
|    entropy_loss       | 0.0247    |
|    explained_variance | -75.84564 |
|    learning_rate      | 0.00977   |
|    n_updates          | 82271     |
|    policy_loss        | -0.000206 |
|    std                | 0.223     |
|    u_grad_norm        | 0.0137    |
|    v_grad_norm        | 0.00229   |
|    value_loss         | 3.36e-07  |
-------------------------------------
---------------------------------------
| rollout/              |             |
|    ep_len_mean        | 500         |
|    ep_rew_mean        | -1.77e+03   |
| time/                 |             |
|    fps                | 8           |
|    iterations         | 596900      |
|    time_elapsed       | 5492        |
|    total_timesteps    | 638200      |
| train/                |             |
|    d_grad_norm        | 0.0434      |
|    entropy_loss       | 0.0841      |
|    explained_variance | -0.67800534 |
|    learning_rate      | 0.00979     |
|    n_updates          | 79771       |
|    policy_loss        | -0.000736   |
|    std                | 0.416       |
|    u_grad_norm        | 0.644       |
|    v_grad_norm        | 0.0275      |
|    value_loss         | 3.19e-05    |
---------------------------------------
--------------------------------------
| rollout/              |            |
|    ep_len_mean        | 500        |
|    ep_rew_mean        | -1.13e+03  |
| time/                 |            |
|    fps                | 8          |
|    iterations         | 483900     |
|    time_elapsed       | 5494       |
|    total_timesteps    | 525200     |
| train/                |            |
|    d_grad_norm        | 0.0772     |
|    entropy_loss       | -0.0941    |
|    explained_variance | 0.15544748 |
|    learning_rate      | 0.00989    |
|    n_updates          | 65646      |
|    policy_loss        | -0.00132   |
|    std                | 0.34       |
|    u_grad_norm        | 0.687      |
|    v_grad_norm        | 0.0317     |
|    value_loss         | 3.57e-05   |
--------------------------------------
-------------------------------------
| rollout/              |           |
|    ep_len_mean        | 500       |
|    ep_rew_mean        | -887      |
| time/                 |           |
|    fps                | 8         |
|    iterations         | 601900    |
|    time_elapsed       | 5496      |
|    total_timesteps    | 643200    |
| train/                |           |
|    d_grad_norm        | 0.000869  |
|    entropy_loss       | 0.129     |
|    explained_variance | -6.354027 |
|    learning_rate      | 0.00978   |
|    n_updates          | 80396     |
|    policy_loss        | 0.000116  |
|    std                | 0.348     |
|    u_grad_norm        | 0.0166    |
|    v_grad_norm        | 0.000521  |
|    value_loss         | 1.08e-06  |
-------------------------------------
--------------------------------------
| rollout/              |            |
|    ep_len_mean        | 500        |
|    ep_rew_mean        | -793       |
| time/                 |            |
|    fps                | 8          |
|    iterations         | 586000     |
|    time_elapsed       | 5507       |
|    total_timesteps    | 628000     |
| train/                |            |
|    d_grad_norm        | 0.00124    |
|    entropy_loss       | -0.0871    |
|    explained_variance | -0.5866746 |
|    learning_rate      | 0.00979    |
|    n_updates          | 78496      |
|    policy_loss        | -0.000175  |
|    std                | 0.288      |
|    u_grad_norm        | 0.0144     |
|    v_grad_norm        | 0.0021     |
|    value_loss         | 2.44e-07   |
--------------------------------------
--------------------------------------
| rollout/              |            |
|    ep_len_mean        | 500        |
|    ep_rew_mean        | -924       |
| time/                 |            |
|    fps                | 8          |
|    iterations         | 617000     |
|    time_elapsed       | 5508       |
|    total_timesteps    | 659000     |
| train/                |            |
|    d_grad_norm        | 0.014      |
|    entropy_loss       | 0.0649     |
|    explained_variance | -1.8120217 |
|    learning_rate      | 0.00977    |
|    n_updates          | 82371      |
|    policy_loss        | 1.14e-05   |
|    std                | 0.222      |
|    u_grad_norm        | 0.248      |
|    v_grad_norm        | 0.00903    |
|    value_loss         | 3.05e-06   |
--------------------------------------
-------------------------------------
| rollout/              |           |
|    ep_len_mean        | 500       |
|    ep_rew_mean        | -1.77e+03 |
| time/                 |           |
|    fps                | 8         |
|    iterations         | 597000    |
|    time_elapsed       | 5508      |
|    total_timesteps    | 639000    |
| train/                |           |
|    d_grad_norm        | 0.0258    |
|    entropy_loss       | 0.0707    |
|    explained_variance | 0.4137801 |
|    learning_rate      | 0.00978   |
|    n_updates          | 79871     |
|    policy_loss        | -0.000125 |
|    std                | 0.416     |
|    u_grad_norm        | 0.29      |
|    v_grad_norm        | 0.0126    |
|    value_loss         | 6.52e-06  |
-------------------------------------
--------------------------------------
| rollout/              |            |
|    ep_len_mean        | 500        |
|    ep_rew_mean        | -1.14e+03  |
| time/                 |            |
|    fps                | 8          |
|    iterations         | 484000     |
|    time_elapsed       | 5509       |
|    total_timesteps    | 526000     |
| train/                |            |
|    d_grad_norm        | 0.013      |
|    entropy_loss       | -0.0428    |
|    explained_variance | 0.15153849 |
|    learning_rate      | 0.00989    |
|    n_updates          | 65746      |
|    policy_loss        | 0.000409   |
|    std                | 0.341      |
|    u_grad_norm        | 0.0826     |
|    v_grad_norm        | 0.00467    |
|    value_loss         | 1.39e-06   |
--------------------------------------
--------------------------------------
| rollout/              |            |
|    ep_len_mean        | 500        |
|    ep_rew_mean        | -903       |
| time/                 |            |
|    fps                | 8          |
|    iterations         | 602000     |
|    time_elapsed       | 5511       |
|    total_timesteps    | 644000     |
| train/                |            |
|    d_grad_norm        | 0.0457     |
|    entropy_loss       | 0.133      |
|    explained_variance | -1.1872954 |
|    learning_rate      | 0.00978    |
|    n_updates          | 80496      |
|    policy_loss        | -0.00095   |
|    std                | 0.349      |
|    u_grad_norm        | 0.985      |
|    v_grad_norm        | 0.0218     |
|    value_loss         | 4.11e-05   |
--------------------------------------
---------------------------------------
| rollout/              |             |
|    ep_len_mean        | 500         |
|    ep_rew_mean        | -785        |
| time/                 |             |
|    fps                | 8           |
|    iterations         | 586100      |
|    time_elapsed       | 5568        |
|    total_timesteps    | 628800      |
| train/                |             |
|    d_grad_norm        | 0.00234     |
|    entropy_loss       | -0.0908     |
|    explained_variance | -0.65025234 |
|    learning_rate      | 0.00979     |
|    n_updates          | 78596       |
|    policy_loss        | -0.000119   |
|    std                | 0.288       |
|    u_grad_norm        | 0.00928     |
|    v_grad_norm        | 0.0012      |
|    value_loss         | 8.23e-08    |
---------------------------------------
---------------------------------------
| rollout/              |             |
|    ep_len_mean        | 500         |
|    ep_rew_mean        | -913        |
| time/                 |             |
|    fps                | 8           |
|    iterations         | 617100      |
|    time_elapsed       | 5568        |
|    total_timesteps    | 659800      |
| train/                |             |
|    d_grad_norm        | 0.000836    |
|    entropy_loss       | 0.0416      |
|    explained_variance | -0.38639832 |
|    learning_rate      | 0.00977     |
|    n_updates          | 82471       |
|    policy_loss        | -4.2e-05    |
|    std                | 0.222       |
|    u_grad_norm        | 0.00809     |
|    v_grad_norm        | 0.000523    |
|    value_loss         | 8.14e-09    |
---------------------------------------
--------------------------------------
| rollout/              |            |
|    ep_len_mean        | 500        |
|    ep_rew_mean        | -1.78e+03  |
| time/                 |            |
|    fps                | 8          |
|    iterations         | 597100     |
|    time_elapsed       | 5568       |
|    total_timesteps    | 639800     |
| train/                |            |
|    d_grad_norm        | 0.43       |
|    entropy_loss       | -3.15      |
|    explained_variance | 0.93055874 |
|    learning_rate      | 0.00978    |
|    n_updates          | 79971      |
|    policy_loss        | 0.456      |
|    std                | 0.418      |
|    u_grad_norm        | 0.0406     |
|    v_grad_norm        | 0.917      |
|    value_loss         | 0.023      |
--------------------------------------
--------------------------------------
| rollout/              |            |
|    ep_len_mean        | 500        |
|    ep_rew_mean        | -1.16e+03  |
| time/                 |            |
|    fps                | 8          |
|    iterations         | 484100     |
|    time_elapsed       | 5570       |
|    total_timesteps    | 526800     |
| train/                |            |
|    d_grad_norm        | 0.789      |
|    entropy_loss       | -2.91      |
|    explained_variance | 0.99088126 |
|    learning_rate      | 0.00989    |
|    n_updates          | 65846      |
|    policy_loss        | 3.92       |
|    std                | 0.341      |
|    u_grad_norm        | 0.187      |
|    v_grad_norm        | 0.88       |
|    value_loss         | 1.87       |
--------------------------------------
--------------------------------------
| rollout/              |            |
|    ep_len_mean        | 500        |
|    ep_rew_mean        | -903       |
| time/                 |            |
|    fps                | 8          |
|    iterations         | 602100     |
|    time_elapsed       | 5572       |
|    total_timesteps    | 644800     |
| train/                |            |
|    d_grad_norm        | 0.0217     |
|    entropy_loss       | 0.0749     |
|    explained_variance | 0.43024403 |
|    learning_rate      | 0.00978    |
|    n_updates          | 80596      |
|    policy_loss        | 0.0014     |
|    std                | 0.349      |
|    u_grad_norm        | 0.614      |
|    v_grad_norm        | 0.00912    |
|    value_loss         | 6.22e-06   |
--------------------------------------
--------------------------------------
| rollout/              |            |
|    ep_len_mean        | 500        |
|    ep_rew_mean        | -785       |
| time/                 |            |
|    fps                | 8          |
|    iterations         | 586200     |
|    time_elapsed       | 5628       |
|    total_timesteps    | 629600     |
| train/                |            |
|    d_grad_norm        | 0.0583     |
|    entropy_loss       | -0.172     |
|    explained_variance | 0.85707444 |
|    learning_rate      | 0.00979    |
|    n_updates          | 78696      |
|    policy_loss        | 0.00148    |
|    std                | 0.288      |
|    u_grad_norm        | 0.516      |
|    v_grad_norm        | 0.0541     |
|    value_loss         | 7.82e-05   |
--------------------------------------
--------------------------------------
| rollout/              |            |
|    ep_len_mean        | 500        |
|    ep_rew_mean        | -916       |
| time/                 |            |
|    fps                | 8          |
|    iterations         | 617200     |
|    time_elapsed       | 5629       |
|    total_timesteps    | 660600     |
| train/                |            |
|    d_grad_norm        | 0.00247    |
|    entropy_loss       | 0.047      |
|    explained_variance | 0.21514165 |
|    learning_rate      | 0.00976    |
|    n_updates          | 82571      |
|    policy_loss        | 0.000101   |
|    std                | 0.222      |
|    u_grad_norm        | 0.0133     |
|    v_grad_norm        | 0.00108    |
|    value_loss         | 1.34e-06   |
--------------------------------------
--------------------------------------
| rollout/              |            |
|    ep_len_mean        | 500        |
|    ep_rew_mean        | -1.78e+03  |
| time/                 |            |
|    fps                | 8          |
|    iterations         | 597200     |
|    time_elapsed       | 5629       |
|    total_timesteps    | 640600     |
| train/                |            |
|    d_grad_norm        | 1.06       |
|    entropy_loss       | -2.73      |
|    explained_variance | 0.99910253 |
|    learning_rate      | 0.00978    |
|    n_updates          | 80071      |
|    policy_loss        | 0.505      |
|    std                | 0.418      |
|    u_grad_norm        | 0.0352     |
|    v_grad_norm        | 0.928      |
|    value_loss         | 0.0471     |
--------------------------------------
--------------------------------------
| rollout/              |            |
|    ep_len_mean        | 500        |
|    ep_rew_mean        | -1.2e+03   |
| time/                 |            |
|    fps                | 8          |
|    iterations         | 484200     |
|    time_elapsed       | 5630       |
|    total_timesteps    | 527600     |
| train/                |            |
|    d_grad_norm        | 0.368      |
|    entropy_loss       | -2.32      |
|    explained_variance | 0.99968857 |
|    learning_rate      | 0.00989    |
|    n_updates          | 65946      |
|    policy_loss        | 0.221      |
|    std                | 0.342      |
|    u_grad_norm        | 0.0178     |
|    v_grad_norm        | 0.96       |
|    value_loss         | 0.0348     |
--------------------------------------
--------------------------------------
| rollout/              |            |
|    ep_len_mean        | 500        |
|    ep_rew_mean        | -900       |
| time/                 |            |
|    fps                | 8          |
|    iterations         | 602200     |
|    time_elapsed       | 5632       |
|    total_timesteps    | 645600     |
| train/                |            |
|    d_grad_norm        | 0.886      |
|    entropy_loss       | -1.74      |
|    explained_variance | 0.99706334 |
|    learning_rate      | 0.00978    |
|    n_updates          | 80696      |
|    policy_loss        | 1.69       |
|    std                | 0.348      |
|    u_grad_norm        | 0.225      |
|    v_grad_norm        | 0.887      |
|    value_loss         | 1.73       |
--------------------------------------
Eval num_timesteps=630000, episode_reward=-568.52 +/- 328.65
Episode length: 500.00 +/- 0.00
-------------------------------------
| eval/                 |           |
|    mean_ep_length     | 500       |
|    mean_reward        | -569      |
| time/                 |           |
|    total_timesteps    | 630000    |
| train/                |           |
|    d_grad_norm        | 0.000842  |
|    entropy_loss       | -0.169    |
|    explained_variance | -356.275  |
|    learning_rate      | 0.00979   |
|    n_updates          | 78746     |
|    policy_loss        | -1.65e-05 |
|    std                | 0.288     |
|    u_grad_norm        | 0.0196    |
|    v_grad_norm        | 0.000512  |
|    value_loss         | 4.11e-07  |
-------------------------------------
Eval num_timesteps=661000, episode_reward=-559.04 +/- 338.58
Episode length: 500.00 +/- 0.00
-------------------------------------
| eval/                 |           |
|    mean_ep_length     | 500       |
|    mean_reward        | -559      |
| time/                 |           |
|    total_timesteps    | 661000    |
| train/                |           |
|    d_grad_norm        | 0.00775   |
|    entropy_loss       | 0.104     |
|    explained_variance | 0.8717929 |
|    learning_rate      | 0.00976   |
|    n_updates          | 82621     |
|    policy_loss        | 0.000178  |
|    std                | 0.222     |
|    u_grad_norm        | 0.053     |
|    v_grad_norm        | 0.00305   |
|    value_loss         | 2.68e-07  |
-------------------------------------
Eval num_timesteps=641000, episode_reward=-1324.25 +/- 1703.50
Episode length: 500.00 +/- 0.00
--------------------------------------
| eval/                 |            |
|    mean_ep_length     | 500        |
|    mean_reward        | -1.32e+03  |
| time/                 |            |
|    total_timesteps    | 641000     |
| train/                |            |
|    d_grad_norm        | 1.12       |
|    entropy_loss       | -3.21      |
|    explained_variance | 0.97417563 |
|    learning_rate      | 0.00978    |
|    n_updates          | 80121      |
|    policy_loss        | -0.863     |
|    std                | 0.418      |
|    u_grad_norm        | 0.0125     |
|    v_grad_norm        | 0.949      |
|    value_loss         | 0.13       |
--------------------------------------
Eval num_timesteps=528000, episode_reward=-634.34 +/- 780.74
Episode length: 500.00 +/- 0.00
---------------------------------------
| eval/                 |             |
|    mean_ep_length     | 500         |
|    mean_reward        | -634        |
| time/                 |             |
|    total_timesteps    | 528000      |
| train/                |             |
|    d_grad_norm        | 0.0361      |
|    entropy_loss       | -0.0602     |
|    explained_variance | -0.32784736 |
|    learning_rate      | 0.00989     |
|    n_updates          | 65996       |
|    policy_loss        | 0.000385    |
|    std                | 0.342       |
|    u_grad_norm        | 0.484       |
|    v_grad_norm        | 0.00831     |
|    value_loss         | 5.16e-06    |
---------------------------------------
Eval num_timesteps=646000, episode_reward=-376.29 +/- 287.39
Episode length: 500.00 +/- 0.00
---------------------------------------
| eval/                 |             |
|    mean_ep_length     | 500         |
|    mean_reward        | -376        |
| time/                 |             |
|    total_timesteps    | 646000      |
| train/                |             |
|    d_grad_norm        | 0.0295      |
|    entropy_loss       | 0.17        |
|    explained_variance | -0.14779067 |
|    learning_rate      | 0.00978     |
|    n_updates          | 80746       |
|    policy_loss        | -0.000932   |
|    std                | 0.346       |
|    u_grad_norm        | 0.126       |
|    v_grad_norm        | 0.00719     |
|    value_loss         | 3.38e-06    |
---------------------------------------
--------------------------------------
| rollout/              |            |
|    ep_len_mean        | 500        |
|    ep_rew_mean        | -784       |
| time/                 |            |
|    fps                | 8          |
|    iterations         | 586300     |
|    time_elapsed       | 5958       |
|    total_timesteps    | 630400     |
| train/                |            |
|    d_grad_norm        | 0.0167     |
|    entropy_loss       | -0.134     |
|    explained_variance | -2.6092603 |
|    learning_rate      | 0.00979    |
|    n_updates          | 78796      |
|    policy_loss        | 0.000268   |
|    std                | 0.288      |
|    u_grad_norm        | 0.00792    |
|    v_grad_norm        | 0.00331    |
|    value_loss         | 6.99e-07   |
--------------------------------------
--------------------------------------
| rollout/              |            |
|    ep_len_mean        | 500        |
|    ep_rew_mean        | -908       |
| time/                 |            |
|    fps                | 8          |
|    iterations         | 617300     |
|    time_elapsed       | 5959       |
|    total_timesteps    | 661400     |
| train/                |            |
|    d_grad_norm        | 0.0325     |
|    entropy_loss       | 0.0313     |
|    explained_variance | -10.736008 |
|    learning_rate      | 0.00976    |
|    n_updates          | 82671      |
|    policy_loss        | -0.000261  |
|    std                | 0.221      |
|    u_grad_norm        | 0.317      |
|    v_grad_norm        | 0.0109     |
|    value_loss         | 5.79e-06   |
--------------------------------------
New best mean reward!
-------------------------------------
| rollout/              |           |
|    ep_len_mean        | 500       |
|    ep_rew_mean        | -1.81e+03 |
| time/                 |           |
|    fps                | 8         |
|    iterations         | 597300    |
|    time_elapsed       | 5959      |
|    total_timesteps    | 641400    |
| train/                |           |
|    d_grad_norm        | 0.49      |
|    entropy_loss       | -3.35     |
|    explained_variance | 0.9864544 |
|    learning_rate      | 0.00978   |
|    n_updates          | 80171     |
|    policy_loss        | -0.133    |
|    std                | 0.416     |
|    u_grad_norm        | 0.0178    |
|    v_grad_norm        | 0.918     |
|    value_loss         | 0.0635    |
-------------------------------------
---------------------------------------
| rollout/              |             |
|    ep_len_mean        | 500         |
|    ep_rew_mean        | -1.21e+03   |
| time/                 |             |
|    fps                | 8           |
|    iterations         | 484300      |
|    time_elapsed       | 5960        |
|    total_timesteps    | 528400      |
| train/                |             |
|    d_grad_norm        | 0.0327      |
|    entropy_loss       | -0.0575     |
|    explained_variance | -0.13043451 |
|    learning_rate      | 0.00989     |
|    n_updates          | 66046       |
|    policy_loss        | -0.000512   |
|    std                | 0.342       |
|    u_grad_norm        | 0.125       |
|    v_grad_norm        | 0.00547     |
|    value_loss         | 2.2e-06     |
---------------------------------------
New best mean reward!
---------------------------------------
| rollout/              |             |
|    ep_len_mean        | 500         |
|    ep_rew_mean        | -902        |
| time/                 |             |
|    fps                | 8           |
|    iterations         | 602300      |
|    time_elapsed       | 5962        |
|    total_timesteps    | 646400      |
| train/                |             |
|    d_grad_norm        | 0.0246      |
|    entropy_loss       | 0.184       |
|    explained_variance | -0.02033329 |
|    learning_rate      | 0.00978     |
|    n_updates          | 80796       |
|    policy_loss        | -0.00139    |
|    std                | 0.345       |
|    u_grad_norm        | 0.0861      |
|    v_grad_norm        | 0.00892     |
|    value_loss         | 5.02e-06    |
---------------------------------------
--------------------------------------
| rollout/              |            |
|    ep_len_mean        | 500        |
|    ep_rew_mean        | -763       |
| time/                 |            |
|    fps                | 8          |
|    iterations         | 586400     |
|    time_elapsed       | 6019       |
|    total_timesteps    | 631200     |
| train/                |            |
|    d_grad_norm        | 0.0848     |
|    entropy_loss       | -0.195     |
|    explained_variance | 0.38228965 |
|    learning_rate      | 0.00979    |
|    n_updates          | 78896      |
|    policy_loss        | 0.00156    |
|    std                | 0.288      |
|    u_grad_norm        | 0.617      |
|    v_grad_norm        | 0.0182     |
|    value_loss         | 1.53e-05   |
--------------------------------------
---------------------------------------
| rollout/              |             |
|    ep_len_mean        | 500         |
|    ep_rew_mean        | -897        |
| time/                 |             |
|    fps                | 8           |
|    iterations         | 617400      |
|    time_elapsed       | 6019        |
|    total_timesteps    | 662200      |
| train/                |             |
|    d_grad_norm        | 0.0962      |
|    entropy_loss       | 0.000543    |
|    explained_variance | -0.75063014 |
|    learning_rate      | 0.00976     |
|    n_updates          | 82771       |
|    policy_loss        | 0.00192     |
|    std                | 0.22        |
|    u_grad_norm        | 0.978       |
|    v_grad_norm        | 0.0254      |
|    value_loss         | 3.64e-05    |
---------------------------------------
-------------------------------------
| rollout/              |           |
|    ep_len_mean        | 500       |
|    ep_rew_mean        | -1.84e+03 |
| time/                 |           |
|    fps                | 8         |
|    iterations         | 597400    |
|    time_elapsed       | 6020      |
|    total_timesteps    | 642200    |
| train/                |           |
|    d_grad_norm        | 0.022     |
|    entropy_loss       | -0.0247   |
|    explained_variance | 0.9317807 |
|    learning_rate      | 0.00978   |
|    n_updates          | 80271     |
|    policy_loss        | -0.000213 |
|    std                | 0.415     |
|    u_grad_norm        | 0.119     |
|    v_grad_norm        | 0.00604   |
|    value_loss         | 1.89e-06  |
-------------------------------------
--------------------------------------
| rollout/              |            |
|    ep_len_mean        | 500        |
|    ep_rew_mean        | -1.17e+03  |
| time/                 |            |
|    fps                | 8          |
|    iterations         | 484400     |
|    time_elapsed       | 6021       |
|    total_timesteps    | 529200     |
| train/                |            |
|    d_grad_norm        | 0.0646     |
|    entropy_loss       | -0.222     |
|    explained_variance | -0.3637396 |
|    learning_rate      | 0.00989    |
|    n_updates          | 66146      |
|    policy_loss        | 0.00157    |
|    std                | 0.342      |
|    u_grad_norm        | 0.643      |
|    v_grad_norm        | 0.0113     |
|    value_loss         | 9.09e-06   |
--------------------------------------
--------------------------------------
| rollout/              |            |
|    ep_len_mean        | 500        |
|    ep_rew_mean        | -901       |
| time/                 |            |
|    fps                | 8          |
|    iterations         | 602400     |
|    time_elapsed       | 6023       |
|    total_timesteps    | 647200     |
| train/                |            |
|    d_grad_norm        | 0.0181     |
|    entropy_loss       | -0.257     |
|    explained_variance | -3.4200401 |
|    learning_rate      | 0.00978    |
|    n_updates          | 80896      |
|    policy_loss        | 0.00301    |
|    std                | 0.345      |
|    u_grad_norm        | 0.0566     |
|    v_grad_norm        | 0.00457    |
|    value_loss         | 6.13e-05   |
--------------------------------------
--------------------------------------
| rollout/              |            |
|    ep_len_mean        | 500        |
|    ep_rew_mean        | -766       |
| time/                 |            |
|    fps                | 8          |
|    iterations         | 586500     |
|    time_elapsed       | 6034       |
|    total_timesteps    | 632000     |
| train/                |            |
|    d_grad_norm        | 0.00571    |
|    entropy_loss       | -0.122     |
|    explained_variance | 0.48746628 |
|    learning_rate      | 0.00979    |
|    n_updates          | 78996      |
|    policy_loss        | -8.62e-05  |
|    std                | 0.288      |
|    u_grad_norm        | 0.00731    |
|    v_grad_norm        | 0.0011     |
|    value_loss         | 9.51e-08   |
--------------------------------------
--------------------------------------
| rollout/              |            |
|    ep_len_mean        | 500        |
|    ep_rew_mean        | -898       |
| time/                 |            |
|    fps                | 8          |
|    iterations         | 617500     |
|    time_elapsed       | 6035       |
|    total_timesteps    | 663000     |
| train/                |            |
|    d_grad_norm        | 0.00232    |
|    entropy_loss       | 0.0534     |
|    explained_variance | -10.403828 |
|    learning_rate      | 0.00976    |
|    n_updates          | 82871      |
|    policy_loss        | 7.16e-05   |
|    std                | 0.219      |
|    u_grad_norm        | 0.00732    |
|    v_grad_norm        | 0.000579   |
|    value_loss         | 1.6e-07    |
--------------------------------------
--------------------------------------
| rollout/              |            |
|    ep_len_mean        | 500        |
|    ep_rew_mean        | -1.84e+03  |
| time/                 |            |
|    fps                | 8          |
|    iterations         | 597500     |
|    time_elapsed       | 6035       |
|    total_timesteps    | 643000     |
| train/                |            |
|    d_grad_norm        | 0.019      |
|    entropy_loss       | 0.108      |
|    explained_variance | -6.0917945 |
|    learning_rate      | 0.00978    |
|    n_updates          | 80371      |
|    policy_loss        | -0.000503  |
|    std                | 0.415      |
|    u_grad_norm        | 0.0891     |
|    v_grad_norm        | 0.00478    |
|    value_loss         | 1.37e-06   |
--------------------------------------
--------------------------------------
| rollout/              |            |
|    ep_len_mean        | 500        |
|    ep_rew_mean        | -1.17e+03  |
| time/                 |            |
|    fps                | 8          |
|    iterations         | 484500     |
|    time_elapsed       | 6036       |
|    total_timesteps    | 530000     |
| train/                |            |
|    d_grad_norm        | 0.0789     |
|    entropy_loss       | -0.15      |
|    explained_variance | -2.3923247 |
|    learning_rate      | 0.00989    |
|    n_updates          | 66246      |
|    policy_loss        | 0.000127   |
|    std                | 0.343      |
|    u_grad_norm        | 0.31       |
|    v_grad_norm        | 0.0141     |
|    value_loss         | 1.4e-05    |
--------------------------------------
-------------------------------------
| rollout/              |           |
|    ep_len_mean        | 500       |
|    ep_rew_mean        | -899      |
| time/                 |           |
|    fps                | 8         |
|    iterations         | 602500    |
|    time_elapsed       | 6038      |
|    total_timesteps    | 648000    |
| train/                |           |
|    d_grad_norm        | 1.13      |
|    entropy_loss       | -1.36     |
|    explained_variance | -8.223507 |
|    learning_rate      | 0.00978   |
|    n_updates          | 80996     |
|    policy_loss        | 0.853     |
|    std                | 0.347     |
|    u_grad_norm        | 0.0457    |
|    v_grad_norm        | 0.947     |
|    value_loss         | 0.872     |
-------------------------------------
--------------------------------------
| rollout/              |            |
|    ep_len_mean        | 500        |
|    ep_rew_mean        | -767       |
| time/                 |            |
|    fps                | 8          |
|    iterations         | 586600     |
|    time_elapsed       | 6091       |
|    total_timesteps    | 632800     |
| train/                |            |
|    d_grad_norm        | 0.052      |
|    entropy_loss       | -0.08      |
|    explained_variance | 0.07201135 |
|    learning_rate      | 0.00979    |
|    n_updates          | 79096      |
|    policy_loss        | -0.00118   |
|    std                | 0.288      |
|    u_grad_norm        | 0.355      |
|    v_grad_norm        | 0.0235     |
|    value_loss         | 2.1e-05    |
--------------------------------------
----------------------------------------
| rollout/              |              |
|    ep_len_mean        | 500          |
|    ep_rew_mean        | -903         |
| time/                 |              |
|    fps                | 8            |
|    iterations         | 617600       |
|    time_elapsed       | 6092         |
|    total_timesteps    | 663800       |
| train/                |              |
|    d_grad_norm        | 0.0253       |
|    entropy_loss       | 0.0973       |
|    explained_variance | -0.000882864 |
|    learning_rate      | 0.00976      |
|    n_updates          | 82971        |
|    policy_loss        | -0.000505    |
|    std                | 0.219        |
|    u_grad_norm        | 0.339        |
|    v_grad_norm        | 0.0138       |
|    value_loss         | 5.68e-06     |
----------------------------------------
---------------------------------------
| rollout/              |             |
|    ep_len_mean        | 500         |
|    ep_rew_mean        | -1.85e+03   |
| time/                 |             |
|    fps                | 8           |
|    iterations         | 597600      |
|    time_elapsed       | 6092        |
|    total_timesteps    | 643800      |
| train/                |             |
|    d_grad_norm        | 0.0426      |
|    entropy_loss       | 0.118       |
|    explained_variance | -0.10336959 |
|    learning_rate      | 0.00978     |
|    n_updates          | 80471       |
|    policy_loss        | -0.000895   |
|    std                | 0.416       |
|    u_grad_norm        | 0.437       |
|    v_grad_norm        | 0.0166      |
|    value_loss         | 1.52e-05    |
---------------------------------------
-------------------------------------
| rollout/              |           |
|    ep_len_mean        | 500       |
|    ep_rew_mean        | -1.17e+03 |
| time/                 |           |
|    fps                | 8         |
|    iterations         | 484600    |
|    time_elapsed       | 6093      |
|    total_timesteps    | 530800    |
| train/                |           |
|    d_grad_norm        | 0.00516   |
|    entropy_loss       | -0.0587   |
|    explained_variance | 0.1339826 |
|    learning_rate      | 0.00989   |
|    n_updates          | 66346     |
|    policy_loss        | 0.000191  |
|    std                | 0.341     |
|    u_grad_norm        | 0.135     |
|    v_grad_norm        | 0.00208   |
|    value_loss         | 4.09e-07  |
-------------------------------------
--------------------------------------
| rollout/              |            |
|    ep_len_mean        | 500        |
|    ep_rew_mean        | -890       |
| time/                 |            |
|    fps                | 8          |
|    iterations         | 602600     |
|    time_elapsed       | 6095       |
|    total_timesteps    | 648800     |
| train/                |            |
|    d_grad_norm        | 0.00933    |
|    entropy_loss       | 0.0987     |
|    explained_variance | 0.56489193 |
|    learning_rate      | 0.00978    |
|    n_updates          | 81096      |
|    policy_loss        | -0.000334  |
|    std                | 0.348      |
|    u_grad_norm        | 0.0682     |
|    v_grad_norm        | 0.00368    |
|    value_loss         | 7.97e-07   |
--------------------------------------
--------------------------------------
| rollout/              |            |
|    ep_len_mean        | 500        |
|    ep_rew_mean        | -791       |
| time/                 |            |
|    fps                | 8          |
|    iterations         | 586700     |
|    time_elapsed       | 6147       |
|    total_timesteps    | 633600     |
| train/                |            |
|    d_grad_norm        | 0.000714   |
|    entropy_loss       | -0.0842    |
|    explained_variance | 0.10809106 |
|    learning_rate      | 0.00979    |
|    n_updates          | 79196      |
|    policy_loss        | -0.000941  |
|    std                | 0.289      |
|    u_grad_norm        | 0.0223     |
|    v_grad_norm        | 0.0115     |
|    value_loss         | 5.78e-06   |
--------------------------------------
-------------------------------------
| rollout/              |           |
|    ep_len_mean        | 500       |
|    ep_rew_mean        | -903      |
| time/                 |           |
|    fps                | 8         |
|    iterations         | 617700    |
|    time_elapsed       | 6147      |
|    total_timesteps    | 664600    |
| train/                |           |
|    d_grad_norm        | 0.82      |
|    entropy_loss       | -1.88     |
|    explained_variance | 0.9912954 |
|    learning_rate      | 0.00976   |
|    n_updates          | 83071     |
|    policy_loss        | -5.22     |
|    std                | 0.219     |
|    u_grad_norm        | 0.011     |
|    v_grad_norm        | 0.94      |
|    value_loss         | 14.8      |
-------------------------------------
--------------------------------------
| rollout/              |            |
|    ep_len_mean        | 500        |
|    ep_rew_mean        | -1.86e+03  |
| time/                 |            |
|    fps                | 8          |
|    iterations         | 597700     |
|    time_elapsed       | 6148       |
|    total_timesteps    | 644600     |
| train/                |            |
|    d_grad_norm        | 1.16       |
|    entropy_loss       | -3.17      |
|    explained_variance | 0.89209837 |
|    learning_rate      | 0.00978    |
|    n_updates          | 80571      |
|    policy_loss        | 2.83       |
|    std                | 0.416      |
|    u_grad_norm        | 0.0104     |
|    v_grad_norm        | 0.919      |
|    value_loss         | 1.18       |
--------------------------------------
--------------------------------------
| rollout/              |            |
|    ep_len_mean        | 500        |
|    ep_rew_mean        | -1.16e+03  |
| time/                 |            |
|    fps                | 8          |
|    iterations         | 484700     |
|    time_elapsed       | 6149       |
|    total_timesteps    | 531600     |
| train/                |            |
|    d_grad_norm        | 0.857      |
|    entropy_loss       | -2.73      |
|    explained_variance | 0.95531267 |
|    learning_rate      | 0.00988    |
|    n_updates          | 66446      |
|    policy_loss        | -6.42      |
|    std                | 0.341      |
|    u_grad_norm        | 0.0628     |
|    v_grad_norm        | 0.924      |
|    value_loss         | 10.7       |
--------------------------------------
---------------------------------------
| rollout/              |             |
|    ep_len_mean        | 500         |
|    ep_rew_mean        | -918        |
| time/                 |             |
|    fps                | 8           |
|    iterations         | 602700      |
|    time_elapsed       | 6150        |
|    total_timesteps    | 649600      |
| train/                |             |
|    d_grad_norm        | 0.00253     |
|    entropy_loss       | 0.177       |
|    explained_variance | -0.03687668 |
|    learning_rate      | 0.00977     |
|    n_updates          | 81196       |
|    policy_loss        | -0.00505    |
|    std                | 0.347       |
|    u_grad_norm        | 0.341       |
|    v_grad_norm        | 0.0336      |
|    value_loss         | 7.07e-05    |
---------------------------------------
Stopping because gradient norm condition is fulfilled
--------------------------------------
| rollout/              |            |
|    ep_len_mean        | 500        |
|    ep_rew_mean        | -916       |
| time/                 |            |
|    fps                | 8          |
|    iterations         | 617800     |
|    time_elapsed       | 6200       |
|    total_timesteps    | 665400     |
| train/                |            |
|    d_grad_norm        | 0.00417    |
|    entropy_loss       | -0.0126    |
|    explained_variance | 0.05258286 |
|    learning_rate      | 0.00976    |
|    n_updates          | 83171      |
|    policy_loss        | 2.5e-05    |
|    std                | 0.218      |
|    u_grad_norm        | 0.059      |
|    v_grad_norm        | 0.00248    |
|    value_loss         | 2.99e-07   |
--------------------------------------
--------------------------------------
| rollout/              |            |
|    ep_len_mean        | 500        |
|    ep_rew_mean        | -1.9e+03   |
| time/                 |            |
|    fps                | 8          |
|    iterations         | 597800     |
|    time_elapsed       | 6200       |
|    total_timesteps    | 645400     |
| train/                |            |
|    d_grad_norm        | 0.0207     |
|    entropy_loss       | 0.116      |
|    explained_variance | -2.3155274 |
|    learning_rate      | 0.00978    |
|    n_updates          | 80671      |
|    policy_loss        | 0.000332   |
|    std                | 0.416      |
|    u_grad_norm        | 0.0543     |
|    v_grad_norm        | 0.00284    |
|    value_loss         | 2.49e-06   |
--------------------------------------
-------------------------------------
| rollout/              |           |
|    ep_len_mean        | 500       |
|    ep_rew_mean        | -1.18e+03 |
| time/                 |           |
|    fps                | 8         |
|    iterations         | 484800    |
|    time_elapsed       | 6201      |
|    total_timesteps    | 532400    |
| train/                |           |
|    d_grad_norm        | 0.977     |
|    entropy_loss       | -2.71     |
|    explained_variance | 0.9996039 |
|    learning_rate      | 0.00988   |
|    n_updates          | 66546     |
|    policy_loss        | 1.13      |
|    std                | 0.34      |
|    u_grad_norm        | 0.0566    |
|    v_grad_norm        | 0.965     |
|    value_loss         | 0.194     |
-------------------------------------
-------------------------------------
| rollout/              |           |
|    ep_len_mean        | 500       |
|    ep_rew_mean        | -915      |
| time/                 |           |
|    fps                | 8         |
|    iterations         | 602800    |
|    time_elapsed       | 6202      |
|    total_timesteps    | 650400    |
| train/                |           |
|    d_grad_norm        | 0.00261   |
|    entropy_loss       | 0.201     |
|    explained_variance | -9.934221 |
|    learning_rate      | 0.00977   |
|    n_updates          | 81296     |
|    policy_loss        | 9.34e-06  |
|    std                | 0.347     |
|    u_grad_norm        | 0.0534    |
|    v_grad_norm        | 0.00164   |
|    value_loss         | 5e-06     |
-------------------------------------
-------------------------------------
| rollout/              |           |
|    ep_len_mean        | 500       |
|    ep_rew_mean        | -923      |
| time/                 |           |
|    fps                | 8         |
|    iterations         | 617900    |
|    time_elapsed       | 6255      |
|    total_timesteps    | 666200    |
| train/                |           |
|    d_grad_norm        | 0.000749  |
|    entropy_loss       | -0.0498   |
|    explained_variance | 0.5049815 |
|    learning_rate      | 0.00976   |
|    n_updates          | 83271     |
|    policy_loss        | -0.000114 |
|    std                | 0.217     |
|    u_grad_norm        | 0.0663    |
|    v_grad_norm        | 0.00361   |
|    value_loss         | 4.08e-07  |
-------------------------------------
--------------------------------------
| rollout/              |            |
|    ep_len_mean        | 500        |
|    ep_rew_mean        | -1.89e+03  |
| time/                 |            |
|    fps                | 8          |
|    iterations         | 597900     |
|    time_elapsed       | 6255       |
|    total_timesteps    | 646200     |
| train/                |            |
|    d_grad_norm        | 0.0117     |
|    entropy_loss       | -2.99      |
|    explained_variance | 0.99833745 |
|    learning_rate      | 0.00978    |
|    n_updates          | 80771      |
|    policy_loss        | 0.00873    |
|    std                | 0.416      |
|    u_grad_norm        | 0.00419    |
|    v_grad_norm        | 0.932      |
|    value_loss         | 0.000763   |
--------------------------------------
--------------------------------------
| rollout/              |            |
|    ep_len_mean        | 500        |
|    ep_rew_mean        | -1.2e+03   |
| time/                 |            |
|    fps                | 8          |
|    iterations         | 484900     |
|    time_elapsed       | 6256       |
|    total_timesteps    | 533200     |
| train/                |            |
|    d_grad_norm        | 0.00143    |
|    entropy_loss       | -0.00034   |
|    explained_variance | -1.5948236 |
|    learning_rate      | 0.00988    |
|    n_updates          | 66646      |
|    policy_loss        | -0.000881  |
|    std                | 0.34       |
|    u_grad_norm        | 0.0842     |
|    v_grad_norm        | 0.0082     |
|    value_loss         | 4.46e-06   |
--------------------------------------
--------------------------------------
| rollout/              |            |
|    ep_len_mean        | 500        |
|    ep_rew_mean        | -879       |
| time/                 |            |
|    fps                | 8          |
|    iterations         | 602900     |
|    time_elapsed       | 6257       |
|    total_timesteps    | 651200     |
| train/                |            |
|    d_grad_norm        | 0.00942    |
|    entropy_loss       | 0.117      |
|    explained_variance | -1.9095271 |
|    learning_rate      | 0.00977    |
|    n_updates          | 81396      |
|    policy_loss        | -0.00159   |
|    std                | 0.347      |
|    u_grad_norm        | 0.819      |
|    v_grad_norm        | 0.0394     |
|    value_loss         | 5.14e-05   |
--------------------------------------
--------------------------------------
| rollout/              |            |
|    ep_len_mean        | 500        |
|    ep_rew_mean        | -922       |
| time/                 |            |
|    fps                | 8          |
|    iterations         | 618000     |
|    time_elapsed       | 6269       |
|    total_timesteps    | 667000     |
| train/                |            |
|    d_grad_norm        | 0.000402   |
|    entropy_loss       | -0.0247    |
|    explained_variance | -6.3728294 |
|    learning_rate      | 0.00976    |
|    n_updates          | 83371      |
|    policy_loss        | -3.37e-05  |
|    std                | 0.218      |
|    u_grad_norm        | 0.00231    |
|    v_grad_norm        | 0.000587   |
|    value_loss         | 2.04e-07   |
--------------------------------------
-------------------------------------
| rollout/              |           |
|    ep_len_mean        | 500       |
|    ep_rew_mean        | -1.92e+03 |
| time/                 |           |
|    fps                | 8         |
|    iterations         | 598000    |
|    time_elapsed       | 6269      |
|    total_timesteps    | 647000    |
| train/                |           |
|    d_grad_norm        | 0.000156  |
|    entropy_loss       | 0.0954    |
|    explained_variance | -4.91575  |
|    learning_rate      | 0.00978   |
|    n_updates          | 80871     |
|    policy_loss        | 4.38e-05  |
|    std                | 0.417     |
|    u_grad_norm        | 0.0124    |
|    v_grad_norm        | 0.000423  |
|    value_loss         | 2.46e-08  |
-------------------------------------
---------------------------------------
| rollout/              |             |
|    ep_len_mean        | 500         |
|    ep_rew_mean        | -1.18e+03   |
| time/                 |             |
|    fps                | 8           |
|    iterations         | 485000      |
|    time_elapsed       | 6270        |
|    total_timesteps    | 534000      |
| train/                |             |
|    d_grad_norm        | 0.000626    |
|    entropy_loss       | 0.00987     |
|    explained_variance | 0.017946362 |
|    learning_rate      | 0.00988     |
|    n_updates          | 66746       |
|    policy_loss        | -0.000403   |
|    std                | 0.339       |
|    u_grad_norm        | 0.0489      |
|    v_grad_norm        | 0.00364     |
|    value_loss         | 9.45e-07    |
---------------------------------------
-------------------------------------
| rollout/              |           |
|    ep_len_mean        | 500       |
|    ep_rew_mean        | -900      |
| time/                 |           |
|    fps                | 8         |
|    iterations         | 603000    |
|    time_elapsed       | 6272      |
|    total_timesteps    | 652000    |
| train/                |           |
|    d_grad_norm        | 0.716     |
|    entropy_loss       | -1.85     |
|    explained_variance | 0.9990394 |
|    learning_rate      | 0.00977   |
|    n_updates          | 81496     |
|    policy_loss        | 0.556     |
|    std                | 0.347     |
|    u_grad_norm        | 0.0703    |
|    v_grad_norm        | 0.906     |
|    value_loss         | 0.196     |
-------------------------------------
-------------------------------------
| rollout/              |           |
|    ep_len_mean        | 500       |
|    ep_rew_mean        | -911      |
| time/                 |           |
|    fps                | 8         |
|    iterations         | 618100    |
|    time_elapsed       | 6324      |
|    total_timesteps    | 667800    |
| train/                |           |
|    d_grad_norm        | 0.00739   |
|    entropy_loss       | 0.0602    |
|    explained_variance | -9.467346 |
|    learning_rate      | 0.00976   |
|    n_updates          | 83471     |
|    policy_loss        | 0.000392  |
|    std                | 0.218     |
|    u_grad_norm        | 0.0234    |
|    v_grad_norm        | 0.00463   |
|    value_loss         | 1.09e-06  |
-------------------------------------
---------------------------------------
| rollout/              |             |
|    ep_len_mean        | 500         |
|    ep_rew_mean        | -1.91e+03   |
| time/                 |             |
|    fps                | 8           |
|    iterations         | 598100      |
|    time_elapsed       | 6324        |
|    total_timesteps    | 647800      |
| train/                |             |
|    d_grad_norm        | 0.00578     |
|    entropy_loss       | 0.121       |
|    explained_variance | -0.23170364 |
|    learning_rate      | 0.00978     |
|    n_updates          | 80971       |
|    policy_loss        | 0.000433    |
|    std                | 0.416       |
|    u_grad_norm        | 0.00142     |
|    v_grad_norm        | 0.00291     |
|    value_loss         | 5.92e-07    |
---------------------------------------
--------------------------------------
| rollout/              |            |
|    ep_len_mean        | 500        |
|    ep_rew_mean        | -1.19e+03  |
| time/                 |            |
|    fps                | 8          |
|    iterations         | 485100     |
|    time_elapsed       | 6325       |
|    total_timesteps    | 534800     |
| train/                |            |
|    d_grad_norm        | 0.872      |
|    entropy_loss       | -2.72      |
|    explained_variance | 0.99966663 |
|    learning_rate      | 0.00988    |
|    n_updates          | 66846      |
|    policy_loss        | 0.721      |
|    std                | 0.34       |
|    u_grad_norm        | 0.00565    |
|    v_grad_norm        | 0.965      |
|    value_loss         | 0.117      |
--------------------------------------
--------------------------------------
| rollout/              |            |
|    ep_len_mean        | 500        |
|    ep_rew_mean        | -909       |
| time/                 |            |
|    fps                | 8          |
|    iterations         | 603100     |
|    time_elapsed       | 6327       |
|    total_timesteps    | 652800     |
| train/                |            |
|    d_grad_norm        | 0.00185    |
|    entropy_loss       | 0.133      |
|    explained_variance | 0.94045603 |
|    learning_rate      | 0.00977    |
|    n_updates          | 81596      |
|    policy_loss        | 6.4e-05    |
|    std                | 0.346      |
|    u_grad_norm        | 0.0331     |
|    v_grad_norm        | 0.00127    |
|    value_loss         | 8.07e-08   |
--------------------------------------
---------------------------------------
| rollout/              |             |
|    ep_len_mean        | 500         |
|    ep_rew_mean        | -879        |
| time/                 |             |
|    fps                | 9           |
|    iterations         | 618200      |
|    time_elapsed       | 6380        |
|    total_timesteps    | 668600      |
| train/                |             |
|    d_grad_norm        | 0.0344      |
|    entropy_loss       | 0.11        |
|    explained_variance | -0.10337436 |
|    learning_rate      | 0.00976     |
|    n_updates          | 83571       |
|    policy_loss        | -0.00029    |
|    std                | 0.218       |
|    u_grad_norm        | 0.593       |
|    v_grad_norm        | 0.021       |
|    value_loss         | 1.45e-05    |
---------------------------------------
--------------------------------------
| rollout/              |            |
|    ep_len_mean        | 500        |
|    ep_rew_mean        | -1.9e+03   |
| time/                 |            |
|    fps                | 9          |
|    iterations         | 598200     |
|    time_elapsed       | 6380       |
|    total_timesteps    | 648600     |
| train/                |            |
|    d_grad_norm        | 0.00728    |
|    entropy_loss       | 0.0837     |
|    explained_variance | 0.75797665 |
|    learning_rate      | 0.00978    |
|    n_updates          | 81071      |
|    policy_loss        | 0.00129    |
|    std                | 0.417      |
|    u_grad_norm        | 0.19       |
|    v_grad_norm        | 0.00255    |
|    value_loss         | 6.72e-07   |
--------------------------------------
--------------------------------------
| rollout/              |            |
|    ep_len_mean        | 500        |
|    ep_rew_mean        | -1.21e+03  |
| time/                 |            |
|    fps                | 9          |
|    iterations         | 485200     |
|    time_elapsed       | 6381       |
|    total_timesteps    | 535600     |
| train/                |            |
|    d_grad_norm        | 0.00548    |
|    entropy_loss       | 0.0398     |
|    explained_variance | 0.27268595 |
|    learning_rate      | 0.00988    |
|    n_updates          | 66946      |
|    policy_loss        | 0.000337   |
|    std                | 0.341      |
|    u_grad_norm        | 0.00804    |
|    v_grad_norm        | 0.00284    |
|    value_loss         | 5.6e-07    |
--------------------------------------
--------------------------------------
| rollout/              |            |
|    ep_len_mean        | 500        |
|    ep_rew_mean        | -884       |
| time/                 |            |
|    fps                | 9          |
|    iterations         | 603200     |
|    time_elapsed       | 6382       |
|    total_timesteps    | 653600     |
| train/                |            |
|    d_grad_norm        | 0.0516     |
|    entropy_loss       | 0.0999     |
|    explained_variance | -5.3094087 |
|    learning_rate      | 0.00977    |
|    n_updates          | 81696      |
|    policy_loss        | 9.08e-05   |
|    std                | 0.347      |
|    u_grad_norm        | 0.762      |
|    v_grad_norm        | 0.0221     |
|    value_loss         | 2.48e-05   |
--------------------------------------
--------------------------------------
| rollout/              |            |
|    ep_len_mean        | 500        |
|    ep_rew_mean        | -874       |
| time/                 |            |
|    fps                | 9          |
|    iterations         | 618300     |
|    time_elapsed       | 6435       |
|    total_timesteps    | 669400     |
| train/                |            |
|    d_grad_norm        | 1.07       |
|    entropy_loss       | -2.09      |
|    explained_variance | 0.99988467 |
|    learning_rate      | 0.00976    |
|    n_updates          | 83671      |
|    policy_loss        | -0.218     |
|    std                | 0.219      |
|    u_grad_norm        | 0.0428     |
|    v_grad_norm        | 0.958      |
|    value_loss         | 0.023      |
--------------------------------------
--------------------------------------
| rollout/              |            |
|    ep_len_mean        | 500        |
|    ep_rew_mean        | -1.9e+03   |
| time/                 |            |
|    fps                | 9          |
|    iterations         | 598300     |
|    time_elapsed       | 6436       |
|    total_timesteps    | 649400     |
| train/                |            |
|    d_grad_norm        | 1.01       |
|    entropy_loss       | -3.49      |
|    explained_variance | 0.99540573 |
|    learning_rate      | 0.00977    |
|    n_updates          | 81171      |
|    policy_loss        | -2.8       |
|    std                | 0.417      |
|    u_grad_norm        | 0.0704     |
|    v_grad_norm        | 0.971      |
|    value_loss         | 1.27       |
--------------------------------------
--------------------------------------
| rollout/              |            |
|    ep_len_mean        | 500        |
|    ep_rew_mean        | -1.18e+03  |
| time/                 |            |
|    fps                | 9          |
|    iterations         | 485300     |
|    time_elapsed       | 6436       |
|    total_timesteps    | 536400     |
| train/                |            |
|    d_grad_norm        | 0.0126     |
|    entropy_loss       | 0.0172     |
|    explained_variance | 0.40625405 |
|    learning_rate      | 0.00988    |
|    n_updates          | 67046      |
|    policy_loss        | -0.000219  |
|    std                | 0.34       |
|    u_grad_norm        | 0.143      |
|    v_grad_norm        | 0.0032     |
|    value_loss         | 7.77e-07   |
--------------------------------------
--------------------------------------
| rollout/              |            |
|    ep_len_mean        | 500        |
|    ep_rew_mean        | -858       |
| time/                 |            |
|    fps                | 9          |
|    iterations         | 603300     |
|    time_elapsed       | 6438       |
|    total_timesteps    | 654400     |
| train/                |            |
|    d_grad_norm        | 1.01       |
|    entropy_loss       | -2.05      |
|    explained_variance | 0.99933857 |
|    learning_rate      | 0.00977    |
|    n_updates          | 81796      |
|    policy_loss        | 0.375      |
|    std                | 0.347      |
|    u_grad_norm        | 0.018      |
|    v_grad_norm        | 0.937      |
|    value_loss         | 0.0735     |
--------------------------------------
--------------------------------------
| rollout/              |            |
|    ep_len_mean        | 500        |
|    ep_rew_mean        | -1.93e+03  |
| time/                 |            |
|    fps                | 9          |
|    iterations         | 598400     |
|    time_elapsed       | 6491       |
|    total_timesteps    | 650200     |
| train/                |            |
|    d_grad_norm        | 0.0364     |
|    entropy_loss       | -0.528     |
|    explained_variance | -146.31802 |
|    learning_rate      | 0.00977    |
|    n_updates          | 81271      |
|    policy_loss        | 0.00297    |
|    std                | 0.415      |
|    u_grad_norm        | 0.545      |
|    v_grad_norm        | 0.0127     |
|    value_loss         | 1.14e-05   |
--------------------------------------
-------------------------------------
| rollout/              |           |
|    ep_len_mean        | 500       |
|    ep_rew_mean        | -867      |
| time/                 |           |
|    fps                | 9         |
|    iterations         | 618400    |
|    time_elapsed       | 6491      |
|    total_timesteps    | 670200    |
| train/                |           |
|    d_grad_norm        | 0.128     |
|    entropy_loss       | -0.0719   |
|    explained_variance | 0.3283651 |
|    learning_rate      | 0.00976   |
|    n_updates          | 83771     |
|    policy_loss        | -0.0012   |
|    std                | 0.218     |
|    u_grad_norm        | 1         |
|    v_grad_norm        | 0.0378    |
|    value_loss         | 6.68e-05  |
-------------------------------------
---------------------------------------
| rollout/              |             |
|    ep_len_mean        | 500         |
|    ep_rew_mean        | -1.2e+03    |
| time/                 |             |
|    fps                | 9           |
|    iterations         | 485400      |
|    time_elapsed       | 6492        |
|    total_timesteps    | 537200      |
| train/                |             |
|    d_grad_norm        | 0.0641      |
|    entropy_loss       | -0.0305     |
|    explained_variance | 0.037516296 |
|    learning_rate      | 0.00988     |
|    n_updates          | 67146       |
|    policy_loss        | -0.000527   |
|    std                | 0.339       |
|    u_grad_norm        | 0.681       |
|    v_grad_norm        | 0.0165      |
|    value_loss         | 1.65e-05    |
---------------------------------------
-------------------------------------
| rollout/              |           |
|    ep_len_mean        | 500       |
|    ep_rew_mean        | -895      |
| time/                 |           |
|    fps                | 9         |
|    iterations         | 603400    |
|    time_elapsed       | 6493      |
|    total_timesteps    | 655200    |
| train/                |           |
|    d_grad_norm        | 0.922     |
|    entropy_loss       | -1.84     |
|    explained_variance | 0.9982531 |
|    learning_rate      | 0.00977   |
|    n_updates          | 81896     |
|    policy_loss        | -0.54     |
|    std                | 0.346     |
|    u_grad_norm        | 0.266     |
|    v_grad_norm        | 0.907     |
|    value_loss         | 0.249     |
-------------------------------------
Eval num_timesteps=651000, episode_reward=-1830.38 +/- 1410.57
Episode length: 500.00 +/- 0.00
-------------------------------------
| eval/                 |           |
|    mean_ep_length     | 500       |
|    mean_reward        | -1.83e+03 |
| time/                 |           |
|    total_timesteps    | 651000    |
| train/                |           |
|    d_grad_norm        | 0.0119    |
|    entropy_loss       | -0.155    |
|    explained_variance | -2.968145 |
|    learning_rate      | 0.00977   |
|    n_updates          | 81371     |
|    policy_loss        | 4.47e-05  |
|    std                | 0.416     |
|    u_grad_norm        | 0.054     |
|    v_grad_norm        | 0.00381   |
|    value_loss         | 6.07e-06  |
-------------------------------------
---------------------------------
| rollout/           |          |
|    ep_len_mean     | 500      |
|    ep_rew_mean     | -1.9e+03 |
| time/              |          |
|    fps             | 8        |
|    iterations      | 598500   |
|    time_elapsed    | 6751     |
|    total_timesteps | 651000   |
---------------------------------
Eval num_timesteps=671000, episode_reward=-297.41 +/- 178.12
Episode length: 500.00 +/- 0.00
---------------------------------------
| eval/                 |             |
|    mean_ep_length     | 500         |
|    mean_reward        | -297        |
| time/                 |             |
|    total_timesteps    | 671000      |
| train/                |             |
|    d_grad_norm        | 0.0021      |
|    entropy_loss       | 0.11        |
|    explained_variance | -0.78274786 |
|    learning_rate      | 0.00975     |
|    n_updates          | 83871       |
|    policy_loss        | -6.78e-05   |
|    std                | 0.218       |
|    u_grad_norm        | 0.0182      |
|    v_grad_norm        | 0.000795    |
|    value_loss         | 3e-07       |
---------------------------------------
New best mean reward!
---------------------------------
| rollout/           |          |
|    ep_len_mean     | 500      |
|    ep_rew_mean     | -849     |
| time/              |          |
|    fps             | 8        |
|    iterations      | 618500   |
|    time_elapsed    | 6751     |
|    total_timesteps | 671000   |
---------------------------------
Eval num_timesteps=538000, episode_reward=-381.54 +/- 202.26
Episode length: 500.00 +/- 0.00
--------------------------------------
| eval/                 |            |
|    mean_ep_length     | 500        |
|    mean_reward        | -382       |
| time/                 |            |
|    total_timesteps    | 538000     |
| train/                |            |
|    d_grad_norm        | 0.0238     |
|    entropy_loss       | -0.297     |
|    explained_variance | -15.901756 |
|    learning_rate      | 0.00988    |
|    n_updates          | 67246      |
|    policy_loss        | 0.000766   |
|    std                | 0.341      |
|    u_grad_norm        | 0.0966     |
|    v_grad_norm        | 0.00657    |
|    value_loss         | 1.12e-05   |
--------------------------------------
----------------------------------
| rollout/           |           |
|    ep_len_mean     | 500       |
|    ep_rew_mean     | -1.17e+03 |
| time/              |           |
|    fps             | 8         |
|    iterations      | 485500    |
|    time_elapsed    | 6752      |
|    total_timesteps | 538000    |
----------------------------------
Eval num_timesteps=656000, episode_reward=-2435.81 +/- 504.89
Episode length: 500.00 +/- 0.00
--------------------------------------
| eval/                 |            |
|    mean_ep_length     | 500        |
|    mean_reward        | -2.44e+03  |
| time/                 |            |
|    total_timesteps    | 656000     |
| train/                |            |
|    d_grad_norm        | 0.672      |
|    entropy_loss       | -2.63      |
|    explained_variance | 0.99922574 |
|    learning_rate      | 0.00977    |
|    n_updates          | 81996      |
|    policy_loss        | -0.0854    |
|    std                | 0.347      |
|    u_grad_norm        | 0.0854     |
|    v_grad_norm        | 1.03       |
|    value_loss         | 0.0298     |
--------------------------------------
---------------------------------
| rollout/           |          |
|    ep_len_mean     | 500      |
|    ep_rew_mean     | -920     |
| time/              |          |
|    fps             | 8        |
|    iterations      | 603500   |
|    time_elapsed    | 6753     |
|    total_timesteps | 656000   |
---------------------------------
--------------------------------------
| rollout/              |            |
|    ep_len_mean        | 500        |
|    ep_rew_mean        | -1.91e+03  |
| time/                 |            |
|    fps                | 8          |
|    iterations         | 598600     |
|    time_elapsed       | 6807       |
|    total_timesteps    | 651800     |
| train/                |            |
|    d_grad_norm        | 0.83       |
|    entropy_loss       | -2.42      |
|    explained_variance | 0.91020656 |
|    learning_rate      | 0.00977    |
|    n_updates          | 81471      |
|    policy_loss        | 2.53       |
|    std                | 0.416      |
|    u_grad_norm        | 0.141      |
|    v_grad_norm        | 0.784      |
|    value_loss         | 4.95       |
--------------------------------------
--------------------------------------
| rollout/              |            |
|    ep_len_mean        | 500        |
|    ep_rew_mean        | -823       |
| time/                 |            |
|    fps                | 8          |
|    iterations         | 618600     |
|    time_elapsed       | 6807       |
|    total_timesteps    | 671800     |
| train/                |            |
|    d_grad_norm        | 0.00359    |
|    entropy_loss       | 0.179      |
|    explained_variance | -3.0650406 |
|    learning_rate      | 0.00975    |
|    n_updates          | 83971      |
|    policy_loss        | 0.000252   |
|    std                | 0.216      |
|    u_grad_norm        | 0.0359     |
|    v_grad_norm        | 0.00304    |
|    value_loss         | 2.24e-06   |
--------------------------------------
--------------------------------------
| rollout/              |            |
|    ep_len_mean        | 500        |
|    ep_rew_mean        | -1.15e+03  |
| time/                 |            |
|    fps                | 8          |
|    iterations         | 485600     |
|    time_elapsed       | 6807       |
|    total_timesteps    | 538800     |
| train/                |            |
|    d_grad_norm        | 0.047      |
|    entropy_loss       | 0.0354     |
|    explained_variance | 0.16312653 |
|    learning_rate      | 0.00988    |
|    n_updates          | 67346      |
|    policy_loss        | -0.00107   |
|    std                | 0.341      |
|    u_grad_norm        | 0.936      |
|    v_grad_norm        | 0.0253     |
|    value_loss         | 4.42e-05   |
--------------------------------------
-------------------------------------
| rollout/              |           |
|    ep_len_mean        | 500       |
|    ep_rew_mean        | -942      |
| time/                 |           |
|    fps                | 8         |
|    iterations         | 603600    |
|    time_elapsed       | 6809      |
|    total_timesteps    | 656800    |
| train/                |           |
|    d_grad_norm        | 0.832     |
|    entropy_loss       | -2.42     |
|    explained_variance | 0.9959493 |
|    learning_rate      | 0.00977   |
|    n_updates          | 82096     |
|    policy_loss        | -0.863    |
|    std                | 0.345     |
|    u_grad_norm        | 0.0874    |
|    v_grad_norm        | 0.963     |
|    value_loss         | 0.623     |
-------------------------------------
--------------------------------------
| rollout/              |            |
|    ep_len_mean        | 500        |
|    ep_rew_mean        | -1.92e+03  |
| time/                 |            |
|    fps                | 8          |
|    iterations         | 598700     |
|    time_elapsed       | 6862       |
|    total_timesteps    | 652600     |
| train/                |            |
|    d_grad_norm        | 0.0122     |
|    entropy_loss       | 0.0824     |
|    explained_variance | -48.102795 |
|    learning_rate      | 0.00977    |
|    n_updates          | 81571      |
|    policy_loss        | 0.000118   |
|    std                | 0.417      |
|    u_grad_norm        | 0.0446     |
|    v_grad_norm        | 0.00172    |
|    value_loss         | 7.04e-07   |
--------------------------------------
-------------------------------------
| rollout/              |           |
|    ep_len_mean        | 500       |
|    ep_rew_mean        | -798      |
| time/                 |           |
|    fps                | 8         |
|    iterations         | 618700    |
|    time_elapsed       | 6863      |
|    total_timesteps    | 672600    |
| train/                |           |
|    d_grad_norm        | 0.85      |
|    entropy_loss       | -1.63     |
|    explained_variance | 0.9939973 |
|    learning_rate      | 0.00975   |
|    n_updates          | 84071     |
|    policy_loss        | 3.33      |
|    std                | 0.216     |
|    u_grad_norm        | 0.182     |
|    v_grad_norm        | 0.922     |
|    value_loss         | 3.22      |
-------------------------------------
--------------------------------------
| rollout/              |            |
|    ep_len_mean        | 500        |
|    ep_rew_mean        | -1.13e+03  |
| time/                 |            |
|    fps                | 8          |
|    iterations         | 485700     |
|    time_elapsed       | 6863       |
|    total_timesteps    | 539600     |
| train/                |            |
|    d_grad_norm        | 1.14       |
|    entropy_loss       | -1.48      |
|    explained_variance | 0.44384998 |
|    learning_rate      | 0.00988    |
|    n_updates          | 67446      |
|    policy_loss        | -0.23      |
|    std                | 0.342      |
|    u_grad_norm        | 0.123      |
|    v_grad_norm        | 0.912      |
|    value_loss         | 0.145      |
--------------------------------------
--------------------------------------
| rollout/              |            |
|    ep_len_mean        | 500        |
|    ep_rew_mean        | -923       |
| time/                 |            |
|    fps                | 8          |
|    iterations         | 603700     |
|    time_elapsed       | 6865       |
|    total_timesteps    | 657600     |
| train/                |            |
|    d_grad_norm        | 0.0248     |
|    entropy_loss       | 0.11       |
|    explained_variance | -2.3777535 |
|    learning_rate      | 0.00977    |
|    n_updates          | 82196      |
|    policy_loss        | -0.000147  |
|    std                | 0.345      |
|    u_grad_norm        | 0.381      |
|    v_grad_norm        | 0.0165     |
|    value_loss         | 1.23e-05   |
--------------------------------------
---------------------------------------
| rollout/              |             |
|    ep_len_mean        | 500         |
|    ep_rew_mean        | -1.91e+03   |
| time/                 |             |
|    fps                | 9           |
|    iterations         | 598800      |
|    time_elapsed       | 6918        |
|    total_timesteps    | 653400      |
| train/                |             |
|    d_grad_norm        | 0.00784     |
|    entropy_loss       | 0.0442      |
|    explained_variance | -0.15866876 |
|    learning_rate      | 0.00977     |
|    n_updates          | 81671       |
|    policy_loss        | -0.000121   |
|    std                | 0.418       |
|    u_grad_norm        | 0.531       |
|    v_grad_norm        | 0.0156      |
|    value_loss         | 1.63e-05    |
---------------------------------------
---------------------------------------
| rollout/              |             |
|    ep_len_mean        | 500         |
|    ep_rew_mean        | -801        |
| time/                 |             |
|    fps                | 9           |
|    iterations         | 618800      |
|    time_elapsed       | 6918        |
|    total_timesteps    | 673400      |
| train/                |             |
|    d_grad_norm        | 0.018       |
|    entropy_loss       | -0.0075     |
|    explained_variance | -0.39692497 |
|    learning_rate      | 0.00975     |
|    n_updates          | 84171       |
|    policy_loss        | 0.000332    |
|    std                | 0.216       |
|    u_grad_norm        | 0.125       |
|    v_grad_norm        | 0.00343     |
|    value_loss         | 4.17e-07    |
---------------------------------------
--------------------------------------
| rollout/              |            |
|    ep_len_mean        | 500        |
|    ep_rew_mean        | -1.13e+03  |
| time/                 |            |
|    fps                | 9          |
|    iterations         | 485800     |
|    time_elapsed       | 6919       |
|    total_timesteps    | 540400     |
| train/                |            |
|    d_grad_norm        | 0.0477     |
|    entropy_loss       | -0.0435    |
|    explained_variance | -17.648333 |
|    learning_rate      | 0.00988    |
|    n_updates          | 67546      |
|    policy_loss        | -0.00159   |
|    std                | 0.341      |
|    u_grad_norm        | 0.522      |
|    v_grad_norm        | 0.00627    |
|    value_loss         | 1.39e-05   |
--------------------------------------
--------------------------------------
| rollout/              |            |
|    ep_len_mean        | 500        |
|    ep_rew_mean        | -890       |
| time/                 |            |
|    fps                | 9          |
|    iterations         | 603800     |
|    time_elapsed       | 6921       |
|    total_timesteps    | 658400     |
| train/                |            |
|    d_grad_norm        | 0.0442     |
|    entropy_loss       | -0.145     |
|    explained_variance | -3.2321196 |
|    learning_rate      | 0.00977    |
|    n_updates          | 82296      |
|    policy_loss        | 0.00101    |
|    std                | 0.346      |
|    u_grad_norm        | 0.0325     |
|    v_grad_norm        | 0.00729    |
|    value_loss         | 9.61e-06   |
--------------------------------------
--------------------------------------
| rollout/              |            |
|    ep_len_mean        | 500        |
|    ep_rew_mean        | -1.92e+03  |
| time/                 |            |
|    fps                | 9          |
|    iterations         | 598900     |
|    time_elapsed       | 6974       |
|    total_timesteps    | 654200     |
| train/                |            |
|    d_grad_norm        | 0.862      |
|    entropy_loss       | -2.8       |
|    explained_variance | 0.89978886 |
|    learning_rate      | 0.00977    |
|    n_updates          | 81771      |
|    policy_loss        | -10.4      |
|    std                | 0.418      |
|    u_grad_norm        | 0.0264     |
|    v_grad_norm        | 0.972      |
|    value_loss         | 33.8       |
--------------------------------------
--------------------------------------
| rollout/              |            |
|    ep_len_mean        | 500        |
|    ep_rew_mean        | -754       |
| time/                 |            |
|    fps                | 9          |
|    iterations         | 618900     |
|    time_elapsed       | 6974       |
|    total_timesteps    | 674200     |
| train/                |            |
|    d_grad_norm        | 7.48e-05   |
|    entropy_loss       | 0.102      |
|    explained_variance | 0.14734155 |
|    learning_rate      | 0.00975    |
|    n_updates          | 84271      |
|    policy_loss        | -4.91e-05  |
|    std                | 0.215      |
|    u_grad_norm        | 0.00565    |
|    v_grad_norm        | 0.000524   |
|    value_loss         | 1.49e-08   |
--------------------------------------
--------------------------------------
| rollout/              |            |
|    ep_len_mean        | 500        |
|    ep_rew_mean        | -1.13e+03  |
| time/                 |            |
|    fps                | 9          |
|    iterations         | 485900     |
|    time_elapsed       | 6974       |
|    total_timesteps    | 541200     |
| train/                |            |
|    d_grad_norm        | 0.99       |
|    entropy_loss       | -2.13      |
|    explained_variance | 0.91318494 |
|    learning_rate      | 0.00988    |
|    n_updates          | 67646      |
|    policy_loss        | 6.68       |
|    std                | 0.341      |
|    u_grad_norm        | 0.0382     |
|    v_grad_norm        | 0.926      |
|    value_loss         | 14.8       |
--------------------------------------
----------------------------------------
| rollout/              |              |
|    ep_len_mean        | 500          |
|    ep_rew_mean        | -884         |
| time/                 |              |
|    fps                | 9            |
|    iterations         | 603900       |
|    time_elapsed       | 6976         |
|    total_timesteps    | 659200       |
| train/                |              |
|    d_grad_norm        | 0.0394       |
|    entropy_loss       | -0.0541      |
|    explained_variance | -0.051798463 |
|    learning_rate      | 0.00977      |
|    n_updates          | 82396        |
|    policy_loss        | 0.000885     |
|    std                | 0.346        |
|    u_grad_norm        | 0.453        |
|    v_grad_norm        | 0.0244       |
|    value_loss         | 3.01e-05     |
----------------------------------------
--------------------------------------
| rollout/              |            |
|    ep_len_mean        | 500        |
|    ep_rew_mean        | -1.89e+03  |
| time/                 |            |
|    fps                | 9          |
|    iterations         | 599000     |
|    time_elapsed       | 6988       |
|    total_timesteps    | 655000     |
| train/                |            |
|    d_grad_norm        | 0.00735    |
|    entropy_loss       | 0.0317     |
|    explained_variance | -2.0997188 |
|    learning_rate      | 0.00977    |
|    n_updates          | 81871      |
|    policy_loss        | -0.00068   |
|    std                | 0.418      |
|    u_grad_norm        | 0.0545     |
|    v_grad_norm        | 0.00771    |
|    value_loss         | 3.5e-06    |
--------------------------------------
--------------------------------------
| rollout/              |            |
|    ep_len_mean        | 500        |
|    ep_rew_mean        | -740       |
| time/                 |            |
|    fps                | 9          |
|    iterations         | 619000     |
|    time_elapsed       | 6988       |
|    total_timesteps    | 675000     |
| train/                |            |
|    d_grad_norm        | 0.000227   |
|    entropy_loss       | 0.0959     |
|    explained_variance | -0.8667095 |
|    learning_rate      | 0.00975    |
|    n_updates          | 84371      |
|    policy_loss        | 3.79e-05   |
|    std                | 0.215      |
|    u_grad_norm        | 0.00529    |
|    v_grad_norm        | 0.00032    |
|    value_loss         | 1.06e-07   |
--------------------------------------
-------------------------------------
| rollout/              |           |
|    ep_len_mean        | 500       |
|    ep_rew_mean        | -1.11e+03 |
| time/                 |           |
|    fps                | 9         |
|    iterations         | 486000    |
|    time_elapsed       | 6989      |
|    total_timesteps    | 542000    |
| train/                |           |
|    d_grad_norm        | 0.00356   |
|    entropy_loss       | -0.222    |
|    explained_variance | -7.915681 |
|    learning_rate      | 0.00987   |
|    n_updates          | 67746     |
|    policy_loss        | -0.00051  |
|    std                | 0.343     |
|    u_grad_norm        | 0.207     |
|    v_grad_norm        | 0.00177   |
|    value_loss         | 1.7e-06   |
-------------------------------------
-------------------------------------
| rollout/              |           |
|    ep_len_mean        | 500       |
|    ep_rew_mean        | -897      |
| time/                 |           |
|    fps                | 9         |
|    iterations         | 604000    |
|    time_elapsed       | 6990      |
|    total_timesteps    | 660000    |
| train/                |           |
|    d_grad_norm        | 1.01      |
|    entropy_loss       | -3.26     |
|    explained_variance | 0.9791192 |
|    learning_rate      | 0.00976   |
|    n_updates          | 82496     |
|    policy_loss        | 4.57      |
|    std                | 0.346     |
|    u_grad_norm        | 0.144     |
|    v_grad_norm        | 0.963     |
|    value_loss         | 2.33      |
-------------------------------------
-------------------------------------
| rollout/              |           |
|    ep_len_mean        | 500       |
|    ep_rew_mean        | -1.89e+03 |
| time/                 |           |
|    fps                | 9         |
|    iterations         | 599100    |
|    time_elapsed       | 7043      |
|    total_timesteps    | 655800    |
| train/                |           |
|    d_grad_norm        | 0.0108    |
|    entropy_loss       | 0.0177    |
|    explained_variance | -362.0427 |
|    learning_rate      | 0.00977   |
|    n_updates          | 81971     |
|    policy_loss        | -0.000374 |
|    std                | 0.418     |
|    u_grad_norm        | 0.0395    |
|    v_grad_norm        | 0.00287   |
|    value_loss         | 1.03e-05  |
-------------------------------------
--------------------------------------
| rollout/              |            |
|    ep_len_mean        | 500        |
|    ep_rew_mean        | -735       |
| time/                 |            |
|    fps                | 9          |
|    iterations         | 619100     |
|    time_elapsed       | 7044       |
|    total_timesteps    | 675800     |
| train/                |            |
|    d_grad_norm        | 0.00185    |
|    entropy_loss       | 0.151      |
|    explained_variance | -3.5361748 |
|    learning_rate      | 0.00975    |
|    n_updates          | 84471      |
|    policy_loss        | 9.24e-05   |
|    std                | 0.214      |
|    u_grad_norm        | 0.00294    |
|    v_grad_norm        | 0.000938   |
|    value_loss         | 3.04e-08   |
--------------------------------------
-------------------------------------
| rollout/              |           |
|    ep_len_mean        | 500       |
|    ep_rew_mean        | -1.1e+03  |
| time/                 |           |
|    fps                | 9         |
|    iterations         | 486100    |
|    time_elapsed       | 7044      |
|    total_timesteps    | 542800    |
| train/                |           |
|    d_grad_norm        | 0.0248    |
|    entropy_loss       | -0.0508   |
|    explained_variance | 0.1163156 |
|    learning_rate      | 0.00987   |
|    n_updates          | 67846     |
|    policy_loss        | -0.000142 |
|    std                | 0.344     |
|    u_grad_norm        | 0.229     |
|    v_grad_norm        | 0.00447   |
|    value_loss         | 1.41e-06  |
-------------------------------------
--------------------------------------
| rollout/              |            |
|    ep_len_mean        | 500        |
|    ep_rew_mean        | -896       |
| time/                 |            |
|    fps                | 9          |
|    iterations         | 604100     |
|    time_elapsed       | 7046       |
|    total_timesteps    | 660800     |
| train/                |            |
|    d_grad_norm        | 0.0725     |
|    entropy_loss       | -0.25      |
|    explained_variance | -56.553574 |
|    learning_rate      | 0.00976    |
|    n_updates          | 82596      |
|    policy_loss        | -0.00135   |
|    std                | 0.348      |
|    u_grad_norm        | 0.0386     |
|    v_grad_norm        | 0.0159     |
|    value_loss         | 3.21e-05   |
--------------------------------------
--------------------------------------
| rollout/              |            |
|    ep_len_mean        | 500        |
|    ep_rew_mean        | -1.86e+03  |
| time/                 |            |
|    fps                | 9          |
|    iterations         | 599200     |
|    time_elapsed       | 7098       |
|    total_timesteps    | 656600     |
| train/                |            |
|    d_grad_norm        | 0.883      |
|    entropy_loss       | -1.99      |
|    explained_variance | -0.4644313 |
|    learning_rate      | 0.00977    |
|    n_updates          | 82071      |
|    policy_loss        | -19.9      |
|    std                | 0.417      |
|    u_grad_norm        | 0.0694     |
|    v_grad_norm        | 0.873      |
|    value_loss         | 125        |
--------------------------------------
---------------------------------------
| rollout/              |             |
|    ep_len_mean        | 500         |
|    ep_rew_mean        | -737        |
| time/                 |             |
|    fps                | 9           |
|    iterations         | 619200      |
|    time_elapsed       | 7099        |
|    total_timesteps    | 676600      |
| train/                |             |
|    d_grad_norm        | 0.0648      |
|    entropy_loss       | 0.192       |
|    explained_variance | 0.029505312 |
|    learning_rate      | 0.00975     |
|    n_updates          | 84571       |
|    policy_loss        | 0.00385     |
|    std                | 0.214       |
|    u_grad_norm        | 0.0323      |
|    v_grad_norm        | 0.0337      |
|    value_loss         | 3.54e-05    |
---------------------------------------
-------------------------------------
| rollout/              |           |
|    ep_len_mean        | 500       |
|    ep_rew_mean        | -1.11e+03 |
| time/                 |           |
|    fps                | 9         |
|    iterations         | 486200    |
|    time_elapsed       | 7099      |
|    total_timesteps    | 543600    |
| train/                |           |
|    d_grad_norm        | 0.917     |
|    entropy_loss       | -1.89     |
|    explained_variance | 0.9982747 |
|    learning_rate      | 0.00987   |
|    n_updates          | 67946     |
|    policy_loss        | 4.65      |
|    std                | 0.343     |
|    u_grad_norm        | 0.123     |
|    v_grad_norm        | 0.857     |
|    value_loss         | 9.62      |
-------------------------------------
-------------------------------------
| rollout/              |           |
|    ep_len_mean        | 500       |
|    ep_rew_mean        | -898      |
| time/                 |           |
|    fps                | 9         |
|    iterations         | 604200    |
|    time_elapsed       | 7101      |
|    total_timesteps    | 661600    |
| train/                |           |
|    d_grad_norm        | 0.00154   |
|    entropy_loss       | 0.115     |
|    explained_variance | -76.43587 |
|    learning_rate      | 0.00976   |
|    n_updates          | 82696     |
|    policy_loss        | 7.59e-05  |
|    std                | 0.347     |
|    u_grad_norm        | 0.00316   |
|    v_grad_norm        | 0.00062   |
|    value_loss         | 5.61e-08  |
-------------------------------------
-------------------------------------
| rollout/              |           |
|    ep_len_mean        | 500       |
|    ep_rew_mean        | -1.87e+03 |
| time/                 |           |
|    fps                | 9         |
|    iterations         | 599300    |
|    time_elapsed       | 7154      |
|    total_timesteps    | 657400    |
| train/                |           |
|    d_grad_norm        | 0.978     |
|    entropy_loss       | -2.61     |
|    explained_variance | 0.9954984 |
|    learning_rate      | 0.00977   |
|    n_updates          | 82171     |
|    policy_loss        | 3.33      |
|    std                | 0.419     |
|    u_grad_norm        | 0.0487    |
|    v_grad_norm        | 0.948     |
|    value_loss         | 2.52      |
-------------------------------------
-------------------------------------
| rollout/              |           |
|    ep_len_mean        | 500       |
|    ep_rew_mean        | -730      |
| time/                 |           |
|    fps                | 9         |
|    iterations         | 619300    |
|    time_elapsed       | 7154      |
|    total_timesteps    | 677400    |
| train/                |           |
|    d_grad_norm        | 0.00319   |
|    entropy_loss       | 0.0393    |
|    explained_variance | -5.450091 |
|    learning_rate      | 0.00975   |
|    n_updates          | 84671     |
|    policy_loss        | 7.25e-06  |
|    std                | 0.213     |
|    u_grad_norm        | 0.0428    |
|    v_grad_norm        | 0.00159   |
|    value_loss         | 1.39e-07  |
-------------------------------------
--------------------------------------
| rollout/              |            |
|    ep_len_mean        | 500        |
|    ep_rew_mean        | -1.11e+03  |
| time/                 |            |
|    fps                | 9          |
|    iterations         | 486300     |
|    time_elapsed       | 7154       |
|    total_timesteps    | 544400     |
| train/                |            |
|    d_grad_norm        | 0.00353    |
|    entropy_loss       | -0.0121    |
|    explained_variance | -1.5195186 |
|    learning_rate      | 0.00987    |
|    n_updates          | 68046      |
|    policy_loss        | 3.45e-05   |
|    std                | 0.342      |
|    u_grad_norm        | 0.0394     |
|    v_grad_norm        | 0.00148    |
|    value_loss         | 8.24e-07   |
--------------------------------------
-------------------------------------
| rollout/              |           |
|    ep_len_mean        | 500       |
|    ep_rew_mean        | -888      |
| time/                 |           |
|    fps                | 9         |
|    iterations         | 604300    |
|    time_elapsed       | 7156      |
|    total_timesteps    | 662400    |
| train/                |           |
|    d_grad_norm        | 0.00544   |
|    entropy_loss       | 0.123     |
|    explained_variance | -4.227742 |
|    learning_rate      | 0.00976   |
|    n_updates          | 82796     |
|    policy_loss        | 0.000188  |
|    std                | 0.347     |
|    u_grad_norm        | 0.0805    |
|    v_grad_norm        | 0.00202   |
|    value_loss         | 3.53e-07  |
-------------------------------------
--------------------------------------
| rollout/              |            |
|    ep_len_mean        | 500        |
|    ep_rew_mean        | -1.88e+03  |
| time/                 |            |
|    fps                | 9          |
|    iterations         | 599400     |
|    time_elapsed       | 7209       |
|    total_timesteps    | 658200     |
| train/                |            |
|    d_grad_norm        | 1.11       |
|    entropy_loss       | -2.73      |
|    explained_variance | 0.97923046 |
|    learning_rate      | 0.00977    |
|    n_updates          | 82271      |
|    policy_loss        | 5.81       |
|    std                | 0.42       |
|    u_grad_norm        | 0.0821     |
|    v_grad_norm        | 0.868      |
|    value_loss         | 5.77       |
--------------------------------------
--------------------------------------
| rollout/              |            |
|    ep_len_mean        | 500        |
|    ep_rew_mean        | -725       |
| time/                 |            |
|    fps                | 9          |
|    iterations         | 619400     |
|    time_elapsed       | 7209       |
|    total_timesteps    | 678200     |
| train/                |            |
|    d_grad_norm        | 0.916      |
|    entropy_loss       | -2.09      |
|    explained_variance | 0.93439126 |
|    learning_rate      | 0.00975    |
|    n_updates          | 84771      |
|    policy_loss        | -4.58      |
|    std                | 0.212      |
|    u_grad_norm        | 0.162      |
|    v_grad_norm        | 0.913      |
|    value_loss         | 5.01       |
--------------------------------------
-------------------------------------
| rollout/              |           |
|    ep_len_mean        | 500       |
|    ep_rew_mean        | -1.1e+03  |
| time/                 |           |
|    fps                | 9         |
|    iterations         | 486400    |
|    time_elapsed       | 7209      |
|    total_timesteps    | 545200    |
| train/                |           |
|    d_grad_norm        | 0.57      |
|    entropy_loss       | -2.1      |
|    explained_variance | 0.9742138 |
|    learning_rate      | 0.00987   |
|    n_updates          | 68146     |
|    policy_loss        | -0.753    |
|    std                | 0.342     |
|    u_grad_norm        | 0.0998    |
|    v_grad_norm        | 0.757     |
|    value_loss         | 0.82      |
-------------------------------------
--------------------------------------
| rollout/              |            |
|    ep_len_mean        | 500        |
|    ep_rew_mean        | -883       |
| time/                 |            |
|    fps                | 9          |
|    iterations         | 604400     |
|    time_elapsed       | 7211       |
|    total_timesteps    | 663200     |
| train/                |            |
|    d_grad_norm        | 1.02       |
|    entropy_loss       | -2.85      |
|    explained_variance | 0.80792326 |
|    learning_rate      | 0.00976    |
|    n_updates          | 82896      |
|    policy_loss        | 10.3       |
|    std                | 0.348      |
|    u_grad_norm        | 0.0474     |
|    v_grad_norm        | 0.953      |
|    value_loss         | 20.5       |
--------------------------------------
--------------------------------------
| rollout/              |            |
|    ep_len_mean        | 500        |
|    ep_rew_mean        | -1.84e+03  |
| time/                 |            |
|    fps                | 9          |
|    iterations         | 599500     |
|    time_elapsed       | 7223       |
|    total_timesteps    | 659000     |
| train/                |            |
|    d_grad_norm        | 0.899      |
|    entropy_loss       | -2.33      |
|    explained_variance | 0.96638906 |
|    learning_rate      | 0.00977    |
|    n_updates          | 82371      |
|    policy_loss        | 1.36       |
|    std                | 0.422      |
|    u_grad_norm        | 0.141      |
|    v_grad_norm        | 0.966      |
|    value_loss         | 1.14       |
--------------------------------------
--------------------------------------
| rollout/              |            |
|    ep_len_mean        | 500        |
|    ep_rew_mean        | -685       |
| time/                 |            |
|    fps                | 9          |
|    iterations         | 619500     |
|    time_elapsed       | 7223       |
|    total_timesteps    | 679000     |
| train/                |            |
|    d_grad_norm        | 0.000706   |
|    entropy_loss       | 0.123      |
|    explained_variance | -7.2345514 |
|    learning_rate      | 0.00975    |
|    n_updates          | 84871      |
|    policy_loss        | -0.000147  |
|    std                | 0.212      |
|    u_grad_norm        | 0.0172     |
|    v_grad_norm        | 0.00169    |
|    value_loss         | 1.29e-07   |
--------------------------------------
--------------------------------------
| rollout/              |            |
|    ep_len_mean        | 500        |
|    ep_rew_mean        | -1.11e+03  |
| time/                 |            |
|    fps                | 9          |
|    iterations         | 486500     |
|    time_elapsed       | 7224       |
|    total_timesteps    | 546000     |
| train/                |            |
|    d_grad_norm        | 0.00742    |
|    entropy_loss       | 0.0669     |
|    explained_variance | -0.6682868 |
|    learning_rate      | 0.00987    |
|    n_updates          | 68246      |
|    policy_loss        | 8.56e-05   |
|    std                | 0.343      |
|    u_grad_norm        | 0.108      |
|    v_grad_norm        | 0.00312    |
|    value_loss         | 7.76e-07   |
--------------------------------------
------------------------------------
| rollout/              |          |
|    ep_len_mean        | 500      |
|    ep_rew_mean        | -939     |
| time/                 |          |
|    fps                | 9        |
|    iterations         | 604500   |
|    time_elapsed       | 7225     |
|    total_timesteps    | 664000   |
| train/                |          |
|    d_grad_norm        | 1.03     |
|    entropy_loss       | -2.91    |
|    explained_variance | 0.987806 |
|    learning_rate      | 0.00976  |
|    n_updates          | 82996    |
|    policy_loss        | -0.552   |
|    std                | 0.348    |
|    u_grad_norm        | 0.00756  |
|    v_grad_norm        | 0.958    |
|    value_loss         | 0.357    |
------------------------------------
--------------------------------------
| rollout/              |            |
|    ep_len_mean        | 500        |
|    ep_rew_mean        | -1.81e+03  |
| time/                 |            |
|    fps                | 9          |
|    iterations         | 599600     |
|    time_elapsed       | 7279       |
|    total_timesteps    | 659800     |
| train/                |            |
|    d_grad_norm        | 0.906      |
|    entropy_loss       | -0.74      |
|    explained_variance | 0.98740846 |
|    learning_rate      | 0.00976    |
|    n_updates          | 82471      |
|    policy_loss        | -1.19      |
|    std                | 0.423      |
|    u_grad_norm        | 0.617      |
|    v_grad_norm        | 0.389      |
|    value_loss         | 0.436      |
--------------------------------------
---------------------------------------
| rollout/              |             |
|    ep_len_mean        | 500         |
|    ep_rew_mean        | -700        |
| time/                 |             |
|    fps                | 9           |
|    iterations         | 619600      |
|    time_elapsed       | 7279        |
|    total_timesteps    | 679800      |
| train/                |             |
|    d_grad_norm        | 0.00625     |
|    entropy_loss       | 0.149       |
|    explained_variance | -0.44129813 |
|    learning_rate      | 0.00975     |
|    n_updates          | 84971       |
|    policy_loss        | 0.000129    |
|    std                | 0.211       |
|    u_grad_norm        | 0.0644      |
|    v_grad_norm        | 0.00219     |
|    value_loss         | 3.16e-06    |
---------------------------------------
----------------------------------------
| rollout/              |              |
|    ep_len_mean        | 500          |
|    ep_rew_mean        | -1.12e+03    |
| time/                 |              |
|    fps                | 9            |
|    iterations         | 486600       |
|    time_elapsed       | 7279         |
|    total_timesteps    | 546800       |
| train/                |              |
|    d_grad_norm        | 0.0228       |
|    entropy_loss       | -0.146       |
|    explained_variance | -0.029130816 |
|    learning_rate      | 0.00987      |
|    n_updates          | 68346        |
|    policy_loss        | -0.00148     |
|    std                | 0.344        |
|    u_grad_norm        | 0.344        |
|    v_grad_norm        | 0.0056       |
|    value_loss         | 6.31e-06     |
----------------------------------------
--------------------------------------
| rollout/              |            |
|    ep_len_mean        | 500        |
|    ep_rew_mean        | -939       |
| time/                 |            |
|    fps                | 9          |
|    iterations         | 604600     |
|    time_elapsed       | 7281       |
|    total_timesteps    | 664800     |
| train/                |            |
|    d_grad_norm        | 0.0219     |
|    entropy_loss       | 0.0873     |
|    explained_variance | -41.717583 |
|    learning_rate      | 0.00976    |
|    n_updates          | 83096      |
|    policy_loss        | -0.00286   |
|    std                | 0.347      |
|    u_grad_norm        | 0.639      |
|    v_grad_norm        | 0.0131     |
|    value_loss         | 1.63e-05   |
--------------------------------------
-------------------------------------
| rollout/              |           |
|    ep_len_mean        | 500       |
|    ep_rew_mean        | -1.85e+03 |
| time/                 |           |
|    fps                | 9         |
|    iterations         | 599700    |
|    time_elapsed       | 7335      |
|    total_timesteps    | 660600    |
| train/                |           |
|    d_grad_norm        | 0.398     |
|    entropy_loss       | -2.83     |
|    explained_variance | 0.997802  |
|    learning_rate      | 0.00976   |
|    n_updates          | 82571     |
|    policy_loss        | 0.319     |
|    std                | 0.421     |
|    u_grad_norm        | 0.175     |
|    v_grad_norm        | 0.928     |
|    value_loss         | 0.294     |
-------------------------------------
--------------------------------------
| rollout/              |            |
|    ep_len_mean        | 500        |
|    ep_rew_mean        | -702       |
| time/                 |            |
|    fps                | 9          |
|    iterations         | 619700     |
|    time_elapsed       | 7335       |
|    total_timesteps    | 680600     |
| train/                |            |
|    d_grad_norm        | 0.907      |
|    entropy_loss       | -2.14      |
|    explained_variance | 0.99295354 |
|    learning_rate      | 0.00975    |
|    n_updates          | 85071      |
|    policy_loss        | 3.38       |
|    std                | 0.212      |
|    u_grad_norm        | 0.166      |
|    v_grad_norm        | 0.938      |
|    value_loss         | 1.7        |
--------------------------------------
--------------------------------------
| rollout/              |            |
|    ep_len_mean        | 500        |
|    ep_rew_mean        | -1.1e+03   |
| time/                 |            |
|    fps                | 9          |
|    iterations         | 486700     |
|    time_elapsed       | 7335       |
|    total_timesteps    | 547600     |
| train/                |            |
|    d_grad_norm        | 0.996      |
|    entropy_loss       | -1.9       |
|    explained_variance | 0.99236065 |
|    learning_rate      | 0.00987    |
|    n_updates          | 68446      |
|    policy_loss        | -2.81      |
|    std                | 0.343      |
|    u_grad_norm        | 0.195      |
|    v_grad_norm        | 0.908      |
|    value_loss         | 2.86       |
--------------------------------------
-------------------------------------
| rollout/              |           |
|    ep_len_mean        | 500       |
|    ep_rew_mean        | -918      |
| time/                 |           |
|    fps                | 9         |
|    iterations         | 604700    |
|    time_elapsed       | 7337      |
|    total_timesteps    | 665600    |
| train/                |           |
|    d_grad_norm        | 0.183     |
|    entropy_loss       | 0.0263    |
|    explained_variance | 0.6010176 |
|    learning_rate      | 0.00976   |
|    n_updates          | 83196     |
|    policy_loss        | 0.00731   |
|    std                | 0.348     |
|    u_grad_norm        | 0.565     |
|    v_grad_norm        | 0.067     |
|    value_loss         | 0.000377  |
-------------------------------------
Eval num_timesteps=661000, episode_reward=-2084.18 +/- 570.20
Episode length: 500.00 +/- 0.00
-------------------------------------
| eval/                 |           |
|    mean_ep_length     | 500       |
|    mean_reward        | -2.08e+03 |
| time/                 |           |
|    total_timesteps    | 661000    |
| train/                |           |
|    d_grad_norm        | 0.0502    |
|    entropy_loss       | -3.9      |
|    explained_variance | 0.9998878 |
|    learning_rate      | 0.00976   |
|    n_updates          | 82621     |
|    policy_loss        | -0.295    |
|    std                | 0.419     |
|    u_grad_norm        | 0.0309    |
|    v_grad_norm        | 0.968     |
|    value_loss         | 0.0142    |
-------------------------------------
Eval num_timesteps=548000, episode_reward=-279.78 +/- 177.45
Episode length: 500.00 +/- 0.00
---------------------------------------
| eval/                 |             |
|    mean_ep_length     | 500         |
|    mean_reward        | -280        |
| time/                 |             |
|    total_timesteps    | 548000      |
| train/                |             |
|    d_grad_norm        | 0.00743     |
|    entropy_loss       | -0.00929    |
|    explained_variance | -0.29037976 |
|    learning_rate      | 0.00987     |
|    n_updates          | 68496       |
|    policy_loss        | -0.000248   |
|    std                | 0.343       |
|    u_grad_norm        | 0.0493      |
|    v_grad_norm        | 0.00281     |
|    value_loss         | 5.36e-07    |
---------------------------------------
Eval num_timesteps=681000, episode_reward=-2903.77 +/- 67.46
Episode length: 500.00 +/- 0.00
-------------------------------------
| eval/                 |           |
|    mean_ep_length     | 500       |
|    mean_reward        | -2.9e+03  |
| time/                 |           |
|    total_timesteps    | 681000    |
| train/                |           |
|    d_grad_norm        | 1.13      |
|    entropy_loss       | -1.78     |
|    explained_variance | 0.9741894 |
|    learning_rate      | 0.00974   |
|    n_updates          | 85121     |
|    policy_loss        | 0.25      |
|    std                | 0.212     |
|    u_grad_norm        | 0.0677    |
|    v_grad_norm        | 0.83      |
|    value_loss         | 1.14      |
-------------------------------------
Eval num_timesteps=666000, episode_reward=-1660.19 +/- 1268.10
Episode length: 500.00 +/- 0.00
---------------------------------------
| eval/                 |             |
|    mean_ep_length     | 500         |
|    mean_reward        | -1.66e+03   |
| time/                 |             |
|    total_timesteps    | 666000      |
| train/                |             |
|    d_grad_norm        | 0.000643    |
|    entropy_loss       | 0.091       |
|    explained_variance | -0.48399448 |
|    learning_rate      | 0.00976     |
|    n_updates          | 83246       |
|    policy_loss        | -2.78e-06   |
|    std                | 0.349       |
|    u_grad_norm        | 0.0112      |
|    v_grad_norm        | 0.000263    |
|    value_loss         | 2.4e-07     |
---------------------------------------
--------------------------------------
| rollout/              |            |
|    ep_len_mean        | 500        |
|    ep_rew_mean        | -1.84e+03  |
| time/                 |            |
|    fps                | 9          |
|    iterations         | 599800     |
|    time_elapsed       | 7639       |
|    total_timesteps    | 661400     |
| train/                |            |
|    d_grad_norm        | 1.13       |
|    entropy_loss       | -2.69      |
|    explained_variance | 0.99947613 |
|    learning_rate      | 0.00976    |
|    n_updates          | 82671      |
|    policy_loss        | -1.36      |
|    std                | 0.42       |
|    u_grad_norm        | 0.0234     |
|    v_grad_norm        | 0.961      |
|    value_loss         | 0.406      |
--------------------------------------
New best mean reward!
-------------------------------------
| rollout/              |           |
|    ep_len_mean        | 500       |
|    ep_rew_mean        | -1.11e+03 |
| time/                 |           |
|    fps                | 9         |
|    iterations         | 486800    |
|    time_elapsed       | 7640      |
|    total_timesteps    | 548400    |
| train/                |           |
|    d_grad_norm        | 0.00148   |
|    entropy_loss       | -0.243    |
|    explained_variance | -34.79193 |
|    learning_rate      | 0.00987   |
|    n_updates          | 68546     |
|    policy_loss        | 6.35e-05  |
|    std                | 0.343     |
|    u_grad_norm        | 0.015     |
|    v_grad_norm        | 0.000669  |
|    value_loss         | 1.24e-06  |
-------------------------------------
-------------------------------------
| rollout/              |           |
|    ep_len_mean        | 500       |
|    ep_rew_mean        | -720      |
| time/                 |           |
|    fps                | 9         |
|    iterations         | 619800    |
|    time_elapsed       | 7640      |
|    total_timesteps    | 681400    |
| train/                |           |
|    d_grad_norm        | 0.886     |
|    entropy_loss       | -1.73     |
|    explained_variance | 0.9974826 |
|    learning_rate      | 0.00974   |
|    n_updates          | 85171     |
|    policy_loss        | 0.692     |
|    std                | 0.212     |
|    u_grad_norm        | 0.081     |
|    v_grad_norm        | 0.934     |
|    value_loss         | 0.434     |
-------------------------------------
--------------------------------------
| rollout/              |            |
|    ep_len_mean        | 500        |
|    ep_rew_mean        | -911       |
| time/                 |            |
|    fps                | 9          |
|    iterations         | 604800     |
|    time_elapsed       | 7641       |
|    total_timesteps    | 666400     |
| train/                |            |
|    d_grad_norm        | 0.0167     |
|    entropy_loss       | -0.0973    |
|    explained_variance | -1.3109353 |
|    learning_rate      | 0.00976    |
|    n_updates          | 83296      |
|    policy_loss        | 0.000335   |
|    std                | 0.349      |
|    u_grad_norm        | 0.0422     |
|    v_grad_norm        | 0.00455    |
|    value_loss         | 1.3e-06    |
--------------------------------------
-------------------------------------
| rollout/              |           |
|    ep_len_mean        | 500       |
|    ep_rew_mean        | -1.87e+03 |
| time/                 |           |
|    fps                | 9         |
|    iterations         | 599900    |
|    time_elapsed       | 7694      |
|    total_timesteps    | 662200    |
| train/                |           |
|    d_grad_norm        | 0.063     |
|    entropy_loss       | -2.9      |
|    explained_variance | 0.9998828 |
|    learning_rate      | 0.00976   |
|    n_updates          | 82771     |
|    policy_loss        | 0.00445   |
|    std                | 0.418     |
|    u_grad_norm        | 0.0307    |
|    v_grad_norm        | 0.976     |
|    value_loss         | 0.0112    |
-------------------------------------
--------------------------------------
| rollout/              |            |
|    ep_len_mean        | 500        |
|    ep_rew_mean        | -1.08e+03  |
| time/                 |            |
|    fps                | 9          |
|    iterations         | 486900     |
|    time_elapsed       | 7695       |
|    total_timesteps    | 549200     |
| train/                |            |
|    d_grad_norm        | 0.0444     |
|    entropy_loss       | -0.0285    |
|    explained_variance | 0.06887394 |
|    learning_rate      | 0.00987    |
|    n_updates          | 68646      |
|    policy_loss        | 0.000194   |
|    std                | 0.343      |
|    u_grad_norm        | 0.891      |
|    v_grad_norm        | 0.0238     |
|    value_loss         | 3.68e-05   |
--------------------------------------
---------------------------------------
| rollout/              |             |
|    ep_len_mean        | 500         |
|    ep_rew_mean        | -726        |
| time/                 |             |
|    fps                | 9           |
|    iterations         | 619900      |
|    time_elapsed       | 7695        |
|    total_timesteps    | 682200      |
| train/                |             |
|    d_grad_norm        | 1.06        |
|    entropy_loss       | -0.287      |
|    explained_variance | -0.88723147 |
|    learning_rate      | 0.00974     |
|    n_updates          | 85271       |
|    policy_loss        | -0.155      |
|    std                | 0.215       |
|    u_grad_norm        | 0.0157      |
|    v_grad_norm        | 0.965       |
|    value_loss         | 0.793       |
---------------------------------------
------------------------------------
| rollout/              |          |
|    ep_len_mean        | 500      |
|    ep_rew_mean        | -865     |
| time/                 |          |
|    fps                | 9        |
|    iterations         | 604900   |
|    time_elapsed       | 7697     |
|    total_timesteps    | 667200   |
| train/                |          |
|    d_grad_norm        | 0.794    |
|    entropy_loss       | -2.48    |
|    explained_variance | 0.970368 |
|    learning_rate      | 0.00976  |
|    n_updates          | 83396    |
|    policy_loss        | 3.87     |
|    std                | 0.349    |
|    u_grad_norm        | 0.027    |
|    v_grad_norm        | 0.948    |
|    value_loss         | 8.33     |
------------------------------------
-------------------------------------
| rollout/              |           |
|    ep_len_mean        | 500       |
|    ep_rew_mean        | -1.88e+03 |
| time/                 |           |
|    fps                | 9         |
|    iterations         | 600000    |
|    time_elapsed       | 7709      |
|    total_timesteps    | 663000    |
| train/                |           |
|    d_grad_norm        | 0.823     |
|    entropy_loss       | -2.43     |
|    explained_variance | 0.9998654 |
|    learning_rate      | 0.00976   |
|    n_updates          | 82871     |
|    policy_loss        | 0.291     |
|    std                | 0.42      |
|    u_grad_norm        | 0.0642    |
|    v_grad_norm        | 1.03      |
|    value_loss         | 0.029     |
-------------------------------------
---------------------------------------
| rollout/              |             |
|    ep_len_mean        | 500         |
|    ep_rew_mean        | -1.07e+03   |
| time/                 |             |
|    fps                | 9           |
|    iterations         | 487000      |
|    time_elapsed       | 7710        |
|    total_timesteps    | 550000      |
| train/                |             |
|    d_grad_norm        | 0.0292      |
|    entropy_loss       | -0.255      |
|    explained_variance | -0.23670852 |
|    learning_rate      | 0.00987     |
|    n_updates          | 68746       |
|    policy_loss        | 0.000916    |
|    std                | 0.343       |
|    u_grad_norm        | 0.229       |
|    v_grad_norm        | 0.0166      |
|    value_loss         | 1.73e-05    |
---------------------------------------
--------------------------------------
| rollout/              |            |
|    ep_len_mean        | 500        |
|    ep_rew_mean        | -731       |
| time/                 |            |
|    fps                | 9          |
|    iterations         | 620000     |
|    time_elapsed       | 7710       |
|    total_timesteps    | 683000     |
| train/                |            |
|    d_grad_norm        | 0.875      |
|    entropy_loss       | -1.4       |
|    explained_variance | 0.98937225 |
|    learning_rate      | 0.00974    |
|    n_updates          | 85371      |
|    policy_loss        | -0.671     |
|    std                | 0.213      |
|    u_grad_norm        | 0.103      |
|    v_grad_norm        | 0.809      |
|    value_loss         | 0.451      |
--------------------------------------
-------------------------------------
| rollout/              |           |
|    ep_len_mean        | 500       |
|    ep_rew_mean        | -888      |
| time/                 |           |
|    fps                | 9         |
|    iterations         | 605000    |
|    time_elapsed       | 7711      |
|    total_timesteps    | 668000    |
| train/                |           |
|    d_grad_norm        | 0.00305   |
|    entropy_loss       | 0.096     |
|    explained_variance | 0.2987489 |
|    learning_rate      | 0.00976   |
|    n_updates          | 83496     |
|    policy_loss        | -0.000957 |
|    std                | 0.347     |
|    u_grad_norm        | 0.0037    |
|    v_grad_norm        | 0.00682   |
|    value_loss         | 2.73e-06  |
-------------------------------------
-------------------------------------
| rollout/              |           |
|    ep_len_mean        | 500       |
|    ep_rew_mean        | -1.87e+03 |
| time/                 |           |
|    fps                | 9         |
|    iterations         | 600100    |
|    time_elapsed       | 7765      |
|    total_timesteps    | 663800    |
| train/                |           |
|    d_grad_norm        | 0.202     |
|    entropy_loss       | -2.45     |
|    explained_variance | 0.9998389 |
|    learning_rate      | 0.00976   |
|    n_updates          | 82971     |
|    policy_loss        | -0.197    |
|    std                | 0.419     |
|    u_grad_norm        | 0.214     |
|    v_grad_norm        | 1.06      |
|    value_loss         | 0.0163    |
-------------------------------------
--------------------------------------
| rollout/              |            |
|    ep_len_mean        | 500        |
|    ep_rew_mean        | -718       |
| time/                 |            |
|    fps                | 9          |
|    iterations         | 620100     |
|    time_elapsed       | 7765       |
|    total_timesteps    | 683800     |
| train/                |            |
|    d_grad_norm        | 0.00163    |
|    entropy_loss       | -0.106     |
|    explained_variance | 0.16230512 |
|    learning_rate      | 0.00974    |
|    n_updates          | 85471      |
|    policy_loss        | -0.000231  |
|    std                | 0.211      |
|    u_grad_norm        | 0.134      |
|    v_grad_norm        | 0.00821    |
|    value_loss         | 2.77e-06   |
--------------------------------------
--------------------------------------
| rollout/              |            |
|    ep_len_mean        | 500        |
|    ep_rew_mean        | -1.04e+03  |
| time/                 |            |
|    fps                | 9          |
|    iterations         | 487100     |
|    time_elapsed       | 7766       |
|    total_timesteps    | 550800     |
| train/                |            |
|    d_grad_norm        | 1.18       |
|    entropy_loss       | -2.75      |
|    explained_variance | 0.99888945 |
|    learning_rate      | 0.00987    |
|    n_updates          | 68846      |
|    policy_loss        | 0.717      |
|    std                | 0.341      |
|    u_grad_norm        | 0.00645    |
|    v_grad_norm        | 0.978      |
|    value_loss         | 0.176      |
--------------------------------------
---------------------------------------
| rollout/              |             |
|    ep_len_mean        | 500         |
|    ep_rew_mean        | -882        |
| time/                 |             |
|    fps                | 9           |
|    iterations         | 605100      |
|    time_elapsed       | 7767        |
|    total_timesteps    | 668800      |
| train/                |             |
|    d_grad_norm        | 0.0277      |
|    entropy_loss       | 0.111       |
|    explained_variance | -0.17177784 |
|    learning_rate      | 0.00976     |
|    n_updates          | 83596       |
|    policy_loss        | 0.0014      |
|    std                | 0.348       |
|    u_grad_norm        | 0.239       |
|    v_grad_norm        | 0.00377     |
|    value_loss         | 1.32e-06    |
---------------------------------------
-------------------------------------
| rollout/              |           |
|    ep_len_mean        | 500       |
|    ep_rew_mean        | -1.86e+03 |
| time/                 |           |
|    fps                | 9         |
|    iterations         | 600200    |
|    time_elapsed       | 7820      |
|    total_timesteps    | 664600    |
| train/                |           |
|    d_grad_norm        | 0.855     |
|    entropy_loss       | -3.01     |
|    explained_variance | 0.9914642 |
|    learning_rate      | 0.00976   |
|    n_updates          | 83071     |
|    policy_loss        | -1.01     |
|    std                | 0.417     |
|    u_grad_norm        | 0.0794    |
|    v_grad_norm        | 0.917     |
|    value_loss         | 1.51      |
-------------------------------------
--------------------------------------
| rollout/              |            |
|    ep_len_mean        | 500        |
|    ep_rew_mean        | -745       |
| time/                 |            |
|    fps                | 9          |
|    iterations         | 620200     |
|    time_elapsed       | 7821       |
|    total_timesteps    | 684600     |
| train/                |            |
|    d_grad_norm        | 1.08       |
|    entropy_loss       | -1.29      |
|    explained_variance | 0.74734086 |
|    learning_rate      | 0.00974    |
|    n_updates          | 85571      |
|    policy_loss        | -0.382     |
|    std                | 0.212      |
|    u_grad_norm        | 0.125      |
|    v_grad_norm        | 0.84       |
|    value_loss         | 1.37       |
--------------------------------------
--------------------------------------
| rollout/              |            |
|    ep_len_mean        | 500        |
|    ep_rew_mean        | -1.04e+03  |
| time/                 |            |
|    fps                | 9          |
|    iterations         | 487200     |
|    time_elapsed       | 7821       |
|    total_timesteps    | 551600     |
| train/                |            |
|    d_grad_norm        | 0.925      |
|    entropy_loss       | -2.4       |
|    explained_variance | 0.96000594 |
|    learning_rate      | 0.00986    |
|    n_updates          | 68946      |
|    policy_loss        | 0.416      |
|    std                | 0.34       |
|    u_grad_norm        | 0.0548     |
|    v_grad_norm        | 0.929      |
|    value_loss         | 0.561      |
--------------------------------------
-------------------------------------
| rollout/              |           |
|    ep_len_mean        | 500       |
|    ep_rew_mean        | -891      |
| time/                 |           |
|    fps                | 9         |
|    iterations         | 605200    |
|    time_elapsed       | 7823      |
|    total_timesteps    | 669600    |
| train/                |           |
|    d_grad_norm        | 0.991     |
|    entropy_loss       | -0.4      |
|    explained_variance | 0.9858965 |
|    learning_rate      | 0.00975   |
|    n_updates          | 83696     |
|    policy_loss        | 0.0629    |
|    std                | 0.349     |
|    u_grad_norm        | 0.888     |
|    v_grad_norm        | 0.366     |
|    value_loss         | 0.00963   |
-------------------------------------
--------------------------------------
| rollout/              |            |
|    ep_len_mean        | 500        |
|    ep_rew_mean        | -1.83e+03  |
| time/                 |            |
|    fps                | 9          |
|    iterations         | 600300     |
|    time_elapsed       | 7875       |
|    total_timesteps    | 665400     |
| train/                |            |
|    d_grad_norm        | 0.981      |
|    entropy_loss       | -3.37      |
|    explained_variance | 0.99378127 |
|    learning_rate      | 0.00976    |
|    n_updates          | 83171      |
|    policy_loss        | -2.2       |
|    std                | 0.417      |
|    u_grad_norm        | 0.0326     |
|    v_grad_norm        | 0.965      |
|    value_loss         | 0.806      |
--------------------------------------
---------------------------------------
| rollout/              |             |
|    ep_len_mean        | 500         |
|    ep_rew_mean        | -746        |
| time/                 |             |
|    fps                | 9           |
|    iterations         | 620300      |
|    time_elapsed       | 7876        |
|    total_timesteps    | 685400      |
| train/                |             |
|    d_grad_norm        | 0.0134      |
|    entropy_loss       | -0.044      |
|    explained_variance | 0.022264361 |
|    learning_rate      | 0.00974     |
|    n_updates          | 85671       |
|    policy_loss        | -0.000469   |
|    std                | 0.211       |
|    u_grad_norm        | 0.152       |
|    v_grad_norm        | 0.0107      |
|    value_loss         | 3.56e-06    |
---------------------------------------
--------------------------------------
| rollout/              |            |
|    ep_len_mean        | 500        |
|    ep_rew_mean        | -1.07e+03  |
| time/                 |            |
|    fps                | 9          |
|    iterations         | 487300     |
|    time_elapsed       | 7877       |
|    total_timesteps    | 552400     |
| train/                |            |
|    d_grad_norm        | 1.07       |
|    entropy_loss       | -3.1       |
|    explained_variance | 0.99916244 |
|    learning_rate      | 0.00986    |
|    n_updates          | 69046      |
|    policy_loss        | -1.84      |
|    std                | 0.339      |
|    u_grad_norm        | 0.0274     |
|    v_grad_norm        | 0.976      |
|    value_loss         | 0.535      |
--------------------------------------
--------------------------------------
| rollout/              |            |
|    ep_len_mean        | 500        |
|    ep_rew_mean        | -886       |
| time/                 |            |
|    fps                | 9          |
|    iterations         | 605300     |
|    time_elapsed       | 7878       |
|    total_timesteps    | 670400     |
| train/                |            |
|    d_grad_norm        | 0.0177     |
|    entropy_loss       | -0.00918   |
|    explained_variance | -29.139225 |
|    learning_rate      | 0.00975    |
|    n_updates          | 83796      |
|    policy_loss        | 0.000619   |
|    std                | 0.348      |
|    u_grad_norm        | 0.376      |
|    v_grad_norm        | 0.011      |
|    value_loss         | 1.27e-05   |
--------------------------------------
--------------------------------------
| rollout/              |            |
|    ep_len_mean        | 500        |
|    ep_rew_mean        | -1.81e+03  |
| time/                 |            |
|    fps                | 9          |
|    iterations         | 600400     |
|    time_elapsed       | 7931       |
|    total_timesteps    | 666200     |
| train/                |            |
|    d_grad_norm        | 1          |
|    entropy_loss       | -2.06      |
|    explained_variance | 0.93310547 |
|    learning_rate      | 0.00976    |
|    n_updates          | 83271      |
|    policy_loss        | 1.64       |
|    std                | 0.418      |
|    u_grad_norm        | 0.147      |
|    v_grad_norm        | 0.989      |
|    value_loss         | 1.21       |
--------------------------------------
--------------------------------------
| rollout/              |            |
|    ep_len_mean        | 500        |
|    ep_rew_mean        | -743       |
| time/                 |            |
|    fps                | 9          |
|    iterations         | 620400     |
|    time_elapsed       | 7932       |
|    total_timesteps    | 686200     |
| train/                |            |
|    d_grad_norm        | 0.00747    |
|    entropy_loss       | -0.14      |
|    explained_variance | 0.54311526 |
|    learning_rate      | 0.00974    |
|    n_updates          | 85771      |
|    policy_loss        | 7.61e-05   |
|    std                | 0.211      |
|    u_grad_norm        | 0.0745     |
|    v_grad_norm        | 0.00377    |
|    value_loss         | 4.88e-07   |
--------------------------------------
--------------------------------------
| rollout/              |            |
|    ep_len_mean        | 500        |
|    ep_rew_mean        | -1.09e+03  |
| time/                 |            |
|    fps                | 9          |
|    iterations         | 487400     |
|    time_elapsed       | 7932       |
|    total_timesteps    | 553200     |
| train/                |            |
|    d_grad_norm        | 0.856      |
|    entropy_loss       | -2.32      |
|    explained_variance | 0.99728453 |
|    learning_rate      | 0.00986    |
|    n_updates          | 69146      |
|    policy_loss        | -0.321     |
|    std                | 0.339      |
|    u_grad_norm        | 0.0686     |
|    v_grad_norm        | 1.06       |
|    value_loss         | 0.0622     |
--------------------------------------
--------------------------------------
| rollout/              |            |
|    ep_len_mean        | 500        |
|    ep_rew_mean        | -865       |
| time/                 |            |
|    fps                | 9          |
|    iterations         | 605400     |
|    time_elapsed       | 7933       |
|    total_timesteps    | 671200     |
| train/                |            |
|    d_grad_norm        | 0.0128     |
|    entropy_loss       | 0.0338     |
|    explained_variance | -13.017841 |
|    learning_rate      | 0.00975    |
|    n_updates          | 83896      |
|    policy_loss        | -0.000453  |
|    std                | 0.347      |
|    u_grad_norm        | 0.0386     |
|    v_grad_norm        | 0.00401    |
|    value_loss         | 1.68e-06   |
--------------------------------------
--------------------------------------
| rollout/              |            |
|    ep_len_mean        | 500        |
|    ep_rew_mean        | -1.84e+03  |
| time/                 |            |
|    fps                | 9          |
|    iterations         | 600500     |
|    time_elapsed       | 7945       |
|    total_timesteps    | 667000     |
| train/                |            |
|    d_grad_norm        | 1.03       |
|    entropy_loss       | -3.72      |
|    explained_variance | 0.99980676 |
|    learning_rate      | 0.00976    |
|    n_updates          | 83371      |
|    policy_loss        | -1.11      |
|    std                | 0.419      |
|    u_grad_norm        | 0.00257    |
|    v_grad_norm        | 0.964      |
|    value_loss         | 0.128      |
--------------------------------------
--------------------------------------
| rollout/              |            |
|    ep_len_mean        | 500        |
|    ep_rew_mean        | -698       |
| time/                 |            |
|    fps                | 9          |
|    iterations         | 620500     |
|    time_elapsed       | 7946       |
|    total_timesteps    | 687000     |
| train/                |            |
|    d_grad_norm        | 0.00418    |
|    entropy_loss       | -0.0383    |
|    explained_variance | -2.2245238 |
|    learning_rate      | 0.00974    |
|    n_updates          | 85871      |
|    policy_loss        | 2.36e-05   |
|    std                | 0.212      |
|    u_grad_norm        | 0.0394     |
|    v_grad_norm        | 0.00213    |
|    value_loss         | 1.85e-07   |
--------------------------------------
-------------------------------------
| rollout/              |           |
|    ep_len_mean        | 500       |
|    ep_rew_mean        | -1.09e+03 |
| time/                 |           |
|    fps                | 9         |
|    iterations         | 487500    |
|    time_elapsed       | 7946      |
|    total_timesteps    | 554000    |
| train/                |           |
|    d_grad_norm        | 0.964     |
|    entropy_loss       | -2.74     |
|    explained_variance | 0.9990316 |
|    learning_rate      | 0.00986   |
|    n_updates          | 69246     |
|    policy_loss        | 2.26      |
|    std                | 0.338     |
|    u_grad_norm        | 0.0328    |
|    v_grad_norm        | 0.96      |
|    value_loss         | 0.864     |
-------------------------------------
-------------------------------------
| rollout/              |           |
|    ep_len_mean        | 500       |
|    ep_rew_mean        | -839      |
| time/                 |           |
|    fps                | 9         |
|    iterations         | 605500    |
|    time_elapsed       | 7947      |
|    total_timesteps    | 672000    |
| train/                |           |
|    d_grad_norm        | 1.2       |
|    entropy_loss       | -1.89     |
|    explained_variance | 0.9921272 |
|    learning_rate      | 0.00975   |
|    n_updates          | 83996     |
|    policy_loss        | 1.06      |
|    std                | 0.348     |
|    u_grad_norm        | 0.242     |
|    v_grad_norm        | 1.07      |
|    value_loss         | 0.659     |
-------------------------------------
-------------------------------------
| rollout/              |           |
|    ep_len_mean        | 500       |
|    ep_rew_mean        | -1.83e+03 |
| time/                 |           |
|    fps                | 9         |
|    iterations         | 600600    |
|    time_elapsed       | 8000      |
|    total_timesteps    | 667800    |
| train/                |           |
|    d_grad_norm        | 1.03      |
|    entropy_loss       | -3.7      |
|    explained_variance | 0.9964605 |
|    learning_rate      | 0.00976   |
|    n_updates          | 83471     |
|    policy_loss        | 2.5       |
|    std                | 0.42      |
|    u_grad_norm        | 0.122     |
|    v_grad_norm        | 0.979     |
|    value_loss         | 0.365     |
-------------------------------------
--------------------------------------
| rollout/              |            |
|    ep_len_mean        | 500        |
|    ep_rew_mean        | -693       |
| time/                 |            |
|    fps                | 9          |
|    iterations         | 620600     |
|    time_elapsed       | 8001       |
|    total_timesteps    | 687800     |
| train/                |            |
|    d_grad_norm        | 0.0192     |
|    entropy_loss       | -0.233     |
|    explained_variance | -1.0764601 |
|    learning_rate      | 0.00974    |
|    n_updates          | 85971      |
|    policy_loss        | -0.00417   |
|    std                | 0.212      |
|    u_grad_norm        | 0.588      |
|    v_grad_norm        | 0.0164     |
|    value_loss         | 8.53e-06   |
--------------------------------------
----------------------------------------
| rollout/              |              |
|    ep_len_mean        | 500          |
|    ep_rew_mean        | -1.06e+03    |
| time/                 |              |
|    fps                | 9            |
|    iterations         | 487600       |
|    time_elapsed       | 8001         |
|    total_timesteps    | 554800       |
| train/                |              |
|    d_grad_norm        | 0.00136      |
|    entropy_loss       | -0.0513      |
|    explained_variance | -0.119451165 |
|    learning_rate      | 0.00986      |
|    n_updates          | 69346        |
|    policy_loss        | -0.000315    |
|    std                | 0.337        |
|    u_grad_norm        | 0.32         |
|    v_grad_norm        | 0.0103       |
|    value_loss         | 7.49e-06     |
----------------------------------------
--------------------------------------
| rollout/              |            |
|    ep_len_mean        | 500        |
|    ep_rew_mean        | -819       |
| time/                 |            |
|    fps                | 9          |
|    iterations         | 605600     |
|    time_elapsed       | 8002       |
|    total_timesteps    | 672800     |
| train/                |            |
|    d_grad_norm        | 0.00462    |
|    entropy_loss       | 0.0955     |
|    explained_variance | 0.79188126 |
|    learning_rate      | 0.00975    |
|    n_updates          | 84096      |
|    policy_loss        | 0.000126   |
|    std                | 0.347      |
|    u_grad_norm        | 0.118      |
|    v_grad_norm        | 0.00358    |
|    value_loss         | 5.76e-07   |
--------------------------------------
-------------------------------------
| rollout/              |           |
|    ep_len_mean        | 500       |
|    ep_rew_mean        | -1.86e+03 |
| time/                 |           |
|    fps                | 9         |
|    iterations         | 600700    |
|    time_elapsed       | 8055      |
|    total_timesteps    | 668600    |
| train/                |           |
|    d_grad_norm        | 0.974     |
|    entropy_loss       | -0.922    |
|    explained_variance | 0.9249879 |
|    learning_rate      | 0.00976   |
|    n_updates          | 83571     |
|    policy_loss        | 1.91      |
|    std                | 0.421     |
|    u_grad_norm        | 0.458     |
|    v_grad_norm        | 0.717     |
|    value_loss         | 3.1       |
-------------------------------------
------------------------------------------
| rollout/              |                |
|    ep_len_mean        | 500            |
|    ep_rew_mean        | -711           |
| time/                 |                |
|    fps                | 9              |
|    iterations         | 620700         |
|    time_elapsed       | 8056           |
|    total_timesteps    | 688600         |
| train/                |                |
|    d_grad_norm        | 0.0335         |
|    entropy_loss       | -0.0904        |
|    explained_variance | -0.00077581406 |
|    learning_rate      | 0.00974        |
|    n_updates          | 86071          |
|    policy_loss        | 0.00133        |
|    std                | 0.211          |
|    u_grad_norm        | 0.227          |
|    v_grad_norm        | 0.0243         |
|    value_loss         | 1.9e-05        |
------------------------------------------
--------------------------------------
| rollout/              |            |
|    ep_len_mean        | 500        |
|    ep_rew_mean        | -1.07e+03  |
| time/                 |            |
|    fps                | 9          |
|    iterations         | 487700     |
|    time_elapsed       | 8056       |
|    total_timesteps    | 555600     |
| train/                |            |
|    d_grad_norm        | 0.0487     |
|    entropy_loss       | -0.264     |
|    explained_variance | -2.1479783 |
|    learning_rate      | 0.00986    |
|    n_updates          | 69446      |
|    policy_loss        | -0.00114   |
|    std                | 0.334      |
|    u_grad_norm        | 0.595      |
|    v_grad_norm        | 0.0121     |
|    value_loss         | 1.23e-05   |
--------------------------------------
-------------------------------------
| rollout/              |           |
|    ep_len_mean        | 500       |
|    ep_rew_mean        | -818      |
| time/                 |           |
|    fps                | 9         |
|    iterations         | 605700    |
|    time_elapsed       | 8058      |
|    total_timesteps    | 673600    |
| train/                |           |
|    d_grad_norm        | 0.906     |
|    entropy_loss       | -2.73     |
|    explained_variance | 0.9691113 |
|    learning_rate      | 0.00975   |
|    n_updates          | 84196     |
|    policy_loss        | -2.98     |
|    std                | 0.347     |
|    u_grad_norm        | 0.0424    |
|    v_grad_norm        | 0.969     |
|    value_loss         | 1.78      |
-------------------------------------
Stopping because gradient norm condition is fulfilled
--------------------------------------
| rollout/              |            |
|    ep_len_mean        | 500        |
|    ep_rew_mean        | -1.88e+03  |
| time/                 |            |
|    fps                | 9          |
|    iterations         | 600800     |
|    time_elapsed       | 8107       |
|    total_timesteps    | 669400     |
| train/                |            |
|    d_grad_norm        | 1.12       |
|    entropy_loss       | -2.34      |
|    explained_variance | 0.99981594 |
|    learning_rate      | 0.00975    |
|    n_updates          | 83671      |
|    policy_loss        | 0.417      |
|    std                | 0.421      |
|    u_grad_norm        | 0.0439     |
|    v_grad_norm        | 1.03       |
|    value_loss         | 0.0646     |
--------------------------------------
---------------------------------------
| rollout/              |             |
|    ep_len_mean        | 500         |
|    ep_rew_mean        | -706        |
| time/                 |             |
|    fps                | 9           |
|    iterations         | 620800      |
|    time_elapsed       | 8108        |
|    total_timesteps    | 689400      |
| train/                |             |
|    d_grad_norm        | 0.00951     |
|    entropy_loss       | -0.0595     |
|    explained_variance | -0.12280071 |
|    learning_rate      | 0.00974     |
|    n_updates          | 86171       |
|    policy_loss        | -0.000121   |
|    std                | 0.211       |
|    u_grad_norm        | 0.0119      |
|    v_grad_norm        | 0.00164     |
|    value_loss         | 8e-08       |
---------------------------------------
--------------------------------------
| rollout/              |            |
|    ep_len_mean        | 500        |
|    ep_rew_mean        | -829       |
| time/                 |            |
|    fps                | 9          |
|    iterations         | 605800     |
|    time_elapsed       | 8109       |
|    total_timesteps    | 674400     |
| train/                |            |
|    d_grad_norm        | 0.0112     |
|    entropy_loss       | 0.0999     |
|    explained_variance | -65.473145 |
|    learning_rate      | 0.00975    |
|    n_updates          | 84296      |
|    policy_loss        | -0.000233  |
|    std                | 0.348      |
|    u_grad_norm        | 0.0856     |
|    v_grad_norm        | 0.00427    |
|    value_loss         | 2.06e-06   |
--------------------------------------
--------------------------------------
| rollout/              |            |
|    ep_len_mean        | 500        |
|    ep_rew_mean        | -1.89e+03  |
| time/                 |            |
|    fps                | 9          |
|    iterations         | 600900     |
|    time_elapsed       | 8158       |
|    total_timesteps    | 670200     |
| train/                |            |
|    d_grad_norm        | 0.169      |
|    entropy_loss       | -0.305     |
|    explained_variance | -4.6250477 |
|    learning_rate      | 0.00975    |
|    n_updates          | 83771      |
|    policy_loss        | 0.0269     |
|    std                | 0.42       |
|    u_grad_norm        | 0.988      |
|    v_grad_norm        | 0.0363     |
|    value_loss         | 0.000393   |
--------------------------------------
---------------------------------------
| rollout/              |             |
|    ep_len_mean        | 500         |
|    ep_rew_mean        | -707        |
| time/                 |             |
|    fps                | 9           |
|    iterations         | 620900      |
|    time_elapsed       | 8159        |
|    total_timesteps    | 690200      |
| train/                |             |
|    d_grad_norm        | 0.0379      |
|    entropy_loss       | -0.0222     |
|    explained_variance | 0.045078218 |
|    learning_rate      | 0.00974     |
|    n_updates          | 86271       |
|    policy_loss        | -0.000994   |
|    std                | 0.211       |
|    u_grad_norm        | 0.221       |
|    v_grad_norm        | 0.0178      |
|    value_loss         | 9.94e-06    |
---------------------------------------
-------------------------------------
| rollout/              |           |
|    ep_len_mean        | 500       |
|    ep_rew_mean        | -812      |
| time/                 |           |
|    fps                | 9         |
|    iterations         | 605900    |
|    time_elapsed       | 8160      |
|    total_timesteps    | 675200    |
| train/                |           |
|    d_grad_norm        | 0.0364    |
|    entropy_loss       | -0.316    |
|    explained_variance | 0.9009241 |
|    learning_rate      | 0.00975   |
|    n_updates          | 84396     |
|    policy_loss        | 0.00685   |
|    std                | 0.347     |
|    u_grad_norm        | 0.261     |
|    v_grad_norm        | 0.0319    |
|    value_loss         | 0.000504  |
-------------------------------------
Eval num_timesteps=671000, episode_reward=-2997.86 +/- 749.60
Episode length: 500.00 +/- 0.00
--------------------------------------
| eval/                 |            |
|    mean_ep_length     | 500        |
|    mean_reward        | -3e+03     |
| time/                 |            |
|    total_timesteps    | 671000     |
| train/                |            |
|    d_grad_norm        | 1          |
|    entropy_loss       | -2.47      |
|    explained_variance | 0.75879437 |
|    learning_rate      | 0.00975    |
|    n_updates          | 83871      |
|    policy_loss        | -3.3       |
|    std                | 0.419      |
|    u_grad_norm        | 0.396      |
|    v_grad_norm        | 0.739      |
|    value_loss         | 6.2        |
--------------------------------------
----------------------------------
| rollout/           |           |
|    ep_len_mean     | 500       |
|    ep_rew_mean     | -1.87e+03 |
| time/              |           |
|    fps             | 9         |
|    iterations      | 601000    |
|    time_elapsed    | 8397      |
|    total_timesteps | 671000    |
----------------------------------
Eval num_timesteps=691000, episode_reward=-1608.48 +/- 1199.40
Episode length: 500.00 +/- 0.00
--------------------------------------
| eval/                 |            |
|    mean_ep_length     | 500        |
|    mean_reward        | -1.61e+03  |
| time/                 |            |
|    total_timesteps    | 691000     |
| train/                |            |
|    d_grad_norm        | 0.00116    |
|    entropy_loss       | -0.0137    |
|    explained_variance | -1.5491736 |
|    learning_rate      | 0.00973    |
|    n_updates          | 86371      |
|    policy_loss        | -7.64e-06  |
|    std                | 0.211      |
|    u_grad_norm        | 0.0116     |
|    v_grad_norm        | 0.000473   |
|    value_loss         | 7.57e-09   |
--------------------------------------
---------------------------------
| rollout/           |          |
|    ep_len_mean     | 500      |
|    ep_rew_mean     | -707     |
| time/              |          |
|    fps             | 9        |
|    iterations      | 621000   |
|    time_elapsed    | 8398     |
|    total_timesteps | 691000   |
---------------------------------
Eval num_timesteps=676000, episode_reward=-737.61 +/- 424.54
Episode length: 500.00 +/- 0.00
-------------------------------------
| eval/                 |           |
|    mean_ep_length     | 500       |
|    mean_reward        | -738      |
| time/                 |           |
|    total_timesteps    | 676000    |
| train/                |           |
|    d_grad_norm        | 0.00105   |
|    entropy_loss       | -0.11     |
|    explained_variance | -0.819404 |
|    learning_rate      | 0.00975   |
|    n_updates          | 84496     |
|    policy_loss        | 5.38e-05  |
|    std                | 0.348     |
|    u_grad_norm        | 0.0281    |
|    v_grad_norm        | 0.000393  |
|    value_loss         | 8.98e-07  |
-------------------------------------
---------------------------------
| rollout/           |          |
|    ep_len_mean     | 500      |
|    ep_rew_mean     | -814     |
| time/              |          |
|    fps             | 9        |
|    iterations      | 606000   |
|    time_elapsed    | 8400     |
|    total_timesteps | 676000   |
---------------------------------
--------------------------------------
| rollout/              |            |
|    ep_len_mean        | 500        |
|    ep_rew_mean        | -1.86e+03  |
| time/                 |            |
|    fps                | 9          |
|    iterations         | 601100     |
|    time_elapsed       | 8448       |
|    total_timesteps    | 671800     |
| train/                |            |
|    d_grad_norm        | 0.127      |
|    entropy_loss       | -0.234     |
|    explained_variance | -1.9425638 |
|    learning_rate      | 0.00975    |
|    n_updates          | 83971      |
|    policy_loss        | 0.000844   |
|    std                | 0.42       |
|    u_grad_norm        | 0.496      |
|    v_grad_norm        | 0.0573     |
|    value_loss         | 3.66e-05   |
--------------------------------------
---------------------------------------
| rollout/              |             |
|    ep_len_mean        | 500         |
|    ep_rew_mean        | -677        |
| time/                 |             |
|    fps                | 9           |
|    iterations         | 621100      |
|    time_elapsed       | 8449        |
|    total_timesteps    | 691800      |
| train/                |             |
|    d_grad_norm        | 0.0126      |
|    entropy_loss       | -0.0617     |
|    explained_variance | -0.92433953 |
|    learning_rate      | 0.00973     |
|    n_updates          | 86471       |
|    policy_loss        | -0.00017    |
|    std                | 0.211       |
|    u_grad_norm        | 0.00622     |
|    v_grad_norm        | 0.00265     |
|    value_loss         | 2.12e-07    |
---------------------------------------
-------------------------------------
| rollout/              |           |
|    ep_len_mean        | 500       |
|    ep_rew_mean        | -814      |
| time/                 |           |
|    fps                | 9         |
|    iterations         | 606100    |
|    time_elapsed       | 8451      |
|    total_timesteps    | 676800    |
| train/                |           |
|    d_grad_norm        | 0.00224   |
|    entropy_loss       | 0.0856    |
|    explained_variance | -12.10821 |
|    learning_rate      | 0.00975   |
|    n_updates          | 84596     |
|    policy_loss        | -0.000207 |
|    std                | 0.347     |
|    u_grad_norm        | 0.00043   |
|    v_grad_norm        | 0.00182   |
|    value_loss         | 2.15e-07  |
-------------------------------------
-------------------------------------
| rollout/              |           |
|    ep_len_mean        | 500       |
|    ep_rew_mean        | -1.79e+03 |
| time/                 |           |
|    fps                | 9         |
|    iterations         | 601200    |
|    time_elapsed       | 8499      |
|    total_timesteps    | 672600    |
| train/                |           |
|    d_grad_norm        | 1.02      |
|    entropy_loss       | -1.81     |
|    explained_variance | 0.9730069 |
|    learning_rate      | 0.00975   |
|    n_updates          | 84071     |
|    policy_loss        | 0.786     |
|    std                | 0.42      |
|    u_grad_norm        | 0.0776    |
|    v_grad_norm        | 1         |
|    value_loss         | 0.768     |
-------------------------------------
-------------------------------------
| rollout/              |           |
|    ep_len_mean        | 500       |
|    ep_rew_mean        | -678      |
| time/                 |           |
|    fps                | 9         |
|    iterations         | 621200    |
|    time_elapsed       | 8500      |
|    total_timesteps    | 692600    |
| train/                |           |
|    d_grad_norm        | 1.05      |
|    entropy_loss       | -2.17     |
|    explained_variance | 0.9976265 |
|    learning_rate      | 0.00973   |
|    n_updates          | 86571     |
|    policy_loss        | -1.19     |
|    std                | 0.21      |
|    u_grad_norm        | 0.0521    |
|    v_grad_norm        | 0.976     |
|    value_loss         | 0.571     |
-------------------------------------
--------------------------------------
| rollout/              |            |
|    ep_len_mean        | 500        |
|    ep_rew_mean        | -814       |
| time/                 |            |
|    fps                | 9          |
|    iterations         | 606200     |
|    time_elapsed       | 8501       |
|    total_timesteps    | 677600     |
| train/                |            |
|    d_grad_norm        | 0.0058     |
|    entropy_loss       | 0.153      |
|    explained_variance | -0.7003598 |
|    learning_rate      | 0.00975    |
|    n_updates          | 84696      |
|    policy_loss        | 0.000119   |
|    std                | 0.347      |
|    u_grad_norm        | 0.0592     |
|    v_grad_norm        | 0.00244    |
|    value_loss         | 4.99e-07   |
--------------------------------------
-------------------------------------
| rollout/              |           |
|    ep_len_mean        | 500       |
|    ep_rew_mean        | -1.79e+03 |
| time/                 |           |
|    fps                | 9         |
|    iterations         | 601300    |
|    time_elapsed       | 8550      |
|    total_timesteps    | 673400    |
| train/                |           |
|    d_grad_norm        | 0.911     |
|    entropy_loss       | -3.03     |
|    explained_variance | 0.7845268 |
|    learning_rate      | 0.00975   |
|    n_updates          | 84171     |
|    policy_loss        | -5.16     |
|    std                | 0.421     |
|    u_grad_norm        | 0.292     |
|    v_grad_norm        | 0.862     |
|    value_loss         | 8.86      |
-------------------------------------
-------------------------------------
| rollout/              |           |
|    ep_len_mean        | 500       |
|    ep_rew_mean        | -665      |
| time/                 |           |
|    fps                | 9         |
|    iterations         | 621300    |
|    time_elapsed       | 8551      |
|    total_timesteps    | 693400    |
| train/                |           |
|    d_grad_norm        | 0.00672   |
|    entropy_loss       | 0.00268   |
|    explained_variance | 0.6441895 |
|    learning_rate      | 0.00973   |
|    n_updates          | 86671     |
|    policy_loss        | 0.000184  |
|    std                | 0.21      |
|    u_grad_norm        | 0.0521    |
|    v_grad_norm        | 0.00152   |
|    value_loss         | 7.95e-08  |
-------------------------------------
-----------------------------------------
| rollout/              |               |
|    ep_len_mean        | 500           |
|    ep_rew_mean        | -808          |
| time/                 |               |
|    fps                | 9             |
|    iterations         | 606300        |
|    time_elapsed       | 8553          |
|    total_timesteps    | 678400        |
| train/                |               |
|    d_grad_norm        | 0.0118        |
|    entropy_loss       | 0.0972        |
|    explained_variance | -0.0051071644 |
|    learning_rate      | 0.00975       |
|    n_updates          | 84796         |
|    policy_loss        | -0.000519     |
|    std                | 0.347         |
|    u_grad_norm        | 0.0354        |
|    v_grad_norm        | 0.00452       |
|    value_loss         | 1.02e-06      |
-----------------------------------------
-------------------------------------
| rollout/              |           |
|    ep_len_mean        | 500       |
|    ep_rew_mean        | -1.79e+03 |
| time/                 |           |
|    fps                | 9         |
|    iterations         | 601400    |
|    time_elapsed       | 8601      |
|    total_timesteps    | 674200    |
| train/                |           |
|    d_grad_norm        | 0.944     |
|    entropy_loss       | -3.67     |
|    explained_variance | 0.9983297 |
|    learning_rate      | 0.00975   |
|    n_updates          | 84271     |
|    policy_loss        | -2.41     |
|    std                | 0.42      |
|    u_grad_norm        | 0.047     |
|    v_grad_norm        | 0.997     |
|    value_loss         | 0.582     |
-------------------------------------
----------------------------------------
| rollout/              |              |
|    ep_len_mean        | 500          |
|    ep_rew_mean        | -639         |
| time/                 |              |
|    fps                | 9            |
|    iterations         | 621400       |
|    time_elapsed       | 8602         |
|    total_timesteps    | 694200       |
| train/                |              |
|    d_grad_norm        | 0.0231       |
|    entropy_loss       | -0.0634      |
|    explained_variance | -0.080646396 |
|    learning_rate      | 0.00973      |
|    n_updates          | 86771        |
|    policy_loss        | -0.00069     |
|    std                | 0.21         |
|    u_grad_norm        | 0.0777       |
|    v_grad_norm        | 0.0101       |
|    value_loss         | 3.5e-06      |
----------------------------------------
--------------------------------------
| rollout/              |            |
|    ep_len_mean        | 500        |
|    ep_rew_mean        | -783       |
| time/                 |            |
|    fps                | 9          |
|    iterations         | 606400     |
|    time_elapsed       | 8603       |
|    total_timesteps    | 679200     |
| train/                |            |
|    d_grad_norm        | 0.0012     |
|    entropy_loss       | 0.174      |
|    explained_variance | -7.4210205 |
|    learning_rate      | 0.00975    |
|    n_updates          | 84896      |
|    policy_loss        | 0.00015    |
|    std                | 0.347      |
|    u_grad_norm        | 0.017      |
|    v_grad_norm        | 0.000458   |
|    value_loss         | 1.23e-06   |
--------------------------------------
-------------------------------------
| rollout/              |           |
|    ep_len_mean        | 500       |
|    ep_rew_mean        | -1.85e+03 |
| time/                 |           |
|    fps                | 9         |
|    iterations         | 601500    |
|    time_elapsed       | 8614      |
|    total_timesteps    | 675000    |
| train/                |           |
|    d_grad_norm        | 1.12      |
|    entropy_loss       | -2.77     |
|    explained_variance | 0.9654316 |
|    learning_rate      | 0.00975   |
|    n_updates          | 84371     |
|    policy_loss        | -1.44     |
|    std                | 0.421     |
|    u_grad_norm        | 0.0487    |
|    v_grad_norm        | 0.962     |
|    value_loss         | 0.288     |
-------------------------------------
---------------------------------------
| rollout/              |             |
|    ep_len_mean        | 500         |
|    ep_rew_mean        | -649        |
| time/                 |             |
|    fps                | 9           |
|    iterations         | 621500      |
|    time_elapsed       | 8615        |
|    total_timesteps    | 695000      |
| train/                |             |
|    d_grad_norm        | 0.00641     |
|    entropy_loss       | -0.0742     |
|    explained_variance | -0.21745408 |
|    learning_rate      | 0.00973     |
|    n_updates          | 86871       |
|    policy_loss        | -0.000183   |
|    std                | 0.21        |
|    u_grad_norm        | 0.024       |
|    v_grad_norm        | 0.0028      |
|    value_loss         | 2.68e-07    |
---------------------------------------
-------------------------------------
| rollout/              |           |
|    ep_len_mean        | 500       |
|    ep_rew_mean        | -781      |
| time/                 |           |
|    fps                | 9         |
|    iterations         | 606500    |
|    time_elapsed       | 8616      |
|    total_timesteps    | 680000    |
| train/                |           |
|    d_grad_norm        | 0.00981   |
|    entropy_loss       | 0.12      |
|    explained_variance | -65.42176 |
|    learning_rate      | 0.00974   |
|    n_updates          | 84996     |
|    policy_loss        | -0.000197 |
|    std                | 0.347     |
|    u_grad_norm        | 0.00484   |
|    v_grad_norm        | 0.00175   |
|    value_loss         | 2.91e-07  |
-------------------------------------
--------------------------------------
| rollout/              |            |
|    ep_len_mean        | 500        |
|    ep_rew_mean        | -1.83e+03  |
| time/                 |            |
|    fps                | 9          |
|    iterations         | 601600     |
|    time_elapsed       | 8664       |
|    total_timesteps    | 675800     |
| train/                |            |
|    d_grad_norm        | 0.0171     |
|    entropy_loss       | -0.236     |
|    explained_variance | -24.189049 |
|    learning_rate      | 0.00975    |
|    n_updates          | 84471      |
|    policy_loss        | 0.00215    |
|    std                | 0.419      |
|    u_grad_norm        | 0.0676     |
|    v_grad_norm        | 0.016      |
|    value_loss         | 0.000145   |
--------------------------------------
----------------------------------------
| rollout/              |              |
|    ep_len_mean        | 500          |
|    ep_rew_mean        | -641         |
| time/                 |              |
|    fps                | 9            |
|    iterations         | 621600       |
|    time_elapsed       | 8665         |
|    total_timesteps    | 695800       |
| train/                |              |
|    d_grad_norm        | 0.00404      |
|    entropy_loss       | -0.0161      |
|    explained_variance | -0.034598827 |
|    learning_rate      | 0.00973      |
|    n_updates          | 86971        |
|    policy_loss        | -0.000149    |
|    std                | 0.21         |
|    u_grad_norm        | 0.0155       |
|    v_grad_norm        | 0.0019       |
|    value_loss         | 1.23e-07     |
----------------------------------------
-------------------------------------
| rollout/              |           |
|    ep_len_mean        | 500       |
|    ep_rew_mean        | -809      |
| time/                 |           |
|    fps                | 9         |
|    iterations         | 606600    |
|    time_elapsed       | 8667      |
|    total_timesteps    | 680800    |
| train/                |           |
|    d_grad_norm        | 0.0123    |
|    entropy_loss       | 0.103     |
|    explained_variance | -5.364999 |
|    learning_rate      | 0.00974   |
|    n_updates          | 85096     |
|    policy_loss        | -0.000257 |
|    std                | 0.349     |
|    u_grad_norm        | 0.148     |
|    v_grad_norm        | 0.00669   |
|    value_loss         | 3.21e-06  |
-------------------------------------
--------------------------------------
| rollout/              |            |
|    ep_len_mean        | 500        |
|    ep_rew_mean        | -1.76e+03  |
| time/                 |            |
|    fps                | 9          |
|    iterations         | 601700     |
|    time_elapsed       | 8715       |
|    total_timesteps    | 676600     |
| train/                |            |
|    d_grad_norm        | 0.965      |
|    entropy_loss       | -3.25      |
|    explained_variance | 0.99587077 |
|    learning_rate      | 0.00975    |
|    n_updates          | 84571      |
|    policy_loss        | 1.66       |
|    std                | 0.418      |
|    u_grad_norm        | 0.0681     |
|    v_grad_norm        | 0.981      |
|    value_loss         | 0.607      |
--------------------------------------
--------------------------------------
| rollout/              |            |
|    ep_len_mean        | 500        |
|    ep_rew_mean        | -638       |
| time/                 |            |
|    fps                | 9          |
|    iterations         | 621700     |
|    time_elapsed       | 8716       |
|    total_timesteps    | 696600     |
| train/                |            |
|    d_grad_norm        | 0.0477     |
|    entropy_loss       | -0.0508    |
|    explained_variance | 0.20467597 |
|    learning_rate      | 0.00973    |
|    n_updates          | 87071      |
|    policy_loss        | 0.000876   |
|    std                | 0.21       |
|    u_grad_norm        | 0.293      |
|    v_grad_norm        | 0.0215     |
|    value_loss         | 1.53e-05   |
--------------------------------------
-------------------------------------
| rollout/              |           |
|    ep_len_mean        | 500       |
|    ep_rew_mean        | -814      |
| time/                 |           |
|    fps                | 9         |
|    iterations         | 606700    |
|    time_elapsed       | 8717      |
|    total_timesteps    | 681600    |
| train/                |           |
|    d_grad_norm        | 0.763     |
|    entropy_loss       | -0.294    |
|    explained_variance | 0.3066277 |
|    learning_rate      | 0.00974   |
|    n_updates          | 85196     |
|    policy_loss        | 0.00182   |
|    std                | 0.35      |
|    u_grad_norm        | 0.984     |
|    v_grad_norm        | 0.0721    |
|    value_loss         | 0.00175   |
-------------------------------------
--------------------------------------
| rollout/              |            |
|    ep_len_mean        | 500        |
|    ep_rew_mean        | -1.76e+03  |
| time/                 |            |
|    fps                | 9          |
|    iterations         | 601800     |
|    time_elapsed       | 8765       |
|    total_timesteps    | 677400     |
| train/                |            |
|    d_grad_norm        | 0.00453    |
|    entropy_loss       | -0.148     |
|    explained_variance | -1.2960651 |
|    learning_rate      | 0.00975    |
|    n_updates          | 84671      |
|    policy_loss        | -0.00012   |
|    std                | 0.419      |
|    u_grad_norm        | 0.000849   |
|    v_grad_norm        | 0.00438    |
|    value_loss         | 7.01e-07   |
--------------------------------------
-------------------------------------
| rollout/              |           |
|    ep_len_mean        | 500       |
|    ep_rew_mean        | -638      |
| time/                 |           |
|    fps                | 9         |
|    iterations         | 621800    |
|    time_elapsed       | 8766      |
|    total_timesteps    | 697400    |
| train/                |           |
|    d_grad_norm        | 0.0193    |
|    entropy_loss       | 0.0304    |
|    explained_variance | -0.679638 |
|    learning_rate      | 0.00973   |
|    n_updates          | 87171     |
|    policy_loss        | -0.00159  |
|    std                | 0.211     |
|    u_grad_norm        | 0.231     |
|    v_grad_norm        | 0.00363   |
|    value_loss         | 4.43e-07  |
-------------------------------------
--------------------------------------
| rollout/              |            |
|    ep_len_mean        | 500        |
|    ep_rew_mean        | -808       |
| time/                 |            |
|    fps                | 9          |
|    iterations         | 606800     |
|    time_elapsed       | 8768       |
|    total_timesteps    | 682400     |
| train/                |            |
|    d_grad_norm        | 0.00347    |
|    entropy_loss       | 0.15       |
|    explained_variance | -0.1926465 |
|    learning_rate      | 0.00974    |
|    n_updates          | 85296      |
|    policy_loss        | -0.000722  |
|    std                | 0.351      |
|    u_grad_norm        | 0.0426     |
|    v_grad_norm        | 0.00482    |
|    value_loss         | 1.6e-06    |
--------------------------------------
--------------------------------------
| rollout/              |            |
|    ep_len_mean        | 500        |
|    ep_rew_mean        | -1.71e+03  |
| time/                 |            |
|    fps                | 9          |
|    iterations         | 601900     |
|    time_elapsed       | 8816       |
|    total_timesteps    | 678200     |
| train/                |            |
|    d_grad_norm        | 0.209      |
|    entropy_loss       | -0.937     |
|    explained_variance | -6.7252574 |
|    learning_rate      | 0.00975    |
|    n_updates          | 84771      |
|    policy_loss        | 0.0217     |
|    std                | 0.419      |
|    u_grad_norm        | 0.995      |
|    v_grad_norm        | 0.0631     |
|    value_loss         | 0.000593   |
--------------------------------------
--------------------------------------
| rollout/              |            |
|    ep_len_mean        | 500        |
|    ep_rew_mean        | -644       |
| time/                 |            |
|    fps                | 9          |
|    iterations         | 621900     |
|    time_elapsed       | 8817       |
|    total_timesteps    | 698200     |
| train/                |            |
|    d_grad_norm        | 0.544      |
|    entropy_loss       | -1.73      |
|    explained_variance | 0.99632734 |
|    learning_rate      | 0.00973    |
|    n_updates          | 87271      |
|    policy_loss        | -0.21      |
|    std                | 0.21       |
|    u_grad_norm        | 0.457      |
|    v_grad_norm        | 0.724      |
|    value_loss         | 0.29       |
--------------------------------------
------------------------------------
| rollout/              |          |
|    ep_len_mean        | 500      |
|    ep_rew_mean        | -803     |
| time/                 |          |
|    fps                | 9        |
|    iterations         | 606900   |
|    time_elapsed       | 8818     |
|    total_timesteps    | 683200   |
| train/                |          |
|    d_grad_norm        | 0.894    |
|    entropy_loss       | -2.79    |
|    explained_variance | 0.990905 |
|    learning_rate      | 0.00974  |
|    n_updates          | 85396    |
|    policy_loss        | 5.09     |
|    std                | 0.351    |
|    u_grad_norm        | 0.0363   |
|    v_grad_norm        | 0.949    |
|    value_loss         | 4.33     |
------------------------------------
--------------------------------------
| rollout/              |            |
|    ep_len_mean        | 500        |
|    ep_rew_mean        | -1.72e+03  |
| time/                 |            |
|    fps                | 9          |
|    iterations         | 602000     |
|    time_elapsed       | 8829       |
|    total_timesteps    | 679000     |
| train/                |            |
|    d_grad_norm        | 0.186      |
|    entropy_loss       | -1.18      |
|    explained_variance | -10.811832 |
|    learning_rate      | 0.00975    |
|    n_updates          | 84871      |
|    policy_loss        | -0.00611   |
|    std                | 0.419      |
|    u_grad_norm        | 1.08       |
|    v_grad_norm        | 0.108      |
|    value_loss         | 0.0011     |
--------------------------------------
---------------------------------------
| rollout/              |             |
|    ep_len_mean        | 500         |
|    ep_rew_mean        | -659        |
| time/                 |             |
|    fps                | 9           |
|    iterations         | 622000      |
|    time_elapsed       | 8830        |
|    total_timesteps    | 699000      |
| train/                |             |
|    d_grad_norm        | 0.00528     |
|    entropy_loss       | -0.0268     |
|    explained_variance | -0.23446989 |
|    learning_rate      | 0.00973     |
|    n_updates          | 87371       |
|    policy_loss        | -0.00034    |
|    std                | 0.209       |
|    u_grad_norm        | 0.0032      |
|    v_grad_norm        | 0.00391     |
|    value_loss         | 5.53e-07    |
---------------------------------------
---------------------------------------
| rollout/              |             |
|    ep_len_mean        | 500         |
|    ep_rew_mean        | -839        |
| time/                 |             |
|    fps                | 9           |
|    iterations         | 607000      |
|    time_elapsed       | 8831        |
|    total_timesteps    | 684000      |
| train/                |             |
|    d_grad_norm        | 0.0354      |
|    entropy_loss       | 0.105       |
|    explained_variance | 0.027163386 |
|    learning_rate      | 0.00974     |
|    n_updates          | 85496       |
|    policy_loss        | 0.00104     |
|    std                | 0.352       |
|    u_grad_norm        | 0.132       |
|    v_grad_norm        | 0.00876     |
|    value_loss         | 5.28e-06    |
---------------------------------------
--------------------------------------
| rollout/              |            |
|    ep_len_mean        | 500        |
|    ep_rew_mean        | -1.76e+03  |
| time/                 |            |
|    fps                | 9          |
|    iterations         | 602100     |
|    time_elapsed       | 8880       |
|    total_timesteps    | 679800     |
| train/                |            |
|    d_grad_norm        | 0.00932    |
|    entropy_loss       | -0.117     |
|    explained_variance | -7.2337294 |
|    learning_rate      | 0.00974    |
|    n_updates          | 84971      |
|    policy_loss        | -0.000175  |
|    std                | 0.418      |
|    u_grad_norm        | 0.0463     |
|    v_grad_norm        | 0.00742    |
|    value_loss         | 1.51e-06   |
--------------------------------------
---------------------------------------
| rollout/              |             |
|    ep_len_mean        | 500         |
|    ep_rew_mean        | -659        |
| time/                 |             |
|    fps                | 9           |
|    iterations         | 622100      |
|    time_elapsed       | 8881        |
|    total_timesteps    | 699800      |
| train/                |             |
|    d_grad_norm        | 0.115       |
|    entropy_loss       | -0.223      |
|    explained_variance | -0.29286432 |
|    learning_rate      | 0.00973     |
|    n_updates          | 87471       |
|    policy_loss        | -0.00599    |
|    std                | 0.208       |
|    u_grad_norm        | 1.01        |
|    v_grad_norm        | 0.0587      |
|    value_loss         | 0.000344    |
---------------------------------------
--------------------------------------
| rollout/              |            |
|    ep_len_mean        | 500        |
|    ep_rew_mean        | -841       |
| time/                 |            |
|    fps                | 9          |
|    iterations         | 607100     |
|    time_elapsed       | 8882       |
|    total_timesteps    | 684800     |
| train/                |            |
|    d_grad_norm        | 0.123      |
|    entropy_loss       | -0.121     |
|    explained_variance | -0.7701341 |
|    learning_rate      | 0.00974    |
|    n_updates          | 85596      |
|    policy_loss        | 0.00948    |
|    std                | 0.354      |
|    u_grad_norm        | 0.963      |
|    v_grad_norm        | 0.13       |
|    value_loss         | 0.00177    |
--------------------------------------
-------------------------------------
| rollout/              |           |
|    ep_len_mean        | 500       |
|    ep_rew_mean        | -1.72e+03 |
| time/                 |           |
|    fps                | 10        |
|    iterations         | 602200    |
|    time_elapsed       | 8930      |
|    total_timesteps    | 680600    |
| train/                |           |
|    d_grad_norm        | 1.1       |
|    entropy_loss       | -2.62     |
|    explained_variance | 0.6367448 |
|    learning_rate      | 0.00974   |
|    n_updates          | 85071     |
|    policy_loss        | 1.11      |
|    std                | 0.418     |
|    u_grad_norm        | 0.0362    |
|    v_grad_norm        | 0.937     |
|    value_loss         | 0.269     |
-------------------------------------
--------------------------------------
| rollout/              |            |
|    ep_len_mean        | 500        |
|    ep_rew_mean        | -674       |
| time/                 |            |
|    fps                | 10         |
|    iterations         | 622200     |
|    time_elapsed       | 8932       |
|    total_timesteps    | 700600     |
| train/                |            |
|    d_grad_norm        | 0.893      |
|    entropy_loss       | -1.83      |
|    explained_variance | 0.99630916 |
|    learning_rate      | 0.00973    |
|    n_updates          | 87571      |
|    policy_loss        | 2.44       |
|    std                | 0.208      |
|    u_grad_norm        | 0.0715     |
|    v_grad_norm        | 0.923      |
|    value_loss         | 2.59       |
--------------------------------------
--------------------------------------
| rollout/              |            |
|    ep_len_mean        | 500        |
|    ep_rew_mean        | -848       |
| time/                 |            |
|    fps                | 10         |
|    iterations         | 607200     |
|    time_elapsed       | 8933       |
|    total_timesteps    | 685600     |
| train/                |            |
|    d_grad_norm        | 0.59       |
|    entropy_loss       | -3.01      |
|    explained_variance | 0.99927384 |
|    learning_rate      | 0.00974    |
|    n_updates          | 85696      |
|    policy_loss        | 0.322      |
|    std                | 0.353      |
|    u_grad_norm        | 0.019      |
|    v_grad_norm        | 0.97       |
|    value_loss         | 0.0603     |
--------------------------------------
Eval num_timesteps=681000, episode_reward=-1662.55 +/- 1563.77
Episode length: 500.00 +/- 0.00
--------------------------------------
| eval/                 |            |
|    mean_ep_length     | 500        |
|    mean_reward        | -1.66e+03  |
| time/                 |            |
|    total_timesteps    | 681000     |
| train/                |            |
|    d_grad_norm        | 0.0239     |
|    entropy_loss       | -0.182     |
|    explained_variance | -1.2718196 |
|    learning_rate      | 0.00974    |
|    n_updates          | 85121      |
|    policy_loss        | -5.63e-05  |
|    std                | 0.418      |
|    u_grad_norm        | 0.244      |
|    v_grad_norm        | 0.0235     |
|    value_loss         | 1.1e-05    |
--------------------------------------
Eval num_timesteps=701000, episode_reward=-532.67 +/- 617.30
Episode length: 500.00 +/- 0.00
-------------------------------------
| eval/                 |           |
|    mean_ep_length     | 500       |
|    mean_reward        | -533      |
| time/                 |           |
|    total_timesteps    | 701000    |
| train/                |           |
|    d_grad_norm        | 1.08      |
|    entropy_loss       | -2.44     |
|    explained_variance | 0.9998124 |
|    learning_rate      | 0.00973   |
|    n_updates          | 87621     |
|    policy_loss        | -0.879    |
|    std                | 0.208     |
|    u_grad_norm        | 0.0626    |
|    v_grad_norm        | 0.973     |
|    value_loss         | 0.163     |
-------------------------------------
Eval num_timesteps=686000, episode_reward=-1956.45 +/- 809.25
Episode length: 500.00 +/- 0.00
--------------------------------------
| eval/                 |            |
|    mean_ep_length     | 500        |
|    mean_reward        | -1.96e+03  |
| time/                 |            |
|    total_timesteps    | 686000     |
| train/                |            |
|    d_grad_norm        | 0.108      |
|    entropy_loss       | -2.88      |
|    explained_variance | 0.99951464 |
|    learning_rate      | 0.00974    |
|    n_updates          | 85746      |
|    policy_loss        | -0.21      |
|    std                | 0.355      |
|    u_grad_norm        | 0.0121     |
|    v_grad_norm        | 0.978      |
|    value_loss         | 0.0286     |
--------------------------------------
-----------------------------------------
| rollout/              |               |
|    ep_len_mean        | 500           |
|    ep_rew_mean        | -1.72e+03     |
| time/                 |               |
|    fps                | 9             |
|    iterations         | 602300        |
|    time_elapsed       | 9203          |
|    total_timesteps    | 681400        |
| train/                |               |
|    d_grad_norm        | 0.000738      |
|    entropy_loss       | -0.254        |
|    explained_variance | -0.0006593466 |
|    learning_rate      | 0.00974       |
|    n_updates          | 85171         |
|    policy_loss        | 0.000385      |
|    std                | 0.418         |
|    u_grad_norm        | 0.0147        |
|    v_grad_norm        | 0.000915      |
|    value_loss         | 2.2e-06       |
-----------------------------------------
-------------------------------------
| rollout/              |           |
|    ep_len_mean        | 500       |
|    ep_rew_mean        | -700      |
| time/                 |           |
|    fps                | 9         |
|    iterations         | 622300    |
|    time_elapsed       | 9204      |
|    total_timesteps    | 701400    |
| train/                |           |
|    d_grad_norm        | 0.126     |
|    entropy_loss       | -0.261    |
|    explained_variance | -0.610636 |
|    learning_rate      | 0.00972   |
|    n_updates          | 87671     |
|    policy_loss        | 0.0187    |
|    std                | 0.208     |
|    u_grad_norm        | 1.02      |
|    v_grad_norm        | 0.0255    |
|    value_loss         | 9.43e-05  |
-------------------------------------
-------------------------------------
| rollout/              |           |
|    ep_len_mean        | 500       |
|    ep_rew_mean        | -869      |
| time/                 |           |
|    fps                | 9         |
|    iterations         | 607300    |
|    time_elapsed       | 9205      |
|    total_timesteps    | 686400    |
| train/                |           |
|    d_grad_norm        | 0.942     |
|    entropy_loss       | -2.12     |
|    explained_variance | 0.9662617 |
|    learning_rate      | 0.00974   |
|    n_updates          | 85796     |
|    policy_loss        | 2.61      |
|    std                | 0.354     |
|    u_grad_norm        | 0.297     |
|    v_grad_norm        | 0.815     |
|    value_loss         | 0.951     |
-------------------------------------
--------------------------------------
| rollout/              |            |
|    ep_len_mean        | 500        |
|    ep_rew_mean        | -1.71e+03  |
| time/                 |            |
|    fps                | 9          |
|    iterations         | 602400     |
|    time_elapsed       | 9254       |
|    total_timesteps    | 682200     |
| train/                |            |
|    d_grad_norm        | 0.0057     |
|    entropy_loss       | -0.141     |
|    explained_variance | -22.904999 |
|    learning_rate      | 0.00974    |
|    n_updates          | 85271      |
|    policy_loss        | -0.000351  |
|    std                | 0.419      |
|    u_grad_norm        | 0.0377     |
|    v_grad_norm        | 0.00654    |
|    value_loss         | 2.96e-05   |
--------------------------------------
--------------------------------------
| rollout/              |            |
|    ep_len_mean        | 500        |
|    ep_rew_mean        | -720       |
| time/                 |            |
|    fps                | 9          |
|    iterations         | 622400     |
|    time_elapsed       | 9255       |
|    total_timesteps    | 702200     |
| train/                |            |
|    d_grad_norm        | 0.02       |
|    entropy_loss       | -0.267     |
|    explained_variance | -0.5787631 |
|    learning_rate      | 0.00972    |
|    n_updates          | 87771      |
|    policy_loss        | 4.92e-05   |
|    std                | 0.208      |
|    u_grad_norm        | 0.0774     |
|    v_grad_norm        | 0.00598    |
|    value_loss         | 9.31e-07   |
--------------------------------------
-------------------------------------
| rollout/              |           |
|    ep_len_mean        | 500       |
|    ep_rew_mean        | -916      |
| time/                 |           |
|    fps                | 9         |
|    iterations         | 607400    |
|    time_elapsed       | 9256      |
|    total_timesteps    | 687200    |
| train/                |           |
|    d_grad_norm        | 1.01      |
|    entropy_loss       | -0.16     |
|    explained_variance | 0.3101626 |
|    learning_rate      | 0.00974   |
|    n_updates          | 85896     |
|    policy_loss        | -0.00534  |
|    std                | 0.354     |
|    u_grad_norm        | 1.01      |
|    v_grad_norm        | 0.079     |
|    value_loss         | 0.00709   |
-------------------------------------
-------------------------------------
| rollout/              |           |
|    ep_len_mean        | 500       |
|    ep_rew_mean        | -1.71e+03 |
| time/                 |           |
|    fps                | 9         |
|    iterations         | 602500    |
|    time_elapsed       | 9267      |
|    total_timesteps    | 683000    |
| train/                |           |
|    d_grad_norm        | 0.0398    |
|    entropy_loss       | -0.192    |
|    explained_variance | 0.5558164 |
|    learning_rate      | 0.00974   |
|    n_updates          | 85371     |
|    policy_loss        | -0.00216  |
|    std                | 0.419     |
|    u_grad_norm        | 0.377     |
|    v_grad_norm        | 0.0232    |
|    value_loss         | 6.44e-06  |
-------------------------------------
--------------------------------------
| rollout/              |            |
|    ep_len_mean        | 500        |
|    ep_rew_mean        | -689       |
| time/                 |            |
|    fps                | 9          |
|    iterations         | 622500     |
|    time_elapsed       | 9268       |
|    total_timesteps    | 703000     |
| train/                |            |
|    d_grad_norm        | 0.00364    |
|    entropy_loss       | -0.114     |
|    explained_variance | -3.5196543 |
|    learning_rate      | 0.00972    |
|    n_updates          | 87871      |
|    policy_loss        | -3.93e-05  |
|    std                | 0.208      |
|    u_grad_norm        | 0.0121     |
|    v_grad_norm        | 0.000768   |
|    value_loss         | 1.94e-08   |
--------------------------------------
-------------------------------------
| rollout/              |           |
|    ep_len_mean        | 500       |
|    ep_rew_mean        | -911      |
| time/                 |           |
|    fps                | 9         |
|    iterations         | 607500    |
|    time_elapsed       | 9269      |
|    total_timesteps    | 688000    |
| train/                |           |
|    d_grad_norm        | 0.00633   |
|    entropy_loss       | 0.105     |
|    explained_variance | -4.561281 |
|    learning_rate      | 0.00974   |
|    n_updates          | 85996     |
|    policy_loss        | 0.000116  |
|    std                | 0.355     |
|    u_grad_norm        | 0.031     |
|    v_grad_norm        | 0.00171   |
|    value_loss         | 2.1e-06   |
-------------------------------------
--------------------------------------
| rollout/              |            |
|    ep_len_mean        | 500        |
|    ep_rew_mean        | -1.71e+03  |
| time/                 |            |
|    fps                | 9          |
|    iterations         | 602600     |
|    time_elapsed       | 9318       |
|    total_timesteps    | 683800     |
| train/                |            |
|    d_grad_norm        | 0.0262     |
|    entropy_loss       | -0.169     |
|    explained_variance | -1.6480067 |
|    learning_rate      | 0.00974    |
|    n_updates          | 85471      |
|    policy_loss        | -0.00234   |
|    std                | 0.42       |
|    u_grad_norm        | 0.601      |
|    v_grad_norm        | 0.0372     |
|    value_loss         | 1.78e-05   |
--------------------------------------
--------------------------------------
| rollout/              |            |
|    ep_len_mean        | 500        |
|    ep_rew_mean        | -681       |
| time/                 |            |
|    fps                | 9          |
|    iterations         | 622600     |
|    time_elapsed       | 9319       |
|    total_timesteps    | 703800     |
| train/                |            |
|    d_grad_norm        | 0.00662    |
|    entropy_loss       | -0.249     |
|    explained_variance | -2.3744788 |
|    learning_rate      | 0.00972    |
|    n_updates          | 87971      |
|    policy_loss        | -0.000508  |
|    std                | 0.208      |
|    u_grad_norm        | 0.152      |
|    v_grad_norm        | 0.00737    |
|    value_loss         | 4.67e-06   |
--------------------------------------
--------------------------------------
| rollout/              |            |
|    ep_len_mean        | 500        |
|    ep_rew_mean        | -931       |
| time/                 |            |
|    fps                | 9          |
|    iterations         | 607600     |
|    time_elapsed       | 9320       |
|    total_timesteps    | 688800     |
| train/                |            |
|    d_grad_norm        | 1.07       |
|    entropy_loss       | -3.11      |
|    explained_variance | 0.99971324 |
|    learning_rate      | 0.00974    |
|    n_updates          | 86096      |
|    policy_loss        | 2.53       |
|    std                | 0.355      |
|    u_grad_norm        | 0.0437     |
|    v_grad_norm        | 0.986      |
|    value_loss         | 0.757      |
--------------------------------------
-------------------------------------
| rollout/              |           |
|    ep_len_mean        | 500       |
|    ep_rew_mean        | -1.66e+03 |
| time/                 |           |
|    fps                | 9         |
|    iterations         | 602700    |
|    time_elapsed       | 9368      |
|    total_timesteps    | 684600    |
| train/                |           |
|    d_grad_norm        | 0.0231    |
|    entropy_loss       | -0.152    |
|    explained_variance | -8.484551 |
|    learning_rate      | 0.00974   |
|    n_updates          | 85571     |
|    policy_loss        | 0.00131   |
|    std                | 0.42      |
|    u_grad_norm        | 0.161     |
|    v_grad_norm        | 0.03      |
|    value_loss         | 4.78e-05  |
-------------------------------------
--------------------------------------
| rollout/              |            |
|    ep_len_mean        | 500        |
|    ep_rew_mean        | -656       |
| time/                 |            |
|    fps                | 9          |
|    iterations         | 622700     |
|    time_elapsed       | 9370       |
|    total_timesteps    | 704600     |
| train/                |            |
|    d_grad_norm        | 0.00983    |
|    entropy_loss       | -0.11      |
|    explained_variance | -0.8020686 |
|    learning_rate      | 0.00972    |
|    n_updates          | 88071      |
|    policy_loss        | -0.000464  |
|    std                | 0.208      |
|    u_grad_norm        | 0.019      |
|    v_grad_norm        | 0.00688    |
|    value_loss         | 1.67e-06   |
--------------------------------------
-------------------------------------
| rollout/              |           |
|    ep_len_mean        | 500       |
|    ep_rew_mean        | -953      |
| time/                 |           |
|    fps                | 9         |
|    iterations         | 607700    |
|    time_elapsed       | 9371      |
|    total_timesteps    | 689600    |
| train/                |           |
|    d_grad_norm        | 1.13      |
|    entropy_loss       | -2.54     |
|    explained_variance | 0.9891848 |
|    learning_rate      | 0.00974   |
|    n_updates          | 86196     |
|    policy_loss        | 1.71      |
|    std                | 0.355     |
|    u_grad_norm        | 0.0871    |
|    v_grad_norm        | 0.989     |
|    value_loss         | 0.527     |
-------------------------------------
-------------------------------------
| rollout/              |           |
|    ep_len_mean        | 500       |
|    ep_rew_mean        | -1.64e+03 |
| time/                 |           |
|    fps                | 10        |
|    iterations         | 602800    |
|    time_elapsed       | 9419      |
|    total_timesteps    | 685400    |
| train/                |           |
|    d_grad_norm        | 0.0262    |
|    entropy_loss       | -0.332    |
|    explained_variance | -1.679028 |
|    learning_rate      | 0.00974   |
|    n_updates          | 85671     |
|    policy_loss        | 0.00178   |
|    std                | 0.418     |
|    u_grad_norm        | 0.329     |
|    v_grad_norm        | 0.0213    |
|    value_loss         | 8.09e-06  |
-------------------------------------
-------------------------------------
| rollout/              |           |
|    ep_len_mean        | 500       |
|    ep_rew_mean        | -654      |
| time/                 |           |
|    fps                | 10        |
|    iterations         | 622800    |
|    time_elapsed       | 9420      |
|    total_timesteps    | 705400    |
| train/                |           |
|    d_grad_norm        | 1.21      |
|    entropy_loss       | -1.66     |
|    explained_variance | 0.9972532 |
|    learning_rate      | 0.00972   |
|    n_updates          | 88171     |
|    policy_loss        | 0.574     |
|    std                | 0.208     |
|    u_grad_norm        | 0.151     |
|    v_grad_norm        | 1.1       |
|    value_loss         | 0.221     |
-------------------------------------
--------------------------------------
| rollout/              |            |
|    ep_len_mean        | 500        |
|    ep_rew_mean        | -958       |
| time/                 |            |
|    fps                | 10         |
|    iterations         | 607800     |
|    time_elapsed       | 9421       |
|    total_timesteps    | 690400     |
| train/                |            |
|    d_grad_norm        | 0.44       |
|    entropy_loss       | -0.0718    |
|    explained_variance | 0.28573704 |
|    learning_rate      | 0.00973    |
|    n_updates          | 86296      |
|    policy_loss        | -0.0335    |
|    std                | 0.356      |
|    u_grad_norm        | 0.988      |
|    v_grad_norm        | 0.0305     |
|    value_loss         | 0.000263   |
--------------------------------------
-------------------------------------
| rollout/              |           |
|    ep_len_mean        | 500       |
|    ep_rew_mean        | -1.58e+03 |
| time/                 |           |
|    fps                | 10        |
|    iterations         | 602900    |
|    time_elapsed       | 9469      |
|    total_timesteps    | 686200    |
| train/                |           |
|    d_grad_norm        | 0.969     |
|    entropy_loss       | -2.59     |
|    explained_variance | 0.9995809 |
|    learning_rate      | 0.00974   |
|    n_updates          | 85771     |
|    policy_loss        | 0.67      |
|    std                | 0.417     |
|    u_grad_norm        | 0.0653    |
|    v_grad_norm        | 0.999     |
|    value_loss         | 0.103     |
-------------------------------------
--------------------------------------
| rollout/              |            |
|    ep_len_mean        | 500        |
|    ep_rew_mean        | -690       |
| time/                 |            |
|    fps                | 10         |
|    iterations         | 622900     |
|    time_elapsed       | 9471       |
|    total_timesteps    | 706200     |
| train/                |            |
|    d_grad_norm        | 0.0123     |
|    entropy_loss       | -0.221     |
|    explained_variance | -115.16332 |
|    learning_rate      | 0.00972    |
|    n_updates          | 88271      |
|    policy_loss        | 0.000422   |
|    std                | 0.207      |
|    u_grad_norm        | 0.0313     |
|    v_grad_norm        | 0.011      |
|    value_loss         | 2.74e-05   |
--------------------------------------
--------------------------------------
| rollout/              |            |
|    ep_len_mean        | 500        |
|    ep_rew_mean        | -956       |
| time/                 |            |
|    fps                | 10         |
|    iterations         | 607900     |
|    time_elapsed       | 9471       |
|    total_timesteps    | 691200     |
| train/                |            |
|    d_grad_norm        | 1.1        |
|    entropy_loss       | -0.485     |
|    explained_variance | -10.121267 |
|    learning_rate      | 0.00973    |
|    n_updates          | 86396      |
|    policy_loss        | 0.431      |
|    std                | 0.356      |
|    u_grad_norm        | 0.243      |
|    v_grad_norm        | 0.947      |
|    value_loss         | 1.9        |
--------------------------------------
---------------------------------------
| rollout/              |             |
|    ep_len_mean        | 500         |
|    ep_rew_mean        | -1.55e+03   |
| time/                 |             |
|    fps                | 10          |
|    iterations         | 603000      |
|    time_elapsed       | 9482        |
|    total_timesteps    | 687000      |
| train/                |             |
|    d_grad_norm        | 0.0127      |
|    entropy_loss       | -0.175      |
|    explained_variance | -0.38030994 |
|    learning_rate      | 0.00974     |
|    n_updates          | 85871       |
|    policy_loss        | 0.000253    |
|    std                | 0.417       |
|    u_grad_norm        | 0.056       |
|    v_grad_norm        | 0.00741     |
|    value_loss         | 1.57e-06    |
---------------------------------------
--------------------------------------
| rollout/              |            |
|    ep_len_mean        | 500        |
|    ep_rew_mean        | -679       |
| time/                 |            |
|    fps                | 10         |
|    iterations         | 623000     |
|    time_elapsed       | 9484       |
|    total_timesteps    | 707000     |
| train/                |            |
|    d_grad_norm        | 0.0198     |
|    entropy_loss       | -0.175     |
|    explained_variance | 0.33556926 |
|    learning_rate      | 0.00972    |
|    n_updates          | 88371      |
|    policy_loss        | 0.000373   |
|    std                | 0.206      |
|    u_grad_norm        | 0.31       |
|    v_grad_norm        | 0.00899    |
|    value_loss         | 3.85e-06   |
--------------------------------------
-------------------------------------
| rollout/              |           |
|    ep_len_mean        | 500       |
|    ep_rew_mean        | -947      |
| time/                 |           |
|    fps                | 10        |
|    iterations         | 608000    |
|    time_elapsed       | 9484      |
|    total_timesteps    | 692000    |
| train/                |           |
|    d_grad_norm        | 0.00771   |
|    entropy_loss       | -0.0687   |
|    explained_variance | -9.495759 |
|    learning_rate      | 0.00973   |
|    n_updates          | 86496     |
|    policy_loss        | -0.000297 |
|    std                | 0.356     |
|    u_grad_norm        | 0.036     |
|    v_grad_norm        | 0.00299   |
|    value_loss         | 9.16e-07  |
-------------------------------------
-------------------------------------
| rollout/              |           |
|    ep_len_mean        | 500       |
|    ep_rew_mean        | -1.53e+03 |
| time/                 |           |
|    fps                | 10        |
|    iterations         | 603100    |
|    time_elapsed       | 9533      |
|    total_timesteps    | 687800    |
| train/                |           |
|    d_grad_norm        | 0.00831   |
|    entropy_loss       | -0.406    |
|    explained_variance | -2.39666  |
|    learning_rate      | 0.00974   |
|    n_updates          | 85971     |
|    policy_loss        | -0.000372 |
|    std                | 0.416     |
|    u_grad_norm        | 0.105     |
|    v_grad_norm        | 0.00612   |
|    value_loss         | 2.04e-06  |
-------------------------------------
--------------------------------------
| rollout/              |            |
|    ep_len_mean        | 500        |
|    ep_rew_mean        | -685       |
| time/                 |            |
|    fps                | 10         |
|    iterations         | 623100     |
|    time_elapsed       | 9534       |
|    total_timesteps    | 707800     |
| train/                |            |
|    d_grad_norm        | 0.0181     |
|    entropy_loss       | -0.19      |
|    explained_variance | 0.14400601 |
|    learning_rate      | 0.00972    |
|    n_updates          | 88471      |
|    policy_loss        | -0.000542  |
|    std                | 0.205      |
|    u_grad_norm        | 0.0477     |
|    v_grad_norm        | 0.0101     |
|    value_loss         | 3.89e-06   |
--------------------------------------
--------------------------------------
| rollout/              |            |
|    ep_len_mean        | 500        |
|    ep_rew_mean        | -958       |
| time/                 |            |
|    fps                | 10         |
|    iterations         | 608100     |
|    time_elapsed       | 9535       |
|    total_timesteps    | 692800     |
| train/                |            |
|    d_grad_norm        | 0.00273    |
|    entropy_loss       | -0.0636    |
|    explained_variance | 0.20787829 |
|    learning_rate      | 0.00973    |
|    n_updates          | 86596      |
|    policy_loss        | -0.000258  |
|    std                | 0.357      |
|    u_grad_norm        | 0.152      |
|    v_grad_norm        | 0.00541    |
|    value_loss         | 2.84e-06   |
--------------------------------------
Stopping because gradient norm condition is fulfilled
--------------------------------------
| rollout/              |            |
|    ep_len_mean        | 500        |
|    ep_rew_mean        | -1.51e+03  |
| time/                 |            |
|    fps                | 10         |
|    iterations         | 603200     |
|    time_elapsed       | 9578       |
|    total_timesteps    | 688600     |
| train/                |            |
|    d_grad_norm        | 0.037      |
|    entropy_loss       | -0.586     |
|    explained_variance | 0.79939306 |
|    learning_rate      | 0.00974    |
|    n_updates          | 86071      |
|    policy_loss        | -0.0128    |
|    std                | 0.416      |
|    u_grad_norm        | 0.956      |
|    v_grad_norm        | 0.0366     |
|    value_loss         | 3.26e-05   |
--------------------------------------
--------------------------------------
| rollout/              |            |
|    ep_len_mean        | 500        |
|    ep_rew_mean        | -688       |
| time/                 |            |
|    fps                | 10         |
|    iterations         | 623200     |
|    time_elapsed       | 9580       |
|    total_timesteps    | 708600     |
| train/                |            |
|    d_grad_norm        | 0.411      |
|    entropy_loss       | -1.77      |
|    explained_variance | 0.99997604 |
|    learning_rate      | 0.00972    |
|    n_updates          | 88571      |
|    policy_loss        | -0.145     |
|    std                | 0.205      |
|    u_grad_norm        | 0.145      |
|    v_grad_norm        | 1.02       |
|    value_loss         | 0.00736    |
--------------------------------------
-------------------------------------
| rollout/              |           |
|    ep_len_mean        | 500       |
|    ep_rew_mean        | -1.5e+03  |
| time/                 |           |
|    fps                | 10        |
|    iterations         | 603300    |
|    time_elapsed       | 9625      |
|    total_timesteps    | 689400    |
| train/                |           |
|    d_grad_norm        | 0.179     |
|    entropy_loss       | -3.72     |
|    explained_variance | 0.9998942 |
|    learning_rate      | 0.00974   |
|    n_updates          | 86171     |
|    policy_loss        | 0.125     |
|    std                | 0.415     |
|    u_grad_norm        | 0.0593    |
|    v_grad_norm        | 0.994     |
|    value_loss         | 0.00966   |
-------------------------------------
-------------------------------------
| rollout/              |           |
|    ep_len_mean        | 500       |
|    ep_rew_mean        | -675      |
| time/                 |           |
|    fps                | 10        |
|    iterations         | 623300    |
|    time_elapsed       | 9626      |
|    total_timesteps    | 709400    |
| train/                |           |
|    d_grad_norm        | 0.00677   |
|    entropy_loss       | -0.133    |
|    explained_variance | 0.595112  |
|    learning_rate      | 0.00972   |
|    n_updates          | 88671     |
|    policy_loss        | -0.000296 |
|    std                | 0.205     |
|    u_grad_norm        | 0.212     |
|    v_grad_norm        | 0.00984   |
|    value_loss         | 2.93e-06  |
-------------------------------------
-------------------------------------
| rollout/              |           |
|    ep_len_mean        | 500       |
|    ep_rew_mean        | -1.46e+03 |
| time/                 |           |
|    fps                | 10        |
|    iterations         | 603400    |
|    time_elapsed       | 9671      |
|    total_timesteps    | 690200    |
| train/                |           |
|    d_grad_norm        | 1.05      |
|    entropy_loss       | -2.75     |
|    explained_variance | 0.9901942 |
|    learning_rate      | 0.00973   |
|    n_updates          | 86271     |
|    policy_loss        | 1.84      |
|    std                | 0.414     |
|    u_grad_norm        | 0.363     |
|    v_grad_norm        | 1.01      |
|    value_loss         | 0.398     |
-------------------------------------
---------------------------------------
| rollout/              |             |
|    ep_len_mean        | 500         |
|    ep_rew_mean        | -688        |
| time/                 |             |
|    fps                | 10          |
|    iterations         | 623400      |
|    time_elapsed       | 9672        |
|    total_timesteps    | 710200      |
| train/                |             |
|    d_grad_norm        | 0.0178      |
|    entropy_loss       | -0.109      |
|    explained_variance | -0.35057843 |
|    learning_rate      | 0.00972     |
|    n_updates          | 88771       |
|    policy_loss        | 0.000395    |
|    std                | 0.205       |
|    u_grad_norm        | 0.381       |
|    v_grad_norm        | 0.0148      |
|    value_loss         | 7.11e-06    |
---------------------------------------
Eval num_timesteps=691000, episode_reward=-324.43 +/- 196.37
Episode length: 500.00 +/- 0.00
-------------------------------------
| eval/                 |           |
|    mean_ep_length     | 500       |
|    mean_reward        | -324      |
| time/                 |           |
|    total_timesteps    | 691000    |
| train/                |           |
|    d_grad_norm        | 0.00123   |
|    entropy_loss       | -0.162    |
|    explained_variance | -5.994676 |
|    learning_rate      | 0.00973   |
|    n_updates          | 86371     |
|    policy_loss        | -9.41e-05 |
|    std                | 0.414     |
|    u_grad_norm        | 0.0935    |
|    v_grad_norm        | 0.00482   |
|    value_loss         | 1.09e-06  |
-------------------------------------
New best mean reward!
----------------------------------
| rollout/           |           |
|    ep_len_mean     | 500       |
|    ep_rew_mean     | -1.43e+03 |
| time/              |           |
|    fps             | 10        |
|    iterations      | 603500    |
|    time_elapsed    | 9886      |
|    total_timesteps | 691000    |
----------------------------------
Eval num_timesteps=711000, episode_reward=-511.41 +/- 243.80
Episode length: 500.00 +/- 0.00
-------------------------------------
| eval/                 |           |
|    mean_ep_length     | 500       |
|    mean_reward        | -511      |
| time/                 |           |
|    total_timesteps    | 711000    |
| train/                |           |
|    d_grad_norm        | 0.00171   |
|    entropy_loss       | -0.206    |
|    explained_variance | -1.734154 |
|    learning_rate      | 0.00972   |
|    n_updates          | 88871     |
|    policy_loss        | -0.000104 |
|    std                | 0.206     |
|    u_grad_norm        | 0.0638    |
|    v_grad_norm        | 0.00278   |
|    value_loss         | 2.97e-07  |
-------------------------------------
---------------------------------
| rollout/           |          |
|    ep_len_mean     | 500      |
|    ep_rew_mean     | -692     |
| time/              |          |
|    fps             | 10       |
|    iterations      | 623500   |
|    time_elapsed    | 9887     |
|    total_timesteps | 711000   |
---------------------------------
--------------------------------------
| rollout/              |            |
|    ep_len_mean        | 500        |
|    ep_rew_mean        | -1.4e+03   |
| time/                 |            |
|    fps                | 10         |
|    iterations         | 603600     |
|    time_elapsed       | 9927       |
|    total_timesteps    | 691800     |
| train/                |            |
|    d_grad_norm        | 0.0548     |
|    entropy_loss       | -0.193     |
|    explained_variance | -21.985712 |
|    learning_rate      | 0.00973    |
|    n_updates          | 86471      |
|    policy_loss        | 0.000283   |
|    std                | 0.415      |
|    u_grad_norm        | 0.401      |
|    v_grad_norm        | 0.031      |
|    value_loss         | 2.7e-05    |
--------------------------------------
--------------------------------------
| rollout/              |            |
|    ep_len_mean        | 500        |
|    ep_rew_mean        | -692       |
| time/                 |            |
|    fps                | 10         |
|    iterations         | 623600     |
|    time_elapsed       | 9929       |
|    total_timesteps    | 711800     |
| train/                |            |
|    d_grad_norm        | 0.00101    |
|    entropy_loss       | -0.204     |
|    explained_variance | -2.1264696 |
|    learning_rate      | 0.00971    |
|    n_updates          | 88971      |
|    policy_loss        | -4.51e-05  |
|    std                | 0.206      |
|    u_grad_norm        | 0.0116     |
|    v_grad_norm        | 0.00032    |
|    value_loss         | 1.11e-07   |
--------------------------------------
-------------------------------------
| rollout/              |           |
|    ep_len_mean        | 500       |
|    ep_rew_mean        | -1.41e+03 |
| time/                 |           |
|    fps                | 10        |
|    iterations         | 603700    |
|    time_elapsed       | 9972      |
|    total_timesteps    | 692600    |
| train/                |           |
|    d_grad_norm        | 0.16      |
|    entropy_loss       | -0.595    |
|    explained_variance | -3.885559 |
|    learning_rate      | 0.00973   |
|    n_updates          | 86571     |
|    policy_loss        | 0.0163    |
|    std                | 0.416     |
|    u_grad_norm        | 0.684     |
|    v_grad_norm        | 0.108     |
|    value_loss         | 0.00072   |
-------------------------------------
-------------------------------------
| rollout/              |           |
|    ep_len_mean        | 500       |
|    ep_rew_mean        | -695      |
| time/                 |           |
|    fps                | 10        |
|    iterations         | 623700    |
|    time_elapsed       | 9974      |
|    total_timesteps    | 712600    |
| train/                |           |
|    d_grad_norm        | 0.811     |
|    entropy_loss       | -0.103    |
|    explained_variance | 0.7816727 |
|    learning_rate      | 0.00971   |
|    n_updates          | 89071     |
|    policy_loss        | 0.0479    |
|    std                | 0.206     |
|    u_grad_norm        | 0.936     |
|    v_grad_norm        | 0.215     |
|    value_loss         | 0.0617    |
-------------------------------------
-------------------------------------
| rollout/              |           |
|    ep_len_mean        | 500       |
|    ep_rew_mean        | -1.41e+03 |
| time/                 |           |
|    fps                | 10        |
|    iterations         | 603800    |
|    time_elapsed       | 10017     |
|    total_timesteps    | 693400    |
| train/                |           |
|    d_grad_norm        | 0.903     |
|    entropy_loss       | -2.98     |
|    explained_variance | 0.9692574 |
|    learning_rate      | 0.00973   |
|    n_updates          | 86671     |
|    policy_loss        | 2.32      |
|    std                | 0.414     |
|    u_grad_norm        | 0.0122    |
|    v_grad_norm        | 0.962     |
|    value_loss         | 7.63      |
-------------------------------------
---------------------------------------
| rollout/              |             |
|    ep_len_mean        | 500         |
|    ep_rew_mean        | -697        |
| time/                 |             |
|    fps                | 10          |
|    iterations         | 623800      |
|    time_elapsed       | 10019       |
|    total_timesteps    | 713400      |
| train/                |             |
|    d_grad_norm        | 0.00906     |
|    entropy_loss       | -0.045      |
|    explained_variance | -0.16256952 |
|    learning_rate      | 0.00971     |
|    n_updates          | 89171       |
|    policy_loss        | -0.00035    |
|    std                | 0.205       |
|    u_grad_norm        | 0.00212     |
|    v_grad_norm        | 0.00445     |
|    value_loss         | 7.34e-07    |
---------------------------------------
---------------------------------------
| rollout/              |             |
|    ep_len_mean        | 500         |
|    ep_rew_mean        | -1.46e+03   |
| time/                 |             |
|    fps                | 10          |
|    iterations         | 603900      |
|    time_elapsed       | 10063       |
|    total_timesteps    | 694200      |
| train/                |             |
|    d_grad_norm        | 0.00811     |
|    entropy_loss       | -0.169      |
|    explained_variance | -14.6500435 |
|    learning_rate      | 0.00973     |
|    n_updates          | 86771       |
|    policy_loss        | -0.000813   |
|    std                | 0.413       |
|    u_grad_norm        | 0.199       |
|    v_grad_norm        | 0.00701     |
|    value_loss         | 1.65e-05    |
---------------------------------------
--------------------------------------
| rollout/              |            |
|    ep_len_mean        | 500        |
|    ep_rew_mean        | -700       |
| time/                 |            |
|    fps                | 10         |
|    iterations         | 623900     |
|    time_elapsed       | 10064      |
|    total_timesteps    | 714200     |
| train/                |            |
|    d_grad_norm        | 0.0131     |
|    entropy_loss       | -0.0849    |
|    explained_variance | -20.179575 |
|    learning_rate      | 0.00971    |
|    n_updates          | 89271      |
|    policy_loss        | -0.000349  |
|    std                | 0.205      |
|    u_grad_norm        | 0.106      |
|    v_grad_norm        | 0.0122     |
|    value_loss         | 9.57e-06   |
--------------------------------------
---------------------------------------
| rollout/              |             |
|    ep_len_mean        | 500         |
|    ep_rew_mean        | -1.41e+03   |
| time/                 |             |
|    fps                | 10          |
|    iterations         | 604000      |
|    time_elapsed       | 10075       |
|    total_timesteps    | 695000      |
| train/                |             |
|    d_grad_norm        | 0.0316      |
|    entropy_loss       | -0.17       |
|    explained_variance | -0.03393185 |
|    learning_rate      | 0.00973     |
|    n_updates          | 86871       |
|    policy_loss        | 0.00139     |
|    std                | 0.414       |
|    u_grad_norm        | 0.0996      |
|    v_grad_norm        | 0.0285      |
|    value_loss         | 2.19e-05    |
---------------------------------------
-------------------------------------
| rollout/              |           |
|    ep_len_mean        | 500       |
|    ep_rew_mean        | -688      |
| time/                 |           |
|    fps                | 10        |
|    iterations         | 624000    |
|    time_elapsed       | 10076     |
|    total_timesteps    | 715000    |
| train/                |           |
|    d_grad_norm        | 0.00126   |
|    entropy_loss       | -0.125    |
|    explained_variance | -2.306041 |
|    learning_rate      | 0.00971   |
|    n_updates          | 89371     |
|    policy_loss        | 3.71e-05  |
|    std                | 0.205     |
|    u_grad_norm        | 0.0237    |
|    v_grad_norm        | 0.000927  |
|    value_loss         | 2.82e-08  |
-------------------------------------
--------------------------------------
| rollout/              |            |
|    ep_len_mean        | 500        |
|    ep_rew_mean        | -1.41e+03  |
| time/                 |            |
|    fps                | 10         |
|    iterations         | 604100     |
|    time_elapsed       | 10120      |
|    total_timesteps    | 695800     |
| train/                |            |
|    d_grad_norm        | 0.00346    |
|    entropy_loss       | -0.2       |
|    explained_variance | -1.8394663 |
|    learning_rate      | 0.00973    |
|    n_updates          | 86971      |
|    policy_loss        | -0.00109   |
|    std                | 0.414      |
|    u_grad_norm        | 0.209      |
|    v_grad_norm        | 0.00362    |
|    value_loss         | 3.89e-06   |
--------------------------------------
-------------------------------------
| rollout/              |           |
|    ep_len_mean        | 500       |
|    ep_rew_mean        | -709      |
| time/                 |           |
|    fps                | 10        |
|    iterations         | 624100    |
|    time_elapsed       | 10121     |
|    total_timesteps    | 715800    |
| train/                |           |
|    d_grad_norm        | 0.0035    |
|    entropy_loss       | -0.112    |
|    explained_variance | 0.7243834 |
|    learning_rate      | 0.00971   |
|    n_updates          | 89471     |
|    policy_loss        | -5.29e-05 |
|    std                | 0.204     |
|    u_grad_norm        | 0.0456    |
|    v_grad_norm        | 0.00294   |
|    value_loss         | 3.32e-07  |
-------------------------------------
-------------------------------------
| rollout/              |           |
|    ep_len_mean        | 500       |
|    ep_rew_mean        | -1.38e+03 |
| time/                 |           |
|    fps                | 10        |
|    iterations         | 604200    |
|    time_elapsed       | 10166     |
|    total_timesteps    | 696600    |
| train/                |           |
|    d_grad_norm        | 0.877     |
|    entropy_loss       | -2.68     |
|    explained_variance | 0.9868465 |
|    learning_rate      | 0.00973   |
|    n_updates          | 87071     |
|    policy_loss        | 5.02      |
|    std                | 0.414     |
|    u_grad_norm        | 0.026     |
|    v_grad_norm        | 0.958     |
|    value_loss         | 7.99      |
-------------------------------------
-------------------------------------
| rollout/              |           |
|    ep_len_mean        | 500       |
|    ep_rew_mean        | -700      |
| time/                 |           |
|    fps                | 10        |
|    iterations         | 624200    |
|    time_elapsed       | 10167     |
|    total_timesteps    | 716600    |
| train/                |           |
|    d_grad_norm        | 1.02      |
|    entropy_loss       | -0.785    |
|    explained_variance | 0.3823946 |
|    learning_rate      | 0.00971   |
|    n_updates          | 89571     |
|    policy_loss        | -0.0602   |
|    std                | 0.203     |
|    u_grad_norm        | 0.644     |
|    v_grad_norm        | 0.771     |
|    value_loss         | 0.0589    |
-------------------------------------
--------------------------------------
| rollout/              |            |
|    ep_len_mean        | 500        |
|    ep_rew_mean        | -1.38e+03  |
| time/                 |            |
|    fps                | 10         |
|    iterations         | 604300     |
|    time_elapsed       | 10211      |
|    total_timesteps    | 697400     |
| train/                |            |
|    d_grad_norm        | 0.0229     |
|    entropy_loss       | -0.401     |
|    explained_variance | -1.7198992 |
|    learning_rate      | 0.00973    |
|    n_updates          | 87171      |
|    policy_loss        | -0.00431   |
|    std                | 0.415      |
|    u_grad_norm        | 0.51       |
|    v_grad_norm        | 0.0133     |
|    value_loss         | 8.95e-06   |
--------------------------------------
---------------------------------------
| rollout/              |             |
|    ep_len_mean        | 500         |
|    ep_rew_mean        | -701        |
| time/                 |             |
|    fps                | 10          |
|    iterations         | 624300      |
|    time_elapsed       | 10212       |
|    total_timesteps    | 717400      |
| train/                |             |
|    d_grad_norm        | 0.0161      |
|    entropy_loss       | -0.132      |
|    explained_variance | 0.021916926 |
|    learning_rate      | 0.00971     |
|    n_updates          | 89671       |
|    policy_loss        | -7.02e-05   |
|    std                | 0.204       |
|    u_grad_norm        | 0.0819      |
|    v_grad_norm        | 0.00382     |
|    value_loss         | 6.39e-07    |
---------------------------------------
-------------------------------------
| rollout/              |           |
|    ep_len_mean        | 500       |
|    ep_rew_mean        | -1.38e+03 |
| time/                 |           |
|    fps                | 10        |
|    iterations         | 604400    |
|    time_elapsed       | 10256     |
|    total_timesteps    | 698200    |
| train/                |           |
|    d_grad_norm        | 0.00645   |
|    entropy_loss       | -0.422    |
|    explained_variance | 0.3827383 |
|    learning_rate      | 0.00973   |
|    n_updates          | 87271     |
|    policy_loss        | 0.00234   |
|    std                | 0.415     |
|    u_grad_norm        | 0.266     |
|    v_grad_norm        | 0.00857   |
|    value_loss         | 1.87e-06  |
-------------------------------------
----------------------------------------
| rollout/              |              |
|    ep_len_mean        | 500          |
|    ep_rew_mean        | -698         |
| time/                 |              |
|    fps                | 10           |
|    iterations         | 624400       |
|    time_elapsed       | 10258        |
|    total_timesteps    | 718200       |
| train/                |              |
|    d_grad_norm        | 0.00796      |
|    entropy_loss       | 0.0662       |
|    explained_variance | -0.028873324 |
|    learning_rate      | 0.00971      |
|    n_updates          | 89771        |
|    policy_loss        | -0.00297     |
|    std                | 0.204        |
|    u_grad_norm        | 0.48         |
|    v_grad_norm        | 0.00637      |
|    value_loss         | 1.82e-06     |
----------------------------------------
-------------------------------------
| rollout/              |           |
|    ep_len_mean        | 500       |
|    ep_rew_mean        | -1.39e+03 |
| time/                 |           |
|    fps                | 10        |
|    iterations         | 604500    |
|    time_elapsed       | 10268     |
|    total_timesteps    | 699000    |
| train/                |           |
|    d_grad_norm        | 0.00162   |
|    entropy_loss       | -0.401    |
|    explained_variance | -2.63496  |
|    learning_rate      | 0.00973   |
|    n_updates          | 87371     |
|    policy_loss        | 0.000242  |
|    std                | 0.415     |
|    u_grad_norm        | 0.0432    |
|    v_grad_norm        | 0.00184   |
|    value_loss         | 1.13e-07  |
-------------------------------------
--------------------------------------
| rollout/              |            |
|    ep_len_mean        | 500        |
|    ep_rew_mean        | -701       |
| time/                 |            |
|    fps                | 10         |
|    iterations         | 624500     |
|    time_elapsed       | 10269      |
|    total_timesteps    | 719000     |
| train/                |            |
|    d_grad_norm        | 0.00677    |
|    entropy_loss       | 0.0633     |
|    explained_variance | -2.4988523 |
|    learning_rate      | 0.00971    |
|    n_updates          | 89871      |
|    policy_loss        | 1.44e-05   |
|    std                | 0.204      |
|    u_grad_norm        | 0.0816     |
|    v_grad_norm        | 0.00396    |
|    value_loss         | 8.55e-07   |
--------------------------------------
--------------------------------------
| rollout/              |            |
|    ep_len_mean        | 500        |
|    ep_rew_mean        | -1.36e+03  |
| time/                 |            |
|    fps                | 10         |
|    iterations         | 604600     |
|    time_elapsed       | 10311      |
|    total_timesteps    | 699800     |
| train/                |            |
|    d_grad_norm        | 0.0392     |
|    entropy_loss       | -0.178     |
|    explained_variance | -3.3792243 |
|    learning_rate      | 0.00972    |
|    n_updates          | 87471      |
|    policy_loss        | -0.001     |
|    std                | 0.415      |
|    u_grad_norm        | 0.0509     |
|    v_grad_norm        | 0.028      |
|    value_loss         | 1.63e-05   |
--------------------------------------
---------------------------------------
| rollout/              |             |
|    ep_len_mean        | 500         |
|    ep_rew_mean        | -684        |
| time/                 |             |
|    fps                | 10          |
|    iterations         | 624600      |
|    time_elapsed       | 10312       |
|    total_timesteps    | 719800      |
| train/                |             |
|    d_grad_norm        | 0.0919      |
|    entropy_loss       | 0.0866      |
|    explained_variance | 0.017969847 |
|    learning_rate      | 0.00971     |
|    n_updates          | 89971       |
|    policy_loss        | -0.00142    |
|    std                | 0.203       |
|    u_grad_norm        | 0.996       |
|    v_grad_norm        | 0.0297      |
|    value_loss         | 5.84e-05    |
---------------------------------------
--------------------------------------
| rollout/              |            |
|    ep_len_mean        | 500        |
|    ep_rew_mean        | -1.34e+03  |
| time/                 |            |
|    fps                | 10         |
|    iterations         | 604700     |
|    time_elapsed       | 10353      |
|    total_timesteps    | 700600     |
| train/                |            |
|    d_grad_norm        | 0.488      |
|    entropy_loss       | -3.06      |
|    explained_variance | 0.99899167 |
|    learning_rate      | 0.00972    |
|    n_updates          | 87571      |
|    policy_loss        | -1.08      |
|    std                | 0.415      |
|    u_grad_norm        | 0.0395     |
|    v_grad_norm        | 1.08       |
|    value_loss         | 0.204      |
--------------------------------------
--------------------------------------
| rollout/              |            |
|    ep_len_mean        | 500        |
|    ep_rew_mean        | -668       |
| time/                 |            |
|    fps                | 10         |
|    iterations         | 624700     |
|    time_elapsed       | 10354      |
|    total_timesteps    | 720600     |
| train/                |            |
|    d_grad_norm        | 1.12       |
|    entropy_loss       | -1.31      |
|    explained_variance | 0.99532795 |
|    learning_rate      | 0.00971    |
|    n_updates          | 90071      |
|    policy_loss        | -0.27      |
|    std                | 0.203      |
|    u_grad_norm        | 0.0258     |
|    v_grad_norm        | 1.06       |
|    value_loss         | 0.22       |
--------------------------------------
Eval num_timesteps=701000, episode_reward=-744.96 +/- 391.44
Episode length: 500.00 +/- 0.00
-------------------------------------
| eval/                 |           |
|    mean_ep_length     | 500       |
|    mean_reward        | -745      |
| time/                 |           |
|    total_timesteps    | 701000    |
| train/                |           |
|    d_grad_norm        | 0.00693   |
|    entropy_loss       | -0.162    |
|    explained_variance | -4.224062 |
|    learning_rate      | 0.00972   |
|    n_updates          | 87621     |
|    policy_loss        | 0.000186  |
|    std                | 0.416     |
|    u_grad_norm        | 0.00778   |
|    v_grad_norm        | 0.00354   |
|    value_loss         | 9.01e-07  |
-------------------------------------
Eval num_timesteps=721000, episode_reward=-1928.29 +/- 304.08
Episode length: 500.00 +/- 0.00
--------------------------------------
| eval/                 |            |
|    mean_ep_length     | 500        |
|    mean_reward        | -1.93e+03  |
| time/                 |            |
|    total_timesteps    | 721000     |
| train/                |            |
|    d_grad_norm        | 0.0173     |
|    entropy_loss       | 0.0542     |
|    explained_variance | -6.5503902 |
|    learning_rate      | 0.00971    |
|    n_updates          | 90121      |
|    policy_loss        | -0.000647  |
|    std                | 0.203      |
|    u_grad_norm        | 0.0894     |
|    v_grad_norm        | 0.00784    |
|    value_loss         | 2.46e-06   |
--------------------------------------
--------------------------------------
| rollout/              |            |
|    ep_len_mean        | 500        |
|    ep_rew_mean        | -1.33e+03  |
| time/                 |            |
|    fps                | 10         |
|    iterations         | 604800     |
|    time_elapsed       | 10577      |
|    total_timesteps    | 701400     |
| train/                |            |
|    d_grad_norm        | 0.000257   |
|    entropy_loss       | -0.127     |
|    explained_variance | -59.561253 |
|    learning_rate      | 0.00972    |
|    n_updates          | 87671      |
|    policy_loss        | -5.81e-05  |
|    std                | 0.416      |
|    u_grad_norm        | 0.0033     |
|    v_grad_norm        | 0.000412   |
|    value_loss         | 7.55e-07   |
--------------------------------------
--------------------------------------
| rollout/              |            |
|    ep_len_mean        | 500        |
|    ep_rew_mean        | -679       |
| time/                 |            |
|    fps                | 10         |
|    iterations         | 624800     |
|    time_elapsed       | 10578      |
|    total_timesteps    | 721400     |
| train/                |            |
|    d_grad_norm        | 0.0039     |
|    entropy_loss       | -0.0396    |
|    explained_variance | -19.856592 |
|    learning_rate      | 0.00971    |
|    n_updates          | 90171      |
|    policy_loss        | -0.0014    |
|    std                | 0.203      |
|    u_grad_norm        | 0.28       |
|    v_grad_norm        | 0.00653    |
|    value_loss         | 1.83e-06   |
--------------------------------------
-------------------------------------
| rollout/              |           |
|    ep_len_mean        | 500       |
|    ep_rew_mean        | -1.32e+03 |
| time/                 |           |
|    fps                | 10        |
|    iterations         | 604900    |
|    time_elapsed       | 10617     |
|    total_timesteps    | 702200    |
| train/                |           |
|    d_grad_norm        | 0.879     |
|    entropy_loss       | -2.35     |
|    explained_variance | 0.989437  |
|    learning_rate      | 0.00972   |
|    n_updates          | 87771     |
|    policy_loss        | 9.61      |
|    std                | 0.417     |
|    u_grad_norm        | 0.22      |
|    v_grad_norm        | 0.947     |
|    value_loss         | 6.64      |
-------------------------------------
--------------------------------------
| rollout/              |            |
|    ep_len_mean        | 500        |
|    ep_rew_mean        | -684       |
| time/                 |            |
|    fps                | 10         |
|    iterations         | 624900     |
|    time_elapsed       | 10618      |
|    total_timesteps    | 722200     |
| train/                |            |
|    d_grad_norm        | 0.0111     |
|    entropy_loss       | -0.191     |
|    explained_variance | -7.8788643 |
|    learning_rate      | 0.0097     |
|    n_updates          | 90271      |
|    policy_loss        | -0.0051    |
|    std                | 0.203      |
|    u_grad_norm        | 0.591      |
|    v_grad_norm        | 0.0077     |
|    value_loss         | 8.84e-06   |
--------------------------------------
--------------------------------------
| rollout/              |            |
|    ep_len_mean        | 500        |
|    ep_rew_mean        | -1.35e+03  |
| time/                 |            |
|    fps                | 10         |
|    iterations         | 605000     |
|    time_elapsed       | 10627      |
|    total_timesteps    | 703000     |
| train/                |            |
|    d_grad_norm        | 0.00244    |
|    entropy_loss       | -0.126     |
|    explained_variance | -17.734592 |
|    learning_rate      | 0.00972    |
|    n_updates          | 87871      |
|    policy_loss        | 0.00119    |
|    std                | 0.417      |
|    u_grad_norm        | 0.0776     |
|    v_grad_norm        | 0.0142     |
|    value_loss         | 5.25e-05   |
--------------------------------------
--------------------------------------
| rollout/              |            |
|    ep_len_mean        | 500        |
|    ep_rew_mean        | -681       |
| time/                 |            |
|    fps                | 10         |
|    iterations         | 625000     |
|    time_elapsed       | 10628      |
|    total_timesteps    | 723000     |
| train/                |            |
|    d_grad_norm        | 0.00297    |
|    entropy_loss       | -0.00521   |
|    explained_variance | 0.07870728 |
|    learning_rate      | 0.0097     |
|    n_updates          | 90371      |
|    policy_loss        | -5.05e-05  |
|    std                | 0.202      |
|    u_grad_norm        | 0.062      |
|    v_grad_norm        | 0.00261    |
|    value_loss         | 2.51e-07   |
--------------------------------------
--------------------------------------
| rollout/              |            |
|    ep_len_mean        | 500        |
|    ep_rew_mean        | -1.33e+03  |
| time/                 |            |
|    fps                | 10         |
|    iterations         | 605100     |
|    time_elapsed       | 10668      |
|    total_timesteps    | 703800     |
| train/                |            |
|    d_grad_norm        | 0.00207    |
|    entropy_loss       | -0.653     |
|    explained_variance | 0.33856785 |
|    learning_rate      | 0.00972    |
|    n_updates          | 87971      |
|    policy_loss        | -6.71e-05  |
|    std                | 0.416      |
|    u_grad_norm        | 0.0105     |
|    v_grad_norm        | 0.000656   |
|    value_loss         | 7.49e-07   |
--------------------------------------
--------------------------------------
| rollout/              |            |
|    ep_len_mean        | 500        |
|    ep_rew_mean        | -678       |
| time/                 |            |
|    fps                | 10         |
|    iterations         | 625100     |
|    time_elapsed       | 10670      |
|    total_timesteps    | 723800     |
| train/                |            |
|    d_grad_norm        | 0.00594    |
|    entropy_loss       | 0.063      |
|    explained_variance | -1.3665116 |
|    learning_rate      | 0.0097     |
|    n_updates          | 90471      |
|    policy_loss        | -0.000373  |
|    std                | 0.202      |
|    u_grad_norm        | 0.0514     |
|    v_grad_norm        | 0.0046     |
|    value_loss         | 7.7e-07    |
--------------------------------------
--------------------------------------
| rollout/              |            |
|    ep_len_mean        | 500        |
|    ep_rew_mean        | -1.33e+03  |
| time/                 |            |
|    fps                | 10         |
|    iterations         | 605200     |
|    time_elapsed       | 10710      |
|    total_timesteps    | 704600     |
| train/                |            |
|    d_grad_norm        | 0.868      |
|    entropy_loss       | -2.24      |
|    explained_variance | 0.99432945 |
|    learning_rate      | 0.00972    |
|    n_updates          | 88071      |
|    policy_loss        | 9.95       |
|    std                | 0.415      |
|    u_grad_norm        | 0.0206     |
|    v_grad_norm        | 0.963      |
|    value_loss         | 26.8       |
--------------------------------------
--------------------------------------
| rollout/              |            |
|    ep_len_mean        | 500        |
|    ep_rew_mean        | -684       |
| time/                 |            |
|    fps                | 10         |
|    iterations         | 625200     |
|    time_elapsed       | 10711      |
|    total_timesteps    | 724600     |
| train/                |            |
|    d_grad_norm        | 1.01       |
|    entropy_loss       | -0.824     |
|    explained_variance | 0.91200143 |
|    learning_rate      | 0.0097     |
|    n_updates          | 90571      |
|    policy_loss        | -0.312     |
|    std                | 0.201      |
|    u_grad_norm        | 0.128      |
|    v_grad_norm        | 0.9        |
|    value_loss         | 0.242      |
--------------------------------------
--------------------------------------
| rollout/              |            |
|    ep_len_mean        | 500        |
|    ep_rew_mean        | -1.33e+03  |
| time/                 |            |
|    fps                | 10         |
|    iterations         | 605300     |
|    time_elapsed       | 10750      |
|    total_timesteps    | 705400     |
| train/                |            |
|    d_grad_norm        | 0.0106     |
|    entropy_loss       | -0.137     |
|    explained_variance | -309.62726 |
|    learning_rate      | 0.00972    |
|    n_updates          | 88171      |
|    policy_loss        | -0.000253  |
|    std                | 0.415      |
|    u_grad_norm        | 0.0285     |
|    v_grad_norm        | 0.00684    |
|    value_loss         | 4.03e-06   |
--------------------------------------
--------------------------------------
| rollout/              |            |
|    ep_len_mean        | 500        |
|    ep_rew_mean        | -688       |
| time/                 |            |
|    fps                | 10         |
|    iterations         | 625300     |
|    time_elapsed       | 10752      |
|    total_timesteps    | 725400     |
| train/                |            |
|    d_grad_norm        | 0.00163    |
|    entropy_loss       | 0.119      |
|    explained_variance | -19.329123 |
|    learning_rate      | 0.0097     |
|    n_updates          | 90671      |
|    policy_loss        | -0.000197  |
|    std                | 0.201      |
|    u_grad_norm        | 0.00249    |
|    v_grad_norm        | 0.00201    |
|    value_loss         | 2.24e-07   |
--------------------------------------
---------------------------------------
| rollout/              |             |
|    ep_len_mean        | 500         |
|    ep_rew_mean        | -1.33e+03   |
| time/                 |             |
|    fps                | 10          |
|    iterations         | 605400      |
|    time_elapsed       | 10791       |
|    total_timesteps    | 706200      |
| train/                |             |
|    d_grad_norm        | 0.0797      |
|    entropy_loss       | -0.229      |
|    explained_variance | -0.43674326 |
|    learning_rate      | 0.00972     |
|    n_updates          | 88271       |
|    policy_loss        | -0.00179    |
|    std                | 0.415       |
|    u_grad_norm        | 0.222       |
|    v_grad_norm        | 0.0439      |
|    value_loss         | 6.54e-05    |
---------------------------------------
-------------------------------------
| rollout/              |           |
|    ep_len_mean        | 500       |
|    ep_rew_mean        | -680      |
| time/                 |           |
|    fps                | 10        |
|    iterations         | 625400    |
|    time_elapsed       | 10793     |
|    total_timesteps    | 726200    |
| train/                |           |
|    d_grad_norm        | 0.00852   |
|    entropy_loss       | 0.142     |
|    explained_variance | -1.302393 |
|    learning_rate      | 0.0097    |
|    n_updates          | 90771     |
|    policy_loss        | 0.000486  |
|    std                | 0.202     |
|    u_grad_norm        | 0.0643    |
|    v_grad_norm        | 0.0055    |
|    value_loss         | 1.1e-06   |
-------------------------------------
-------------------------------------
| rollout/              |           |
|    ep_len_mean        | 500       |
|    ep_rew_mean        | -1.31e+03 |
| time/                 |           |
|    fps                | 10        |
|    iterations         | 605500    |
|    time_elapsed       | 10802     |
|    total_timesteps    | 707000    |
| train/                |           |
|    d_grad_norm        | 0.00469   |
|    entropy_loss       | -0.5      |
|    explained_variance | -4.196237 |
|    learning_rate      | 0.00972   |
|    n_updates          | 88371     |
|    policy_loss        | -0.000163 |
|    std                | 0.414     |
|    u_grad_norm        | 0.102     |
|    v_grad_norm        | 0.00338   |
|    value_loss         | 5.04e-06  |
-------------------------------------
-------------------------------------
| rollout/              |           |
|    ep_len_mean        | 500       |
|    ep_rew_mean        | -675      |
| time/                 |           |
|    fps                | 10        |
|    iterations         | 625500    |
|    time_elapsed       | 10803     |
|    total_timesteps    | 727000    |
| train/                |           |
|    d_grad_norm        | 0.0051    |
|    entropy_loss       | 0.132     |
|    explained_variance | -5.67305  |
|    learning_rate      | 0.0097    |
|    n_updates          | 90871     |
|    policy_loss        | -0.000376 |
|    std                | 0.202     |
|    u_grad_norm        | 0.000644  |
|    v_grad_norm        | 0.00324   |
|    value_loss         | 4.39e-07  |
-------------------------------------
---------------------------------------
| rollout/              |             |
|    ep_len_mean        | 500         |
|    ep_rew_mean        | -1.29e+03   |
| time/                 |             |
|    fps                | 10          |
|    iterations         | 605600      |
|    time_elapsed       | 10843       |
|    total_timesteps    | 707800      |
| train/                |             |
|    d_grad_norm        | 0.0175      |
|    entropy_loss       | -0.181      |
|    explained_variance | -0.64259386 |
|    learning_rate      | 0.00972     |
|    n_updates          | 88471       |
|    policy_loss        | 0.000219    |
|    std                | 0.416       |
|    u_grad_norm        | 0.211       |
|    v_grad_norm        | 0.0103      |
|    value_loss         | 3.57e-06    |
---------------------------------------
----------------------------------------
| rollout/              |              |
|    ep_len_mean        | 500          |
|    ep_rew_mean        | -682         |
| time/                 |              |
|    fps                | 10           |
|    iterations         | 625600       |
|    time_elapsed       | 10844        |
|    total_timesteps    | 727800       |
| train/                |              |
|    d_grad_norm        | 0.0161       |
|    entropy_loss       | 0.0915       |
|    explained_variance | -0.108171105 |
|    learning_rate      | 0.0097       |
|    n_updates          | 90971        |
|    policy_loss        | -6.8e-06     |
|    std                | 0.202        |
|    u_grad_norm        | 0.255        |
|    v_grad_norm        | 0.00858      |
|    value_loss         | 2.83e-06     |
----------------------------------------
Stopping because gradient norm condition is fulfilled
--------------------------------------
| rollout/              |            |
|    ep_len_mean        | 500        |
|    ep_rew_mean        | -1.26e+03  |
| time/                 |            |
|    fps                | 10         |
|    iterations         | 605700     |
|    time_elapsed       | 10879      |
|    total_timesteps    | 708600     |
| train/                |            |
|    d_grad_norm        | 1.15       |
|    entropy_loss       | -2.64      |
|    explained_variance | 0.99871147 |
|    learning_rate      | 0.00972    |
|    n_updates          | 88571      |
|    policy_loss        | 0.835      |
|    std                | 0.415      |
|    u_grad_norm        | 0.0128     |
|    v_grad_norm        | 0.975      |
|    value_loss         | 0.216      |
--------------------------------------
--------------------------------------
| rollout/              |            |
|    ep_len_mean        | 500        |
|    ep_rew_mean        | -1.25e+03  |
| time/                 |            |
|    fps                | 10         |
|    iterations         | 605800     |
|    time_elapsed       | 10915      |
|    total_timesteps    | 709400     |
| train/                |            |
|    d_grad_norm        | 0.821      |
|    entropy_loss       | -2.39      |
|    explained_variance | 0.99025285 |
|    learning_rate      | 0.00972    |
|    n_updates          | 88671      |
|    policy_loss        | -2.01      |
|    std                | 0.414      |
|    u_grad_norm        | 0.262      |
|    v_grad_norm        | 0.902      |
|    value_loss         | 0.158      |
--------------------------------------
--------------------------------------
| rollout/              |            |
|    ep_len_mean        | 500        |
|    ep_rew_mean        | -1.26e+03  |
| time/                 |            |
|    fps                | 10         |
|    iterations         | 605900     |
|    time_elapsed       | 10952      |
|    total_timesteps    | 710200     |
| train/                |            |
|    d_grad_norm        | 0.189      |
|    entropy_loss       | -2.67      |
|    explained_variance | 0.99987036 |
|    learning_rate      | 0.00971    |
|    n_updates          | 88771      |
|    policy_loss        | 0.0954     |
|    std                | 0.412      |
|    u_grad_norm        | 0.0247     |
|    v_grad_norm        | 1.03       |
|    value_loss         | 0.011      |
--------------------------------------
Eval num_timesteps=711000, episode_reward=-2480.22 +/- 919.46
Episode length: 500.00 +/- 0.00
-------------------------------------
| eval/                 |           |
|    mean_ep_length     | 500       |
|    mean_reward        | -2.48e+03 |
| time/                 |           |
|    total_timesteps    | 711000    |
| train/                |           |
|    d_grad_norm        | 0.862     |
|    entropy_loss       | -2.05     |
|    explained_variance | 0.9694062 |
|    learning_rate      | 0.00971   |
|    n_updates          | 88871     |
|    policy_loss        | -0.768    |
|    std                | 0.412     |
|    u_grad_norm        | 0.0972    |
|    v_grad_norm        | 0.96      |
|    value_loss         | 0.634     |
-------------------------------------
----------------------------------
| rollout/           |           |
|    ep_len_mean     | 500       |
|    ep_rew_mean     | -1.27e+03 |
| time/              |           |
|    fps             | 10        |
|    iterations      | 606000    |
|    time_elapsed    | 11111     |
|    total_timesteps | 711000    |
----------------------------------
-------------------------------------
| rollout/              |           |
|    ep_len_mean        | 500       |
|    ep_rew_mean        | -1.27e+03 |
| time/                 |           |
|    fps                | 10        |
|    iterations         | 606100    |
|    time_elapsed       | 11144     |
|    total_timesteps    | 711800    |
| train/                |           |
|    d_grad_norm        | 0.0593    |
|    entropy_loss       | -3.58     |
|    explained_variance | 0.9999572 |
|    learning_rate      | 0.00971   |
|    n_updates          | 88971     |
|    policy_loss        | 0.157     |
|    std                | 0.415     |
|    u_grad_norm        | 0.0438    |
|    v_grad_norm        | 0.964     |
|    value_loss         | 0.00464   |
-------------------------------------
--------------------------------------
| rollout/              |            |
|    ep_len_mean        | 500        |
|    ep_rew_mean        | -1.26e+03  |
| time/                 |            |
|    fps                | 10         |
|    iterations         | 606200     |
|    time_elapsed       | 11176      |
|    total_timesteps    | 712600     |
| train/                |            |
|    d_grad_norm        | 0.86       |
|    entropy_loss       | -2.03      |
|    explained_variance | 0.99927187 |
|    learning_rate      | 0.00971    |
|    n_updates          | 89071      |
|    policy_loss        | 0.286      |
|    std                | 0.413      |
|    u_grad_norm        | 0.0382     |
|    v_grad_norm        | 0.966      |
|    value_loss         | 0.0927     |
--------------------------------------
--------------------------------------
| rollout/              |            |
|    ep_len_mean        | 500        |
|    ep_rew_mean        | -1.26e+03  |
| time/                 |            |
|    fps                | 10         |
|    iterations         | 606300     |
|    time_elapsed       | 11207      |
|    total_timesteps    | 713400     |
| train/                |            |
|    d_grad_norm        | 0.0758     |
|    entropy_loss       | -0.335     |
|    explained_variance | -5.4825463 |
|    learning_rate      | 0.00971    |
|    n_updates          | 89171      |
|    policy_loss        | -0.0019    |
|    std                | 0.413      |
|    u_grad_norm        | 0.341      |
|    v_grad_norm        | 0.0208     |
|    value_loss         | 3.27e-05   |
--------------------------------------
-------------------------------------
| rollout/              |           |
|    ep_len_mean        | 500       |
|    ep_rew_mean        | -1.23e+03 |
| time/                 |           |
|    fps                | 10        |
|    iterations         | 606400    |
|    time_elapsed       | 11239     |
|    total_timesteps    | 714200    |
| train/                |           |
|    d_grad_norm        | 0.952     |
|    entropy_loss       | -2.72     |
|    explained_variance | 0.9939903 |
|    learning_rate      | 0.00971   |
|    n_updates          | 89271     |
|    policy_loss        | -1.7      |
|    std                | 0.412     |
|    u_grad_norm        | 0.153     |
|    v_grad_norm        | 0.997     |
|    value_loss         | 0.946     |
-------------------------------------
--------------------------------------
| rollout/              |            |
|    ep_len_mean        | 500        |
|    ep_rew_mean        | -1.23e+03  |
| time/                 |            |
|    fps                | 11         |
|    iterations         | 606500     |
|    time_elapsed       | 11246      |
|    total_timesteps    | 715000     |
| train/                |            |
|    d_grad_norm        | 0.0312     |
|    entropy_loss       | -0.266     |
|    explained_variance | -82.366554 |
|    learning_rate      | 0.00971    |
|    n_updates          | 89371      |
|    policy_loss        | -0.0163    |
|    std                | 0.412      |
|    u_grad_norm        | 1.04       |
|    v_grad_norm        | 0.0133     |
|    value_loss         | 0.000268   |
--------------------------------------
-------------------------------------
| rollout/              |           |
|    ep_len_mean        | 500       |
|    ep_rew_mean        | -1.23e+03 |
| time/                 |           |
|    fps                | 11        |
|    iterations         | 606600    |
|    time_elapsed       | 11277     |
|    total_timesteps    | 715800    |
| train/                |           |
|    d_grad_norm        | 0.00808   |
|    entropy_loss       | -0.129    |
|    explained_variance | 0.0809111 |
|    learning_rate      | 0.00971   |
|    n_updates          | 89471     |
|    policy_loss        | 0.000247  |
|    std                | 0.411     |
|    u_grad_norm        | 0.136     |
|    v_grad_norm        | 0.00498   |
|    value_loss         | 1.16e-06  |
-------------------------------------
-------------------------------------
| rollout/              |           |
|    ep_len_mean        | 500       |
|    ep_rew_mean        | -1.22e+03 |
| time/                 |           |
|    fps                | 11        |
|    iterations         | 606700    |
|    time_elapsed       | 11306     |
|    total_timesteps    | 716600    |
| train/                |           |
|    d_grad_norm        | 1.16      |
|    entropy_loss       | -3.52     |
|    explained_variance | 0.9997511 |
|    learning_rate      | 0.00971   |
|    n_updates          | 89571     |
|    policy_loss        | -0.918    |
|    std                | 0.41      |
|    u_grad_norm        | 0.0684    |
|    v_grad_norm        | 1         |
|    value_loss         | 0.0803    |
-------------------------------------
---------------------------------------
| rollout/              |             |
|    ep_len_mean        | 500         |
|    ep_rew_mean        | -1.2e+03    |
| time/                 |             |
|    fps                | 11          |
|    iterations         | 606800      |
|    time_elapsed       | 11337       |
|    total_timesteps    | 717400      |
| train/                |             |
|    d_grad_norm        | 0.00483     |
|    entropy_loss       | -0.279      |
|    explained_variance | -0.19023967 |
|    learning_rate      | 0.00971     |
|    n_updates          | 89671       |
|    policy_loss        | 0.00163     |
|    std                | 0.41        |
|    u_grad_norm        | 0.281       |
|    v_grad_norm        | 0.00896     |
|    value_loss         | 2.72e-06    |
---------------------------------------
-------------------------------------
| rollout/              |           |
|    ep_len_mean        | 500       |
|    ep_rew_mean        | -1.17e+03 |
| time/                 |           |
|    fps                | 11        |
|    iterations         | 606900    |
|    time_elapsed       | 11369     |
|    total_timesteps    | 718200    |
| train/                |           |
|    d_grad_norm        | 0.945     |
|    entropy_loss       | -2.84     |
|    explained_variance | 0.8791793 |
|    learning_rate      | 0.00971   |
|    n_updates          | 89771     |
|    policy_loss        | 2.83      |
|    std                | 0.41      |
|    u_grad_norm        | 0.184     |
|    v_grad_norm        | 0.889     |
|    value_loss         | 1.8       |
-------------------------------------
-------------------------------------
| rollout/              |           |
|    ep_len_mean        | 500       |
|    ep_rew_mean        | -1.14e+03 |
| time/                 |           |
|    fps                | 11        |
|    iterations         | 607000    |
|    time_elapsed       | 11377     |
|    total_timesteps    | 719000    |
| train/                |           |
|    d_grad_norm        | 0.0101    |
|    entropy_loss       | -0.382    |
|    explained_variance | 0.2146095 |
|    learning_rate      | 0.00971   |
|    n_updates          | 89871     |
|    policy_loss        | -3.53e-05 |
|    std                | 0.409     |
|    u_grad_norm        | 0.0297    |
|    v_grad_norm        | 0.0028    |
|    value_loss         | 2.51e-07  |
-------------------------------------
--------------------------------------
| rollout/              |            |
|    ep_len_mean        | 500        |
|    ep_rew_mean        | -1.13e+03  |
| time/                 |            |
|    fps                | 11         |
|    iterations         | 607100     |
|    time_elapsed       | 11409      |
|    total_timesteps    | 719800     |
| train/                |            |
|    d_grad_norm        | 0.0197     |
|    entropy_loss       | -0.127     |
|    explained_variance | -23.903004 |
|    learning_rate      | 0.00971    |
|    n_updates          | 89971      |
|    policy_loss        | 0.000132   |
|    std                | 0.408      |
|    u_grad_norm        | 0.246      |
|    v_grad_norm        | 0.0115     |
|    value_loss         | 9.77e-06   |
--------------------------------------
-------------------------------------
| rollout/              |           |
|    ep_len_mean        | 500       |
|    ep_rew_mean        | -1.13e+03 |
| time/                 |           |
|    fps                | 11        |
|    iterations         | 607200    |
|    time_elapsed       | 11441     |
|    total_timesteps    | 720600    |
| train/                |           |
|    d_grad_norm        | 0.857     |
|    entropy_loss       | -3.68     |
|    explained_variance | 0.9998827 |
|    learning_rate      | 0.0097    |
|    n_updates          | 90071     |
|    policy_loss        | -1.5      |
|    std                | 0.408     |
|    u_grad_norm        | 0.0186    |
|    v_grad_norm        | 0.967     |
|    value_loss         | 0.218     |
-------------------------------------
Eval num_timesteps=721000, episode_reward=-2511.49 +/- 639.65
Episode length: 500.00 +/- 0.00
-------------------------------------
| eval/                 |           |
|    mean_ep_length     | 500       |
|    mean_reward        | -2.51e+03 |
| time/                 |           |
|    total_timesteps    | 721000    |
| train/                |           |
|    d_grad_norm        | 0.874     |
|    entropy_loss       | -1.96     |
|    explained_variance | 0.9958111 |
|    learning_rate      | 0.0097    |
|    n_updates          | 90121     |
|    policy_loss        | -2.72     |
|    std                | 0.408     |
|    u_grad_norm        | 0.0726    |
|    v_grad_norm        | 0.94      |
|    value_loss         | 4.15      |
-------------------------------------
--------------------------------------
| rollout/              |            |
|    ep_len_mean        | 500        |
|    ep_rew_mean        | -1.14e+03  |
| time/                 |            |
|    fps                | 11         |
|    iterations         | 607300     |
|    time_elapsed       | 11587      |
|    total_timesteps    | 721400     |
| train/                |            |
|    d_grad_norm        | 0.00517    |
|    entropy_loss       | -0.121     |
|    explained_variance | -10.249624 |
|    learning_rate      | 0.0097     |
|    n_updates          | 90171      |
|    policy_loss        | 0.000273   |
|    std                | 0.409      |
|    u_grad_norm        | 0.115      |
|    v_grad_norm        | 0.00659    |
|    value_loss         | 2.04e-05   |
--------------------------------------
--------------------------------------
| rollout/              |            |
|    ep_len_mean        | 500        |
|    ep_rew_mean        | -1.12e+03  |
| time/                 |            |
|    fps                | 11         |
|    iterations         | 607400     |
|    time_elapsed       | 11609      |
|    total_timesteps    | 722200     |
| train/                |            |
|    d_grad_norm        | 0.186      |
|    entropy_loss       | -2.32      |
|    explained_variance | 0.99472034 |
|    learning_rate      | 0.0097     |
|    n_updates          | 90271      |
|    policy_loss        | 0.148      |
|    std                | 0.409      |
|    u_grad_norm        | 0.202      |
|    v_grad_norm        | 0.924      |
|    value_loss         | 0.0239     |
--------------------------------------
-------------------------------------
| rollout/              |           |
|    ep_len_mean        | 500       |
|    ep_rew_mean        | -1.15e+03 |
| time/                 |           |
|    fps                | 11        |
|    iterations         | 607500    |
|    time_elapsed       | 11614     |
|    total_timesteps    | 723000    |
| train/                |           |
|    d_grad_norm        | 0.57      |
|    entropy_loss       | -1.76     |
|    explained_variance | 0.9958557 |
|    learning_rate      | 0.0097    |
|    n_updates          | 90371     |
|    policy_loss        | -0.0868   |
|    std                | 0.409     |
|    u_grad_norm        | 0.0235    |
|    v_grad_norm        | 0.865     |
|    value_loss         | 0.127     |
-------------------------------------
---------------------------------------
| rollout/              |             |
|    ep_len_mean        | 500         |
|    ep_rew_mean        | -1.12e+03   |
| time/                 |             |
|    fps                | 11          |
|    iterations         | 607600      |
|    time_elapsed       | 11636       |
|    total_timesteps    | 723800      |
| train/                |             |
|    d_grad_norm        | 0.029       |
|    entropy_loss       | -0.466      |
|    explained_variance | -0.14972305 |
|    learning_rate      | 0.0097      |
|    n_updates          | 90471       |
|    policy_loss        | 3.4e-05     |
|    std                | 0.409       |
|    u_grad_norm        | 0.0425      |
|    v_grad_norm        | 0.0076      |
|    value_loss         | 2.31e-06    |
---------------------------------------
--------------------------------------
| rollout/              |            |
|    ep_len_mean        | 500        |
|    ep_rew_mean        | -1.07e+03  |
| time/                 |            |
|    fps                | 11         |
|    iterations         | 607700     |
|    time_elapsed       | 11658      |
|    total_timesteps    | 724600     |
| train/                |            |
|    d_grad_norm        | 1.17       |
|    entropy_loss       | -0.469     |
|    explained_variance | -1.3495679 |
|    learning_rate      | 0.0097     |
|    n_updates          | 90571      |
|    policy_loss        | 1.11       |
|    std                | 0.41       |
|    u_grad_norm        | 0.629      |
|    v_grad_norm        | 0.853      |
|    value_loss         | 0.362      |
--------------------------------------
--------------------------------------
| rollout/              |            |
|    ep_len_mean        | 500        |
|    ep_rew_mean        | -1.03e+03  |
| time/                 |            |
|    fps                | 11         |
|    iterations         | 607800     |
|    time_elapsed       | 11680      |
|    total_timesteps    | 725400     |
| train/                |            |
|    d_grad_norm        | 0.00163    |
|    entropy_loss       | -0.351     |
|    explained_variance | -0.4520632 |
|    learning_rate      | 0.0097     |
|    n_updates          | 90671      |
|    policy_loss        | 0.000401   |
|    std                | 0.409      |
|    u_grad_norm        | 0.0643     |
|    v_grad_norm        | 0.000525   |
|    value_loss         | 1.03e-06   |
--------------------------------------
--------------------------------------
| rollout/              |            |
|    ep_len_mean        | 500        |
|    ep_rew_mean        | -1.06e+03  |
| time/                 |            |
|    fps                | 11         |
|    iterations         | 607900     |
|    time_elapsed       | 11702      |
|    total_timesteps    | 726200     |
| train/                |            |
|    d_grad_norm        | 0.948      |
|    entropy_loss       | -2.21      |
|    explained_variance | 0.99681437 |
|    learning_rate      | 0.0097     |
|    n_updates          | 90771      |
|    policy_loss        | 1.89       |
|    std                | 0.412      |
|    u_grad_norm        | 0.116      |
|    v_grad_norm        | 0.898      |
|    value_loss         | 1.19       |
--------------------------------------
-------------------------------------
| rollout/              |           |
|    ep_len_mean        | 500       |
|    ep_rew_mean        | -1.08e+03 |
| time/                 |           |
|    fps                | 11        |
|    iterations         | 608000    |
|    time_elapsed       | 11707     |
|    total_timesteps    | 727000    |
| train/                |           |
|    d_grad_norm        | 0.00184   |
|    entropy_loss       | -0.161    |
|    explained_variance | -4.077582 |
|    learning_rate      | 0.0097    |
|    n_updates          | 90871     |
|    policy_loss        | -0.000138 |
|    std                | 0.411     |
|    u_grad_norm        | 0.022     |
|    v_grad_norm        | 0.00107   |
|    value_loss         | 7.49e-07  |
-------------------------------------
---------------------------------------
| rollout/              |             |
|    ep_len_mean        | 500         |
|    ep_rew_mean        | -1.08e+03   |
| time/                 |             |
|    fps                | 11          |
|    iterations         | 608100      |
|    time_elapsed       | 11729       |
|    total_timesteps    | 727800      |
| train/                |             |
|    d_grad_norm        | 0.22        |
|    entropy_loss       | -0.132      |
|    explained_variance | 0.051030993 |
|    learning_rate      | 0.0097      |
|    n_updates          | 90971       |
|    policy_loss        | 0.000202    |
|    std                | 0.412       |
|    u_grad_norm        | 0.818       |
|    v_grad_norm        | 0.0385      |
|    value_loss         | 5.63e-05    |
---------------------------------------
---------------------------------------
| rollout/              |             |
|    ep_len_mean        | 500         |
|    ep_rew_mean        | -1.08e+03   |
| time/                 |             |
|    fps                | 11          |
|    iterations         | 608200      |
|    time_elapsed       | 11749       |
|    total_timesteps    | 728600      |
| train/                |             |
|    d_grad_norm        | 0.0161      |
|    entropy_loss       | -0.0925     |
|    explained_variance | 0.069340944 |
|    learning_rate      | 0.0097      |
|    n_updates          | 91071       |
|    policy_loss        | -0.000239   |
|    std                | 0.412       |
|    u_grad_norm        | 0.115       |
|    v_grad_norm        | 0.00726     |
|    value_loss         | 2.14e-06    |
---------------------------------------
--------------------------------------
| rollout/              |            |
|    ep_len_mean        | 500        |
|    ep_rew_mean        | -1.07e+03  |
| time/                 |            |
|    fps                | 11         |
|    iterations         | 608300     |
|    time_elapsed       | 11768      |
|    total_timesteps    | 729400     |
| train/                |            |
|    d_grad_norm        | 0.0826     |
|    entropy_loss       | -0.921     |
|    explained_variance | -2.0218794 |
|    learning_rate      | 0.0097     |
|    n_updates          | 91171      |
|    policy_loss        | -0.00508   |
|    std                | 0.411      |
|    u_grad_norm        | 0.4        |
|    v_grad_norm        | 0.0211     |
|    value_loss         | 1.67e-05   |
--------------------------------------
Stopping because gradient norm condition is fulfilled
HI IM DONE
HI IM DONE
HI IM DONE
HI IM DONE
HI IM DONE
HI IM DONE
HI IM DONE
HI IM DONE
HI IM DONE
HI IM DONE
