nohup: ignoring input
wandb: Currently logged in as: jw4406 (safe-princeton). Use `wandb login --relogin` to force relogin
wandb: Appending key for api.wandb.ai to your netrc file: /home/jw4406/.netrc
wandb: Currently logged in as: jw4406. Use `wandb login --relogin` to force relogin
wandb: Currently logged in as: jw4406. Use `wandb login --relogin` to force relogin
wandb: Currently logged in as: jw4406. Use `wandb login --relogin` to force relogin
wandb: Currently logged in as: jw4406. Use `wandb login --relogin` to force relogin
wandb: Currently logged in as: jw4406. Use `wandb login --relogin` to force relogin
wandb: ERROR Error while calling W&B API: An internal error occurred. Please contact support. (<Response [500]>)
wandb: - Waiting for wandb.init()...wandb: \ Waiting for wandb.init()...wandb: wandb version 0.19.6 is available!  To upgrade, please run:
wandb:  $ pip install wandb --upgrade
wandb: Tracking run with wandb version 0.17.6
wandb: Run data is saved locally in /home/jw4406/codebase/stable-baselines3/stable_baselines3/wandb/run-20250209_125128-ria87kdk
wandb: Run `wandb offline` to turn off syncing.
wandb: Syncing run radiant-rain-1
wandb: ⭐️ View project at https://wandb.ai/jw4406/match_al_cl_cheetah
wandb: 🚀 View run at https://wandb.ai/jw4406/match_al_cl_cheetah/runs/ria87kdk
wandb: wandb version 0.19.6 is available!  To upgrade, please run:
wandb:  $ pip install wandb --upgrade
wandb: Tracking run with wandb version 0.17.6
wandb: Run data is saved locally in /home/jw4406/codebase/stable-baselines3/stable_baselines3/wandb/run-20250209_125128-kh7icq24
wandb: Run `wandb offline` to turn off syncing.
wandb: Syncing run unique-morning-1
wandb: ⭐️ View project at https://wandb.ai/jw4406/match_al_cl_cheetah
wandb: 🚀 View run at https://wandb.ai/jw4406/match_al_cl_cheetah/runs/kh7icq24
wandb: wandb version 0.19.6 is available!  To upgrade, please run:
wandb:  $ pip install wandb --upgrade
wandb: Tracking run with wandb version 0.17.6
wandb: Run data is saved locally in /home/jw4406/codebase/stable-baselines3/stable_baselines3/wandb/run-20250209_125128-19yuv2fa
wandb: Run `wandb offline` to turn off syncing.
wandb: Syncing run deft-feather-1
wandb: ⭐️ View project at https://wandb.ai/jw4406/match_al_cl_cheetah
wandb: 🚀 View run at https://wandb.ai/jw4406/match_al_cl_cheetah/runs/19yuv2fa
wandb: wandb version 0.19.6 is available!  To upgrade, please run:
wandb:  $ pip install wandb --upgrade
wandb: Tracking run with wandb version 0.17.6
wandb: Run data is saved locally in /home/jw4406/codebase/stable-baselines3/stable_baselines3/wandb/run-20250209_125128-b0lrzf3t
wandb: Run `wandb offline` to turn off syncing.
wandb: Syncing run trim-smoke-2
wandb: ⭐️ View project at https://wandb.ai/jw4406/match_al_cl_cheetah
wandb: 🚀 View run at https://wandb.ai/jw4406/match_al_cl_cheetah/runs/b0lrzf3t
Using cuda device
Wrapping the env with a `Monitor` wrapper
Wrapping the env in a DummyVecEnv.
using e-fim: False
Using cuda device
Wrapping the env with a `Monitor` wrapper
Wrapping the env in a DummyVecEnv.
using e-fim: False
Using cuda device
Wrapping the env with a `Monitor` wrapper
Wrapping the env in a DummyVecEnv.
using e-fim: False
Using cuda device
Wrapping the env with a `Monitor` wrapper
Wrapping the env in a DummyVecEnv.
using e-fim: False
hello
Using cuda device
Wrapping the env with a `Monitor` wrapper
Wrapping the env in a DummyVecEnv.
using e-fim: False
using zofo: False
using diag: True
dstb sees ctrl input True
hello
Using cuda device
Wrapping the env with a `Monitor` wrapper
Wrapping the env in a DummyVecEnv.
using e-fim: False
using zofo: False
using diag: True
dstb sees ctrl input True
hello
Using cuda device
Wrapping the env with a `Monitor` wrapper
Wrapping the env in a DummyVecEnv.
using e-fim: False
using zofo: False
using diag: True
dstb sees ctrl input True
hello
Using cuda device
Wrapping the env with a `Monitor` wrapper
Wrapping the env in a DummyVecEnv.
using e-fim: False
using zofo: False
using diag: True
dstb sees ctrl input True
wandb: wandb version 0.19.6 is available!  To upgrade, please run:
wandb:  $ pip install wandb --upgrade
wandb: Tracking run with wandb version 0.17.6
wandb: Run data is saved locally in /home/jw4406/codebase/stable-baselines3/stable_baselines3/wandb/run-20250209_125128-a4f8oyqn
wandb: Run `wandb offline` to turn off syncing.
wandb: Syncing run whole-yogurt-5
wandb: ⭐️ View project at https://wandb.ai/jw4406/match_al_cl_cheetah
wandb: 🚀 View run at https://wandb.ai/jw4406/match_al_cl_cheetah/runs/a4f8oyqn
Using cuda device
Wrapping the env with a `Monitor` wrapper
Wrapping the env in a DummyVecEnv.
using e-fim: False
hello
Using cuda device
Wrapping the env with a `Monitor` wrapper
Wrapping the env in a DummyVecEnv.
using e-fim: False
using zofo: False
using diag: True
dstb sees ctrl input True
/home/jw4406/codebase/stable-baselines3/stable_baselines3/common/evaluation.py:67: UserWarning: Evaluation environment is not wrapped with a ``Monitor`` wrapper. This may result in reporting modified episode lengths and rewards, if other wrappers happen to modify these. Consider wrapping environment first with ``Monitor`` wrapper.
  warnings.warn(
/home/jw4406/codebase/stable-baselines3/stable_baselines3/common/evaluation.py:67: UserWarning: Evaluation environment is not wrapped with a ``Monitor`` wrapper. This may result in reporting modified episode lengths and rewards, if other wrappers happen to modify these. Consider wrapping environment first with ``Monitor`` wrapper.
  warnings.warn(
/home/jw4406/codebase/stable-baselines3/stable_baselines3/common/evaluation.py:67: UserWarning: Evaluation environment is not wrapped with a ``Monitor`` wrapper. This may result in reporting modified episode lengths and rewards, if other wrappers happen to modify these. Consider wrapping environment first with ``Monitor`` wrapper.
  warnings.warn(
/home/jw4406/codebase/stable-baselines3/stable_baselines3/common/evaluation.py:67: UserWarning: Evaluation environment is not wrapped with a ``Monitor`` wrapper. This may result in reporting modified episode lengths and rewards, if other wrappers happen to modify these. Consider wrapping environment first with ``Monitor`` wrapper.
  warnings.warn(
/home/jw4406/codebase/stable-baselines3/stable_baselines3/common/evaluation.py:67: UserWarning: Evaluation environment is not wrapped with a ``Monitor`` wrapper. This may result in reporting modified episode lengths and rewards, if other wrappers happen to modify these. Consider wrapping environment first with ``Monitor`` wrapper.
  warnings.warn(
hello
Eval num_timesteps=1000, episode_reward=-24.24 +/- 0.95
Episode length: 1000.00 +/- 0.00
---------------------------------
| eval/              |          |
|    mean_ep_length  | 1e+03    |
|    mean_reward     | -24.2    |
| time/              |          |
|    total_timesteps | 1000     |
---------------------------------
hello
Eval num_timesteps=1000, episode_reward=-22.49 +/- 0.83
Episode length: 1000.00 +/- 0.00
---------------------------------
| eval/              |          |
|    mean_ep_length  | 1e+03    |
|    mean_reward     | -22.5    |
| time/              |          |
|    total_timesteps | 1000     |
---------------------------------
hello
Eval num_timesteps=1000, episode_reward=-7.90 +/- 0.85
Episode length: 1000.00 +/- 0.00
---------------------------------
| eval/              |          |
|    mean_ep_length  | 1e+03    |
|    mean_reward     | -7.9     |
| time/              |          |
|    total_timesteps | 1000     |
---------------------------------
hello
Eval num_timesteps=1000, episode_reward=-14.51 +/- 0.60
Episode length: 1000.00 +/- 0.00
---------------------------------
| eval/              |          |
|    mean_ep_length  | 1e+03    |
|    mean_reward     | -14.5    |
| time/              |          |
|    total_timesteps | 1000     |
---------------------------------
hello
Eval num_timesteps=1000, episode_reward=-12.07 +/- 0.62
Episode length: 1000.00 +/- 0.00
---------------------------------
| eval/              |          |
|    mean_ep_length  | 1e+03    |
|    mean_reward     | -12.1    |
| time/              |          |
|    total_timesteps | 1000     |
---------------------------------
New best mean reward!
Eval num_timesteps=2000, episode_reward=-24.15 +/- 0.73
Episode length: 1000.00 +/- 0.00
---------------------------------
| eval/              |          |
|    mean_ep_length  | 1e+03    |
|    mean_reward     | -24.1    |
| time/              |          |
|    total_timesteps | 2000     |
---------------------------------
New best mean reward!
Eval num_timesteps=2000, episode_reward=-22.77 +/- 0.55
Episode length: 1000.00 +/- 0.00
---------------------------------
| eval/              |          |
|    mean_ep_length  | 1e+03    |
|    mean_reward     | -22.8    |
| time/              |          |
|    total_timesteps | 2000     |
---------------------------------
New best mean reward!
Eval num_timesteps=2000, episode_reward=-7.19 +/- 0.68
Episode length: 1000.00 +/- 0.00
---------------------------------
| eval/              |          |
|    mean_ep_length  | 1e+03    |
|    mean_reward     | -7.19    |
| time/              |          |
|    total_timesteps | 2000     |
---------------------------------
New best mean reward!
Eval num_timesteps=2000, episode_reward=-14.92 +/- 0.86
Episode length: 1000.00 +/- 0.00
---------------------------------
| eval/              |          |
|    mean_ep_length  | 1e+03    |
|    mean_reward     | -14.9    |
| time/              |          |
|    total_timesteps | 2000     |
---------------------------------
New best mean reward!
Eval num_timesteps=2000, episode_reward=-11.82 +/- 0.82
Episode length: 1000.00 +/- 0.00
---------------------------------
| eval/              |          |
|    mean_ep_length  | 1e+03    |
|    mean_reward     | -11.8    |
| time/              |          |
|    total_timesteps | 2000     |
---------------------------------
New best mean reward!
Eval num_timesteps=3000, episode_reward=-24.48 +/- 0.69
Episode length: 1000.00 +/- 0.00
---------------------------------
| eval/              |          |
|    mean_ep_length  | 1e+03    |
|    mean_reward     | -24.5    |
| time/              |          |
|    total_timesteps | 3000     |
---------------------------------
Eval num_timesteps=3000, episode_reward=-22.67 +/- 0.60
Episode length: 1000.00 +/- 0.00
---------------------------------
| eval/              |          |
|    mean_ep_length  | 1e+03    |
|    mean_reward     | -22.7    |
| time/              |          |
|    total_timesteps | 3000     |
---------------------------------
New best mean reward!
Eval num_timesteps=3000, episode_reward=-7.58 +/- 0.90
Episode length: 1000.00 +/- 0.00
---------------------------------
| eval/              |          |
|    mean_ep_length  | 1e+03    |
|    mean_reward     | -7.58    |
| time/              |          |
|    total_timesteps | 3000     |
---------------------------------
Eval num_timesteps=3000, episode_reward=-15.29 +/- 0.76
Episode length: 1000.00 +/- 0.00
---------------------------------
| eval/              |          |
|    mean_ep_length  | 1e+03    |
|    mean_reward     | -15.3    |
| time/              |          |
|    total_timesteps | 3000     |
---------------------------------
New best mean reward!
Eval num_timesteps=3000, episode_reward=-11.92 +/- 0.63
Episode length: 1000.00 +/- 0.00
---------------------------------
| eval/              |          |
|    mean_ep_length  | 1e+03    |
|    mean_reward     | -11.9    |
| time/              |          |
|    total_timesteps | 3000     |
---------------------------------
Eval num_timesteps=4000, episode_reward=-24.85 +/- 0.76
Episode length: 1000.00 +/- 0.00
---------------------------------
| eval/              |          |
|    mean_ep_length  | 1e+03    |
|    mean_reward     | -24.9    |
| time/              |          |
|    total_timesteps | 4000     |
---------------------------------
---------------------------------
| rollout/           |          |
|    ep_len_mean     | 1e+03    |
|    ep_rew_mean     | -235     |
| time/              |          |
|    episodes        | 4        |
|    fps             | 47       |
|    time_elapsed    | 84       |
|    total_timesteps | 4000     |
| train/             |          |
|    std             | 1        |
---------------------------------
Eval num_timesteps=4000, episode_reward=-22.72 +/- 0.55
Episode length: 1000.00 +/- 0.00
---------------------------------
| eval/              |          |
|    mean_ep_length  | 1e+03    |
|    mean_reward     | -22.7    |
| time/              |          |
|    total_timesteps | 4000     |
---------------------------------
---------------------------------
| rollout/           |          |
|    ep_len_mean     | 1e+03    |
|    ep_rew_mean     | -297     |
| time/              |          |
|    episodes        | 4        |
|    fps             | 47       |
|    time_elapsed    | 84       |
|    total_timesteps | 4000     |
| train/             |          |
|    std             | 1        |
---------------------------------
Eval num_timesteps=4000, episode_reward=-7.92 +/- 0.54
Episode length: 1000.00 +/- 0.00
---------------------------------
| eval/              |          |
|    mean_ep_length  | 1e+03    |
|    mean_reward     | -7.92    |
| time/              |          |
|    total_timesteps | 4000     |
---------------------------------
Eval num_timesteps=4000, episode_reward=-14.88 +/- 0.65
Episode length: 1000.00 +/- 0.00
---------------------------------
| eval/              |          |
|    mean_ep_length  | 1e+03    |
|    mean_reward     | -14.9    |
| time/              |          |
|    total_timesteps | 4000     |
---------------------------------
---------------------------------
| rollout/           |          |
|    ep_len_mean     | 1e+03    |
|    ep_rew_mean     | -292     |
| time/              |          |
|    episodes        | 4        |
|    fps             | 47       |
|    time_elapsed    | 84       |
|    total_timesteps | 4000     |
| train/             |          |
|    std             | 1        |
---------------------------------
---------------------------------
| rollout/           |          |
|    ep_len_mean     | 1e+03    |
|    ep_rew_mean     | -339     |
| time/              |          |
|    episodes        | 4        |
|    fps             | 47       |
|    time_elapsed    | 84       |
|    total_timesteps | 4000     |
| train/             |          |
|    std             | 1        |
---------------------------------
Eval num_timesteps=4000, episode_reward=-12.10 +/- 0.77
Episode length: 1000.00 +/- 0.00
---------------------------------
| eval/              |          |
|    mean_ep_length  | 1e+03    |
|    mean_reward     | -12.1    |
| time/              |          |
|    total_timesteps | 4000     |
---------------------------------
---------------------------------
| rollout/           |          |
|    ep_len_mean     | 1e+03    |
|    ep_rew_mean     | -277     |
| time/              |          |
|    episodes        | 4        |
|    fps             | 47       |
|    time_elapsed    | 84       |
|    total_timesteps | 4000     |
| train/             |          |
|    std             | 1        |
---------------------------------
Eval num_timesteps=5000, episode_reward=-24.52 +/- 0.76
Episode length: 1000.00 +/- 0.00
---------------------------------
| eval/              |          |
|    mean_ep_length  | 1e+03    |
|    mean_reward     | -24.5    |
| time/              |          |
|    total_timesteps | 5000     |
---------------------------------
Eval num_timesteps=5000, episode_reward=-22.41 +/- 0.73
Episode length: 1000.00 +/- 0.00
---------------------------------
| eval/              |          |
|    mean_ep_length  | 1e+03    |
|    mean_reward     | -22.4    |
| time/              |          |
|    total_timesteps | 5000     |
---------------------------------
Eval num_timesteps=5000, episode_reward=-14.74 +/- 0.70
Episode length: 1000.00 +/- 0.00
---------------------------------
| eval/              |          |
|    mean_ep_length  | 1e+03    |
|    mean_reward     | -14.7    |
| time/              |          |
|    total_timesteps | 5000     |
---------------------------------
Eval num_timesteps=5000, episode_reward=-8.27 +/- 0.45
Episode length: 1000.00 +/- 0.00
---------------------------------
| eval/              |          |
|    mean_ep_length  | 1e+03    |
|    mean_reward     | -8.27    |
| time/              |          |
|    total_timesteps | 5000     |
---------------------------------
Eval num_timesteps=5000, episode_reward=-11.84 +/- 0.68
Episode length: 1000.00 +/- 0.00
---------------------------------
| eval/              |          |
|    mean_ep_length  | 1e+03    |
|    mean_reward     | -11.8    |
| time/              |          |
|    total_timesteps | 5000     |
---------------------------------
Eval num_timesteps=6000, episode_reward=-24.29 +/- 0.65
Episode length: 1000.00 +/- 0.00
---------------------------------
| eval/              |          |
|    mean_ep_length  | 1e+03    |
|    mean_reward     | -24.3    |
| time/              |          |
|    total_timesteps | 6000     |
---------------------------------
New best mean reward!
Eval num_timesteps=6000, episode_reward=-22.54 +/- 0.74
Episode length: 1000.00 +/- 0.00
---------------------------------
| eval/              |          |
|    mean_ep_length  | 1e+03    |
|    mean_reward     | -22.5    |
| time/              |          |
|    total_timesteps | 6000     |
---------------------------------
Eval num_timesteps=6000, episode_reward=-15.15 +/- 0.77
Episode length: 1000.00 +/- 0.00
---------------------------------
| eval/              |          |
|    mean_ep_length  | 1e+03    |
|    mean_reward     | -15.2    |
| time/              |          |
|    total_timesteps | 6000     |
---------------------------------
Eval num_timesteps=6000, episode_reward=-7.67 +/- 0.76
Episode length: 1000.00 +/- 0.00
---------------------------------
| eval/              |          |
|    mean_ep_length  | 1e+03    |
|    mean_reward     | -7.67    |
| time/              |          |
|    total_timesteps | 6000     |
---------------------------------
Eval num_timesteps=6000, episode_reward=-12.07 +/- 0.60
Episode length: 1000.00 +/- 0.00
---------------------------------
| eval/              |          |
|    mean_ep_length  | 1e+03    |
|    mean_reward     | -12.1    |
| time/              |          |
|    total_timesteps | 6000     |
---------------------------------
Eval num_timesteps=7000, episode_reward=-24.25 +/- 0.56
Episode length: 1000.00 +/- 0.00
---------------------------------
| eval/              |          |
|    mean_ep_length  | 1e+03    |
|    mean_reward     | -24.2    |
| time/              |          |
|    total_timesteps | 7000     |
---------------------------------
Eval num_timesteps=7000, episode_reward=-22.98 +/- 0.43
Episode length: 1000.00 +/- 0.00
---------------------------------
| eval/              |          |
|    mean_ep_length  | 1e+03    |
|    mean_reward     | -23      |
| time/              |          |
|    total_timesteps | 7000     |
---------------------------------
Eval num_timesteps=7000, episode_reward=-15.29 +/- 0.61
Episode length: 1000.00 +/- 0.00
---------------------------------
| eval/              |          |
|    mean_ep_length  | 1e+03    |
|    mean_reward     | -15.3    |
| time/              |          |
|    total_timesteps | 7000     |
---------------------------------
Eval num_timesteps=7000, episode_reward=-8.04 +/- 0.42
Episode length: 1000.00 +/- 0.00
---------------------------------
| eval/              |          |
|    mean_ep_length  | 1e+03    |
|    mean_reward     | -8.04    |
| time/              |          |
|    total_timesteps | 7000     |
---------------------------------
Eval num_timesteps=7000, episode_reward=-11.95 +/- 0.67
Episode length: 1000.00 +/- 0.00
---------------------------------
| eval/              |          |
|    mean_ep_length  | 1e+03    |
|    mean_reward     | -11.9    |
| time/              |          |
|    total_timesteps | 7000     |
---------------------------------
Eval num_timesteps=8000, episode_reward=-24.49 +/- 0.79
Episode length: 1000.00 +/- 0.00
---------------------------------
| eval/              |          |
|    mean_ep_length  | 1e+03    |
|    mean_reward     | -24.5    |
| time/              |          |
|    total_timesteps | 8000     |
---------------------------------
---------------------------------
| rollout/           |          |
|    ep_len_mean     | 1e+03    |
|    ep_rew_mean     | -245     |
| time/              |          |
|    episodes        | 8        |
|    fps             | 47       |
|    time_elapsed    | 169      |
|    total_timesteps | 8000     |
| train/             |          |
|    std             | 1        |
---------------------------------
Eval num_timesteps=8000, episode_reward=-22.96 +/- 0.82
Episode length: 1000.00 +/- 0.00
---------------------------------
| eval/              |          |
|    mean_ep_length  | 1e+03    |
|    mean_reward     | -23      |
| time/              |          |
|    total_timesteps | 8000     |
---------------------------------
---------------------------------
| rollout/           |          |
|    ep_len_mean     | 1e+03    |
|    ep_rew_mean     | -290     |
| time/              |          |
|    episodes        | 8        |
|    fps             | 47       |
|    time_elapsed    | 169      |
|    total_timesteps | 8000     |
| train/             |          |
|    std             | 1        |
---------------------------------
Eval num_timesteps=8000, episode_reward=-15.31 +/- 0.93
Episode length: 1000.00 +/- 0.00
---------------------------------
| eval/              |          |
|    mean_ep_length  | 1e+03    |
|    mean_reward     | -15.3    |
| time/              |          |
|    total_timesteps | 8000     |
---------------------------------
Eval num_timesteps=8000, episode_reward=-7.56 +/- 0.42
Episode length: 1000.00 +/- 0.00
---------------------------------
| eval/              |          |
|    mean_ep_length  | 1e+03    |
|    mean_reward     | -7.56    |
| time/              |          |
|    total_timesteps | 8000     |
---------------------------------
---------------------------------
| rollout/           |          |
|    ep_len_mean     | 1e+03    |
|    ep_rew_mean     | -315     |
| time/              |          |
|    episodes        | 8        |
|    fps             | 47       |
|    time_elapsed    | 169      |
|    total_timesteps | 8000     |
| train/             |          |
|    std             | 1        |
---------------------------------
---------------------------------
| rollout/           |          |
|    ep_len_mean     | 1e+03    |
|    ep_rew_mean     | -282     |
| time/              |          |
|    episodes        | 8        |
|    fps             | 47       |
|    time_elapsed    | 169      |
|    total_timesteps | 8000     |
| train/             |          |
|    std             | 1        |
---------------------------------
Eval num_timesteps=8000, episode_reward=-11.85 +/- 0.57
Episode length: 1000.00 +/- 0.00
---------------------------------
| eval/              |          |
|    mean_ep_length  | 1e+03    |
|    mean_reward     | -11.8    |
| time/              |          |
|    total_timesteps | 8000     |
---------------------------------
---------------------------------
| rollout/           |          |
|    ep_len_mean     | 1e+03    |
|    ep_rew_mean     | -291     |
| time/              |          |
|    episodes        | 8        |
|    fps             | 47       |
|    time_elapsed    | 169      |
|    total_timesteps | 8000     |
| train/             |          |
|    std             | 1        |
---------------------------------
Eval num_timesteps=9000, episode_reward=-23.61 +/- 0.63
Episode length: 1000.00 +/- 0.00
---------------------------------
| eval/              |          |
|    mean_ep_length  | 1e+03    |
|    mean_reward     | -23.6    |
| time/              |          |
|    total_timesteps | 9000     |
---------------------------------
Eval num_timesteps=9000, episode_reward=-22.56 +/- 0.62
Episode length: 1000.00 +/- 0.00
---------------------------------
| eval/              |          |
|    mean_ep_length  | 1e+03    |
|    mean_reward     | -22.6    |
| time/              |          |
|    total_timesteps | 9000     |
---------------------------------
Eval num_timesteps=9000, episode_reward=-14.90 +/- 0.61
Episode length: 1000.00 +/- 0.00
---------------------------------
| eval/              |          |
|    mean_ep_length  | 1e+03    |
|    mean_reward     | -14.9    |
| time/              |          |
|    total_timesteps | 9000     |
---------------------------------
Eval num_timesteps=9000, episode_reward=-7.70 +/- 0.51
Episode length: 1000.00 +/- 0.00
---------------------------------
| eval/              |          |
|    mean_ep_length  | 1e+03    |
|    mean_reward     | -7.7     |
| time/              |          |
|    total_timesteps | 9000     |
---------------------------------
Eval num_timesteps=9000, episode_reward=-11.96 +/- 0.91
Episode length: 1000.00 +/- 0.00
---------------------------------
| eval/              |          |
|    mean_ep_length  | 1e+03    |
|    mean_reward     | -12      |
| time/              |          |
|    total_timesteps | 9000     |
---------------------------------
New best mean reward!
Eval num_timesteps=10000, episode_reward=-24.17 +/- 0.67
Episode length: 1000.00 +/- 0.00
---------------------------------
| eval/              |          |
|    mean_ep_length  | 1e+03    |
|    mean_reward     | -24.2    |
| time/              |          |
|    total_timesteps | 10000    |
---------------------------------
Eval num_timesteps=10000, episode_reward=-22.58 +/- 0.87
Episode length: 1000.00 +/- 0.00
---------------------------------
| eval/              |          |
|    mean_ep_length  | 1e+03    |
|    mean_reward     | -22.6    |
| time/              |          |
|    total_timesteps | 10000    |
---------------------------------
Eval num_timesteps=10000, episode_reward=-14.43 +/- 1.02
Episode length: 1000.00 +/- 0.00
---------------------------------
| eval/              |          |
|    mean_ep_length  | 1e+03    |
|    mean_reward     | -14.4    |
| time/              |          |
|    total_timesteps | 10000    |
---------------------------------
Eval num_timesteps=10000, episode_reward=-7.89 +/- 0.49
Episode length: 1000.00 +/- 0.00
---------------------------------
| eval/              |          |
|    mean_ep_length  | 1e+03    |
|    mean_reward     | -7.89    |
| time/              |          |
|    total_timesteps | 10000    |
---------------------------------
Eval num_timesteps=10000, episode_reward=-11.99 +/- 0.37
Episode length: 1000.00 +/- 0.00
---------------------------------
| eval/              |          |
|    mean_ep_length  | 1e+03    |
|    mean_reward     | -12      |
| time/              |          |
|    total_timesteps | 10000    |
---------------------------------
Eval num_timesteps=11000, episode_reward=-24.25 +/- 0.33
Episode length: 1000.00 +/- 0.00
---------------------------------
| eval/              |          |
|    mean_ep_length  | 1e+03    |
|    mean_reward     | -24.2    |
| time/              |          |
|    total_timesteps | 11000    |
---------------------------------
Eval num_timesteps=11000, episode_reward=-23.07 +/- 0.79
Episode length: 1000.00 +/- 0.00
---------------------------------
| eval/              |          |
|    mean_ep_length  | 1e+03    |
|    mean_reward     | -23.1    |
| time/              |          |
|    total_timesteps | 11000    |
---------------------------------
New best mean reward!
Eval num_timesteps=11000, episode_reward=-14.97 +/- 0.82
Episode length: 1000.00 +/- 0.00
---------------------------------
| eval/              |          |
|    mean_ep_length  | 1e+03    |
|    mean_reward     | -15      |
| time/              |          |
|    total_timesteps | 11000    |
---------------------------------
Eval num_timesteps=11000, episode_reward=-7.75 +/- 0.81
Episode length: 1000.00 +/- 0.00
---------------------------------
| eval/              |          |
|    mean_ep_length  | 1e+03    |
|    mean_reward     | -7.75    |
| time/              |          |
|    total_timesteps | 11000    |
---------------------------------
Eval num_timesteps=11000, episode_reward=-11.83 +/- 0.50
Episode length: 1000.00 +/- 0.00
---------------------------------
| eval/              |          |
|    mean_ep_length  | 1e+03    |
|    mean_reward     | -11.8    |
| time/              |          |
|    total_timesteps | 11000    |
---------------------------------
Eval num_timesteps=12000, episode_reward=-24.02 +/- 0.82
Episode length: 1000.00 +/- 0.00
---------------------------------
| eval/              |          |
|    mean_ep_length  | 1e+03    |
|    mean_reward     | -24      |
| time/              |          |
|    total_timesteps | 12000    |
---------------------------------
---------------------------------
| rollout/           |          |
|    ep_len_mean     | 1e+03    |
|    ep_rew_mean     | -259     |
| time/              |          |
|    episodes        | 12       |
|    fps             | 47       |
|    time_elapsed    | 253      |
|    total_timesteps | 12000    |
| train/             |          |
|    std             | 1        |
---------------------------------
Eval num_timesteps=12000, episode_reward=-22.80 +/- 0.58
Episode length: 1000.00 +/- 0.00
---------------------------------
| eval/              |          |
|    mean_ep_length  | 1e+03    |
|    mean_reward     | -22.8    |
| time/              |          |
|    total_timesteps | 12000    |
---------------------------------
---------------------------------
| rollout/           |          |
|    ep_len_mean     | 1e+03    |
|    ep_rew_mean     | -273     |
| time/              |          |
|    episodes        | 12       |
|    fps             | 47       |
|    time_elapsed    | 253      |
|    total_timesteps | 12000    |
| train/             |          |
|    std             | 1        |
---------------------------------
Eval num_timesteps=12000, episode_reward=-15.09 +/- 0.83
Episode length: 1000.00 +/- 0.00
---------------------------------
| eval/              |          |
|    mean_ep_length  | 1e+03    |
|    mean_reward     | -15.1    |
| time/              |          |
|    total_timesteps | 12000    |
---------------------------------
Eval num_timesteps=12000, episode_reward=-7.53 +/- 0.54
Episode length: 1000.00 +/- 0.00
---------------------------------
| eval/              |          |
|    mean_ep_length  | 1e+03    |
|    mean_reward     | -7.53    |
| time/              |          |
|    total_timesteps | 12000    |
---------------------------------
---------------------------------
| rollout/           |          |
|    ep_len_mean     | 1e+03    |
|    ep_rew_mean     | -297     |
| time/              |          |
|    episodes        | 12       |
|    fps             | 47       |
|    time_elapsed    | 253      |
|    total_timesteps | 12000    |
| train/             |          |
|    std             | 1        |
---------------------------------
---------------------------------
| rollout/           |          |
|    ep_len_mean     | 1e+03    |
|    ep_rew_mean     | -287     |
| time/              |          |
|    episodes        | 12       |
|    fps             | 47       |
|    time_elapsed    | 253      |
|    total_timesteps | 12000    |
| train/             |          |
|    std             | 1        |
---------------------------------
Eval num_timesteps=12000, episode_reward=-12.07 +/- 0.85
Episode length: 1000.00 +/- 0.00
---------------------------------
| eval/              |          |
|    mean_ep_length  | 1e+03    |
|    mean_reward     | -12.1    |
| time/              |          |
|    total_timesteps | 12000    |
---------------------------------
---------------------------------
| rollout/           |          |
|    ep_len_mean     | 1e+03    |
|    ep_rew_mean     | -300     |
| time/              |          |
|    episodes        | 12       |
|    fps             | 47       |
|    time_elapsed    | 253      |
|    total_timesteps | 12000    |
| train/             |          |
|    std             | 1        |
---------------------------------
Eval num_timesteps=13000, episode_reward=-24.41 +/- 0.93
Episode length: 1000.00 +/- 0.00
---------------------------------
| eval/              |          |
|    mean_ep_length  | 1e+03    |
|    mean_reward     | -24.4    |
| time/              |          |
|    total_timesteps | 13000    |
---------------------------------
Eval num_timesteps=13000, episode_reward=-22.96 +/- 0.84
Episode length: 1000.00 +/- 0.00
---------------------------------
| eval/              |          |
|    mean_ep_length  | 1e+03    |
|    mean_reward     | -23      |
| time/              |          |
|    total_timesteps | 13000    |
---------------------------------
Eval num_timesteps=13000, episode_reward=-14.82 +/- 0.41
Episode length: 1000.00 +/- 0.00
---------------------------------
| eval/              |          |
|    mean_ep_length  | 1e+03    |
|    mean_reward     | -14.8    |
| time/              |          |
|    total_timesteps | 13000    |
---------------------------------
Eval num_timesteps=13000, episode_reward=-7.93 +/- 0.41
Episode length: 1000.00 +/- 0.00
---------------------------------
| eval/              |          |
|    mean_ep_length  | 1e+03    |
|    mean_reward     | -7.93    |
| time/              |          |
|    total_timesteps | 13000    |
---------------------------------
Eval num_timesteps=13000, episode_reward=-11.82 +/- 0.63
Episode length: 1000.00 +/- 0.00
---------------------------------
| eval/              |          |
|    mean_ep_length  | 1e+03    |
|    mean_reward     | -11.8    |
| time/              |          |
|    total_timesteps | 13000    |
---------------------------------
Eval num_timesteps=14000, episode_reward=-24.21 +/- 0.63
Episode length: 1000.00 +/- 0.00
---------------------------------
| eval/              |          |
|    mean_ep_length  | 1e+03    |
|    mean_reward     | -24.2    |
| time/              |          |
|    total_timesteps | 14000    |
---------------------------------
Eval num_timesteps=14000, episode_reward=-22.57 +/- 0.71
Episode length: 1000.00 +/- 0.00
---------------------------------
| eval/              |          |
|    mean_ep_length  | 1e+03    |
|    mean_reward     | -22.6    |
| time/              |          |
|    total_timesteps | 14000    |
---------------------------------
Eval num_timesteps=14000, episode_reward=-15.07 +/- 0.85
Episode length: 1000.00 +/- 0.00
---------------------------------
| eval/              |          |
|    mean_ep_length  | 1e+03    |
|    mean_reward     | -15.1    |
| time/              |          |
|    total_timesteps | 14000    |
---------------------------------
Eval num_timesteps=14000, episode_reward=-7.43 +/- 0.53
Episode length: 1000.00 +/- 0.00
---------------------------------
| eval/              |          |
|    mean_ep_length  | 1e+03    |
|    mean_reward     | -7.43    |
| time/              |          |
|    total_timesteps | 14000    |
---------------------------------
New best mean reward!
Eval num_timesteps=14000, episode_reward=-12.00 +/- 0.44
Episode length: 1000.00 +/- 0.00
---------------------------------
| eval/              |          |
|    mean_ep_length  | 1e+03    |
|    mean_reward     | -12      |
| time/              |          |
|    total_timesteps | 14000    |
---------------------------------
Eval num_timesteps=15000, episode_reward=-24.20 +/- 0.70
Episode length: 1000.00 +/- 0.00
---------------------------------
| eval/              |          |
|    mean_ep_length  | 1e+03    |
|    mean_reward     | -24.2    |
| time/              |          |
|    total_timesteps | 15000    |
---------------------------------
Eval num_timesteps=15000, episode_reward=-22.58 +/- 0.68
Episode length: 1000.00 +/- 0.00
---------------------------------
| eval/              |          |
|    mean_ep_length  | 1e+03    |
|    mean_reward     | -22.6    |
| time/              |          |
|    total_timesteps | 15000    |
---------------------------------
Eval num_timesteps=15000, episode_reward=-14.95 +/- 0.71
Episode length: 1000.00 +/- 0.00
---------------------------------
| eval/              |          |
|    mean_ep_length  | 1e+03    |
|    mean_reward     | -15      |
| time/              |          |
|    total_timesteps | 15000    |
---------------------------------
Eval num_timesteps=15000, episode_reward=-7.48 +/- 0.96
Episode length: 1000.00 +/- 0.00
---------------------------------
| eval/              |          |
|    mean_ep_length  | 1e+03    |
|    mean_reward     | -7.48    |
| time/              |          |
|    total_timesteps | 15000    |
---------------------------------
Eval num_timesteps=15000, episode_reward=-11.86 +/- 0.67
Episode length: 1000.00 +/- 0.00
---------------------------------
| eval/              |          |
|    mean_ep_length  | 1e+03    |
|    mean_reward     | -11.9    |
| time/              |          |
|    total_timesteps | 15000    |
---------------------------------
Eval num_timesteps=16000, episode_reward=-24.31 +/- 0.94
Episode length: 1000.00 +/- 0.00
---------------------------------
| eval/              |          |
|    mean_ep_length  | 1e+03    |
|    mean_reward     | -24.3    |
| time/              |          |
|    total_timesteps | 16000    |
---------------------------------
---------------------------------
| rollout/           |          |
|    ep_len_mean     | 1e+03    |
|    ep_rew_mean     | -257     |
| time/              |          |
|    episodes        | 16       |
|    fps             | 47       |
|    time_elapsed    | 337      |
|    total_timesteps | 16000    |
| train/             |          |
|    std             | 1        |
---------------------------------
Eval num_timesteps=16000, episode_reward=-23.41 +/- 0.58
Episode length: 1000.00 +/- 0.00
---------------------------------
| eval/              |          |
|    mean_ep_length  | 1e+03    |
|    mean_reward     | -23.4    |
| time/              |          |
|    total_timesteps | 16000    |
---------------------------------
---------------------------------
| rollout/           |          |
|    ep_len_mean     | 1e+03    |
|    ep_rew_mean     | -302     |
| time/              |          |
|    episodes        | 16       |
|    fps             | 47       |
|    time_elapsed    | 337      |
|    total_timesteps | 16000    |
| train/             |          |
|    std             | 1        |
---------------------------------
Eval num_timesteps=16000, episode_reward=-14.99 +/- 0.70
Episode length: 1000.00 +/- 0.00
---------------------------------
| eval/              |          |
|    mean_ep_length  | 1e+03    |
|    mean_reward     | -15      |
| time/              |          |
|    total_timesteps | 16000    |
---------------------------------
Eval num_timesteps=16000, episode_reward=-7.55 +/- 0.96
Episode length: 1000.00 +/- 0.00
---------------------------------
| eval/              |          |
|    mean_ep_length  | 1e+03    |
|    mean_reward     | -7.55    |
| time/              |          |
|    total_timesteps | 16000    |
---------------------------------
---------------------------------
| rollout/           |          |
|    ep_len_mean     | 1e+03    |
|    ep_rew_mean     | -294     |
| time/              |          |
|    episodes        | 16       |
|    fps             | 47       |
|    time_elapsed    | 337      |
|    total_timesteps | 16000    |
| train/             |          |
|    std             | 1        |
---------------------------------
---------------------------------
| rollout/           |          |
|    ep_len_mean     | 1e+03    |
|    ep_rew_mean     | -302     |
| time/              |          |
|    episodes        | 16       |
|    fps             | 47       |
|    time_elapsed    | 337      |
|    total_timesteps | 16000    |
| train/             |          |
|    std             | 1        |
---------------------------------
Eval num_timesteps=16000, episode_reward=-12.17 +/- 0.67
Episode length: 1000.00 +/- 0.00
---------------------------------
| eval/              |          |
|    mean_ep_length  | 1e+03    |
|    mean_reward     | -12.2    |
| time/              |          |
|    total_timesteps | 16000    |
---------------------------------
---------------------------------
| rollout/           |          |
|    ep_len_mean     | 1e+03    |
|    ep_rew_mean     | -293     |
| time/              |          |
|    episodes        | 16       |
|    fps             | 47       |
|    time_elapsed    | 337      |
|    total_timesteps | 16000    |
| train/             |          |
|    std             | 1        |
---------------------------------
Eval num_timesteps=17000, episode_reward=-23.90 +/- 0.77
Episode length: 1000.00 +/- 0.00
---------------------------------
| eval/              |          |
|    mean_ep_length  | 1e+03    |
|    mean_reward     | -23.9    |
| time/              |          |
|    total_timesteps | 17000    |
---------------------------------
Eval num_timesteps=17000, episode_reward=-22.75 +/- 0.49
Episode length: 1000.00 +/- 0.00
---------------------------------
| eval/              |          |
|    mean_ep_length  | 1e+03    |
|    mean_reward     | -22.8    |
| time/              |          |
|    total_timesteps | 17000    |
---------------------------------
Eval num_timesteps=17000, episode_reward=-15.28 +/- 1.13
Episode length: 1000.00 +/- 0.00
---------------------------------
| eval/              |          |
|    mean_ep_length  | 1e+03    |
|    mean_reward     | -15.3    |
| time/              |          |
|    total_timesteps | 17000    |
---------------------------------
Eval num_timesteps=17000, episode_reward=-7.30 +/- 1.09
Episode length: 1000.00 +/- 0.00
---------------------------------
| eval/              |          |
|    mean_ep_length  | 1e+03    |
|    mean_reward     | -7.3     |
| time/              |          |
|    total_timesteps | 17000    |
---------------------------------
Eval num_timesteps=17000, episode_reward=-12.11 +/- 0.53
Episode length: 1000.00 +/- 0.00
---------------------------------
| eval/              |          |
|    mean_ep_length  | 1e+03    |
|    mean_reward     | -12.1    |
| time/              |          |
|    total_timesteps | 17000    |
---------------------------------
Eval num_timesteps=18000, episode_reward=-24.65 +/- 0.68
Episode length: 1000.00 +/- 0.00
---------------------------------
| eval/              |          |
|    mean_ep_length  | 1e+03    |
|    mean_reward     | -24.6    |
| time/              |          |
|    total_timesteps | 18000    |
---------------------------------
Eval num_timesteps=18000, episode_reward=-22.60 +/- 0.55
Episode length: 1000.00 +/- 0.00
---------------------------------
| eval/              |          |
|    mean_ep_length  | 1e+03    |
|    mean_reward     | -22.6    |
| time/              |          |
|    total_timesteps | 18000    |
---------------------------------
Eval num_timesteps=18000, episode_reward=-14.83 +/- 0.75
Episode length: 1000.00 +/- 0.00
---------------------------------
| eval/              |          |
|    mean_ep_length  | 1e+03    |
|    mean_reward     | -14.8    |
| time/              |          |
|    total_timesteps | 18000    |
---------------------------------
Eval num_timesteps=18000, episode_reward=-7.79 +/- 0.68
Episode length: 1000.00 +/- 0.00
---------------------------------
| eval/              |          |
|    mean_ep_length  | 1e+03    |
|    mean_reward     | -7.79    |
| time/              |          |
|    total_timesteps | 18000    |
---------------------------------
Eval num_timesteps=18000, episode_reward=-11.95 +/- 0.81
Episode length: 1000.00 +/- 0.00
---------------------------------
| eval/              |          |
|    mean_ep_length  | 1e+03    |
|    mean_reward     | -11.9    |
| time/              |          |
|    total_timesteps | 18000    |
---------------------------------
Eval num_timesteps=19000, episode_reward=-24.19 +/- 0.69
Episode length: 1000.00 +/- 0.00
---------------------------------
| eval/              |          |
|    mean_ep_length  | 1e+03    |
|    mean_reward     | -24.2    |
| time/              |          |
|    total_timesteps | 19000    |
---------------------------------
Eval num_timesteps=19000, episode_reward=-22.57 +/- 0.73
Episode length: 1000.00 +/- 0.00
---------------------------------
| eval/              |          |
|    mean_ep_length  | 1e+03    |
|    mean_reward     | -22.6    |
| time/              |          |
|    total_timesteps | 19000    |
---------------------------------
Eval num_timesteps=19000, episode_reward=-14.95 +/- 0.78
Episode length: 1000.00 +/- 0.00
---------------------------------
| eval/              |          |
|    mean_ep_length  | 1e+03    |
|    mean_reward     | -15      |
| time/              |          |
|    total_timesteps | 19000    |
---------------------------------
Eval num_timesteps=19000, episode_reward=-7.69 +/- 0.47
Episode length: 1000.00 +/- 0.00
---------------------------------
| eval/              |          |
|    mean_ep_length  | 1e+03    |
|    mean_reward     | -7.69    |
| time/              |          |
|    total_timesteps | 19000    |
---------------------------------
Eval num_timesteps=19000, episode_reward=-11.71 +/- 0.72
Episode length: 1000.00 +/- 0.00
---------------------------------
| eval/              |          |
|    mean_ep_length  | 1e+03    |
|    mean_reward     | -11.7    |
| time/              |          |
|    total_timesteps | 19000    |
---------------------------------
Eval num_timesteps=20000, episode_reward=-24.06 +/- 0.43
Episode length: 1000.00 +/- 0.00
---------------------------------
| eval/              |          |
|    mean_ep_length  | 1e+03    |
|    mean_reward     | -24.1    |
| time/              |          |
|    total_timesteps | 20000    |
---------------------------------
---------------------------------
| rollout/           |          |
|    ep_len_mean     | 1e+03    |
|    ep_rew_mean     | -257     |
| time/              |          |
|    episodes        | 20       |
|    fps             | 47       |
|    time_elapsed    | 421      |
|    total_timesteps | 20000    |
| train/             |          |
|    std             | 1        |
---------------------------------
Eval num_timesteps=20000, episode_reward=-22.52 +/- 1.16
Episode length: 1000.00 +/- 0.00
---------------------------------
| eval/              |          |
|    mean_ep_length  | 1e+03    |
|    mean_reward     | -22.5    |
| time/              |          |
|    total_timesteps | 20000    |
---------------------------------
---------------------------------
| rollout/           |          |
|    ep_len_mean     | 1e+03    |
|    ep_rew_mean     | -301     |
| time/              |          |
|    episodes        | 20       |
|    fps             | 47       |
|    time_elapsed    | 421      |
|    total_timesteps | 20000    |
| train/             |          |
|    std             | 1        |
---------------------------------
Eval num_timesteps=20000, episode_reward=-15.23 +/- 0.59
Episode length: 1000.00 +/- 0.00
---------------------------------
| eval/              |          |
|    mean_ep_length  | 1e+03    |
|    mean_reward     | -15.2    |
| time/              |          |
|    total_timesteps | 20000    |
---------------------------------
Eval num_timesteps=20000, episode_reward=-7.54 +/- 0.77
Episode length: 1000.00 +/- 0.00
---------------------------------
| eval/              |          |
|    mean_ep_length  | 1e+03    |
|    mean_reward     | -7.54    |
| time/              |          |
|    total_timesteps | 20000    |
---------------------------------
---------------------------------
| rollout/           |          |
|    ep_len_mean     | 1e+03    |
|    ep_rew_mean     | -282     |
| time/              |          |
|    episodes        | 20       |
|    fps             | 47       |
|    time_elapsed    | 421      |
|    total_timesteps | 20000    |
| train/             |          |
|    std             | 1        |
---------------------------------
---------------------------------
| rollout/           |          |
|    ep_len_mean     | 1e+03    |
|    ep_rew_mean     | -301     |
| time/              |          |
|    episodes        | 20       |
|    fps             | 47       |
|    time_elapsed    | 421      |
|    total_timesteps | 20000    |
| train/             |          |
|    std             | 1        |
---------------------------------
New best mean reward!
Eval num_timesteps=20000, episode_reward=-11.67 +/- 0.39
Episode length: 1000.00 +/- 0.00
---------------------------------
| eval/              |          |
|    mean_ep_length  | 1e+03    |
|    mean_reward     | -11.7    |
| time/              |          |
|    total_timesteps | 20000    |
---------------------------------
New best mean reward!
---------------------------------
| rollout/           |          |
|    ep_len_mean     | 1e+03    |
|    ep_rew_mean     | -293     |
| time/              |          |
|    episodes        | 20       |
|    fps             | 47       |
|    time_elapsed    | 421      |
|    total_timesteps | 20000    |
| train/             |          |
|    std             | 1        |
---------------------------------
Eval num_timesteps=21000, episode_reward=-24.62 +/- 0.86
Episode length: 1000.00 +/- 0.00
---------------------------------
| eval/              |          |
|    mean_ep_length  | 1e+03    |
|    mean_reward     | -24.6    |
| time/              |          |
|    total_timesteps | 21000    |
---------------------------------
Eval num_timesteps=21000, episode_reward=-22.77 +/- 0.77
Episode length: 1000.00 +/- 0.00
---------------------------------
| eval/              |          |
|    mean_ep_length  | 1e+03    |
|    mean_reward     | -22.8    |
| time/              |          |
|    total_timesteps | 21000    |
---------------------------------
Eval num_timesteps=21000, episode_reward=-14.81 +/- 0.90
Episode length: 1000.00 +/- 0.00
---------------------------------
| eval/              |          |
|    mean_ep_length  | 1e+03    |
|    mean_reward     | -14.8    |
| time/              |          |
|    total_timesteps | 21000    |
---------------------------------
Eval num_timesteps=21000, episode_reward=-8.06 +/- 0.73
Episode length: 1000.00 +/- 0.00
---------------------------------
| eval/              |          |
|    mean_ep_length  | 1e+03    |
|    mean_reward     | -8.06    |
| time/              |          |
|    total_timesteps | 21000    |
---------------------------------
Eval num_timesteps=21000, episode_reward=-11.99 +/- 0.47
Episode length: 1000.00 +/- 0.00
---------------------------------
| eval/              |          |
|    mean_ep_length  | 1e+03    |
|    mean_reward     | -12      |
| time/              |          |
|    total_timesteps | 21000    |
---------------------------------
Eval num_timesteps=22000, episode_reward=-24.15 +/- 0.70
Episode length: 1000.00 +/- 0.00
---------------------------------
| eval/              |          |
|    mean_ep_length  | 1e+03    |
|    mean_reward     | -24.2    |
| time/              |          |
|    total_timesteps | 22000    |
---------------------------------
Eval num_timesteps=22000, episode_reward=-23.16 +/- 0.88
Episode length: 1000.00 +/- 0.00
---------------------------------
| eval/              |          |
|    mean_ep_length  | 1e+03    |
|    mean_reward     | -23.2    |
| time/              |          |
|    total_timesteps | 22000    |
---------------------------------
Eval num_timesteps=22000, episode_reward=-15.10 +/- 0.69
Episode length: 1000.00 +/- 0.00
---------------------------------
| eval/              |          |
|    mean_ep_length  | 1e+03    |
|    mean_reward     | -15.1    |
| time/              |          |
|    total_timesteps | 22000    |
---------------------------------
Eval num_timesteps=22000, episode_reward=-7.80 +/- 0.74
Episode length: 1000.00 +/- 0.00
---------------------------------
| eval/              |          |
|    mean_ep_length  | 1e+03    |
|    mean_reward     | -7.8     |
| time/              |          |
|    total_timesteps | 22000    |
---------------------------------
Eval num_timesteps=22000, episode_reward=-11.85 +/- 0.57
Episode length: 1000.00 +/- 0.00
---------------------------------
| eval/              |          |
|    mean_ep_length  | 1e+03    |
|    mean_reward     | -11.8    |
| time/              |          |
|    total_timesteps | 22000    |
---------------------------------
Eval num_timesteps=23000, episode_reward=-24.40 +/- 0.63
Episode length: 1000.00 +/- 0.00
---------------------------------
| eval/              |          |
|    mean_ep_length  | 1e+03    |
|    mean_reward     | -24.4    |
| time/              |          |
|    total_timesteps | 23000    |
---------------------------------
Eval num_timesteps=23000, episode_reward=-22.77 +/- 0.54
Episode length: 1000.00 +/- 0.00
---------------------------------
| eval/              |          |
|    mean_ep_length  | 1e+03    |
|    mean_reward     | -22.8    |
| time/              |          |
|    total_timesteps | 23000    |
---------------------------------
Eval num_timesteps=23000, episode_reward=-15.28 +/- 0.57
Episode length: 1000.00 +/- 0.00
---------------------------------
| eval/              |          |
|    mean_ep_length  | 1e+03    |
|    mean_reward     | -15.3    |
| time/              |          |
|    total_timesteps | 23000    |
---------------------------------
Eval num_timesteps=23000, episode_reward=-8.21 +/- 0.64
Episode length: 1000.00 +/- 0.00
---------------------------------
| eval/              |          |
|    mean_ep_length  | 1e+03    |
|    mean_reward     | -8.21    |
| time/              |          |
|    total_timesteps | 23000    |
---------------------------------
Eval num_timesteps=23000, episode_reward=-11.55 +/- 0.62
Episode length: 1000.00 +/- 0.00
---------------------------------
| eval/              |          |
|    mean_ep_length  | 1e+03    |
|    mean_reward     | -11.6    |
| time/              |          |
|    total_timesteps | 23000    |
---------------------------------
Eval num_timesteps=24000, episode_reward=-24.43 +/- 0.67
Episode length: 1000.00 +/- 0.00
---------------------------------
| eval/              |          |
|    mean_ep_length  | 1e+03    |
|    mean_reward     | -24.4    |
| time/              |          |
|    total_timesteps | 24000    |
---------------------------------
---------------------------------
| rollout/           |          |
|    ep_len_mean     | 1e+03    |
|    ep_rew_mean     | -246     |
| time/              |          |
|    episodes        | 24       |
|    fps             | 47       |
|    time_elapsed    | 505      |
|    total_timesteps | 24000    |
| train/             |          |
|    std             | 1        |
---------------------------------
Eval num_timesteps=24000, episode_reward=-22.66 +/- 0.94
Episode length: 1000.00 +/- 0.00
---------------------------------
| eval/              |          |
|    mean_ep_length  | 1e+03    |
|    mean_reward     | -22.7    |
| time/              |          |
|    total_timesteps | 24000    |
---------------------------------
---------------------------------
| rollout/           |          |
|    ep_len_mean     | 1e+03    |
|    ep_rew_mean     | -292     |
| time/              |          |
|    episodes        | 24       |
|    fps             | 47       |
|    time_elapsed    | 505      |
|    total_timesteps | 24000    |
| train/             |          |
|    std             | 1        |
---------------------------------
Eval num_timesteps=24000, episode_reward=-15.48 +/- 0.59
Episode length: 1000.00 +/- 0.00
---------------------------------
| eval/              |          |
|    mean_ep_length  | 1e+03    |
|    mean_reward     | -15.5    |
| time/              |          |
|    total_timesteps | 24000    |
---------------------------------
Eval num_timesteps=24000, episode_reward=-7.90 +/- 0.47
Episode length: 1000.00 +/- 0.00
---------------------------------
| eval/              |          |
|    mean_ep_length  | 1e+03    |
|    mean_reward     | -7.9     |
| time/              |          |
|    total_timesteps | 24000    |
---------------------------------
---------------------------------
| rollout/           |          |
|    ep_len_mean     | 1e+03    |
|    ep_rew_mean     | -279     |
| time/              |          |
|    episodes        | 24       |
|    fps             | 47       |
|    time_elapsed    | 506      |
|    total_timesteps | 24000    |
| train/             |          |
|    std             | 1        |
---------------------------------
---------------------------------
| rollout/           |          |
|    ep_len_mean     | 1e+03    |
|    ep_rew_mean     | -293     |
| time/              |          |
|    episodes        | 24       |
|    fps             | 47       |
|    time_elapsed    | 506      |
|    total_timesteps | 24000    |
| train/             |          |
|    std             | 1        |
---------------------------------
New best mean reward!
Eval num_timesteps=24000, episode_reward=-12.32 +/- 1.02
Episode length: 1000.00 +/- 0.00
---------------------------------
| eval/              |          |
|    mean_ep_length  | 1e+03    |
|    mean_reward     | -12.3    |
| time/              |          |
|    total_timesteps | 24000    |
---------------------------------
---------------------------------
| rollout/           |          |
|    ep_len_mean     | 1e+03    |
|    ep_rew_mean     | -286     |
| time/              |          |
|    episodes        | 24       |
|    fps             | 47       |
|    time_elapsed    | 505      |
|    total_timesteps | 24000    |
| train/             |          |
|    std             | 1        |
---------------------------------
Eval num_timesteps=25000, episode_reward=-24.17 +/- 0.92
Episode length: 1000.00 +/- 0.00
---------------------------------
| eval/              |          |
|    mean_ep_length  | 1e+03    |
|    mean_reward     | -24.2    |
| time/              |          |
|    total_timesteps | 25000    |
---------------------------------
Eval num_timesteps=25000, episode_reward=-22.47 +/- 0.66
Episode length: 1000.00 +/- 0.00
---------------------------------
| eval/              |          |
|    mean_ep_length  | 1e+03    |
|    mean_reward     | -22.5    |
| time/              |          |
|    total_timesteps | 25000    |
---------------------------------
Eval num_timesteps=25000, episode_reward=-15.22 +/- 0.92
Episode length: 1000.00 +/- 0.00
---------------------------------
| eval/              |          |
|    mean_ep_length  | 1e+03    |
|    mean_reward     | -15.2    |
| time/              |          |
|    total_timesteps | 25000    |
---------------------------------
Eval num_timesteps=25000, episode_reward=-7.86 +/- 0.53
Episode length: 1000.00 +/- 0.00
---------------------------------
| eval/              |          |
|    mean_ep_length  | 1e+03    |
|    mean_reward     | -7.86    |
| time/              |          |
|    total_timesteps | 25000    |
---------------------------------
Eval num_timesteps=25000, episode_reward=-11.54 +/- 0.62
Episode length: 1000.00 +/- 0.00
---------------------------------
| eval/              |          |
|    mean_ep_length  | 1e+03    |
|    mean_reward     | -11.5    |
| time/              |          |
|    total_timesteps | 25000    |
---------------------------------
Eval num_timesteps=26000, episode_reward=-24.19 +/- 0.88
Episode length: 1000.00 +/- 0.00
---------------------------------
| eval/              |          |
|    mean_ep_length  | 1e+03    |
|    mean_reward     | -24.2    |
| time/              |          |
|    total_timesteps | 26000    |
---------------------------------
Eval num_timesteps=26000, episode_reward=-22.82 +/- 0.62
Episode length: 1000.00 +/- 0.00
---------------------------------
| eval/              |          |
|    mean_ep_length  | 1e+03    |
|    mean_reward     | -22.8    |
| time/              |          |
|    total_timesteps | 26000    |
---------------------------------
Eval num_timesteps=26000, episode_reward=-15.02 +/- 1.03
Episode length: 1000.00 +/- 0.00
---------------------------------
| eval/              |          |
|    mean_ep_length  | 1e+03    |
|    mean_reward     | -15      |
| time/              |          |
|    total_timesteps | 26000    |
---------------------------------
Eval num_timesteps=26000, episode_reward=-7.64 +/- 0.78
Episode length: 1000.00 +/- 0.00
---------------------------------
| eval/              |          |
|    mean_ep_length  | 1e+03    |
|    mean_reward     | -7.64    |
| time/              |          |
|    total_timesteps | 26000    |
---------------------------------
New best mean reward!
Eval num_timesteps=26000, episode_reward=-12.10 +/- 0.58
Episode length: 1000.00 +/- 0.00
---------------------------------
| eval/              |          |
|    mean_ep_length  | 1e+03    |
|    mean_reward     | -12.1    |
| time/              |          |
|    total_timesteps | 26000    |
---------------------------------
Eval num_timesteps=27000, episode_reward=-24.22 +/- 0.43
Episode length: 1000.00 +/- 0.00
---------------------------------
| eval/              |          |
|    mean_ep_length  | 1e+03    |
|    mean_reward     | -24.2    |
| time/              |          |
|    total_timesteps | 27000    |
---------------------------------
Eval num_timesteps=27000, episode_reward=-22.51 +/- 0.53
Episode length: 1000.00 +/- 0.00
---------------------------------
| eval/              |          |
|    mean_ep_length  | 1e+03    |
|    mean_reward     | -22.5    |
| time/              |          |
|    total_timesteps | 27000    |
---------------------------------
Eval num_timesteps=27000, episode_reward=-15.28 +/- 1.07
Episode length: 1000.00 +/- 0.00
---------------------------------
| eval/              |          |
|    mean_ep_length  | 1e+03    |
|    mean_reward     | -15.3    |
| time/              |          |
|    total_timesteps | 27000    |
---------------------------------
Eval num_timesteps=27000, episode_reward=-7.74 +/- 0.63
Episode length: 1000.00 +/- 0.00
---------------------------------
| eval/              |          |
|    mean_ep_length  | 1e+03    |
|    mean_reward     | -7.74    |
| time/              |          |
|    total_timesteps | 27000    |
---------------------------------
Eval num_timesteps=27000, episode_reward=-12.12 +/- 0.50
Episode length: 1000.00 +/- 0.00
---------------------------------
| eval/              |          |
|    mean_ep_length  | 1e+03    |
|    mean_reward     | -12.1    |
| time/              |          |
|    total_timesteps | 27000    |
---------------------------------
Eval num_timesteps=28000, episode_reward=-24.08 +/- 0.62
Episode length: 1000.00 +/- 0.00
---------------------------------
| eval/              |          |
|    mean_ep_length  | 1e+03    |
|    mean_reward     | -24.1    |
| time/              |          |
|    total_timesteps | 28000    |
---------------------------------
---------------------------------
| rollout/           |          |
|    ep_len_mean     | 1e+03    |
|    ep_rew_mean     | -249     |
| time/              |          |
|    episodes        | 28       |
|    fps             | 47       |
|    time_elapsed    | 590      |
|    total_timesteps | 28000    |
| train/             |          |
|    std             | 1        |
---------------------------------
Eval num_timesteps=28000, episode_reward=-22.61 +/- 0.95
Episode length: 1000.00 +/- 0.00
---------------------------------
| eval/              |          |
|    mean_ep_length  | 1e+03    |
|    mean_reward     | -22.6    |
| time/              |          |
|    total_timesteps | 28000    |
---------------------------------
---------------------------------
| rollout/           |          |
|    ep_len_mean     | 1e+03    |
|    ep_rew_mean     | -283     |
| time/              |          |
|    episodes        | 28       |
|    fps             | 47       |
|    time_elapsed    | 590      |
|    total_timesteps | 28000    |
| train/             |          |
|    std             | 1        |
---------------------------------
Eval num_timesteps=28000, episode_reward=-14.80 +/- 1.24
Episode length: 1000.00 +/- 0.00
---------------------------------
| eval/              |          |
|    mean_ep_length  | 1e+03    |
|    mean_reward     | -14.8    |
| time/              |          |
|    total_timesteps | 28000    |
---------------------------------
Eval num_timesteps=28000, episode_reward=-7.31 +/- 0.70
Episode length: 1000.00 +/- 0.00
---------------------------------
| eval/              |          |
|    mean_ep_length  | 1e+03    |
|    mean_reward     | -7.31    |
| time/              |          |
|    total_timesteps | 28000    |
---------------------------------
---------------------------------
| rollout/           |          |
|    ep_len_mean     | 1e+03    |
|    ep_rew_mean     | -281     |
| time/              |          |
|    episodes        | 28       |
|    fps             | 47       |
|    time_elapsed    | 590      |
|    total_timesteps | 28000    |
| train/             |          |
|    std             | 1        |
---------------------------------
---------------------------------
| rollout/           |          |
|    ep_len_mean     | 1e+03    |
|    ep_rew_mean     | -291     |
| time/              |          |
|    episodes        | 28       |
|    fps             | 47       |
|    time_elapsed    | 590      |
|    total_timesteps | 28000    |
| train/             |          |
|    std             | 1        |
---------------------------------
Eval num_timesteps=28000, episode_reward=-11.96 +/- 0.58
Episode length: 1000.00 +/- 0.00
---------------------------------
| eval/              |          |
|    mean_ep_length  | 1e+03    |
|    mean_reward     | -12      |
| time/              |          |
|    total_timesteps | 28000    |
---------------------------------
---------------------------------
| rollout/           |          |
|    ep_len_mean     | 1e+03    |
|    ep_rew_mean     | -282     |
| time/              |          |
|    episodes        | 28       |
|    fps             | 47       |
|    time_elapsed    | 590      |
|    total_timesteps | 28000    |
| train/             |          |
|    std             | 1        |
---------------------------------
Eval num_timesteps=29000, episode_reward=-24.45 +/- 0.81
Episode length: 1000.00 +/- 0.00
---------------------------------
| eval/              |          |
|    mean_ep_length  | 1e+03    |
|    mean_reward     | -24.4    |
| time/              |          |
|    total_timesteps | 29000    |
---------------------------------
Eval num_timesteps=29000, episode_reward=-22.20 +/- 0.77
Episode length: 1000.00 +/- 0.00
---------------------------------
| eval/              |          |
|    mean_ep_length  | 1e+03    |
|    mean_reward     | -22.2    |
| time/              |          |
|    total_timesteps | 29000    |
---------------------------------
Eval num_timesteps=29000, episode_reward=-14.70 +/- 1.08
Episode length: 1000.00 +/- 0.00
---------------------------------
| eval/              |          |
|    mean_ep_length  | 1e+03    |
|    mean_reward     | -14.7    |
| time/              |          |
|    total_timesteps | 29000    |
---------------------------------
Eval num_timesteps=29000, episode_reward=-7.99 +/- 0.87
Episode length: 1000.00 +/- 0.00
---------------------------------
| eval/              |          |
|    mean_ep_length  | 1e+03    |
|    mean_reward     | -7.99    |
| time/              |          |
|    total_timesteps | 29000    |
---------------------------------
Eval num_timesteps=29000, episode_reward=-12.07 +/- 0.81
Episode length: 1000.00 +/- 0.00
---------------------------------
| eval/              |          |
|    mean_ep_length  | 1e+03    |
|    mean_reward     | -12.1    |
| time/              |          |
|    total_timesteps | 29000    |
---------------------------------
Eval num_timesteps=30000, episode_reward=-24.38 +/- 0.92
Episode length: 1000.00 +/- 0.00
---------------------------------
| eval/              |          |
|    mean_ep_length  | 1e+03    |
|    mean_reward     | -24.4    |
| time/              |          |
|    total_timesteps | 30000    |
---------------------------------
New best mean reward!
Eval num_timesteps=30000, episode_reward=-22.94 +/- 0.78
Episode length: 1000.00 +/- 0.00
---------------------------------
| eval/              |          |
|    mean_ep_length  | 1e+03    |
|    mean_reward     | -22.9    |
| time/              |          |
|    total_timesteps | 30000    |
---------------------------------
Eval num_timesteps=30000, episode_reward=-15.24 +/- 0.81
Episode length: 1000.00 +/- 0.00
---------------------------------
| eval/              |          |
|    mean_ep_length  | 1e+03    |
|    mean_reward     | -15.2    |
| time/              |          |
|    total_timesteps | 30000    |
---------------------------------
Eval num_timesteps=30000, episode_reward=-8.03 +/- 0.80
Episode length: 1000.00 +/- 0.00
---------------------------------
| eval/              |          |
|    mean_ep_length  | 1e+03    |
|    mean_reward     | -8.03    |
| time/              |          |
|    total_timesteps | 30000    |
---------------------------------
Eval num_timesteps=30000, episode_reward=-12.03 +/- 0.40
Episode length: 1000.00 +/- 0.00
---------------------------------
| eval/              |          |
|    mean_ep_length  | 1e+03    |
|    mean_reward     | -12      |
| time/              |          |
|    total_timesteps | 30000    |
---------------------------------
Eval num_timesteps=31000, episode_reward=-24.39 +/- 0.56
Episode length: 1000.00 +/- 0.00
---------------------------------
| eval/              |          |
|    mean_ep_length  | 1e+03    |
|    mean_reward     | -24.4    |
| time/              |          |
|    total_timesteps | 31000    |
---------------------------------
Eval num_timesteps=31000, episode_reward=-22.76 +/- 0.81
Episode length: 1000.00 +/- 0.00
---------------------------------
| eval/              |          |
|    mean_ep_length  | 1e+03    |
|    mean_reward     | -22.8    |
| time/              |          |
|    total_timesteps | 31000    |
---------------------------------
Eval num_timesteps=31000, episode_reward=-15.37 +/- 0.69
Episode length: 1000.00 +/- 0.00
---------------------------------
| eval/              |          |
|    mean_ep_length  | 1e+03    |
|    mean_reward     | -15.4    |
| time/              |          |
|    total_timesteps | 31000    |
---------------------------------
Eval num_timesteps=31000, episode_reward=-7.64 +/- 0.81
Episode length: 1000.00 +/- 0.00
---------------------------------
| eval/              |          |
|    mean_ep_length  | 1e+03    |
|    mean_reward     | -7.64    |
| time/              |          |
|    total_timesteps | 31000    |
---------------------------------
Eval num_timesteps=31000, episode_reward=-12.03 +/- 0.62
Episode length: 1000.00 +/- 0.00
---------------------------------
| eval/              |          |
|    mean_ep_length  | 1e+03    |
|    mean_reward     | -12      |
| time/              |          |
|    total_timesteps | 31000    |
---------------------------------
Eval num_timesteps=32000, episode_reward=-24.22 +/- 0.80
Episode length: 1000.00 +/- 0.00
---------------------------------
| eval/              |          |
|    mean_ep_length  | 1e+03    |
|    mean_reward     | -24.2    |
| time/              |          |
|    total_timesteps | 32000    |
---------------------------------
---------------------------------
| rollout/           |          |
|    ep_len_mean     | 1e+03    |
|    ep_rew_mean     | -249     |
| time/              |          |
|    episodes        | 32       |
|    fps             | 47       |
|    time_elapsed    | 674      |
|    total_timesteps | 32000    |
| train/             |          |
|    std             | 1        |
---------------------------------
Eval num_timesteps=32000, episode_reward=-22.42 +/- 0.66
Episode length: 1000.00 +/- 0.00
---------------------------------
| eval/              |          |
|    mean_ep_length  | 1e+03    |
|    mean_reward     | -22.4    |
| time/              |          |
|    total_timesteps | 32000    |
---------------------------------
---------------------------------
| rollout/           |          |
|    ep_len_mean     | 1e+03    |
|    ep_rew_mean     | -291     |
| time/              |          |
|    episodes        | 32       |
|    fps             | 47       |
|    time_elapsed    | 674      |
|    total_timesteps | 32000    |
| train/             |          |
|    std             | 1        |
---------------------------------
Eval num_timesteps=32000, episode_reward=-14.63 +/- 0.69
Episode length: 1000.00 +/- 0.00
---------------------------------
| eval/              |          |
|    mean_ep_length  | 1e+03    |
|    mean_reward     | -14.6    |
| time/              |          |
|    total_timesteps | 32000    |
---------------------------------
Eval num_timesteps=32000, episode_reward=-7.80 +/- 0.68
Episode length: 1000.00 +/- 0.00
---------------------------------
| eval/              |          |
|    mean_ep_length  | 1e+03    |
|    mean_reward     | -7.8     |
| time/              |          |
|    total_timesteps | 32000    |
---------------------------------
---------------------------------
| rollout/           |          |
|    ep_len_mean     | 1e+03    |
|    ep_rew_mean     | -281     |
| time/              |          |
|    episodes        | 32       |
|    fps             | 47       |
|    time_elapsed    | 674      |
|    total_timesteps | 32000    |
| train/             |          |
|    std             | 1        |
---------------------------------
---------------------------------
| rollout/           |          |
|    ep_len_mean     | 1e+03    |
|    ep_rew_mean     | -282     |
| time/              |          |
|    episodes        | 32       |
|    fps             | 47       |
|    time_elapsed    | 674      |
|    total_timesteps | 32000    |
| train/             |          |
|    std             | 1        |
---------------------------------
Eval num_timesteps=32000, episode_reward=-12.10 +/- 0.47
Episode length: 1000.00 +/- 0.00
---------------------------------
| eval/              |          |
|    mean_ep_length  | 1e+03    |
|    mean_reward     | -12.1    |
| time/              |          |
|    total_timesteps | 32000    |
---------------------------------
---------------------------------
| rollout/           |          |
|    ep_len_mean     | 1e+03    |
|    ep_rew_mean     | -279     |
| time/              |          |
|    episodes        | 32       |
|    fps             | 47       |
|    time_elapsed    | 674      |
|    total_timesteps | 32000    |
| train/             |          |
|    std             | 1        |
---------------------------------
Eval num_timesteps=33000, episode_reward=-24.50 +/- 0.75
Episode length: 1000.00 +/- 0.00
---------------------------------
| eval/              |          |
|    mean_ep_length  | 1e+03    |
|    mean_reward     | -24.5    |
| time/              |          |
|    total_timesteps | 33000    |
---------------------------------
Eval num_timesteps=33000, episode_reward=-22.93 +/- 0.71
Episode length: 1000.00 +/- 0.00
---------------------------------
| eval/              |          |
|    mean_ep_length  | 1e+03    |
|    mean_reward     | -22.9    |
| time/              |          |
|    total_timesteps | 33000    |
---------------------------------
Eval num_timesteps=33000, episode_reward=-14.77 +/- 0.87
Episode length: 1000.00 +/- 0.00
---------------------------------
| eval/              |          |
|    mean_ep_length  | 1e+03    |
|    mean_reward     | -14.8    |
| time/              |          |
|    total_timesteps | 33000    |
---------------------------------
Eval num_timesteps=33000, episode_reward=-7.91 +/- 0.59
Episode length: 1000.00 +/- 0.00
---------------------------------
| eval/              |          |
|    mean_ep_length  | 1e+03    |
|    mean_reward     | -7.91    |
| time/              |          |
|    total_timesteps | 33000    |
---------------------------------
Eval num_timesteps=33000, episode_reward=-11.93 +/- 0.50
Episode length: 1000.00 +/- 0.00
---------------------------------
| eval/              |          |
|    mean_ep_length  | 1e+03    |
|    mean_reward     | -11.9    |
| time/              |          |
|    total_timesteps | 33000    |
---------------------------------
Eval num_timesteps=34000, episode_reward=-24.20 +/- 0.68
Episode length: 1000.00 +/- 0.00
---------------------------------
| eval/              |          |
|    mean_ep_length  | 1e+03    |
|    mean_reward     | -24.2    |
| time/              |          |
|    total_timesteps | 34000    |
---------------------------------
Eval num_timesteps=34000, episode_reward=-22.80 +/- 0.85
Episode length: 1000.00 +/- 0.00
---------------------------------
| eval/              |          |
|    mean_ep_length  | 1e+03    |
|    mean_reward     | -22.8    |
| time/              |          |
|    total_timesteps | 34000    |
---------------------------------
Eval num_timesteps=34000, episode_reward=-15.12 +/- 0.28
Episode length: 1000.00 +/- 0.00
---------------------------------
| eval/              |          |
|    mean_ep_length  | 1e+03    |
|    mean_reward     | -15.1    |
| time/              |          |
|    total_timesteps | 34000    |
---------------------------------
Eval num_timesteps=34000, episode_reward=-7.82 +/- 0.58
Episode length: 1000.00 +/- 0.00
---------------------------------
| eval/              |          |
|    mean_ep_length  | 1e+03    |
|    mean_reward     | -7.82    |
| time/              |          |
|    total_timesteps | 34000    |
---------------------------------
Eval num_timesteps=34000, episode_reward=-12.18 +/- 0.32
Episode length: 1000.00 +/- 0.00
---------------------------------
| eval/              |          |
|    mean_ep_length  | 1e+03    |
|    mean_reward     | -12.2    |
| time/              |          |
|    total_timesteps | 34000    |
---------------------------------
Eval num_timesteps=35000, episode_reward=-24.60 +/- 0.61
Episode length: 1000.00 +/- 0.00
---------------------------------
| eval/              |          |
|    mean_ep_length  | 1e+03    |
|    mean_reward     | -24.6    |
| time/              |          |
|    total_timesteps | 35000    |
---------------------------------
Eval num_timesteps=35000, episode_reward=-22.79 +/- 0.53
Episode length: 1000.00 +/- 0.00
---------------------------------
| eval/              |          |
|    mean_ep_length  | 1e+03    |
|    mean_reward     | -22.8    |
| time/              |          |
|    total_timesteps | 35000    |
---------------------------------
Eval num_timesteps=35000, episode_reward=-15.13 +/- 0.64
Episode length: 1000.00 +/- 0.00
---------------------------------
| eval/              |          |
|    mean_ep_length  | 1e+03    |
|    mean_reward     | -15.1    |
| time/              |          |
|    total_timesteps | 35000    |
---------------------------------
Eval num_timesteps=35000, episode_reward=-7.65 +/- 0.77
Episode length: 1000.00 +/- 0.00
---------------------------------
| eval/              |          |
|    mean_ep_length  | 1e+03    |
|    mean_reward     | -7.65    |
| time/              |          |
|    total_timesteps | 35000    |
---------------------------------
Eval num_timesteps=35000, episode_reward=-11.81 +/- 0.54
Episode length: 1000.00 +/- 0.00
---------------------------------
| eval/              |          |
|    mean_ep_length  | 1e+03    |
|    mean_reward     | -11.8    |
| time/              |          |
|    total_timesteps | 35000    |
---------------------------------
Eval num_timesteps=36000, episode_reward=-24.64 +/- 0.59
Episode length: 1000.00 +/- 0.00
---------------------------------
| eval/              |          |
|    mean_ep_length  | 1e+03    |
|    mean_reward     | -24.6    |
| time/              |          |
|    total_timesteps | 36000    |
---------------------------------
---------------------------------
| rollout/           |          |
|    ep_len_mean     | 1e+03    |
|    ep_rew_mean     | -250     |
| time/              |          |
|    episodes        | 36       |
|    fps             | 47       |
|    time_elapsed    | 758      |
|    total_timesteps | 36000    |
| train/             |          |
|    std             | 1        |
---------------------------------
Eval num_timesteps=36000, episode_reward=-22.65 +/- 1.16
Episode length: 1000.00 +/- 0.00
---------------------------------
| eval/              |          |
|    mean_ep_length  | 1e+03    |
|    mean_reward     | -22.7    |
| time/              |          |
|    total_timesteps | 36000    |
---------------------------------
---------------------------------
| rollout/           |          |
|    ep_len_mean     | 1e+03    |
|    ep_rew_mean     | -282     |
| time/              |          |
|    episodes        | 36       |
|    fps             | 47       |
|    time_elapsed    | 758      |
|    total_timesteps | 36000    |
| train/             |          |
|    std             | 1        |
---------------------------------
Eval num_timesteps=36000, episode_reward=-15.54 +/- 0.54
Episode length: 1000.00 +/- 0.00
---------------------------------
| eval/              |          |
|    mean_ep_length  | 1e+03    |
|    mean_reward     | -15.5    |
| time/              |          |
|    total_timesteps | 36000    |
---------------------------------
Eval num_timesteps=36000, episode_reward=-7.53 +/- 0.60
Episode length: 1000.00 +/- 0.00
---------------------------------
| eval/              |          |
|    mean_ep_length  | 1e+03    |
|    mean_reward     | -7.53    |
| time/              |          |
|    total_timesteps | 36000    |
---------------------------------
---------------------------------
| rollout/           |          |
|    ep_len_mean     | 1e+03    |
|    ep_rew_mean     | -280     |
| time/              |          |
|    episodes        | 36       |
|    fps             | 47       |
|    time_elapsed    | 758      |
|    total_timesteps | 36000    |
| train/             |          |
|    std             | 1        |
---------------------------------
---------------------------------
| rollout/           |          |
|    ep_len_mean     | 1e+03    |
|    ep_rew_mean     | -285     |
| time/              |          |
|    episodes        | 36       |
|    fps             | 47       |
|    time_elapsed    | 758      |
|    total_timesteps | 36000    |
| train/             |          |
|    std             | 1        |
---------------------------------
Eval num_timesteps=36000, episode_reward=-12.29 +/- 0.62
Episode length: 1000.00 +/- 0.00
---------------------------------
| eval/              |          |
|    mean_ep_length  | 1e+03    |
|    mean_reward     | -12.3    |
| time/              |          |
|    total_timesteps | 36000    |
---------------------------------
---------------------------------
| rollout/           |          |
|    ep_len_mean     | 1e+03    |
|    ep_rew_mean     | -274     |
| time/              |          |
|    episodes        | 36       |
|    fps             | 47       |
|    time_elapsed    | 758      |
|    total_timesteps | 36000    |
| train/             |          |
|    std             | 1        |
---------------------------------
Eval num_timesteps=37000, episode_reward=-24.37 +/- 1.02
Episode length: 1000.00 +/- 0.00
---------------------------------
| eval/              |          |
|    mean_ep_length  | 1e+03    |
|    mean_reward     | -24.4    |
| time/              |          |
|    total_timesteps | 37000    |
---------------------------------
Eval num_timesteps=37000, episode_reward=-22.64 +/- 0.66
Episode length: 1000.00 +/- 0.00
---------------------------------
| eval/              |          |
|    mean_ep_length  | 1e+03    |
|    mean_reward     | -22.6    |
| time/              |          |
|    total_timesteps | 37000    |
---------------------------------
Eval num_timesteps=37000, episode_reward=-14.85 +/- 0.93
Episode length: 1000.00 +/- 0.00
---------------------------------
| eval/              |          |
|    mean_ep_length  | 1e+03    |
|    mean_reward     | -14.8    |
| time/              |          |
|    total_timesteps | 37000    |
---------------------------------
Eval num_timesteps=37000, episode_reward=-7.61 +/- 0.50
Episode length: 1000.00 +/- 0.00
---------------------------------
| eval/              |          |
|    mean_ep_length  | 1e+03    |
|    mean_reward     | -7.61    |
| time/              |          |
|    total_timesteps | 37000    |
---------------------------------
Eval num_timesteps=37000, episode_reward=-11.85 +/- 0.70
Episode length: 1000.00 +/- 0.00
---------------------------------
| eval/              |          |
|    mean_ep_length  | 1e+03    |
|    mean_reward     | -11.9    |
| time/              |          |
|    total_timesteps | 37000    |
---------------------------------
Eval num_timesteps=38000, episode_reward=-24.45 +/- 0.56
Episode length: 1000.00 +/- 0.00
---------------------------------
| eval/              |          |
|    mean_ep_length  | 1e+03    |
|    mean_reward     | -24.4    |
| time/              |          |
|    total_timesteps | 38000    |
---------------------------------
Eval num_timesteps=38000, episode_reward=-22.96 +/- 0.71
Episode length: 1000.00 +/- 0.00
---------------------------------
| eval/              |          |
|    mean_ep_length  | 1e+03    |
|    mean_reward     | -23      |
| time/              |          |
|    total_timesteps | 38000    |
---------------------------------
Eval num_timesteps=38000, episode_reward=-15.24 +/- 0.73
Episode length: 1000.00 +/- 0.00
---------------------------------
| eval/              |          |
|    mean_ep_length  | 1e+03    |
|    mean_reward     | -15.2    |
| time/              |          |
|    total_timesteps | 38000    |
---------------------------------
Eval num_timesteps=38000, episode_reward=-7.62 +/- 0.48
Episode length: 1000.00 +/- 0.00
---------------------------------
| eval/              |          |
|    mean_ep_length  | 1e+03    |
|    mean_reward     | -7.62    |
| time/              |          |
|    total_timesteps | 38000    |
---------------------------------
Eval num_timesteps=38000, episode_reward=-12.25 +/- 0.51
Episode length: 1000.00 +/- 0.00
---------------------------------
| eval/              |          |
|    mean_ep_length  | 1e+03    |
|    mean_reward     | -12.3    |
| time/              |          |
|    total_timesteps | 38000    |
---------------------------------
Eval num_timesteps=39000, episode_reward=-24.10 +/- 0.63
Episode length: 1000.00 +/- 0.00
---------------------------------
| eval/              |          |
|    mean_ep_length  | 1e+03    |
|    mean_reward     | -24.1    |
| time/              |          |
|    total_timesteps | 39000    |
---------------------------------
Eval num_timesteps=39000, episode_reward=-22.81 +/- 0.52
Episode length: 1000.00 +/- 0.00
---------------------------------
| eval/              |          |
|    mean_ep_length  | 1e+03    |
|    mean_reward     | -22.8    |
| time/              |          |
|    total_timesteps | 39000    |
---------------------------------
Eval num_timesteps=39000, episode_reward=-15.26 +/- 0.57
Episode length: 1000.00 +/- 0.00
---------------------------------
| eval/              |          |
|    mean_ep_length  | 1e+03    |
|    mean_reward     | -15.3    |
| time/              |          |
|    total_timesteps | 39000    |
---------------------------------
Eval num_timesteps=39000, episode_reward=-7.66 +/- 0.59
Episode length: 1000.00 +/- 0.00
---------------------------------
| eval/              |          |
|    mean_ep_length  | 1e+03    |
|    mean_reward     | -7.66    |
| time/              |          |
|    total_timesteps | 39000    |
---------------------------------
Eval num_timesteps=39000, episode_reward=-12.16 +/- 0.57
Episode length: 1000.00 +/- 0.00
---------------------------------
| eval/              |          |
|    mean_ep_length  | 1e+03    |
|    mean_reward     | -12.2    |
| time/              |          |
|    total_timesteps | 39000    |
---------------------------------
Eval num_timesteps=40000, episode_reward=-24.20 +/- 0.92
Episode length: 1000.00 +/- 0.00
---------------------------------
| eval/              |          |
|    mean_ep_length  | 1e+03    |
|    mean_reward     | -24.2    |
| time/              |          |
|    total_timesteps | 40000    |
---------------------------------
---------------------------------
| rollout/           |          |
|    ep_len_mean     | 1e+03    |
|    ep_rew_mean     | -260     |
| time/              |          |
|    episodes        | 40       |
|    fps             | 47       |
|    time_elapsed    | 842      |
|    total_timesteps | 40000    |
| train/             |          |
|    std             | 1        |
---------------------------------
Eval num_timesteps=40000, episode_reward=-23.08 +/- 0.71
Episode length: 1000.00 +/- 0.00
---------------------------------
| eval/              |          |
|    mean_ep_length  | 1e+03    |
|    mean_reward     | -23.1    |
| time/              |          |
|    total_timesteps | 40000    |
---------------------------------
---------------------------------
| rollout/           |          |
|    ep_len_mean     | 1e+03    |
|    ep_rew_mean     | -288     |
| time/              |          |
|    episodes        | 40       |
|    fps             | 47       |
|    time_elapsed    | 842      |
|    total_timesteps | 40000    |
| train/             |          |
|    std             | 1        |
---------------------------------
Eval num_timesteps=40000, episode_reward=-15.55 +/- 0.71
Episode length: 1000.00 +/- 0.00
---------------------------------
| eval/              |          |
|    mean_ep_length  | 1e+03    |
|    mean_reward     | -15.5    |
| time/              |          |
|    total_timesteps | 40000    |
---------------------------------
Eval num_timesteps=40000, episode_reward=-7.43 +/- 0.98
Episode length: 1000.00 +/- 0.00
---------------------------------
| eval/              |          |
|    mean_ep_length  | 1e+03    |
|    mean_reward     | -7.43    |
| time/              |          |
|    total_timesteps | 40000    |
---------------------------------
---------------------------------
| rollout/           |          |
|    ep_len_mean     | 1e+03    |
|    ep_rew_mean     | -280     |
| time/              |          |
|    episodes        | 40       |
|    fps             | 47       |
|    time_elapsed    | 842      |
|    total_timesteps | 40000    |
| train/             |          |
|    std             | 1        |
---------------------------------
---------------------------------
| rollout/           |          |
|    ep_len_mean     | 1e+03    |
|    ep_rew_mean     | -288     |
| time/              |          |
|    episodes        | 40       |
|    fps             | 47       |
|    time_elapsed    | 843      |
|    total_timesteps | 40000    |
| train/             |          |
|    std             | 1        |
---------------------------------
Eval num_timesteps=40000, episode_reward=-12.11 +/- 0.89
Episode length: 1000.00 +/- 0.00
---------------------------------
| eval/              |          |
|    mean_ep_length  | 1e+03    |
|    mean_reward     | -12.1    |
| time/              |          |
|    total_timesteps | 40000    |
---------------------------------
---------------------------------
| rollout/           |          |
|    ep_len_mean     | 1e+03    |
|    ep_rew_mean     | -281     |
| time/              |          |
|    episodes        | 40       |
|    fps             | 47       |
|    time_elapsed    | 842      |
|    total_timesteps | 40000    |
| train/             |          |
|    std             | 1        |
---------------------------------
Eval num_timesteps=41000, episode_reward=-24.68 +/- 0.68
Episode length: 1000.00 +/- 0.00
---------------------------------
| eval/              |          |
|    mean_ep_length  | 1e+03    |
|    mean_reward     | -24.7    |
| time/              |          |
|    total_timesteps | 41000    |
---------------------------------
Eval num_timesteps=41000, episode_reward=-23.10 +/- 1.00
Episode length: 1000.00 +/- 0.00
---------------------------------
| eval/              |          |
|    mean_ep_length  | 1e+03    |
|    mean_reward     | -23.1    |
| time/              |          |
|    total_timesteps | 41000    |
---------------------------------
Eval num_timesteps=41000, episode_reward=-14.88 +/- 1.01
Episode length: 1000.00 +/- 0.00
---------------------------------
| eval/              |          |
|    mean_ep_length  | 1e+03    |
|    mean_reward     | -14.9    |
| time/              |          |
|    total_timesteps | 41000    |
---------------------------------
Eval num_timesteps=41000, episode_reward=-8.07 +/- 0.64
Episode length: 1000.00 +/- 0.00
---------------------------------
| eval/              |          |
|    mean_ep_length  | 1e+03    |
|    mean_reward     | -8.07    |
| time/              |          |
|    total_timesteps | 41000    |
---------------------------------
Eval num_timesteps=41000, episode_reward=-12.21 +/- 0.71
Episode length: 1000.00 +/- 0.00
---------------------------------
| eval/              |          |
|    mean_ep_length  | 1e+03    |
|    mean_reward     | -12.2    |
| time/              |          |
|    total_timesteps | 41000    |
---------------------------------
Eval num_timesteps=42000, episode_reward=-24.16 +/- 0.57
Episode length: 1000.00 +/- 0.00
---------------------------------
| eval/              |          |
|    mean_ep_length  | 1e+03    |
|    mean_reward     | -24.2    |
| time/              |          |
|    total_timesteps | 42000    |
---------------------------------
Eval num_timesteps=42000, episode_reward=-22.50 +/- 0.75
Episode length: 1000.00 +/- 0.00
---------------------------------
| eval/              |          |
|    mean_ep_length  | 1e+03    |
|    mean_reward     | -22.5    |
| time/              |          |
|    total_timesteps | 42000    |
---------------------------------
Eval num_timesteps=42000, episode_reward=-15.28 +/- 0.59
Episode length: 1000.00 +/- 0.00
---------------------------------
| eval/              |          |
|    mean_ep_length  | 1e+03    |
|    mean_reward     | -15.3    |
| time/              |          |
|    total_timesteps | 42000    |
---------------------------------
Eval num_timesteps=42000, episode_reward=-7.81 +/- 0.88
Episode length: 1000.00 +/- 0.00
---------------------------------
| eval/              |          |
|    mean_ep_length  | 1e+03    |
|    mean_reward     | -7.81    |
| time/              |          |
|    total_timesteps | 42000    |
---------------------------------
Eval num_timesteps=42000, episode_reward=-11.96 +/- 0.64
Episode length: 1000.00 +/- 0.00
---------------------------------
| eval/              |          |
|    mean_ep_length  | 1e+03    |
|    mean_reward     | -12      |
| time/              |          |
|    total_timesteps | 42000    |
---------------------------------
Eval num_timesteps=43000, episode_reward=-23.91 +/- 0.57
Episode length: 1000.00 +/- 0.00
---------------------------------
| eval/              |          |
|    mean_ep_length  | 1e+03    |
|    mean_reward     | -23.9    |
| time/              |          |
|    total_timesteps | 43000    |
---------------------------------
Eval num_timesteps=43000, episode_reward=-22.89 +/- 0.66
Episode length: 1000.00 +/- 0.00
---------------------------------
| eval/              |          |
|    mean_ep_length  | 1e+03    |
|    mean_reward     | -22.9    |
| time/              |          |
|    total_timesteps | 43000    |
---------------------------------
Eval num_timesteps=43000, episode_reward=-15.03 +/- 0.73
Episode length: 1000.00 +/- 0.00
---------------------------------
| eval/              |          |
|    mean_ep_length  | 1e+03    |
|    mean_reward     | -15      |
| time/              |          |
|    total_timesteps | 43000    |
---------------------------------
Eval num_timesteps=43000, episode_reward=-8.40 +/- 0.93
Episode length: 1000.00 +/- 0.00
---------------------------------
| eval/              |          |
|    mean_ep_length  | 1e+03    |
|    mean_reward     | -8.4     |
| time/              |          |
|    total_timesteps | 43000    |
---------------------------------
Eval num_timesteps=43000, episode_reward=-11.78 +/- 0.77
Episode length: 1000.00 +/- 0.00
---------------------------------
| eval/              |          |
|    mean_ep_length  | 1e+03    |
|    mean_reward     | -11.8    |
| time/              |          |
|    total_timesteps | 43000    |
---------------------------------
Eval num_timesteps=44000, episode_reward=-24.24 +/- 0.63
Episode length: 1000.00 +/- 0.00
---------------------------------
| eval/              |          |
|    mean_ep_length  | 1e+03    |
|    mean_reward     | -24.2    |
| time/              |          |
|    total_timesteps | 44000    |
---------------------------------
---------------------------------
| rollout/           |          |
|    ep_len_mean     | 1e+03    |
|    ep_rew_mean     | -269     |
| time/              |          |
|    episodes        | 44       |
|    fps             | 47       |
|    time_elapsed    | 927      |
|    total_timesteps | 44000    |
| train/             |          |
|    std             | 1        |
---------------------------------
Eval num_timesteps=44000, episode_reward=-22.56 +/- 0.58
Episode length: 1000.00 +/- 0.00
---------------------------------
| eval/              |          |
|    mean_ep_length  | 1e+03    |
|    mean_reward     | -22.6    |
| time/              |          |
|    total_timesteps | 44000    |
---------------------------------
---------------------------------
| rollout/           |          |
|    ep_len_mean     | 1e+03    |
|    ep_rew_mean     | -289     |
| time/              |          |
|    episodes        | 44       |
|    fps             | 47       |
|    time_elapsed    | 927      |
|    total_timesteps | 44000    |
| train/             |          |
|    std             | 1        |
---------------------------------
Eval num_timesteps=44000, episode_reward=-14.81 +/- 0.77
Episode length: 1000.00 +/- 0.00
---------------------------------
| eval/              |          |
|    mean_ep_length  | 1e+03    |
|    mean_reward     | -14.8    |
| time/              |          |
|    total_timesteps | 44000    |
---------------------------------
Eval num_timesteps=44000, episode_reward=-7.74 +/- 0.87
Episode length: 1000.00 +/- 0.00
---------------------------------
| eval/              |          |
|    mean_ep_length  | 1e+03    |
|    mean_reward     | -7.74    |
| time/              |          |
|    total_timesteps | 44000    |
---------------------------------
---------------------------------
| rollout/           |          |
|    ep_len_mean     | 1e+03    |
|    ep_rew_mean     | -288     |
| time/              |          |
|    episodes        | 44       |
|    fps             | 47       |
|    time_elapsed    | 927      |
|    total_timesteps | 44000    |
| train/             |          |
|    std             | 1        |
---------------------------------
---------------------------------
| rollout/           |          |
|    ep_len_mean     | 1e+03    |
|    ep_rew_mean     | -289     |
| time/              |          |
|    episodes        | 44       |
|    fps             | 47       |
|    time_elapsed    | 927      |
|    total_timesteps | 44000    |
| train/             |          |
|    std             | 1        |
---------------------------------
Eval num_timesteps=44000, episode_reward=-12.02 +/- 0.52
Episode length: 1000.00 +/- 0.00
---------------------------------
| eval/              |          |
|    mean_ep_length  | 1e+03    |
|    mean_reward     | -12      |
| time/              |          |
|    total_timesteps | 44000    |
---------------------------------
---------------------------------
| rollout/           |          |
|    ep_len_mean     | 1e+03    |
|    ep_rew_mean     | -286     |
| time/              |          |
|    episodes        | 44       |
|    fps             | 47       |
|    time_elapsed    | 926      |
|    total_timesteps | 44000    |
| train/             |          |
|    std             | 1        |
---------------------------------
Eval num_timesteps=45000, episode_reward=-24.70 +/- 0.63
Episode length: 1000.00 +/- 0.00
---------------------------------
| eval/              |          |
|    mean_ep_length  | 1e+03    |
|    mean_reward     | -24.7    |
| time/              |          |
|    total_timesteps | 45000    |
---------------------------------
Eval num_timesteps=45000, episode_reward=-22.42 +/- 0.48
Episode length: 1000.00 +/- 0.00
---------------------------------
| eval/              |          |
|    mean_ep_length  | 1e+03    |
|    mean_reward     | -22.4    |
| time/              |          |
|    total_timesteps | 45000    |
---------------------------------
Eval num_timesteps=45000, episode_reward=-15.36 +/- 0.77
Episode length: 1000.00 +/- 0.00
---------------------------------
| eval/              |          |
|    mean_ep_length  | 1e+03    |
|    mean_reward     | -15.4    |
| time/              |          |
|    total_timesteps | 45000    |
---------------------------------
Eval num_timesteps=45000, episode_reward=-7.07 +/- 0.75
Episode length: 1000.00 +/- 0.00
---------------------------------
| eval/              |          |
|    mean_ep_length  | 1e+03    |
|    mean_reward     | -7.07    |
| time/              |          |
|    total_timesteps | 45000    |
---------------------------------
Eval num_timesteps=45000, episode_reward=-12.12 +/- 0.88
Episode length: 1000.00 +/- 0.00
---------------------------------
| eval/              |          |
|    mean_ep_length  | 1e+03    |
|    mean_reward     | -12.1    |
| time/              |          |
|    total_timesteps | 45000    |
---------------------------------
Eval num_timesteps=46000, episode_reward=-24.31 +/- 0.79
Episode length: 1000.00 +/- 0.00
---------------------------------
| eval/              |          |
|    mean_ep_length  | 1e+03    |
|    mean_reward     | -24.3    |
| time/              |          |
|    total_timesteps | 46000    |
---------------------------------
Eval num_timesteps=46000, episode_reward=-22.48 +/- 0.81
Episode length: 1000.00 +/- 0.00
---------------------------------
| eval/              |          |
|    mean_ep_length  | 1e+03    |
|    mean_reward     | -22.5    |
| time/              |          |
|    total_timesteps | 46000    |
---------------------------------
Eval num_timesteps=46000, episode_reward=-14.70 +/- 0.98
Episode length: 1000.00 +/- 0.00
---------------------------------
| eval/              |          |
|    mean_ep_length  | 1e+03    |
|    mean_reward     | -14.7    |
| time/              |          |
|    total_timesteps | 46000    |
---------------------------------
New best mean reward!
Eval num_timesteps=46000, episode_reward=-7.71 +/- 0.96
Episode length: 1000.00 +/- 0.00
---------------------------------
| eval/              |          |
|    mean_ep_length  | 1e+03    |
|    mean_reward     | -7.71    |
| time/              |          |
|    total_timesteps | 46000    |
---------------------------------
Eval num_timesteps=46000, episode_reward=-12.11 +/- 0.36
Episode length: 1000.00 +/- 0.00
---------------------------------
| eval/              |          |
|    mean_ep_length  | 1e+03    |
|    mean_reward     | -12.1    |
| time/              |          |
|    total_timesteps | 46000    |
---------------------------------
Eval num_timesteps=47000, episode_reward=-24.44 +/- 0.68
Episode length: 1000.00 +/- 0.00
---------------------------------
| eval/              |          |
|    mean_ep_length  | 1e+03    |
|    mean_reward     | -24.4    |
| time/              |          |
|    total_timesteps | 47000    |
---------------------------------
Eval num_timesteps=47000, episode_reward=-22.42 +/- 0.62
Episode length: 1000.00 +/- 0.00
---------------------------------
| eval/              |          |
|    mean_ep_length  | 1e+03    |
|    mean_reward     | -22.4    |
| time/              |          |
|    total_timesteps | 47000    |
---------------------------------
Eval num_timesteps=47000, episode_reward=-15.31 +/- 0.47
Episode length: 1000.00 +/- 0.00
---------------------------------
| eval/              |          |
|    mean_ep_length  | 1e+03    |
|    mean_reward     | -15.3    |
| time/              |          |
|    total_timesteps | 47000    |
---------------------------------
Eval num_timesteps=47000, episode_reward=-8.09 +/- 0.73
Episode length: 1000.00 +/- 0.00
---------------------------------
| eval/              |          |
|    mean_ep_length  | 1e+03    |
|    mean_reward     | -8.09    |
| time/              |          |
|    total_timesteps | 47000    |
---------------------------------
Eval num_timesteps=47000, episode_reward=-11.44 +/- 0.62
Episode length: 1000.00 +/- 0.00
---------------------------------
| eval/              |          |
|    mean_ep_length  | 1e+03    |
|    mean_reward     | -11.4    |
| time/              |          |
|    total_timesteps | 47000    |
---------------------------------
Eval num_timesteps=48000, episode_reward=-24.25 +/- 0.69
Episode length: 1000.00 +/- 0.00
---------------------------------
| eval/              |          |
|    mean_ep_length  | 1e+03    |
|    mean_reward     | -24.2    |
| time/              |          |
|    total_timesteps | 48000    |
---------------------------------
---------------------------------
| rollout/           |          |
|    ep_len_mean     | 1e+03    |
|    ep_rew_mean     | -270     |
| time/              |          |
|    episodes        | 48       |
|    fps             | 47       |
|    time_elapsed    | 1011     |
|    total_timesteps | 48000    |
| train/             |          |
|    std             | 1        |
---------------------------------
Eval num_timesteps=48000, episode_reward=-22.56 +/- 0.60
Episode length: 1000.00 +/- 0.00
---------------------------------
| eval/              |          |
|    mean_ep_length  | 1e+03    |
|    mean_reward     | -22.6    |
| time/              |          |
|    total_timesteps | 48000    |
---------------------------------
---------------------------------
| rollout/           |          |
|    ep_len_mean     | 1e+03    |
|    ep_rew_mean     | -291     |
| time/              |          |
|    episodes        | 48       |
|    fps             | 47       |
|    time_elapsed    | 1011     |
|    total_timesteps | 48000    |
| train/             |          |
|    std             | 1        |
---------------------------------
Eval num_timesteps=48000, episode_reward=-14.99 +/- 0.82
Episode length: 1000.00 +/- 0.00
---------------------------------
| eval/              |          |
|    mean_ep_length  | 1e+03    |
|    mean_reward     | -15      |
| time/              |          |
|    total_timesteps | 48000    |
---------------------------------
Eval num_timesteps=48000, episode_reward=-7.34 +/- 0.67
Episode length: 1000.00 +/- 0.00
---------------------------------
| eval/              |          |
|    mean_ep_length  | 1e+03    |
|    mean_reward     | -7.34    |
| time/              |          |
|    total_timesteps | 48000    |
---------------------------------
---------------------------------
| rollout/           |          |
|    ep_len_mean     | 1e+03    |
|    ep_rew_mean     | -289     |
| time/              |          |
|    episodes        | 48       |
|    fps             | 47       |
|    time_elapsed    | 1011     |
|    total_timesteps | 48000    |
| train/             |          |
|    std             | 1        |
---------------------------------
---------------------------------
| rollout/           |          |
|    ep_len_mean     | 1e+03    |
|    ep_rew_mean     | -294     |
| time/              |          |
|    episodes        | 48       |
|    fps             | 47       |
|    time_elapsed    | 1011     |
|    total_timesteps | 48000    |
| train/             |          |
|    std             | 1        |
---------------------------------
New best mean reward!
Eval num_timesteps=48000, episode_reward=-11.95 +/- 0.47
Episode length: 1000.00 +/- 0.00
---------------------------------
| eval/              |          |
|    mean_ep_length  | 1e+03    |
|    mean_reward     | -12      |
| time/              |          |
|    total_timesteps | 48000    |
---------------------------------
---------------------------------
| rollout/           |          |
|    ep_len_mean     | 1e+03    |
|    ep_rew_mean     | -286     |
| time/              |          |
|    episodes        | 48       |
|    fps             | 47       |
|    time_elapsed    | 1011     |
|    total_timesteps | 48000    |
| train/             |          |
|    std             | 1        |
---------------------------------
Eval num_timesteps=49000, episode_reward=-24.67 +/- 0.71
Episode length: 1000.00 +/- 0.00
---------------------------------
| eval/              |          |
|    mean_ep_length  | 1e+03    |
|    mean_reward     | -24.7    |
| time/              |          |
|    total_timesteps | 49000    |
---------------------------------
Eval num_timesteps=49000, episode_reward=-22.62 +/- 0.65
Episode length: 1000.00 +/- 0.00
---------------------------------
| eval/              |          |
|    mean_ep_length  | 1e+03    |
|    mean_reward     | -22.6    |
| time/              |          |
|    total_timesteps | 49000    |
---------------------------------
Eval num_timesteps=49000, episode_reward=-15.55 +/- 0.96
Episode length: 1000.00 +/- 0.00
---------------------------------
| eval/              |          |
|    mean_ep_length  | 1e+03    |
|    mean_reward     | -15.5    |
| time/              |          |
|    total_timesteps | 49000    |
---------------------------------
Eval num_timesteps=49000, episode_reward=-7.91 +/- 1.03
Episode length: 1000.00 +/- 0.00
---------------------------------
| eval/              |          |
|    mean_ep_length  | 1e+03    |
|    mean_reward     | -7.91    |
| time/              |          |
|    total_timesteps | 49000    |
---------------------------------
Eval num_timesteps=49000, episode_reward=-11.84 +/- 0.65
Episode length: 1000.00 +/- 0.00
---------------------------------
| eval/              |          |
|    mean_ep_length  | 1e+03    |
|    mean_reward     | -11.8    |
| time/              |          |
|    total_timesteps | 49000    |
---------------------------------
Eval num_timesteps=50000, episode_reward=-24.37 +/- 1.02
Episode length: 1000.00 +/- 0.00
---------------------------------
| eval/              |          |
|    mean_ep_length  | 1e+03    |
|    mean_reward     | -24.4    |
| time/              |          |
|    total_timesteps | 50000    |
---------------------------------
Eval num_timesteps=50000, episode_reward=-22.68 +/- 0.52
Episode length: 1000.00 +/- 0.00
---------------------------------
| eval/              |          |
|    mean_ep_length  | 1e+03    |
|    mean_reward     | -22.7    |
| time/              |          |
|    total_timesteps | 50000    |
---------------------------------
Eval num_timesteps=50000, episode_reward=-15.11 +/- 0.90
Episode length: 1000.00 +/- 0.00
---------------------------------
| eval/              |          |
|    mean_ep_length  | 1e+03    |
|    mean_reward     | -15.1    |
| time/              |          |
|    total_timesteps | 50000    |
---------------------------------
Eval num_timesteps=50000, episode_reward=-7.99 +/- 0.80
Episode length: 1000.00 +/- 0.00
---------------------------------
| eval/              |          |
|    mean_ep_length  | 1e+03    |
|    mean_reward     | -7.99    |
| time/              |          |
|    total_timesteps | 50000    |
---------------------------------
Eval num_timesteps=50000, episode_reward=-12.02 +/- 0.69
Episode length: 1000.00 +/- 0.00
---------------------------------
| eval/              |          |
|    mean_ep_length  | 1e+03    |
|    mean_reward     | -12      |
| time/              |          |
|    total_timesteps | 50000    |
---------------------------------
wandb: ERROR Error while calling W&B API: context deadline exceeded (<Response [500]>)
batch elapsed: 3.65
batch elapsed: 3.54
batch elapsed: 3.44
batch elapsed: 3.53
batch elapsed: 3.51
batch elapsed: 3.54
batch elapsed: 3.48
batch elapsed: 3.56
batch elapsed: 3.49
batch elapsed: 3.56
batch elapsed: 3.55
batch elapsed: 3.57
batch elapsed: 3.53
batch elapsed: 3.58
batch elapsed: 3.50
batch elapsed: 3.54
batch elapsed: 3.62
batch elapsed: 3.59
batch elapsed: 3.54
batch elapsed: 3.55
batch elapsed: 3.56
batch elapsed: 3.55
batch elapsed: 3.57
batch elapsed: 3.54
batch elapsed: 3.56
batch elapsed: 3.56
batch elapsed: 3.58
batch elapsed: 3.57
batch elapsed: 3.51
batch elapsed: 3.60
batch elapsed: 3.56
batch elapsed: 3.55
batch elapsed: 3.58
batch elapsed: 3.56
batch elapsed: 3.56
batch elapsed: 3.57
batch elapsed: 3.56
batch elapsed: 3.54
batch elapsed: 3.58
batch elapsed: 3.52
batch elapsed: 3.56
batch elapsed: 3.55
batch elapsed: 3.56
batch elapsed: 3.52
batch elapsed: 3.57
batch elapsed: 3.55
batch elapsed: 3.55
batch elapsed: 3.53
batch elapsed: 3.51
batch elapsed: 3.54
batch elapsed: 3.51
batch elapsed: 3.56
batch elapsed: 3.57
batch elapsed: 3.48
batch elapsed: 3.52
batch elapsed: 3.53
batch elapsed: 3.46
batch elapsed: 3.49
batch elapsed: 3.60
batch elapsed: 3.57
batch elapsed: 3.55
batch elapsed: 3.54
batch elapsed: 3.54
batch elapsed: 3.56
batch elapsed: 3.52
batch elapsed: 3.50
batch elapsed: 3.56
batch elapsed: 3.52
batch elapsed: 3.53
batch elapsed: 3.54
batch elapsed: 3.53
batch elapsed: 3.53
batch elapsed: 3.52
batch elapsed: 3.56
batch elapsed: 3.55
batch elapsed: 3.51
batch elapsed: 3.50
batch elapsed: 3.55
batch elapsed: 3.44
batch elapsed: 3.33
batch elapsed: 3.49
batch elapsed: 3.53
batch elapsed: 3.51
batch elapsed: 3.52
batch elapsed: 3.53
batch elapsed: 3.55
batch elapsed: 3.53
batch elapsed: 3.53
batch elapsed: 3.55
batch elapsed: 3.54
batch elapsed: 3.59
batch elapsed: 3.55
batch elapsed: 3.56
batch elapsed: 3.55
batch elapsed: 3.57
batch elapsed: 3.56
batch elapsed: 3.56
batch elapsed: 3.55
batch elapsed: 3.55
batch elapsed: 3.50
batch elapsed: 3.56
batch elapsed: 3.54
batch elapsed: 3.58
batch elapsed: 3.62
batch elapsed: 3.57
batch elapsed: 3.58
batch elapsed: 3.51
batch elapsed: 3.54
batch elapsed: 3.51
batch elapsed: 3.55
batch elapsed: 3.58
batch elapsed: 3.61
batch elapsed: 3.51
batch elapsed: 3.54
batch elapsed: 3.56
batch elapsed: 3.55
batch elapsed: 3.56
batch elapsed: 3.47
batch elapsed: 3.39
batch elapsed: 3.55
batch elapsed: 3.63
batch elapsed: 3.58
batch elapsed: 3.50
batch elapsed: 3.54
batch elapsed: 3.54
batch elapsed: 3.53
batch elapsed: 3.37
batch elapsed: 3.54
batch elapsed: 3.56
batch elapsed: 3.51
batch elapsed: 3.55
batch elapsed: 3.54
batch elapsed: 3.52
batch elapsed: 3.55
batch elapsed: 3.56
batch elapsed: 3.58
batch elapsed: 3.53
batch elapsed: 3.53
batch elapsed: 3.54
batch elapsed: 3.53
batch elapsed: 3.57
batch elapsed: 3.55
batch elapsed: 3.55
batch elapsed: 3.54
batch elapsed: 3.55
batch elapsed: 3.56
batch elapsed: 3.55
batch elapsed: 3.56
batch elapsed: 3.49
batch elapsed: 3.47
batch elapsed: 3.55
batch elapsed: 3.57
batch elapsed: 3.57
batch elapsed: 3.53
batch elapsed: 3.54
batch elapsed: 3.53
batch elapsed: 3.56
batch elapsed: 3.57
batch elapsed: 3.60
batch elapsed: 3.49
batch elapsed: 3.57
batch elapsed: 3.55
batch elapsed: 3.56
batch elapsed: 3.52
batch elapsed: 3.54
batch elapsed: 3.53
batch elapsed: 3.57
batch elapsed: 3.56
batch elapsed: 3.59
batch elapsed: 3.62
batch elapsed: 3.56
batch elapsed: 3.55
batch elapsed: 3.50
batch elapsed: 3.41
batch elapsed: 3.51
batch elapsed: 3.53
batch elapsed: 3.54
batch elapsed: 3.55
batch elapsed: 3.55
batch elapsed: 3.54
batch elapsed: 3.58
batch elapsed: 3.46
batch elapsed: 3.56
batch elapsed: 3.57
batch elapsed: 3.52
batch elapsed: 3.55
batch elapsed: 3.58
batch elapsed: 3.52
batch elapsed: 3.64
batch elapsed: 3.54
batch elapsed: 3.57
batch elapsed: 3.58
batch elapsed: 3.56
batch elapsed: 3.53
batch elapsed: 3.57
batch elapsed: 3.54
batch elapsed: 3.59
batch elapsed: 3.65
batch elapsed: 3.54
batch elapsed: 3.55
batch elapsed: 3.53
batch elapsed: 3.56
batch elapsed: 3.56
batch elapsed: 3.54
batch elapsed: 3.54
batch elapsed: 3.57
batch elapsed: 3.52
batch elapsed: 3.59
batch elapsed: 3.57
batch elapsed: 3.56
batch elapsed: 3.51
batch elapsed: 3.54
batch elapsed: 3.54
batch elapsed: 3.49
batch elapsed: 3.59
batch elapsed: 3.59
batch elapsed: 3.55
batch elapsed: 3.56
batch elapsed: 3.57
batch elapsed: 3.56
batch elapsed: 3.56
batch elapsed: 3.58
batch elapsed: 3.58
batch elapsed: 3.55
batch elapsed: 3.53
batch elapsed: 3.55
batch elapsed: 3.52
batch elapsed: 3.54
batch elapsed: 3.54
batch elapsed: 3.53
batch elapsed: 3.52
batch elapsed: 3.55
batch elapsed: 3.53
batch elapsed: 3.55
batch elapsed: 3.60
batch elapsed: 3.54
batch elapsed: 3.54
batch elapsed: 3.52
batch elapsed: 3.52
batch elapsed: 3.57
batch elapsed: 3.54
batch elapsed: 3.55
batch elapsed: 3.56
batch elapsed: 3.54
batch elapsed: 3.53
batch elapsed: 3.54
batch elapsed: 3.52
batch elapsed: 3.36
batch elapsed: 3.57
batch elapsed: 3.56
batch elapsed: 3.53
batch elapsed: 3.52
batch elapsed: 3.56
batch elapsed: 3.55
batch elapsed: 3.52
batch elapsed: 3.53
batch elapsed: 3.56
batch elapsed: 3.53
batch elapsed: 3.53
batch elapsed: 3.55
batch elapsed: 3.54
batch elapsed: 3.54
batch elapsed: 3.52
batch elapsed: 3.54
batch elapsed: 3.51
batch elapsed: 3.55
batch elapsed: 3.57
batch elapsed: 3.54
batch elapsed: 3.48
batch elapsed: 3.44
batch elapsed: 3.54
batch elapsed: 3.51
batch elapsed: 3.53
batch elapsed: 3.52
batch elapsed: 3.54
batch elapsed: 3.52
batch elapsed: 3.57
batch elapsed: 3.56
batch elapsed: 3.55
batch elapsed: 3.57
batch elapsed: 3.57
batch elapsed: 3.56
batch elapsed: 3.56
batch elapsed: 3.59
batch elapsed: 3.53
batch elapsed: 3.52
batch elapsed: 3.60
batch elapsed: 3.54
batch elapsed: 3.58
batch elapsed: 3.56
batch elapsed: 3.58
batch elapsed: 3.54
batch elapsed: 3.56
batch elapsed: 3.58
batch elapsed: 3.58
batch elapsed: 3.52
batch elapsed: 3.59
batch elapsed: 3.55
batch elapsed: 3.56
batch elapsed: 3.51
batch elapsed: 3.57
batch elapsed: 3.57
batch elapsed: 3.51
batch elapsed: 3.62
batch elapsed: 3.57
batch elapsed: 3.58
batch elapsed: 3.54
batch elapsed: 3.52
batch elapsed: 3.55
batch elapsed: 3.53
batch elapsed: 3.58
batch elapsed: 3.48
batch elapsed: 3.39
batch elapsed: 3.56
batch elapsed: 3.53
batch elapsed: 3.39
batch elapsed: 3.54
batch elapsed: 3.46
batch elapsed: 3.50
batch elapsed: 3.55
batch elapsed: 3.54
batch elapsed: 3.53
batch elapsed: 3.55
batch elapsed: 3.51
batch elapsed: 3.54
batch elapsed: 3.55
batch elapsed: 3.50
batch elapsed: 3.52
batch elapsed: 3.58
batch elapsed: 3.51
batch elapsed: 3.50
batch elapsed: 3.55
batch elapsed: 3.57
batch elapsed: 3.54
batch elapsed: 3.49
batch elapsed: 3.54
batch elapsed: 3.54
batch elapsed: 3.56
batch elapsed: 3.52
batch elapsed: 3.51
batch elapsed: 3.59
batch elapsed: 3.52
batch elapsed: 3.50
batch elapsed: 3.44
batch elapsed: 3.57
batch elapsed: 3.61
batch elapsed: 3.56
batch elapsed: 3.55
batch elapsed: 3.48
batch elapsed: 3.51
batch elapsed: 3.45
batch elapsed: 3.55
batch elapsed: 3.54
batch elapsed: 3.56
batch elapsed: 3.52
batch elapsed: 3.53
batch elapsed: 3.57
batch elapsed: 3.51
batch elapsed: 3.51
batch elapsed: 3.28
batch elapsed: 3.52
batch elapsed: 3.56
batch elapsed: 3.57
batch elapsed: 3.55
batch elapsed: 3.55
batch elapsed: 3.50
batch elapsed: 3.53
batch elapsed: 3.57
batch elapsed: 3.53
batch elapsed: 3.55
batch elapsed: 3.57
batch elapsed: 3.55
batch elapsed: 3.58
batch elapsed: 3.53
batch elapsed: 3.50
batch elapsed: 3.55
batch elapsed: 3.55
batch elapsed: 3.56
batch elapsed: 3.54
batch elapsed: 3.57
batch elapsed: 3.62
batch elapsed: 3.55
batch elapsed: 3.49
batch elapsed: 3.57
batch elapsed: 3.54
batch elapsed: 3.58
batch elapsed: 3.55
batch elapsed: 3.58
batch elapsed: 3.49
batch elapsed: 3.54
batch elapsed: 3.48
batch elapsed: 3.51
batch elapsed: 3.54
batch elapsed: 3.54
batch elapsed: 3.52
batch elapsed: 3.46
batch elapsed: 3.54
batch elapsed: 3.55
batch elapsed: 3.52
batch elapsed: 3.55
batch elapsed: 3.56
batch elapsed: 3.56
batch elapsed: 3.53
batch elapsed: 3.50
batch elapsed: 3.52
batch elapsed: 3.54
batch elapsed: 3.55
batch elapsed: 3.58
batch elapsed: 3.52
batch elapsed: 3.71
batch elapsed: 3.52
batch elapsed: 3.45
batch elapsed: 3.54
batch elapsed: 3.50
batch elapsed: 3.55
batch elapsed: 3.49
batch elapsed: 3.55
batch elapsed: 3.50
batch elapsed: 3.55
batch elapsed: 3.55
batch elapsed: 3.51
batch elapsed: 3.53
batch elapsed: 3.58
batch elapsed: 3.50
batch elapsed: 3.53
batch elapsed: 3.51
batch elapsed: 3.53
batch elapsed: 3.53
batch elapsed: 3.56
batch elapsed: 3.51
batch elapsed: 3.54
batch elapsed: 3.58
batch elapsed: 3.55
batch elapsed: 3.57
batch elapsed: 3.55
batch elapsed: 3.58
batch elapsed: 3.56
batch elapsed: 3.52
batch elapsed: 3.61
batch elapsed: 3.55
batch elapsed: 3.56
batch elapsed: 3.57
batch elapsed: 3.59
batch elapsed: 3.59
batch elapsed: 3.58
batch elapsed: 3.56
batch elapsed: 3.55
batch elapsed: 3.57
batch elapsed: 3.52
batch elapsed: 3.56
batch elapsed: 3.56
batch elapsed: 3.56
batch elapsed: 3.51
batch elapsed: 3.58
batch elapsed: 3.56
batch elapsed: 3.54
batch elapsed: 3.54
batch elapsed: 3.56
batch elapsed: 3.54
batch elapsed: 3.52
batch elapsed: 3.56
batch elapsed: 3.55
batch elapsed: 3.55
batch elapsed: 3.52
batch elapsed: 3.54
batch elapsed: 3.49
batch elapsed: 3.50
batch elapsed: 3.56
batch elapsed: 3.56
batch elapsed: 3.55
batch elapsed: 3.55
batch elapsed: 3.53
batch elapsed: 3.55
batch elapsed: 3.53
batch elapsed: 3.50
batch elapsed: 3.56
batch elapsed: 3.53
batch elapsed: 3.54
batch elapsed: 3.64
batch elapsed: 3.53
batch elapsed: 3.55
batch elapsed: 3.56
batch elapsed: 3.56
batch elapsed: 3.55
batch elapsed: 3.55
batch elapsed: 3.51
batch elapsed: 3.54
batch elapsed: 3.58
batch elapsed: 3.63
batch elapsed: 3.49
batch elapsed: 3.52
batch elapsed: 3.41
batch elapsed: 3.51
batch elapsed: 3.52
batch elapsed: 3.56
batch elapsed: 3.53
batch elapsed: 3.53
batch elapsed: 3.55
batch elapsed: 3.56
batch elapsed: 3.58
batch elapsed: 3.56
batch elapsed: 3.55
batch elapsed: 3.55
batch elapsed: 3.57
batch elapsed: 3.57
batch elapsed: 3.56
batch elapsed: 3.53
batch elapsed: 3.54
batch elapsed: 3.51
batch elapsed: 3.56
batch elapsed: 3.55
batch elapsed: 3.58
batch elapsed: 3.61
batch elapsed: 3.38
batch elapsed: 3.32
batch elapsed: 3.58
batch elapsed: 3.55
batch elapsed: 3.52
batch elapsed: 3.56
batch elapsed: 3.58
batch elapsed: 3.60
batch elapsed: 3.49
batch elapsed: 3.58
batch elapsed: 3.56
batch elapsed: 3.54
batch elapsed: 3.56
batch elapsed: 3.56
batch elapsed: 3.53
batch elapsed: 3.55
batch elapsed: 3.63
batch elapsed: 3.58
batch elapsed: 3.49
batch elapsed: 3.55
batch elapsed: 3.53
batch elapsed: 3.53
batch elapsed: 3.61
batch elapsed: 3.54
batch elapsed: 3.55
batch elapsed: 3.52
batch elapsed: 3.60
batch elapsed: 3.54
batch elapsed: 3.57
batch elapsed: 3.55
batch elapsed: 3.57
batch elapsed: 3.60
batch elapsed: 3.58
batch elapsed: 3.53
batch elapsed: 3.54
batch elapsed: 3.52
batch elapsed: 3.58
batch elapsed: 3.54
batch elapsed: 3.54
batch elapsed: 3.55
batch elapsed: 3.55
batch elapsed: 3.54
batch elapsed: 3.56
batch elapsed: 3.55
batch elapsed: 3.52
batch elapsed: 3.57
batch elapsed: 3.55
batch elapsed: 3.55
batch elapsed: 3.56
batch elapsed: 3.54
batch elapsed: 3.56
batch elapsed: 3.56
batch elapsed: 3.55
batch elapsed: 3.59
batch elapsed: 3.58
batch elapsed: 3.50
batch elapsed: 3.55
batch elapsed: 3.51
batch elapsed: 3.57
batch elapsed: 3.56
batch elapsed: 3.54
batch elapsed: 3.54
batch elapsed: 3.58
batch elapsed: 3.57
batch elapsed: 3.59
batch elapsed: 3.56
batch elapsed: 3.57
batch elapsed: 3.53
batch elapsed: 3.48
batch elapsed: 3.40
batch elapsed: 3.49
batch elapsed: 3.53
batch elapsed: 3.54
batch elapsed: 3.56
batch elapsed: 3.53
batch elapsed: 3.57
batch elapsed: 3.55
batch elapsed: 3.55
batch elapsed: 3.55
batch elapsed: 3.58
batch elapsed: 3.57
batch elapsed: 3.55
batch elapsed: 3.57
batch elapsed: 3.54
batch elapsed: 3.61
batch elapsed: 3.56
batch elapsed: 3.58
batch elapsed: 3.57
batch elapsed: 3.54
batch elapsed: 3.55
batch elapsed: 3.56
batch elapsed: 3.55
batch elapsed: 3.59
batch elapsed: 3.64
batch elapsed: 3.61
batch elapsed: 3.54
batch elapsed: 3.54
batch elapsed: 3.57
batch elapsed: 3.55
batch elapsed: 3.47
batch elapsed: 3.54
batch elapsed: 3.56
batch elapsed: 3.53
batch elapsed: 3.55
batch elapsed: 3.57
batch elapsed: 3.54
batch elapsed: 3.53
batch elapsed: 3.53
batch elapsed: 3.53
batch elapsed: 3.57
batch elapsed: 3.58
batch elapsed: 3.58
batch elapsed: 3.55
batch elapsed: 3.56
batch elapsed: 3.57
batch elapsed: 3.57
batch elapsed: 3.54
batch elapsed: 3.50
batch elapsed: 3.49
batch elapsed: 3.55
batch elapsed: 3.53
batch elapsed: 3.54
batch elapsed: 3.53
batch elapsed: 3.44
batch elapsed: 3.52
batch elapsed: 3.54
batch elapsed: 3.53
batch elapsed: 3.55
batch elapsed: 3.54
batch elapsed: 3.56
batch elapsed: 3.57
batch elapsed: 3.56
batch elapsed: 3.53
batch elapsed: 3.52
batch elapsed: 3.54
batch elapsed: 3.52
batch elapsed: 3.53
batch elapsed: 3.57
batch elapsed: 3.54
batch elapsed: 3.50
batch elapsed: 3.53
batch elapsed: 3.55
batch elapsed: 3.51
batch elapsed: 3.53
batch elapsed: 3.56
batch elapsed: 3.54
batch elapsed: 3.48
batch elapsed: 3.53
batch elapsed: 3.56
batch elapsed: 3.54
batch elapsed: 3.54
batch elapsed: 3.54
batch elapsed: 3.54
batch elapsed: 3.58
batch elapsed: 3.54
batch elapsed: 3.42
batch elapsed: 3.56
batch elapsed: 3.47
batch elapsed: 3.52
batch elapsed: 3.53
batch elapsed: 3.49
batch elapsed: 3.57
batch elapsed: 3.56
batch elapsed: 3.52
batch elapsed: 3.49
batch elapsed: 3.51
batch elapsed: 3.54
batch elapsed: 3.51
batch elapsed: 3.52
batch elapsed: 3.52
batch elapsed: 3.53
batch elapsed: 3.54
batch elapsed: 3.51
batch elapsed: 3.51
batch elapsed: 3.56
batch elapsed: 3.57
batch elapsed: 3.55
batch elapsed: 3.55
batch elapsed: 3.56
batch elapsed: 3.55
batch elapsed: 3.54
batch elapsed: 3.51
batch elapsed: 3.55
batch elapsed: 3.53
batch elapsed: 3.57
batch elapsed: 3.59
batch elapsed: 3.58
batch elapsed: 3.60
batch elapsed: 3.56
batch elapsed: 3.58
batch elapsed: 3.56
batch elapsed: 3.51
batch elapsed: 3.55
batch elapsed: 3.56
batch elapsed: 3.57
batch elapsed: 3.49
batch elapsed: 3.59
batch elapsed: 3.56
batch elapsed: 3.47
batch elapsed: 3.67
batch elapsed: 3.57
batch elapsed: 3.57
batch elapsed: 3.53
batch elapsed: 3.51
batch elapsed: 3.52
batch elapsed: 3.52
batch elapsed: 3.54
batch elapsed: 3.56
batch elapsed: 3.25
batch elapsed: 3.57
batch elapsed: 3.54
batch elapsed: 3.46
batch elapsed: 3.53
batch elapsed: 3.51
batch elapsed: 3.51
batch elapsed: 3.54
batch elapsed: 3.54
batch elapsed: 3.53
batch elapsed: 3.55
batch elapsed: 3.51
batch elapsed: 3.55
batch elapsed: 3.55
batch elapsed: 3.54
batch elapsed: 3.54
batch elapsed: 3.58
batch elapsed: 3.56
batch elapsed: 3.49
batch elapsed: 3.55
batch elapsed: 3.56
batch elapsed: 3.54
batch elapsed: 3.55
batch elapsed: 3.48
batch elapsed: 3.54
batch elapsed: 3.57
batch elapsed: 3.52
batch elapsed: 3.56
batch elapsed: 3.57
batch elapsed: 3.52
batch elapsed: 3.53
batch elapsed: 3.55
batch elapsed: 3.56
batch elapsed: 3.60
batch elapsed: 3.56
batch elapsed: 3.53
batch elapsed: 3.49
batch elapsed: 3.54
batch elapsed: 3.48
batch elapsed: 3.55
batch elapsed: 3.56
batch elapsed: 3.55
batch elapsed: 3.49
batch elapsed: 3.57
batch elapsed: 3.55
batch elapsed: 3.51
batch elapsed: 3.53
batch elapsed: 3.54
batch elapsed: 3.54
batch elapsed: 3.54
batch elapsed: 3.51
batch elapsed: 3.57
batch elapsed: 3.60
batch elapsed: 3.54
batch elapsed: 3.58
batch elapsed: 3.53
batch elapsed: 3.56
batch elapsed: 3.55
batch elapsed: 3.54
batch elapsed: 3.58
batch elapsed: 3.50
batch elapsed: 3.53
batch elapsed: 3.51
batch elapsed: 3.54
batch elapsed: 3.55
batch elapsed: 3.56
batch elapsed: 3.54
batch elapsed: 3.59
batch elapsed: 3.56
batch elapsed: 3.54
batch elapsed: 3.48
batch elapsed: 3.58
batch elapsed: 3.55
batch elapsed: 3.59
batch elapsed: 3.54
batch elapsed: 3.63
batch elapsed: 3.56
batch elapsed: 3.57
batch elapsed: 3.56
batch elapsed: 3.53
batch elapsed: 3.51
batch elapsed: 3.58
batch elapsed: 3.47
batch elapsed: 3.38
batch elapsed: 3.41
batch elapsed: 3.55
batch elapsed: 3.48
batch elapsed: 3.53
batch elapsed: 3.58
batch elapsed: 3.55
batch elapsed: 3.53
batch elapsed: 3.50
batch elapsed: 3.49
batch elapsed: 3.56
batch elapsed: 3.56
batch elapsed: 3.57
batch elapsed: 3.50
batch elapsed: 3.64
batch elapsed: 3.58
batch elapsed: 3.43
batch elapsed: 3.49
batch elapsed: 3.52
batch elapsed: 3.54
batch elapsed: 3.48
batch elapsed: 3.56
batch elapsed: 3.50
batch elapsed: 3.56
batch elapsed: 3.55
batch elapsed: 3.57
batch elapsed: 3.53
batch elapsed: 3.55
batch elapsed: 3.52
batch elapsed: 3.54
batch elapsed: 3.51
batch elapsed: 3.54
batch elapsed: 3.53
batch elapsed: 3.56
batch elapsed: 3.57
batch elapsed: 3.54
batch elapsed: 3.58
batch elapsed: 3.55
batch elapsed: 3.55
batch elapsed: 3.56
batch elapsed: 3.57
batch elapsed: 3.57
batch elapsed: 3.51
batch elapsed: 3.60
batch elapsed: 3.56
batch elapsed: 3.55
batch elapsed: 3.58
batch elapsed: 3.61
batch elapsed: 3.56
batch elapsed: 3.59
batch elapsed: 3.55
batch elapsed: 3.57
batch elapsed: 3.55
batch elapsed: 3.53
batch elapsed: 3.56
batch elapsed: 3.55
batch elapsed: 3.56
batch elapsed: 3.53
batch elapsed: 3.57
batch elapsed: 3.55
batch elapsed: 3.55
batch elapsed: 3.47
batch elapsed: 3.46
batch elapsed: 3.55
batch elapsed: 3.50
batch elapsed: 3.56
batch elapsed: 3.57
batch elapsed: 3.55
batch elapsed: 3.53
batch elapsed: 3.56
batch elapsed: 3.49
batch elapsed: 3.53
batch elapsed: 3.56
batch elapsed: 3.56
batch elapsed: 3.54
batch elapsed: 3.57
batch elapsed: 3.52
batch elapsed: 3.55
batch elapsed: 3.59
batch elapsed: 3.51
batch elapsed: 3.56
batch elapsed: 3.52
batch elapsed: 3.53
batch elapsed: 3.53
batch elapsed: 3.54
batch elapsed: 3.54
batch elapsed: 3.51
batch elapsed: 3.57
batch elapsed: 3.55
batch elapsed: 3.50
batch elapsed: 3.50
batch elapsed: 3.55
batch elapsed: 3.57
batch elapsed: 3.43
batch elapsed: 3.50
batch elapsed: 3.52
batch elapsed: 3.51
batch elapsed: 3.53
batch elapsed: 3.52
batch elapsed: 3.55
batch elapsed: 3.53
batch elapsed: 3.53
batch elapsed: 3.55
batch elapsed: 3.55
batch elapsed: 3.58
batch elapsed: 3.37
batch elapsed: 3.57
batch elapsed: 3.55
batch elapsed: 3.57
batch elapsed: 3.56
batch elapsed: 3.55
batch elapsed: 3.54
batch elapsed: 3.54
batch elapsed: 3.53
batch elapsed: 3.56
batch elapsed: 3.55
batch elapsed: 3.57
batch elapsed: 3.56
batch elapsed: 3.45
batch elapsed: 3.59
batch elapsed: 3.52
batch elapsed: 3.54
batch elapsed: 3.52
batch elapsed: 3.54
batch elapsed: 3.58
batch elapsed: 3.61
batch elapsed: 3.52
batch elapsed: 3.54
batch elapsed: 3.57
batch elapsed: 3.53
batch elapsed: 3.57
batch elapsed: 3.55
batch elapsed: 3.44
batch elapsed: 3.54
batch elapsed: 3.67
batch elapsed: 3.60
batch elapsed: 3.49
batch elapsed: 3.54
batch elapsed: 3.54
batch elapsed: 3.53
batch elapsed: 3.65
batch elapsed: 3.54
batch elapsed: 3.55
batch elapsed: 3.53
batch elapsed: 3.54
batch elapsed: 3.55
batch elapsed: 3.28
batch elapsed: 3.45
batch elapsed: 3.56
batch elapsed: 3.60
batch elapsed: 3.58
batch elapsed: 3.60
batch elapsed: 3.54
batch elapsed: 3.53
batch elapsed: 3.55
batch elapsed: 3.56
batch elapsed: 3.55
batch elapsed: 3.53
batch elapsed: 3.57
batch elapsed: 3.60
batch elapsed: 3.54
batch elapsed: 3.57
batch elapsed: 3.43
batch elapsed: 3.54
batch elapsed: 3.56
batch elapsed: 3.56
batch elapsed: 3.55
batch elapsed: 3.54
batch elapsed: 3.54
batch elapsed: 3.52
batch elapsed: 3.55
batch elapsed: 3.58
batch elapsed: 3.37
batch elapsed: 3.50
batch elapsed: 3.56
batch elapsed: 3.55
batch elapsed: 3.41
batch elapsed: 3.29
batch elapsed: 3.54
batch elapsed: 3.53
batch elapsed: 3.57
batch elapsed: 3.56
batch elapsed: 3.59
batch elapsed: 3.58
batch elapsed: 3.56
batch elapsed: 3.55
batch elapsed: 3.52
batch elapsed: 3.44
batch elapsed: 3.43
batch elapsed: 3.52
batch elapsed: 3.53
batch elapsed: 3.56
batch elapsed: 3.55
batch elapsed: 3.59
batch elapsed: 3.59
batch elapsed: 3.58
batch elapsed: 3.54
batch elapsed: 3.58
batch elapsed: 3.58
batch elapsed: 3.55
batch elapsed: 3.56
batch elapsed: 3.53
batch elapsed: 3.58
batch elapsed: 3.54
batch elapsed: 3.57
batch elapsed: 3.59
batch elapsed: 3.55
batch elapsed: 3.54
batch elapsed: 3.56
batch elapsed: 3.62
batch elapsed: 3.62
batch elapsed: 3.55
batch elapsed: 3.48
batch elapsed: 3.55
batch elapsed: 3.53
batch elapsed: 3.57
batch elapsed: 3.59
batch elapsed: 3.62
batch elapsed: 3.59
batch elapsed: 3.55
batch elapsed: 3.53
batch elapsed: 3.55
batch elapsed: 3.56
batch elapsed: 3.56
batch elapsed: 3.55
batch elapsed: 3.56
batch elapsed: 3.59
batch elapsed: 3.55
batch elapsed: 3.57
batch elapsed: 3.59
batch elapsed: 3.55
batch elapsed: 3.57
batch elapsed: 3.55
batch elapsed: 3.56
batch elapsed: 3.56
batch elapsed: 3.52
batch elapsed: 3.53
batch elapsed: 3.55
batch elapsed: 3.53
batch elapsed: 3.50
batch elapsed: 3.52
batch elapsed: 3.54
batch elapsed: 3.53
batch elapsed: 3.55
batch elapsed: 3.53
batch elapsed: 3.55
batch elapsed: 3.53
batch elapsed: 3.55
batch elapsed: 3.59
batch elapsed: 3.57
batch elapsed: 3.57
batch elapsed: 3.53
batch elapsed: 3.52
batch elapsed: 3.58
batch elapsed: 3.53
batch elapsed: 3.56
batch elapsed: 3.54
batch elapsed: 3.59
batch elapsed: 3.54
batch elapsed: 3.55
batch elapsed: 3.51
batch elapsed: 3.60
batch elapsed: 3.56
batch elapsed: 3.57
batch elapsed: 3.53
batch elapsed: 3.53
batch elapsed: 3.56
batch elapsed: 3.56
batch elapsed: 3.52
batch elapsed: 3.52
batch elapsed: 3.55
batch elapsed: 3.54
batch elapsed: 3.54
batch elapsed: 3.59
batch elapsed: 3.54
batch elapsed: 3.59
batch elapsed: 3.53
batch elapsed: 3.54
batch elapsed: 3.54
batch elapsed: 3.56
batch elapsed: 3.56
batch elapsed: 3.52
batch elapsed: 3.50
batch elapsed: 3.50
batch elapsed: 3.55
batch elapsed: 3.52
batch elapsed: 3.53
batch elapsed: 3.50
batch elapsed: 3.54
batch elapsed: 3.54
batch elapsed: 3.56
batch elapsed: 3.57
batch elapsed: 3.57
batch elapsed: 3.56
batch elapsed: 3.54
batch elapsed: 3.57
batch elapsed: 3.55
batch elapsed: 3.60
batch elapsed: 3.55
batch elapsed: 3.57
batch elapsed: 3.54
batch elapsed: 3.54
batch elapsed: 3.57
batch elapsed: 3.58
batch elapsed: 3.59
batch elapsed: 3.54
batch elapsed: 3.55
batch elapsed: 3.57
batch elapsed: 3.58
batch elapsed: 3.53
batch elapsed: 3.48
batch elapsed: 3.55
batch elapsed: 3.57
batch elapsed: 3.50
batch elapsed: 3.59
batch elapsed: 3.56
batch elapsed: 3.55
batch elapsed: 3.65
batch elapsed: 3.58
batch elapsed: 3.58
batch elapsed: 3.57
batch elapsed: 3.52
batch elapsed: 3.50
batch elapsed: 3.52
batch elapsed: 3.55
batch elapsed: 3.59
batch elapsed: 3.62
batch elapsed: 3.55
batch elapsed: 3.53
batch elapsed: 3.51
batch elapsed: 3.55
batch elapsed: 3.49
batch elapsed: 3.52
batch elapsed: 3.55
batch elapsed: 3.52
batch elapsed: 3.53
batch elapsed: 3.55
batch elapsed: 3.52
batch elapsed: 3.54
batch elapsed: 3.56
batch elapsed: 3.56
batch elapsed: 3.52
batch elapsed: 3.59
batch elapsed: 3.55
batch elapsed: 3.49
batch elapsed: 3.55
batch elapsed: 3.56
batch elapsed: 3.54
batch elapsed: 3.55
batch elapsed: 3.54
batch elapsed: 3.53
batch elapsed: 3.57
batch elapsed: 3.51
batch elapsed: 3.58
batch elapsed: 3.57
batch elapsed: 3.52
batch elapsed: 3.54
batch elapsed: 3.59
batch elapsed: 3.56
batch elapsed: 3.61
batch elapsed: 3.56
batch elapsed: 3.52
batch elapsed: 3.50
batch elapsed: 3.52
batch elapsed: 3.50
batch elapsed: 3.52
batch elapsed: 3.51
batch elapsed: 3.56
batch elapsed: 3.52
batch elapsed: 3.59
batch elapsed: 3.55
batch elapsed: 3.52
batch elapsed: 3.52
batch elapsed: 3.56
batch elapsed: 3.51
batch elapsed: 3.54
batch elapsed: 3.51
batch elapsed: 3.57
batch elapsed: 3.55
batch elapsed: 3.54
batch elapsed: 3.60
batch elapsed: 3.52
batch elapsed: 3.55
batch elapsed: 3.55
batch elapsed: 3.54
batch elapsed: 3.59
batch elapsed: 3.51
batch elapsed: 3.52
batch elapsed: 3.51
batch elapsed: 3.53
batch elapsed: 3.56
batch elapsed: 3.57
batch elapsed: 3.54
batch elapsed: 3.64
batch elapsed: 3.55
batch elapsed: 3.54
batch elapsed: 3.49
batch elapsed: 3.52
batch elapsed: 3.55
batch elapsed: 3.59
batch elapsed: 3.54
batch elapsed: 3.60
batch elapsed: 3.53
batch elapsed: 3.57
batch elapsed: 3.56
batch elapsed: 3.52
batch elapsed: 3.57
batch elapsed: 3.57
batch elapsed: 3.49
batch elapsed: 3.52
batch elapsed: 3.54
batch elapsed: 3.54
batch elapsed: 3.54
batch elapsed: 3.51
batch elapsed: 3.55
batch elapsed: 3.55
batch elapsed: 3.52
batch elapsed: 3.52
batch elapsed: 3.48
batch elapsed: 3.58
batch elapsed: 3.55
batch elapsed: 3.56
batch elapsed: 3.51
batch elapsed: 3.72
batch elapsed: 3.51
batch elapsed: 3.45
batch elapsed: 3.52
batch elapsed: 3.53
batch elapsed: 3.49
batch elapsed: 3.49
batch elapsed: 3.57
batch elapsed: 3.53
batch elapsed: 3.56
batch elapsed: 3.56
batch elapsed: 3.54
batch elapsed: 3.59
batch elapsed: 3.57
batch elapsed: 3.52
batch elapsed: 3.54
batch elapsed: 3.58
batch elapsed: 3.56
batch elapsed: 3.53
batch elapsed: 3.56
batch elapsed: 3.57
batch elapsed: 3.54
batch elapsed: 3.56
batch elapsed: 3.51
batch elapsed: 3.36
batch elapsed: 3.46
batch elapsed: 3.58
batch elapsed: 3.57
batch elapsed: 3.52
batch elapsed: 3.61
batch elapsed: 3.53
batch elapsed: 3.34
batch elapsed: 3.58
batch elapsed: 3.58
batch elapsed: 3.55
batch elapsed: 3.58
batch elapsed: 3.56
batch elapsed: 3.55
batch elapsed: 3.57
batch elapsed: 3.53
batch elapsed: 3.55
batch elapsed: 3.55
batch elapsed: 3.56
batch elapsed: 3.58
batch elapsed: 3.45
batch elapsed: 3.54
batch elapsed: 3.56
batch elapsed: 3.53
batch elapsed: 3.47
batch elapsed: 3.53
batch elapsed: 3.52
batch elapsed: 3.56
batch elapsed: 3.57
batch elapsed: 3.54
batch elapsed: 3.52
batch elapsed: 3.54
batch elapsed: 3.44
batch elapsed: 3.51
batch elapsed: 3.56
batch elapsed: 3.56
batch elapsed: 3.58
batch elapsed: 3.58
batch elapsed: 3.54
batch elapsed: 3.56
batch elapsed: 3.54
batch elapsed: 3.56
batch elapsed: 3.55
batch elapsed: 3.51
batch elapsed: 3.55
batch elapsed: 3.65
batch elapsed: 3.53
batch elapsed: 3.60
batch elapsed: 3.51
batch elapsed: 3.57
batch elapsed: 3.55
batch elapsed: 3.55
batch elapsed: 3.51
batch elapsed: 3.55
batch elapsed: 3.57
batch elapsed: 3.58
batch elapsed: 3.49
batch elapsed: 3.54
batch elapsed: 3.52
batch elapsed: 3.51
batch elapsed: 3.53
batch elapsed: 3.38
batch elapsed: 3.53
batch elapsed: 3.53
batch elapsed: 3.49
batch elapsed: 3.55
batch elapsed: 3.59
batch elapsed: 3.49
batch elapsed: 3.56
batch elapsed: 3.55
batch elapsed: 3.57
batch elapsed: 3.56
batch elapsed: 3.56
batch elapsed: 3.54
batch elapsed: 3.54
batch elapsed: 3.52
batch elapsed: 3.56
batch elapsed: 3.54
batch elapsed: 3.59
batch elapsed: 3.55
batch elapsed: 3.52
batch elapsed: 3.58
batch elapsed: 3.53
batch elapsed: 3.53
batch elapsed: 3.52
batch elapsed: 3.60
batch elapsed: 3.58
batch elapsed: 3.60
batch elapsed: 3.52
batch elapsed: 3.56
batch elapsed: 3.54
batch elapsed: 3.56
batch elapsed: 3.55
batch elapsed: 3.60
batch elapsed: 3.54
batch elapsed: 3.51
batch elapsed: 3.62
batch elapsed: 3.56
batch elapsed: 3.51
batch elapsed: 3.53
batch elapsed: 3.55
batch elapsed: 3.53
batch elapsed: 3.61
batch elapsed: 3.55
batch elapsed: 3.56
batch elapsed: 3.57
batch elapsed: 3.55
batch elapsed: 3.54
batch elapsed: 3.51
batch elapsed: 3.55
batch elapsed: 3.57
batch elapsed: 3.59
batch elapsed: 3.53
batch elapsed: 3.53
batch elapsed: 3.54
batch elapsed: 3.53
batch elapsed: 3.58
batch elapsed: 3.54
batch elapsed: 3.56
batch elapsed: 3.54
batch elapsed: 3.53
batch elapsed: 3.49
batch elapsed: 3.57
batch elapsed: 3.56
batch elapsed: 3.55
batch elapsed: 3.54
batch elapsed: 3.55
batch elapsed: 3.55
batch elapsed: 3.54
batch elapsed: 3.54
batch elapsed: 3.46
batch elapsed: 3.56
batch elapsed: 3.55
batch elapsed: 3.65
batch elapsed: 3.59
batch elapsed: 3.55
batch elapsed: 3.57
batch elapsed: 3.55
batch elapsed: 3.59
batch elapsed: 3.59
batch elapsed: 3.53
batch elapsed: 3.54
batch elapsed: 3.56
batch elapsed: 3.58
batch elapsed: 3.59
batch elapsed: 3.56
batch elapsed: 3.55
batch elapsed: 3.57
batch elapsed: 3.50
batch elapsed: 3.40
batch elapsed: 3.51
batch elapsed: 3.52
batch elapsed: 3.53
batch elapsed: 3.57
batch elapsed: 3.51
batch elapsed: 3.59
batch elapsed: 3.55
batch elapsed: 3.48
batch elapsed: 3.57
batch elapsed: 3.56
batch elapsed: 3.57
batch elapsed: 3.56
batch elapsed: 3.57
batch elapsed: 3.53
batch elapsed: 3.56
batch elapsed: 3.56
batch elapsed: 3.56
batch elapsed: 3.58
batch elapsed: 3.54
batch elapsed: 3.55
batch elapsed: 3.56
batch elapsed: 3.55
batch elapsed: 3.58
batch elapsed: 3.53
batch elapsed: 3.54
batch elapsed: 3.55
batch elapsed: 3.55
batch elapsed: 3.57
batch elapsed: 3.61
batch elapsed: 3.53
batch elapsed: 3.54
batch elapsed: 3.57
batch elapsed: 3.57
batch elapsed: 3.60
batch elapsed: 3.58
batch elapsed: 3.55
batch elapsed: 3.57
batch elapsed: 3.54
batch elapsed: 3.59
batch elapsed: 3.56
batch elapsed: 3.58
batch elapsed: 3.59
batch elapsed: 3.56
batch elapsed: 3.55
batch elapsed: 3.55
batch elapsed: 3.59
batch elapsed: 3.58
batch elapsed: 3.51
batch elapsed: 3.55
batch elapsed: 3.55
batch elapsed: 3.53
batch elapsed: 3.54
batch elapsed: 3.54
batch elapsed: 3.55
batch elapsed: 3.53
batch elapsed: 3.52
batch elapsed: 3.55
batch elapsed: 3.54
batch elapsed: 3.59
batch elapsed: 3.57
batch elapsed: 3.57
batch elapsed: 3.54
batch elapsed: 3.54
batch elapsed: 3.51
batch elapsed: 3.53
batch elapsed: 3.54
batch elapsed: 3.53
batch elapsed: 3.57
batch elapsed: 3.45
batch elapsed: 3.51
batch elapsed: 3.55
batch elapsed: 3.55
batch elapsed: 3.54
batch elapsed: 3.56
batch elapsed: 3.57
batch elapsed: 3.53
batch elapsed: 3.54
batch elapsed: 3.54
batch elapsed: 3.54
batch elapsed: 3.56
batch elapsed: 3.53
batch elapsed: 3.53
batch elapsed: 3.53
batch elapsed: 3.55
batch elapsed: 3.53
batch elapsed: 3.54
batch elapsed: 3.56
batch elapsed: 3.54
batch elapsed: 3.51
batch elapsed: 3.54
batch elapsed: 3.52
batch elapsed: 3.56
batch elapsed: 3.55
batch elapsed: 3.52
batch elapsed: 3.50
batch elapsed: 3.52
batch elapsed: 3.54
batch elapsed: 3.57
batch elapsed: 3.51
batch elapsed: 3.54
batch elapsed: 3.52
batch elapsed: 3.54
batch elapsed: 3.60
batch elapsed: 3.56
batch elapsed: 3.54
batch elapsed: 3.56
batch elapsed: 3.56
batch elapsed: 3.59
batch elapsed: 3.52
batch elapsed: 3.55
batch elapsed: 3.54
batch elapsed: 3.45
batch elapsed: 3.55
batch elapsed: 3.54
batch elapsed: 3.57
batch elapsed: 3.59
batch elapsed: 3.57
batch elapsed: 3.55
batch elapsed: 3.57
batch elapsed: 3.57
batch elapsed: 3.55
batch elapsed: 3.53
batch elapsed: 3.54
batch elapsed: 3.55
batch elapsed: 3.58
batch elapsed: 3.51
batch elapsed: 3.58
batch elapsed: 3.50
batch elapsed: 3.29
batch elapsed: 3.35
batch elapsed: 3.58
batch elapsed: 3.51
batch elapsed: 3.54
batch elapsed: 3.52
batch elapsed: 3.51
batch elapsed: 3.50
batch elapsed: 3.56
batch elapsed: 3.57
batch elapsed: 3.54
batch elapsed: 3.57
batch elapsed: 3.52
batch elapsed: 3.45
batch elapsed: 3.53
batch elapsed: 3.44
batch elapsed: 3.54
batch elapsed: 3.55
batch elapsed: 3.53
batch elapsed: 3.53
batch elapsed: 3.55
batch elapsed: 3.51
batch elapsed: 3.54
batch elapsed: 3.56
batch elapsed: 3.55
batch elapsed: 3.54
batch elapsed: 3.56
batch elapsed: 3.56
batch elapsed: 3.49
batch elapsed: 3.56
batch elapsed: 3.55
batch elapsed: 3.55
batch elapsed: 3.56
batch elapsed: 3.53
batch elapsed: 3.54
batch elapsed: 3.57
batch elapsed: 3.51
batch elapsed: 3.58
batch elapsed: 3.62
batch elapsed: 3.52
batch elapsed: 3.63
batch elapsed: 3.56
batch elapsed: 3.56
batch elapsed: 3.61
batch elapsed: 3.57
batch elapsed: 3.51
batch elapsed: 3.51
batch elapsed: 3.51
batch elapsed: 3.50
batch elapsed: 3.55
batch elapsed: 3.55
batch elapsed: 3.54
batch elapsed: 3.50
batch elapsed: 3.58
batch elapsed: 3.53
batch elapsed: 3.54
batch elapsed: 3.56
batch elapsed: 3.55
batch elapsed: 3.52
batch elapsed: 3.55
batch elapsed: 3.54
batch elapsed: 3.57
batch elapsed: 3.54
batch elapsed: 3.54
batch elapsed: 3.59
batch elapsed: 3.54
batch elapsed: 3.56
batch elapsed: 3.49
batch elapsed: 3.54
batch elapsed: 3.58
batch elapsed: 3.50
batch elapsed: 3.47
batch elapsed: 3.52
batch elapsed: 3.53
batch elapsed: 3.57
batch elapsed: 3.55
batch elapsed: 3.56
batch elapsed: 3.57
batch elapsed: 3.55
batch elapsed: 3.54
batch elapsed: 3.49
batch elapsed: 3.58
batch elapsed: 3.55
batch elapsed: 3.59
batch elapsed: 3.53
batch elapsed: 3.50
batch elapsed: 3.53
batch elapsed: 3.56
batch elapsed: 3.49
batch elapsed: 3.54
batch elapsed: 3.53
batch elapsed: 3.56
batch elapsed: 3.48
batch elapsed: 3.52
batch elapsed: 3.49
batch elapsed: 3.54
batch elapsed: 3.54
batch elapsed: 3.52
batch elapsed: 3.51
batch elapsed: 3.53
batch elapsed: 3.52
batch elapsed: 3.51
batch elapsed: 3.49
batch elapsed: 3.56
batch elapsed: 3.57
batch elapsed: 3.53
batch elapsed: 3.53
batch elapsed: 3.65
batch elapsed: 3.53
batch elapsed: 3.45
batch elapsed: 3.54
batch elapsed: 3.51
batch elapsed: 3.54
batch elapsed: 3.48
batch elapsed: 3.55
batch elapsed: 3.44
batch elapsed: 3.57
batch elapsed: 3.54
batch elapsed: 3.57
batch elapsed: 3.54
batch elapsed: 3.57
batch elapsed: 3.50
batch elapsed: 3.54
batch elapsed: 3.51
batch elapsed: 3.54
batch elapsed: 3.53
batch elapsed: 3.55
batch elapsed: 3.57
batch elapsed: 3.53
batch elapsed: 3.58
batch elapsed: 3.54
batch elapsed: 3.50
batch elapsed: 3.52
batch elapsed: 3.57
batch elapsed: 3.57
batch elapsed: 3.50
batch elapsed: 3.60
batch elapsed: 3.57
batch elapsed: 3.54
batch elapsed: 3.58
batch elapsed: 3.54
batch elapsed: 3.53
batch elapsed: 3.58
batch elapsed: 3.56
batch elapsed: 3.54
batch elapsed: 3.59
batch elapsed: 3.50
batch elapsed: 3.56
batch elapsed: 3.57
batch elapsed: 3.55
batch elapsed: 3.54
batch elapsed: 3.57
batch elapsed: 3.55
batch elapsed: 3.55
batch elapsed: 3.54
batch elapsed: 3.67
batch elapsed: 3.54
batch elapsed: 3.51
batch elapsed: 3.57
batch elapsed: 3.55
batch elapsed: 3.54
batch elapsed: 3.53
batch elapsed: 3.56
batch elapsed: 3.50
batch elapsed: 3.47
batch elapsed: 3.61
batch elapsed: 3.58
batch elapsed: 3.50
batch elapsed: 3.60
batch elapsed: 3.52
batch elapsed: 3.57
batch elapsed: 3.53
batch elapsed: 3.51
batch elapsed: 3.54
batch elapsed: 3.54
batch elapsed: 3.53
batch elapsed: 3.58
batch elapsed: 3.55
batch elapsed: 3.54
batch elapsed: 3.68
batch elapsed: 3.56
batch elapsed: 3.56
batch elapsed: 3.55
batch elapsed: 3.52
batch elapsed: 3.53
batch elapsed: 3.55
batch elapsed: 3.55
batch elapsed: 3.50
batch elapsed: 3.51
batch elapsed: 3.44
batch elapsed: 3.43
batch elapsed: 3.59
batch elapsed: 3.55
batch elapsed: 3.52
batch elapsed: 3.54
batch elapsed: 3.55
batch elapsed: 3.49
batch elapsed: 3.52
batch elapsed: 3.56
batch elapsed: 3.56
batch elapsed: 3.48
batch elapsed: 3.56
batch elapsed: 3.56
batch elapsed: 3.56
batch elapsed: 3.53
batch elapsed: 3.55
batch elapsed: 3.53
batch elapsed: 3.55
batch elapsed: 3.55
batch elapsed: 3.57
batch elapsed: 3.56
batch elapsed: 3.59
batch elapsed: 3.57
batch elapsed: 3.52
batch elapsed: 3.54
batch elapsed: 3.50
batch elapsed: 3.62
batch elapsed: 3.58
batch elapsed: 3.60
batch elapsed: 3.53
batch elapsed: 3.53
batch elapsed: 3.57
batch elapsed: 3.55
batch elapsed: 3.55
batch elapsed: 3.57
batch elapsed: 3.53
batch elapsed: 3.53
batch elapsed: 3.57
batch elapsed: 3.59
batch elapsed: 3.50
batch elapsed: 3.56
batch elapsed: 3.53
batch elapsed: 3.52
batch elapsed: 3.61
batch elapsed: 3.55
batch elapsed: 3.56
batch elapsed: 3.56
batch elapsed: 3.61
batch elapsed: 3.54
batch elapsed: 3.57
batch elapsed: 3.49
batch elapsed: 3.57
batch elapsed: 3.59
batch elapsed: 3.55
batch elapsed: 3.57
batch elapsed: 3.53
batch elapsed: 3.52
batch elapsed: 3.57
batch elapsed: 3.54
batch elapsed: 3.55
batch elapsed: 3.55
batch elapsed: 3.55
batch elapsed: 3.54
batch elapsed: 3.55
batch elapsed: 3.56
batch elapsed: 3.43
batch elapsed: 3.46
batch elapsed: 3.53
batch elapsed: 3.55
batch elapsed: 3.57
batch elapsed: 3.54
batch elapsed: 3.55
batch elapsed: 3.58
batch elapsed: 3.55
batch elapsed: 3.64
batch elapsed: 3.58
batch elapsed: 3.55
batch elapsed: 3.57
batch elapsed: 3.56
batch elapsed: 3.58
batch elapsed: 3.54
batch elapsed: 3.54
batch elapsed: 3.53
batch elapsed: 3.57
batch elapsed: 3.58
batch elapsed: 3.59
batch elapsed: 3.56
batch elapsed: 3.55
batch elapsed: 3.57
batch elapsed: 3.53
batch elapsed: 3.39
batch elapsed: 3.49
batch elapsed: 3.52
batch elapsed: 3.55
batch elapsed: 3.56
batch elapsed: 3.53
batch elapsed: 3.57
batch elapsed: 3.56
batch elapsed: 3.52
batch elapsed: 3.56
batch elapsed: 3.56
batch elapsed: 3.57
batch elapsed: 3.56
batch elapsed: 3.58
batch elapsed: 3.53
batch elapsed: 3.62
batch elapsed: 3.59
batch elapsed: 3.59
batch elapsed: 3.57
batch elapsed: 3.56
batch elapsed: 3.54
batch elapsed: 3.57
batch elapsed: 3.55
batch elapsed: 3.57
batch elapsed: 3.52
batch elapsed: 3.50
batch elapsed: 3.55
batch elapsed: 3.54
batch elapsed: 3.57
batch elapsed: 3.50
batch elapsed: 3.46
batch elapsed: 3.56
batch elapsed: 3.54
batch elapsed: 3.54
batch elapsed: 3.54
batch elapsed: 3.57
batch elapsed: 3.55
batch elapsed: 3.51
batch elapsed: 3.55
batch elapsed: 3.53
batch elapsed: 3.57
batch elapsed: 3.58
batch elapsed: 3.58
batch elapsed: 3.56
batch elapsed: 3.54
batch elapsed: 3.58
batch elapsed: 3.57
batch elapsed: 3.55
batch elapsed: 3.65
batch elapsed: 3.56
batch elapsed: 3.59
batch elapsed: 3.53
batch elapsed: 3.54
batch elapsed: 3.53
batch elapsed: 3.55
batch elapsed: 3.52
batch elapsed: 3.54
batch elapsed: 3.54
batch elapsed: 3.53
batch elapsed: 3.61
batch elapsed: 3.52
batch elapsed: 3.55
batch elapsed: 3.55
batch elapsed: 3.52
batch elapsed: 3.51
batch elapsed: 3.55
batch elapsed: 3.57
batch elapsed: 3.54
batch elapsed: 3.56
batch elapsed: 3.54
batch elapsed: 3.55
batch elapsed: 3.53
batch elapsed: 3.55
batch elapsed: 3.59
batch elapsed: 3.57
batch elapsed: 3.57
batch elapsed: 3.54
batch elapsed: 3.52
batch elapsed: 3.54
batch elapsed: 3.55
batch elapsed: 3.54
batch elapsed: 3.54
batch elapsed: 3.54
batch elapsed: 3.53
batch elapsed: 3.53
batch elapsed: 3.54
batch elapsed: 3.55
batch elapsed: 3.56
batch elapsed: 3.54
batch elapsed: 3.51
batch elapsed: 3.53
batch elapsed: 3.56
batch elapsed: 3.57
batch elapsed: 3.55
batch elapsed: 3.54
batch elapsed: 3.60
batch elapsed: 3.52
batch elapsed: 3.56
batch elapsed: 3.53
batch elapsed: 3.57
batch elapsed: 3.53
batch elapsed: 3.52
batch elapsed: 3.55
batch elapsed: 3.60
batch elapsed: 3.59
batch elapsed: 3.54
batch elapsed: 3.57
batch elapsed: 3.55
batch elapsed: 3.59
batch elapsed: 3.65
batch elapsed: 3.54
batch elapsed: 3.56
batch elapsed: 3.56
batch elapsed: 3.55
batch elapsed: 3.54
batch elapsed: 3.63
batch elapsed: 3.57
batch elapsed: 3.57
batch elapsed: 3.55
batch elapsed: 3.57
batch elapsed: 3.57
batch elapsed: 3.55
batch elapsed: 3.53
batch elapsed: 3.54
batch elapsed: 3.55
batch elapsed: 3.57
batch elapsed: 3.52
batch elapsed: 3.59
batch elapsed: 3.56
batch elapsed: 3.48
batch elapsed: 3.56
batch elapsed: 3.55
batch elapsed: 3.57
batch elapsed: 3.57
batch elapsed: 3.51
batch elapsed: 3.53
batch elapsed: 3.50
batch elapsed: 3.57
batch elapsed: 3.58
batch elapsed: 3.59
batch elapsed: 3.55
batch elapsed: 3.50
batch elapsed: 3.53
batch elapsed: 3.49
batch elapsed: 3.46
batch elapsed: 3.55
batch elapsed: 3.54
batch elapsed: 3.53
batch elapsed: 3.54
batch elapsed: 3.53
batch elapsed: 3.52
batch elapsed: 3.57
batch elapsed: 3.54
batch elapsed: 3.53
batch elapsed: 3.40
batch elapsed: 3.55
batch elapsed: 3.48
batch elapsed: 3.52
batch elapsed: 3.55
batch elapsed: 3.57
batch elapsed: 3.53
batch elapsed: 3.55
batch elapsed: 3.54
batch elapsed: 3.53
batch elapsed: 3.57
batch elapsed: 3.42
batch elapsed: 3.57
batch elapsed: 3.62
batch elapsed: 3.52
batch elapsed: 3.63
batch elapsed: 3.57
batch elapsed: 3.56
batch elapsed: 3.59
batch elapsed: 3.56
batch elapsed: 3.51
batch elapsed: 3.51
batch elapsed: 3.44
batch elapsed: 3.58
batch elapsed: 3.53
batch elapsed: 3.58
batch elapsed: 3.53
batch elapsed: 3.57
batch elapsed: 3.58
batch elapsed: 3.51
batch elapsed: 3.41
batch elapsed: 3.54
batch elapsed: 3.56
batch elapsed: 3.51
batch elapsed: 3.57
batch elapsed: 3.54
batch elapsed: 3.56
batch elapsed: 3.54
batch elapsed: 3.53
batch elapsed: 3.60
batch elapsed: 3.54
batch elapsed: 3.56
batch elapsed: 3.55
batch elapsed: 3.55
batch elapsed: 3.57
batch elapsed: 3.56
batch elapsed: 3.51
batch elapsed: 3.52
batch elapsed: 3.52
batch elapsed: 3.58
batch elapsed: 3.54
batch elapsed: 3.56
batch elapsed: 3.57
batch elapsed: 3.55
batch elapsed: 3.51
batch elapsed: 3.52
batch elapsed: 3.58
batch elapsed: 3.55
batch elapsed: 3.56
batch elapsed: 3.55
batch elapsed: 3.58
batch elapsed: 3.54
batch elapsed: 3.54
batch elapsed: 3.51
batch elapsed: 3.53
batch elapsed: 3.60
batch elapsed: 3.54
batch elapsed: 3.52
batch elapsed: 3.47
batch elapsed: 3.58
batch elapsed: 3.53
batch elapsed: 3.54
batch elapsed: 3.50
batch elapsed: 3.56
batch elapsed: 3.55
batch elapsed: 3.50
batch elapsed: 3.51
batch elapsed: 3.50
batch elapsed: 3.56
batch elapsed: 3.57
batch elapsed: 3.54
batch elapsed: 3.51
batch elapsed: 3.51
batch elapsed: 3.53
batch elapsed: 3.57
batch elapsed: 3.53
batch elapsed: 3.39
batch elapsed: 3.26
batch elapsed: 3.43
batch elapsed: 3.57
batch elapsed: 3.57
batch elapsed: 3.56
batch elapsed: 3.50
batch elapsed: 3.54
batch elapsed: 3.52
batch elapsed: 3.57
batch elapsed: 3.55
batch elapsed: 3.50
batch elapsed: 3.58
batch elapsed: 3.55
batch elapsed: 3.61
batch elapsed: 3.53
batch elapsed: 3.56
batch elapsed: 3.44
batch elapsed: 3.36
batch elapsed: 3.41
batch elapsed: 3.56
batch elapsed: 3.61
batch elapsed: 3.49
batch elapsed: 3.51
batch elapsed: 3.54
batch elapsed: 3.53
batch elapsed: 3.55
batch elapsed: 3.56
batch elapsed: 3.54
batch elapsed: 3.53
batch elapsed: 3.47
batch elapsed: 3.54
batch elapsed: 3.56
batch elapsed: 3.56
batch elapsed: 3.53
batch elapsed: 3.51
batch elapsed: 3.54
batch elapsed: 3.53
batch elapsed: 3.52
batch elapsed: 3.53
batch elapsed: 3.54
batch elapsed: 3.59
batch elapsed: 3.56
batch elapsed: 3.58
batch elapsed: 3.54
batch elapsed: 3.56
batch elapsed: 3.54
batch elapsed: 3.55
batch elapsed: 3.56
batch elapsed: 3.59
batch elapsed: 3.52
batch elapsed: 3.55
batch elapsed: 3.53
batch elapsed: 3.55
batch elapsed: 3.45
batch elapsed: 3.55
batch elapsed: 3.50
batch elapsed: 3.53
batch elapsed: 3.55
batch elapsed: 3.59
batch elapsed: 3.59
batch elapsed: 3.53
batch elapsed: 3.54
batch elapsed: 3.52
batch elapsed: 3.55
batch elapsed: 3.51
batch elapsed: 3.54
batch elapsed: 3.55
batch elapsed: 3.54
batch elapsed: 3.55
batch elapsed: 3.52
batch elapsed: 3.55
batch elapsed: 3.54
batch elapsed: 3.61
batch elapsed: 3.55
batch elapsed: 3.52
batch elapsed: 3.59
batch elapsed: 3.53
batch elapsed: 3.53
batch elapsed: 3.55
batch elapsed: 3.54
batch elapsed: 3.56
batch elapsed: 3.54
batch elapsed: 3.54
batch elapsed: 3.53
batch elapsed: 3.58
batch elapsed: 3.58
batch elapsed: 3.56
batch elapsed: 3.55
batch elapsed: 3.56
batch elapsed: 3.56
batch elapsed: 3.57
batch elapsed: 3.54
batch elapsed: 3.56
batch elapsed: 3.58
batch elapsed: 3.59
batch elapsed: 3.62
batch elapsed: 3.51
batch elapsed: 3.54
batch elapsed: 3.56
batch elapsed: 3.55
batch elapsed: 3.53
batch elapsed: 3.54
batch elapsed: 3.55
batch elapsed: 3.55
batch elapsed: 3.56
batch elapsed: 3.50
batch elapsed: 3.56
batch elapsed: 3.56
batch elapsed: 3.53
batch elapsed: 3.58
batch elapsed: 3.52
batch elapsed: 3.58
batch elapsed: 3.55
batch elapsed: 3.60
batch elapsed: 3.53
batch elapsed: 3.57
batch elapsed: 3.50
batch elapsed: 3.55
batch elapsed: 3.49
batch elapsed: 3.58
batch elapsed: 3.59
batch elapsed: 3.55
batch elapsed: 3.56
batch elapsed: 3.55
batch elapsed: 3.60
batch elapsed: 3.56
batch elapsed: 3.55
batch elapsed: 3.55
batch elapsed: 3.52
batch elapsed: 3.54
batch elapsed: 3.53
batch elapsed: 3.54
batch elapsed: 3.51
batch elapsed: 3.51
batch elapsed: 3.54
batch elapsed: 3.57
batch elapsed: 3.58
batch elapsed: 3.56
batch elapsed: 3.56
batch elapsed: 3.55
batch elapsed: 3.54
batch elapsed: 3.53
batch elapsed: 3.57
batch elapsed: 3.57
batch elapsed: 3.47
batch elapsed: 3.57
batch elapsed: 3.55
batch elapsed: 3.60
batch elapsed: 3.58
batch elapsed: 3.51
batch elapsed: 3.59
batch elapsed: 3.56
batch elapsed: 3.50
batch elapsed: 3.55
batch elapsed: 3.54
batch elapsed: 3.49
batch elapsed: 3.55
batch elapsed: 3.58
batch elapsed: 3.53
batch elapsed: 3.59
batch elapsed: 3.56
batch elapsed: 3.55
batch elapsed: 3.55
batch elapsed: 3.54
batch elapsed: 3.59
batch elapsed: 3.53
batch elapsed: 3.57
batch elapsed: 3.55
batch elapsed: 3.52
batch elapsed: 3.50
batch elapsed: 3.53
batch elapsed: 3.54
batch elapsed: 3.54
batch elapsed: 3.57
batch elapsed: 3.46
batch elapsed: 3.42
batch elapsed: 3.59
batch elapsed: 3.52
batch elapsed: 3.57
batch elapsed: 3.55
batch elapsed: 3.53
batch elapsed: 3.56
batch elapsed: 3.54
batch elapsed: 3.57
batch elapsed: 3.54
batch elapsed: 3.57
batch elapsed: 3.56
batch elapsed: 3.54
batch elapsed: 3.56
batch elapsed: 3.53
batch elapsed: 3.55
batch elapsed: 3.54
batch elapsed: 3.58
batch elapsed: 3.54
batch elapsed: 3.54
batch elapsed: 3.55
batch elapsed: 3.55
batch elapsed: 3.56
batch elapsed: 3.54
batch elapsed: 3.53
batch elapsed: 3.55
batch elapsed: 3.53
batch elapsed: 3.56
batch elapsed: 3.49
batch elapsed: 3.49
batch elapsed: 3.48
batch elapsed: 3.53
batch elapsed: 3.57
batch elapsed: 3.50
batch elapsed: 3.52
batch elapsed: 3.53
batch elapsed: 3.58
batch elapsed: 3.56
batch elapsed: 3.45
batch elapsed: 3.52
batch elapsed: 3.52
batch elapsed: 3.51
batch elapsed: 3.49
batch elapsed: 3.59
batch elapsed: 3.57
batch elapsed: 3.60
batch elapsed: 3.60
batch elapsed: 3.56
batch elapsed: 3.55
batch elapsed: 3.61
batch elapsed: 3.54
batch elapsed: 3.60
batch elapsed: 3.56
batch elapsed: 3.54
batch elapsed: 3.51
batch elapsed: 3.53
batch elapsed: 3.53
batch elapsed: 3.53
batch elapsed: 3.61
batch elapsed: 3.55
batch elapsed: 3.51
batch elapsed: 3.56
batch elapsed: 3.49
batch elapsed: 3.61
batch elapsed: 3.57
batch elapsed: 3.52
batch elapsed: 3.55
batch elapsed: 3.54
batch elapsed: 3.55
batch elapsed: 3.58
batch elapsed: 3.53
batch elapsed: 3.57
batch elapsed: 3.55
batch elapsed: 3.54
batch elapsed: 3.55
batch elapsed: 3.55
batch elapsed: 3.51
batch elapsed: 3.52
batch elapsed: 3.55
batch elapsed: 3.49
batch elapsed: 3.52
batch elapsed: 3.54
batch elapsed: 3.54
batch elapsed: 3.55
batch elapsed: 3.54
batch elapsed: 3.57
batch elapsed: 3.57
batch elapsed: 3.54
batch elapsed: 3.57
batch elapsed: 3.37
batch elapsed: 3.50
batch elapsed: 3.52
batch elapsed: 3.53
batch elapsed: 3.55
batch elapsed: 3.53
batch elapsed: 3.54
batch elapsed: 3.56
batch elapsed: 3.55
batch elapsed: 3.58
batch elapsed: 3.54
batch elapsed: 3.54
batch elapsed: 3.55
batch elapsed: 3.54
batch elapsed: 3.57
batch elapsed: 3.53
batch elapsed: 3.55
batch elapsed: 3.55
batch elapsed: 3.57
batch elapsed: 3.51
batch elapsed: 3.51
batch elapsed: 3.51
batch elapsed: 3.52
batch elapsed: 3.53
batch elapsed: 3.57
batch elapsed: 3.57
batch elapsed: 3.52
batch elapsed: 3.53
batch elapsed: 3.55
batch elapsed: 3.44
batch elapsed: 3.32
batch elapsed: 3.56
batch elapsed: 3.52
batch elapsed: 3.54
batch elapsed: 3.55
batch elapsed: 3.53
batch elapsed: 3.53
batch elapsed: 3.45
batch elapsed: 3.51
batch elapsed: 3.49
batch elapsed: 3.50
batch elapsed: 3.53
batch elapsed: 3.52
batch elapsed: 3.53
batch elapsed: 3.54
batch elapsed: 3.58
batch elapsed: 3.52
batch elapsed: 3.53
batch elapsed: 3.56
batch elapsed: 3.57
batch elapsed: 3.56
batch elapsed: 3.49
batch elapsed: 3.55
batch elapsed: 3.62
batch elapsed: 3.54
batch elapsed: 3.57
batch elapsed: 3.55
batch elapsed: 3.51
batch elapsed: 3.56
batch elapsed: 3.55
batch elapsed: 3.56
batch elapsed: 3.57
batch elapsed: 3.54
batch elapsed: 3.56
batch elapsed: 3.48
batch elapsed: 3.54
batch elapsed: 3.48
batch elapsed: 3.57
batch elapsed: 3.51
batch elapsed: 3.46
batch elapsed: 3.52
batch elapsed: 3.54
batch elapsed: 3.50
batch elapsed: 3.49
batch elapsed: 3.54
batch elapsed: 3.57
batch elapsed: 3.53
batch elapsed: 3.55
batch elapsed: 3.58
batch elapsed: 3.53
batch elapsed: 3.54
batch elapsed: 3.51
batch elapsed: 3.58
batch elapsed: 3.56
batch elapsed: 3.54
batch elapsed: 3.49
batch elapsed: 3.47
batch elapsed: 3.54
batch elapsed: 3.55
batch elapsed: 3.54
batch elapsed: 3.56
batch elapsed: 3.55
batch elapsed: 3.51
batch elapsed: 3.61
batch elapsed: 3.60
batch elapsed: 3.55
batch elapsed: 3.52
batch elapsed: 3.53
batch elapsed: 3.57
batch elapsed: 3.51
batch elapsed: 3.51
batch elapsed: 3.52
batch elapsed: 3.53
batch elapsed: 3.55
batch elapsed: 3.55
batch elapsed: 3.56
batch elapsed: 3.55
batch elapsed: 3.54
batch elapsed: 3.54
batch elapsed: 3.52
batch elapsed: 3.59
batch elapsed: 3.55
batch elapsed: 3.53
batch elapsed: 3.58
batch elapsed: 3.53
batch elapsed: 3.53
batch elapsed: 3.46
batch elapsed: 3.61
batch elapsed: 3.53
batch elapsed: 3.61
batch elapsed: 3.53
batch elapsed: 3.54
batch elapsed: 3.55
batch elapsed: 3.58
batch elapsed: 3.56
batch elapsed: 3.55
batch elapsed: 3.51
batch elapsed: 3.56
batch elapsed: 3.50
batch elapsed: 3.53
batch elapsed: 3.55
batch elapsed: 3.61
batch elapsed: 3.54
batch elapsed: 3.54
batch elapsed: 3.56
batch elapsed: 3.55
batch elapsed: 3.56
batch elapsed: 3.56
batch elapsed: 3.55
batch elapsed: 3.54
batch elapsed: 3.54
batch elapsed: 3.53
batch elapsed: 3.56
batch elapsed: 3.52
batch elapsed: 3.50
batch elapsed: 3.51
batch elapsed: 3.54
batch elapsed: 3.57
batch elapsed: 3.55
batch elapsed: 3.57
batch elapsed: 3.54
batch elapsed: 3.54
batch elapsed: 3.54
batch elapsed: 3.55
batch elapsed: 3.55
batch elapsed: 3.58
batch elapsed: 3.56
batch elapsed: 3.55
batch elapsed: 3.53
batch elapsed: 3.55
batch elapsed: 3.55
batch elapsed: 3.49
batch elapsed: 3.46
batch elapsed: 3.42
batch elapsed: 3.57
batch elapsed: 3.54
batch elapsed: 3.46
batch elapsed: 3.49
batch elapsed: 3.56
batch elapsed: 3.51
batch elapsed: 3.57
batch elapsed: 3.59
batch elapsed: 3.50
batch elapsed: 3.55
batch elapsed: 3.59
batch elapsed: 3.54
batch elapsed: 3.57
batch elapsed: 3.55
batch elapsed: 3.50
batch elapsed: 3.53
batch elapsed: 3.54
batch elapsed: 3.53
batch elapsed: 3.51
batch elapsed: 3.56
batch elapsed: 3.57
batch elapsed: 3.49
batch elapsed: 3.56
batch elapsed: 3.58
batch elapsed: 3.54
batch elapsed: 3.57
batch elapsed: 3.53
batch elapsed: 3.53
batch elapsed: 3.58
batch elapsed: 3.57
batch elapsed: 3.53
batch elapsed: 3.56
batch elapsed: 3.55
batch elapsed: 3.55
batch elapsed: 3.54
batch elapsed: 3.53
batch elapsed: 3.52
batch elapsed: 3.53
batch elapsed: 3.62
batch elapsed: 3.52
batch elapsed: 3.54
batch elapsed: 3.52
batch elapsed: 3.52
batch elapsed: 3.54
batch elapsed: 3.53
batch elapsed: 3.53
batch elapsed: 3.44
batch elapsed: 3.48
batch elapsed: 3.55
batch elapsed: 3.51
batch elapsed: 3.54
batch elapsed: 3.54
batch elapsed: 3.49
batch elapsed: 3.51
batch elapsed: 3.55
batch elapsed: 3.62
batch elapsed: 3.59
batch elapsed: 3.51
batch elapsed: 3.54
batch elapsed: 3.62
batch elapsed: 3.54
batch elapsed: 3.54
batch elapsed: 3.52
batch elapsed: 3.57
batch elapsed: 3.54
batch elapsed: 3.55
batch elapsed: 3.56
batch elapsed: 3.56
batch elapsed: 3.55
batch elapsed: 3.56
batch elapsed: 3.58
batch elapsed: 3.55
batch elapsed: 3.54
batch elapsed: 3.58
batch elapsed: 3.59
batch elapsed: 3.56
batch elapsed: 3.51
batch elapsed: 3.53
batch elapsed: 3.53
batch elapsed: 3.55
batch elapsed: 3.57
batch elapsed: 3.58
batch elapsed: 3.57
batch elapsed: 3.53
batch elapsed: 3.56
batch elapsed: 3.55
batch elapsed: 3.52
batch elapsed: 3.59
batch elapsed: 3.56
batch elapsed: 3.52
batch elapsed: 3.54
batch elapsed: 3.53
batch elapsed: 3.55
batch elapsed: 3.57
batch elapsed: 3.58
batch elapsed: 3.53
batch elapsed: 3.54
batch elapsed: 3.49
batch elapsed: 3.56
batch elapsed: 3.52
batch elapsed: 3.60
batch elapsed: 3.57
batch elapsed: 3.54
batch elapsed: 3.55
batch elapsed: 3.55
batch elapsed: 3.49
batch elapsed: 3.57
batch elapsed: 3.54
batch elapsed: 3.55
batch elapsed: 3.51
batch elapsed: 3.56
batch elapsed: 3.52
batch elapsed: 3.52
batch elapsed: 3.51
batch elapsed: 3.53
batch elapsed: 3.56
batch elapsed: 3.54
batch elapsed: 3.53
batch elapsed: 3.50
batch elapsed: 3.55
batch elapsed: 3.52
batch elapsed: 3.53
batch elapsed: 3.53
batch elapsed: 3.51
batch elapsed: 3.41
batch elapsed: 3.48
batch elapsed: 3.56
batch elapsed: 3.54
batch elapsed: 3.53
batch elapsed: 3.54
batch elapsed: 3.52
batch elapsed: 3.54
batch elapsed: 3.58
batch elapsed: 3.60
batch elapsed: 3.53
batch elapsed: 3.54
batch elapsed: 3.56
batch elapsed: 3.54
batch elapsed: 3.51
batch elapsed: 3.52
batch elapsed: 3.59
batch elapsed: 3.54
batch elapsed: 3.56
batch elapsed: 3.56
batch elapsed: 3.59
batch elapsed: 3.51
batch elapsed: 3.57
batch elapsed: 3.55
batch elapsed: 3.55
batch elapsed: 3.30
batch elapsed: 3.37
batch elapsed: 3.49
batch elapsed: 3.55
batch elapsed: 3.54
batch elapsed: 3.57
batch elapsed: 3.53
batch elapsed: 3.52
batch elapsed: 3.53
batch elapsed: 3.52
batch elapsed: 3.57
batch elapsed: 3.54
batch elapsed: 3.53
batch elapsed: 3.56
batch elapsed: 3.54
batch elapsed: 3.56
batch elapsed: 3.53
batch elapsed: 3.58
batch elapsed: 3.56
batch elapsed: 3.52
batch elapsed: 3.56
batch elapsed: 3.55
batch elapsed: 3.51
batch elapsed: 3.53
batch elapsed: 3.57
batch elapsed: 3.55
batch elapsed: 3.54
batch elapsed: 3.54
batch elapsed: 3.54
batch elapsed: 3.56
batch elapsed: 3.55
batch elapsed: 3.59
batch elapsed: 3.55
batch elapsed: 3.59
batch elapsed: 3.58
batch elapsed: 3.50
batch elapsed: 3.49
batch elapsed: 3.56
batch elapsed: 3.58
batch elapsed: 3.57
batch elapsed: 3.56
batch elapsed: 3.53
batch elapsed: 3.51
batch elapsed: 3.58
batch elapsed: 3.55
batch elapsed: 3.52
batch elapsed: 3.50
batch elapsed: 3.51
batch elapsed: 3.52
batch elapsed: 3.50
batch elapsed: 3.59
batch elapsed: 3.61
batch elapsed: 3.52
batch elapsed: 3.54
batch elapsed: 3.56
batch elapsed: 3.56
batch elapsed: 3.54
batch elapsed: 3.56
batch elapsed: 3.60
batch elapsed: 3.54
batch elapsed: 3.54
batch elapsed: 3.51
batch elapsed: 3.55
batch elapsed: 3.58
batch elapsed: 3.51
batch elapsed: 3.56
batch elapsed: 3.55
batch elapsed: 3.50
batch elapsed: 3.55
batch elapsed: 3.50
batch elapsed: 3.56
batch elapsed: 3.57
batch elapsed: 3.52
batch elapsed: 3.53
batch elapsed: 3.56
batch elapsed: 3.54
batch elapsed: 3.50
batch elapsed: 3.50
batch elapsed: 3.56
batch elapsed: 3.56
batch elapsed: 3.53
batch elapsed: 3.54
batch elapsed: 3.55
batch elapsed: 3.52
batch elapsed: 3.52
batch elapsed: 3.54
batch elapsed: 3.50
batch elapsed: 3.51
batch elapsed: 3.55
batch elapsed: 3.55
batch elapsed: 3.55
batch elapsed: 3.56
batch elapsed: 3.59
batch elapsed: 3.55
batch elapsed: 3.54
batch elapsed: 3.55
batch elapsed: 3.37
batch elapsed: 3.49
batch elapsed: 3.53
batch elapsed: 3.54
batch elapsed: 3.55
batch elapsed: 3.53
batch elapsed: 3.56
batch elapsed: 3.56
batch elapsed: 3.55
batch elapsed: 3.58
batch elapsed: 3.54
batch elapsed: 3.55
batch elapsed: 3.54
batch elapsed: 3.54
batch elapsed: 3.49
batch elapsed: 3.53
batch elapsed: 3.56
batch elapsed: 3.55
batch elapsed: 3.56
batch elapsed: 3.53
batch elapsed: 3.50
batch elapsed: 3.55
batch elapsed: 3.52
batch elapsed: 3.53
batch elapsed: 3.57
batch elapsed: 3.57
batch elapsed: 3.52
batch elapsed: 3.52
batch elapsed: 3.52
batch elapsed: 3.57
batch elapsed: 3.57
batch elapsed: 3.56
batch elapsed: 3.50
batch elapsed: 3.56
batch elapsed: 3.54
batch elapsed: 3.55
batch elapsed: 3.48
batch elapsed: 3.47
batch elapsed: 3.52
batch elapsed: 3.53
batch elapsed: 3.48
batch elapsed: 3.50
batch elapsed: 3.52
batch elapsed: 3.53
batch elapsed: 3.46
batch elapsed: 3.56
batch elapsed: 3.53
batch elapsed: 3.53
batch elapsed: 3.56
batch elapsed: 3.59
batch elapsed: 3.56
batch elapsed: 3.55
batch elapsed: 3.53
batch elapsed: 3.51
batch elapsed: 3.55
batch elapsed: 3.54
batch elapsed: 3.55
batch elapsed: 3.54
batch elapsed: 3.56
batch elapsed: 3.55
batch elapsed: 3.55
batch elapsed: 3.59
batch elapsed: 3.53
batch elapsed: 3.41
batch elapsed: 3.46
batch elapsed: 3.54
batch elapsed: 3.54
batch elapsed: 3.57
batch elapsed: 3.55
batch elapsed: 3.54
batch elapsed: 3.52
batch elapsed: 3.55
batch elapsed: 3.46
batch elapsed: 3.47
batch elapsed: 3.55
batch elapsed: 3.52
batch elapsed: 3.52
batch elapsed: 3.55
batch elapsed: 3.52
batch elapsed: 3.49
batch elapsed: 3.53
batch elapsed: 3.58
batch elapsed: 3.63
batch elapsed: 3.61
batch elapsed: 3.60
batch elapsed: 3.50
batch elapsed: 3.51
batch elapsed: 3.58
batch elapsed: 3.56
batch elapsed: 3.54
batch elapsed: 3.57
batch elapsed: 3.54
batch elapsed: 3.56
batch elapsed: 3.56
batch elapsed: 3.43
batch elapsed: 3.44
batch elapsed: 3.53
batch elapsed: 3.53
batch elapsed: 3.57
batch elapsed: 3.50
batch elapsed: 3.57
batch elapsed: 3.52
batch elapsed: 3.53
batch elapsed: 3.54
batch elapsed: 3.55
batch elapsed: 3.56
batch elapsed: 3.54
batch elapsed: 3.50
batch elapsed: 3.54
batch elapsed: 3.52
batch elapsed: 3.54
batch elapsed: 3.55
batch elapsed: 3.55
batch elapsed: 3.61
batch elapsed: 3.55
batch elapsed: 3.53
batch elapsed: 3.48
batch elapsed: 3.64
batch elapsed: 3.51
batch elapsed: 3.56
batch elapsed: 3.53
batch elapsed: 3.55
batch elapsed: 3.55
batch elapsed: 3.58
batch elapsed: 3.55
batch elapsed: 3.54
batch elapsed: 3.51
batch elapsed: 3.57
batch elapsed: 3.49
batch elapsed: 3.55
batch elapsed: 3.54
batch elapsed: 3.59
batch elapsed: 3.55
batch elapsed: 3.52
batch elapsed: 3.57
batch elapsed: 3.56
batch elapsed: 3.56
batch elapsed: 3.55
batch elapsed: 3.55
batch elapsed: 3.56
batch elapsed: 3.52
batch elapsed: 3.54
batch elapsed: 3.55
batch elapsed: 3.50
batch elapsed: 3.54
batch elapsed: 3.55
batch elapsed: 3.55
batch elapsed: 3.57
batch elapsed: 3.56
batch elapsed: 3.55
batch elapsed: 3.57
batch elapsed: 3.58
batch elapsed: 3.53
batch elapsed: 3.57
batch elapsed: 3.52
batch elapsed: 3.61
batch elapsed: 3.55
batch elapsed: 3.53
batch elapsed: 3.55
batch elapsed: 3.55
batch elapsed: 3.55
batch elapsed: 3.47
batch elapsed: 3.41
batch elapsed: 3.49
batch elapsed: 3.51
batch elapsed: 3.53
batch elapsed: 3.51
batch elapsed: 3.50
batch elapsed: 3.55
batch elapsed: 3.52
batch elapsed: 3.56
batch elapsed: 3.51
batch elapsed: 3.46
batch elapsed: 3.57
batch elapsed: 3.58
batch elapsed: 3.53
batch elapsed: 3.57
batch elapsed: 3.54
batch elapsed: 3.50
batch elapsed: 3.54
batch elapsed: 3.54
batch elapsed: 3.52
batch elapsed: 3.53
batch elapsed: 3.55
batch elapsed: 3.59
batch elapsed: 3.54
batch elapsed: 3.56
batch elapsed: 3.57
batch elapsed: 3.54
batch elapsed: 3.55
batch elapsed: 3.53
batch elapsed: 3.55
batch elapsed: 3.59
batch elapsed: 3.57
batch elapsed: 3.52
batch elapsed: 3.53
batch elapsed: 3.56
batch elapsed: 3.55
batch elapsed: 3.56
batch elapsed: 3.51
batch elapsed: 3.53
batch elapsed: 3.59
batch elapsed: 3.56
batch elapsed: 3.57
batch elapsed: 3.52
batch elapsed: 3.54
batch elapsed: 3.57
batch elapsed: 3.56
batch elapsed: 3.52
batch elapsed: 3.53
batch elapsed: 3.56
batch elapsed: 3.54
batch elapsed: 3.54
batch elapsed: 3.52
batch elapsed: 3.55
batch elapsed: 3.53
batch elapsed: 3.50
batch elapsed: 3.56
batch elapsed: 3.51
batch elapsed: 3.55
batch elapsed: 3.60
batch elapsed: 3.52
batch elapsed: 3.57
batch elapsed: 3.58
batch elapsed: 3.56
batch elapsed: 3.54
batch elapsed: 3.52
batch elapsed: 3.57
batch elapsed: 3.53
batch elapsed: 3.56
batch elapsed: 3.54
batch elapsed: 3.56
batch elapsed: 3.55
batch elapsed: 3.57
batch elapsed: 3.59
batch elapsed: 3.51
batch elapsed: 3.57
batch elapsed: 3.57
batch elapsed: 3.58
batch elapsed: 3.50
batch elapsed: 3.53
batch elapsed: 3.52
batch elapsed: 3.55
batch elapsed: 3.55
batch elapsed: 3.56
batch elapsed: 3.51
batch elapsed: 3.55
batch elapsed: 3.56
batch elapsed: 3.49
batch elapsed: 3.54
batch elapsed: 3.48
batch elapsed: 3.48
batch elapsed: 3.55
batch elapsed: 3.52
batch elapsed: 3.54
batch elapsed: 3.53
batch elapsed: 3.61
batch elapsed: 3.57
batch elapsed: 3.51
batch elapsed: 3.54
batch elapsed: 3.53
batch elapsed: 3.50
batch elapsed: 3.50
batch elapsed: 3.53
batch elapsed: 3.61
batch elapsed: 3.57
batch elapsed: 3.53
batch elapsed: 3.56
batch elapsed: 3.54
batch elapsed: 3.61
batch elapsed: 3.56
batch elapsed: 3.56
batch elapsed: 3.54
batch elapsed: 3.51
batch elapsed: 3.54
batch elapsed: 3.54
batch elapsed: 3.50
batch elapsed: 3.51
batch elapsed: 3.54
batch elapsed: 3.58
batch elapsed: 3.49
batch elapsed: 3.56
batch elapsed: 3.57
batch elapsed: 3.52
batch elapsed: 3.59
batch elapsed: 3.53
batch elapsed: 3.54
batch elapsed: 3.55
batch elapsed: 3.53
batch elapsed: 3.50
batch elapsed: 3.60
batch elapsed: 3.55
batch elapsed: 3.60
batch elapsed: 3.44
batch elapsed: 3.37
batch elapsed: 3.44
batch elapsed: 3.54
batch elapsed: 3.54
batch elapsed: 3.58
batch elapsed: 3.53
batch elapsed: 3.58
batch elapsed: 3.54
batch elapsed: 3.56
batch elapsed: 3.55
batch elapsed: 3.57
batch elapsed: 3.55
batch elapsed: 3.55
batch elapsed: 3.56
batch elapsed: 3.53
batch elapsed: 3.57
batch elapsed: 3.56
batch elapsed: 3.57
batch elapsed: 3.51
batch elapsed: 3.52
batch elapsed: 3.51
batch elapsed: 3.53
batch elapsed: 3.54
batch elapsed: 3.55
batch elapsed: 3.57
batch elapsed: 3.55
batch elapsed: 3.51
batch elapsed: 3.51
batch elapsed: 3.54
batch elapsed: 3.56
batch elapsed: 3.53
batch elapsed: 3.55
batch elapsed: 3.56
batch elapsed: 3.55
batch elapsed: 3.54
batch elapsed: 3.55
batch elapsed: 3.56
batch elapsed: 3.56
batch elapsed: 3.54
batch elapsed: 3.55
batch elapsed: 3.62
batch elapsed: 3.55
batch elapsed: 3.55
batch elapsed: 3.57
batch elapsed: 3.52
batch elapsed: 3.55
batch elapsed: 3.55
batch elapsed: 3.55
batch elapsed: 3.56
batch elapsed: 3.48
batch elapsed: 3.59
batch elapsed: 3.53
batch elapsed: 3.55
batch elapsed: 3.52
batch elapsed: 3.46
batch elapsed: 3.46
batch elapsed: 3.32
batch elapsed: 3.59
batch elapsed: 3.55
batch elapsed: 3.56
batch elapsed: 3.52
batch elapsed: 3.53
batch elapsed: 3.57
batch elapsed: 3.55
batch elapsed: 3.51
batch elapsed: 3.52
batch elapsed: 3.50
batch elapsed: 3.49
batch elapsed: 3.55
batch elapsed: 3.57
batch elapsed: 3.58
batch elapsed: 3.65
batch elapsed: 3.57
batch elapsed: 3.55
batch elapsed: 3.58
batch elapsed: 3.52
batch elapsed: 3.55
batch elapsed: 3.61
batch elapsed: 3.53
batch elapsed: 3.55
batch elapsed: 3.48
batch elapsed: 3.49
batch elapsed: 3.41
batch elapsed: 3.47
batch elapsed: 3.56
batch elapsed: 3.56
batch elapsed: 3.50
batch elapsed: 3.55
batch elapsed: 3.51
batch elapsed: 3.62
batch elapsed: 3.55
batch elapsed: 3.53
batch elapsed: 3.55
batch elapsed: 3.54
batch elapsed: 3.55
batch elapsed: 3.58
batch elapsed: 3.51
batch elapsed: 3.57
batch elapsed: 3.55
batch elapsed: 3.54
batch elapsed: 3.54
batch elapsed: 3.54
batch elapsed: 3.52
batch elapsed: 3.52
batch elapsed: 3.54
batch elapsed: 3.49
batch elapsed: 3.51
batch elapsed: 3.55
batch elapsed: 3.56
batch elapsed: 3.53
batch elapsed: 3.53
batch elapsed: 3.41
batch elapsed: 3.54
batch elapsed: 3.56
batch elapsed: 3.55
batch elapsed: 3.51
batch elapsed: 3.50
batch elapsed: 3.42
batch elapsed: 3.44
batch elapsed: 3.54
batch elapsed: 3.53
batch elapsed: 3.56
batch elapsed: 3.56
batch elapsed: 3.55
batch elapsed: 3.58
batch elapsed: 3.53
batch elapsed: 3.55
batch elapsed: 3.56
batch elapsed: 3.53
batch elapsed: 3.50
batch elapsed: 3.54
batch elapsed: 3.55
batch elapsed: 3.56
batch elapsed: 3.56
batch elapsed: 3.51
batch elapsed: 3.51
batch elapsed: 3.62
batch elapsed: 3.52
batch elapsed: 3.52
batch elapsed: 3.58
batch elapsed: 3.58
batch elapsed: 3.62
batch elapsed: 3.52
batch elapsed: 3.58
batch elapsed: 3.63
batch elapsed: 3.55
batch elapsed: 3.54
batch elapsed: 3.55
batch elapsed: 3.57
batch elapsed: 3.54
batch elapsed: 3.54
batch elapsed: 3.46
batch elapsed: 3.48
batch elapsed: 3.55
batch elapsed: 3.54
batch elapsed: 3.55
batch elapsed: 3.52
batch elapsed: 3.54
batch elapsed: 3.46
batch elapsed: 3.33
batch elapsed: 3.51
batch elapsed: 3.54
batch elapsed: 3.53
batch elapsed: 3.56
batch elapsed: 3.57
batch elapsed: 3.57
batch elapsed: 3.54
batch elapsed: 3.54
batch elapsed: 3.58
batch elapsed: 3.54
batch elapsed: 3.54
batch elapsed: 3.54
batch elapsed: 3.54
batch elapsed: 3.55
batch elapsed: 3.56
batch elapsed: 3.55
batch elapsed: 3.60
batch elapsed: 3.51
batch elapsed: 3.61
batch elapsed: 3.51
batch elapsed: 3.53
batch elapsed: 3.54
batch elapsed: 3.55
batch elapsed: 3.56
batch elapsed: 3.53
batch elapsed: 3.52
batch elapsed: 3.54
batch elapsed: 3.52
batch elapsed: 3.48
batch elapsed: 3.56
batch elapsed: 3.57
batch elapsed: 3.53
batch elapsed: 3.55
batch elapsed: 3.56
batch elapsed: 3.53
batch elapsed: 3.55
batch elapsed: 3.52
batch elapsed: 3.57
batch elapsed: 3.55
batch elapsed: 3.61
batch elapsed: 3.62
batch elapsed: 3.54
batch elapsed: 3.56
batch elapsed: 3.53
batch elapsed: 3.55
batch elapsed: 3.55
batch elapsed: 3.54
batch elapsed: 3.50
batch elapsed: 3.56
batch elapsed: 3.58
batch elapsed: 3.51
batch elapsed: 3.52
batch elapsed: 3.55
batch elapsed: 3.55
batch elapsed: 3.50
batch elapsed: 3.53
batch elapsed: 3.50
batch elapsed: 3.56
batch elapsed: 3.54
batch elapsed: 3.55
batch elapsed: 3.56
batch elapsed: 3.54
batch elapsed: 3.55
batch elapsed: 3.55
batch elapsed: 3.50
batch elapsed: 3.53
batch elapsed: 3.46
batch elapsed: 3.56
batch elapsed: 3.54
batch elapsed: 3.56
batch elapsed: 3.49
batch elapsed: 3.37
batch elapsed: 3.25
batch elapsed: 3.52
batch elapsed: 3.51
batch elapsed: 3.53
batch elapsed: 3.50
batch elapsed: 3.55
batch elapsed: 3.58
batch elapsed: 3.56
batch elapsed: 3.55
batch elapsed: 3.56
batch elapsed: 3.55
batch elapsed: 3.50
batch elapsed: 3.52
batch elapsed: 3.51
batch elapsed: 3.56
batch elapsed: 3.54
batch elapsed: 3.53
batch elapsed: 3.57
batch elapsed: 3.54
batch elapsed: 3.58
batch elapsed: 3.56
batch elapsed: 3.52
batch elapsed: 3.57
batch elapsed: 3.54
batch elapsed: 3.55
batch elapsed: 3.54
batch elapsed: 3.51
batch elapsed: 3.54
batch elapsed: 3.53
batch elapsed: 3.56
batch elapsed: 3.58
batch elapsed: 3.55
batch elapsed: 3.56
batch elapsed: 3.53
batch elapsed: 3.54
batch elapsed: 3.56
batch elapsed: 3.55
batch elapsed: 3.54
batch elapsed: 3.61
batch elapsed: 3.60
batch elapsed: 3.55
batch elapsed: 3.52
batch elapsed: 3.55
batch elapsed: 3.58
batch elapsed: 3.60
batch elapsed: 3.60
batch elapsed: 3.54
batch elapsed: 3.56
batch elapsed: 3.54
batch elapsed: 3.51
batch elapsed: 3.54
batch elapsed: 3.57
batch elapsed: 3.55
batch elapsed: 3.58
batch elapsed: 3.48
batch elapsed: 3.42
batch elapsed: 3.54
batch elapsed: 3.53
batch elapsed: 3.55
batch elapsed: 3.56
batch elapsed: 3.53
batch elapsed: 3.50
batch elapsed: 3.55
batch elapsed: 3.52
batch elapsed: 3.53
batch elapsed: 3.54
batch elapsed: 3.55
batch elapsed: 3.58
batch elapsed: 3.55
batch elapsed: 3.57
batch elapsed: 3.48
batch elapsed: 3.57
batch elapsed: 3.54
batch elapsed: 3.54
batch elapsed: 3.56
batch elapsed: 3.59
batch elapsed: 3.53
batch elapsed: 3.55
batch elapsed: 3.54
batch elapsed: 3.52
batch elapsed: 3.46
batch elapsed: 3.56
batch elapsed: 3.51
batch elapsed: 3.53
batch elapsed: 3.55
batch elapsed: 3.60
batch elapsed: 3.59
batch elapsed: 3.51
batch elapsed: 3.49
batch elapsed: 3.52
batch elapsed: 3.55
batch elapsed: 3.52
batch elapsed: 3.55
batch elapsed: 3.56
batch elapsed: 3.53
batch elapsed: 3.56
batch elapsed: 3.51
batch elapsed: 3.54
batch elapsed: 3.53
batch elapsed: 3.58
batch elapsed: 3.55
batch elapsed: 3.49
batch elapsed: 3.53
batch elapsed: 3.54
batch elapsed: 3.52
batch elapsed: 3.39
batch elapsed: 3.56
batch elapsed: 3.55
batch elapsed: 3.55
batch elapsed: 3.59
batch elapsed: 3.55
batch elapsed: 3.57
batch elapsed: 3.55
batch elapsed: 3.57
batch elapsed: 3.55
batch elapsed: 3.56
batch elapsed: 3.56
batch elapsed: 3.58
batch elapsed: 3.54
batch elapsed: 3.57
batch elapsed: 3.58
batch elapsed: 3.57
batch elapsed: 3.50
batch elapsed: 3.54
batch elapsed: 3.54
batch elapsed: 3.56
batch elapsed: 3.46
batch elapsed: 3.50
batch elapsed: 3.41
batch elapsed: 3.58
batch elapsed: 3.56
batch elapsed: 3.59
batch elapsed: 3.53
batch elapsed: 3.53
batch elapsed: 3.55
batch elapsed: 3.54
batch elapsed: 3.52
batch elapsed: 3.53
batch elapsed: 3.55
batch elapsed: 3.55
batch elapsed: 3.54
batch elapsed: 3.50
batch elapsed: 3.54
batch elapsed: 3.51
batch elapsed: 3.53
batch elapsed: 3.54
batch elapsed: 3.54
batch elapsed: 3.61
batch elapsed: 3.56
batch elapsed: 3.53
batch elapsed: 3.56
batch elapsed: 3.52
batch elapsed: 3.53
batch elapsed: 3.56
batch elapsed: 3.56
batch elapsed: 3.54
batch elapsed: 3.52
batch elapsed: 3.53
batch elapsed: 3.55
batch elapsed: 3.55
batch elapsed: 3.52
batch elapsed: 3.55
batch elapsed: 3.57
batch elapsed: 3.57
batch elapsed: 3.56
batch elapsed: 3.56
batch elapsed: 3.54
batch elapsed: 3.55
batch elapsed: 3.54
batch elapsed: 3.54
batch elapsed: 3.61
batch elapsed: 3.55
batch elapsed: 3.51
batch elapsed: 3.55
batch elapsed: 3.50
batch elapsed: 3.55
batch elapsed: 3.49
batch elapsed: 3.52
batch elapsed: 3.56
batch elapsed: 3.50
batch elapsed: 3.56
batch elapsed: 3.57
batch elapsed: 3.55
batch elapsed: 3.57
batch elapsed: 3.54
batch elapsed: 3.55
batch elapsed: 3.58
batch elapsed: 3.58
batch elapsed: 3.52
batch elapsed: 3.55
batch elapsed: 3.55
batch elapsed: 3.52
batch elapsed: 3.55
batch elapsed: 3.21
batch elapsed: 3.60
batch elapsed: 3.49
batch elapsed: 3.52
batch elapsed: 3.52
batch elapsed: 3.54
batch elapsed: 3.48
batch elapsed: 3.55
batch elapsed: 3.57
batch elapsed: 3.53
batch elapsed: 3.55
batch elapsed: 3.53
batch elapsed: 3.55
batch elapsed: 3.56
batch elapsed: 3.52
batch elapsed: 3.54
batch elapsed: 3.55
batch elapsed: 3.57
batch elapsed: 3.54
batch elapsed: 3.57
batch elapsed: 3.55
batch elapsed: 3.56
batch elapsed: 3.53
batch elapsed: 3.60
batch elapsed: 3.57
batch elapsed: 3.56
batch elapsed: 3.55
batch elapsed: 3.56
batch elapsed: 3.46
batch elapsed: 3.58
batch elapsed: 3.60
batch elapsed: 3.52
batch elapsed: 3.56
batch elapsed: 3.57
batch elapsed: 3.58
batch elapsed: 3.53
batch elapsed: 3.55
batch elapsed: 3.56
batch elapsed: 3.43
batch elapsed: 3.45
batch elapsed: 3.54
batch elapsed: 3.57
batch elapsed: 3.43
batch elapsed: 3.55
batch elapsed: 3.52
batch elapsed: 3.56
batch elapsed: 3.57
batch elapsed: 3.59
batch elapsed: 3.52
batch elapsed: 3.51
batch elapsed: 3.50
batch elapsed: 3.57
batch elapsed: 3.59
batch elapsed: 3.58
batch elapsed: 3.52
batch elapsed: 3.50
batch elapsed: 3.58
batch elapsed: 3.49
batch elapsed: 3.58
batch elapsed: 3.53
batch elapsed: 3.55
batch elapsed: 3.56
batch elapsed: 3.52
batch elapsed: 3.55
batch elapsed: 3.50
batch elapsed: 3.52
batch elapsed: 3.53
batch elapsed: 3.54
batch elapsed: 3.56
batch elapsed: 3.54
batch elapsed: 3.52
batch elapsed: 3.53
batch elapsed: 3.53
batch elapsed: 3.57
batch elapsed: 3.54
batch elapsed: 3.53
batch elapsed: 3.53
batch elapsed: 3.57
batch elapsed: 3.56
batch elapsed: 3.50
batch elapsed: 3.50
batch elapsed: 3.54
batch elapsed: 3.53
batch elapsed: 3.56
batch elapsed: 3.54
batch elapsed: 3.52
batch elapsed: 3.52
batch elapsed: 3.52
batch elapsed: 3.54
batch elapsed: 3.51
batch elapsed: 3.50
batch elapsed: 3.55
batch elapsed: 3.56
batch elapsed: 3.53
batch elapsed: 3.54
batch elapsed: 3.49
batch elapsed: 3.56
batch elapsed: 3.55
batch elapsed: 3.57
batch elapsed: 3.48
batch elapsed: 3.51
batch elapsed: 3.59
batch elapsed: 3.55
batch elapsed: 3.53
batch elapsed: 3.52
batch elapsed: 3.59
batch elapsed: 3.55
batch elapsed: 3.56
batch elapsed: 3.58
batch elapsed: 3.53
batch elapsed: 3.55
batch elapsed: 3.55
batch elapsed: 3.53
batch elapsed: 3.57
batch elapsed: 3.57
batch elapsed: 3.57
batch elapsed: 3.55
batch elapsed: 3.56
batch elapsed: 3.52
batch elapsed: 3.50
batch elapsed: 3.50
batch elapsed: 3.49
batch elapsed: 3.57
batch elapsed: 3.57
batch elapsed: 3.60
batch elapsed: 3.53
batch elapsed: 3.52
batch elapsed: 3.56
batch elapsed: 3.59
batch elapsed: 3.59
batch elapsed: 3.57
batch elapsed: 3.58
batch elapsed: 3.53
batch elapsed: 3.55
batch elapsed: 3.53
batch elapsed: 3.45
batch elapsed: 3.49
batch elapsed: 3.54
batch elapsed: 3.50
batch elapsed: 3.50
batch elapsed: 3.51
batch elapsed: 3.53
batch elapsed: 3.42
batch elapsed: 3.51
batch elapsed: 3.53
batch elapsed: 3.54
batch elapsed: 3.55
batch elapsed: 3.57
batch elapsed: 3.55
batch elapsed: 3.56
batch elapsed: 3.58
batch elapsed: 3.58
batch elapsed: 3.54
batch elapsed: 3.55
batch elapsed: 3.56
batch elapsed: 3.53
batch elapsed: 3.53
batch elapsed: 3.56
batch elapsed: 3.55
batch elapsed: 3.57
batch elapsed: 3.57
batch elapsed: 3.51
batch elapsed: 3.54
batch elapsed: 3.58
batch elapsed: 3.51
batch elapsed: 3.57
batch elapsed: 3.55
batch elapsed: 3.55
batch elapsed: 3.52
batch elapsed: 3.54
batch elapsed: 3.52
batch elapsed: 3.39
batch elapsed: 3.54
batch elapsed: 3.49
batch elapsed: 3.56
batch elapsed: 3.54
batch elapsed: 3.58
batch elapsed: 3.55
batch elapsed: 3.53
batch elapsed: 3.48
batch elapsed: 3.54
batch elapsed: 3.57
batch elapsed: 3.57
batch elapsed: 3.53
batch elapsed: 3.56
batch elapsed: 3.43
batch elapsed: 3.48
batch elapsed: 3.56
batch elapsed: 3.55
batch elapsed: 3.55
batch elapsed: 3.53
batch elapsed: 3.51
batch elapsed: 3.56
batch elapsed: 3.49
batch elapsed: 3.53
batch elapsed: 3.52
batch elapsed: 3.56
batch elapsed: 3.53
batch elapsed: 3.50
batch elapsed: 3.41
batch elapsed: 3.51
batch elapsed: 3.57
batch elapsed: 3.53
batch elapsed: 3.56
batch elapsed: 3.56
batch elapsed: 3.52
batch elapsed: 3.54
batch elapsed: 3.55
batch elapsed: 3.52
batch elapsed: 3.55
batch elapsed: 3.51
batch elapsed: 3.59
batch elapsed: 3.54
batch elapsed: 3.56
batch elapsed: 3.46
batch elapsed: 3.51
batch elapsed: 3.41
batch elapsed: 3.41
batch elapsed: 3.41
batch elapsed: 3.53
batch elapsed: 3.56
batch elapsed: 3.55
batch elapsed: 3.52
batch elapsed: 3.56
batch elapsed: 3.57
batch elapsed: 3.55
batch elapsed: 3.55
batch elapsed: 3.48
batch elapsed: 3.52
batch elapsed: 3.56
batch elapsed: 3.56
batch elapsed: 3.52
batch elapsed: 3.55
batch elapsed: 3.56
batch elapsed: 3.55
batch elapsed: 3.57
batch elapsed: 3.55
batch elapsed: 3.49
batch elapsed: 3.50
batch elapsed: 3.53
batch elapsed: 3.54
batch elapsed: 3.55
batch elapsed: 3.55
batch elapsed: 3.60
batch elapsed: 3.56
batch elapsed: 3.55
batch elapsed: 3.58
batch elapsed: 3.54
batch elapsed: 3.56
batch elapsed: 3.54
batch elapsed: 3.55
batch elapsed: 3.53
batch elapsed: 3.56
batch elapsed: 3.53
batch elapsed: 3.60
batch elapsed: 3.56
batch elapsed: 3.53
batch elapsed: 3.59
batch elapsed: 3.55
batch elapsed: 3.53
batch elapsed: 3.48
batch elapsed: 3.47
batch elapsed: 3.49
batch elapsed: 3.51
batch elapsed: 3.54
batch elapsed: 3.50
batch elapsed: 3.51
batch elapsed: 3.53
batch elapsed: 3.49
batch elapsed: 3.57
batch elapsed: 3.50
batch elapsed: 3.51
batch elapsed: 3.53
batch elapsed: 3.57
batch elapsed: 3.53
batch elapsed: 3.57
batch elapsed: 3.54
batch elapsed: 3.51
batch elapsed: 3.54
batch elapsed: 3.53
batch elapsed: 3.54
batch elapsed: 3.49
batch elapsed: 3.56
batch elapsed: 3.59
batch elapsed: 3.54
batch elapsed: 3.57
batch elapsed: 3.57
batch elapsed: 3.54
batch elapsed: 3.56
batch elapsed: 3.53
batch elapsed: 3.54
batch elapsed: 3.60
batch elapsed: 3.56
batch elapsed: 3.52
batch elapsed: 3.54
batch elapsed: 3.56
batch elapsed: 3.56
batch elapsed: 3.54
batch elapsed: 3.53
batch elapsed: 3.53
batch elapsed: 3.60
batch elapsed: 3.55
batch elapsed: 3.57
batch elapsed: 3.53
batch elapsed: 3.52
batch elapsed: 3.47
batch elapsed: 3.50
batch elapsed: 3.53
batch elapsed: 3.52
batch elapsed: 3.56
batch elapsed: 3.53
batch elapsed: 3.54
batch elapsed: 3.58
batch elapsed: 3.54
batch elapsed: 3.53
batch elapsed: 3.61
batch elapsed: 3.56
batch elapsed: 3.50
batch elapsed: 3.54
batch elapsed: 3.54
batch elapsed: 3.52
batch elapsed: 3.46
batch elapsed: 3.51
batch elapsed: 3.56
batch elapsed: 3.54
batch elapsed: 3.53
batch elapsed: 3.57
batch elapsed: 3.53
batch elapsed: 3.56
batch elapsed: 3.54
batch elapsed: 3.57
batch elapsed: 3.54
batch elapsed: 3.57
batch elapsed: 3.57
batch elapsed: 3.55
batch elapsed: 3.55
batch elapsed: 3.57
batch elapsed: 3.58
batch elapsed: 3.49
batch elapsed: 3.48
batch elapsed: 3.53
batch elapsed: 3.53
batch elapsed: 3.56
batch elapsed: 3.56
batch elapsed: 3.50
batch elapsed: 3.41
batch elapsed: 3.56
batch elapsed: 3.54
batch elapsed: 3.54
batch elapsed: 3.49
batch elapsed: 3.51
batch elapsed: 3.56
batch elapsed: 3.52
batch elapsed: 3.54
batch elapsed: 3.53
batch elapsed: 3.56
batch elapsed: 3.56
batch elapsed: 3.52
batch elapsed: 3.54
batch elapsed: 3.53
batch elapsed: 3.50
batch elapsed: 3.50
batch elapsed: 3.54
batch elapsed: 3.60
batch elapsed: 3.52
batch elapsed: 3.53
batch elapsed: 3.55
batch elapsed: 3.55
batch elapsed: 3.60
batch elapsed: 3.56
batch elapsed: 3.55
batch elapsed: 3.55
batch elapsed: 3.51
batch elapsed: 3.55
batch elapsed: 3.53
batch elapsed: 3.51
batch elapsed: 3.52
batch elapsed: 3.54
batch elapsed: 3.55
batch elapsed: 3.54
batch elapsed: 3.54
batch elapsed: 3.57
batch elapsed: 3.53
batch elapsed: 3.52
batch elapsed: 3.51
batch elapsed: 3.55
batch elapsed: 3.51
batch elapsed: 3.51
batch elapsed: 3.49
batch elapsed: 3.56
batch elapsed: 3.55
batch elapsed: 3.53
batch elapsed: 3.54
batch elapsed: 3.50
batch elapsed: 3.54
batch elapsed: 3.57
batch elapsed: 3.51
batch elapsed: 3.54
batch elapsed: 3.54
batch elapsed: 3.57
batch elapsed: 3.54
batch elapsed: 3.56
batch elapsed: 3.55
batch elapsed: 3.57
batch elapsed: 3.56
batch elapsed: 3.55
batch elapsed: 3.55
batch elapsed: 3.53
batch elapsed: 3.51
batch elapsed: 3.54
batch elapsed: 3.59
batch elapsed: 3.53
batch elapsed: 3.52
batch elapsed: 3.50
batch elapsed: 3.53
batch elapsed: 3.54
batch elapsed: 3.48
batch elapsed: 3.57
batch elapsed: 3.55
batch elapsed: 3.50
batch elapsed: 3.52
batch elapsed: 3.54
batch elapsed: 3.58
batch elapsed: 3.53
batch elapsed: 3.54
batch elapsed: 3.56
batch elapsed: 3.54
batch elapsed: 3.55
batch elapsed: 3.54
batch elapsed: 3.57
batch elapsed: 3.55
batch elapsed: 3.55
batch elapsed: 3.55
batch elapsed: 3.57
batch elapsed: 3.55
batch elapsed: 3.59
batch elapsed: 3.57
batch elapsed: 3.53
batch elapsed: 3.54
batch elapsed: 3.55
batch elapsed: 3.55
batch elapsed: 3.55
batch elapsed: 3.49
batch elapsed: 3.61
batch elapsed: 3.53
batch elapsed: 3.54
batch elapsed: 3.54
batch elapsed: 3.51
batch elapsed: 3.47
batch elapsed: 3.58
batch elapsed: 3.56
batch elapsed: 3.47
batch elapsed: 3.55
batch elapsed: 3.54
batch elapsed: 3.52
batch elapsed: 3.57
batch elapsed: 3.56
batch elapsed: 3.51
batch elapsed: 3.52
batch elapsed: 3.50
batch elapsed: 3.50
batch elapsed: 3.52
batch elapsed: 3.55
batch elapsed: 3.53
batch elapsed: 3.50
batch elapsed: 3.55
batch elapsed: 3.56
batch elapsed: 3.57
batch elapsed: 3.55
batch elapsed: 3.55
batch elapsed: 3.61
batch elapsed: 3.54
batch elapsed: 3.54
batch elapsed: 3.55
batch elapsed: 3.54
batch elapsed: 3.53
batch elapsed: 3.52
batch elapsed: 3.55
batch elapsed: 3.56
batch elapsed: 3.50
batch elapsed: 3.60
batch elapsed: 3.51
batch elapsed: 3.55
batch elapsed: 3.50
batch elapsed: 3.54
batch elapsed: 3.55
batch elapsed: 3.54
batch elapsed: 3.55
batch elapsed: 3.58
batch elapsed: 3.53
batch elapsed: 3.56
batch elapsed: 3.54
batch elapsed: 3.54
batch elapsed: 3.55
batch elapsed: 3.54
batch elapsed: 3.57
batch elapsed: 3.51
batch elapsed: 3.55
batch elapsed: 3.48
batch elapsed: 3.50
batch elapsed: 3.56
batch elapsed: 3.57
batch elapsed: 3.54
batch elapsed: 3.52
batch elapsed: 3.56
batch elapsed: 3.55
batch elapsed: 3.55
batch elapsed: 3.55
batch elapsed: 3.52
batch elapsed: 3.50
batch elapsed: 3.54
batch elapsed: 3.59
batch elapsed: 3.54
batch elapsed: 3.52
batch elapsed: 3.57
batch elapsed: 3.56
batch elapsed: 3.57
batch elapsed: 3.57
batch elapsed: 3.59
batch elapsed: 3.53
batch elapsed: 3.56
batch elapsed: 3.55
batch elapsed: 3.56
batch elapsed: 3.53
batch elapsed: 3.56
batch elapsed: 3.55
batch elapsed: 3.57
batch elapsed: 3.52
batch elapsed: 3.51
batch elapsed: 3.60
batch elapsed: 3.52
batch elapsed: 3.52
batch elapsed: 3.60
batch elapsed: 3.61
batch elapsed: 3.57
batch elapsed: 3.53
batch elapsed: 3.57
batch elapsed: 3.59
batch elapsed: 3.55
batch elapsed: 3.54
batch elapsed: 3.52
batch elapsed: 3.55
batch elapsed: 3.54
batch elapsed: 3.55
batch elapsed: 3.45
batch elapsed: 3.50
batch elapsed: 3.52
batch elapsed: 3.52
batch elapsed: 3.54
batch elapsed: 3.51
batch elapsed: 3.47
batch elapsed: 3.58
batch elapsed: 3.59
batch elapsed: 3.52
batch elapsed: 3.54
batch elapsed: 3.55
batch elapsed: 3.57
batch elapsed: 3.57
batch elapsed: 3.56
batch elapsed: 3.55
batch elapsed: 3.58
batch elapsed: 3.58
batch elapsed: 3.53
batch elapsed: 3.55
batch elapsed: 3.53
batch elapsed: 3.55
batch elapsed: 3.57
batch elapsed: 3.55
batch elapsed: 3.56
batch elapsed: 3.58
batch elapsed: 3.51
batch elapsed: 3.53
batch elapsed: 3.53
batch elapsed: 3.58
batch elapsed: 3.61
batch elapsed: 3.54
batch elapsed: 3.56
batch elapsed: 3.64
batch elapsed: 3.59
batch elapsed: 3.53
batch elapsed: 3.45
batch elapsed: 3.50
batch elapsed: 3.55
batch elapsed: 3.57
batch elapsed: 3.52
batch elapsed: 3.58
batch elapsed: 3.55
batch elapsed: 3.54
batch elapsed: 3.53
batch elapsed: 3.54
batch elapsed: 3.62
batch elapsed: 3.56
batch elapsed: 3.60
batch elapsed: 3.62
batch elapsed: 3.57
batch elapsed: 3.58
batch elapsed: 3.54
batch elapsed: 3.55
batch elapsed: 3.55
batch elapsed: 3.53
batch elapsed: 3.45
batch elapsed: 3.58
batch elapsed: 3.60
batch elapsed: 3.53
batch elapsed: 3.57
batch elapsed: 3.56
batch elapsed: 3.52
batch elapsed: 3.50
batch elapsed: 3.53
batch elapsed: 3.52
batch elapsed: 3.57
batch elapsed: 3.55
batch elapsed: 3.55
batch elapsed: 3.56
batch elapsed: 3.52
batch elapsed: 3.50
batch elapsed: 3.60
batch elapsed: 3.57
batch elapsed: 3.55
batch elapsed: 3.53
batch elapsed: 3.59
batch elapsed: 3.58
batch elapsed: 3.55
batch elapsed: 3.46
batch elapsed: 3.48
batch elapsed: 3.56
batch elapsed: 3.59
batch elapsed: 3.56
batch elapsed: 3.53
batch elapsed: 3.55
batch elapsed: 3.61
batch elapsed: 3.58
batch elapsed: 3.56
batch elapsed: 3.55
batch elapsed: 3.56
batch elapsed: 3.53
batch elapsed: 3.49
batch elapsed: 3.47
batch elapsed: 3.51
batch elapsed: 3.56
batch elapsed: 3.54
batch elapsed: 3.55
batch elapsed: 3.48
batch elapsed: 3.58
batch elapsed: 3.55
batch elapsed: 3.50
batch elapsed: 3.61
batch elapsed: 3.55
batch elapsed: 3.55
batch elapsed: 3.58
batch elapsed: 3.50
batch elapsed: 3.53
batch elapsed: 3.55
batch elapsed: 3.55
batch elapsed: 3.40
batch elapsed: 3.51
batch elapsed: 3.36
batch elapsed: 3.52
batch elapsed: 3.53
batch elapsed: 3.57
batch elapsed: 3.53
batch elapsed: 3.54
batch elapsed: 3.58
batch elapsed: 3.53
batch elapsed: 3.59
batch elapsed: 3.58
batch elapsed: 3.53
batch elapsed: 3.51
batch elapsed: 3.54
batch elapsed: 3.55
batch elapsed: 3.53
batch elapsed: 3.54
batch elapsed: 3.54
batch elapsed: 3.52
batch elapsed: 3.52
batch elapsed: 3.54
batch elapsed: 3.53
batch elapsed: 3.53
batch elapsed: 3.55
batch elapsed: 3.57
batch elapsed: 3.53
batch elapsed: 3.54
batch elapsed: 3.56
batch elapsed: 3.52
batch elapsed: 3.55
batch elapsed: 3.50
batch elapsed: 3.52
batch elapsed: 3.55
batch elapsed: 3.49
batch elapsed: 3.49
batch elapsed: 3.55
batch elapsed: 3.56
batch elapsed: 3.54
batch elapsed: 3.55
batch elapsed: 3.50
batch elapsed: 3.54
batch elapsed: 3.52
batch elapsed: 3.53
batch elapsed: 3.54
batch elapsed: 3.55
batch elapsed: 3.48
batch elapsed: 3.46
batch elapsed: 3.55
batch elapsed: 3.55
batch elapsed: 3.55
batch elapsed: 3.56
batch elapsed: 3.55
batch elapsed: 3.52
batch elapsed: 3.55
batch elapsed: 3.57
batch elapsed: 3.50
batch elapsed: 3.56
batch elapsed: 3.54
batch elapsed: 3.53
batch elapsed: 3.57
batch elapsed: 3.52
batch elapsed: 3.52
batch elapsed: 3.54
batch elapsed: 3.53
batch elapsed: 3.55
batch elapsed: 3.54
batch elapsed: 3.57
batch elapsed: 3.57
batch elapsed: 3.56
batch elapsed: 3.56
batch elapsed: 3.52
batch elapsed: 3.56
batch elapsed: 3.52
batch elapsed: 3.57
batch elapsed: 3.55
batch elapsed: 3.53
batch elapsed: 3.56
batch elapsed: 3.57
batch elapsed: 3.56
batch elapsed: 3.55
batch elapsed: 3.46
batch elapsed: 3.60
batch elapsed: 3.57
batch elapsed: 3.57
batch elapsed: 3.53
batch elapsed: 3.56
batch elapsed: 3.52
batch elapsed: 3.53
batch elapsed: 3.54
batch elapsed: 3.51
batch elapsed: 3.56
batch elapsed: 3.54
batch elapsed: 3.57
batch elapsed: 3.52
batch elapsed: 3.57
batch elapsed: 3.57
batch elapsed: 3.56
batch elapsed: 3.55
batch elapsed: 3.55
batch elapsed: 3.54
batch elapsed: 3.54
batch elapsed: 3.50
batch elapsed: 3.54
batch elapsed: 3.55
batch elapsed: 3.56
batch elapsed: 3.57
batch elapsed: 3.60
batch elapsed: 3.58
batch elapsed: 3.55
batch elapsed: 3.56
batch elapsed: 3.58
batch elapsed: 3.51
batch elapsed: 3.56
batch elapsed: 3.50
batch elapsed: 3.55
batch elapsed: 3.58
batch elapsed: 3.58
batch elapsed: 3.56
batch elapsed: 3.51
batch elapsed: 3.57
batch elapsed: 3.51
batch elapsed: 3.52
batch elapsed: 3.51
batch elapsed: 3.58
batch elapsed: 3.55
batch elapsed: 3.56
batch elapsed: 3.54
batch elapsed: 3.53
batch elapsed: 3.54
batch elapsed: 3.54
batch elapsed: 3.56
batch elapsed: 3.55
batch elapsed: 3.53
batch elapsed: 3.58
batch elapsed: 3.54
batch elapsed: 3.56
batch elapsed: 3.56
batch elapsed: 3.53
batch elapsed: 3.51
batch elapsed: 3.55
batch elapsed: 3.55
batch elapsed: 3.53
batch elapsed: 3.56
batch elapsed: 3.55
batch elapsed: 3.49
batch elapsed: 3.54
batch elapsed: 3.53
batch elapsed: 3.54
batch elapsed: 3.51
batch elapsed: 3.52
batch elapsed: 3.55
batch elapsed: 3.59
batch elapsed: 3.55
batch elapsed: 3.50
batch elapsed: 3.52
batch elapsed: 3.53
batch elapsed: 3.55
batch elapsed: 3.57
batch elapsed: 3.57
batch elapsed: 3.49
batch elapsed: 3.57
batch elapsed: 3.55
batch elapsed: 3.57
batch elapsed: 3.56
batch elapsed: 3.55
batch elapsed: 3.58
batch elapsed: 3.55
batch elapsed: 3.49
batch elapsed: 3.55
batch elapsed: 3.57
batch elapsed: 3.54
batch elapsed: 3.53
batch elapsed: 3.54
batch elapsed: 3.57
Eval num_timesteps=51000, episode_reward=-51.59 +/- 1.34
Episode length: 1000.00 +/- 0.00
-----------------------------------
| eval/              |            |
|    mean_ep_length  | 1e+03      |
|    mean_reward     | -51.6      |
| time/              |            |
|    total_timesteps | 51000      |
| train/             |            |
|    actor_loss      | 0.71422833 |
|    critic_loss     | 0.232      |
|    d_learning_rate | 0.0005     |
|    dstb_ent_coef   | 2.89e-27   |
|    ent_coef        | 0.0248     |
|    ent_coef_loss   | 0.861      |
|    n_updates       | 63936      |
|    u_learning_rate | 0.0001     |
|    v_learning_rate | 0.001      |
-----------------------------------
batch elapsed: 3.54
batch elapsed: 3.57
batch elapsed: 3.60
batch elapsed: 3.54
batch elapsed: 3.55
batch elapsed: 3.55
batch elapsed: 3.60
batch elapsed: 3.56
batch elapsed: 3.49
batch elapsed: 3.53
batch elapsed: 3.53
batch elapsed: 3.57
batch elapsed: 3.53
batch elapsed: 3.55
batch elapsed: 3.58
batch elapsed: 3.54
batch elapsed: 3.52
batch elapsed: 3.56
batch elapsed: 3.35
batch elapsed: 3.42
batch elapsed: 3.53
batch elapsed: 3.53
batch elapsed: 3.55
batch elapsed: 3.60
batch elapsed: 3.52
batch elapsed: 3.54
batch elapsed: 3.52
batch elapsed: 3.54
batch elapsed: 3.52
batch elapsed: 3.55
batch elapsed: 3.54
batch elapsed: 3.56
batch elapsed: 3.58
batch elapsed: 3.55
batch elapsed: 3.55
batch elapsed: 3.55
batch elapsed: 3.50
batch elapsed: 3.51
batch elapsed: 3.53
batch elapsed: 3.55
batch elapsed: 3.55
batch elapsed: 3.55
batch elapsed: 3.55
batch elapsed: 3.55
batch elapsed: 3.53
batch elapsed: 3.56
batch elapsed: 3.50
batch elapsed: 3.55
batch elapsed: 3.51
batch elapsed: 3.53
batch elapsed: 3.61
batch elapsed: 3.55
batch elapsed: 3.48
batch elapsed: 3.51
batch elapsed: 3.49
batch elapsed: 3.55
batch elapsed: 3.56
batch elapsed: 3.55
batch elapsed: 3.54
batch elapsed: 3.52
batch elapsed: 3.57
batch elapsed: 3.55
batch elapsed: 3.52
batch elapsed: 3.55
batch elapsed: 3.54
batch elapsed: 3.58
batch elapsed: 3.58
batch elapsed: 3.47
batch elapsed: 3.55
batch elapsed: 3.53
batch elapsed: 3.62
batch elapsed: 3.52
batch elapsed: 3.58
batch elapsed: 3.55
batch elapsed: 3.56
batch elapsed: 3.57
batch elapsed: 3.54
batch elapsed: 3.55
batch elapsed: 3.54
batch elapsed: 3.50
batch elapsed: 3.55
batch elapsed: 3.55
batch elapsed: 3.54
batch elapsed: 3.56
batch elapsed: 3.57
batch elapsed: 3.55
batch elapsed: 3.49
batch elapsed: 3.40
batch elapsed: 3.58
batch elapsed: 3.55
batch elapsed: 3.58
batch elapsed: 3.52
batch elapsed: 3.58
batch elapsed: 3.45
batch elapsed: 3.52
batch elapsed: 3.55
batch elapsed: 3.52
batch elapsed: 3.55
batch elapsed: 3.53
batch elapsed: 3.51
batch elapsed: 3.53
batch elapsed: 3.58
batch elapsed: 3.55
batch elapsed: 3.57
batch elapsed: 3.55
batch elapsed: 3.56
batch elapsed: 3.54
batch elapsed: 3.52
batch elapsed: 3.51
batch elapsed: 3.54
batch elapsed: 3.56
batch elapsed: 3.56
batch elapsed: 3.52
batch elapsed: 3.61
batch elapsed: 3.56
batch elapsed: 3.57
batch elapsed: 3.55
batch elapsed: 3.50
batch elapsed: 3.52
batch elapsed: 3.52
batch elapsed: 3.42
batch elapsed: 3.54
batch elapsed: 3.56
batch elapsed: 3.54
batch elapsed: 3.56
batch elapsed: 3.51
batch elapsed: 3.56
batch elapsed: 3.51
batch elapsed: 3.57
batch elapsed: 3.46
batch elapsed: 3.59
batch elapsed: 3.55
batch elapsed: 3.49
batch elapsed: 3.35
batch elapsed: 3.45
batch elapsed: 3.53
batch elapsed: 3.55
batch elapsed: 3.55
batch elapsed: 3.57
batch elapsed: 3.52
batch elapsed: 3.58
batch elapsed: 3.55
batch elapsed: 3.57
batch elapsed: 3.60
batch elapsed: 3.52
batch elapsed: 3.53
batch elapsed: 3.55
batch elapsed: 3.55
batch elapsed: 3.52
batch elapsed: 3.56
batch elapsed: 3.55
batch elapsed: 3.48
batch elapsed: 3.54
batch elapsed: 3.55
batch elapsed: 3.53
batch elapsed: 3.52
batch elapsed: 3.53
batch elapsed: 3.52
batch elapsed: 3.54
batch elapsed: 3.57
batch elapsed: 3.61
batch elapsed: 3.52
batch elapsed: 3.52
batch elapsed: 3.56
batch elapsed: 3.57
batch elapsed: 3.57
batch elapsed: 3.51
batch elapsed: 3.56
batch elapsed: 3.55
batch elapsed: 3.56
batch elapsed: 3.57
batch elapsed: 3.57
batch elapsed: 3.51
batch elapsed: 3.54
batch elapsed: 3.57
batch elapsed: 3.54
batch elapsed: 3.57
batch elapsed: 3.54
batch elapsed: 3.53
batch elapsed: 3.54
batch elapsed: 3.56
Eval num_timesteps=51000, episode_reward=-97.27 +/- 0.82
Episode length: 1000.00 +/- 0.00
-----------------------------------
| eval/              |            |
|    mean_ep_length  | 1e+03      |
|    mean_reward     | -97.3      |
| time/              |            |
|    total_timesteps | 51000      |
| train/             |            |
|    actor_loss      | -1.0780482 |
|    critic_loss     | 0.185      |
|    d_learning_rate | 0.0005     |
|    dstb_ent_coef   | 1.73e-19   |
|    ent_coef        | 7.7e-12    |
|    ent_coef_loss   | 11.2       |
|    n_updates       | 63936      |
|    u_learning_rate | 0.0001     |
|    v_learning_rate | 0.001      |
-----------------------------------
batch elapsed: 3.55
batch elapsed: 3.57
batch elapsed: 3.53
batch elapsed: 3.55
batch elapsed: 3.54
batch elapsed: 3.57
batch elapsed: 3.53
batch elapsed: 3.41
batch elapsed: 3.49
batch elapsed: 3.50
batch elapsed: 3.55
batch elapsed: 3.55
batch elapsed: 3.55
batch elapsed: 3.56
batch elapsed: 3.57
batch elapsed: 3.52
batch elapsed: 3.51
batch elapsed: 3.53
batch elapsed: 3.50
batch elapsed: 3.50
batch elapsed: 3.54
batch elapsed: 3.54
batch elapsed: 3.55
batch elapsed: 3.53
batch elapsed: 3.50
batch elapsed: 3.56
batch elapsed: 3.58
batch elapsed: 3.53
batch elapsed: 3.53
batch elapsed: 3.55
batch elapsed: 3.55
batch elapsed: 3.56
batch elapsed: 3.53
batch elapsed: 3.55
batch elapsed: 3.54
batch elapsed: 3.49
batch elapsed: 3.52
batch elapsed: 3.38
batch elapsed: 3.56
batch elapsed: 3.54
batch elapsed: 3.53
batch elapsed: 3.51
batch elapsed: 3.55
batch elapsed: 3.55
batch elapsed: 3.59
batch elapsed: 3.55
batch elapsed: 3.49
batch elapsed: 3.50
batch elapsed: 3.39
batch elapsed: 3.55
batch elapsed: 3.54
batch elapsed: 3.54
batch elapsed: 3.41
batch elapsed: 3.46
batch elapsed: 3.57
batch elapsed: 3.53
batch elapsed: 3.58
batch elapsed: 3.57
batch elapsed: 3.52
batch elapsed: 3.53
batch elapsed: 3.57
batch elapsed: 3.53
batch elapsed: 3.54
batch elapsed: 3.55
batch elapsed: 3.59
batch elapsed: 3.60
batch elapsed: 3.56
batch elapsed: 3.48
batch elapsed: 3.54
batch elapsed: 3.53
batch elapsed: 3.55
batch elapsed: 3.52
batch elapsed: 3.59
batch elapsed: 3.55
batch elapsed: 3.57
batch elapsed: 3.46
batch elapsed: 3.53
batch elapsed: 3.54
batch elapsed: 3.55
batch elapsed: 3.55
batch elapsed: 3.60
batch elapsed: 3.54
batch elapsed: 3.54
batch elapsed: 3.58
batch elapsed: 3.54
batch elapsed: 3.39
batch elapsed: 3.36
batch elapsed: 3.42
batch elapsed: 3.59
batch elapsed: 3.57
batch elapsed: 3.56
batch elapsed: 3.51
batch elapsed: 3.57
batch elapsed: 3.51
batch elapsed: 3.52
batch elapsed: 3.55
batch elapsed: 3.52
batch elapsed: 3.42
batch elapsed: 3.50
batch elapsed: 3.51
batch elapsed: 3.52
batch elapsed: 3.53
batch elapsed: 3.56
batch elapsed: 3.57
batch elapsed: 3.55
batch elapsed: 3.56
batch elapsed: 3.55
batch elapsed: 3.53
batch elapsed: 3.50
batch elapsed: 3.61
batch elapsed: 3.55
batch elapsed: 3.50
batch elapsed: 3.56
batch elapsed: 3.61
batch elapsed: 3.57
batch elapsed: 3.56
batch elapsed: 3.56
batch elapsed: 3.55
batch elapsed: 3.53
batch elapsed: 3.54
batch elapsed: 3.51
batch elapsed: 3.55
batch elapsed: 3.57
batch elapsed: 3.54
batch elapsed: 3.55
batch elapsed: 3.52
batch elapsed: 3.56
batch elapsed: 3.36
batch elapsed: 3.37
batch elapsed: 3.53
batch elapsed: 3.58
batch elapsed: 3.55
batch elapsed: 3.55
batch elapsed: 3.55
batch elapsed: 3.52
batch elapsed: 3.51
batch elapsed: 3.57
batch elapsed: 3.57
batch elapsed: 3.56
batch elapsed: 3.52
batch elapsed: 3.63
batch elapsed: 3.55
batch elapsed: 3.57
batch elapsed: 3.54
batch elapsed: 3.54
batch elapsed: 3.46
batch elapsed: 3.55
batch elapsed: 3.55
batch elapsed: 3.51
batch elapsed: 3.57
batch elapsed: 3.55
batch elapsed: 3.48
batch elapsed: 3.54
batch elapsed: 3.54
batch elapsed: 3.54
batch elapsed: 3.51
batch elapsed: 3.52
batch elapsed: 3.58
batch elapsed: 3.56
batch elapsed: 3.54
batch elapsed: 3.57
batch elapsed: 3.52
batch elapsed: 3.52
batch elapsed: 3.56
batch elapsed: 3.57
batch elapsed: 3.55
batch elapsed: 3.46
batch elapsed: 3.55
batch elapsed: 3.56
batch elapsed: 3.56
batch elapsed: 3.56
batch elapsed: 3.56
batch elapsed: 3.52
batch elapsed: 3.54
batch elapsed: 3.49
batch elapsed: 3.55
batch elapsed: 3.56
batch elapsed: 3.54
batch elapsed: 3.52
batch elapsed: 3.55
batch elapsed: 3.53
Eval num_timesteps=51000, episode_reward=-59.14 +/- 2.04
Episode length: 1000.00 +/- 0.00
-----------------------------------
| eval/              |            |
|    mean_ep_length  | 1e+03      |
|    mean_reward     | -59.1      |
| time/              |            |
|    total_timesteps | 51000      |
| train/             |            |
|    actor_loss      | -0.0343954 |
|    critic_loss     | 0.194      |
|    d_learning_rate | 0.0005     |
|    dstb_ent_coef   | 2.88e-24   |
|    ent_coef        | 1.64e-17   |
|    ent_coef_loss   | -0.249     |
|    n_updates       | 63936      |
|    u_learning_rate | 0.0001     |
|    v_learning_rate | 0.001      |
-----------------------------------
batch elapsed: 3.55
batch elapsed: 3.56
batch elapsed: 3.53
batch elapsed: 3.56
batch elapsed: 3.54
batch elapsed: 3.56
batch elapsed: 3.54
batch elapsed: 3.52
batch elapsed: 3.43
batch elapsed: 3.51
batch elapsed: 3.54
batch elapsed: 3.56
batch elapsed: 3.55
batch elapsed: 3.54
batch elapsed: 3.58
batch elapsed: 3.53
batch elapsed: 3.54
batch elapsed: 3.58
batch elapsed: 3.54
batch elapsed: 3.49
batch elapsed: 3.53
batch elapsed: 3.54
batch elapsed: 3.53
batch elapsed: 3.54
batch elapsed: 3.51
batch elapsed: 3.56
batch elapsed: 3.45
batch elapsed: 3.53
batch elapsed: 3.54
batch elapsed: 3.53
batch elapsed: 3.56
batch elapsed: 3.56
batch elapsed: 3.47
batch elapsed: 3.54
batch elapsed: 3.56
batch elapsed: 3.50
batch elapsed: 3.49
batch elapsed: 3.33
batch elapsed: 3.55
batch elapsed: 3.53
batch elapsed: 3.55
batch elapsed: 3.55
batch elapsed: 3.56
batch elapsed: 3.54
batch elapsed: 3.54
batch elapsed: 3.56
batch elapsed: 3.49
batch elapsed: 3.56
batch elapsed: 3.51
batch elapsed: 3.53
batch elapsed: 3.61
batch elapsed: 3.55
batch elapsed: 3.52
batch elapsed: 3.51
batch elapsed: 3.50
batch elapsed: 3.54
batch elapsed: 3.57
batch elapsed: 3.55
batch elapsed: 3.54
batch elapsed: 3.52
batch elapsed: 3.56
batch elapsed: 3.55
batch elapsed: 3.53
batch elapsed: 3.54
batch elapsed: 3.56
batch elapsed: 3.54
batch elapsed: 3.57
batch elapsed: 3.48
batch elapsed: 3.53
batch elapsed: 3.54
batch elapsed: 3.55
batch elapsed: 3.58
batch elapsed: 3.58
batch elapsed: 3.56
batch elapsed: 3.56
batch elapsed: 3.58
batch elapsed: 3.53
batch elapsed: 3.54
batch elapsed: 3.54
batch elapsed: 3.56
batch elapsed: 3.61
batch elapsed: 3.56
batch elapsed: 3.58
batch elapsed: 3.57
batch elapsed: 3.56
batch elapsed: 3.55
batch elapsed: 3.42
batch elapsed: 3.42
batch elapsed: 3.58
batch elapsed: 3.57
batch elapsed: 3.55
batch elapsed: 3.52
batch elapsed: 3.57
batch elapsed: 3.52
batch elapsed: 3.51
batch elapsed: 3.56
batch elapsed: 3.52
batch elapsed: 3.62
batch elapsed: 3.58
batch elapsed: 3.57
batch elapsed: 3.52
batch elapsed: 3.57
batch elapsed: 3.56
batch elapsed: 3.59
batch elapsed: 3.54
batch elapsed: 3.56
batch elapsed: 3.54
batch elapsed: 3.52
batch elapsed: 3.51
batch elapsed: 3.55
batch elapsed: 3.54
batch elapsed: 3.57
batch elapsed: 3.56
batch elapsed: 3.61
batch elapsed: 3.56
batch elapsed: 3.63
batch elapsed: 3.55
batch elapsed: 3.50
batch elapsed: 3.53
batch elapsed: 3.53
batch elapsed: 3.50
batch elapsed: 3.55
batch elapsed: 3.62
batch elapsed: 3.55
batch elapsed: 3.54
batch elapsed: 3.52
batch elapsed: 3.56
batch elapsed: 3.52
batch elapsed: 3.50
batch elapsed: 3.58
batch elapsed: 3.58
batch elapsed: 3.55
batch elapsed: 3.53
batch elapsed: 3.56
batch elapsed: 3.54
batch elapsed: 3.53
batch elapsed: 3.52
batch elapsed: 3.58
batch elapsed: 3.55
batch elapsed: 3.54
batch elapsed: 3.57
batch elapsed: 3.55
batch elapsed: 3.56
batch elapsed: 3.60
batch elapsed: 3.54
batch elapsed: 3.55
batch elapsed: 3.51
batch elapsed: 3.60
batch elapsed: 3.52
batch elapsed: 3.55
batch elapsed: 3.56
batch elapsed: 3.47
batch elapsed: 3.56
batch elapsed: 3.52
batch elapsed: 3.54
batch elapsed: 3.50
batch elapsed: 3.54
batch elapsed: 3.52
batch elapsed: 3.57
batch elapsed: 3.57
batch elapsed: 3.55
batch elapsed: 3.56
batch elapsed: 3.52
batch elapsed: 3.57
batch elapsed: 3.56
batch elapsed: 3.63
batch elapsed: 3.50
batch elapsed: 3.57
batch elapsed: 3.55
batch elapsed: 3.56
batch elapsed: 3.57
batch elapsed: 3.55
batch elapsed: 3.52
batch elapsed: 3.54
batch elapsed: 3.56
batch elapsed: 3.54
batch elapsed: 3.56
batch elapsed: 3.54
batch elapsed: 3.51
batch elapsed: 3.57
batch elapsed: 3.41
Eval num_timesteps=51000, episode_reward=-94.62 +/- 32.24
Episode length: 1000.00 +/- 0.00
-----------------------------------
| eval/              |            |
|    mean_ep_length  | 1e+03      |
|    mean_reward     | -94.6      |
| time/              |            |
|    total_timesteps | 51000      |
| train/             |            |
|    actor_loss      | 0.33397624 |
|    critic_loss     | 0.193      |
|    d_learning_rate | 0.0005     |
|    dstb_ent_coef   | 2.68e-22   |
|    ent_coef        | 5.4e-18    |
|    ent_coef_loss   | -15.2      |
|    n_updates       | 63936      |
|    u_learning_rate | 0.0001     |
|    v_learning_rate | 0.001      |
-----------------------------------
batch elapsed: 3.55
batch elapsed: 3.57
batch elapsed: 3.58
batch elapsed: 3.55
batch elapsed: 3.55
batch elapsed: 3.56
batch elapsed: 3.53
batch elapsed: 3.56
batch elapsed: 3.55
batch elapsed: 3.55
batch elapsed: 3.56
batch elapsed: 3.54
batch elapsed: 3.49
batch elapsed: 3.58
batch elapsed: 3.55
batch elapsed: 3.44
batch elapsed: 3.15
batch elapsed: 3.51
batch elapsed: 3.53
batch elapsed: 3.50
batch elapsed: 3.54
batch elapsed: 3.53
batch elapsed: 3.54
batch elapsed: 3.52
batch elapsed: 3.53
batch elapsed: 3.54
batch elapsed: 3.53
batch elapsed: 3.54
batch elapsed: 3.52
batch elapsed: 3.55
batch elapsed: 3.56
batch elapsed: 3.58
batch elapsed: 3.57
batch elapsed: 3.60
batch elapsed: 3.54
batch elapsed: 3.49
batch elapsed: 3.51
batch elapsed: 3.50
batch elapsed: 3.55
batch elapsed: 3.55
batch elapsed: 3.52
batch elapsed: 3.56
batch elapsed: 3.55
batch elapsed: 3.53
batch elapsed: 3.57
batch elapsed: 3.53
batch elapsed: 3.52
batch elapsed: 3.54
batch elapsed: 3.61
batch elapsed: 3.55
batch elapsed: 3.54
batch elapsed: 3.53
batch elapsed: 3.59
batch elapsed: 3.52
batch elapsed: 3.57
batch elapsed: 3.55
batch elapsed: 3.55
batch elapsed: 3.57
batch elapsed: 3.52
batch elapsed: 3.54
batch elapsed: 3.45
batch elapsed: 3.39
batch elapsed: 3.56
batch elapsed: 3.54
batch elapsed: 3.52
batch elapsed: 3.52
batch elapsed: 3.56
batch elapsed: 3.48
batch elapsed: 3.55
batch elapsed: 3.53
batch elapsed: 3.54
batch elapsed: 3.53
batch elapsed: 3.57
batch elapsed: 3.57
batch elapsed: 3.55
batch elapsed: 3.56
batch elapsed: 3.54
batch elapsed: 3.54
batch elapsed: 3.55
batch elapsed: 3.50
batch elapsed: 3.58
batch elapsed: 3.52
batch elapsed: 3.53
batch elapsed: 3.60
batch elapsed: 3.55
batch elapsed: 3.59
batch elapsed: 3.48
batch elapsed: 3.49
batch elapsed: 3.58
batch elapsed: 3.55
batch elapsed: 3.55
batch elapsed: 3.55
batch elapsed: 3.55
batch elapsed: 3.51
batch elapsed: 3.54
batch elapsed: 3.54
batch elapsed: 3.58
batch elapsed: 3.55
batch elapsed: 3.53
batch elapsed: 3.58
batch elapsed: 3.60
batch elapsed: 3.61
batch elapsed: 3.56
batch elapsed: 3.55
batch elapsed: 3.54
batch elapsed: 3.55
batch elapsed: 3.54
batch elapsed: 3.52
batch elapsed: 3.52
batch elapsed: 3.57
batch elapsed: 3.53
batch elapsed: 3.58
batch elapsed: 3.58
batch elapsed: 3.60
batch elapsed: 3.56
batch elapsed: 3.55
batch elapsed: 3.54
batch elapsed: 3.51
batch elapsed: 3.54
batch elapsed: 3.53
batch elapsed: 3.52
batch elapsed: 3.52
batch elapsed: 3.54
batch elapsed: 3.55
batch elapsed: 3.49
batch elapsed: 3.51
batch elapsed: 3.55
batch elapsed: 3.50
batch elapsed: 3.49
batch elapsed: 3.58
batch elapsed: 3.55
batch elapsed: 3.55
batch elapsed: 3.55
batch elapsed: 3.52
batch elapsed: 3.54
batch elapsed: 3.56
batch elapsed: 3.60
batch elapsed: 3.55
batch elapsed: 3.54
batch elapsed: 3.61
batch elapsed: 3.56
batch elapsed: 3.56
batch elapsed: 3.56
batch elapsed: 3.55
batch elapsed: 3.49
batch elapsed: 3.55
batch elapsed: 3.56
batch elapsed: 3.52
batch elapsed: 3.55
batch elapsed: 3.56
batch elapsed: 3.50
batch elapsed: 3.52
batch elapsed: 3.55
batch elapsed: 3.54
batch elapsed: 3.51
batch elapsed: 3.52
batch elapsed: 3.55
batch elapsed: 3.51
batch elapsed: 3.57
batch elapsed: 3.55
batch elapsed: 3.53
batch elapsed: 3.53
batch elapsed: 3.55
batch elapsed: 3.56
batch elapsed: 3.58
batch elapsed: 3.46
batch elapsed: 3.54
batch elapsed: 3.55
batch elapsed: 3.56
batch elapsed: 3.56
batch elapsed: 3.57
batch elapsed: 3.53
batch elapsed: 3.53
batch elapsed: 3.56
batch elapsed: 3.54
batch elapsed: 3.55
batch elapsed: 3.57
batch elapsed: 3.53
batch elapsed: 3.52
batch elapsed: 3.57
batch elapsed: 3.34
Eval num_timesteps=51000, episode_reward=-73.65 +/- 2.58
Episode length: 1000.00 +/- 0.00
----------------------------------
| eval/              |           |
|    mean_ep_length  | 1e+03     |
|    mean_reward     | -73.7     |
| time/              |           |
|    total_timesteps | 51000     |
| train/             |           |
|    actor_loss      | -0.575245 |
|    critic_loss     | 0.187     |
|    d_learning_rate | 0.0005    |
|    dstb_ent_coef   | 3.59e-21  |
|    ent_coef        | 8.17e-12  |
|    ent_coef_loss   | 16        |
|    n_updates       | 63936     |
|    u_learning_rate | 0.0001    |
|    v_learning_rate | 0.001     |
----------------------------------
batch elapsed: 3.43
batch elapsed: 3.47
batch elapsed: 3.60
batch elapsed: 3.50
batch elapsed: 3.54
batch elapsed: 3.55
batch elapsed: 3.55
batch elapsed: 3.55
batch elapsed: 3.55
batch elapsed: 3.55
batch elapsed: 3.55
batch elapsed: 3.51
batch elapsed: 3.52
batch elapsed: 3.54
batch elapsed: 3.52
batch elapsed: 3.55
batch elapsed: 3.53
batch elapsed: 3.57
batch elapsed: 3.55
batch elapsed: 3.57
batch elapsed: 3.55
batch elapsed: 3.56
batch elapsed: 3.57
batch elapsed: 3.56
batch elapsed: 3.57
batch elapsed: 3.54
batch elapsed: 3.52
batch elapsed: 3.49
batch elapsed: 3.56
batch elapsed: 3.56
batch elapsed: 3.56
batch elapsed: 3.54
batch elapsed: 3.58
batch elapsed: 3.56
batch elapsed: 3.55
batch elapsed: 3.54
batch elapsed: 3.57
batch elapsed: 3.51
batch elapsed: 3.59
batch elapsed: 3.56
batch elapsed: 3.55
batch elapsed: 3.54
batch elapsed: 3.53
batch elapsed: 3.46
batch elapsed: 3.50
batch elapsed: 3.49
batch elapsed: 3.49
batch elapsed: 3.55
batch elapsed: 3.43
batch elapsed: 3.54
batch elapsed: 3.56
batch elapsed: 3.56
batch elapsed: 3.58
batch elapsed: 3.56
batch elapsed: 3.59
batch elapsed: 3.53
batch elapsed: 3.53
batch elapsed: 3.56
batch elapsed: 3.56
batch elapsed: 3.57
batch elapsed: 3.50
batch elapsed: 3.51
batch elapsed: 3.44
batch elapsed: 3.45
batch elapsed: 3.55
batch elapsed: 3.49
batch elapsed: 3.51
batch elapsed: 3.52
batch elapsed: 3.48
batch elapsed: 3.52
batch elapsed: 3.56
batch elapsed: 3.57
batch elapsed: 3.56
batch elapsed: 3.55
batch elapsed: 3.55
batch elapsed: 3.51
batch elapsed: 3.54
batch elapsed: 3.47
batch elapsed: 3.53
batch elapsed: 3.53
batch elapsed: 3.56
batch elapsed: 3.53
batch elapsed: 3.55
batch elapsed: 3.55
batch elapsed: 3.52
batch elapsed: 3.60
batch elapsed: 3.48
batch elapsed: 3.59
batch elapsed: 3.54
batch elapsed: 3.54
batch elapsed: 3.56
batch elapsed: 3.57
batch elapsed: 3.54
batch elapsed: 3.60
batch elapsed: 3.51
batch elapsed: 3.55
batch elapsed: 3.58
batch elapsed: 3.55
batch elapsed: 3.55
batch elapsed: 3.59
batch elapsed: 3.48
batch elapsed: 3.52
batch elapsed: 3.55
batch elapsed: 3.54
batch elapsed: 3.54
batch elapsed: 3.55
batch elapsed: 3.57
batch elapsed: 3.57
batch elapsed: 3.56
batch elapsed: 3.56
batch elapsed: 3.58
batch elapsed: 3.54
batch elapsed: 3.51
batch elapsed: 3.52
batch elapsed: 3.56
batch elapsed: 3.49
batch elapsed: 3.55
batch elapsed: 3.60
batch elapsed: 3.56
batch elapsed: 3.55
batch elapsed: 3.58
batch elapsed: 3.56
batch elapsed: 3.54
batch elapsed: 3.55
batch elapsed: 3.55
batch elapsed: 3.57
batch elapsed: 3.53
batch elapsed: 3.53
batch elapsed: 3.54
batch elapsed: 3.58
batch elapsed: 3.50
batch elapsed: 3.52
batch elapsed: 3.51
batch elapsed: 3.47
batch elapsed: 3.54
batch elapsed: 3.53
batch elapsed: 3.49
batch elapsed: 3.50
batch elapsed: 3.53
batch elapsed: 3.56
batch elapsed: 3.52
batch elapsed: 3.56
batch elapsed: 3.56
batch elapsed: 3.54
batch elapsed: 3.52
batch elapsed: 3.54
batch elapsed: 3.56
batch elapsed: 3.57
batch elapsed: 3.53
batch elapsed: 3.55
batch elapsed: 3.50
batch elapsed: 3.53
batch elapsed: 3.56
batch elapsed: 3.58
batch elapsed: 3.57
batch elapsed: 3.57
batch elapsed: 3.45
batch elapsed: 3.53
batch elapsed: 3.55
batch elapsed: 3.55
batch elapsed: 3.59
batch elapsed: 3.56
batch elapsed: 3.58
batch elapsed: 3.57
batch elapsed: 3.56
batch elapsed: 3.53
batch elapsed: 3.47
batch elapsed: 3.54
batch elapsed: 3.56
batch elapsed: 3.55
batch elapsed: 3.54
batch elapsed: 3.54
batch elapsed: 3.54
batch elapsed: 3.57
batch elapsed: 3.56
batch elapsed: 3.51
batch elapsed: 3.50
batch elapsed: 3.57
batch elapsed: 3.58
batch elapsed: 3.59
batch elapsed: 3.52
batch elapsed: 3.56
batch elapsed: 3.59
batch elapsed: 3.52
batch elapsed: 3.54
batch elapsed: 3.54
batch elapsed: 3.55
batch elapsed: 3.62
batch elapsed: 3.54
batch elapsed: 3.55
batch elapsed: 3.59
batch elapsed: 3.51
batch elapsed: 3.51
batch elapsed: 3.55
batch elapsed: 3.58
batch elapsed: 3.46
batch elapsed: 3.51
batch elapsed: 3.58
batch elapsed: 3.55
batch elapsed: 3.55
batch elapsed: 3.60
batch elapsed: 3.54
batch elapsed: 3.57
batch elapsed: 3.56
batch elapsed: 3.55
batch elapsed: 3.56
batch elapsed: 3.54
batch elapsed: 3.54
batch elapsed: 3.52
batch elapsed: 3.55
batch elapsed: 3.54
batch elapsed: 3.56
batch elapsed: 3.61
batch elapsed: 3.54
batch elapsed: 3.58
batch elapsed: 3.57
batch elapsed: 3.56
batch elapsed: 3.52
batch elapsed: 3.56
batch elapsed: 3.54
batch elapsed: 3.54
batch elapsed: 3.58
batch elapsed: 3.57
batch elapsed: 3.53
batch elapsed: 3.52
batch elapsed: 3.53
batch elapsed: 3.54
batch elapsed: 3.54
batch elapsed: 3.50
batch elapsed: 3.57
batch elapsed: 3.56
batch elapsed: 3.54
batch elapsed: 3.55
batch elapsed: 3.52
batch elapsed: 3.50
batch elapsed: 3.53
batch elapsed: 3.59
batch elapsed: 3.53
batch elapsed: 3.55
batch elapsed: 3.51
batch elapsed: 3.56
batch elapsed: 3.57
batch elapsed: 3.54
batch elapsed: 3.47
batch elapsed: 3.58
batch elapsed: 3.57
batch elapsed: 3.55
batch elapsed: 3.56
batch elapsed: 3.54
batch elapsed: 3.57
batch elapsed: 3.57
batch elapsed: 3.56
batch elapsed: 3.55
batch elapsed: 3.54
batch elapsed: 3.55
batch elapsed: 3.55
batch elapsed: 3.44
batch elapsed: 3.58
batch elapsed: 3.56
batch elapsed: 3.52
batch elapsed: 3.58
batch elapsed: 3.35
batch elapsed: 3.34
batch elapsed: 3.25
batch elapsed: 3.52
batch elapsed: 3.55
batch elapsed: 3.57
batch elapsed: 3.53
batch elapsed: 3.53
batch elapsed: 3.52
batch elapsed: 3.51
batch elapsed: 3.51
batch elapsed: 3.53
batch elapsed: 3.55
batch elapsed: 3.56
batch elapsed: 3.58
batch elapsed: 3.55
batch elapsed: 3.55
batch elapsed: 3.51
batch elapsed: 3.56
batch elapsed: 3.54
batch elapsed: 3.57
batch elapsed: 3.62
batch elapsed: 3.54
batch elapsed: 3.49
batch elapsed: 3.42
batch elapsed: 3.54
batch elapsed: 3.56
batch elapsed: 3.56
batch elapsed: 3.54
batch elapsed: 3.54
batch elapsed: 3.56
batch elapsed: 3.61
batch elapsed: 3.57
batch elapsed: 3.52
batch elapsed: 3.54
batch elapsed: 3.56
batch elapsed: 3.57
batch elapsed: 3.56
batch elapsed: 3.53
batch elapsed: 3.54
batch elapsed: 3.54
batch elapsed: 3.53
batch elapsed: 3.54
batch elapsed: 3.56
batch elapsed: 3.54
batch elapsed: 3.56
batch elapsed: 3.61
batch elapsed: 3.54
batch elapsed: 3.56
batch elapsed: 3.56
batch elapsed: 3.53
batch elapsed: 3.56
batch elapsed: 3.57
batch elapsed: 3.58
batch elapsed: 3.54
batch elapsed: 3.54
batch elapsed: 3.56
batch elapsed: 3.53
batch elapsed: 3.54
batch elapsed: 3.59
batch elapsed: 3.56
batch elapsed: 3.57
batch elapsed: 3.59
batch elapsed: 3.51
batch elapsed: 3.46
batch elapsed: 3.54
batch elapsed: 3.54
batch elapsed: 3.54
batch elapsed: 3.57
batch elapsed: 3.54
batch elapsed: 3.51
batch elapsed: 3.55
batch elapsed: 3.53
batch elapsed: 3.57
batch elapsed: 3.53
batch elapsed: 3.55
batch elapsed: 3.54
batch elapsed: 3.53
batch elapsed: 3.55
batch elapsed: 3.49
batch elapsed: 3.31
batch elapsed: 3.52
batch elapsed: 3.57
batch elapsed: 3.58
batch elapsed: 3.57
batch elapsed: 3.53
batch elapsed: 3.52
batch elapsed: 3.59
batch elapsed: 3.53
batch elapsed: 3.60
batch elapsed: 3.63
batch elapsed: 3.55
batch elapsed: 3.56
batch elapsed: 3.53
batch elapsed: 3.53
batch elapsed: 3.50
batch elapsed: 3.60
batch elapsed: 3.59
batch elapsed: 3.57
batch elapsed: 3.61
batch elapsed: 3.55
batch elapsed: 3.60
batch elapsed: 3.57
batch elapsed: 3.55
batch elapsed: 3.58
batch elapsed: 3.56
batch elapsed: 3.57
batch elapsed: 3.59
batch elapsed: 3.51
batch elapsed: 3.59
batch elapsed: 3.54
batch elapsed: 3.54
batch elapsed: 3.53
batch elapsed: 3.56
batch elapsed: 3.53
batch elapsed: 3.57
batch elapsed: 3.54
batch elapsed: 3.27
batch elapsed: 3.52
batch elapsed: 3.58
batch elapsed: 3.54
batch elapsed: 3.53
batch elapsed: 3.50
batch elapsed: 3.60
batch elapsed: 3.56
batch elapsed: 3.56
batch elapsed: 3.50
batch elapsed: 3.53
batch elapsed: 3.52
batch elapsed: 3.51
batch elapsed: 3.54
batch elapsed: 3.55
batch elapsed: 3.51
batch elapsed: 3.56
batch elapsed: 3.55
batch elapsed: 3.55
batch elapsed: 3.55
batch elapsed: 3.55
batch elapsed: 3.59
batch elapsed: 3.58
batch elapsed: 3.56
batch elapsed: 3.57
batch elapsed: 3.55
batch elapsed: 3.56
batch elapsed: 3.43
batch elapsed: 3.41
batch elapsed: 3.52
batch elapsed: 3.57
batch elapsed: 3.48
batch elapsed: 3.61
batch elapsed: 3.56
batch elapsed: 3.49
batch elapsed: 3.56
batch elapsed: 3.54
batch elapsed: 3.55
batch elapsed: 3.56
batch elapsed: 3.54
batch elapsed: 3.55
batch elapsed: 3.53
batch elapsed: 3.51
batch elapsed: 3.50
batch elapsed: 3.51
batch elapsed: 3.54
batch elapsed: 3.54
batch elapsed: 3.48
batch elapsed: 3.51
batch elapsed: 3.54
batch elapsed: 3.52
batch elapsed: 3.57
batch elapsed: 3.55
batch elapsed: 3.57
batch elapsed: 3.58
batch elapsed: 3.53
batch elapsed: 3.50
batch elapsed: 3.53
batch elapsed: 3.49
batch elapsed: 3.57
batch elapsed: 3.58
batch elapsed: 3.54
batch elapsed: 3.51
batch elapsed: 3.55
batch elapsed: 3.57
batch elapsed: 3.54
batch elapsed: 3.57
batch elapsed: 3.54
batch elapsed: 3.54
batch elapsed: 3.57
batch elapsed: 3.56
batch elapsed: 3.54
batch elapsed: 3.53
batch elapsed: 3.54
batch elapsed: 3.51
batch elapsed: 3.48
batch elapsed: 3.51
batch elapsed: 3.49
batch elapsed: 3.56
batch elapsed: 3.55
batch elapsed: 3.55
batch elapsed: 3.56
batch elapsed: 3.56
batch elapsed: 3.58
batch elapsed: 3.56
batch elapsed: 3.53
batch elapsed: 3.58
batch elapsed: 3.53
batch elapsed: 3.55
batch elapsed: 3.58
batch elapsed: 3.55
batch elapsed: 3.54
batch elapsed: 3.51
batch elapsed: 3.55
batch elapsed: 3.46
batch elapsed: 3.55
batch elapsed: 3.53
batch elapsed: 3.53
batch elapsed: 3.53
batch elapsed: 3.55
batch elapsed: 3.52
batch elapsed: 3.57
batch elapsed: 3.56
batch elapsed: 3.57
batch elapsed: 3.55
batch elapsed: 3.51
batch elapsed: 3.54
batch elapsed: 3.51
batch elapsed: 3.50
batch elapsed: 3.52
batch elapsed: 3.54
batch elapsed: 3.56
batch elapsed: 3.55
batch elapsed: 3.55
batch elapsed: 3.56
batch elapsed: 3.47
batch elapsed: 3.60
batch elapsed: 3.53
batch elapsed: 3.59
batch elapsed: 3.52
batch elapsed: 3.56
batch elapsed: 3.56
batch elapsed: 3.56
batch elapsed: 3.55
batch elapsed: 3.52
batch elapsed: 3.63
batch elapsed: 3.57
batch elapsed: 3.58
batch elapsed: 3.55
batch elapsed: 3.55
batch elapsed: 3.49
batch elapsed: 3.51
batch elapsed: 3.52
batch elapsed: 3.55
batch elapsed: 3.55
batch elapsed: 3.55
batch elapsed: 3.55
batch elapsed: 3.58
batch elapsed: 3.56
batch elapsed: 3.55
batch elapsed: 3.52
batch elapsed: 3.55
batch elapsed: 3.53
batch elapsed: 3.50
batch elapsed: 3.55
batch elapsed: 3.51
batch elapsed: 3.47
batch elapsed: 3.53
batch elapsed: 3.57
batch elapsed: 3.57
batch elapsed: 3.55
batch elapsed: 3.58
batch elapsed: 3.55
batch elapsed: 3.54
batch elapsed: 3.55
batch elapsed: 3.56
batch elapsed: 3.56
batch elapsed: 3.53
batch elapsed: 3.52
batch elapsed: 3.55
batch elapsed: 3.56
batch elapsed: 3.43
batch elapsed: 3.24
batch elapsed: 3.53
batch elapsed: 3.52
batch elapsed: 3.55
batch elapsed: 3.53
batch elapsed: 3.47
batch elapsed: 3.47
batch elapsed: 3.56
batch elapsed: 3.54
batch elapsed: 3.54
batch elapsed: 3.54
batch elapsed: 3.56
batch elapsed: 3.56
batch elapsed: 3.56
batch elapsed: 3.56
batch elapsed: 3.57
batch elapsed: 3.59
batch elapsed: 3.53
batch elapsed: 3.54
batch elapsed: 3.52
batch elapsed: 3.53
batch elapsed: 3.58
batch elapsed: 3.57
batch elapsed: 3.56
batch elapsed: 3.59
batch elapsed: 3.54
batch elapsed: 3.55
batch elapsed: 3.50
batch elapsed: 3.54
batch elapsed: 3.57
batch elapsed: 3.56
batch elapsed: 3.54
batch elapsed: 3.56
batch elapsed: 3.57
batch elapsed: 3.53
batch elapsed: 3.49
batch elapsed: 3.54
batch elapsed: 3.55
batch elapsed: 3.55
batch elapsed: 3.52
batch elapsed: 3.50
batch elapsed: 3.55
batch elapsed: 3.57
batch elapsed: 3.55
batch elapsed: 3.51
batch elapsed: 3.50
batch elapsed: 3.60
batch elapsed: 3.57
batch elapsed: 3.57
batch elapsed: 3.53
batch elapsed: 3.53
batch elapsed: 3.51
batch elapsed: 3.50
batch elapsed: 3.55
batch elapsed: 3.56
batch elapsed: 3.53
batch elapsed: 3.50
batch elapsed: 3.54
batch elapsed: 3.57
batch elapsed: 3.52
batch elapsed: 3.53
batch elapsed: 3.56
batch elapsed: 3.53
batch elapsed: 3.54
batch elapsed: 3.51
batch elapsed: 3.53
batch elapsed: 3.57
batch elapsed: 3.55
batch elapsed: 3.56
batch elapsed: 3.50
batch elapsed: 3.54
batch elapsed: 3.57
batch elapsed: 3.56
batch elapsed: 3.54
batch elapsed: 3.57
batch elapsed: 3.53
batch elapsed: 3.54
batch elapsed: 3.53
batch elapsed: 3.55
batch elapsed: 3.54
batch elapsed: 3.57
batch elapsed: 3.55
batch elapsed: 3.53
batch elapsed: 3.54
batch elapsed: 3.56
batch elapsed: 3.56
batch elapsed: 3.53
batch elapsed: 3.56
batch elapsed: 3.60
batch elapsed: 3.56
batch elapsed: 3.58
batch elapsed: 3.56
batch elapsed: 3.54
batch elapsed: 3.51
batch elapsed: 3.55
batch elapsed: 3.59
batch elapsed: 3.53
batch elapsed: 3.56
batch elapsed: 3.57
batch elapsed: 3.58
batch elapsed: 3.53
batch elapsed: 3.55
batch elapsed: 3.53
batch elapsed: 3.56
batch elapsed: 3.52
batch elapsed: 3.58
batch elapsed: 3.54
batch elapsed: 3.56
batch elapsed: 3.56
batch elapsed: 3.59
batch elapsed: 3.55
batch elapsed: 3.50
batch elapsed: 3.53
batch elapsed: 3.57
batch elapsed: 3.56
batch elapsed: 3.55
batch elapsed: 3.56
batch elapsed: 3.52
batch elapsed: 3.58
batch elapsed: 3.57
batch elapsed: 3.55
batch elapsed: 3.57
batch elapsed: 3.57
batch elapsed: 3.57
batch elapsed: 3.54
batch elapsed: 3.52
batch elapsed: 3.55
batch elapsed: 3.57
batch elapsed: 3.56
batch elapsed: 3.60
batch elapsed: 3.47
batch elapsed: 3.37
batch elapsed: 3.35
batch elapsed: 3.58
batch elapsed: 3.54
batch elapsed: 3.54
batch elapsed: 3.53
batch elapsed: 3.55
batch elapsed: 3.57
batch elapsed: 3.54
batch elapsed: 3.54
batch elapsed: 3.54
batch elapsed: 3.54
batch elapsed: 3.57
batch elapsed: 3.56
batch elapsed: 3.54
batch elapsed: 3.57
batch elapsed: 3.49
batch elapsed: 3.56
batch elapsed: 3.57
batch elapsed: 3.55
batch elapsed: 3.56
batch elapsed: 3.52
batch elapsed: 3.54
batch elapsed: 3.56
batch elapsed: 3.55
batch elapsed: 3.55
batch elapsed: 3.56
batch elapsed: 3.61
batch elapsed: 3.50
batch elapsed: 3.53
batch elapsed: 3.56
batch elapsed: 3.54
batch elapsed: 3.58
batch elapsed: 3.55
batch elapsed: 3.56
batch elapsed: 3.57
batch elapsed: 3.54
batch elapsed: 3.56
batch elapsed: 3.54
batch elapsed: 3.61
batch elapsed: 3.51
batch elapsed: 3.53
batch elapsed: 3.57
batch elapsed: 3.50
batch elapsed: 3.51
batch elapsed: 3.55
batch elapsed: 3.54
batch elapsed: 3.59
batch elapsed: 3.54
batch elapsed: 3.53
batch elapsed: 3.61
batch elapsed: 3.58
batch elapsed: 3.52
batch elapsed: 3.55
batch elapsed: 3.55
batch elapsed: 3.61
batch elapsed: 3.54
batch elapsed: 3.56
batch elapsed: 3.58
batch elapsed: 3.55
batch elapsed: 3.60
batch elapsed: 3.60
batch elapsed: 3.51
batch elapsed: 3.52
batch elapsed: 3.53
batch elapsed: 3.54
batch elapsed: 3.54
batch elapsed: 3.57
batch elapsed: 3.52
batch elapsed: 3.54
batch elapsed: 3.56
batch elapsed: 3.52
batch elapsed: 3.56
batch elapsed: 3.55
batch elapsed: 3.54
batch elapsed: 3.47
batch elapsed: 3.44
batch elapsed: 3.43
batch elapsed: 3.50
batch elapsed: 3.55
batch elapsed: 3.52
batch elapsed: 3.57
batch elapsed: 3.58
batch elapsed: 3.54
batch elapsed: 3.56
batch elapsed: 3.53
batch elapsed: 3.59
batch elapsed: 3.49
batch elapsed: 3.58
batch elapsed: 3.56
batch elapsed: 3.55
batch elapsed: 3.53
batch elapsed: 3.52
batch elapsed: 3.52
batch elapsed: 3.54
batch elapsed: 3.54
batch elapsed: 3.59
batch elapsed: 3.56
batch elapsed: 3.56
batch elapsed: 3.59
batch elapsed: 3.56
batch elapsed: 3.57
batch elapsed: 3.57
batch elapsed: 3.57
batch elapsed: 3.57
batch elapsed: 3.57
batch elapsed: 3.54
batch elapsed: 3.54
batch elapsed: 3.52
batch elapsed: 3.54
batch elapsed: 3.53
batch elapsed: 3.55
batch elapsed: 3.57
batch elapsed: 3.51
batch elapsed: 3.59
batch elapsed: 3.58
batch elapsed: 3.52
batch elapsed: 3.55
batch elapsed: 3.56
batch elapsed: 3.55
batch elapsed: 3.49
batch elapsed: 3.52
batch elapsed: 3.56
batch elapsed: 3.52
batch elapsed: 3.55
batch elapsed: 3.57
batch elapsed: 3.49
batch elapsed: 3.57
batch elapsed: 3.61
batch elapsed: 3.55
batch elapsed: 3.53
batch elapsed: 3.57
batch elapsed: 3.55
batch elapsed: 3.57
batch elapsed: 3.54
batch elapsed: 3.55
batch elapsed: 3.56
batch elapsed: 3.59
batch elapsed: 3.50
batch elapsed: 3.46
batch elapsed: 3.44
batch elapsed: 3.56
batch elapsed: 3.53
batch elapsed: 3.47
batch elapsed: 3.53
batch elapsed: 3.54
batch elapsed: 3.54
batch elapsed: 3.38
batch elapsed: 3.54
batch elapsed: 3.58
batch elapsed: 3.50
batch elapsed: 3.55
batch elapsed: 3.55
batch elapsed: 3.54
batch elapsed: 3.56
batch elapsed: 3.60
batch elapsed: 3.55
batch elapsed: 3.54
batch elapsed: 3.51
batch elapsed: 3.61
batch elapsed: 3.52
batch elapsed: 3.54
batch elapsed: 3.53
batch elapsed: 3.53
batch elapsed: 3.58
batch elapsed: 3.54
batch elapsed: 3.59
batch elapsed: 3.55
batch elapsed: 3.55
batch elapsed: 3.58
batch elapsed: 3.56
batch elapsed: 3.56
batch elapsed: 3.49
batch elapsed: 3.53
batch elapsed: 3.48
batch elapsed: 3.55
batch elapsed: 3.57
batch elapsed: 3.55
batch elapsed: 3.53
batch elapsed: 3.54
batch elapsed: 3.57
batch elapsed: 3.55
batch elapsed: 3.55
batch elapsed: 3.56
batch elapsed: 3.51
batch elapsed: 3.59
batch elapsed: 3.55
batch elapsed: 3.55
batch elapsed: 3.54
batch elapsed: 3.53
batch elapsed: 3.46
batch elapsed: 3.56
batch elapsed: 3.54
batch elapsed: 3.49
batch elapsed: 3.56
batch elapsed: 3.55
batch elapsed: 3.54
batch elapsed: 3.57
batch elapsed: 3.55
batch elapsed: 3.58
batch elapsed: 3.56
batch elapsed: 3.58
batch elapsed: 3.59
batch elapsed: 3.54
batch elapsed: 3.56
batch elapsed: 3.56
batch elapsed: 3.56
batch elapsed: 3.59
batch elapsed: 3.53
batch elapsed: 3.45
batch elapsed: 3.39
batch elapsed: 3.56
batch elapsed: 3.65
batch elapsed: 3.51
batch elapsed: 3.52
batch elapsed: 3.55
batch elapsed: 3.52
batch elapsed: 3.57
batch elapsed: 3.55
batch elapsed: 3.56
batch elapsed: 3.55
batch elapsed: 3.54
batch elapsed: 3.42
batch elapsed: 3.54
batch elapsed: 3.51
batch elapsed: 3.53
batch elapsed: 3.54
batch elapsed: 3.56
batch elapsed: 3.54
batch elapsed: 3.56
batch elapsed: 3.55
batch elapsed: 3.52
batch elapsed: 3.59
batch elapsed: 3.54
batch elapsed: 3.59
batch elapsed: 3.53
batch elapsed: 3.56
batch elapsed: 3.55
batch elapsed: 3.56
batch elapsed: 3.55
batch elapsed: 3.53
batch elapsed: 3.51
batch elapsed: 3.56
batch elapsed: 3.57
batch elapsed: 3.55
batch elapsed: 3.56
batch elapsed: 3.52
batch elapsed: 3.50
batch elapsed: 3.51
batch elapsed: 3.57
batch elapsed: 3.53
batch elapsed: 3.55
batch elapsed: 3.55
batch elapsed: 3.57
batch elapsed: 3.55
batch elapsed: 3.55
batch elapsed: 3.59
batch elapsed: 3.55
batch elapsed: 3.54
batch elapsed: 3.57
batch elapsed: 3.53
batch elapsed: 3.56
batch elapsed: 3.47
batch elapsed: 3.61
batch elapsed: 3.55
batch elapsed: 3.56
batch elapsed: 3.57
batch elapsed: 3.57
batch elapsed: 3.56
batch elapsed: 3.53
batch elapsed: 3.56
batch elapsed: 3.55
batch elapsed: 3.56
batch elapsed: 3.54
batch elapsed: 3.52
batch elapsed: 3.54
batch elapsed: 3.59
batch elapsed: 3.60
batch elapsed: 3.51
batch elapsed: 3.57
batch elapsed: 3.59
batch elapsed: 3.55
batch elapsed: 3.53
batch elapsed: 3.45
batch elapsed: 3.47
batch elapsed: 3.62
batch elapsed: 3.54
batch elapsed: 3.49
batch elapsed: 3.42
batch elapsed: 3.56
batch elapsed: 3.56
batch elapsed: 3.63
batch elapsed: 3.55
batch elapsed: 3.56
batch elapsed: 3.54
batch elapsed: 3.59
batch elapsed: 3.54
batch elapsed: 3.51
batch elapsed: 3.54
batch elapsed: 3.57
batch elapsed: 3.58
batch elapsed: 3.55
batch elapsed: 3.59
batch elapsed: 3.55
batch elapsed: 3.59
batch elapsed: 3.56
batch elapsed: 3.59
batch elapsed: 3.58
batch elapsed: 3.56
batch elapsed: 3.59
batch elapsed: 3.56
batch elapsed: 3.57
batch elapsed: 3.52
batch elapsed: 3.49
batch elapsed: 3.55
batch elapsed: 3.54
batch elapsed: 3.55
batch elapsed: 3.58
batch elapsed: 3.56
batch elapsed: 3.55
batch elapsed: 3.56
batch elapsed: 3.53
batch elapsed: 3.52
batch elapsed: 3.51
batch elapsed: 3.59
batch elapsed: 3.56
batch elapsed: 3.58
batch elapsed: 3.53
batch elapsed: 3.54
batch elapsed: 3.54
batch elapsed: 3.49
batch elapsed: 3.56
batch elapsed: 3.57
batch elapsed: 3.54
batch elapsed: 3.55
batch elapsed: 3.54
batch elapsed: 3.56
batch elapsed: 3.58
batch elapsed: 3.61
batch elapsed: 3.53
batch elapsed: 3.53
batch elapsed: 3.55
batch elapsed: 3.50
batch elapsed: 3.54
batch elapsed: 3.56
batch elapsed: 3.55
batch elapsed: 3.55
batch elapsed: 3.55
batch elapsed: 3.54
batch elapsed: 3.57
batch elapsed: 3.56
batch elapsed: 3.53
batch elapsed: 3.56
batch elapsed: 3.53
batch elapsed: 3.54
batch elapsed: 3.56
batch elapsed: 3.57
batch elapsed: 3.55
batch elapsed: 3.56
batch elapsed: 3.44
batch elapsed: 3.53
batch elapsed: 3.55
batch elapsed: 3.55
batch elapsed: 3.54
batch elapsed: 3.55
batch elapsed: 3.57
batch elapsed: 3.53
batch elapsed: 3.56
batch elapsed: 3.58
batch elapsed: 3.55
batch elapsed: 3.53
batch elapsed: 3.54
batch elapsed: 3.53
batch elapsed: 3.58
batch elapsed: 3.59
batch elapsed: 3.56
batch elapsed: 3.53
batch elapsed: 3.56
batch elapsed: 3.53
batch elapsed: 3.56
batch elapsed: 3.52
batch elapsed: 3.54
batch elapsed: 3.60
batch elapsed: 3.58
batch elapsed: 3.55
batch elapsed: 3.63
batch elapsed: 3.47
batch elapsed: 3.58
batch elapsed: 3.56
batch elapsed: 3.52
batch elapsed: 3.57
batch elapsed: 3.57
batch elapsed: 3.57
batch elapsed: 3.54
batch elapsed: 3.56
batch elapsed: 3.52
batch elapsed: 3.59
batch elapsed: 3.56
batch elapsed: 3.55
batch elapsed: 3.56
batch elapsed: 3.52
batch elapsed: 3.56
batch elapsed: 3.54
batch elapsed: 3.53
batch elapsed: 3.55
batch elapsed: 3.60
batch elapsed: 3.62
batch elapsed: 3.55
batch elapsed: 3.49
batch elapsed: 3.51
batch elapsed: 3.59
batch elapsed: 3.56
batch elapsed: 3.55
batch elapsed: 3.61
batch elapsed: 3.51
batch elapsed: 3.55
batch elapsed: 3.57
batch elapsed: 3.56
batch elapsed: 3.56
batch elapsed: 3.55
batch elapsed: 3.54
batch elapsed: 3.58
batch elapsed: 3.56
batch elapsed: 3.54
batch elapsed: 3.57
batch elapsed: 3.57
batch elapsed: 3.59
batch elapsed: 3.56
batch elapsed: 3.56
batch elapsed: 3.56
batch elapsed: 3.50
batch elapsed: 3.52
batch elapsed: 3.54
batch elapsed: 3.55
batch elapsed: 3.56
batch elapsed: 3.56
batch elapsed: 3.53
batch elapsed: 3.53
batch elapsed: 3.57
batch elapsed: 3.56
batch elapsed: 3.58
batch elapsed: 3.54
batch elapsed: 3.55
batch elapsed: 3.56
batch elapsed: 3.58
batch elapsed: 3.53
batch elapsed: 3.52
batch elapsed: 3.56
batch elapsed: 3.63
batch elapsed: 3.55
batch elapsed: 3.53
batch elapsed: 3.52
batch elapsed: 3.46
batch elapsed: 3.52
batch elapsed: 3.53
batch elapsed: 3.54
batch elapsed: 3.57
batch elapsed: 3.54
batch elapsed: 3.55
batch elapsed: 3.53
batch elapsed: 3.48
batch elapsed: 3.52
batch elapsed: 3.55
batch elapsed: 3.58
batch elapsed: 3.52
batch elapsed: 3.54
batch elapsed: 3.59
batch elapsed: 3.57
batch elapsed: 3.56
batch elapsed: 3.59
batch elapsed: 3.58
batch elapsed: 3.57
batch elapsed: 3.54
batch elapsed: 3.53
batch elapsed: 3.51
batch elapsed: 3.56
batch elapsed: 3.57
batch elapsed: 3.50
batch elapsed: 3.55
batch elapsed: 3.53
batch elapsed: 3.55
batch elapsed: 3.48
batch elapsed: 3.56
batch elapsed: 3.55
batch elapsed: 3.52
batch elapsed: 3.56
batch elapsed: 3.46
batch elapsed: 3.57
batch elapsed: 3.59
batch elapsed: 3.48
batch elapsed: 3.59
batch elapsed: 3.56
batch elapsed: 3.52
batch elapsed: 3.55
batch elapsed: 3.54
batch elapsed: 3.60
batch elapsed: 3.59
batch elapsed: 3.60
batch elapsed: 3.60
batch elapsed: 3.55
batch elapsed: 3.56
batch elapsed: 3.46
batch elapsed: 3.52
batch elapsed: 3.39
batch elapsed: 3.59
batch elapsed: 3.58
batch elapsed: 3.52
batch elapsed: 3.56
batch elapsed: 3.62
batch elapsed: 3.56
batch elapsed: 3.58
batch elapsed: 3.57
batch elapsed: 3.55
batch elapsed: 3.57
batch elapsed: 3.59
batch elapsed: 3.52
batch elapsed: 3.53
batch elapsed: 3.54
batch elapsed: 3.55
batch elapsed: 3.52
batch elapsed: 3.56
batch elapsed: 3.55
batch elapsed: 3.56
batch elapsed: 3.59
batch elapsed: 3.55
batch elapsed: 3.55
batch elapsed: 3.60
batch elapsed: 3.54
batch elapsed: 3.55
batch elapsed: 3.50
batch elapsed: 3.58
batch elapsed: 3.51
batch elapsed: 3.56
batch elapsed: 3.49
batch elapsed: 3.48
batch elapsed: 3.52
batch elapsed: 3.61
batch elapsed: 3.56
batch elapsed: 3.56
batch elapsed: 3.52
batch elapsed: 3.57
batch elapsed: 3.55
batch elapsed: 3.56
batch elapsed: 3.56
batch elapsed: 3.56
batch elapsed: 3.57
batch elapsed: 3.53
batch elapsed: 3.51
batch elapsed: 3.48
batch elapsed: 3.51
batch elapsed: 3.53
batch elapsed: 3.52
batch elapsed: 3.47
batch elapsed: 3.55
batch elapsed: 3.53
batch elapsed: 3.50
batch elapsed: 3.44
batch elapsed: 3.59
batch elapsed: 3.59
batch elapsed: 3.49
batch elapsed: 3.55
batch elapsed: 3.54
batch elapsed: 3.55
batch elapsed: 3.55
batch elapsed: 3.54
batch elapsed: 3.50
batch elapsed: 3.54
batch elapsed: 3.49
batch elapsed: 3.40
batch elapsed: 3.51
batch elapsed: 3.55
batch elapsed: 3.55
batch elapsed: 3.52
batch elapsed: 3.53
batch elapsed: 3.55
batch elapsed: 3.50
batch elapsed: 3.52
batch elapsed: 3.55
batch elapsed: 3.58
batch elapsed: 3.55
batch elapsed: 3.57
batch elapsed: 3.49
batch elapsed: 3.52
batch elapsed: 3.49
batch elapsed: 3.57
batch elapsed: 3.55
batch elapsed: 3.56
batch elapsed: 3.59
batch elapsed: 3.54
batch elapsed: 3.55
batch elapsed: 3.57
batch elapsed: 3.54
batch elapsed: 3.57
batch elapsed: 3.51
batch elapsed: 3.58
batch elapsed: 3.56
batch elapsed: 3.54
batch elapsed: 3.55
batch elapsed: 3.53
batch elapsed: 3.57
batch elapsed: 3.61
batch elapsed: 3.49
batch elapsed: 3.50
batch elapsed: 3.56
batch elapsed: 3.55
batch elapsed: 3.53
batch elapsed: 3.56
batch elapsed: 3.55
batch elapsed: 3.59
batch elapsed: 3.57
batch elapsed: 3.48
batch elapsed: 3.54
batch elapsed: 3.53
batch elapsed: 3.54
batch elapsed: 3.57
batch elapsed: 3.56
batch elapsed: 3.50
batch elapsed: 3.51
batch elapsed: 3.50
batch elapsed: 3.45
batch elapsed: 3.55
batch elapsed: 3.56
batch elapsed: 3.52
batch elapsed: 3.52
batch elapsed: 3.49
batch elapsed: 3.52
batch elapsed: 3.57
batch elapsed: 3.56
batch elapsed: 3.57
batch elapsed: 3.55
batch elapsed: 3.53
batch elapsed: 3.54
batch elapsed: 3.59
batch elapsed: 3.55
batch elapsed: 3.55
batch elapsed: 3.53
batch elapsed: 3.58
batch elapsed: 3.54
batch elapsed: 3.55
batch elapsed: 3.56
batch elapsed: 3.51
batch elapsed: 3.60
batch elapsed: 3.53
batch elapsed: 3.60
batch elapsed: 3.54
batch elapsed: 3.54
batch elapsed: 3.57
batch elapsed: 3.62
batch elapsed: 3.53
batch elapsed: 3.54
batch elapsed: 3.51
batch elapsed: 3.50
batch elapsed: 3.59
batch elapsed: 3.54
batch elapsed: 3.56
batch elapsed: 3.53
batch elapsed: 3.48
batch elapsed: 3.58
batch elapsed: 3.56
batch elapsed: 3.54
batch elapsed: 3.55
batch elapsed: 3.53
batch elapsed: 3.57
batch elapsed: 3.56
batch elapsed: 3.56
batch elapsed: 3.58
batch elapsed: 3.56
batch elapsed: 3.54
batch elapsed: 3.50
batch elapsed: 3.54
batch elapsed: 3.56
batch elapsed: 3.48
batch elapsed: 3.57
batch elapsed: 3.59
batch elapsed: 3.55
batch elapsed: 3.56
batch elapsed: 3.59
batch elapsed: 3.55
batch elapsed: 3.55
batch elapsed: 3.55
batch elapsed: 3.55
batch elapsed: 3.57
batch elapsed: 3.54
batch elapsed: 3.52
batch elapsed: 3.53
batch elapsed: 3.58
batch elapsed: 3.60
batch elapsed: 3.64
batch elapsed: 3.62
batch elapsed: 3.59
batch elapsed: 3.55
batch elapsed: 3.52
batch elapsed: 3.47
batch elapsed: 3.53
batch elapsed: 3.60
batch elapsed: 3.61
batch elapsed: 3.54
batch elapsed: 3.54
batch elapsed: 3.56
batch elapsed: 3.53
batch elapsed: 3.58
batch elapsed: 3.56
batch elapsed: 3.56
batch elapsed: 3.55
batch elapsed: 3.53
batch elapsed: 3.55
batch elapsed: 3.52
batch elapsed: 3.53
batch elapsed: 3.57
batch elapsed: 3.58
batch elapsed: 3.56
batch elapsed: 3.59
batch elapsed: 3.57
batch elapsed: 3.63
batch elapsed: 3.49
batch elapsed: 3.54
batch elapsed: 3.57
batch elapsed: 3.57
batch elapsed: 3.54
batch elapsed: 3.56
batch elapsed: 3.56
batch elapsed: 3.53
batch elapsed: 3.50
batch elapsed: 3.58
batch elapsed: 3.55
batch elapsed: 3.55
batch elapsed: 3.57
batch elapsed: 3.56
batch elapsed: 3.55
batch elapsed: 3.57
batch elapsed: 3.60
batch elapsed: 3.50
batch elapsed: 3.52
batch elapsed: 3.60
batch elapsed: 3.55
batch elapsed: 3.57
batch elapsed: 3.55
batch elapsed: 3.52
batch elapsed: 3.50
batch elapsed: 3.49
batch elapsed: 3.55
batch elapsed: 3.57
batch elapsed: 3.53
batch elapsed: 3.61
batch elapsed: 3.55
batch elapsed: 3.56
batch elapsed: 3.58
batch elapsed: 3.54
batch elapsed: 3.56
batch elapsed: 3.58
batch elapsed: 3.54
batch elapsed: 3.56
batch elapsed: 3.54
batch elapsed: 3.56
batch elapsed: 3.55
batch elapsed: 3.58
batch elapsed: 3.58
batch elapsed: 3.53
batch elapsed: 3.59
batch elapsed: 3.56
batch elapsed: 3.54
batch elapsed: 3.55
batch elapsed: 3.54
batch elapsed: 3.51
batch elapsed: 3.58
batch elapsed: 3.58
batch elapsed: 3.54
batch elapsed: 3.56
batch elapsed: 3.55
batch elapsed: 3.53
batch elapsed: 3.60
batch elapsed: 3.54
batch elapsed: 3.55
batch elapsed: 3.54
batch elapsed: 3.56
batch elapsed: 3.53
batch elapsed: 3.56
batch elapsed: 3.57
batch elapsed: 3.55
batch elapsed: 3.53
batch elapsed: 3.53
batch elapsed: 3.56
batch elapsed: 3.57
batch elapsed: 3.65
batch elapsed: 3.55
batch elapsed: 3.58
batch elapsed: 3.57
batch elapsed: 3.53
batch elapsed: 3.57
batch elapsed: 3.52
batch elapsed: 3.54
batch elapsed: 3.55
batch elapsed: 3.57
batch elapsed: 3.53
batch elapsed: 3.47
batch elapsed: 3.49
batch elapsed: 3.58
batch elapsed: 3.57
batch elapsed: 3.63
batch elapsed: 3.57
batch elapsed: 3.56
batch elapsed: 3.58
batch elapsed: 3.59
batch elapsed: 3.57
batch elapsed: 3.53
batch elapsed: 3.58
batch elapsed: 3.55
batch elapsed: 3.56
batch elapsed: 3.57
batch elapsed: 3.57
batch elapsed: 3.56
batch elapsed: 3.53
batch elapsed: 3.53
batch elapsed: 3.57
batch elapsed: 3.60
batch elapsed: 3.56
batch elapsed: 3.50
batch elapsed: 3.47
batch elapsed: 3.54
batch elapsed: 3.57
batch elapsed: 3.52
batch elapsed: 3.60
batch elapsed: 3.55
batch elapsed: 3.56
batch elapsed: 3.54
batch elapsed: 3.58
batch elapsed: 3.54
batch elapsed: 3.53
batch elapsed: 3.55
batch elapsed: 3.55
batch elapsed: 3.55
batch elapsed: 3.56
batch elapsed: 3.55
batch elapsed: 3.52
batch elapsed: 3.45
batch elapsed: 3.53
batch elapsed: 3.57
batch elapsed: 3.54
batch elapsed: 3.58
batch elapsed: 3.50
batch elapsed: 3.53
batch elapsed: 3.52
batch elapsed: 3.56
batch elapsed: 3.56
batch elapsed: 3.55
batch elapsed: 3.54
batch elapsed: 3.60
batch elapsed: 3.58
batch elapsed: 3.55
batch elapsed: 3.59
batch elapsed: 3.53
batch elapsed: 3.55
batch elapsed: 3.56
batch elapsed: 3.57
batch elapsed: 3.54
batch elapsed: 3.53
batch elapsed: 3.56
batch elapsed: 3.58
batch elapsed: 3.54
batch elapsed: 3.54
batch elapsed: 3.51
batch elapsed: 3.48
batch elapsed: 3.57
batch elapsed: 3.53
batch elapsed: 3.54
batch elapsed: 3.57
batch elapsed: 3.54
batch elapsed: 3.54
batch elapsed: 3.52
batch elapsed: 3.54
batch elapsed: 3.52
batch elapsed: 3.54
batch elapsed: 3.64
batch elapsed: 3.58
batch elapsed: 3.54
batch elapsed: 3.59
batch elapsed: 3.56
batch elapsed: 3.56
batch elapsed: 3.60
batch elapsed: 3.52
batch elapsed: 3.50
batch elapsed: 3.56
batch elapsed: 3.47
batch elapsed: 3.53
batch elapsed: 3.56
batch elapsed: 3.57
batch elapsed: 3.56
batch elapsed: 3.53
batch elapsed: 3.54
batch elapsed: 3.55
batch elapsed: 3.55
batch elapsed: 3.55
batch elapsed: 3.55
batch elapsed: 3.52
batch elapsed: 3.58
batch elapsed: 3.51
batch elapsed: 3.62
batch elapsed: 3.60
batch elapsed: 3.64
batch elapsed: 3.59
batch elapsed: 3.57
batch elapsed: 3.52
batch elapsed: 3.52
batch elapsed: 3.58
batch elapsed: 3.58
batch elapsed: 3.33
batch elapsed: 3.60
batch elapsed: 3.54
batch elapsed: 3.57
batch elapsed: 3.54
batch elapsed: 3.47
batch elapsed: 3.51
batch elapsed: 3.53
batch elapsed: 3.59
batch elapsed: 3.56
batch elapsed: 3.49
batch elapsed: 3.57
batch elapsed: 3.54
batch elapsed: 3.56
batch elapsed: 3.58
batch elapsed: 3.58
batch elapsed: 3.54
batch elapsed: 3.59
batch elapsed: 3.58
batch elapsed: 3.46
batch elapsed: 3.57
batch elapsed: 3.55
batch elapsed: 3.55
batch elapsed: 3.53
batch elapsed: 3.56
batch elapsed: 3.55
batch elapsed: 3.55
batch elapsed: 3.53
batch elapsed: 3.56
batch elapsed: 3.53
batch elapsed: 3.56
batch elapsed: 3.54
batch elapsed: 3.55
batch elapsed: 3.49
batch elapsed: 3.53
batch elapsed: 3.51
batch elapsed: 3.55
batch elapsed: 3.51
batch elapsed: 3.53
batch elapsed: 3.52
batch elapsed: 3.55
batch elapsed: 3.57
batch elapsed: 3.56
batch elapsed: 3.48
batch elapsed: 3.58
batch elapsed: 3.55
batch elapsed: 3.55
batch elapsed: 3.56
batch elapsed: 3.54
batch elapsed: 3.59
batch elapsed: 3.58
batch elapsed: 3.51
batch elapsed: 3.48
batch elapsed: 3.58
batch elapsed: 3.52
batch elapsed: 3.51
batch elapsed: 3.48
batch elapsed: 3.55
batch elapsed: 3.59
batch elapsed: 3.48
batch elapsed: 3.55
batch elapsed: 3.60
batch elapsed: 3.54
batch elapsed: 3.50
batch elapsed: 3.57
batch elapsed: 3.55
batch elapsed: 3.54
batch elapsed: 3.58
batch elapsed: 3.56
batch elapsed: 3.55
batch elapsed: 3.52
batch elapsed: 3.59
batch elapsed: 3.55
batch elapsed: 3.58
batch elapsed: 3.53
batch elapsed: 3.54
batch elapsed: 3.57
batch elapsed: 3.59
batch elapsed: 3.57
batch elapsed: 3.56
batch elapsed: 3.55
batch elapsed: 3.57
batch elapsed: 3.56
batch elapsed: 3.58
batch elapsed: 3.51
batch elapsed: 3.56
batch elapsed: 3.50
batch elapsed: 3.55
batch elapsed: 3.55
batch elapsed: 3.50
batch elapsed: 3.55
batch elapsed: 3.52
batch elapsed: 3.56
batch elapsed: 3.55
batch elapsed: 3.54
batch elapsed: 3.58
batch elapsed: 3.52
batch elapsed: 3.58
batch elapsed: 3.55
batch elapsed: 3.58
batch elapsed: 3.57
batch elapsed: 3.53
batch elapsed: 3.56
batch elapsed: 3.46
batch elapsed: 3.43
batch elapsed: 3.52
batch elapsed: 3.47
batch elapsed: 3.53
batch elapsed: 3.56
batch elapsed: 3.56
batch elapsed: 3.55
batch elapsed: 3.57
batch elapsed: 3.59
batch elapsed: 3.57
batch elapsed: 3.63
batch elapsed: 3.58
batch elapsed: 3.54
batch elapsed: 3.56
batch elapsed: 3.57
batch elapsed: 3.50
batch elapsed: 3.53
batch elapsed: 3.55
batch elapsed: 3.62
batch elapsed: 3.53
batch elapsed: 3.54
batch elapsed: 3.52
batch elapsed: 3.52
batch elapsed: 3.51
batch elapsed: 3.52
batch elapsed: 3.56
batch elapsed: 3.55
batch elapsed: 3.56
batch elapsed: 3.55
batch elapsed: 3.57
batch elapsed: 3.51
batch elapsed: 3.52
batch elapsed: 3.44
batch elapsed: 3.52
batch elapsed: 3.53
batch elapsed: 3.55
batch elapsed: 3.53
batch elapsed: 3.56
batch elapsed: 3.55
batch elapsed: 3.52
batch elapsed: 3.59
batch elapsed: 3.55
batch elapsed: 3.59
batch elapsed: 3.53
batch elapsed: 3.53
batch elapsed: 3.56
batch elapsed: 3.57
batch elapsed: 3.52
batch elapsed: 3.56
batch elapsed: 3.56
batch elapsed: 3.54
batch elapsed: 3.59
batch elapsed: 3.56
batch elapsed: 3.54
batch elapsed: 3.43
batch elapsed: 3.36
batch elapsed: 3.34
batch elapsed: 3.56
batch elapsed: 3.53
batch elapsed: 3.55
batch elapsed: 3.53
batch elapsed: 3.60
batch elapsed: 3.55
batch elapsed: 3.55
batch elapsed: 3.56
batch elapsed: 3.58
batch elapsed: 3.56
batch elapsed: 3.49
batch elapsed: 3.59
batch elapsed: 3.56
batch elapsed: 3.53
batch elapsed: 3.50
batch elapsed: 3.55
batch elapsed: 3.56
batch elapsed: 3.60
batch elapsed: 3.59
batch elapsed: 3.56
batch elapsed: 3.55
batch elapsed: 3.54
batch elapsed: 3.54
batch elapsed: 3.58
batch elapsed: 3.53
batch elapsed: 3.54
batch elapsed: 3.52
batch elapsed: 3.57
batch elapsed: 3.52
batch elapsed: 3.49
batch elapsed: 3.53
batch elapsed: 3.55
batch elapsed: 3.57
batch elapsed: 3.54
batch elapsed: 3.52
batch elapsed: 3.59
batch elapsed: 3.53
batch elapsed: 3.61
batch elapsed: 3.52
batch elapsed: 3.52
batch elapsed: 3.55
batch elapsed: 3.55
batch elapsed: 3.57
batch elapsed: 3.56
batch elapsed: 3.56
batch elapsed: 3.54
batch elapsed: 3.55
batch elapsed: 3.59
batch elapsed: 3.53
batch elapsed: 3.52
batch elapsed: 3.56
batch elapsed: 3.57
batch elapsed: 3.56
batch elapsed: 3.58
batch elapsed: 3.56
batch elapsed: 3.58
batch elapsed: 3.62
batch elapsed: 3.65
batch elapsed: 3.57
batch elapsed: 3.56
batch elapsed: 3.53
batch elapsed: 3.57
batch elapsed: 3.56
batch elapsed: 3.55
batch elapsed: 3.57
batch elapsed: 3.54
batch elapsed: 3.54
batch elapsed: 3.56
batch elapsed: 3.53
batch elapsed: 3.55
batch elapsed: 3.53
batch elapsed: 3.57
batch elapsed: 3.55
batch elapsed: 3.53
batch elapsed: 3.50
batch elapsed: 3.56
batch elapsed: 3.57
batch elapsed: 3.58
batch elapsed: 3.53
batch elapsed: 3.55
batch elapsed: 3.48
batch elapsed: 3.53
batch elapsed: 3.52
batch elapsed: 3.55
batch elapsed: 3.56
batch elapsed: 3.55
batch elapsed: 3.56
batch elapsed: 3.53
batch elapsed: 3.54
batch elapsed: 3.52
batch elapsed: 3.50
batch elapsed: 3.55
batch elapsed: 3.53
batch elapsed: 3.58
batch elapsed: 3.57
batch elapsed: 3.57
batch elapsed: 3.55
batch elapsed: 3.55
batch elapsed: 3.49
batch elapsed: 3.55
batch elapsed: 3.56
batch elapsed: 3.57
batch elapsed: 3.59
batch elapsed: 3.57
batch elapsed: 3.55
batch elapsed: 3.54
batch elapsed: 3.51
batch elapsed: 3.61
batch elapsed: 3.54
batch elapsed: 3.55
batch elapsed: 3.56
batch elapsed: 3.54
batch elapsed: 3.58
batch elapsed: 3.58
batch elapsed: 3.55
batch elapsed: 3.53
batch elapsed: 3.56
batch elapsed: 3.53
batch elapsed: 3.54
batch elapsed: 3.59
batch elapsed: 3.58
batch elapsed: 3.51
batch elapsed: 3.54
batch elapsed: 3.53
batch elapsed: 3.58
batch elapsed: 3.55
batch elapsed: 3.55
batch elapsed: 3.57
batch elapsed: 3.58
batch elapsed: 3.52
batch elapsed: 3.57
batch elapsed: 3.54
batch elapsed: 3.53
batch elapsed: 3.52
batch elapsed: 3.58
batch elapsed: 3.54
batch elapsed: 3.56
batch elapsed: 3.62
batch elapsed: 3.56
batch elapsed: 3.57
batch elapsed: 3.59
batch elapsed: 3.54
batch elapsed: 3.58
batch elapsed: 3.56
batch elapsed: 3.60
batch elapsed: 3.57
batch elapsed: 3.54
batch elapsed: 3.55
batch elapsed: 3.57
batch elapsed: 3.56
batch elapsed: 3.56
batch elapsed: 3.58
batch elapsed: 3.57
batch elapsed: 3.54
batch elapsed: 3.51
batch elapsed: 3.57
batch elapsed: 3.57
batch elapsed: 3.60
batch elapsed: 3.54
batch elapsed: 3.54
batch elapsed: 3.45
batch elapsed: 3.50
batch elapsed: 3.55
batch elapsed: 3.57
batch elapsed: 3.60
batch elapsed: 3.58
batch elapsed: 3.53
batch elapsed: 3.51
batch elapsed: 3.53
batch elapsed: 3.48
batch elapsed: 3.54
batch elapsed: 3.54
batch elapsed: 3.57
batch elapsed: 3.57
batch elapsed: 3.54
batch elapsed: 3.56
batch elapsed: 3.51
batch elapsed: 3.44
batch elapsed: 3.57
batch elapsed: 3.55
batch elapsed: 3.45
batch elapsed: 3.53
batch elapsed: 3.51
batch elapsed: 3.52
batch elapsed: 3.54
batch elapsed: 3.55
batch elapsed: 3.56
batch elapsed: 3.62
batch elapsed: 3.52
batch elapsed: 3.60
batch elapsed: 3.58
batch elapsed: 3.55
batch elapsed: 3.56
batch elapsed: 3.55
batch elapsed: 3.57
batch elapsed: 3.57
batch elapsed: 3.55
batch elapsed: 3.56
batch elapsed: 3.57
batch elapsed: 3.57
batch elapsed: 3.52
batch elapsed: 3.52
batch elapsed: 3.56
batch elapsed: 3.47
batch elapsed: 3.50
batch elapsed: 3.57
batch elapsed: 3.53
batch elapsed: 3.56
batch elapsed: 3.55
batch elapsed: 3.54
batch elapsed: 3.60
batch elapsed: 3.58
batch elapsed: 3.58
batch elapsed: 3.55
batch elapsed: 3.54
batch elapsed: 3.57
batch elapsed: 3.53
batch elapsed: 3.55
batch elapsed: 3.58
batch elapsed: 3.56
batch elapsed: 3.58
batch elapsed: 3.57
batch elapsed: 3.52
batch elapsed: 3.50
batch elapsed: 3.55
batch elapsed: 3.54
batch elapsed: 3.54
batch elapsed: 3.52
batch elapsed: 3.51
batch elapsed: 3.54
batch elapsed: 3.55
batch elapsed: 3.53
batch elapsed: 3.57
batch elapsed: 3.54
batch elapsed: 3.56
batch elapsed: 3.53
batch elapsed: 3.56
batch elapsed: 3.54
batch elapsed: 3.63
batch elapsed: 3.57
batch elapsed: 3.51
batch elapsed: 3.56
batch elapsed: 3.59
batch elapsed: 3.54
batch elapsed: 3.55
batch elapsed: 3.52
batch elapsed: 3.59
batch elapsed: 3.56
batch elapsed: 3.59
batch elapsed: 3.57
batch elapsed: 3.54
batch elapsed: 3.59
batch elapsed: 3.51
batch elapsed: 3.52
batch elapsed: 3.48
batch elapsed: 3.59
batch elapsed: 3.58
batch elapsed: 3.56
batch elapsed: 3.61
batch elapsed: 3.59
batch elapsed: 3.56
batch elapsed: 3.57
batch elapsed: 3.56
batch elapsed: 3.53
batch elapsed: 3.57
batch elapsed: 3.57
batch elapsed: 3.54
batch elapsed: 3.53
batch elapsed: 3.52
batch elapsed: 3.55
batch elapsed: 3.55
batch elapsed: 3.52
batch elapsed: 3.59
batch elapsed: 3.51
batch elapsed: 3.52
batch elapsed: 3.53
batch elapsed: 3.52
batch elapsed: 3.55
batch elapsed: 3.57
batch elapsed: 3.54
batch elapsed: 3.50
batch elapsed: 3.56
batch elapsed: 3.57
batch elapsed: 3.57
batch elapsed: 3.54
batch elapsed: 3.52
batch elapsed: 3.50
batch elapsed: 3.54
batch elapsed: 3.56
batch elapsed: 3.53
batch elapsed: 3.61
batch elapsed: 3.57
batch elapsed: 3.55
batch elapsed: 3.56
batch elapsed: 3.56
batch elapsed: 3.55
batch elapsed: 3.55
batch elapsed: 3.59
batch elapsed: 3.44
batch elapsed: 3.48
batch elapsed: 3.50
batch elapsed: 3.55
batch elapsed: 3.51
batch elapsed: 3.47
batch elapsed: 3.54
batch elapsed: 3.52
batch elapsed: 3.54
batch elapsed: 3.53
batch elapsed: 3.49
batch elapsed: 3.56
batch elapsed: 3.54
batch elapsed: 3.55
batch elapsed: 3.54
batch elapsed: 3.58
batch elapsed: 3.54
batch elapsed: 3.55
batch elapsed: 3.55
batch elapsed: 3.55
batch elapsed: 3.57
batch elapsed: 3.53
batch elapsed: 3.57
batch elapsed: 3.56
batch elapsed: 3.56
batch elapsed: 3.56
batch elapsed: 3.50
batch elapsed: 3.56
batch elapsed: 3.56
batch elapsed: 3.50
batch elapsed: 3.54
batch elapsed: 3.52
batch elapsed: 3.57
batch elapsed: 3.41
batch elapsed: 3.39
batch elapsed: 3.56
batch elapsed: 3.59
batch elapsed: 3.56
batch elapsed: 3.54
batch elapsed: 3.51
batch elapsed: 3.53
batch elapsed: 3.49
batch elapsed: 3.57
batch elapsed: 3.54
batch elapsed: 3.60
batch elapsed: 3.57
batch elapsed: 3.57
batch elapsed: 3.57
batch elapsed: 3.57
batch elapsed: 3.59
batch elapsed: 3.57
batch elapsed: 3.60
batch elapsed: 3.57
batch elapsed: 3.54
batch elapsed: 3.49
batch elapsed: 3.57
batch elapsed: 3.56
batch elapsed: 3.56
batch elapsed: 3.55
batch elapsed: 3.55
batch elapsed: 3.60
batch elapsed: 3.53
batch elapsed: 3.54
batch elapsed: 3.53
batch elapsed: 3.56
batch elapsed: 3.51
batch elapsed: 3.53
batch elapsed: 3.58
batch elapsed: 3.59
batch elapsed: 3.60
batch elapsed: 3.26
batch elapsed: 3.52
batch elapsed: 3.59
batch elapsed: 3.56
batch elapsed: 3.52
batch elapsed: 3.55
batch elapsed: 3.55
batch elapsed: 3.47
batch elapsed: 3.47
batch elapsed: 3.53
batch elapsed: 3.55
batch elapsed: 3.57
batch elapsed: 3.54
batch elapsed: 3.54
batch elapsed: 3.56
batch elapsed: 3.49
batch elapsed: 3.52
batch elapsed: 3.59
batch elapsed: 3.55
batch elapsed: 3.61
batch elapsed: 3.53
batch elapsed: 3.57
batch elapsed: 3.56
batch elapsed: 3.53
batch elapsed: 3.54
batch elapsed: 3.55
batch elapsed: 3.54
batch elapsed: 3.60
batch elapsed: 3.60
batch elapsed: 3.60
batch elapsed: 3.60
batch elapsed: 3.56
batch elapsed: 3.59
batch elapsed: 3.54
batch elapsed: 3.55
batch elapsed: 3.53
batch elapsed: 3.54
batch elapsed: 3.56
batch elapsed: 3.55
batch elapsed: 3.50
batch elapsed: 3.55
batch elapsed: 3.52
batch elapsed: 3.55
batch elapsed: 3.57
batch elapsed: 3.53
batch elapsed: 3.54
batch elapsed: 3.55
batch elapsed: 3.55
batch elapsed: 3.56
batch elapsed: 3.54
batch elapsed: 3.58
batch elapsed: 3.55
batch elapsed: 3.56
batch elapsed: 3.55
batch elapsed: 3.56
batch elapsed: 3.55
batch elapsed: 3.52
batch elapsed: 3.53
batch elapsed: 3.56
batch elapsed: 3.56
batch elapsed: 3.55
batch elapsed: 3.40
batch elapsed: 3.56
batch elapsed: 3.48
batch elapsed: 3.33
batch elapsed: 3.38
batch elapsed: 3.56
batch elapsed: 3.56
batch elapsed: 3.54
batch elapsed: 3.54
batch elapsed: 3.57
batch elapsed: 3.55
batch elapsed: 3.56
batch elapsed: 3.56
batch elapsed: 3.57
batch elapsed: 3.57
batch elapsed: 3.56
batch elapsed: 3.54
batch elapsed: 3.57
batch elapsed: 3.53
batch elapsed: 3.57
batch elapsed: 3.57
batch elapsed: 3.56
batch elapsed: 3.56
batch elapsed: 3.52
batch elapsed: 3.54
batch elapsed: 3.58
batch elapsed: 3.51
batch elapsed: 3.51
batch elapsed: 3.54
batch elapsed: 3.60
batch elapsed: 3.59
batch elapsed: 3.56
batch elapsed: 3.56
batch elapsed: 3.57
batch elapsed: 3.54
batch elapsed: 3.57
batch elapsed: 3.57
batch elapsed: 3.57
batch elapsed: 3.63
batch elapsed: 3.54
batch elapsed: 3.37
batch elapsed: 3.41
batch elapsed: 3.55
batch elapsed: 3.56
batch elapsed: 3.49
batch elapsed: 3.60
batch elapsed: 3.54
batch elapsed: 3.53
batch elapsed: 3.57
batch elapsed: 3.60
batch elapsed: 3.55
batch elapsed: 3.55
batch elapsed: 3.53
batch elapsed: 3.54
batch elapsed: 3.58
batch elapsed: 3.54
batch elapsed: 3.59
batch elapsed: 3.56
batch elapsed: 3.53
batch elapsed: 3.56
batch elapsed: 3.56
batch elapsed: 3.54
batch elapsed: 3.63
batch elapsed: 3.54
batch elapsed: 3.53
batch elapsed: 3.50
batch elapsed: 3.54
batch elapsed: 3.55
batch elapsed: 3.53
batch elapsed: 3.53
batch elapsed: 3.60
batch elapsed: 3.59
batch elapsed: 3.55
batch elapsed: 3.56
batch elapsed: 3.54
batch elapsed: 3.58
batch elapsed: 3.59
batch elapsed: 3.60
batch elapsed: 3.53
batch elapsed: 3.61
batch elapsed: 3.57
batch elapsed: 3.60
batch elapsed: 3.54
batch elapsed: 3.56
batch elapsed: 3.57
batch elapsed: 3.59
batch elapsed: 3.51
batch elapsed: 3.54
batch elapsed: 3.52
batch elapsed: 3.54
batch elapsed: 3.50
batch elapsed: 3.55
batch elapsed: 3.55
batch elapsed: 3.55
batch elapsed: 3.53
batch elapsed: 3.54
batch elapsed: 3.58
batch elapsed: 3.55
batch elapsed: 3.50
batch elapsed: 3.57
batch elapsed: 3.57
batch elapsed: 3.55
batch elapsed: 3.57
batch elapsed: 3.56
batch elapsed: 3.57
batch elapsed: 3.55
batch elapsed: 3.53
batch elapsed: 3.60
batch elapsed: 3.51
batch elapsed: 3.54
batch elapsed: 3.56
batch elapsed: 3.49
batch elapsed: 3.53
batch elapsed: 3.57
batch elapsed: 3.56
batch elapsed: 3.57
batch elapsed: 3.60
batch elapsed: 3.54
batch elapsed: 3.53
batch elapsed: 3.56
batch elapsed: 3.58
batch elapsed: 3.53
batch elapsed: 3.40
batch elapsed: 3.54
batch elapsed: 3.53
batch elapsed: 3.54
batch elapsed: 3.59
batch elapsed: 3.54
batch elapsed: 3.56
batch elapsed: 3.55
batch elapsed: 3.53
batch elapsed: 3.59
batch elapsed: 3.55
batch elapsed: 3.56
batch elapsed: 3.55
batch elapsed: 3.53
batch elapsed: 3.53
batch elapsed: 3.57
batch elapsed: 3.64
batch elapsed: 3.58
batch elapsed: 3.53
batch elapsed: 3.53
batch elapsed: 3.56
batch elapsed: 3.56
batch elapsed: 3.51
batch elapsed: 3.50
batch elapsed: 3.42
batch elapsed: 3.51
batch elapsed: 3.44
batch elapsed: 3.55
batch elapsed: 3.55
batch elapsed: 3.52
batch elapsed: 3.60
batch elapsed: 3.57
batch elapsed: 3.56
batch elapsed: 3.53
batch elapsed: 3.59
batch elapsed: 3.60
batch elapsed: 3.56
batch elapsed: 3.56
batch elapsed: 3.55
batch elapsed: 3.59
batch elapsed: 3.55
batch elapsed: 3.57
batch elapsed: 3.54
batch elapsed: 3.50
batch elapsed: 3.47
batch elapsed: 3.53
batch elapsed: 3.53
batch elapsed: 3.57
batch elapsed: 3.56
batch elapsed: 3.56
batch elapsed: 3.54
batch elapsed: 3.55
batch elapsed: 3.53
batch elapsed: 3.54
batch elapsed: 3.50
batch elapsed: 3.49
batch elapsed: 3.54
batch elapsed: 3.51
batch elapsed: 3.56
batch elapsed: 3.51
batch elapsed: 3.59
batch elapsed: 3.55
batch elapsed: 3.51
batch elapsed: 3.55
batch elapsed: 3.59
batch elapsed: 3.53
batch elapsed: 3.57
batch elapsed: 3.57
batch elapsed: 3.54
batch elapsed: 3.57
batch elapsed: 3.59
batch elapsed: 3.57
batch elapsed: 3.52
batch elapsed: 3.56
batch elapsed: 3.56
batch elapsed: 3.57
batch elapsed: 3.59
batch elapsed: 3.44
batch elapsed: 3.64
batch elapsed: 3.62
batch elapsed: 3.58
batch elapsed: 3.60
batch elapsed: 3.58
batch elapsed: 3.58
batch elapsed: 3.58
batch elapsed: 3.53
batch elapsed: 3.49
batch elapsed: 3.52
batch elapsed: 3.54
batch elapsed: 3.64
batch elapsed: 3.53
batch elapsed: 3.54
batch elapsed: 3.60
batch elapsed: 3.54
batch elapsed: 3.54
batch elapsed: 3.56
batch elapsed: 3.52
batch elapsed: 3.56
batch elapsed: 3.56
batch elapsed: 3.54
batch elapsed: 3.54
batch elapsed: 3.58
batch elapsed: 3.57
batch elapsed: 3.57
batch elapsed: 3.55
batch elapsed: 3.51
batch elapsed: 3.54
batch elapsed: 3.60
batch elapsed: 3.51
batch elapsed: 3.52
batch elapsed: 3.62
batch elapsed: 3.58
batch elapsed: 3.53
batch elapsed: 3.56
batch elapsed: 3.56
batch elapsed: 3.57
batch elapsed: 3.56
batch elapsed: 3.53
batch elapsed: 3.54
batch elapsed: 3.55
batch elapsed: 3.55
batch elapsed: 3.52
batch elapsed: 3.54
batch elapsed: 3.55
batch elapsed: 3.51
batch elapsed: 3.58
batch elapsed: 3.55
batch elapsed: 3.62
batch elapsed: 3.55
batch elapsed: 3.58
batch elapsed: 3.56
batch elapsed: 3.58
batch elapsed: 3.59
batch elapsed: 3.53
batch elapsed: 3.52
batch elapsed: 3.55
batch elapsed: 3.58
batch elapsed: 3.56
batch elapsed: 3.59
batch elapsed: 3.55
batch elapsed: 3.57
batch elapsed: 3.52
batch elapsed: 3.56
batch elapsed: 3.54
batch elapsed: 3.57
batch elapsed: 3.53
batch elapsed: 3.54
batch elapsed: 3.55
batch elapsed: 3.56
batch elapsed: 3.57
batch elapsed: 3.64
batch elapsed: 3.60
batch elapsed: 3.52
batch elapsed: 3.50
batch elapsed: 3.54
batch elapsed: 3.43
batch elapsed: 3.52
batch elapsed: 3.57
batch elapsed: 3.57
batch elapsed: 3.58
batch elapsed: 3.54
batch elapsed: 3.51
batch elapsed: 3.53
batch elapsed: 3.52
batch elapsed: 3.57
batch elapsed: 3.54
batch elapsed: 3.52
batch elapsed: 3.53
batch elapsed: 3.57
batch elapsed: 3.47
batch elapsed: 3.56
batch elapsed: 3.58
batch elapsed: 3.54
batch elapsed: 3.55
batch elapsed: 3.56
batch elapsed: 3.55
batch elapsed: 3.53
batch elapsed: 3.58
batch elapsed: 3.56
batch elapsed: 3.56
batch elapsed: 3.54
batch elapsed: 3.58
batch elapsed: 3.48
batch elapsed: 3.52
batch elapsed: 3.46
batch elapsed: 3.48
batch elapsed: 3.57
batch elapsed: 3.56
batch elapsed: 3.55
batch elapsed: 3.57
batch elapsed: 3.57
batch elapsed: 3.56
batch elapsed: 3.55
batch elapsed: 3.55
batch elapsed: 3.52
batch elapsed: 3.50
batch elapsed: 3.54
batch elapsed: 3.51
batch elapsed: 3.54
batch elapsed: 3.54
batch elapsed: 3.58
batch elapsed: 3.58
batch elapsed: 3.56
batch elapsed: 3.55
batch elapsed: 3.41
batch elapsed: 3.58
batch elapsed: 3.59
batch elapsed: 3.54
batch elapsed: 3.56
batch elapsed: 3.56
batch elapsed: 3.60
batch elapsed: 3.56
batch elapsed: 3.56
batch elapsed: 3.57
batch elapsed: 3.54
batch elapsed: 3.53
batch elapsed: 3.57
batch elapsed: 3.52
batch elapsed: 3.54
batch elapsed: 3.56
batch elapsed: 3.54
batch elapsed: 3.49
batch elapsed: 3.55
batch elapsed: 3.58
batch elapsed: 3.59
batch elapsed: 3.60
batch elapsed: 3.63
batch elapsed: 3.56
batch elapsed: 3.57
batch elapsed: 3.53
batch elapsed: 3.54
batch elapsed: 3.55
batch elapsed: 3.57
batch elapsed: 3.47
batch elapsed: 3.50
batch elapsed: 3.53
batch elapsed: 3.58
batch elapsed: 3.54
batch elapsed: 3.53
batch elapsed: 3.55
batch elapsed: 3.57
batch elapsed: 3.47
batch elapsed: 3.54
batch elapsed: 3.51
batch elapsed: 3.56
batch elapsed: 3.54
batch elapsed: 3.56
batch elapsed: 3.57
batch elapsed: 3.53
batch elapsed: 3.53
batch elapsed: 3.56
batch elapsed: 3.61
batch elapsed: 3.53
batch elapsed: 3.57
batch elapsed: 3.57
batch elapsed: 3.55
batch elapsed: 3.54
batch elapsed: 3.59
batch elapsed: 3.58
batch elapsed: 3.52
batch elapsed: 3.54
batch elapsed: 3.53
batch elapsed: 3.55
batch elapsed: 3.53
batch elapsed: 3.49
batch elapsed: 3.54
batch elapsed: 3.54
batch elapsed: 3.53
batch elapsed: 3.56
batch elapsed: 3.56
batch elapsed: 3.55
batch elapsed: 3.54
batch elapsed: 3.55
batch elapsed: 3.60
batch elapsed: 3.56
batch elapsed: 3.55
batch elapsed: 3.58
batch elapsed: 3.53
batch elapsed: 3.58
batch elapsed: 3.54
batch elapsed: 3.56
batch elapsed: 3.53
batch elapsed: 3.54
batch elapsed: 3.53
batch elapsed: 3.56
batch elapsed: 3.57
batch elapsed: 3.59
batch elapsed: 3.55
batch elapsed: 3.55
batch elapsed: 3.51
batch elapsed: 3.53
batch elapsed: 3.55
batch elapsed: 3.56
batch elapsed: 3.55
batch elapsed: 3.54
batch elapsed: 3.62
batch elapsed: 3.57
batch elapsed: 3.55
batch elapsed: 3.54
batch elapsed: 3.56
batch elapsed: 3.59
batch elapsed: 3.57
batch elapsed: 3.54
batch elapsed: 3.58
batch elapsed: 3.54
batch elapsed: 3.55
batch elapsed: 3.59
batch elapsed: 3.55
batch elapsed: 3.55
batch elapsed: 3.55
batch elapsed: 3.49
batch elapsed: 3.66
batch elapsed: 3.55
batch elapsed: 3.53
batch elapsed: 3.57
batch elapsed: 3.52
batch elapsed: 3.58
batch elapsed: 3.60
batch elapsed: 3.55
batch elapsed: 3.55
batch elapsed: 3.52
batch elapsed: 3.54
batch elapsed: 3.58
batch elapsed: 3.55
batch elapsed: 3.59
batch elapsed: 3.56
batch elapsed: 3.53
batch elapsed: 3.48
batch elapsed: 3.54
batch elapsed: 3.57
batch elapsed: 3.49
batch elapsed: 3.41
batch elapsed: 3.59
batch elapsed: 3.52
batch elapsed: 3.55
batch elapsed: 3.60
batch elapsed: 3.56
batch elapsed: 3.56
batch elapsed: 3.55
batch elapsed: 3.46
batch elapsed: 3.57
batch elapsed: 3.56
batch elapsed: 3.58
batch elapsed: 3.57
batch elapsed: 3.53
batch elapsed: 3.55
batch elapsed: 3.58
batch elapsed: 3.50
batch elapsed: 3.58
batch elapsed: 3.56
batch elapsed: 3.54
batch elapsed: 3.54
batch elapsed: 3.58
batch elapsed: 3.52
batch elapsed: 3.53
batch elapsed: 3.53
batch elapsed: 3.57
batch elapsed: 3.61
batch elapsed: 3.56
batch elapsed: 3.57
batch elapsed: 3.54
batch elapsed: 3.57
batch elapsed: 3.59
batch elapsed: 3.60
batch elapsed: 3.52
batch elapsed: 3.56
batch elapsed: 3.45
batch elapsed: 3.49
batch elapsed: 3.56
batch elapsed: 3.54
batch elapsed: 3.56
batch elapsed: 3.58
batch elapsed: 3.56
batch elapsed: 3.52
batch elapsed: 3.53
batch elapsed: 3.51
batch elapsed: 3.50
batch elapsed: 3.55
batch elapsed: 3.56
batch elapsed: 3.55
batch elapsed: 3.49
batch elapsed: 3.56
batch elapsed: 3.55
batch elapsed: 3.50
batch elapsed: 3.49
batch elapsed: 3.52
batch elapsed: 3.59
batch elapsed: 3.55
batch elapsed: 3.57
batch elapsed: 3.56
batch elapsed: 3.54
batch elapsed: 3.59
batch elapsed: 3.51
batch elapsed: 3.58
batch elapsed: 3.55
batch elapsed: 3.54
batch elapsed: 3.57
batch elapsed: 3.56
batch elapsed: 3.49
batch elapsed: 3.57
batch elapsed: 3.58
batch elapsed: 3.56
batch elapsed: 3.59
batch elapsed: 3.57
batch elapsed: 3.52
batch elapsed: 3.55
batch elapsed: 3.57
batch elapsed: 3.54
batch elapsed: 3.52
batch elapsed: 3.53
batch elapsed: 3.55
batch elapsed: 3.52
batch elapsed: 3.58
batch elapsed: 3.61
batch elapsed: 3.56
batch elapsed: 3.54
batch elapsed: 3.54
batch elapsed: 3.56
batch elapsed: 3.58
batch elapsed: 3.58
batch elapsed: 3.53
batch elapsed: 3.54
batch elapsed: 3.54
batch elapsed: 3.53
batch elapsed: 3.56
batch elapsed: 3.53
batch elapsed: 3.51
batch elapsed: 3.53
batch elapsed: 3.50
batch elapsed: 3.57
batch elapsed: 3.51
batch elapsed: 3.57
batch elapsed: 3.45
batch elapsed: 3.39
batch elapsed: 3.44
batch elapsed: 3.52
batch elapsed: 3.54
batch elapsed: 3.54
batch elapsed: 3.54
batch elapsed: 3.57
batch elapsed: 3.55
batch elapsed: 3.55
batch elapsed: 3.56
batch elapsed: 3.56
batch elapsed: 3.62
batch elapsed: 3.53
batch elapsed: 3.56
batch elapsed: 3.55
batch elapsed: 3.53
batch elapsed: 3.57
batch elapsed: 3.57
batch elapsed: 3.58
batch elapsed: 3.47
batch elapsed: 3.50
batch elapsed: 3.54
batch elapsed: 3.66
batch elapsed: 3.57
batch elapsed: 3.59
batch elapsed: 3.57
batch elapsed: 3.54
batch elapsed: 3.54
batch elapsed: 3.61
batch elapsed: 3.51
batch elapsed: 3.58
batch elapsed: 3.55
batch elapsed: 3.53
batch elapsed: 3.52
batch elapsed: 3.54
batch elapsed: 3.55
batch elapsed: 3.59
batch elapsed: 3.52
batch elapsed: 3.50
batch elapsed: 3.56
batch elapsed: 3.54
batch elapsed: 3.55
batch elapsed: 3.57
batch elapsed: 3.56
batch elapsed: 3.54
batch elapsed: 3.61
batch elapsed: 3.59
batch elapsed: 3.56
batch elapsed: 3.56
batch elapsed: 3.57
batch elapsed: 3.56
batch elapsed: 3.58
batch elapsed: 3.59
batch elapsed: 3.36
batch elapsed: 3.38
batch elapsed: 3.58
batch elapsed: 3.58
batch elapsed: 3.55
batch elapsed: 3.57
batch elapsed: 3.54
batch elapsed: 3.54
batch elapsed: 3.53
batch elapsed: 3.59
batch elapsed: 3.57
batch elapsed: 3.54
batch elapsed: 3.51
batch elapsed: 3.53
batch elapsed: 3.61
batch elapsed: 3.52
batch elapsed: 3.55
batch elapsed: 3.60
batch elapsed: 3.55
batch elapsed: 3.52
batch elapsed: 3.57
batch elapsed: 3.56
batch elapsed: 3.53
batch elapsed: 3.54
batch elapsed: 3.58
batch elapsed: 3.55
batch elapsed: 3.57
batch elapsed: 3.53
batch elapsed: 3.54
batch elapsed: 3.59
batch elapsed: 3.51
batch elapsed: 3.51
batch elapsed: 3.55
batch elapsed: 3.58
batch elapsed: 3.54
batch elapsed: 3.48
batch elapsed: 3.56
batch elapsed: 3.57
batch elapsed: 3.56
batch elapsed: 3.54
batch elapsed: 3.54
batch elapsed: 3.54
batch elapsed: 3.50
batch elapsed: 3.53
batch elapsed: 3.54
batch elapsed: 3.55
batch elapsed: 3.51
batch elapsed: 3.40
batch elapsed: 3.56
batch elapsed: 3.54
batch elapsed: 3.55
batch elapsed: 3.58
batch elapsed: 3.56
batch elapsed: 3.57
batch elapsed: 3.58
batch elapsed: 3.57
batch elapsed: 3.54
batch elapsed: 3.53
batch elapsed: 3.56
batch elapsed: 3.58
batch elapsed: 3.53
batch elapsed: 3.55
batch elapsed: 3.56
batch elapsed: 3.57
batch elapsed: 3.53
batch elapsed: 3.55
batch elapsed: 3.52
batch elapsed: 3.52
batch elapsed: 3.53
batch elapsed: 3.55
batch elapsed: 3.55
batch elapsed: 3.57
batch elapsed: 3.54
batch elapsed: 3.58
batch elapsed: 3.56
batch elapsed: 3.57
batch elapsed: 3.57
batch elapsed: 3.59
batch elapsed: 3.55
batch elapsed: 3.59
batch elapsed: 3.57
batch elapsed: 3.57
batch elapsed: 3.54
batch elapsed: 3.55
batch elapsed: 3.52
batch elapsed: 3.51
batch elapsed: 3.55
batch elapsed: 3.56
batch elapsed: 3.54
batch elapsed: 3.56
batch elapsed: 3.54
batch elapsed: 3.57
batch elapsed: 3.52
batch elapsed: 3.57
batch elapsed: 3.50
batch elapsed: 3.55
batch elapsed: 3.54
batch elapsed: 3.56
batch elapsed: 3.51
batch elapsed: 3.53
batch elapsed: 3.57
batch elapsed: 3.56
batch elapsed: 3.55
batch elapsed: 3.56
batch elapsed: 3.50
batch elapsed: 3.56
batch elapsed: 3.51
batch elapsed: 3.50
batch elapsed: 3.49
batch elapsed: 3.56
batch elapsed: 3.58
batch elapsed: 3.54
batch elapsed: 3.61
batch elapsed: 3.61
batch elapsed: 3.56
batch elapsed: 3.59
batch elapsed: 3.53
batch elapsed: 3.55
batch elapsed: 3.50
batch elapsed: 3.51
batch elapsed: 3.55
batch elapsed: 3.55
batch elapsed: 3.60
batch elapsed: 3.56
batch elapsed: 3.54
batch elapsed: 3.55
batch elapsed: 3.51
batch elapsed: 3.58
batch elapsed: 3.58
batch elapsed: 3.53
batch elapsed: 3.58
batch elapsed: 3.53
batch elapsed: 3.56
batch elapsed: 3.55
batch elapsed: 3.58
batch elapsed: 3.56
batch elapsed: 3.54
batch elapsed: 3.49
batch elapsed: 3.55
batch elapsed: 3.55
batch elapsed: 3.52
batch elapsed: 3.53
batch elapsed: 3.56
batch elapsed: 3.54
batch elapsed: 3.55
batch elapsed: 3.58
batch elapsed: 3.58
batch elapsed: 3.60
batch elapsed: 3.61
batch elapsed: 3.50
batch elapsed: 3.60
batch elapsed: 3.55
batch elapsed: 3.53
batch elapsed: 3.55
batch elapsed: 3.54
batch elapsed: 3.52
batch elapsed: 3.48
batch elapsed: 3.54
batch elapsed: 3.55
batch elapsed: 3.57
batch elapsed: 3.53
batch elapsed: 3.53
batch elapsed: 3.56
batch elapsed: 3.56
batch elapsed: 3.51
batch elapsed: 3.58
batch elapsed: 3.54
batch elapsed: 3.55
batch elapsed: 3.54
batch elapsed: 3.57
batch elapsed: 3.56
batch elapsed: 3.53
batch elapsed: 3.53
batch elapsed: 3.56
batch elapsed: 3.54
batch elapsed: 3.55
batch elapsed: 3.49
batch elapsed: 3.59
batch elapsed: 3.54
batch elapsed: 3.54
batch elapsed: 3.56
batch elapsed: 3.54
batch elapsed: 3.56
batch elapsed: 3.53
batch elapsed: 3.54
batch elapsed: 3.57
batch elapsed: 3.57
batch elapsed: 3.48
batch elapsed: 3.55
batch elapsed: 3.46
batch elapsed: 3.50
batch elapsed: 3.57
batch elapsed: 3.54
batch elapsed: 3.54
batch elapsed: 3.56
batch elapsed: 3.55
batch elapsed: 3.54
batch elapsed: 3.55
batch elapsed: 3.56
batch elapsed: 3.56
batch elapsed: 3.55
batch elapsed: 3.55
batch elapsed: 3.55
batch elapsed: 3.63
batch elapsed: 3.52
batch elapsed: 3.55
batch elapsed: 3.54
batch elapsed: 3.57
batch elapsed: 3.60
batch elapsed: 3.55
batch elapsed: 3.56
batch elapsed: 3.54
batch elapsed: 3.53
batch elapsed: 3.53
batch elapsed: 3.56
batch elapsed: 3.56
batch elapsed: 3.60
batch elapsed: 3.55
batch elapsed: 3.62
batch elapsed: 3.55
batch elapsed: 3.56
batch elapsed: 3.54
batch elapsed: 3.58
batch elapsed: 3.58
batch elapsed: 3.56
batch elapsed: 3.52
batch elapsed: 3.42
batch elapsed: 3.53
batch elapsed: 3.57
batch elapsed: 3.58
batch elapsed: 3.56
batch elapsed: 3.55
batch elapsed: 3.54
batch elapsed: 3.53
batch elapsed: 3.57
batch elapsed: 3.52
batch elapsed: 3.52
batch elapsed: 3.56
batch elapsed: 3.57
batch elapsed: 3.59
batch elapsed: 3.57
batch elapsed: 3.62
batch elapsed: 3.56
batch elapsed: 3.55
batch elapsed: 3.57
batch elapsed: 3.57
batch elapsed: 3.57
batch elapsed: 3.57
batch elapsed: 3.56
batch elapsed: 3.54
batch elapsed: 3.56
batch elapsed: 3.56
batch elapsed: 3.61
batch elapsed: 3.48
batch elapsed: 3.49
batch elapsed: 3.56
batch elapsed: 3.58
batch elapsed: 3.59
batch elapsed: 3.59
batch elapsed: 3.55
batch elapsed: 3.55
batch elapsed: 3.50
batch elapsed: 3.52
batch elapsed: 3.58
batch elapsed: 3.54
batch elapsed: 3.59
batch elapsed: 3.37
batch elapsed: 3.54
batch elapsed: 3.55
batch elapsed: 3.57
batch elapsed: 3.54
batch elapsed: 3.57
batch elapsed: 3.55
batch elapsed: 3.50
batch elapsed: 3.53
batch elapsed: 3.55
batch elapsed: 3.55
batch elapsed: 3.52
batch elapsed: 3.55
batch elapsed: 3.60
batch elapsed: 3.62
batch elapsed: 3.57
batch elapsed: 3.56
batch elapsed: 3.54
batch elapsed: 3.51
batch elapsed: 3.56
batch elapsed: 3.58
batch elapsed: 3.54
batch elapsed: 3.54
batch elapsed: 3.59
batch elapsed: 3.53
batch elapsed: 3.56
batch elapsed: 3.54
batch elapsed: 3.56
batch elapsed: 3.59
batch elapsed: 3.52
batch elapsed: 3.53
batch elapsed: 3.52
batch elapsed: 3.53
batch elapsed: 3.51
batch elapsed: 3.55
batch elapsed: 3.55
batch elapsed: 3.56
batch elapsed: 3.51
batch elapsed: 3.55
batch elapsed: 3.56
batch elapsed: 3.57
batch elapsed: 3.51
batch elapsed: 3.56
batch elapsed: 3.58
batch elapsed: 3.55
batch elapsed: 3.56
batch elapsed: 3.56
batch elapsed: 3.58
batch elapsed: 3.54
batch elapsed: 3.54
batch elapsed: 3.59
batch elapsed: 3.52
batch elapsed: 3.54
batch elapsed: 3.58
batch elapsed: 3.55
batch elapsed: 3.56
batch elapsed: 3.57
batch elapsed: 3.57
batch elapsed: 3.57
batch elapsed: 3.65
batch elapsed: 3.55
batch elapsed: 3.52
batch elapsed: 3.55
batch elapsed: 3.57
batch elapsed: 3.53
batch elapsed: 3.37
batch elapsed: 3.54
batch elapsed: 3.53
batch elapsed: 3.55
batch elapsed: 3.58
batch elapsed: 3.59
batch elapsed: 3.56
batch elapsed: 3.55
batch elapsed: 3.53
batch elapsed: 3.59
batch elapsed: 3.55
batch elapsed: 3.56
batch elapsed: 3.56
batch elapsed: 3.59
batch elapsed: 3.54
batch elapsed: 3.54
batch elapsed: 3.59
batch elapsed: 3.53
batch elapsed: 3.53
batch elapsed: 3.55
batch elapsed: 3.53
batch elapsed: 3.56
batch elapsed: 3.52
batch elapsed: 3.50
batch elapsed: 3.48
batch elapsed: 3.45
batch elapsed: 3.38
batch elapsed: 3.55
batch elapsed: 3.44
batch elapsed: 3.52
batch elapsed: 3.56
batch elapsed: 3.57
batch elapsed: 3.56
batch elapsed: 3.54
batch elapsed: 3.56
batch elapsed: 3.60
batch elapsed: 3.59
batch elapsed: 3.54
batch elapsed: 3.56
batch elapsed: 3.53
batch elapsed: 3.54
batch elapsed: 3.58
batch elapsed: 3.55
batch elapsed: 3.64
batch elapsed: 3.52
batch elapsed: 3.57
batch elapsed: 3.61
batch elapsed: 3.60
batch elapsed: 3.61
batch elapsed: 3.61
batch elapsed: 3.54
batch elapsed: 3.57
batch elapsed: 3.63
batch elapsed: 3.54
batch elapsed: 3.54
batch elapsed: 3.55
batch elapsed: 3.60
batch elapsed: 3.51
batch elapsed: 3.56
batch elapsed: 3.53
batch elapsed: 3.58
batch elapsed: 3.55
batch elapsed: 3.51
batch elapsed: 3.55
batch elapsed: 3.58
batch elapsed: 3.54
batch elapsed: 3.56
batch elapsed: 3.51
batch elapsed: 3.55
batch elapsed: 3.57
batch elapsed: 3.59
batch elapsed: 3.58
batch elapsed: 3.50
batch elapsed: 3.58
batch elapsed: 3.57
batch elapsed: 3.56
batch elapsed: 3.64
batch elapsed: 3.51
batch elapsed: 3.52
batch elapsed: 3.58
batch elapsed: 3.58
batch elapsed: 3.60
batch elapsed: 3.57
batch elapsed: 3.58
batch elapsed: 3.58
batch elapsed: 3.48
batch elapsed: 3.48
batch elapsed: 3.54
batch elapsed: 3.55
batch elapsed: 3.53
batch elapsed: 3.49
batch elapsed: 3.39
batch elapsed: 3.49
batch elapsed: 3.55
batch elapsed: 3.54
batch elapsed: 3.55
batch elapsed: 3.52
batch elapsed: 3.56
batch elapsed: 3.56
batch elapsed: 3.55
batch elapsed: 3.53
batch elapsed: 3.56
batch elapsed: 3.57
batch elapsed: 3.56
batch elapsed: 3.57
batch elapsed: 3.51
batch elapsed: 3.48
batch elapsed: 3.55
batch elapsed: 3.52
batch elapsed: 3.51
batch elapsed: 3.57
batch elapsed: 3.57
batch elapsed: 3.54
batch elapsed: 3.54
batch elapsed: 3.56
batch elapsed: 3.58
batch elapsed: 3.54
batch elapsed: 3.54
batch elapsed: 3.55
batch elapsed: 3.56
batch elapsed: 3.54
batch elapsed: 3.50
batch elapsed: 3.56
batch elapsed: 3.60
batch elapsed: 3.63
batch elapsed: 3.46
batch elapsed: 3.55
batch elapsed: 3.62
batch elapsed: 3.55
batch elapsed: 3.58
batch elapsed: 3.56
batch elapsed: 3.56
batch elapsed: 3.65
batch elapsed: 3.55
batch elapsed: 3.52
batch elapsed: 3.54
batch elapsed: 3.56
batch elapsed: 3.55
batch elapsed: 3.55
batch elapsed: 3.55
batch elapsed: 3.53
batch elapsed: 3.53
batch elapsed: 3.55
batch elapsed: 3.54
batch elapsed: 3.51
batch elapsed: 3.53
batch elapsed: 3.54
batch elapsed: 3.43
batch elapsed: 3.56
batch elapsed: 3.56
batch elapsed: 3.55
batch elapsed: 3.58
batch elapsed: 3.54
batch elapsed: 3.55
batch elapsed: 3.54
batch elapsed: 3.57
batch elapsed: 3.62
batch elapsed: 3.57
batch elapsed: 3.56
batch elapsed: 3.59
batch elapsed: 3.58
batch elapsed: 3.46
batch elapsed: 3.53
batch elapsed: 3.52
batch elapsed: 3.57
batch elapsed: 3.54
batch elapsed: 3.54
batch elapsed: 3.56
batch elapsed: 3.54
batch elapsed: 3.57
batch elapsed: 3.57
batch elapsed: 3.58
batch elapsed: 3.55
batch elapsed: 3.56
batch elapsed: 3.55
batch elapsed: 3.56
batch elapsed: 3.55
batch elapsed: 3.54
batch elapsed: 3.56
batch elapsed: 3.56
batch elapsed: 3.55
batch elapsed: 3.56
batch elapsed: 3.49
batch elapsed: 3.57
batch elapsed: 3.50
batch elapsed: 3.51
batch elapsed: 3.48
batch elapsed: 3.56
batch elapsed: 3.57
batch elapsed: 3.50
batch elapsed: 3.50
batch elapsed: 3.55
batch elapsed: 3.57
batch elapsed: 3.52
batch elapsed: 3.54
batch elapsed: 3.49
batch elapsed: 3.49
batch elapsed: 3.53
batch elapsed: 3.54
batch elapsed: 3.55
batch elapsed: 3.59
batch elapsed: 3.58
batch elapsed: 3.59
batch elapsed: 3.56
batch elapsed: 3.57
batch elapsed: 3.63
batch elapsed: 3.59
batch elapsed: 3.53
batch elapsed: 3.58
batch elapsed: 3.53
batch elapsed: 3.55
batch elapsed: 3.56
batch elapsed: 3.57
batch elapsed: 3.56
batch elapsed: 3.55
batch elapsed: 3.55
batch elapsed: 3.66
batch elapsed: 3.55
batch elapsed: 3.51
batch elapsed: 3.55
batch elapsed: 3.56
batch elapsed: 3.52
batch elapsed: 3.51
batch elapsed: 3.58
batch elapsed: 3.58
batch elapsed: 3.59
batch elapsed: 3.49
batch elapsed: 3.52
batch elapsed: 3.59
batch elapsed: 3.56
batch elapsed: 3.52
batch elapsed: 3.55
batch elapsed: 3.54
batch elapsed: 3.54
batch elapsed: 3.49
batch elapsed: 3.58
batch elapsed: 3.54
batch elapsed: 3.57
batch elapsed: 3.53
batch elapsed: 3.54
batch elapsed: 3.55
batch elapsed: 3.55
batch elapsed: 3.54
batch elapsed: 3.52
batch elapsed: 3.56
batch elapsed: 3.53
batch elapsed: 3.54
batch elapsed: 3.57
batch elapsed: 3.55
batch elapsed: 3.54
batch elapsed: 3.47
batch elapsed: 3.55
batch elapsed: 3.54
batch elapsed: 3.54
batch elapsed: 3.39
batch elapsed: 3.54
batch elapsed: 3.53
batch elapsed: 3.54
batch elapsed: 3.55
batch elapsed: 3.53
batch elapsed: 3.55
batch elapsed: 3.54
batch elapsed: 3.55
batch elapsed: 3.56
batch elapsed: 3.55
batch elapsed: 3.49
batch elapsed: 3.54
batch elapsed: 3.53
batch elapsed: 3.56
batch elapsed: 3.57
batch elapsed: 3.53
batch elapsed: 3.55
batch elapsed: 3.56
batch elapsed: 3.52
batch elapsed: 3.47
batch elapsed: 3.44
batch elapsed: 3.54
batch elapsed: 3.58
batch elapsed: 3.54
batch elapsed: 3.62
batch elapsed: 3.54
batch elapsed: 3.57
batch elapsed: 3.53
batch elapsed: 3.54
batch elapsed: 3.53
batch elapsed: 3.57
batch elapsed: 3.53
batch elapsed: 3.55
batch elapsed: 3.57
batch elapsed: 3.54
batch elapsed: 3.50
batch elapsed: 3.55
batch elapsed: 3.55
batch elapsed: 3.55
batch elapsed: 3.55
batch elapsed: 3.55
batch elapsed: 3.61
batch elapsed: 3.56
batch elapsed: 3.55
batch elapsed: 3.54
batch elapsed: 3.59
batch elapsed: 3.58
batch elapsed: 3.57
batch elapsed: 3.53
batch elapsed: 3.48
batch elapsed: 3.52
batch elapsed: 3.56
batch elapsed: 3.58
batch elapsed: 3.57
batch elapsed: 3.55
batch elapsed: 3.54
batch elapsed: 3.52
batch elapsed: 3.64
batch elapsed: 3.55
batch elapsed: 3.49
batch elapsed: 3.57
batch elapsed: 3.55
batch elapsed: 3.61
batch elapsed: 3.57
batch elapsed: 3.55
batch elapsed: 3.58
batch elapsed: 3.54
batch elapsed: 3.50
batch elapsed: 3.57
batch elapsed: 3.57
batch elapsed: 3.58
batch elapsed: 3.56
batch elapsed: 3.52
batch elapsed: 3.54
batch elapsed: 3.54
batch elapsed: 3.57
batch elapsed: 3.50
batch elapsed: 3.58
batch elapsed: 3.56
batch elapsed: 3.58
batch elapsed: 3.58
batch elapsed: 3.59
batch elapsed: 3.55
batch elapsed: 3.55
batch elapsed: 3.54
batch elapsed: 3.48
batch elapsed: 3.57
batch elapsed: 3.55
batch elapsed: 3.57
batch elapsed: 3.58
batch elapsed: 3.59
batch elapsed: 3.54
batch elapsed: 3.57
batch elapsed: 3.53
batch elapsed: 3.58
batch elapsed: 3.55
batch elapsed: 3.53
batch elapsed: 3.56
batch elapsed: 3.54
batch elapsed: 3.54
batch elapsed: 3.53
batch elapsed: 3.54
batch elapsed: 3.58
batch elapsed: 3.56
batch elapsed: 3.58
batch elapsed: 3.56
batch elapsed: 3.55
batch elapsed: 3.58
batch elapsed: 3.59
batch elapsed: 3.54
batch elapsed: 3.53
batch elapsed: 3.54
batch elapsed: 3.54
batch elapsed: 3.55
batch elapsed: 3.55
batch elapsed: 3.56
batch elapsed: 3.56
batch elapsed: 3.58
batch elapsed: 3.53
batch elapsed: 3.55
batch elapsed: 3.55
batch elapsed: 3.54
batch elapsed: 3.51
batch elapsed: 3.54
batch elapsed: 3.56
batch elapsed: 3.65
batch elapsed: 3.52
batch elapsed: 3.55
batch elapsed: 3.56
batch elapsed: 3.58
batch elapsed: 3.52
batch elapsed: 3.58
batch elapsed: 3.59
batch elapsed: 3.56
batch elapsed: 3.57
batch elapsed: 3.55
batch elapsed: 3.57
batch elapsed: 3.56
batch elapsed: 3.58
batch elapsed: 3.58
batch elapsed: 3.53
batch elapsed: 3.54
batch elapsed: 3.57
batch elapsed: 3.55
batch elapsed: 3.52
batch elapsed: 3.57
batch elapsed: 3.55
batch elapsed: 3.58
batch elapsed: 3.55
batch elapsed: 3.55
batch elapsed: 3.52
batch elapsed: 3.56
batch elapsed: 3.58
batch elapsed: 3.53
batch elapsed: 3.52
batch elapsed: 3.55
batch elapsed: 3.52
batch elapsed: 3.53
batch elapsed: 3.60
batch elapsed: 3.59
batch elapsed: 3.58
batch elapsed: 3.55
batch elapsed: 3.53
batch elapsed: 3.59
batch elapsed: 3.54
batch elapsed: 3.51
batch elapsed: 3.55
batch elapsed: 3.54
batch elapsed: 3.54
batch elapsed: 3.54
batch elapsed: 3.59
batch elapsed: 3.54
batch elapsed: 3.54
batch elapsed: 3.50
batch elapsed: 3.53
batch elapsed: 3.55
batch elapsed: 3.52
batch elapsed: 3.56
batch elapsed: 3.52
batch elapsed: 3.51
batch elapsed: 3.51
batch elapsed: 3.55
batch elapsed: 3.55
batch elapsed: 3.50
batch elapsed: 3.57
batch elapsed: 3.57
batch elapsed: 3.56
batch elapsed: 3.53
batch elapsed: 3.57
batch elapsed: 3.60
batch elapsed: 3.57
batch elapsed: 3.54
batch elapsed: 3.56
batch elapsed: 3.54
batch elapsed: 3.55
batch elapsed: 3.58
batch elapsed: 3.53
batch elapsed: 3.58
batch elapsed: 3.48
batch elapsed: 3.57
batch elapsed: 3.63
batch elapsed: 3.58
batch elapsed: 3.54
batch elapsed: 3.57
batch elapsed: 3.54
batch elapsed: 3.54
batch elapsed: 3.54
batch elapsed: 3.54
batch elapsed: 3.50
batch elapsed: 3.55
batch elapsed: 3.60
batch elapsed: 3.51
batch elapsed: 3.56
batch elapsed: 3.52
batch elapsed: 3.58
batch elapsed: 3.56
batch elapsed: 3.50
batch elapsed: 3.54
batch elapsed: 3.53
batch elapsed: 3.55
batch elapsed: 3.56
batch elapsed: 3.57
batch elapsed: 3.55
batch elapsed: 3.57
batch elapsed: 3.59
batch elapsed: 3.59
batch elapsed: 3.52
batch elapsed: 3.55
batch elapsed: 3.56
batch elapsed: 3.57
batch elapsed: 3.60
batch elapsed: 3.51
batch elapsed: 3.58
batch elapsed: 3.62
batch elapsed: 3.60
batch elapsed: 3.53
batch elapsed: 3.57
batch elapsed: 3.57
batch elapsed: 3.59
batch elapsed: 3.43
batch elapsed: 3.49
batch elapsed: 3.48
batch elapsed: 3.54
batch elapsed: 3.61
batch elapsed: 3.54
batch elapsed: 3.59
batch elapsed: 3.55
batch elapsed: 3.54
batch elapsed: 3.54
batch elapsed: 3.55
batch elapsed: 3.51
batch elapsed: 3.57
batch elapsed: 3.57
batch elapsed: 3.53
batch elapsed: 3.54
batch elapsed: 3.58
batch elapsed: 3.57
batch elapsed: 3.56
batch elapsed: 3.56
batch elapsed: 3.50
batch elapsed: 3.55
batch elapsed: 3.31
batch elapsed: 3.52
batch elapsed: 3.52
batch elapsed: 3.61
batch elapsed: 3.57
batch elapsed: 3.54
batch elapsed: 3.55
batch elapsed: 3.55
batch elapsed: 3.58
batch elapsed: 3.56
batch elapsed: 3.52
batch elapsed: 3.57
batch elapsed: 3.56
batch elapsed: 3.54
batch elapsed: 3.57
batch elapsed: 3.55
batch elapsed: 3.59
batch elapsed: 3.52
batch elapsed: 3.58
batch elapsed: 3.54
batch elapsed: 3.56
batch elapsed: 3.55
batch elapsed: 3.59
batch elapsed: 3.55
batch elapsed: 3.57
batch elapsed: 3.65
batch elapsed: 3.55
batch elapsed: 3.51
batch elapsed: 3.55
batch elapsed: 3.57
batch elapsed: 3.50
batch elapsed: 3.55
batch elapsed: 3.56
batch elapsed: 3.57
batch elapsed: 3.53
batch elapsed: 3.54
batch elapsed: 3.54
batch elapsed: 3.51
batch elapsed: 3.53
batch elapsed: 3.54
batch elapsed: 3.54
batch elapsed: 3.56
batch elapsed: 3.58
batch elapsed: 3.54
batch elapsed: 3.59
batch elapsed: 3.57
batch elapsed: 3.56
batch elapsed: 3.56
batch elapsed: 3.54
batch elapsed: 3.56
batch elapsed: 3.60
batch elapsed: 3.61
batch elapsed: 3.58
batch elapsed: 3.53
batch elapsed: 3.52
batch elapsed: 3.52
batch elapsed: 3.52
batch elapsed: 3.57
batch elapsed: 3.55
batch elapsed: 3.54
batch elapsed: 3.54
batch elapsed: 3.58
batch elapsed: 3.53
batch elapsed: 3.43
batch elapsed: 3.58
batch elapsed: 3.55
batch elapsed: 3.53
batch elapsed: 3.58
batch elapsed: 3.54
batch elapsed: 3.53
batch elapsed: 3.57
batch elapsed: 3.55
batch elapsed: 3.55
batch elapsed: 3.56
batch elapsed: 3.58
batch elapsed: 3.53
batch elapsed: 3.53
batch elapsed: 3.51
batch elapsed: 3.48
batch elapsed: 3.56
batch elapsed: 3.56
batch elapsed: 3.55
batch elapsed: 3.47
batch elapsed: 3.54
batch elapsed: 3.49
batch elapsed: 3.36
batch elapsed: 3.57
batch elapsed: 3.51
batch elapsed: 3.52
batch elapsed: 3.53
batch elapsed: 3.52
batch elapsed: 3.54
batch elapsed: 3.54
batch elapsed: 3.58
batch elapsed: 3.57
batch elapsed: 3.56
batch elapsed: 3.54
batch elapsed: 3.53
batch elapsed: 3.59
batch elapsed: 3.58
batch elapsed: 3.54
batch elapsed: 3.57
batch elapsed: 3.54
batch elapsed: 3.61
batch elapsed: 3.56
batch elapsed: 3.56
batch elapsed: 3.57
batch elapsed: 3.52
batch elapsed: 3.55
batch elapsed: 3.56
batch elapsed: 3.53
batch elapsed: 3.54
batch elapsed: 3.54
batch elapsed: 3.54
batch elapsed: 3.50
batch elapsed: 3.55
batch elapsed: 3.58
batch elapsed: 3.59
batch elapsed: 3.59
batch elapsed: 3.59
batch elapsed: 3.54
batch elapsed: 3.57
batch elapsed: 3.53
batch elapsed: 3.53
batch elapsed: 3.54
batch elapsed: 3.50
batch elapsed: 3.44
batch elapsed: 3.51
batch elapsed: 3.52
batch elapsed: 3.57
batch elapsed: 3.56
batch elapsed: 3.54
batch elapsed: 3.54
batch elapsed: 3.43
batch elapsed: 3.52
batch elapsed: 3.53
batch elapsed: 3.56
batch elapsed: 3.56
batch elapsed: 3.55
batch elapsed: 3.55
batch elapsed: 3.57
batch elapsed: 3.53
batch elapsed: 3.47
batch elapsed: 3.58
batch elapsed: 3.63
batch elapsed: 3.53
batch elapsed: 3.57
batch elapsed: 3.54
batch elapsed: 3.59
batch elapsed: 3.53
batch elapsed: 3.60
batch elapsed: 3.56
batch elapsed: 3.47
batch elapsed: 3.54
batch elapsed: 3.55
batch elapsed: 3.53
batch elapsed: 3.57
batch elapsed: 3.52
batch elapsed: 3.52
batch elapsed: 3.55
batch elapsed: 3.52
batch elapsed: 3.56
batch elapsed: 3.56
batch elapsed: 3.53
batch elapsed: 3.55
batch elapsed: 3.55
batch elapsed: 3.62
batch elapsed: 3.54
batch elapsed: 3.55
batch elapsed: 3.58
batch elapsed: 3.54
batch elapsed: 3.56
batch elapsed: 3.61
batch elapsed: 3.57
batch elapsed: 3.53
batch elapsed: 3.54
batch elapsed: 3.53
batch elapsed: 3.55
batch elapsed: 3.56
batch elapsed: 3.55
batch elapsed: 3.57
batch elapsed: 3.55
batch elapsed: 3.51
batch elapsed: 3.53
batch elapsed: 3.52
batch elapsed: 3.59
batch elapsed: 3.53
batch elapsed: 3.54
batch elapsed: 3.55
batch elapsed: 3.58
batch elapsed: 3.55
batch elapsed: 3.55
batch elapsed: 3.56
batch elapsed: 3.56
batch elapsed: 3.54
batch elapsed: 3.56
batch elapsed: 3.55
batch elapsed: 3.56
batch elapsed: 3.54
batch elapsed: 3.59
batch elapsed: 3.56
batch elapsed: 3.55
batch elapsed: 3.55
batch elapsed: 3.50
batch elapsed: 3.53
batch elapsed: 3.56
batch elapsed: 3.48
batch elapsed: 3.62
batch elapsed: 3.57
batch elapsed: 3.57
batch elapsed: 3.60
batch elapsed: 3.56
batch elapsed: 3.54
batch elapsed: 3.58
batch elapsed: 3.55
batch elapsed: 3.56
batch elapsed: 3.55
batch elapsed: 3.59
batch elapsed: 3.57
batch elapsed: 3.55
batch elapsed: 3.56
batch elapsed: 3.54
batch elapsed: 3.58
batch elapsed: 3.51
batch elapsed: 3.50
batch elapsed: 3.59
batch elapsed: 3.53
batch elapsed: 3.61
batch elapsed: 3.59
batch elapsed: 3.59
batch elapsed: 3.59
batch elapsed: 3.55
batch elapsed: 3.46
batch elapsed: 3.56
batch elapsed: 3.56
batch elapsed: 3.58
batch elapsed: 3.51
batch elapsed: 3.53
batch elapsed: 3.56
batch elapsed: 3.56
batch elapsed: 3.54
batch elapsed: 3.56
batch elapsed: 3.56
batch elapsed: 3.55
batch elapsed: 3.42
batch elapsed: 3.34
batch elapsed: 3.54
batch elapsed: 3.54
batch elapsed: 3.53
batch elapsed: 3.56
batch elapsed: 3.59
batch elapsed: 3.57
batch elapsed: 3.60
batch elapsed: 3.52
batch elapsed: 3.56
batch elapsed: 3.55
batch elapsed: 3.57
batch elapsed: 3.56
batch elapsed: 3.60
batch elapsed: 3.57
batch elapsed: 3.55
batch elapsed: 3.50
batch elapsed: 3.54
batch elapsed: 3.56
batch elapsed: 3.57
batch elapsed: 3.58
batch elapsed: 3.50
batch elapsed: 3.55
batch elapsed: 3.50
batch elapsed: 3.55
batch elapsed: 3.51
batch elapsed: 3.55
batch elapsed: 3.57
batch elapsed: 3.51
batch elapsed: 3.54
batch elapsed: 3.56
batch elapsed: 3.58
batch elapsed: 3.54
batch elapsed: 3.51
batch elapsed: 3.59
batch elapsed: 3.54
batch elapsed: 3.58
batch elapsed: 3.55
batch elapsed: 3.55
batch elapsed: 3.59
batch elapsed: 3.52
batch elapsed: 3.57
batch elapsed: 3.56
batch elapsed: 3.54
batch elapsed: 3.54
batch elapsed: 3.56
batch elapsed: 3.58
batch elapsed: 3.55
batch elapsed: 3.57
batch elapsed: 3.56
batch elapsed: 3.59
batch elapsed: 3.58
batch elapsed: 3.51
batch elapsed: 3.55
batch elapsed: 3.57
batch elapsed: 3.55
batch elapsed: 3.50
batch elapsed: 3.54
batch elapsed: 3.55
batch elapsed: 3.52
batch elapsed: 3.57
batch elapsed: 3.61
batch elapsed: 3.56
batch elapsed: 3.55
batch elapsed: 3.55
batch elapsed: 3.54
batch elapsed: 3.26
batch elapsed: 3.48
batch elapsed: 3.52
batch elapsed: 3.55
batch elapsed: 3.55
batch elapsed: 3.54
batch elapsed: 3.48
batch elapsed: 3.55
batch elapsed: 3.52
batch elapsed: 3.55
batch elapsed: 3.48
batch elapsed: 3.56
batch elapsed: 3.53
batch elapsed: 3.56
batch elapsed: 3.59
batch elapsed: 3.48
batch elapsed: 3.55
batch elapsed: 3.57
batch elapsed: 3.55
batch elapsed: 3.53
batch elapsed: 3.54
batch elapsed: 3.56
batch elapsed: 3.56
batch elapsed: 3.54
batch elapsed: 3.55
batch elapsed: 3.57
batch elapsed: 3.61
batch elapsed: 3.54
batch elapsed: 3.56
batch elapsed: 3.55
batch elapsed: 3.53
batch elapsed: 3.56
batch elapsed: 3.57
batch elapsed: 3.52
batch elapsed: 3.51
batch elapsed: 3.47
batch elapsed: 3.54
batch elapsed: 3.49
batch elapsed: 3.57
batch elapsed: 3.54
batch elapsed: 3.57
batch elapsed: 3.55
batch elapsed: 3.53
batch elapsed: 3.54
batch elapsed: 3.52
batch elapsed: 3.52
batch elapsed: 3.54
batch elapsed: 3.55
batch elapsed: 3.49
batch elapsed: 3.55
batch elapsed: 3.55
batch elapsed: 3.62
batch elapsed: 3.53
batch elapsed: 3.50
batch elapsed: 3.56
batch elapsed: 3.54
batch elapsed: 3.54
batch elapsed: 3.57
batch elapsed: 3.55
batch elapsed: 3.56
batch elapsed: 3.58
batch elapsed: 3.59
batch elapsed: 3.57
batch elapsed: 3.51
batch elapsed: 3.57
batch elapsed: 3.57
batch elapsed: 3.57
batch elapsed: 3.65
batch elapsed: 3.50
batch elapsed: 3.57
batch elapsed: 3.61
batch elapsed: 3.57
batch elapsed: 3.60
batch elapsed: 3.57
batch elapsed: 3.54
batch elapsed: 3.56
batch elapsed: 3.52
batch elapsed: 3.58
batch elapsed: 3.52
batch elapsed: 3.54
batch elapsed: 3.52
batch elapsed: 3.50
batch elapsed: 3.55
batch elapsed: 3.35
batch elapsed: 3.52
batch elapsed: 3.56
batch elapsed: 3.61
batch elapsed: 3.52
batch elapsed: 3.56
batch elapsed: 3.55
batch elapsed: 3.53
batch elapsed: 3.54
batch elapsed: 3.57
batch elapsed: 3.56
batch elapsed: 3.56
batch elapsed: 3.56
batch elapsed: 3.51
batch elapsed: 3.54
batch elapsed: 3.55
batch elapsed: 3.50
batch elapsed: 3.54
batch elapsed: 3.57
batch elapsed: 3.57
batch elapsed: 3.54
batch elapsed: 3.53
batch elapsed: 3.58
batch elapsed: 3.56
batch elapsed: 3.56
batch elapsed: 3.53
batch elapsed: 3.55
batch elapsed: 3.55
batch elapsed: 3.55
batch elapsed: 3.53
batch elapsed: 3.55
batch elapsed: 3.52
batch elapsed: 3.50
batch elapsed: 3.54
batch elapsed: 3.56
batch elapsed: 3.56
batch elapsed: 3.57
batch elapsed: 3.57
batch elapsed: 3.56
batch elapsed: 3.57
batch elapsed: 3.58
batch elapsed: 3.54
batch elapsed: 3.53
batch elapsed: 3.55
batch elapsed: 3.57
batch elapsed: 3.54
batch elapsed: 3.54
batch elapsed: 3.56
batch elapsed: 3.52
batch elapsed: 3.53
batch elapsed: 3.58
batch elapsed: 3.51
batch elapsed: 3.50
batch elapsed: 3.54
batch elapsed: 3.54
batch elapsed: 3.49
batch elapsed: 3.57
batch elapsed: 3.55
batch elapsed: 3.56
batch elapsed: 3.57
batch elapsed: 3.47
batch elapsed: 3.56
batch elapsed: 3.59
batch elapsed: 3.54
batch elapsed: 3.58
batch elapsed: 3.62
batch elapsed: 3.57
batch elapsed: 3.57
batch elapsed: 3.59
batch elapsed: 3.52
batch elapsed: 3.55
batch elapsed: 3.55
batch elapsed: 3.56
batch elapsed: 3.55
batch elapsed: 3.54
batch elapsed: 3.54
batch elapsed: 3.56
batch elapsed: 3.51
batch elapsed: 3.52
batch elapsed: 3.58
batch elapsed: 3.50
batch elapsed: 3.55
batch elapsed: 3.55
batch elapsed: 3.57
batch elapsed: 3.57
batch elapsed: 3.54
batch elapsed: 3.60
batch elapsed: 3.55
batch elapsed: 3.56
batch elapsed: 3.57
batch elapsed: 3.60
batch elapsed: 3.52
batch elapsed: 3.56
batch elapsed: 3.64
batch elapsed: 3.54
batch elapsed: 3.58
batch elapsed: 3.58
batch elapsed: 3.62
batch elapsed: 3.57
batch elapsed: 3.54
batch elapsed: 3.54
batch elapsed: 3.56
batch elapsed: 3.57
batch elapsed: 3.53
batch elapsed: 3.54
batch elapsed: 3.54
batch elapsed: 3.53
batch elapsed: 3.52
batch elapsed: 3.55
batch elapsed: 3.59
batch elapsed: 3.55
batch elapsed: 3.54
batch elapsed: 3.55
batch elapsed: 3.55
batch elapsed: 3.55
batch elapsed: 3.52
batch elapsed: 3.56
batch elapsed: 3.55
batch elapsed: 3.54
batch elapsed: 3.59
batch elapsed: 3.53
batch elapsed: 3.57
batch elapsed: 3.58
batch elapsed: 3.58
batch elapsed: 3.55
batch elapsed: 3.49
batch elapsed: 3.54
batch elapsed: 3.52
batch elapsed: 3.53
batch elapsed: 3.53
batch elapsed: 3.58
batch elapsed: 3.59
batch elapsed: 3.55
batch elapsed: 3.54
batch elapsed: 3.57
batch elapsed: 3.58
batch elapsed: 3.53
batch elapsed: 3.57
batch elapsed: 3.60
batch elapsed: 3.53
batch elapsed: 3.62
batch elapsed: 3.60
batch elapsed: 3.62
batch elapsed: 3.54
batch elapsed: 3.57
batch elapsed: 3.53
batch elapsed: 3.55
batch elapsed: 3.57
batch elapsed: 3.55
batch elapsed: 3.54
batch elapsed: 3.56
batch elapsed: 3.56
batch elapsed: 3.56
batch elapsed: 3.53
batch elapsed: 3.53
batch elapsed: 3.55
batch elapsed: 3.56
batch elapsed: 3.58
batch elapsed: 3.58
batch elapsed: 3.55
batch elapsed: 3.55
batch elapsed: 3.46
batch elapsed: 3.56
batch elapsed: 3.56
batch elapsed: 3.53
batch elapsed: 3.56
batch elapsed: 3.55
batch elapsed: 3.57
batch elapsed: 3.58
batch elapsed: 3.56
batch elapsed: 3.56
batch elapsed: 3.55
batch elapsed: 3.52
batch elapsed: 3.54
batch elapsed: 3.57
batch elapsed: 3.54
batch elapsed: 3.57
batch elapsed: 3.53
batch elapsed: 3.58
batch elapsed: 3.54
batch elapsed: 3.54
batch elapsed: 3.63
batch elapsed: 3.53
batch elapsed: 3.58
batch elapsed: 3.53
batch elapsed: 3.59
batch elapsed: 3.56
batch elapsed: 3.49
batch elapsed: 3.54
batch elapsed: 3.58
batch elapsed: 3.57
batch elapsed: 3.49
batch elapsed: 3.55
batch elapsed: 3.53
batch elapsed: 3.53
batch elapsed: 3.51
batch elapsed: 3.44
batch elapsed: 3.39
batch elapsed: 3.56
batch elapsed: 3.51
batch elapsed: 3.58
batch elapsed: 3.53
batch elapsed: 3.56
batch elapsed: 3.58
batch elapsed: 3.58
batch elapsed: 3.57
batch elapsed: 3.57
batch elapsed: 3.50
batch elapsed: 3.58
batch elapsed: 3.56
batch elapsed: 3.52
batch elapsed: 3.64
batch elapsed: 3.53
batch elapsed: 3.53
batch elapsed: 3.56
batch elapsed: 3.61
batch elapsed: 3.55
batch elapsed: 3.55
batch elapsed: 3.49
batch elapsed: 3.55
batch elapsed: 3.56
batch elapsed: 3.56
batch elapsed: 3.52
batch elapsed: 3.57
batch elapsed: 3.48
batch elapsed: 3.56
batch elapsed: 3.56
batch elapsed: 3.53
batch elapsed: 3.52
batch elapsed: 3.57
batch elapsed: 3.58
batch elapsed: 3.57
batch elapsed: 3.48
batch elapsed: 3.57
batch elapsed: 3.54
batch elapsed: 3.54
batch elapsed: 3.56
batch elapsed: 3.54
batch elapsed: 3.55
batch elapsed: 3.57
batch elapsed: 3.50
batch elapsed: 3.58
batch elapsed: 3.56
batch elapsed: 3.56
batch elapsed: 3.57
batch elapsed: 3.56
batch elapsed: 3.52
batch elapsed: 3.47
batch elapsed: 3.57
batch elapsed: 3.53
batch elapsed: 3.58
batch elapsed: 3.53
batch elapsed: 3.55
batch elapsed: 3.56
batch elapsed: 3.54
batch elapsed: 3.57
batch elapsed: 3.61
Eval num_timesteps=52000, episode_reward=-63.11 +/- 2.57
Episode length: 1000.00 +/- 0.00
----------------------------------
| eval/              |           |
|    mean_ep_length  | 1e+03     |
|    mean_reward     | -63.1     |
| time/              |           |
|    total_timesteps | 52000     |
| train/             |           |
|    actor_loss      | 0.9419757 |
|    critic_loss     | 0.215     |
|    d_learning_rate | 0.0005    |
|    dstb_ent_coef   | 0         |
|    ent_coef        | 0.113     |
|    ent_coef_loss   | -0.145    |
|    n_updates       | 127936    |
|    u_learning_rate | 0.0001    |
|    v_learning_rate | 0.001     |
----------------------------------
---------------------------------
| rollout/           |          |
|    ep_len_mean     | 1e+03    |
|    ep_rew_mean     | -282     |
| time/              |          |
|    episodes        | 52       |
|    fps             | 6        |
|    time_elapsed    | 8190     |
|    total_timesteps | 52000    |
| train/             |          |
|    std             | 0.743    |
---------------------------------
batch elapsed: 3.54
batch elapsed: 3.57
batch elapsed: 3.55
batch elapsed: 3.55
batch elapsed: 3.54
batch elapsed: 3.52
batch elapsed: 3.56
batch elapsed: 3.53
batch elapsed: 3.63
batch elapsed: 3.56
batch elapsed: 3.54
batch elapsed: 3.59
batch elapsed: 3.56
batch elapsed: 3.57
batch elapsed: 3.55
batch elapsed: 3.54
batch elapsed: 3.54
batch elapsed: 3.54
batch elapsed: 3.54
batch elapsed: 3.56
batch elapsed: 3.57
batch elapsed: 3.59
batch elapsed: 3.53
batch elapsed: 3.53
batch elapsed: 3.54
batch elapsed: 3.39
batch elapsed: 3.55
batch elapsed: 3.57
batch elapsed: 3.54
batch elapsed: 3.53
batch elapsed: 3.55
batch elapsed: 3.52
batch elapsed: 3.53
batch elapsed: 3.52
batch elapsed: 3.57
batch elapsed: 3.48
batch elapsed: 3.38
batch elapsed: 3.55
batch elapsed: 3.55
batch elapsed: 3.49
batch elapsed: 3.48
batch elapsed: 3.50
batch elapsed: 3.61
batch elapsed: 3.54
batch elapsed: 3.58
batch elapsed: 3.60
batch elapsed: 3.59
batch elapsed: 3.59
batch elapsed: 3.54
batch elapsed: 3.55
batch elapsed: 3.55
batch elapsed: 3.59
batch elapsed: 3.51
batch elapsed: 3.54
batch elapsed: 3.56
batch elapsed: 3.57
batch elapsed: 3.57
batch elapsed: 3.59
batch elapsed: 3.58
batch elapsed: 3.58
batch elapsed: 3.56
batch elapsed: 3.53
batch elapsed: 3.57
batch elapsed: 3.59
batch elapsed: 3.54
batch elapsed: 3.55
batch elapsed: 3.55
batch elapsed: 3.58
batch elapsed: 3.59
batch elapsed: 3.56
batch elapsed: 3.54
batch elapsed: 3.55
batch elapsed: 3.60
batch elapsed: 3.56
batch elapsed: 3.55
batch elapsed: 3.56
batch elapsed: 3.57
batch elapsed: 3.45
batch elapsed: 3.51
batch elapsed: 3.55
batch elapsed: 3.55
batch elapsed: 3.56
batch elapsed: 3.59
batch elapsed: 3.57
batch elapsed: 3.55
batch elapsed: 3.54
batch elapsed: 3.53
batch elapsed: 3.57
batch elapsed: 3.55
batch elapsed: 3.53
batch elapsed: 3.51
batch elapsed: 3.55
batch elapsed: 3.59
batch elapsed: 3.57
batch elapsed: 3.55
batch elapsed: 3.55
batch elapsed: 3.44
batch elapsed: 3.54
batch elapsed: 3.53
batch elapsed: 3.49
batch elapsed: 3.51
batch elapsed: 3.52
batch elapsed: 3.54
batch elapsed: 3.57
batch elapsed: 3.51
batch elapsed: 3.57
batch elapsed: 3.58
batch elapsed: 3.53
batch elapsed: 3.58
batch elapsed: 3.55
batch elapsed: 3.46
batch elapsed: 3.56
batch elapsed: 3.54
batch elapsed: 3.54
batch elapsed: 3.52
batch elapsed: 3.57
batch elapsed: 3.55
batch elapsed: 3.55
batch elapsed: 3.53
batch elapsed: 3.58
batch elapsed: 3.53
batch elapsed: 3.54
batch elapsed: 3.55
batch elapsed: 3.57
batch elapsed: 3.55
batch elapsed: 3.57
batch elapsed: 3.53
batch elapsed: 3.57
batch elapsed: 3.58
batch elapsed: 3.58
batch elapsed: 3.52
batch elapsed: 3.56
batch elapsed: 3.51
batch elapsed: 3.58
batch elapsed: 3.51
batch elapsed: 3.50
batch elapsed: 3.50
batch elapsed: 3.53
batch elapsed: 3.52
batch elapsed: 3.57
batch elapsed: 3.48
batch elapsed: 3.50
batch elapsed: 3.50
batch elapsed: 3.50
batch elapsed: 3.55
batch elapsed: 3.55
batch elapsed: 3.58
batch elapsed: 3.52
batch elapsed: 3.55
batch elapsed: 3.51
batch elapsed: 3.50
batch elapsed: 3.55
batch elapsed: 3.53
batch elapsed: 3.55
batch elapsed: 3.53
batch elapsed: 3.60
batch elapsed: 3.56
batch elapsed: 3.47
batch elapsed: 3.57
batch elapsed: 3.54
batch elapsed: 3.55
batch elapsed: 3.55
batch elapsed: 3.53
batch elapsed: 3.56
batch elapsed: 3.55
batch elapsed: 3.51
batch elapsed: 3.57
batch elapsed: 3.57
batch elapsed: 3.54
batch elapsed: 3.58
batch elapsed: 3.56
batch elapsed: 3.58
batch elapsed: 3.59
batch elapsed: 3.56
batch elapsed: 3.54
batch elapsed: 3.58
batch elapsed: 3.52
batch elapsed: 3.56
batch elapsed: 3.55
batch elapsed: 3.56
batch elapsed: 3.56
batch elapsed: 3.61
Eval num_timesteps=52000, episode_reward=-104.80 +/- 1.20
Episode length: 1000.00 +/- 0.00
------------------------------------
| eval/              |             |
|    mean_ep_length  | 1e+03       |
|    mean_reward     | -105        |
| time/              |             |
|    total_timesteps | 52000       |
| train/             |             |
|    actor_loss      | -0.26772535 |
|    critic_loss     | 0.155       |
|    d_learning_rate | 0.0005      |
|    dstb_ent_coef   | 9.03e-10    |
|    ent_coef        | 2.35e-07    |
|    ent_coef_loss   | 13.9        |
|    n_updates       | 127936      |
|    u_learning_rate | 0.0001      |
|    v_learning_rate | 0.001       |
------------------------------------
---------------------------------
| rollout/           |          |
|    ep_len_mean     | 1e+03    |
|    ep_rew_mean     | -282     |
| time/              |          |
|    episodes        | 52       |
|    fps             | 6        |
|    time_elapsed    | 8189     |
|    total_timesteps | 52000    |
| train/             |          |
|    std             | 0.509    |
---------------------------------
batch elapsed: 3.56
batch elapsed: 3.57
batch elapsed: 3.53
batch elapsed: 3.50
batch elapsed: 3.53
batch elapsed: 3.54
batch elapsed: 3.55
batch elapsed: 3.55
batch elapsed: 3.58
batch elapsed: 3.54
batch elapsed: 3.55
batch elapsed: 3.54
batch elapsed: 3.56
batch elapsed: 3.57
batch elapsed: 3.54
batch elapsed: 3.54
batch elapsed: 3.55
batch elapsed: 3.59
batch elapsed: 3.55
batch elapsed: 3.57
batch elapsed: 3.60
batch elapsed: 3.58
batch elapsed: 3.62
batch elapsed: 3.59
batch elapsed: 3.55
batch elapsed: 3.52
batch elapsed: 3.57
batch elapsed: 3.54
batch elapsed: 3.56
batch elapsed: 3.53
batch elapsed: 3.53
batch elapsed: 3.51
batch elapsed: 3.53
batch elapsed: 3.54
batch elapsed: 3.56
batch elapsed: 3.54
batch elapsed: 3.55
batch elapsed: 3.55
batch elapsed: 3.52
batch elapsed: 3.55
batch elapsed: 3.59
batch elapsed: 3.55
batch elapsed: 3.56
batch elapsed: 3.57
batch elapsed: 3.55
batch elapsed: 3.39
batch elapsed: 3.55
batch elapsed: 3.56
batch elapsed: 3.56
batch elapsed: 3.54
batch elapsed: 3.55
batch elapsed: 3.53
batch elapsed: 3.52
batch elapsed: 3.54
batch elapsed: 3.56
batch elapsed: 3.59
batch elapsed: 3.58
batch elapsed: 3.63
batch elapsed: 3.57
batch elapsed: 3.59
batch elapsed: 3.51
batch elapsed: 3.57
batch elapsed: 3.60
batch elapsed: 3.55
batch elapsed: 3.55
batch elapsed: 3.55
batch elapsed: 3.55
batch elapsed: 3.62
batch elapsed: 3.56
batch elapsed: 3.56
batch elapsed: 3.53
batch elapsed: 3.51
batch elapsed: 3.55
batch elapsed: 3.55
batch elapsed: 3.56
batch elapsed: 3.57
batch elapsed: 3.55
batch elapsed: 3.54
batch elapsed: 3.52
batch elapsed: 3.57
batch elapsed: 3.61
batch elapsed: 3.57
batch elapsed: 3.57
batch elapsed: 3.51
batch elapsed: 3.55
batch elapsed: 3.54
batch elapsed: 3.66
batch elapsed: 3.59
batch elapsed: 3.55
batch elapsed: 3.56
batch elapsed: 3.54
batch elapsed: 3.58
batch elapsed: 3.58
batch elapsed: 3.56
batch elapsed: 3.55
batch elapsed: 3.55
batch elapsed: 3.54
batch elapsed: 3.53
batch elapsed: 3.55
batch elapsed: 3.55
batch elapsed: 3.57
batch elapsed: 3.63
batch elapsed: 3.59
batch elapsed: 3.54
batch elapsed: 3.54
batch elapsed: 3.57
batch elapsed: 3.53
batch elapsed: 3.58
batch elapsed: 3.53
batch elapsed: 3.55
batch elapsed: 3.54
batch elapsed: 3.51
batch elapsed: 3.54
batch elapsed: 3.54
batch elapsed: 3.59
batch elapsed: 3.56
batch elapsed: 3.55
batch elapsed: 3.52
batch elapsed: 3.55
batch elapsed: 3.53
batch elapsed: 3.54
batch elapsed: 3.53
batch elapsed: 3.57
batch elapsed: 3.57
batch elapsed: 3.57
batch elapsed: 3.53
batch elapsed: 3.56
batch elapsed: 3.58
batch elapsed: 3.58
batch elapsed: 3.51
batch elapsed: 3.57
batch elapsed: 3.57
batch elapsed: 3.56
batch elapsed: 3.58
batch elapsed: 3.51
batch elapsed: 3.64
batch elapsed: 3.53
batch elapsed: 3.58
batch elapsed: 3.49
batch elapsed: 3.39
batch elapsed: 3.56
batch elapsed: 3.60
batch elapsed: 3.51
batch elapsed: 3.55
batch elapsed: 3.55
batch elapsed: 3.57
batch elapsed: 3.58
batch elapsed: 3.55
batch elapsed: 3.52
batch elapsed: 3.54
batch elapsed: 3.54
batch elapsed: 3.53
batch elapsed: 3.56
batch elapsed: 3.53
batch elapsed: 3.58
batch elapsed: 3.57
batch elapsed: 3.48
batch elapsed: 3.56
batch elapsed: 3.55
batch elapsed: 3.55
batch elapsed: 3.55
batch elapsed: 3.53
batch elapsed: 3.56
batch elapsed: 3.56
batch elapsed: 3.51
batch elapsed: 3.58
batch elapsed: 3.56
batch elapsed: 3.55
batch elapsed: 3.56
batch elapsed: 3.58
batch elapsed: 3.53
batch elapsed: 3.51
batch elapsed: 3.58
batch elapsed: 3.53
batch elapsed: 3.58
batch elapsed: 3.53
batch elapsed: 3.54
batch elapsed: 3.57
batch elapsed: 3.54
batch elapsed: 3.55
batch elapsed: 3.62
batch elapsed: 3.45
Eval num_timesteps=52000, episode_reward=-30.10 +/- 56.01
Episode length: 1000.00 +/- 0.00
-----------------------------------
| eval/              |            |
|    mean_ep_length  | 1e+03      |
|    mean_reward     | -30.1      |
| time/              |            |
|    total_timesteps | 52000      |
| train/             |            |
|    actor_loss      | -1.7799827 |
|    critic_loss     | 0.158      |
|    d_learning_rate | 0.0005     |
|    dstb_ent_coef   | 0.00723    |
|    ent_coef        | 0.0778     |
|    ent_coef_loss   | 0.0128     |
|    n_updates       | 127936     |
|    u_learning_rate | 0.0001     |
|    v_learning_rate | 0.001      |
-----------------------------------
---------------------------------
| rollout/           |          |
|    ep_len_mean     | 1e+03    |
|    ep_rew_mean     | -284     |
| time/              |          |
|    episodes        | 52       |
|    fps             | 6        |
|    time_elapsed    | 8193     |
|    total_timesteps | 52000    |
| train/             |          |
|    std             | 0.314    |
---------------------------------
batch elapsed: 3.55
batch elapsed: 3.59
batch elapsed: 3.52
batch elapsed: 3.57
batch elapsed: 3.50
batch elapsed: 3.55
batch elapsed: 3.56
batch elapsed: 3.60
batch elapsed: 3.56
batch elapsed: 3.54
batch elapsed: 3.60
batch elapsed: 3.56
batch elapsed: 3.56
batch elapsed: 3.57
batch elapsed: 3.60
batch elapsed: 3.53
batch elapsed: 3.54
batch elapsed: 3.55
batch elapsed: 3.54
batch elapsed: 3.56
batch elapsed: 3.60
batch elapsed: 3.52
batch elapsed: 3.54
batch elapsed: 3.50
batch elapsed: 3.55
batch elapsed: 3.52
batch elapsed: 3.59
batch elapsed: 3.59
batch elapsed: 3.56
batch elapsed: 3.53
batch elapsed: 3.48
batch elapsed: 3.52
batch elapsed: 3.54
batch elapsed: 3.54
batch elapsed: 3.55
batch elapsed: 3.55
batch elapsed: 3.55
batch elapsed: 3.59
batch elapsed: 3.55
batch elapsed: 3.55
batch elapsed: 3.52
batch elapsed: 3.54
batch elapsed: 3.56
batch elapsed: 3.57
batch elapsed: 3.55
batch elapsed: 3.61
batch elapsed: 3.55
batch elapsed: 3.54
batch elapsed: 3.57
batch elapsed: 3.54
batch elapsed: 3.54
batch elapsed: 3.53
batch elapsed: 3.53
batch elapsed: 3.54
batch elapsed: 3.56
batch elapsed: 3.59
batch elapsed: 3.55
batch elapsed: 3.59
batch elapsed: 3.57
batch elapsed: 3.54
batch elapsed: 3.52
batch elapsed: 3.55
batch elapsed: 3.60
batch elapsed: 3.54
batch elapsed: 3.55
batch elapsed: 3.55
batch elapsed: 3.56
batch elapsed: 3.55
batch elapsed: 3.57
batch elapsed: 3.56
batch elapsed: 3.53
batch elapsed: 3.57
batch elapsed: 3.55
batch elapsed: 3.55
batch elapsed: 3.56
batch elapsed: 3.56
batch elapsed: 3.56
batch elapsed: 3.52
batch elapsed: 3.54
batch elapsed: 3.53
batch elapsed: 3.57
batch elapsed: 3.58
batch elapsed: 3.57
batch elapsed: 3.56
batch elapsed: 3.55
batch elapsed: 3.52
batch elapsed: 3.55
batch elapsed: 3.59
batch elapsed: 3.56
batch elapsed: 3.57
batch elapsed: 3.59
batch elapsed: 3.58
batch elapsed: 3.57
batch elapsed: 3.56
batch elapsed: 3.56
batch elapsed: 3.55
batch elapsed: 3.53
batch elapsed: 3.54
batch elapsed: 3.54
batch elapsed: 3.56
batch elapsed: 3.55
batch elapsed: 3.64
batch elapsed: 3.59
batch elapsed: 3.54
batch elapsed: 3.53
batch elapsed: 3.59
batch elapsed: 3.53
batch elapsed: 3.58
batch elapsed: 3.55
batch elapsed: 3.54
batch elapsed: 3.54
batch elapsed: 3.56
batch elapsed: 3.54
batch elapsed: 3.49
batch elapsed: 3.59
batch elapsed: 3.56
batch elapsed: 3.55
batch elapsed: 3.52
batch elapsed: 3.54
batch elapsed: 3.52
batch elapsed: 3.48
batch elapsed: 3.56
batch elapsed: 3.55
batch elapsed: 3.52
batch elapsed: 3.58
batch elapsed: 3.53
batch elapsed: 3.56
batch elapsed: 3.57
batch elapsed: 3.59
batch elapsed: 3.52
batch elapsed: 3.57
batch elapsed: 3.55
batch elapsed: 3.58
batch elapsed: 3.57
batch elapsed: 3.51
batch elapsed: 3.47
batch elapsed: 3.54
batch elapsed: 3.51
batch elapsed: 3.57
batch elapsed: 3.57
batch elapsed: 3.58
batch elapsed: 3.56
batch elapsed: 3.50
batch elapsed: 3.54
batch elapsed: 3.56
batch elapsed: 3.56
batch elapsed: 3.58
batch elapsed: 3.56
batch elapsed: 3.52
batch elapsed: 3.52
batch elapsed: 3.57
batch elapsed: 3.58
batch elapsed: 3.55
batch elapsed: 3.54
batch elapsed: 3.59
batch elapsed: 3.56
batch elapsed: 3.49
batch elapsed: 3.56
batch elapsed: 3.53
batch elapsed: 3.55
batch elapsed: 3.55
batch elapsed: 3.54
batch elapsed: 3.55
batch elapsed: 3.55
batch elapsed: 3.53
batch elapsed: 3.62
batch elapsed: 3.56
batch elapsed: 3.54
batch elapsed: 3.57
batch elapsed: 3.57
batch elapsed: 3.59
batch elapsed: 3.52
batch elapsed: 3.56
batch elapsed: 3.53
batch elapsed: 3.57
batch elapsed: 3.54
batch elapsed: 3.57
batch elapsed: 3.56
batch elapsed: 3.54
batch elapsed: 3.56
batch elapsed: 3.60
batch elapsed: 3.46
Eval num_timesteps=52000, episode_reward=-148.17 +/- 38.40
Episode length: 1000.00 +/- 0.00
--------------------------------------
| eval/              |               |
|    mean_ep_length  | 1e+03         |
|    mean_reward     | -148          |
| time/              |               |
|    total_timesteps | 52000         |
| train/             |               |
|    actor_loss      | -0.0005210899 |
|    critic_loss     | 0.154         |
|    d_learning_rate | 0.0005        |
|    dstb_ent_coef   | 1.44e-19      |
|    ent_coef        | 0.0531        |
|    ent_coef_loss   | -0.295        |
|    n_updates       | 127936        |
|    u_learning_rate | 0.0001        |
|    v_learning_rate | 0.001         |
--------------------------------------
---------------------------------
| rollout/           |          |
|    ep_len_mean     | 1e+03    |
|    ep_rew_mean     | -260     |
| time/              |          |
|    episodes        | 52       |
|    fps             | 6        |
|    time_elapsed    | 8193     |
|    total_timesteps | 52000    |
| train/             |          |
|    std             | 0.543    |
---------------------------------
batch elapsed: 3.56
batch elapsed: 3.55
batch elapsed: 3.54
batch elapsed: 3.55
batch elapsed: 3.51
batch elapsed: 3.56
batch elapsed: 3.54
batch elapsed: 3.56
batch elapsed: 3.50
batch elapsed: 3.54
batch elapsed: 3.49
batch elapsed: 3.56
batch elapsed: 3.56
batch elapsed: 3.55
batch elapsed: 3.56
batch elapsed: 3.53
batch elapsed: 3.55
batch elapsed: 3.53
batch elapsed: 3.50
batch elapsed: 3.59
batch elapsed: 3.58
batch elapsed: 3.63
batch elapsed: 3.58
batch elapsed: 3.58
batch elapsed: 3.53
batch elapsed: 3.55
batch elapsed: 3.57
batch elapsed: 3.58
batch elapsed: 3.54
batch elapsed: 3.54
batch elapsed: 3.53
batch elapsed: 3.52
batch elapsed: 3.55
batch elapsed: 3.60
batch elapsed: 3.55
batch elapsed: 3.54
batch elapsed: 3.55
batch elapsed: 3.60
batch elapsed: 3.56
batch elapsed: 3.54
batch elapsed: 3.53
batch elapsed: 3.55
batch elapsed: 3.54
batch elapsed: 3.58
batch elapsed: 3.54
batch elapsed: 3.57
batch elapsed: 3.56
batch elapsed: 3.54
batch elapsed: 3.56
batch elapsed: 3.54
batch elapsed: 3.59
batch elapsed: 3.52
batch elapsed: 3.54
batch elapsed: 3.54
batch elapsed: 3.57
batch elapsed: 3.58
batch elapsed: 3.63
batch elapsed: 3.59
batch elapsed: 3.57
batch elapsed: 3.56
batch elapsed: 3.53
batch elapsed: 3.57
batch elapsed: 3.60
batch elapsed: 3.53
batch elapsed: 3.56
batch elapsed: 3.56
batch elapsed: 3.56
batch elapsed: 3.54
batch elapsed: 3.56
batch elapsed: 3.54
batch elapsed: 3.55
batch elapsed: 3.56
batch elapsed: 3.55
batch elapsed: 3.54
batch elapsed: 3.56
batch elapsed: 3.57
batch elapsed: 3.56
batch elapsed: 3.53
batch elapsed: 3.53
batch elapsed: 3.54
batch elapsed: 3.57
batch elapsed: 3.58
batch elapsed: 3.57
batch elapsed: 3.56
batch elapsed: 3.53
batch elapsed: 3.52
batch elapsed: 3.58
batch elapsed: 3.61
batch elapsed: 3.53
batch elapsed: 3.56
batch elapsed: 3.55
batch elapsed: 3.58
batch elapsed: 3.56
batch elapsed: 3.56
batch elapsed: 3.56
batch elapsed: 3.54
batch elapsed: 3.52
batch elapsed: 3.55
batch elapsed: 3.55
batch elapsed: 3.50
batch elapsed: 3.52
batch elapsed: 3.59
batch elapsed: 3.57
batch elapsed: 3.53
batch elapsed: 3.55
batch elapsed: 3.57
batch elapsed: 3.54
batch elapsed: 3.57
batch elapsed: 3.54
batch elapsed: 3.53
batch elapsed: 3.56
batch elapsed: 3.54
batch elapsed: 3.55
batch elapsed: 3.57
batch elapsed: 3.57
batch elapsed: 3.56
batch elapsed: 3.54
batch elapsed: 3.54
batch elapsed: 3.53
batch elapsed: 3.36
batch elapsed: 3.54
batch elapsed: 3.55
batch elapsed: 3.57
batch elapsed: 3.56
batch elapsed: 3.56
batch elapsed: 3.54
batch elapsed: 3.55
batch elapsed: 3.59
batch elapsed: 3.57
batch elapsed: 3.58
batch elapsed: 3.57
batch elapsed: 3.56
batch elapsed: 3.58
batch elapsed: 3.56
batch elapsed: 3.51
batch elapsed: 3.53
batch elapsed: 3.53
batch elapsed: 3.52
batch elapsed: 3.51
batch elapsed: 3.55
batch elapsed: 3.56
batch elapsed: 3.55
batch elapsed: 3.45
batch elapsed: 3.54
batch elapsed: 3.55
batch elapsed: 3.58
batch elapsed: 3.51
batch elapsed: 3.56
batch elapsed: 3.49
batch elapsed: 3.56
batch elapsed: 3.54
batch elapsed: 3.53
batch elapsed: 3.57
batch elapsed: 3.54
batch elapsed: 3.57
batch elapsed: 3.57
batch elapsed: 3.47
batch elapsed: 3.57
batch elapsed: 3.54
batch elapsed: 3.54
batch elapsed: 3.55
batch elapsed: 3.55
batch elapsed: 3.55
batch elapsed: 3.57
batch elapsed: 3.49
batch elapsed: 3.60
batch elapsed: 3.56
batch elapsed: 3.56
batch elapsed: 3.50
batch elapsed: 3.58
batch elapsed: 3.72
batch elapsed: 3.54
batch elapsed: 3.57
batch elapsed: 3.47
batch elapsed: 3.58
batch elapsed: 3.53
batch elapsed: 3.57
batch elapsed: 3.55
batch elapsed: 3.54
batch elapsed: 3.57
batch elapsed: 3.60
batch elapsed: 3.34
Eval num_timesteps=52000, episode_reward=26.30 +/- 0.94
Episode length: 1000.00 +/- 0.00
-----------------------------------
| eval/              |            |
|    mean_ep_length  | 1e+03      |
|    mean_reward     | 26.3       |
| time/              |            |
|    total_timesteps | 52000      |
| train/             |            |
|    actor_loss      | -1.2779775 |
|    critic_loss     | 0.153      |
|    d_learning_rate | 0.0005     |
|    dstb_ent_coef   | 0.00816    |
|    ent_coef        | 0.0173     |
|    ent_coef_loss   | -0.673     |
|    n_updates       | 127936     |
|    u_learning_rate | 0.0001     |
|    v_learning_rate | 0.001      |
-----------------------------------
New best mean reward!
---------------------------------
| rollout/           |          |
|    ep_len_mean     | 1e+03    |
|    ep_rew_mean     | -280     |
| time/              |          |
|    episodes        | 52       |
|    fps             | 6        |
|    time_elapsed    | 8194     |
|    total_timesteps | 52000    |
| train/             |          |
|    std             | 0.433    |
---------------------------------
wandb: ERROR Error while calling W&B API: context deadline exceeded (<Response [500]>)
wandb: ERROR Error while calling W&B API: context deadline exceeded (<Response [500]>)
wandb: ERROR Error while calling W&B API: context deadline exceeded (<Response [500]>)
wandb: ERROR Error while calling W&B API: context deadline exceeded (<Response [500]>)
wandb: 429 encountered ({"error":"rate limit exceeded"}), retrying request
wandb: Network error resolved after 0:00:35.055824, resuming normal operation.
wandb: 429 encountered ({"error":"rate limit exceeded"}), retrying request
wandb: Network error resolved after 0:00:51.660516, resuming normal operation.
wandb: 429 encountered ({"error":"rate limit exceeded"}), retrying request
wandb: Network error resolved after 0:00:50.978856, resuming normal operation.
wandb: 429 encountered ({"error":"rate limit exceeded"}), retrying request
wandb: Network error resolved after 0:00:37.409076, resuming normal operation.
wandb: 429 encountered ({"error":"rate limit exceeded"}), retrying request
wandb: Network error resolved after 0:00:39.933042, resuming normal operation.
batch elapsed: 3.38
batch elapsed: 3.54
batch elapsed: 3.54
batch elapsed: 3.55
batch elapsed: 3.57
batch elapsed: 3.51
batch elapsed: 3.56
batch elapsed: 3.59
batch elapsed: 3.52
batch elapsed: 3.55
batch elapsed: 3.57
batch elapsed: 3.55
batch elapsed: 3.54
batch elapsed: 3.52
batch elapsed: 3.57
batch elapsed: 3.54
batch elapsed: 3.54
batch elapsed: 3.49
batch elapsed: 3.55
batch elapsed: 3.58
batch elapsed: 3.56
batch elapsed: 3.53
batch elapsed: 3.56
batch elapsed: 3.59
batch elapsed: 3.55
batch elapsed: 3.61
batch elapsed: 3.54
batch elapsed: 3.57
batch elapsed: 3.60
batch elapsed: 3.53
batch elapsed: 3.57
batch elapsed: 3.52
batch elapsed: 3.50
batch elapsed: 3.58
batch elapsed: 3.45
batch elapsed: 3.54
batch elapsed: 3.56
batch elapsed: 3.55
batch elapsed: 3.55
batch elapsed: 3.53
batch elapsed: 3.53
batch elapsed: 3.55
batch elapsed: 3.53
batch elapsed: 3.56
batch elapsed: 3.58
batch elapsed: 3.58
batch elapsed: 3.59
batch elapsed: 3.57
batch elapsed: 3.56
batch elapsed: 3.58
batch elapsed: 3.56
batch elapsed: 3.56
batch elapsed: 3.54
batch elapsed: 3.53
batch elapsed: 3.54
batch elapsed: 3.52
batch elapsed: 3.53
batch elapsed: 3.59
batch elapsed: 3.54
batch elapsed: 3.53
batch elapsed: 3.56
batch elapsed: 3.57
batch elapsed: 3.54
batch elapsed: 3.58
batch elapsed: 3.58
batch elapsed: 3.56
batch elapsed: 3.56
batch elapsed: 3.55
batch elapsed: 3.57
batch elapsed: 3.54
batch elapsed: 3.52
batch elapsed: 3.53
batch elapsed: 3.58
batch elapsed: 3.55
batch elapsed: 3.53
batch elapsed: 3.51
batch elapsed: 3.51
batch elapsed: 3.55
batch elapsed: 3.53
batch elapsed: 3.55
batch elapsed: 3.52
batch elapsed: 3.58
batch elapsed: 3.54
batch elapsed: 3.57
batch elapsed: 3.55
batch elapsed: 3.56
batch elapsed: 3.56
batch elapsed: 3.55
batch elapsed: 3.55
batch elapsed: 3.53
batch elapsed: 3.51
batch elapsed: 3.57
batch elapsed: 3.54
batch elapsed: 3.56
batch elapsed: 3.51
batch elapsed: 3.53
batch elapsed: 3.54
batch elapsed: 3.56
batch elapsed: 3.54
batch elapsed: 3.56
batch elapsed: 3.51
batch elapsed: 3.56
batch elapsed: 3.53
batch elapsed: 3.58
batch elapsed: 3.55
batch elapsed: 3.56
batch elapsed: 3.55
batch elapsed: 3.56
batch elapsed: 3.59
batch elapsed: 3.53
batch elapsed: 3.59
batch elapsed: 3.51
batch elapsed: 3.52
batch elapsed: 3.54
batch elapsed: 3.54
batch elapsed: 3.49
batch elapsed: 3.49
batch elapsed: 3.57
batch elapsed: 3.56
batch elapsed: 3.59
batch elapsed: 3.52
batch elapsed: 3.51
batch elapsed: 3.54
batch elapsed: 3.54
batch elapsed: 3.50
batch elapsed: 3.54
batch elapsed: 3.53
batch elapsed: 3.53
batch elapsed: 3.49
batch elapsed: 3.58
batch elapsed: 3.57
batch elapsed: 3.51
batch elapsed: 3.53
batch elapsed: 3.54
batch elapsed: 3.57
batch elapsed: 3.55
batch elapsed: 3.52
batch elapsed: 3.53
batch elapsed: 3.51
batch elapsed: 3.55
batch elapsed: 3.57
batch elapsed: 3.56
batch elapsed: 3.53
batch elapsed: 3.56
batch elapsed: 3.57
batch elapsed: 3.44
batch elapsed: 3.52
batch elapsed: 3.53
batch elapsed: 3.58
batch elapsed: 3.54
batch elapsed: 3.54
batch elapsed: 3.56
batch elapsed: 3.58
batch elapsed: 3.57
batch elapsed: 3.54
batch elapsed: 3.53
batch elapsed: 3.52
batch elapsed: 3.60
batch elapsed: 3.55
batch elapsed: 3.57
batch elapsed: 3.56
batch elapsed: 3.53
batch elapsed: 3.55
batch elapsed: 3.58
batch elapsed: 3.53
batch elapsed: 3.52
batch elapsed: 3.52
batch elapsed: 3.60
batch elapsed: 3.60
batch elapsed: 3.56
batch elapsed: 3.48
batch elapsed: 3.48
batch elapsed: 3.51
batch elapsed: 3.56
batch elapsed: 3.54
batch elapsed: 3.57
batch elapsed: 3.55
batch elapsed: 3.56
batch elapsed: 3.55
batch elapsed: 3.54
batch elapsed: 3.56
batch elapsed: 3.56
batch elapsed: 3.55
batch elapsed: 3.52
batch elapsed: 3.57
batch elapsed: 3.54
batch elapsed: 3.59
batch elapsed: 3.65
batch elapsed: 3.54
batch elapsed: 3.55
batch elapsed: 3.52
batch elapsed: 3.54
batch elapsed: 3.54
batch elapsed: 3.48
batch elapsed: 3.55
batch elapsed: 3.52
batch elapsed: 3.53
batch elapsed: 3.60
batch elapsed: 3.56
batch elapsed: 3.60
batch elapsed: 3.56
batch elapsed: 3.49
batch elapsed: 3.53
batch elapsed: 3.55
batch elapsed: 3.52
batch elapsed: 3.54
batch elapsed: 3.55
batch elapsed: 3.42
batch elapsed: 3.56
batch elapsed: 3.54
batch elapsed: 3.55
batch elapsed: 3.36
batch elapsed: 3.31
batch elapsed: 3.50
batch elapsed: 3.45
batch elapsed: 3.53
batch elapsed: 3.52
batch elapsed: 3.54
batch elapsed: 3.52
batch elapsed: 3.54
batch elapsed: 3.63
batch elapsed: 3.53
batch elapsed: 3.45
batch elapsed: 3.50
batch elapsed: 3.49
batch elapsed: 3.57
batch elapsed: 3.56
batch elapsed: 3.54
batch elapsed: 3.55
batch elapsed: 3.54
batch elapsed: 3.50
batch elapsed: 3.39
batch elapsed: 3.53
batch elapsed: 3.52
batch elapsed: 3.53
batch elapsed: 3.53
batch elapsed: 3.51
batch elapsed: 3.52
batch elapsed: 3.49
batch elapsed: 3.54
batch elapsed: 3.60
batch elapsed: 3.57
batch elapsed: 3.61
batch elapsed: 3.53
batch elapsed: 3.57
batch elapsed: 3.59
batch elapsed: 3.60
batch elapsed: 3.62
batch elapsed: 3.58
batch elapsed: 3.55
batch elapsed: 3.52
batch elapsed: 3.56
batch elapsed: 3.54
batch elapsed: 3.51
batch elapsed: 3.52
batch elapsed: 3.56
batch elapsed: 3.55
batch elapsed: 3.55
batch elapsed: 3.61
batch elapsed: 3.56
batch elapsed: 3.57
batch elapsed: 3.49
batch elapsed: 3.49
batch elapsed: 3.53
batch elapsed: 3.55
batch elapsed: 3.49
batch elapsed: 3.49
batch elapsed: 3.53
batch elapsed: 3.51
batch elapsed: 3.49
batch elapsed: 3.57
batch elapsed: 3.60
batch elapsed: 3.56
batch elapsed: 3.58
batch elapsed: 3.55
batch elapsed: 3.57
batch elapsed: 3.55
batch elapsed: 3.53
batch elapsed: 3.52
batch elapsed: 3.55
batch elapsed: 3.54
batch elapsed: 3.58
batch elapsed: 3.54
batch elapsed: 3.54
batch elapsed: 3.60
batch elapsed: 3.54
batch elapsed: 3.47
batch elapsed: 3.57
batch elapsed: 3.55
batch elapsed: 3.59
batch elapsed: 3.56
batch elapsed: 3.52
batch elapsed: 3.58
batch elapsed: 3.54
batch elapsed: 3.54
batch elapsed: 3.54
batch elapsed: 3.43
batch elapsed: 3.52
batch elapsed: 3.55
batch elapsed: 3.53
batch elapsed: 3.59
batch elapsed: 3.56
batch elapsed: 3.53
batch elapsed: 3.56
batch elapsed: 3.50
batch elapsed: 3.53
batch elapsed: 3.63
batch elapsed: 3.53
batch elapsed: 3.53
batch elapsed: 3.56
batch elapsed: 3.60
batch elapsed: 3.58
batch elapsed: 3.50
batch elapsed: 3.55
batch elapsed: 3.56
batch elapsed: 3.50
batch elapsed: 3.56
batch elapsed: 3.54
batch elapsed: 3.57
batch elapsed: 3.53
batch elapsed: 3.56
batch elapsed: 3.57
batch elapsed: 3.55
batch elapsed: 3.60
batch elapsed: 3.57
batch elapsed: 3.56
batch elapsed: 3.56
batch elapsed: 3.54
batch elapsed: 3.57
batch elapsed: 3.55
batch elapsed: 3.55
batch elapsed: 3.54
batch elapsed: 3.48
batch elapsed: 3.57
batch elapsed: 3.52
batch elapsed: 3.57
batch elapsed: 3.51
batch elapsed: 3.55
batch elapsed: 3.54
batch elapsed: 3.58
batch elapsed: 3.59
batch elapsed: 3.57
batch elapsed: 3.56
batch elapsed: 3.56
batch elapsed: 3.53
batch elapsed: 3.51
batch elapsed: 3.57
batch elapsed: 3.49
batch elapsed: 3.61
batch elapsed: 3.51
batch elapsed: 3.53
batch elapsed: 3.57
batch elapsed: 3.54
batch elapsed: 3.62
batch elapsed: 3.64
batch elapsed: 3.54
batch elapsed: 3.57
batch elapsed: 3.62
batch elapsed: 3.56
batch elapsed: 3.53
batch elapsed: 3.62
batch elapsed: 3.57
batch elapsed: 3.59
batch elapsed: 3.54
batch elapsed: 3.50
batch elapsed: 3.59
batch elapsed: 3.50
batch elapsed: 3.58
batch elapsed: 3.59
batch elapsed: 3.59
batch elapsed: 3.56
batch elapsed: 3.56
batch elapsed: 3.52
batch elapsed: 3.54
batch elapsed: 3.54
batch elapsed: 3.55
batch elapsed: 3.54
batch elapsed: 3.53
batch elapsed: 3.54
batch elapsed: 3.51
batch elapsed: 3.52
batch elapsed: 3.58
batch elapsed: 3.56
batch elapsed: 3.54
batch elapsed: 3.65
batch elapsed: 3.52
batch elapsed: 3.44
batch elapsed: 3.43
batch elapsed: 3.55
batch elapsed: 3.53
batch elapsed: 3.54
batch elapsed: 3.52
batch elapsed: 3.58
batch elapsed: 3.50
batch elapsed: 3.53
batch elapsed: 3.56
batch elapsed: 3.57
batch elapsed: 3.55
batch elapsed: 3.53
batch elapsed: 3.58
batch elapsed: 3.52
batch elapsed: 3.56
batch elapsed: 3.57
batch elapsed: 3.54
batch elapsed: 3.57
batch elapsed: 3.60
batch elapsed: 3.48
batch elapsed: 3.60
batch elapsed: 3.55
batch elapsed: 3.34
batch elapsed: 3.54
batch elapsed: 3.55
batch elapsed: 3.54
batch elapsed: 3.58
batch elapsed: 3.51
batch elapsed: 3.56
batch elapsed: 3.53
batch elapsed: 3.51
batch elapsed: 3.56
batch elapsed: 3.56
batch elapsed: 3.56
batch elapsed: 3.58
batch elapsed: 3.46
batch elapsed: 3.58
batch elapsed: 3.55
batch elapsed: 3.53
batch elapsed: 3.49
batch elapsed: 3.55
batch elapsed: 3.54
batch elapsed: 3.55
batch elapsed: 3.54
batch elapsed: 3.51
batch elapsed: 3.58
batch elapsed: 3.55
batch elapsed: 3.60
batch elapsed: 3.55
batch elapsed: 3.61
batch elapsed: 3.56
batch elapsed: 3.53
batch elapsed: 3.56
batch elapsed: 3.52
batch elapsed: 3.50
batch elapsed: 3.58
batch elapsed: 3.44
batch elapsed: 3.55
batch elapsed: 3.55
batch elapsed: 3.56
batch elapsed: 3.55
batch elapsed: 3.53
batch elapsed: 3.53
batch elapsed: 3.55
batch elapsed: 3.59
batch elapsed: 3.56
batch elapsed: 3.59
batch elapsed: 3.58
batch elapsed: 3.58
batch elapsed: 3.57
batch elapsed: 3.56
batch elapsed: 3.57
batch elapsed: 3.56
batch elapsed: 3.56
batch elapsed: 3.54
batch elapsed: 3.54
batch elapsed: 3.52
batch elapsed: 3.52
batch elapsed: 3.54
batch elapsed: 3.58
batch elapsed: 3.56
batch elapsed: 3.54
batch elapsed: 3.55
batch elapsed: 3.52
batch elapsed: 3.54
batch elapsed: 3.57
batch elapsed: 3.58
batch elapsed: 3.57
batch elapsed: 3.55
batch elapsed: 3.55
batch elapsed: 3.56
batch elapsed: 3.54
batch elapsed: 3.53
batch elapsed: 3.51
batch elapsed: 3.53
batch elapsed: 3.57
batch elapsed: 3.52
batch elapsed: 3.52
batch elapsed: 3.56
batch elapsed: 3.56
batch elapsed: 3.59
batch elapsed: 3.55
batch elapsed: 3.51
batch elapsed: 3.58
batch elapsed: 3.54
batch elapsed: 3.58
batch elapsed: 3.55
batch elapsed: 3.55
batch elapsed: 3.57
batch elapsed: 3.56
batch elapsed: 3.55
batch elapsed: 3.51
batch elapsed: 3.54
batch elapsed: 3.55
batch elapsed: 3.57
batch elapsed: 3.55
batch elapsed: 3.50
batch elapsed: 3.53
batch elapsed: 3.53
batch elapsed: 3.57
batch elapsed: 3.54
batch elapsed: 3.56
batch elapsed: 3.57
batch elapsed: 3.56
batch elapsed: 3.53
batch elapsed: 3.58
batch elapsed: 3.55
batch elapsed: 3.56
batch elapsed: 3.55
batch elapsed: 3.56
batch elapsed: 3.59
batch elapsed: 3.54
batch elapsed: 3.57
batch elapsed: 3.53
batch elapsed: 3.43
batch elapsed: 3.54
batch elapsed: 3.55
batch elapsed: 3.54
batch elapsed: 3.50
batch elapsed: 3.56
batch elapsed: 3.55
batch elapsed: 3.58
batch elapsed: 3.59
batch elapsed: 3.51
batch elapsed: 3.54
batch elapsed: 3.53
batch elapsed: 3.52
batch elapsed: 3.55
batch elapsed: 3.57
batch elapsed: 3.51
batch elapsed: 3.49
batch elapsed: 3.59
batch elapsed: 3.53
batch elapsed: 3.43
batch elapsed: 3.57
batch elapsed: 3.55
batch elapsed: 3.59
batch elapsed: 3.59
batch elapsed: 3.57
batch elapsed: 3.53
batch elapsed: 3.51
batch elapsed: 3.55
batch elapsed: 3.58
batch elapsed: 3.55
batch elapsed: 3.54
batch elapsed: 3.57
batch elapsed: 3.57
batch elapsed: 3.60
batch elapsed: 3.58
batch elapsed: 3.51
batch elapsed: 3.58
batch elapsed: 3.54
batch elapsed: 3.54
batch elapsed: 3.57
batch elapsed: 3.57
batch elapsed: 3.46
batch elapsed: 3.53
batch elapsed: 3.47
batch elapsed: 3.48
batch elapsed: 3.54
batch elapsed: 3.55
batch elapsed: 3.58
batch elapsed: 3.56
batch elapsed: 3.54
batch elapsed: 3.54
batch elapsed: 3.58
batch elapsed: 3.52
batch elapsed: 3.53
batch elapsed: 3.46
batch elapsed: 3.54
batch elapsed: 3.50
batch elapsed: 3.56
batch elapsed: 3.54
batch elapsed: 3.54
batch elapsed: 3.50
batch elapsed: 3.56
batch elapsed: 3.54
batch elapsed: 3.58
batch elapsed: 3.54
batch elapsed: 3.56
batch elapsed: 3.56
batch elapsed: 3.53
batch elapsed: 3.56
batch elapsed: 3.57
batch elapsed: 3.54
batch elapsed: 3.58
batch elapsed: 3.56
batch elapsed: 3.54
batch elapsed: 3.58
batch elapsed: 3.64
batch elapsed: 3.54
batch elapsed: 3.56
batch elapsed: 3.58
batch elapsed: 3.53
batch elapsed: 3.53
batch elapsed: 3.47
batch elapsed: 3.53
batch elapsed: 3.54
batch elapsed: 3.64
batch elapsed: 3.60
batch elapsed: 3.57
batch elapsed: 3.59
batch elapsed: 3.56
batch elapsed: 3.55
batch elapsed: 3.54
batch elapsed: 3.53
batch elapsed: 3.54
batch elapsed: 3.54
batch elapsed: 3.55
batch elapsed: 3.54
batch elapsed: 3.56
batch elapsed: 3.58
batch elapsed: 3.53
batch elapsed: 3.56
batch elapsed: 3.56
batch elapsed: 3.55
batch elapsed: 3.59
batch elapsed: 3.52
batch elapsed: 3.59
batch elapsed: 3.54
batch elapsed: 3.51
batch elapsed: 3.55
batch elapsed: 3.56
batch elapsed: 3.57
batch elapsed: 3.60
batch elapsed: 3.46
batch elapsed: 3.48
batch elapsed: 3.56
batch elapsed: 3.55
batch elapsed: 3.55
batch elapsed: 3.55
batch elapsed: 3.52
batch elapsed: 3.47
batch elapsed: 3.39
batch elapsed: 3.58
batch elapsed: 3.52
batch elapsed: 3.51
batch elapsed: 3.53
batch elapsed: 3.55
batch elapsed: 3.54
batch elapsed: 3.50
batch elapsed: 3.56
batch elapsed: 3.58
batch elapsed: 3.56
batch elapsed: 3.57
batch elapsed: 3.54
batch elapsed: 3.54
batch elapsed: 3.59
batch elapsed: 3.52
batch elapsed: 3.53
batch elapsed: 3.55
batch elapsed: 3.56
batch elapsed: 3.58
batch elapsed: 3.56
batch elapsed: 3.54
batch elapsed: 3.45
batch elapsed: 3.53
batch elapsed: 3.56
batch elapsed: 3.55
batch elapsed: 3.57
batch elapsed: 3.58
batch elapsed: 3.53
batch elapsed: 3.54
batch elapsed: 3.51
batch elapsed: 3.52
batch elapsed: 3.53
batch elapsed: 3.53
batch elapsed: 3.52
batch elapsed: 3.57
batch elapsed: 3.51
batch elapsed: 3.51
batch elapsed: 3.50
batch elapsed: 3.59
batch elapsed: 3.58
batch elapsed: 3.56
batch elapsed: 3.56
batch elapsed: 3.57
batch elapsed: 3.56
batch elapsed: 3.55
batch elapsed: 3.54
batch elapsed: 3.58
batch elapsed: 3.53
batch elapsed: 3.56
batch elapsed: 3.58
batch elapsed: 3.52
batch elapsed: 3.53
batch elapsed: 3.58
batch elapsed: 3.54
batch elapsed: 3.53
batch elapsed: 3.57
batch elapsed: 3.55
batch elapsed: 3.59
batch elapsed: 3.53
batch elapsed: 3.52
batch elapsed: 3.54
batch elapsed: 3.54
batch elapsed: 3.55
batch elapsed: 3.53
batch elapsed: 3.51
batch elapsed: 3.50
batch elapsed: 3.55
batch elapsed: 3.53
batch elapsed: 3.55
batch elapsed: 3.56
batch elapsed: 3.53
batch elapsed: 3.56
batch elapsed: 3.49
batch elapsed: 3.55
batch elapsed: 3.62
batch elapsed: 3.53
batch elapsed: 3.48
batch elapsed: 3.63
batch elapsed: 3.48
batch elapsed: 3.35
batch elapsed: 3.40
batch elapsed: 3.30
batch elapsed: 3.46
batch elapsed: 3.51
batch elapsed: 3.56
batch elapsed: 3.54
batch elapsed: 3.56
batch elapsed: 3.54
batch elapsed: 3.58
batch elapsed: 3.57
batch elapsed: 3.54
batch elapsed: 3.59
batch elapsed: 3.58
batch elapsed: 3.56
batch elapsed: 3.55
batch elapsed: 3.55
batch elapsed: 3.56
batch elapsed: 3.55
batch elapsed: 3.55
batch elapsed: 3.55
batch elapsed: 3.54
batch elapsed: 3.57
batch elapsed: 3.49
batch elapsed: 3.53
batch elapsed: 3.50
batch elapsed: 3.55
batch elapsed: 3.54
batch elapsed: 3.59
batch elapsed: 3.58
batch elapsed: 3.57
batch elapsed: 3.55
batch elapsed: 3.56
batch elapsed: 3.53
batch elapsed: 3.52
batch elapsed: 3.55
batch elapsed: 3.51
batch elapsed: 3.59
batch elapsed: 3.58
batch elapsed: 3.51
batch elapsed: 3.57
batch elapsed: 3.54
batch elapsed: 3.58
batch elapsed: 3.70
batch elapsed: 3.54
batch elapsed: 3.58
batch elapsed: 3.60
batch elapsed: 3.58
batch elapsed: 3.54
batch elapsed: 3.55
batch elapsed: 3.58
batch elapsed: 3.59
batch elapsed: 3.55
batch elapsed: 3.54
batch elapsed: 3.61
batch elapsed: 3.55
batch elapsed: 3.56
batch elapsed: 3.54
batch elapsed: 3.58
batch elapsed: 3.58
batch elapsed: 3.55
batch elapsed: 3.52
batch elapsed: 3.54
batch elapsed: 3.55
batch elapsed: 3.55
batch elapsed: 3.46
batch elapsed: 3.54
batch elapsed: 3.54
batch elapsed: 3.56
batch elapsed: 3.53
batch elapsed: 3.57
batch elapsed: 3.56
batch elapsed: 3.54
batch elapsed: 3.59
batch elapsed: 3.53
batch elapsed: 3.50
batch elapsed: 3.55
batch elapsed: 3.53
batch elapsed: 3.53
batch elapsed: 3.55
batch elapsed: 3.53
batch elapsed: 3.56
batch elapsed: 3.50
batch elapsed: 3.53
batch elapsed: 3.57
batch elapsed: 3.55
batch elapsed: 3.55
batch elapsed: 3.54
batch elapsed: 3.52
batch elapsed: 3.53
batch elapsed: 3.56
batch elapsed: 3.56
batch elapsed: 3.56
batch elapsed: 3.56
batch elapsed: 3.59
batch elapsed: 3.49
batch elapsed: 3.55
batch elapsed: 3.60
batch elapsed: 3.56
batch elapsed: 3.52
batch elapsed: 3.54
batch elapsed: 3.57
batch elapsed: 3.53
batch elapsed: 3.54
batch elapsed: 3.54
batch elapsed: 3.53
batch elapsed: 3.54
batch elapsed: 3.58
batch elapsed: 3.55
batch elapsed: 3.50
batch elapsed: 3.46
batch elapsed: 3.56
batch elapsed: 3.54
batch elapsed: 3.53
batch elapsed: 3.49
batch elapsed: 3.42
batch elapsed: 3.51
batch elapsed: 3.41
batch elapsed: 3.48
batch elapsed: 3.36
batch elapsed: 3.56
batch elapsed: 3.56
batch elapsed: 3.60
batch elapsed: 3.56
batch elapsed: 3.56
batch elapsed: 3.60
batch elapsed: 3.54
batch elapsed: 3.57
batch elapsed: 3.52
batch elapsed: 3.46
batch elapsed: 3.55
batch elapsed: 3.50
batch elapsed: 3.53
batch elapsed: 3.60
batch elapsed: 3.55
batch elapsed: 3.56
batch elapsed: 3.53
batch elapsed: 3.53
batch elapsed: 3.54
batch elapsed: 3.53
batch elapsed: 3.55
batch elapsed: 3.62
batch elapsed: 3.61
batch elapsed: 3.59
batch elapsed: 3.56
batch elapsed: 3.57
batch elapsed: 3.57
batch elapsed: 3.57
batch elapsed: 3.55
batch elapsed: 3.54
batch elapsed: 3.54
batch elapsed: 3.52
batch elapsed: 3.52
batch elapsed: 3.55
batch elapsed: 3.57
batch elapsed: 3.55
batch elapsed: 3.55
batch elapsed: 3.54
batch elapsed: 3.58
batch elapsed: 3.54
batch elapsed: 3.63
batch elapsed: 3.57
batch elapsed: 3.57
batch elapsed: 3.55
batch elapsed: 3.57
batch elapsed: 3.56
batch elapsed: 3.58
batch elapsed: 3.54
batch elapsed: 3.59
batch elapsed: 3.52
batch elapsed: 3.56
batch elapsed: 3.55
batch elapsed: 3.56
batch elapsed: 3.53
batch elapsed: 3.58
batch elapsed: 3.59
batch elapsed: 3.54
batch elapsed: 3.51
batch elapsed: 3.57
batch elapsed: 3.54
batch elapsed: 3.57
batch elapsed: 3.57
batch elapsed: 3.55
batch elapsed: 3.57
batch elapsed: 3.55
batch elapsed: 3.55
batch elapsed: 3.52
batch elapsed: 3.53
batch elapsed: 3.56
batch elapsed: 3.56
batch elapsed: 3.55
batch elapsed: 3.55
batch elapsed: 3.56
batch elapsed: 3.56
batch elapsed: 3.58
batch elapsed: 3.54
batch elapsed: 3.55
batch elapsed: 3.62
batch elapsed: 3.57
batch elapsed: 3.53
batch elapsed: 3.56
batch elapsed: 3.61
batch elapsed: 3.58
batch elapsed: 3.53
batch elapsed: 3.61
batch elapsed: 3.59
batch elapsed: 3.55
batch elapsed: 3.57
batch elapsed: 3.52
batch elapsed: 3.52
batch elapsed: 3.56
batch elapsed: 3.58
batch elapsed: 3.59
batch elapsed: 3.54
batch elapsed: 3.54
batch elapsed: 3.57
batch elapsed: 3.58
batch elapsed: 3.59
batch elapsed: 3.50
batch elapsed: 3.55
batch elapsed: 3.52
batch elapsed: 3.52
batch elapsed: 3.54
batch elapsed: 3.52
batch elapsed: 3.54
batch elapsed: 3.54
batch elapsed: 3.58
batch elapsed: 3.48
batch elapsed: 3.37
batch elapsed: 3.51
batch elapsed: 3.55
batch elapsed: 3.63
batch elapsed: 3.55
batch elapsed: 3.57
batch elapsed: 3.53
batch elapsed: 3.51
batch elapsed: 3.56
batch elapsed: 3.57
batch elapsed: 3.57
batch elapsed: 3.53
batch elapsed: 3.57
batch elapsed: 3.58
batch elapsed: 3.55
batch elapsed: 3.52
batch elapsed: 3.54
batch elapsed: 3.55
batch elapsed: 3.57
batch elapsed: 3.51
batch elapsed: 3.57
batch elapsed: 3.58
batch elapsed: 3.46
batch elapsed: 3.52
batch elapsed: 3.46
batch elapsed: 3.45
batch elapsed: 3.55
batch elapsed: 3.55
batch elapsed: 3.57
batch elapsed: 3.56
batch elapsed: 3.55
batch elapsed: 3.52
batch elapsed: 3.58
batch elapsed: 3.47
batch elapsed: 3.53
batch elapsed: 3.54
batch elapsed: 3.51
batch elapsed: 3.54
batch elapsed: 3.58
batch elapsed: 3.56
batch elapsed: 3.54
batch elapsed: 3.61
batch elapsed: 3.54
batch elapsed: 3.56
batch elapsed: 3.57
batch elapsed: 3.55
batch elapsed: 3.56
batch elapsed: 3.56
batch elapsed: 3.54
batch elapsed: 3.54
batch elapsed: 3.57
batch elapsed: 3.53
batch elapsed: 3.53
batch elapsed: 3.56
batch elapsed: 3.55
batch elapsed: 3.52
batch elapsed: 3.60
batch elapsed: 3.54
batch elapsed: 3.57
batch elapsed: 3.57
batch elapsed: 3.53
batch elapsed: 3.54
batch elapsed: 3.48
batch elapsed: 3.60
batch elapsed: 3.53
batch elapsed: 3.63
batch elapsed: 3.58
batch elapsed: 3.56
batch elapsed: 3.59
batch elapsed: 3.56
batch elapsed: 3.65
batch elapsed: 3.54
batch elapsed: 3.54
batch elapsed: 3.46
batch elapsed: 3.54
batch elapsed: 3.56
batch elapsed: 3.65
batch elapsed: 3.56
batch elapsed: 3.52
batch elapsed: 3.54
batch elapsed: 3.51
batch elapsed: 3.34
batch elapsed: 3.42
batch elapsed: 3.42
batch elapsed: 3.53
batch elapsed: 3.52
batch elapsed: 3.54
batch elapsed: 3.52
batch elapsed: 3.53
batch elapsed: 3.58
batch elapsed: 3.55
batch elapsed: 3.55
batch elapsed: 3.49
batch elapsed: 3.51
batch elapsed: 3.56
batch elapsed: 3.55
batch elapsed: 3.55
batch elapsed: 3.52
batch elapsed: 3.49
batch elapsed: 3.51
batch elapsed: 3.45
batch elapsed: 3.55
batch elapsed: 3.51
batch elapsed: 3.52
batch elapsed: 3.54
batch elapsed: 3.50
batch elapsed: 3.52
batch elapsed: 3.50
batch elapsed: 3.54
batch elapsed: 3.61
batch elapsed: 3.54
batch elapsed: 3.58
batch elapsed: 3.56
batch elapsed: 3.54
batch elapsed: 3.58
batch elapsed: 3.50
batch elapsed: 3.55
batch elapsed: 3.54
batch elapsed: 3.56
batch elapsed: 3.52
batch elapsed: 3.56
batch elapsed: 3.54
batch elapsed: 3.50
batch elapsed: 3.53
batch elapsed: 3.56
batch elapsed: 3.56
batch elapsed: 3.56
batch elapsed: 3.61
batch elapsed: 3.50
batch elapsed: 3.55
batch elapsed: 3.49
batch elapsed: 3.50
batch elapsed: 3.59
batch elapsed: 3.54
batch elapsed: 3.49
batch elapsed: 3.49
batch elapsed: 3.52
batch elapsed: 3.51
batch elapsed: 3.50
batch elapsed: 3.56
batch elapsed: 3.59
batch elapsed: 3.56
batch elapsed: 3.57
batch elapsed: 3.55
batch elapsed: 3.56
batch elapsed: 3.57
batch elapsed: 3.53
batch elapsed: 3.58
batch elapsed: 3.54
batch elapsed: 3.56
batch elapsed: 3.56
batch elapsed: 3.54
batch elapsed: 3.56
batch elapsed: 3.59
batch elapsed: 3.48
batch elapsed: 3.43
batch elapsed: 3.57
batch elapsed: 3.56
batch elapsed: 3.57
batch elapsed: 3.55
batch elapsed: 3.54
batch elapsed: 3.51
batch elapsed: 3.53
batch elapsed: 3.55
batch elapsed: 3.54
batch elapsed: 3.51
batch elapsed: 3.50
batch elapsed: 3.55
batch elapsed: 3.55
batch elapsed: 3.58
batch elapsed: 3.56
batch elapsed: 3.58
batch elapsed: 3.56
batch elapsed: 3.50
batch elapsed: 3.53
batch elapsed: 3.57
batch elapsed: 3.55
batch elapsed: 3.52
batch elapsed: 3.56
batch elapsed: 3.53
batch elapsed: 3.44
batch elapsed: 3.46
batch elapsed: 3.26
batch elapsed: 3.55
batch elapsed: 3.51
batch elapsed: 3.55
batch elapsed: 3.56
batch elapsed: 3.56
batch elapsed: 3.53
batch elapsed: 3.56
batch elapsed: 3.56
batch elapsed: 3.56
batch elapsed: 3.57
batch elapsed: 3.59
batch elapsed: 3.55
batch elapsed: 3.52
batch elapsed: 3.55
batch elapsed: 3.55
batch elapsed: 3.57
batch elapsed: 3.52
batch elapsed: 3.56
batch elapsed: 3.50
batch elapsed: 3.56
batch elapsed: 3.52
batch elapsed: 3.57
batch elapsed: 3.53
batch elapsed: 3.52
batch elapsed: 3.55
batch elapsed: 3.59
batch elapsed: 3.53
batch elapsed: 3.57
batch elapsed: 3.54
batch elapsed: 3.57
batch elapsed: 3.54
batch elapsed: 3.51
batch elapsed: 3.55
batch elapsed: 3.58
batch elapsed: 3.57
batch elapsed: 3.59
batch elapsed: 3.52
batch elapsed: 3.55
batch elapsed: 3.57
batch elapsed: 3.48
batch elapsed: 3.39
batch elapsed: 3.49
batch elapsed: 3.52
batch elapsed: 3.57
batch elapsed: 3.45
batch elapsed: 3.53
batch elapsed: 3.56
batch elapsed: 3.58
batch elapsed: 3.57
batch elapsed: 3.58
batch elapsed: 3.53
batch elapsed: 3.58
batch elapsed: 3.58
batch elapsed: 3.56
batch elapsed: 3.56
batch elapsed: 3.56
batch elapsed: 3.56
batch elapsed: 3.56
batch elapsed: 3.50
batch elapsed: 3.54
batch elapsed: 3.55
batch elapsed: 3.57
batch elapsed: 3.52
batch elapsed: 3.53
batch elapsed: 3.52
batch elapsed: 3.56
batch elapsed: 3.51
batch elapsed: 3.53
batch elapsed: 3.57
batch elapsed: 3.54
batch elapsed: 3.49
batch elapsed: 3.54
batch elapsed: 3.48
batch elapsed: 3.55
batch elapsed: 3.56
batch elapsed: 3.51
batch elapsed: 3.53
batch elapsed: 3.55
batch elapsed: 3.55
batch elapsed: 3.52
batch elapsed: 3.53
batch elapsed: 3.55
batch elapsed: 3.54
batch elapsed: 3.58
batch elapsed: 3.54
batch elapsed: 3.60
batch elapsed: 3.50
batch elapsed: 3.56
batch elapsed: 3.56
batch elapsed: 3.54
batch elapsed: 3.57
batch elapsed: 3.54
batch elapsed: 3.53
batch elapsed: 3.56
batch elapsed: 3.58
batch elapsed: 3.56
batch elapsed: 3.54
batch elapsed: 3.55
batch elapsed: 3.54
batch elapsed: 3.57
batch elapsed: 3.52
batch elapsed: 3.56
batch elapsed: 3.53
batch elapsed: 3.52
batch elapsed: 3.55
batch elapsed: 3.57
batch elapsed: 3.55
batch elapsed: 3.49
batch elapsed: 3.51
batch elapsed: 3.57
batch elapsed: 3.55
batch elapsed: 3.53
batch elapsed: 3.50
batch elapsed: 3.53
batch elapsed: 3.56
batch elapsed: 3.54
batch elapsed: 3.54
batch elapsed: 3.57
batch elapsed: 3.58
batch elapsed: 3.55
batch elapsed: 3.54
batch elapsed: 3.55
batch elapsed: 3.52
batch elapsed: 3.60
batch elapsed: 3.53
batch elapsed: 3.56
batch elapsed: 3.51
batch elapsed: 3.51
batch elapsed: 3.56
batch elapsed: 3.47
batch elapsed: 3.54
batch elapsed: 3.43
batch elapsed: 3.57
batch elapsed: 3.53
batch elapsed: 3.54
batch elapsed: 3.54
batch elapsed: 3.53
batch elapsed: 3.54
batch elapsed: 3.56
batch elapsed: 3.59
batch elapsed: 3.59
batch elapsed: 3.59
batch elapsed: 3.55
batch elapsed: 3.57
batch elapsed: 3.57
batch elapsed: 3.55
batch elapsed: 3.55
batch elapsed: 3.55
batch elapsed: 3.53
batch elapsed: 3.54
batch elapsed: 3.51
batch elapsed: 3.55
batch elapsed: 3.57
batch elapsed: 3.54
batch elapsed: 3.55
batch elapsed: 3.50
batch elapsed: 3.52
batch elapsed: 3.53
batch elapsed: 3.57
batch elapsed: 3.58
batch elapsed: 3.57
batch elapsed: 3.55
batch elapsed: 3.55
batch elapsed: 3.57
batch elapsed: 3.53
batch elapsed: 3.54
batch elapsed: 3.52
batch elapsed: 3.51
batch elapsed: 3.52
batch elapsed: 3.49
batch elapsed: 3.52
batch elapsed: 3.52
batch elapsed: 3.53
batch elapsed: 3.53
batch elapsed: 3.55
batch elapsed: 3.52
batch elapsed: 3.57
batch elapsed: 3.54
batch elapsed: 3.56
batch elapsed: 3.57
batch elapsed: 3.54
batch elapsed: 3.51
batch elapsed: 3.55
batch elapsed: 3.56
batch elapsed: 3.57
batch elapsed: 3.53
batch elapsed: 3.56
batch elapsed: 3.55
batch elapsed: 3.56
batch elapsed: 3.50
batch elapsed: 3.54
batch elapsed: 3.53
batch elapsed: 3.56
batch elapsed: 3.54
batch elapsed: 3.55
batch elapsed: 3.57
batch elapsed: 3.57
batch elapsed: 3.53
batch elapsed: 3.57
batch elapsed: 3.53
batch elapsed: 3.59
batch elapsed: 3.55
batch elapsed: 3.58
batch elapsed: 3.57
batch elapsed: 3.55
batch elapsed: 3.57
batch elapsed: 3.52
batch elapsed: 3.50
batch elapsed: 3.43
batch elapsed: 3.45
batch elapsed: 3.54
batch elapsed: 3.51
batch elapsed: 3.52
batch elapsed: 3.57
batch elapsed: 3.59
batch elapsed: 3.62
batch elapsed: 3.55
batch elapsed: 3.54
batch elapsed: 3.52
batch elapsed: 3.47
batch elapsed: 3.53
batch elapsed: 3.53
batch elapsed: 3.52
batch elapsed: 3.48
batch elapsed: 3.58
batch elapsed: 3.55
batch elapsed: 3.46
batch elapsed: 3.51
batch elapsed: 3.57
batch elapsed: 3.57
batch elapsed: 3.54
batch elapsed: 3.53
batch elapsed: 3.53
batch elapsed: 3.51
batch elapsed: 3.56
batch elapsed: 3.54
batch elapsed: 3.58
batch elapsed: 3.46
batch elapsed: 3.58
batch elapsed: 3.56
batch elapsed: 3.55
batch elapsed: 3.43
batch elapsed: 3.54
batch elapsed: 3.54
batch elapsed: 3.57
batch elapsed: 3.52
batch elapsed: 3.55
batch elapsed: 3.59
batch elapsed: 3.55
batch elapsed: 3.59
batch elapsed: 3.52
batch elapsed: 3.52
batch elapsed: 3.59
batch elapsed: 3.56
batch elapsed: 3.56
batch elapsed: 3.57
batch elapsed: 3.56
batch elapsed: 3.51
batch elapsed: 3.58
batch elapsed: 3.53
batch elapsed: 3.52
batch elapsed: 3.54
batch elapsed: 3.51
batch elapsed: 3.52
batch elapsed: 3.49
batch elapsed: 3.54
batch elapsed: 3.56
batch elapsed: 3.61
batch elapsed: 3.59
batch elapsed: 3.56
batch elapsed: 3.57
batch elapsed: 3.61
batch elapsed: 3.54
batch elapsed: 3.57
batch elapsed: 3.55
batch elapsed: 3.54
batch elapsed: 3.56
batch elapsed: 3.55
batch elapsed: 3.51
batch elapsed: 3.56
batch elapsed: 3.51
batch elapsed: 3.50
batch elapsed: 3.53
batch elapsed: 3.56
batch elapsed: 3.55
batch elapsed: 3.57
batch elapsed: 3.56
batch elapsed: 3.54
batch elapsed: 3.45
batch elapsed: 3.57
batch elapsed: 3.52
batch elapsed: 3.57
batch elapsed: 3.57
batch elapsed: 3.58
batch elapsed: 3.59
batch elapsed: 3.57
batch elapsed: 3.60
batch elapsed: 3.54
batch elapsed: 3.54
batch elapsed: 3.53
batch elapsed: 3.53
batch elapsed: 3.55
batch elapsed: 3.53
batch elapsed: 3.55
batch elapsed: 3.48
batch elapsed: 3.55
batch elapsed: 3.54
batch elapsed: 3.55
batch elapsed: 3.47
batch elapsed: 3.46
batch elapsed: 3.55
batch elapsed: 3.50
batch elapsed: 3.54
batch elapsed: 3.53
batch elapsed: 3.53
batch elapsed: 3.57
batch elapsed: 3.53
batch elapsed: 3.63
batch elapsed: 3.59
batch elapsed: 3.57
batch elapsed: 3.56
batch elapsed: 3.55
batch elapsed: 3.61
batch elapsed: 3.54
batch elapsed: 3.65
batch elapsed: 3.50
batch elapsed: 3.49
batch elapsed: 3.56
batch elapsed: 3.56
batch elapsed: 3.54
batch elapsed: 3.58
batch elapsed: 3.50
batch elapsed: 3.53
batch elapsed: 3.49
batch elapsed: 3.54
batch elapsed: 3.61
batch elapsed: 3.57
batch elapsed: 3.61
batch elapsed: 3.52
batch elapsed: 3.55
batch elapsed: 3.59
batch elapsed: 3.50
batch elapsed: 3.58
batch elapsed: 3.51
batch elapsed: 3.56
batch elapsed: 3.59
batch elapsed: 3.55
batch elapsed: 3.53
batch elapsed: 3.52
batch elapsed: 3.53
batch elapsed: 3.56
batch elapsed: 3.54
batch elapsed: 3.56
batch elapsed: 3.54
batch elapsed: 3.45
batch elapsed: 3.56
batch elapsed: 3.50
batch elapsed: 3.49
batch elapsed: 3.60
batch elapsed: 3.54
batch elapsed: 3.49
batch elapsed: 3.49
batch elapsed: 3.47
batch elapsed: 3.51
batch elapsed: 3.50
batch elapsed: 3.56
batch elapsed: 3.59
batch elapsed: 3.55
batch elapsed: 3.46
batch elapsed: 3.55
batch elapsed: 3.56
batch elapsed: 3.58
batch elapsed: 3.52
batch elapsed: 3.56
batch elapsed: 3.45
batch elapsed: 3.44
batch elapsed: 3.58
batch elapsed: 3.53
batch elapsed: 3.54
batch elapsed: 3.54
batch elapsed: 3.56
batch elapsed: 3.58
batch elapsed: 3.56
batch elapsed: 3.57
batch elapsed: 3.58
batch elapsed: 3.55
batch elapsed: 3.54
batch elapsed: 3.61
batch elapsed: 3.55
batch elapsed: 3.54
batch elapsed: 3.53
batch elapsed: 3.50
batch elapsed: 3.51
batch elapsed: 3.54
batch elapsed: 3.53
batch elapsed: 3.55
batch elapsed: 3.50
batch elapsed: 3.54
batch elapsed: 3.55
batch elapsed: 3.51
batch elapsed: 3.54
batch elapsed: 3.58
batch elapsed: 3.54
batch elapsed: 3.52
batch elapsed: 3.56
batch elapsed: 3.54
batch elapsed: 3.49
batch elapsed: 3.43
batch elapsed: 3.31
batch elapsed: 3.46
batch elapsed: 3.51
batch elapsed: 3.57
batch elapsed: 3.56
batch elapsed: 3.57
batch elapsed: 3.54
batch elapsed: 3.56
batch elapsed: 3.60
batch elapsed: 3.55
batch elapsed: 3.59
batch elapsed: 3.57
batch elapsed: 3.57
batch elapsed: 3.57
batch elapsed: 3.55
batch elapsed: 3.53
batch elapsed: 3.59
batch elapsed: 3.52
batch elapsed: 3.55
batch elapsed: 3.55
batch elapsed: 3.56
batch elapsed: 3.51
batch elapsed: 3.58
batch elapsed: 3.50
batch elapsed: 3.54
batch elapsed: 3.55
batch elapsed: 3.59
batch elapsed: 3.58
batch elapsed: 3.51
batch elapsed: 3.54
batch elapsed: 3.57
batch elapsed: 3.54
batch elapsed: 3.51
batch elapsed: 3.55
batch elapsed: 3.52
batch elapsed: 3.57
batch elapsed: 3.60
batch elapsed: 3.51
batch elapsed: 3.49
batch elapsed: 3.58
batch elapsed: 3.55
batch elapsed: 3.65
batch elapsed: 3.57
batch elapsed: 3.51
batch elapsed: 3.61
batch elapsed: 3.57
batch elapsed: 3.54
batch elapsed: 3.53
batch elapsed: 3.59
batch elapsed: 3.58
batch elapsed: 3.57
batch elapsed: 3.53
batch elapsed: 3.60
batch elapsed: 3.55
batch elapsed: 3.57
batch elapsed: 3.56
batch elapsed: 3.56
batch elapsed: 3.56
batch elapsed: 3.57
batch elapsed: 3.51
batch elapsed: 3.54
batch elapsed: 3.56
batch elapsed: 3.56
batch elapsed: 3.53
batch elapsed: 3.54
batch elapsed: 3.52
batch elapsed: 3.56
batch elapsed: 3.50
batch elapsed: 3.54
batch elapsed: 3.57
batch elapsed: 3.54
batch elapsed: 3.53
batch elapsed: 3.43
batch elapsed: 3.47
batch elapsed: 3.50
batch elapsed: 3.56
batch elapsed: 3.51
batch elapsed: 3.54
batch elapsed: 3.54
batch elapsed: 3.56
batch elapsed: 3.57
batch elapsed: 3.52
batch elapsed: 3.57
batch elapsed: 3.54
batch elapsed: 3.58
batch elapsed: 3.53
batch elapsed: 3.61
batch elapsed: 3.49
batch elapsed: 3.56
batch elapsed: 3.55
batch elapsed: 3.55
batch elapsed: 3.56
batch elapsed: 3.54
batch elapsed: 3.53
batch elapsed: 3.52
batch elapsed: 3.54
batch elapsed: 3.54
batch elapsed: 3.56
batch elapsed: 3.54
batch elapsed: 3.54
batch elapsed: 3.57
batch elapsed: 3.51
batch elapsed: 3.55
batch elapsed: 3.54
batch elapsed: 3.53
batch elapsed: 3.55
batch elapsed: 3.57
batch elapsed: 3.54
batch elapsed: 3.54
batch elapsed: 3.52
batch elapsed: 3.58
batch elapsed: 3.53
batch elapsed: 3.55
batch elapsed: 3.48
batch elapsed: 3.55
batch elapsed: 3.59
batch elapsed: 3.56
batch elapsed: 3.48
batch elapsed: 3.51
batch elapsed: 3.58
batch elapsed: 3.56
batch elapsed: 3.54
batch elapsed: 3.53
batch elapsed: 3.52
batch elapsed: 3.61
batch elapsed: 3.53
batch elapsed: 3.56
batch elapsed: 3.53
batch elapsed: 3.49
batch elapsed: 3.58
batch elapsed: 3.51
batch elapsed: 3.53
batch elapsed: 3.57
batch elapsed: 3.55
batch elapsed: 3.55
batch elapsed: 3.52
batch elapsed: 3.53
batch elapsed: 3.55
batch elapsed: 3.55
batch elapsed: 3.56
batch elapsed: 3.58
batch elapsed: 3.58
batch elapsed: 3.59
batch elapsed: 3.57
batch elapsed: 3.56
batch elapsed: 3.58
batch elapsed: 3.57
batch elapsed: 3.52
batch elapsed: 3.50
batch elapsed: 3.55
batch elapsed: 3.53
batch elapsed: 3.51
batch elapsed: 3.52
batch elapsed: 3.59
batch elapsed: 3.55
batch elapsed: 3.53
batch elapsed: 3.55
batch elapsed: 3.52
batch elapsed: 3.54
batch elapsed: 3.57
batch elapsed: 3.58
batch elapsed: 3.57
batch elapsed: 3.55
batch elapsed: 3.55
batch elapsed: 3.56
batch elapsed: 3.53
batch elapsed: 3.53
batch elapsed: 3.52
batch elapsed: 3.51
batch elapsed: 3.59
batch elapsed: 3.52
batch elapsed: 3.54
batch elapsed: 3.47
batch elapsed: 3.52
batch elapsed: 3.54
batch elapsed: 3.55
batch elapsed: 3.51
batch elapsed: 3.57
batch elapsed: 3.53
batch elapsed: 3.58
batch elapsed: 3.55
batch elapsed: 3.56
batch elapsed: 3.57
batch elapsed: 3.55
batch elapsed: 3.55
batch elapsed: 3.52
batch elapsed: 3.53
batch elapsed: 3.55
batch elapsed: 3.56
batch elapsed: 3.56
batch elapsed: 3.56
batch elapsed: 3.52
batch elapsed: 3.53
batch elapsed: 3.57
batch elapsed: 3.55
batch elapsed: 3.60
batch elapsed: 3.58
batch elapsed: 3.55
batch elapsed: 3.52
batch elapsed: 3.57
batch elapsed: 3.55
batch elapsed: 3.57
batch elapsed: 3.55
batch elapsed: 3.56
batch elapsed: 3.59
batch elapsed: 3.59
batch elapsed: 3.57
batch elapsed: 3.52
batch elapsed: 3.52
batch elapsed: 3.64
batch elapsed: 3.55
batch elapsed: 3.58
batch elapsed: 3.55
batch elapsed: 3.54
batch elapsed: 3.58
batch elapsed: 3.59
batch elapsed: 3.57
batch elapsed: 3.51
batch elapsed: 3.54
batch elapsed: 3.54
batch elapsed: 3.50
batch elapsed: 3.56
batch elapsed: 3.57
batch elapsed: 3.49
batch elapsed: 3.55
batch elapsed: 3.59
batch elapsed: 3.52
batch elapsed: 3.38
batch elapsed: 3.53
batch elapsed: 3.55
batch elapsed: 3.64
batch elapsed: 3.55
batch elapsed: 3.56
batch elapsed: 3.54
batch elapsed: 3.50
batch elapsed: 3.55
batch elapsed: 3.57
batch elapsed: 3.56
batch elapsed: 3.54
batch elapsed: 3.57
batch elapsed: 3.58
batch elapsed: 3.59
batch elapsed: 3.50
batch elapsed: 3.52
batch elapsed: 3.58
batch elapsed: 3.56
batch elapsed: 3.53
batch elapsed: 3.56
batch elapsed: 3.57
batch elapsed: 3.47
batch elapsed: 3.54
batch elapsed: 3.41
batch elapsed: 3.47
batch elapsed: 3.54
batch elapsed: 3.56
batch elapsed: 3.57
batch elapsed: 3.56
batch elapsed: 3.53
batch elapsed: 3.55
batch elapsed: 3.58
batch elapsed: 3.52
batch elapsed: 3.59
batch elapsed: 3.52
batch elapsed: 3.55
batch elapsed: 3.51
batch elapsed: 3.53
batch elapsed: 3.54
batch elapsed: 3.46
batch elapsed: 3.52
batch elapsed: 3.55
batch elapsed: 3.56
batch elapsed: 3.57
batch elapsed: 3.66
batch elapsed: 3.56
batch elapsed: 3.55
batch elapsed: 3.58
batch elapsed: 3.56
batch elapsed: 3.57
batch elapsed: 3.55
batch elapsed: 3.58
batch elapsed: 3.62
batch elapsed: 3.52
batch elapsed: 3.58
batch elapsed: 3.62
batch elapsed: 3.53
batch elapsed: 3.56
batch elapsed: 3.52
batch elapsed: 3.53
batch elapsed: 3.53
batch elapsed: 3.50
batch elapsed: 3.52
batch elapsed: 3.54
batch elapsed: 3.52
batch elapsed: 3.60
batch elapsed: 3.57
batch elapsed: 3.59
batch elapsed: 3.54
batch elapsed: 3.50
batch elapsed: 3.54
batch elapsed: 3.54
batch elapsed: 3.59
batch elapsed: 3.54
batch elapsed: 3.56
batch elapsed: 3.52
batch elapsed: 3.57
batch elapsed: 3.58
batch elapsed: 3.55
batch elapsed: 3.56
batch elapsed: 3.59
batch elapsed: 3.51
batch elapsed: 3.57
batch elapsed: 3.50
batch elapsed: 3.57
batch elapsed: 3.53
batch elapsed: 3.51
batch elapsed: 3.55
batch elapsed: 3.56
batch elapsed: 3.58
batch elapsed: 3.54
batch elapsed: 3.53
batch elapsed: 3.59
batch elapsed: 3.55
batch elapsed: 3.55
batch elapsed: 3.55
batch elapsed: 3.58
batch elapsed: 3.55
batch elapsed: 3.49
batch elapsed: 3.44
batch elapsed: 3.56
batch elapsed: 3.52
batch elapsed: 3.52
batch elapsed: 3.52
batch elapsed: 3.50
batch elapsed: 3.53
batch elapsed: 3.50
batch elapsed: 3.57
batch elapsed: 3.56
batch elapsed: 3.58
batch elapsed: 3.58
batch elapsed: 3.53
batch elapsed: 3.58
batch elapsed: 3.55
batch elapsed: 3.57
batch elapsed: 3.52
batch elapsed: 3.53
batch elapsed: 3.57
batch elapsed: 3.55
batch elapsed: 3.53
batch elapsed: 3.54
batch elapsed: 3.51
batch elapsed: 3.52
batch elapsed: 3.56
batch elapsed: 3.55
batch elapsed: 3.32
batch elapsed: 3.45
batch elapsed: 3.46
batch elapsed: 3.55
batch elapsed: 3.49
batch elapsed: 3.53
batch elapsed: 3.59
batch elapsed: 3.51
batch elapsed: 3.47
batch elapsed: 3.53
batch elapsed: 3.45
batch elapsed: 3.52
batch elapsed: 3.50
batch elapsed: 3.59
batch elapsed: 3.58
batch elapsed: 3.56
batch elapsed: 3.56
batch elapsed: 3.56
batch elapsed: 3.56
batch elapsed: 3.55
batch elapsed: 3.53
batch elapsed: 3.46
batch elapsed: 3.54
batch elapsed: 3.56
batch elapsed: 3.57
batch elapsed: 3.53
batch elapsed: 3.52
batch elapsed: 3.57
batch elapsed: 3.51
batch elapsed: 3.50
batch elapsed: 3.58
batch elapsed: 3.55
batch elapsed: 3.59
batch elapsed: 3.54
batch elapsed: 3.56
batch elapsed: 3.55
batch elapsed: 3.54
batch elapsed: 3.55
batch elapsed: 3.53
batch elapsed: 3.50
batch elapsed: 3.50
batch elapsed: 3.55
batch elapsed: 3.60
batch elapsed: 3.55
batch elapsed: 3.55
batch elapsed: 3.52
batch elapsed: 3.47
batch elapsed: 3.50
batch elapsed: 3.54
batch elapsed: 3.56
batch elapsed: 3.55
batch elapsed: 3.51
batch elapsed: 3.58
batch elapsed: 3.50
batch elapsed: 3.48
batch elapsed: 3.50
batch elapsed: 3.48
batch elapsed: 3.55
batch elapsed: 3.53
batch elapsed: 3.55
batch elapsed: 3.55
batch elapsed: 3.57
batch elapsed: 3.53
batch elapsed: 3.57
batch elapsed: 3.63
batch elapsed: 3.54
batch elapsed: 3.59
batch elapsed: 3.57
batch elapsed: 3.57
batch elapsed: 3.55
batch elapsed: 3.54
batch elapsed: 3.57
batch elapsed: 3.54
batch elapsed: 3.55
batch elapsed: 3.55
batch elapsed: 3.38
batch elapsed: 3.57
batch elapsed: 3.55
batch elapsed: 3.53
batch elapsed: 3.51
batch elapsed: 3.55
batch elapsed: 3.54
batch elapsed: 3.58
batch elapsed: 3.60
batch elapsed: 3.55
batch elapsed: 3.56
batch elapsed: 3.56
batch elapsed: 3.53
batch elapsed: 3.51
batch elapsed: 3.56
batch elapsed: 3.53
batch elapsed: 3.58
batch elapsed: 3.56
batch elapsed: 3.53
batch elapsed: 3.58
batch elapsed: 3.53
batch elapsed: 3.58
batch elapsed: 3.64
batch elapsed: 3.54
batch elapsed: 3.52
batch elapsed: 3.55
batch elapsed: 3.50
batch elapsed: 3.54
batch elapsed: 3.62
batch elapsed: 3.58
batch elapsed: 3.58
batch elapsed: 3.56
batch elapsed: 3.53
batch elapsed: 3.53
batch elapsed: 3.55
batch elapsed: 3.57
batch elapsed: 3.55
batch elapsed: 3.58
batch elapsed: 3.57
batch elapsed: 3.50
batch elapsed: 3.52
batch elapsed: 3.54
batch elapsed: 3.54
batch elapsed: 3.54
batch elapsed: 3.53
batch elapsed: 3.54
batch elapsed: 3.53
batch elapsed: 3.56
batch elapsed: 3.53
batch elapsed: 3.56
batch elapsed: 3.56
batch elapsed: 3.54
batch elapsed: 3.54
batch elapsed: 3.53
batch elapsed: 3.44
batch elapsed: 3.37
batch elapsed: 3.38
batch elapsed: 3.53
batch elapsed: 3.53
batch elapsed: 3.48
batch elapsed: 3.56
batch elapsed: 3.57
batch elapsed: 3.52
batch elapsed: 3.57
batch elapsed: 3.56
batch elapsed: 3.56
batch elapsed: 3.53
batch elapsed: 3.58
batch elapsed: 3.53
batch elapsed: 3.55
batch elapsed: 3.57
batch elapsed: 3.55
batch elapsed: 3.54
batch elapsed: 3.54
batch elapsed: 3.49
batch elapsed: 3.55
batch elapsed: 3.56
batch elapsed: 3.55
batch elapsed: 3.55
batch elapsed: 3.55
batch elapsed: 3.55
batch elapsed: 3.63
batch elapsed: 3.58
batch elapsed: 3.56
batch elapsed: 3.56
batch elapsed: 3.54
batch elapsed: 3.53
batch elapsed: 3.55
batch elapsed: 3.58
batch elapsed: 3.46
batch elapsed: 3.57
batch elapsed: 3.64
batch elapsed: 3.57
batch elapsed: 3.56
batch elapsed: 3.57
batch elapsed: 3.55
batch elapsed: 3.58
batch elapsed: 3.56
batch elapsed: 3.56
batch elapsed: 3.54
batch elapsed: 3.57
batch elapsed: 3.54
batch elapsed: 3.48
batch elapsed: 3.57
batch elapsed: 3.50
batch elapsed: 3.52
batch elapsed: 3.55
batch elapsed: 3.56
batch elapsed: 3.55
batch elapsed: 3.56
batch elapsed: 3.55
batch elapsed: 3.55
batch elapsed: 3.59
batch elapsed: 3.58
batch elapsed: 3.53
batch elapsed: 3.47
batch elapsed: 3.51
batch elapsed: 3.60
batch elapsed: 3.55
batch elapsed: 3.55
batch elapsed: 3.59
batch elapsed: 3.57
batch elapsed: 3.54
batch elapsed: 3.56
batch elapsed: 3.58
batch elapsed: 3.54
batch elapsed: 3.37
batch elapsed: 3.57
batch elapsed: 3.56
batch elapsed: 3.52
batch elapsed: 3.46
batch elapsed: 3.53
batch elapsed: 3.56
batch elapsed: 3.53
batch elapsed: 3.59
batch elapsed: 3.59
batch elapsed: 3.55
batch elapsed: 3.53
batch elapsed: 3.56
batch elapsed: 3.56
batch elapsed: 3.53
batch elapsed: 3.56
batch elapsed: 3.52
batch elapsed: 3.44
batch elapsed: 3.48
batch elapsed: 3.53
batch elapsed: 3.52
batch elapsed: 3.53
batch elapsed: 3.54
batch elapsed: 3.55
batch elapsed: 3.56
batch elapsed: 3.56
batch elapsed: 3.55
batch elapsed: 3.55
batch elapsed: 3.56
batch elapsed: 3.54
batch elapsed: 3.54
batch elapsed: 3.43
batch elapsed: 3.49
batch elapsed: 3.47
batch elapsed: 3.53
batch elapsed: 3.55
batch elapsed: 3.54
batch elapsed: 3.55
batch elapsed: 3.57
batch elapsed: 3.54
batch elapsed: 3.59
batch elapsed: 3.54
batch elapsed: 3.49
batch elapsed: 3.58
batch elapsed: 3.54
batch elapsed: 3.50
batch elapsed: 3.55
batch elapsed: 3.48
batch elapsed: 3.54
batch elapsed: 3.57
batch elapsed: 3.53
batch elapsed: 3.51
batch elapsed: 3.60
batch elapsed: 3.55
batch elapsed: 3.50
batch elapsed: 3.34
batch elapsed: 3.50
batch elapsed: 3.54
batch elapsed: 3.57
batch elapsed: 3.56
batch elapsed: 3.55
batch elapsed: 3.51
batch elapsed: 3.53
batch elapsed: 3.56
batch elapsed: 3.53
batch elapsed: 3.58
batch elapsed: 3.53
batch elapsed: 3.56
batch elapsed: 3.58
batch elapsed: 3.56
batch elapsed: 3.56
batch elapsed: 3.54
batch elapsed: 3.58
batch elapsed: 3.55
batch elapsed: 3.54
batch elapsed: 3.54
batch elapsed: 3.55
batch elapsed: 3.59
batch elapsed: 3.54
batch elapsed: 3.54
batch elapsed: 3.57
batch elapsed: 3.53
batch elapsed: 3.51
batch elapsed: 3.51
batch elapsed: 3.55
batch elapsed: 3.58
batch elapsed: 3.53
batch elapsed: 3.50
batch elapsed: 3.57
batch elapsed: 3.53
batch elapsed: 3.58
batch elapsed: 3.51
batch elapsed: 3.54
batch elapsed: 3.50
batch elapsed: 3.54
batch elapsed: 3.53
batch elapsed: 3.55
batch elapsed: 3.57
batch elapsed: 3.50
batch elapsed: 3.54
batch elapsed: 3.51
batch elapsed: 3.55
batch elapsed: 3.52
batch elapsed: 3.56
batch elapsed: 3.58
batch elapsed: 3.56
batch elapsed: 3.52
batch elapsed: 3.52
batch elapsed: 3.56
batch elapsed: 3.57
batch elapsed: 3.50
batch elapsed: 3.53
batch elapsed: 3.49
batch elapsed: 3.56
batch elapsed: 3.60
batch elapsed: 3.57
batch elapsed: 3.57
batch elapsed: 3.46
batch elapsed: 3.55
batch elapsed: 3.49
batch elapsed: 3.55
batch elapsed: 3.53
batch elapsed: 3.50
batch elapsed: 3.47
batch elapsed: 3.51
batch elapsed: 3.53
batch elapsed: 3.55
batch elapsed: 3.56
batch elapsed: 3.55
batch elapsed: 3.53
batch elapsed: 3.54
batch elapsed: 3.52
batch elapsed: 3.54
batch elapsed: 3.55
batch elapsed: 3.57
batch elapsed: 3.54
batch elapsed: 3.54
batch elapsed: 3.54
batch elapsed: 3.53
batch elapsed: 3.59
batch elapsed: 3.56
batch elapsed: 3.59
batch elapsed: 3.56
batch elapsed: 3.55
batch elapsed: 3.50
batch elapsed: 3.53
batch elapsed: 3.60
batch elapsed: 3.54
batch elapsed: 3.56
batch elapsed: 3.47
batch elapsed: 3.52
batch elapsed: 3.51
batch elapsed: 3.55
batch elapsed: 3.54
batch elapsed: 3.55
batch elapsed: 3.55
batch elapsed: 3.54
batch elapsed: 3.55
batch elapsed: 3.51
batch elapsed: 3.56
batch elapsed: 3.53
batch elapsed: 3.55
batch elapsed: 3.55
batch elapsed: 3.57
batch elapsed: 3.56
batch elapsed: 3.57
batch elapsed: 3.57
batch elapsed: 3.56
batch elapsed: 3.52
batch elapsed: 3.47
batch elapsed: 3.54
batch elapsed: 3.53
batch elapsed: 3.53
batch elapsed: 3.54
batch elapsed: 3.54
batch elapsed: 3.58
batch elapsed: 3.54
batch elapsed: 3.55
batch elapsed: 3.52
batch elapsed: 3.59
batch elapsed: 3.57
batch elapsed: 3.55
batch elapsed: 3.54
batch elapsed: 3.54
batch elapsed: 3.58
batch elapsed: 3.56
batch elapsed: 3.52
batch elapsed: 3.59
batch elapsed: 3.54
batch elapsed: 3.54
batch elapsed: 3.54
batch elapsed: 3.53
batch elapsed: 3.59
batch elapsed: 3.57
batch elapsed: 3.55
batch elapsed: 3.54
batch elapsed: 3.55
batch elapsed: 3.56
batch elapsed: 3.54
batch elapsed: 3.59
batch elapsed: 3.58
batch elapsed: 3.57
batch elapsed: 3.58
batch elapsed: 3.55
batch elapsed: 3.55
batch elapsed: 3.55
batch elapsed: 3.52
batch elapsed: 3.54
batch elapsed: 3.54
batch elapsed: 3.53
batch elapsed: 3.58
batch elapsed: 3.57
batch elapsed: 3.55
batch elapsed: 3.56
batch elapsed: 3.55
batch elapsed: 3.53
batch elapsed: 3.54
batch elapsed: 3.54
batch elapsed: 3.55
batch elapsed: 3.54
batch elapsed: 3.55
batch elapsed: 3.46
batch elapsed: 3.29
batch elapsed: 3.54
batch elapsed: 3.45
batch elapsed: 3.55
batch elapsed: 3.62
batch elapsed: 3.31
batch elapsed: 3.52
batch elapsed: 3.52
batch elapsed: 3.50
batch elapsed: 3.52
batch elapsed: 3.59
batch elapsed: 3.51
batch elapsed: 3.60
batch elapsed: 3.56
batch elapsed: 3.55
batch elapsed: 3.58
batch elapsed: 3.54
batch elapsed: 3.51
batch elapsed: 3.56
batch elapsed: 3.54
batch elapsed: 3.62
batch elapsed: 3.55
batch elapsed: 3.55
batch elapsed: 3.57
batch elapsed: 3.55
batch elapsed: 3.48
batch elapsed: 3.57
batch elapsed: 3.50
batch elapsed: 3.54
batch elapsed: 3.52
batch elapsed: 3.55
batch elapsed: 3.55
batch elapsed: 3.58
batch elapsed: 3.57
batch elapsed: 3.56
batch elapsed: 3.58
batch elapsed: 3.55
batch elapsed: 3.53
batch elapsed: 3.60
batch elapsed: 3.54
batch elapsed: 3.55
batch elapsed: 3.59
batch elapsed: 3.53
batch elapsed: 3.54
batch elapsed: 3.55
batch elapsed: 3.53
batch elapsed: 3.55
batch elapsed: 3.53
batch elapsed: 3.57
batch elapsed: 3.55
batch elapsed: 3.59
batch elapsed: 3.55
batch elapsed: 3.54
batch elapsed: 3.55
batch elapsed: 3.57
batch elapsed: 3.56
batch elapsed: 3.56
batch elapsed: 3.54
batch elapsed: 3.54
batch elapsed: 3.51
batch elapsed: 3.56
batch elapsed: 3.55
batch elapsed: 3.54
batch elapsed: 3.54
batch elapsed: 3.57
batch elapsed: 3.54
batch elapsed: 3.49
batch elapsed: 3.52
batch elapsed: 3.55
batch elapsed: 3.47
batch elapsed: 3.60
batch elapsed: 3.57
batch elapsed: 3.55
batch elapsed: 3.56
batch elapsed: 3.53
batch elapsed: 3.55
batch elapsed: 3.59
batch elapsed: 3.55
batch elapsed: 3.55
batch elapsed: 3.55
batch elapsed: 3.57
batch elapsed: 3.62
batch elapsed: 3.56
batch elapsed: 3.57
batch elapsed: 3.57
batch elapsed: 3.56
batch elapsed: 3.54
batch elapsed: 3.57
batch elapsed: 3.57
batch elapsed: 3.54
batch elapsed: 3.58
batch elapsed: 3.63
batch elapsed: 3.46
batch elapsed: 3.52
batch elapsed: 3.53
batch elapsed: 3.54
batch elapsed: 3.57
batch elapsed: 3.56
batch elapsed: 3.54
batch elapsed: 3.56
batch elapsed: 3.58
batch elapsed: 3.57
batch elapsed: 3.59
batch elapsed: 3.54
batch elapsed: 3.52
batch elapsed: 3.52
batch elapsed: 3.54
batch elapsed: 3.53
batch elapsed: 3.53
batch elapsed: 3.60
batch elapsed: 3.63
batch elapsed: 3.58
batch elapsed: 3.55
batch elapsed: 3.55
batch elapsed: 3.56
batch elapsed: 3.55
batch elapsed: 3.57
batch elapsed: 3.53
batch elapsed: 3.57
batch elapsed: 3.54
batch elapsed: 3.57
batch elapsed: 3.57
batch elapsed: 3.53
batch elapsed: 3.57
batch elapsed: 3.57
batch elapsed: 3.55
batch elapsed: 3.54
batch elapsed: 3.51
batch elapsed: 3.51
batch elapsed: 3.56
batch elapsed: 3.52
batch elapsed: 3.59
batch elapsed: 3.53
batch elapsed: 3.57
batch elapsed: 3.53
batch elapsed: 3.55
batch elapsed: 3.52
batch elapsed: 3.52
batch elapsed: 3.60
batch elapsed: 3.54
batch elapsed: 3.54
batch elapsed: 3.50
batch elapsed: 3.62
batch elapsed: 3.58
batch elapsed: 3.56
batch elapsed: 3.55
batch elapsed: 3.54
batch elapsed: 3.53
batch elapsed: 3.54
batch elapsed: 3.55
batch elapsed: 3.61
batch elapsed: 3.57
batch elapsed: 3.57
batch elapsed: 3.58
batch elapsed: 3.57
batch elapsed: 3.56
batch elapsed: 3.56
batch elapsed: 3.56
batch elapsed: 3.55
batch elapsed: 3.56
batch elapsed: 3.53
batch elapsed: 3.58
batch elapsed: 3.56
batch elapsed: 3.53
batch elapsed: 3.57
batch elapsed: 3.57
batch elapsed: 3.51
batch elapsed: 3.54
batch elapsed: 3.56
batch elapsed: 3.56
batch elapsed: 3.62
batch elapsed: 3.53
batch elapsed: 3.56
batch elapsed: 3.59
batch elapsed: 3.60
batch elapsed: 3.57
batch elapsed: 3.58
batch elapsed: 3.50
batch elapsed: 3.56
batch elapsed: 3.55
batch elapsed: 3.55
batch elapsed: 3.53
batch elapsed: 3.52
batch elapsed: 3.54
batch elapsed: 3.52
batch elapsed: 3.56
batch elapsed: 3.56
batch elapsed: 3.63
batch elapsed: 3.57
batch elapsed: 3.56
batch elapsed: 3.52
batch elapsed: 3.52
batch elapsed: 3.53
batch elapsed: 3.54
batch elapsed: 3.54
batch elapsed: 3.64
batch elapsed: 3.61
batch elapsed: 3.54
batch elapsed: 3.55
batch elapsed: 3.54
batch elapsed: 3.35
batch elapsed: 3.49
batch elapsed: 3.56
batch elapsed: 3.51
batch elapsed: 3.50
batch elapsed: 3.54
batch elapsed: 3.53
batch elapsed: 3.62
batch elapsed: 3.55
batch elapsed: 3.53
batch elapsed: 3.55
batch elapsed: 3.55
batch elapsed: 3.61
batch elapsed: 3.55
batch elapsed: 3.56
batch elapsed: 3.57
batch elapsed: 3.60
batch elapsed: 3.64
batch elapsed: 3.55
batch elapsed: 3.55
batch elapsed: 3.49
batch elapsed: 3.62
batch elapsed: 3.54
batch elapsed: 3.55
batch elapsed: 3.56
batch elapsed: 3.56
batch elapsed: 3.58
batch elapsed: 3.47
batch elapsed: 3.50
batch elapsed: 3.44
batch elapsed: 3.59
batch elapsed: 3.53
batch elapsed: 3.48
batch elapsed: 3.58
batch elapsed: 3.48
batch elapsed: 3.52
batch elapsed: 3.51
batch elapsed: 3.51
batch elapsed: 3.55
batch elapsed: 3.60
batch elapsed: 3.53
batch elapsed: 3.51
batch elapsed: 3.42
batch elapsed: 3.52
batch elapsed: 3.54
batch elapsed: 3.54
batch elapsed: 3.53
batch elapsed: 3.54
batch elapsed: 3.51
batch elapsed: 3.55
batch elapsed: 3.57
batch elapsed: 3.58
batch elapsed: 3.57
batch elapsed: 3.55
batch elapsed: 3.56
batch elapsed: 3.58
batch elapsed: 3.57
batch elapsed: 3.56
batch elapsed: 3.55
batch elapsed: 3.67
batch elapsed: 3.53
batch elapsed: 3.57
batch elapsed: 3.54
batch elapsed: 3.56
batch elapsed: 3.58
batch elapsed: 3.54
batch elapsed: 3.52
batch elapsed: 3.58
batch elapsed: 3.53
batch elapsed: 3.51
batch elapsed: 3.47
batch elapsed: 3.55
batch elapsed: 3.58
batch elapsed: 3.51
batch elapsed: 3.52
batch elapsed: 3.57
batch elapsed: 3.53
batch elapsed: 3.58
batch elapsed: 3.56
batch elapsed: 3.53
batch elapsed: 3.55
batch elapsed: 3.55
batch elapsed: 3.52
batch elapsed: 3.56
batch elapsed: 3.56
batch elapsed: 3.50
batch elapsed: 3.55
batch elapsed: 3.63
batch elapsed: 3.53
batch elapsed: 3.54
batch elapsed: 3.48
batch elapsed: 3.56
batch elapsed: 3.52
batch elapsed: 3.53
batch elapsed: 3.53
batch elapsed: 3.55
batch elapsed: 3.51
batch elapsed: 3.57
batch elapsed: 3.52
batch elapsed: 3.49
batch elapsed: 3.57
batch elapsed: 3.62
batch elapsed: 3.56
batch elapsed: 3.51
batch elapsed: 3.44
batch elapsed: 3.54
batch elapsed: 3.49
batch elapsed: 3.55
batch elapsed: 3.53
batch elapsed: 3.44
batch elapsed: 3.41
batch elapsed: 3.49
batch elapsed: 3.56
batch elapsed: 3.54
batch elapsed: 3.57
batch elapsed: 3.60
batch elapsed: 3.52
batch elapsed: 3.54
batch elapsed: 3.53
batch elapsed: 3.54
batch elapsed: 3.60
batch elapsed: 3.57
batch elapsed: 3.54
batch elapsed: 3.53
batch elapsed: 3.48
batch elapsed: 3.53
batch elapsed: 3.44
batch elapsed: 3.49
batch elapsed: 3.53
batch elapsed: 3.56
batch elapsed: 3.56
batch elapsed: 3.49
batch elapsed: 3.52
batch elapsed: 3.55
batch elapsed: 3.55
batch elapsed: 3.55
batch elapsed: 3.55
batch elapsed: 3.68
batch elapsed: 3.56
batch elapsed: 3.55
batch elapsed: 3.54
batch elapsed: 3.55
batch elapsed: 3.56
batch elapsed: 3.55
batch elapsed: 3.52
batch elapsed: 3.53
batch elapsed: 3.56
batch elapsed: 3.54
batch elapsed: 3.55
batch elapsed: 3.54
batch elapsed: 3.51
batch elapsed: 3.56
batch elapsed: 3.57
batch elapsed: 3.56
batch elapsed: 3.56
batch elapsed: 3.54
batch elapsed: 3.52
batch elapsed: 3.54
batch elapsed: 3.57
batch elapsed: 3.54
batch elapsed: 3.54
batch elapsed: 3.60
batch elapsed: 3.57
batch elapsed: 3.61
batch elapsed: 3.53
batch elapsed: 3.54
batch elapsed: 3.59
batch elapsed: 3.55
batch elapsed: 3.57
batch elapsed: 3.54
batch elapsed: 3.55
batch elapsed: 3.57
batch elapsed: 3.57
batch elapsed: 3.60
batch elapsed: 3.57
batch elapsed: 3.57
batch elapsed: 3.55
batch elapsed: 3.52
batch elapsed: 3.57
batch elapsed: 3.58
batch elapsed: 3.57
batch elapsed: 3.55
batch elapsed: 3.55
batch elapsed: 3.56
batch elapsed: 3.55
batch elapsed: 3.56
batch elapsed: 3.60
batch elapsed: 3.55
batch elapsed: 3.58
batch elapsed: 3.57
batch elapsed: 3.55
batch elapsed: 3.55
batch elapsed: 3.53
batch elapsed: 3.54
batch elapsed: 3.53
batch elapsed: 3.56
batch elapsed: 3.53
batch elapsed: 3.58
batch elapsed: 3.56
batch elapsed: 3.56
batch elapsed: 3.56
batch elapsed: 3.55
batch elapsed: 3.53
batch elapsed: 3.53
batch elapsed: 3.55
batch elapsed: 3.56
batch elapsed: 3.54
batch elapsed: 3.53
batch elapsed: 3.55
batch elapsed: 3.58
batch elapsed: 3.54
batch elapsed: 3.46
batch elapsed: 3.53
batch elapsed: 3.65
batch elapsed: 3.52
batch elapsed: 3.50
batch elapsed: 3.51
batch elapsed: 3.47
batch elapsed: 3.58
batch elapsed: 3.59
batch elapsed: 3.52
batch elapsed: 3.52
batch elapsed: 3.56
batch elapsed: 3.58
batch elapsed: 3.52
batch elapsed: 3.57
batch elapsed: 3.57
batch elapsed: 3.55
batch elapsed: 3.57
batch elapsed: 3.54
batch elapsed: 3.51
batch elapsed: 3.57
batch elapsed: 3.57
batch elapsed: 3.49
batch elapsed: 3.52
batch elapsed: 3.53
batch elapsed: 3.51
batch elapsed: 3.54
batch elapsed: 3.54
batch elapsed: 3.53
batch elapsed: 3.57
batch elapsed: 3.60
batch elapsed: 3.58
batch elapsed: 3.54
batch elapsed: 3.60
batch elapsed: 3.51
batch elapsed: 3.55
batch elapsed: 3.58
batch elapsed: 3.54
batch elapsed: 3.56
batch elapsed: 3.60
batch elapsed: 3.55
batch elapsed: 3.57
batch elapsed: 3.52
batch elapsed: 3.55
batch elapsed: 3.56
batch elapsed: 3.52
batch elapsed: 3.57
batch elapsed: 3.43
batch elapsed: 3.61
batch elapsed: 3.53
batch elapsed: 3.56
batch elapsed: 3.58
batch elapsed: 3.61
batch elapsed: 3.56
batch elapsed: 3.55
batch elapsed: 3.54
batch elapsed: 3.53
batch elapsed: 3.48
batch elapsed: 3.48
batch elapsed: 3.57
batch elapsed: 3.37
batch elapsed: 3.50
batch elapsed: 3.55
batch elapsed: 3.51
batch elapsed: 3.55
batch elapsed: 3.56
batch elapsed: 3.54
batch elapsed: 3.54
batch elapsed: 3.60
batch elapsed: 3.62
batch elapsed: 3.56
batch elapsed: 3.61
batch elapsed: 3.52
batch elapsed: 3.57
batch elapsed: 3.57
batch elapsed: 3.56
batch elapsed: 3.54
batch elapsed: 3.55
batch elapsed: 3.59
batch elapsed: 3.54
batch elapsed: 3.56
batch elapsed: 3.55
batch elapsed: 3.58
batch elapsed: 3.57
batch elapsed: 3.60
batch elapsed: 3.58
batch elapsed: 3.57
batch elapsed: 3.59
batch elapsed: 3.53
batch elapsed: 3.55
batch elapsed: 3.36
batch elapsed: 3.54
batch elapsed: 3.53
batch elapsed: 3.54
batch elapsed: 3.57
batch elapsed: 3.57
batch elapsed: 3.51
batch elapsed: 3.56
batch elapsed: 3.54
batch elapsed: 3.58
batch elapsed: 3.57
batch elapsed: 3.55
batch elapsed: 3.62
batch elapsed: 3.54
batch elapsed: 3.52
batch elapsed: 3.54
batch elapsed: 3.53
batch elapsed: 3.55
batch elapsed: 3.57
batch elapsed: 3.58
batch elapsed: 3.55
batch elapsed: 3.49
batch elapsed: 3.55
batch elapsed: 3.57
batch elapsed: 3.55
batch elapsed: 3.54
batch elapsed: 3.57
batch elapsed: 3.54
batch elapsed: 3.56
batch elapsed: 3.57
batch elapsed: 3.55
batch elapsed: 3.24
batch elapsed: 3.56
batch elapsed: 3.55
batch elapsed: 3.53
batch elapsed: 3.46
batch elapsed: 3.45
batch elapsed: 3.57
batch elapsed: 3.50
batch elapsed: 3.56
batch elapsed: 3.54
batch elapsed: 3.55
batch elapsed: 3.54
batch elapsed: 3.54
batch elapsed: 3.51
batch elapsed: 3.51
batch elapsed: 3.62
batch elapsed: 3.55
batch elapsed: 3.55
batch elapsed: 3.61
batch elapsed: 3.60
batch elapsed: 3.55
batch elapsed: 3.56
batch elapsed: 3.56
batch elapsed: 3.52
batch elapsed: 3.55
batch elapsed: 3.55
batch elapsed: 3.54
batch elapsed: 3.57
batch elapsed: 3.57
batch elapsed: 3.58
batch elapsed: 3.55
batch elapsed: 3.57
batch elapsed: 3.56
batch elapsed: 3.56
batch elapsed: 3.57
batch elapsed: 3.55
batch elapsed: 3.56
batch elapsed: 3.57
batch elapsed: 3.57
batch elapsed: 3.50
batch elapsed: 3.60
batch elapsed: 3.56
batch elapsed: 3.51
batch elapsed: 3.56
batch elapsed: 3.55
batch elapsed: 3.56
batch elapsed: 3.56
batch elapsed: 3.53
batch elapsed: 3.56
batch elapsed: 3.53
batch elapsed: 3.48
batch elapsed: 3.52
batch elapsed: 3.44
batch elapsed: 3.50
batch elapsed: 3.53
batch elapsed: 3.50
batch elapsed: 3.55
batch elapsed: 3.55
batch elapsed: 3.51
batch elapsed: 3.54
batch elapsed: 3.53
batch elapsed: 3.54
batch elapsed: 3.57
batch elapsed: 3.33
batch elapsed: 3.53
batch elapsed: 3.58
batch elapsed: 3.53
batch elapsed: 3.53
batch elapsed: 3.55
batch elapsed: 3.55
batch elapsed: 3.49
batch elapsed: 3.52
batch elapsed: 3.60
batch elapsed: 3.57
batch elapsed: 3.53
batch elapsed: 3.53
batch elapsed: 3.39
batch elapsed: 3.56
batch elapsed: 3.54
batch elapsed: 3.54
batch elapsed: 3.55
batch elapsed: 3.49
batch elapsed: 3.53
batch elapsed: 3.52
batch elapsed: 3.51
batch elapsed: 3.56
batch elapsed: 3.54
batch elapsed: 3.55
batch elapsed: 3.55
batch elapsed: 3.56
batch elapsed: 3.54
batch elapsed: 3.55
batch elapsed: 3.55
batch elapsed: 3.53
batch elapsed: 3.56
batch elapsed: 3.49
batch elapsed: 3.47
batch elapsed: 3.50
batch elapsed: 3.56
batch elapsed: 3.55
batch elapsed: 3.55
batch elapsed: 3.56
batch elapsed: 3.52
batch elapsed: 3.52
batch elapsed: 3.56
batch elapsed: 3.49
batch elapsed: 3.55
batch elapsed: 3.56
batch elapsed: 3.52
batch elapsed: 3.37
batch elapsed: 3.31
batch elapsed: 3.52
batch elapsed: 3.49
batch elapsed: 3.56
batch elapsed: 3.49
batch elapsed: 3.60
batch elapsed: 3.55
batch elapsed: 3.53
batch elapsed: 3.57
batch elapsed: 3.47
batch elapsed: 3.52
batch elapsed: 3.55
batch elapsed: 3.58
batch elapsed: 3.53
batch elapsed: 3.57
batch elapsed: 3.51
batch elapsed: 3.55
batch elapsed: 3.54
batch elapsed: 3.51
batch elapsed: 3.38
batch elapsed: 3.56
batch elapsed: 3.59
batch elapsed: 3.56
batch elapsed: 3.54
batch elapsed: 3.57
batch elapsed: 3.54
batch elapsed: 3.58
batch elapsed: 3.55
batch elapsed: 3.53
batch elapsed: 3.54
batch elapsed: 3.59
batch elapsed: 3.55
batch elapsed: 3.55
batch elapsed: 3.55
batch elapsed: 3.54
batch elapsed: 3.51
batch elapsed: 3.51
batch elapsed: 3.54
batch elapsed: 3.58
batch elapsed: 3.54
batch elapsed: 3.52
batch elapsed: 3.55
batch elapsed: 3.55
batch elapsed: 3.55
batch elapsed: 3.42
batch elapsed: 3.56
batch elapsed: 3.53
batch elapsed: 3.55
batch elapsed: 3.53
batch elapsed: 3.55
batch elapsed: 3.55
batch elapsed: 3.53
batch elapsed: 3.52
batch elapsed: 3.59
batch elapsed: 3.52
batch elapsed: 3.53
batch elapsed: 3.53
batch elapsed: 3.59
batch elapsed: 3.56
batch elapsed: 3.55
batch elapsed: 3.51
batch elapsed: 3.54
batch elapsed: 3.57
batch elapsed: 3.61
batch elapsed: 3.56
batch elapsed: 3.50
batch elapsed: 3.52
batch elapsed: 3.58
batch elapsed: 3.59
batch elapsed: 3.41
batch elapsed: 3.34
batch elapsed: 3.49
batch elapsed: 3.51
batch elapsed: 3.50
batch elapsed: 3.55
batch elapsed: 3.51
batch elapsed: 3.46
batch elapsed: 3.46
batch elapsed: 3.51
batch elapsed: 3.57
batch elapsed: 3.53
batch elapsed: 3.51
batch elapsed: 3.56
batch elapsed: 3.53
batch elapsed: 3.53
batch elapsed: 3.53
batch elapsed: 3.33
batch elapsed: 3.48
batch elapsed: 3.56
batch elapsed: 3.54
batch elapsed: 3.54
batch elapsed: 3.53
batch elapsed: 3.53
batch elapsed: 3.64
batch elapsed: 3.53
batch elapsed: 3.53
batch elapsed: 3.56
batch elapsed: 3.55
batch elapsed: 3.51
batch elapsed: 3.55
batch elapsed: 3.55
batch elapsed: 3.55
batch elapsed: 3.52
batch elapsed: 3.45
batch elapsed: 3.53
batch elapsed: 3.56
batch elapsed: 3.55
batch elapsed: 3.54
batch elapsed: 3.55
batch elapsed: 3.58
batch elapsed: 3.52
batch elapsed: 3.50
batch elapsed: 3.55
batch elapsed: 3.57
batch elapsed: 3.53
batch elapsed: 3.55
batch elapsed: 3.56
batch elapsed: 3.56
batch elapsed: 3.56
batch elapsed: 3.56
batch elapsed: 3.58
batch elapsed: 3.57
batch elapsed: 3.53
batch elapsed: 3.51
batch elapsed: 3.53
batch elapsed: 3.52
batch elapsed: 3.54
batch elapsed: 3.50
batch elapsed: 3.56
batch elapsed: 3.55
batch elapsed: 3.56
batch elapsed: 3.33
batch elapsed: 3.53
batch elapsed: 3.60
batch elapsed: 3.54
batch elapsed: 3.56
batch elapsed: 3.54
batch elapsed: 3.55
batch elapsed: 3.54
batch elapsed: 3.53
batch elapsed: 3.46
batch elapsed: 3.54
batch elapsed: 3.55
batch elapsed: 3.54
batch elapsed: 3.54
batch elapsed: 3.54
batch elapsed: 3.59
batch elapsed: 3.57
batch elapsed: 3.55
batch elapsed: 3.55
batch elapsed: 3.49
batch elapsed: 3.51
batch elapsed: 3.54
batch elapsed: 3.61
batch elapsed: 3.56
batch elapsed: 3.57
batch elapsed: 3.55
batch elapsed: 3.56
batch elapsed: 3.56
batch elapsed: 3.53
batch elapsed: 3.54
batch elapsed: 3.52
batch elapsed: 3.33
batch elapsed: 3.54
batch elapsed: 3.58
batch elapsed: 3.56
batch elapsed: 3.55
batch elapsed: 3.57
batch elapsed: 3.56
batch elapsed: 3.53
batch elapsed: 3.53
batch elapsed: 3.55
batch elapsed: 3.55
batch elapsed: 3.55
batch elapsed: 3.54
batch elapsed: 3.54
batch elapsed: 3.43
batch elapsed: 3.53
batch elapsed: 3.52
batch elapsed: 3.52
batch elapsed: 3.56
batch elapsed: 3.50
batch elapsed: 3.56
batch elapsed: 3.52
batch elapsed: 3.47
batch elapsed: 3.57
batch elapsed: 3.54
batch elapsed: 3.53
batch elapsed: 3.57
batch elapsed: 3.55
batch elapsed: 3.59
batch elapsed: 3.53
batch elapsed: 3.50
batch elapsed: 3.57
batch elapsed: 3.56
batch elapsed: 3.54
batch elapsed: 3.57
batch elapsed: 3.55
batch elapsed: 3.56
batch elapsed: 3.54
batch elapsed: 3.49
batch elapsed: 3.52
batch elapsed: 3.54
batch elapsed: 3.49
batch elapsed: 3.55
batch elapsed: 3.52
batch elapsed: 3.61
batch elapsed: 3.55
batch elapsed: 3.60
batch elapsed: 3.57
batch elapsed: 3.55
batch elapsed: 3.59
batch elapsed: 3.64
batch elapsed: 3.60
batch elapsed: 3.60
batch elapsed: 3.52
batch elapsed: 3.57
batch elapsed: 3.59
batch elapsed: 3.56
batch elapsed: 3.56
batch elapsed: 3.53
batch elapsed: 3.55
batch elapsed: 3.55
batch elapsed: 3.53
batch elapsed: 3.58
batch elapsed: 3.55
batch elapsed: 3.54
batch elapsed: 3.53
batch elapsed: 3.62
batch elapsed: 3.58
batch elapsed: 3.58
batch elapsed: 3.57
batch elapsed: 3.55
batch elapsed: 3.55
batch elapsed: 3.51
batch elapsed: 3.49
batch elapsed: 3.54
batch elapsed: 3.56
batch elapsed: 3.56
batch elapsed: 3.52
batch elapsed: 3.55
batch elapsed: 3.55
batch elapsed: 3.65
batch elapsed: 3.52
batch elapsed: 3.55
batch elapsed: 3.50
batch elapsed: 3.60
batch elapsed: 3.57
batch elapsed: 3.55
batch elapsed: 3.57
batch elapsed: 3.52
batch elapsed: 3.56
batch elapsed: 3.58
batch elapsed: 3.55
batch elapsed: 3.55
batch elapsed: 3.55
batch elapsed: 3.64
batch elapsed: 3.53
batch elapsed: 3.57
batch elapsed: 3.54
batch elapsed: 3.55
batch elapsed: 3.57
batch elapsed: 3.58
batch elapsed: 3.58
batch elapsed: 3.57
batch elapsed: 3.54
batch elapsed: 3.47
batch elapsed: 3.67
batch elapsed: 3.51
batch elapsed: 3.54
batch elapsed: 3.54
batch elapsed: 3.54
batch elapsed: 3.57
batch elapsed: 3.57
batch elapsed: 3.43
batch elapsed: 3.53
batch elapsed: 3.52
batch elapsed: 3.48
batch elapsed: 3.52
batch elapsed: 3.55
batch elapsed: 3.51
batch elapsed: 3.53
batch elapsed: 3.53
batch elapsed: 3.53
batch elapsed: 3.54
batch elapsed: 3.54
batch elapsed: 3.57
batch elapsed: 3.52
batch elapsed: 3.56
batch elapsed: 3.55
batch elapsed: 3.57
batch elapsed: 3.56
batch elapsed: 3.54
batch elapsed: 3.54
batch elapsed: 3.56
batch elapsed: 3.55
batch elapsed: 3.56
batch elapsed: 3.51
batch elapsed: 3.53
batch elapsed: 3.56
batch elapsed: 3.53
batch elapsed: 3.56
batch elapsed: 3.54
batch elapsed: 3.45
batch elapsed: 3.52
batch elapsed: 3.55
batch elapsed: 3.52
batch elapsed: 3.54
batch elapsed: 3.53
batch elapsed: 3.51
batch elapsed: 3.55
batch elapsed: 3.54
batch elapsed: 3.52
batch elapsed: 3.51
batch elapsed: 3.55
batch elapsed: 3.55
batch elapsed: 3.49
batch elapsed: 3.60
batch elapsed: 3.62
batch elapsed: 3.55
batch elapsed: 3.56
batch elapsed: 3.55
batch elapsed: 3.54
batch elapsed: 3.53
batch elapsed: 3.56
batch elapsed: 3.54
batch elapsed: 3.57
batch elapsed: 3.57
batch elapsed: 3.58
batch elapsed: 3.56
batch elapsed: 3.56
batch elapsed: 3.56
batch elapsed: 3.55
batch elapsed: 3.58
batch elapsed: 3.55
batch elapsed: 3.55
batch elapsed: 3.57
batch elapsed: 3.57
batch elapsed: 3.49
batch elapsed: 3.50
batch elapsed: 3.43
batch elapsed: 3.54
batch elapsed: 3.51
batch elapsed: 3.55
batch elapsed: 3.60
batch elapsed: 3.54
batch elapsed: 3.59
batch elapsed: 3.56
batch elapsed: 3.54
batch elapsed: 3.61
batch elapsed: 3.53
batch elapsed: 3.51
batch elapsed: 3.56
batch elapsed: 3.51
batch elapsed: 3.43
batch elapsed: 3.56
batch elapsed: 3.55
batch elapsed: 3.49
batch elapsed: 3.55
batch elapsed: 3.54
batch elapsed: 3.52
batch elapsed: 3.58
batch elapsed: 3.55
batch elapsed: 3.58
batch elapsed: 3.59
batch elapsed: 3.52
batch elapsed: 3.49
batch elapsed: 3.53
batch elapsed: 3.54
batch elapsed: 3.56
batch elapsed: 3.62
batch elapsed: 3.65
batch elapsed: 3.57
batch elapsed: 3.52
batch elapsed: 3.54
batch elapsed: 3.35
batch elapsed: 3.56
batch elapsed: 3.55
batch elapsed: 3.54
batch elapsed: 3.48
batch elapsed: 3.54
batch elapsed: 3.55
batch elapsed: 3.56
batch elapsed: 3.57
batch elapsed: 3.55
batch elapsed: 3.53
batch elapsed: 3.55
batch elapsed: 3.57
batch elapsed: 3.55
batch elapsed: 3.53
batch elapsed: 3.56
batch elapsed: 3.56
batch elapsed: 3.58
batch elapsed: 3.56
batch elapsed: 3.57
batch elapsed: 3.50
batch elapsed: 3.51
batch elapsed: 3.56
batch elapsed: 3.54
batch elapsed: 3.55
batch elapsed: 3.56
batch elapsed: 3.52
batch elapsed: 3.51
batch elapsed: 3.56
batch elapsed: 3.49
batch elapsed: 3.54
batch elapsed: 3.56
batch elapsed: 3.49
batch elapsed: 3.39
batch elapsed: 3.36
batch elapsed: 3.47
batch elapsed: 3.44
batch elapsed: 3.55
batch elapsed: 3.50
batch elapsed: 3.60
batch elapsed: 3.55
batch elapsed: 3.56
batch elapsed: 3.53
batch elapsed: 3.47
batch elapsed: 3.54
batch elapsed: 3.60
batch elapsed: 3.59
batch elapsed: 3.52
batch elapsed: 3.57
batch elapsed: 3.52
batch elapsed: 3.53
batch elapsed: 3.59
batch elapsed: 3.57
batch elapsed: 3.53
batch elapsed: 3.57
batch elapsed: 3.58
batch elapsed: 3.57
batch elapsed: 3.53
batch elapsed: 3.57
batch elapsed: 3.54
batch elapsed: 3.58
batch elapsed: 3.55
batch elapsed: 3.54
batch elapsed: 3.54
batch elapsed: 3.59
batch elapsed: 3.56
batch elapsed: 3.60
batch elapsed: 3.54
batch elapsed: 3.54
batch elapsed: 3.52
batch elapsed: 3.43
batch elapsed: 3.37
batch elapsed: 3.59
batch elapsed: 3.54
batch elapsed: 3.53
batch elapsed: 3.54
batch elapsed: 3.53
batch elapsed: 3.56
batch elapsed: 3.48
batch elapsed: 3.55
batch elapsed: 3.54
batch elapsed: 3.56
batch elapsed: 3.52
batch elapsed: 3.54
batch elapsed: 3.57
batch elapsed: 3.54
batch elapsed: 3.51
batch elapsed: 3.54
batch elapsed: 3.58
batch elapsed: 3.52
batch elapsed: 3.54
batch elapsed: 3.59
batch elapsed: 3.55
batch elapsed: 3.55
batch elapsed: 3.52
batch elapsed: 3.46
batch elapsed: 3.55
batch elapsed: 3.60
batch elapsed: 3.57
batch elapsed: 3.50
batch elapsed: 3.52
batch elapsed: 3.58
batch elapsed: 3.59
batch elapsed: 3.54
batch elapsed: 3.50
batch elapsed: 3.54
batch elapsed: 3.51
batch elapsed: 3.52
batch elapsed: 3.54
batch elapsed: 3.51
batch elapsed: 3.41
batch elapsed: 3.46
batch elapsed: 3.50
batch elapsed: 3.56
batch elapsed: 3.53
batch elapsed: 3.57
batch elapsed: 3.52
batch elapsed: 3.44
batch elapsed: 3.52
batch elapsed: 3.54
batch elapsed: 3.54
batch elapsed: 3.56
batch elapsed: 3.56
batch elapsed: 3.55
batch elapsed: 3.53
batch elapsed: 3.52
batch elapsed: 3.55
batch elapsed: 3.57
batch elapsed: 3.53
batch elapsed: 3.59
batch elapsed: 3.56
batch elapsed: 3.55
batch elapsed: 3.47
batch elapsed: 3.55
batch elapsed: 3.56
batch elapsed: 3.55
batch elapsed: 3.50
batch elapsed: 3.34
batch elapsed: 3.54
batch elapsed: 3.56
batch elapsed: 3.54
batch elapsed: 3.55
batch elapsed: 3.54
batch elapsed: 3.60
batch elapsed: 3.61
batch elapsed: 3.50
batch elapsed: 3.56
batch elapsed: 3.55
batch elapsed: 3.54
batch elapsed: 3.55
batch elapsed: 3.56
batch elapsed: 3.55
batch elapsed: 3.56
batch elapsed: 3.57
batch elapsed: 3.57
batch elapsed: 3.52
batch elapsed: 3.52
batch elapsed: 3.51
batch elapsed: 3.53
batch elapsed: 3.53
batch elapsed: 3.57
batch elapsed: 3.53
batch elapsed: 3.58
batch elapsed: 3.41
batch elapsed: 3.59
batch elapsed: 3.53
batch elapsed: 3.55
batch elapsed: 3.58
batch elapsed: 3.56
batch elapsed: 3.50
batch elapsed: 3.40
batch elapsed: 3.46
batch elapsed: 3.56
batch elapsed: 3.50
batch elapsed: 3.46
batch elapsed: 3.57
batch elapsed: 3.59
batch elapsed: 3.54
batch elapsed: 3.48
batch elapsed: 3.55
batch elapsed: 3.59
batch elapsed: 3.56
batch elapsed: 3.55
batch elapsed: 3.55
batch elapsed: 3.57
batch elapsed: 3.55
batch elapsed: 3.49
batch elapsed: 3.61
batch elapsed: 3.61
batch elapsed: 3.58
batch elapsed: 3.56
batch elapsed: 3.54
batch elapsed: 3.56
batch elapsed: 3.53
batch elapsed: 3.54
batch elapsed: 3.51
batch elapsed: 3.29
batch elapsed: 3.55
batch elapsed: 3.58
batch elapsed: 3.56
batch elapsed: 3.55
batch elapsed: 3.57
batch elapsed: 3.55
batch elapsed: 3.53
batch elapsed: 3.53
batch elapsed: 3.54
batch elapsed: 3.56
batch elapsed: 3.55
batch elapsed: 3.53
batch elapsed: 3.50
batch elapsed: 3.53
batch elapsed: 3.53
batch elapsed: 3.51
batch elapsed: 3.58
batch elapsed: 3.65
batch elapsed: 3.52
batch elapsed: 3.55
batch elapsed: 3.52
batch elapsed: 3.47
batch elapsed: 3.58
batch elapsed: 3.53
batch elapsed: 3.52
batch elapsed: 3.52
batch elapsed: 3.56
batch elapsed: 3.58
batch elapsed: 3.53
batch elapsed: 3.57
batch elapsed: 3.57
batch elapsed: 3.55
batch elapsed: 3.57
batch elapsed: 3.49
batch elapsed: 3.56
batch elapsed: 3.56
batch elapsed: 3.54
batch elapsed: 3.49
batch elapsed: 3.51
batch elapsed: 3.54
batch elapsed: 3.50
batch elapsed: 3.54
batch elapsed: 3.54
batch elapsed: 3.48
batch elapsed: 3.57
batch elapsed: 3.60
batch elapsed: 3.64
batch elapsed: 3.59
batch elapsed: 3.59
batch elapsed: 3.53
batch elapsed: 3.54
batch elapsed: 3.58
batch elapsed: 3.54
batch elapsed: 3.57
batch elapsed: 3.60
batch elapsed: 3.54
batch elapsed: 3.55
batch elapsed: 3.53
batch elapsed: 3.55
batch elapsed: 3.56
batch elapsed: 3.53
batch elapsed: 3.57
batch elapsed: 3.54
batch elapsed: 3.55
batch elapsed: 3.54
batch elapsed: 3.61
batch elapsed: 3.60
batch elapsed: 3.59
batch elapsed: 3.56
batch elapsed: 3.55
batch elapsed: 3.56
batch elapsed: 3.52
batch elapsed: 3.46
batch elapsed: 3.56
batch elapsed: 3.56
batch elapsed: 3.56
batch elapsed: 3.52
batch elapsed: 3.54
batch elapsed: 3.56
batch elapsed: 3.66
batch elapsed: 3.52
batch elapsed: 3.54
batch elapsed: 3.51
batch elapsed: 3.60
batch elapsed: 3.49
batch elapsed: 3.56
batch elapsed: 3.56
batch elapsed: 3.53
batch elapsed: 3.56
batch elapsed: 3.56
batch elapsed: 3.56
batch elapsed: 3.55
batch elapsed: 3.54
batch elapsed: 3.58
batch elapsed: 3.54
batch elapsed: 3.57
batch elapsed: 3.50
batch elapsed: 3.21
batch elapsed: 3.35
batch elapsed: 3.51
batch elapsed: 3.57
batch elapsed: 3.58
batch elapsed: 3.54
batch elapsed: 3.53
batch elapsed: 3.62
batch elapsed: 3.57
batch elapsed: 3.53
batch elapsed: 3.54
batch elapsed: 3.54
batch elapsed: 3.57
batch elapsed: 3.56
batch elapsed: 3.52
batch elapsed: 3.50
batch elapsed: 3.54
batch elapsed: 3.59
batch elapsed: 3.52
batch elapsed: 3.57
batch elapsed: 3.53
batch elapsed: 3.54
batch elapsed: 3.52
batch elapsed: 3.54
batch elapsed: 3.53
batch elapsed: 3.59
batch elapsed: 3.58
batch elapsed: 3.58
batch elapsed: 3.55
batch elapsed: 3.55
batch elapsed: 3.55
batch elapsed: 3.56
batch elapsed: 3.56
batch elapsed: 3.59
batch elapsed: 3.56
batch elapsed: 3.55
batch elapsed: 3.56
batch elapsed: 3.58
batch elapsed: 3.53
batch elapsed: 3.61
batch elapsed: 3.54
batch elapsed: 3.56
batch elapsed: 3.54
batch elapsed: 3.56
batch elapsed: 3.57
batch elapsed: 3.53
batch elapsed: 3.59
batch elapsed: 3.54
batch elapsed: 3.54
batch elapsed: 3.50
batch elapsed: 3.55
batch elapsed: 3.53
batch elapsed: 3.53
batch elapsed: 3.50
batch elapsed: 3.55
batch elapsed: 3.55
batch elapsed: 3.56
batch elapsed: 3.58
batch elapsed: 3.62
batch elapsed: 3.55
batch elapsed: 3.56
batch elapsed: 3.55
batch elapsed: 3.54
batch elapsed: 3.53
batch elapsed: 3.62
batch elapsed: 3.54
batch elapsed: 3.60
batch elapsed: 3.58
batch elapsed: 3.58
batch elapsed: 3.56
batch elapsed: 3.56
batch elapsed: 3.56
batch elapsed: 3.56
batch elapsed: 3.57
batch elapsed: 3.55
batch elapsed: 3.55
batch elapsed: 3.56
batch elapsed: 3.57
batch elapsed: 3.51
batch elapsed: 3.55
batch elapsed: 3.60
batch elapsed: 3.54
batch elapsed: 3.54
batch elapsed: 3.53
batch elapsed: 3.60
batch elapsed: 3.54
batch elapsed: 3.53
batch elapsed: 3.56
batch elapsed: 3.53
batch elapsed: 3.58
batch elapsed: 3.53
batch elapsed: 3.51
batch elapsed: 3.50
batch elapsed: 3.45
batch elapsed: 3.45
batch elapsed: 3.55
batch elapsed: 3.53
batch elapsed: 3.52
batch elapsed: 3.54
batch elapsed: 3.54
batch elapsed: 3.53
batch elapsed: 3.58
batch elapsed: 3.55
batch elapsed: 3.58
batch elapsed: 3.59
batch elapsed: 3.57
batch elapsed: 3.50
batch elapsed: 3.52
batch elapsed: 3.55
batch elapsed: 3.53
batch elapsed: 3.58
batch elapsed: 3.59
batch elapsed: 3.59
batch elapsed: 3.52
batch elapsed: 3.53
batch elapsed: 3.57
batch elapsed: 3.55
batch elapsed: 3.55
batch elapsed: 3.54
batch elapsed: 3.55
batch elapsed: 3.48
batch elapsed: 3.55
batch elapsed: 3.52
batch elapsed: 3.56
batch elapsed: 3.56
batch elapsed: 3.53
batch elapsed: 3.49
batch elapsed: 3.57
batch elapsed: 3.61
batch elapsed: 3.54
batch elapsed: 3.56
batch elapsed: 3.55
batch elapsed: 3.53
batch elapsed: 3.55
batch elapsed: 3.51
batch elapsed: 3.46
batch elapsed: 3.50
batch elapsed: 3.56
batch elapsed: 3.55
batch elapsed: 3.56
batch elapsed: 3.56
batch elapsed: 3.53
batch elapsed: 3.54
batch elapsed: 3.54
batch elapsed: 3.48
batch elapsed: 3.53
batch elapsed: 3.56
batch elapsed: 3.54
batch elapsed: 3.48
batch elapsed: 3.47
batch elapsed: 3.53
batch elapsed: 3.54
batch elapsed: 3.57
batch elapsed: 3.48
batch elapsed: 3.48
batch elapsed: 3.51
batch elapsed: 3.52
batch elapsed: 3.47
batch elapsed: 3.46
batch elapsed: 3.54
batch elapsed: 3.60
batch elapsed: 3.60
batch elapsed: 3.53
batch elapsed: 3.56
batch elapsed: 3.52
batch elapsed: 3.54
batch elapsed: 3.54
batch elapsed: 3.55
batch elapsed: 3.49
batch elapsed: 3.57
batch elapsed: 3.59
batch elapsed: 3.56
batch elapsed: 3.54
batch elapsed: 3.57
batch elapsed: 3.54
batch elapsed: 3.58
batch elapsed: 3.54
batch elapsed: 3.55
batch elapsed: 3.54
batch elapsed: 3.58
batch elapsed: 3.56
batch elapsed: 3.56
batch elapsed: 3.54
batch elapsed: 3.54
batch elapsed: 3.47
batch elapsed: 3.50
batch elapsed: 3.53
batch elapsed: 3.59
batch elapsed: 3.54
batch elapsed: 3.53
batch elapsed: 3.52
batch elapsed: 3.56
batch elapsed: 3.54
batch elapsed: 3.43
batch elapsed: 3.55
batch elapsed: 3.54
batch elapsed: 3.56
batch elapsed: 3.52
batch elapsed: 3.54
batch elapsed: 3.58
batch elapsed: 3.52
batch elapsed: 3.51
batch elapsed: 3.53
batch elapsed: 3.54
batch elapsed: 3.52
batch elapsed: 3.54
batch elapsed: 3.59
batch elapsed: 3.55
batch elapsed: 3.56
batch elapsed: 3.46
batch elapsed: 3.53
batch elapsed: 3.58
batch elapsed: 3.68
batch elapsed: 3.55
batch elapsed: 3.50
batch elapsed: 3.52
batch elapsed: 3.58
batch elapsed: 3.59
batch elapsed: 3.55
batch elapsed: 3.53
batch elapsed: 3.56
batch elapsed: 3.51
batch elapsed: 3.52
batch elapsed: 3.52
batch elapsed: 3.45
batch elapsed: 3.35
batch elapsed: 3.47
batch elapsed: 3.50
batch elapsed: 3.50
batch elapsed: 3.54
batch elapsed: 3.56
batch elapsed: 3.54
batch elapsed: 3.55
batch elapsed: 3.53
batch elapsed: 3.53
batch elapsed: 3.54
batch elapsed: 3.54
batch elapsed: 3.56
batch elapsed: 3.55
batch elapsed: 3.52
batch elapsed: 3.53
batch elapsed: 3.55
batch elapsed: 3.51
batch elapsed: 3.53
batch elapsed: 3.53
batch elapsed: 3.57
batch elapsed: 3.54
batch elapsed: 3.43
batch elapsed: 3.53
batch elapsed: 3.56
batch elapsed: 3.55
batch elapsed: 3.52
batch elapsed: 3.58
batch elapsed: 3.56
batch elapsed: 3.55
batch elapsed: 3.55
batch elapsed: 3.54
batch elapsed: 3.55
batch elapsed: 3.56
batch elapsed: 3.58
batch elapsed: 3.51
batch elapsed: 3.56
batch elapsed: 3.57
batch elapsed: 3.52
batch elapsed: 3.55
batch elapsed: 3.56
batch elapsed: 3.57
batch elapsed: 3.56
batch elapsed: 3.57
batch elapsed: 3.58
batch elapsed: 3.53
batch elapsed: 3.51
batch elapsed: 3.51
batch elapsed: 3.54
batch elapsed: 3.52
batch elapsed: 3.60
batch elapsed: 3.53
batch elapsed: 3.57
batch elapsed: 3.55
batch elapsed: 3.55
batch elapsed: 3.54
batch elapsed: 3.61
batch elapsed: 3.58
batch elapsed: 3.56
batch elapsed: 3.55
batch elapsed: 3.53
batch elapsed: 3.55
batch elapsed: 3.24
batch elapsed: 3.50
batch elapsed: 3.53
batch elapsed: 3.54
batch elapsed: 3.54
batch elapsed: 3.54
batch elapsed: 3.54
batch elapsed: 3.57
batch elapsed: 3.57
batch elapsed: 3.57
batch elapsed: 3.56
batch elapsed: 3.59
batch elapsed: 3.60
batch elapsed: 3.57
batch elapsed: 3.55
batch elapsed: 3.60
batch elapsed: 3.56
batch elapsed: 3.57
batch elapsed: 3.54
batch elapsed: 3.56
batch elapsed: 3.57
batch elapsed: 3.52
batch elapsed: 3.54
batch elapsed: 3.51
batch elapsed: 3.57
batch elapsed: 3.55
batch elapsed: 3.57
batch elapsed: 3.56
batch elapsed: 3.56
batch elapsed: 3.56
batch elapsed: 3.55
batch elapsed: 3.54
batch elapsed: 3.53
batch elapsed: 3.55
batch elapsed: 3.56
batch elapsed: 3.59
batch elapsed: 3.56
batch elapsed: 3.60
batch elapsed: 3.52
batch elapsed: 3.54
batch elapsed: 3.53
batch elapsed: 3.52
batch elapsed: 3.47
batch elapsed: 3.53
batch elapsed: 3.43
batch elapsed: 3.53
batch elapsed: 3.48
batch elapsed: 3.59
batch elapsed: 3.57
batch elapsed: 3.52
batch elapsed: 3.58
batch elapsed: 3.55
batch elapsed: 3.53
batch elapsed: 3.52
batch elapsed: 3.63
batch elapsed: 3.57
batch elapsed: 3.53
batch elapsed: 3.57
batch elapsed: 3.55
batch elapsed: 3.56
batch elapsed: 3.58
batch elapsed: 3.53
batch elapsed: 3.53
batch elapsed: 3.53
batch elapsed: 3.51
batch elapsed: 3.53
batch elapsed: 3.53
batch elapsed: 3.54
batch elapsed: 3.65
batch elapsed: 3.55
batch elapsed: 3.61
batch elapsed: 3.56
batch elapsed: 3.56
batch elapsed: 3.57
batch elapsed: 3.62
batch elapsed: 3.52
batch elapsed: 3.58
batch elapsed: 3.53
batch elapsed: 3.57
batch elapsed: 3.60
batch elapsed: 3.55
batch elapsed: 3.56
batch elapsed: 3.52
batch elapsed: 3.56
batch elapsed: 3.55
batch elapsed: 3.59
batch elapsed: 3.55
batch elapsed: 3.56
batch elapsed: 3.59
batch elapsed: 3.55
batch elapsed: 3.55
batch elapsed: 3.56
batch elapsed: 3.57
batch elapsed: 3.55
batch elapsed: 3.56
batch elapsed: 3.53
batch elapsed: 3.34
batch elapsed: 3.38
batch elapsed: 3.44
batch elapsed: 3.54
batch elapsed: 3.56
batch elapsed: 3.55
batch elapsed: 3.53
batch elapsed: 3.56
batch elapsed: 3.49
batch elapsed: 3.53
batch elapsed: 3.52
batch elapsed: 3.59
batch elapsed: 3.59
batch elapsed: 3.61
batch elapsed: 3.54
batch elapsed: 3.58
batch elapsed: 3.58
batch elapsed: 3.56
batch elapsed: 3.57
batch elapsed: 3.55
batch elapsed: 3.55
batch elapsed: 3.54
batch elapsed: 3.60
batch elapsed: 3.54
batch elapsed: 3.58
batch elapsed: 3.52
batch elapsed: 3.55
batch elapsed: 3.54
batch elapsed: 3.56
batch elapsed: 3.56
batch elapsed: 3.59
batch elapsed: 3.55
batch elapsed: 3.52
batch elapsed: 3.55
batch elapsed: 3.51
batch elapsed: 3.57
batch elapsed: 3.52
batch elapsed: 3.44
batch elapsed: 3.56
batch elapsed: 3.57
batch elapsed: 3.51
batch elapsed: 3.51
batch elapsed: 3.55
batch elapsed: 3.46
batch elapsed: 3.57
batch elapsed: 3.54
batch elapsed: 3.51
batch elapsed: 3.54
batch elapsed: 3.53
batch elapsed: 3.54
batch elapsed: 3.53
batch elapsed: 3.45
batch elapsed: 3.38
batch elapsed: 3.53
batch elapsed: 3.56
batch elapsed: 3.56
batch elapsed: 3.54
batch elapsed: 3.55
batch elapsed: 3.56
batch elapsed: 3.60
batch elapsed: 3.56
batch elapsed: 3.56
batch elapsed: 3.55
batch elapsed: 3.58
batch elapsed: 3.54
batch elapsed: 3.55
batch elapsed: 3.53
batch elapsed: 3.56
batch elapsed: 3.54
batch elapsed: 3.56
batch elapsed: 3.58
batch elapsed: 3.53
batch elapsed: 3.48
batch elapsed: 3.54
batch elapsed: 3.55
batch elapsed: 3.53
batch elapsed: 3.58
batch elapsed: 3.53
batch elapsed: 3.53
batch elapsed: 3.50
batch elapsed: 3.56
batch elapsed: 3.52
batch elapsed: 3.56
batch elapsed: 3.55
batch elapsed: 3.56
batch elapsed: 3.56
batch elapsed: 3.54
batch elapsed: 3.53
batch elapsed: 3.53
batch elapsed: 3.55
batch elapsed: 3.55
batch elapsed: 3.54
batch elapsed: 3.56
batch elapsed: 3.54
batch elapsed: 3.57
batch elapsed: 3.55
batch elapsed: 3.58
batch elapsed: 3.51
batch elapsed: 3.47
batch elapsed: 3.49
batch elapsed: 3.50
batch elapsed: 3.59
batch elapsed: 3.51
batch elapsed: 3.58
batch elapsed: 3.57
batch elapsed: 3.57
batch elapsed: 3.58
batch elapsed: 3.58
batch elapsed: 3.56
batch elapsed: 3.53
batch elapsed: 3.53
batch elapsed: 3.54
batch elapsed: 3.53
batch elapsed: 3.54
batch elapsed: 3.55
batch elapsed: 3.56
batch elapsed: 3.57
batch elapsed: 3.54
batch elapsed: 3.54
batch elapsed: 3.51
batch elapsed: 3.56
batch elapsed: 3.57
batch elapsed: 3.50
batch elapsed: 3.55
batch elapsed: 3.53
batch elapsed: 3.55
batch elapsed: 3.52
batch elapsed: 3.56
batch elapsed: 3.56
batch elapsed: 3.55
batch elapsed: 3.53
batch elapsed: 3.54
batch elapsed: 3.53
batch elapsed: 3.58
batch elapsed: 3.54
batch elapsed: 3.54
batch elapsed: 3.52
batch elapsed: 3.56
batch elapsed: 3.61
batch elapsed: 3.50
batch elapsed: 3.56
batch elapsed: 3.55
batch elapsed: 3.51
batch elapsed: 3.58
batch elapsed: 3.62
batch elapsed: 3.62
batch elapsed: 3.56
batch elapsed: 3.55
batch elapsed: 3.53
batch elapsed: 3.54
batch elapsed: 3.56
batch elapsed: 3.56
batch elapsed: 3.54
batch elapsed: 3.54
batch elapsed: 3.52
batch elapsed: 3.53
batch elapsed: 3.52
batch elapsed: 3.54
batch elapsed: 3.58
batch elapsed: 3.53
batch elapsed: 3.53
batch elapsed: 3.57
batch elapsed: 3.54
batch elapsed: 3.55
batch elapsed: 3.54
batch elapsed: 3.55
batch elapsed: 3.58
batch elapsed: 3.59
batch elapsed: 3.53
batch elapsed: 3.53
batch elapsed: 3.56
batch elapsed: 3.54
batch elapsed: 3.52
batch elapsed: 3.48
batch elapsed: 3.51
batch elapsed: 3.58
batch elapsed: 3.52
batch elapsed: 3.53
batch elapsed: 3.51
batch elapsed: 3.59
batch elapsed: 3.60
batch elapsed: 3.56
batch elapsed: 3.55
batch elapsed: 3.55
batch elapsed: 3.55
batch elapsed: 3.54
batch elapsed: 3.54
batch elapsed: 3.56
batch elapsed: 3.45
batch elapsed: 3.50
batch elapsed: 3.55
batch elapsed: 3.54
batch elapsed: 3.22
batch elapsed: 3.26
batch elapsed: 3.20
batch elapsed: 3.52
batch elapsed: 3.40
batch elapsed: 3.50
batch elapsed: 3.55
batch elapsed: 3.55
batch elapsed: 3.57
batch elapsed: 3.57
batch elapsed: 3.56
batch elapsed: 3.54
batch elapsed: 3.54
batch elapsed: 3.55
batch elapsed: 3.57
batch elapsed: 3.52
batch elapsed: 3.52
batch elapsed: 3.53
batch elapsed: 3.56
batch elapsed: 3.59
batch elapsed: 3.53
batch elapsed: 3.49
batch elapsed: 3.55
batch elapsed: 3.56
batch elapsed: 3.55
batch elapsed: 3.53
batch elapsed: 3.54
batch elapsed: 3.47
batch elapsed: 3.50
batch elapsed: 3.53
batch elapsed: 3.53
batch elapsed: 3.56
batch elapsed: 3.23
batch elapsed: 3.28
batch elapsed: 3.23
batch elapsed: 3.49
batch elapsed: 3.50
batch elapsed: 3.56
batch elapsed: 3.58
batch elapsed: 3.55
batch elapsed: 3.55
batch elapsed: 3.56
batch elapsed: 3.51
batch elapsed: 3.52
batch elapsed: 3.57
batch elapsed: 3.55
batch elapsed: 3.58
batch elapsed: 3.51
batch elapsed: 3.45
batch elapsed: 3.54
batch elapsed: 3.58
batch elapsed: 3.53
batch elapsed: 3.52
batch elapsed: 3.56
batch elapsed: 3.55
batch elapsed: 3.57
batch elapsed: 3.59
batch elapsed: 3.56
batch elapsed: 3.62
batch elapsed: 3.60
batch elapsed: 3.49
batch elapsed: 3.54
batch elapsed: 3.59
batch elapsed: 3.55
batch elapsed: 3.50
batch elapsed: 3.56
batch elapsed: 3.53
batch elapsed: 3.56
batch elapsed: 3.52
batch elapsed: 3.56
batch elapsed: 3.54
Eval num_timesteps=53000, episode_reward=25.92 +/- 5.01
Episode length: 1000.00 +/- 0.00
-----------------------------------
| eval/              |            |
|    mean_ep_length  | 1e+03      |
|    mean_reward     | 25.9       |
| time/              |            |
|    total_timesteps | 53000      |
| train/             |            |
|    actor_loss      | -1.4311614 |
|    critic_loss     | 0.15       |
|    d_learning_rate | 0.0005     |
|    dstb_ent_coef   | 0.00619    |
|    ent_coef        | 0.0771     |
|    ent_coef_loss   | -0.267     |
|    n_updates       | 191936     |
|    u_learning_rate | 0.0001     |
|    v_learning_rate | 0.001      |
-----------------------------------
batch elapsed: 3.52
batch elapsed: 3.56
batch elapsed: 3.55
batch elapsed: 3.57
batch elapsed: 3.58
batch elapsed: 3.58
batch elapsed: 3.53
batch elapsed: 3.54
batch elapsed: 3.54
batch elapsed: 3.55
batch elapsed: 3.53
batch elapsed: 3.55
batch elapsed: 3.54
batch elapsed: 3.57
batch elapsed: 3.56
batch elapsed: 3.58
batch elapsed: 3.58
batch elapsed: 3.44
batch elapsed: 3.48
batch elapsed: 3.46
batch elapsed: 3.58
batch elapsed: 3.53
batch elapsed: 3.56
batch elapsed: 3.57
batch elapsed: 3.58
batch elapsed: 3.57
batch elapsed: 3.57
batch elapsed: 3.57
batch elapsed: 3.54
batch elapsed: 3.53
batch elapsed: 3.54
batch elapsed: 3.53
batch elapsed: 3.54
batch elapsed: 3.54
batch elapsed: 3.55
batch elapsed: 3.57
batch elapsed: 3.56
batch elapsed: 3.54
batch elapsed: 3.52
batch elapsed: 3.49
batch elapsed: 3.56
batch elapsed: 3.53
batch elapsed: 3.57
batch elapsed: 3.53
batch elapsed: 3.55
batch elapsed: 3.53
batch elapsed: 3.56
batch elapsed: 3.57
batch elapsed: 3.56
batch elapsed: 3.49
batch elapsed: 3.52
batch elapsed: 3.56
batch elapsed: 3.55
batch elapsed: 3.49
batch elapsed: 3.48
batch elapsed: 3.51
batch elapsed: 3.57
batch elapsed: 3.56
batch elapsed: 3.50
batch elapsed: 3.45
batch elapsed: 3.55
batch elapsed: 3.52
batch elapsed: 3.56
batch elapsed: 3.52
batch elapsed: 3.59
batch elapsed: 3.58
batch elapsed: 3.54
batch elapsed: 3.55
batch elapsed: 3.52
batch elapsed: 3.56
batch elapsed: 3.55
batch elapsed: 3.56
batch elapsed: 3.58
batch elapsed: 3.51
batch elapsed: 3.54
batch elapsed: 3.54
batch elapsed: 3.53
batch elapsed: 3.58
batch elapsed: 3.53
batch elapsed: 3.54
batch elapsed: 3.55
batch elapsed: 3.55
batch elapsed: 3.54
batch elapsed: 3.54
batch elapsed: 3.56
batch elapsed: 3.55
batch elapsed: 3.60
batch elapsed: 3.53
batch elapsed: 3.47
batch elapsed: 3.54
batch elapsed: 3.49
batch elapsed: 3.47
batch elapsed: 3.48
batch elapsed: 3.48
batch elapsed: 3.57
batch elapsed: 3.54
batch elapsed: 3.52
batch elapsed: 3.54
batch elapsed: 3.55
batch elapsed: 3.55
batch elapsed: 3.58
batch elapsed: 3.49
batch elapsed: 3.55
batch elapsed: 3.54
batch elapsed: 3.55
batch elapsed: 3.53
batch elapsed: 3.55
batch elapsed: 3.50
batch elapsed: 3.48
batch elapsed: 3.58
batch elapsed: 3.55
batch elapsed: 3.56
batch elapsed: 3.60
batch elapsed: 3.57
batch elapsed: 3.51
batch elapsed: 3.41
batch elapsed: 3.51
batch elapsed: 3.55
batch elapsed: 3.56
batch elapsed: 3.61
batch elapsed: 3.56
batch elapsed: 3.57
batch elapsed: 3.54
batch elapsed: 3.54
batch elapsed: 3.55
batch elapsed: 3.57
batch elapsed: 3.52
batch elapsed: 3.53
batch elapsed: 3.45
batch elapsed: 3.58
batch elapsed: 3.59
batch elapsed: 3.51
batch elapsed: 3.58
batch elapsed: 3.54
batch elapsed: 3.56
batch elapsed: 3.55
batch elapsed: 3.53
batch elapsed: 3.53
batch elapsed: 3.47
batch elapsed: 3.37
batch elapsed: 3.47
batch elapsed: 3.54
batch elapsed: 3.56
batch elapsed: 3.57
batch elapsed: 3.55
batch elapsed: 3.63
batch elapsed: 3.58
batch elapsed: 3.56
batch elapsed: 3.56
batch elapsed: 3.59
batch elapsed: 3.55
batch elapsed: 3.53
batch elapsed: 3.58
batch elapsed: 3.45
batch elapsed: 3.53
batch elapsed: 3.57
batch elapsed: 3.57
batch elapsed: 3.55
batch elapsed: 3.50
batch elapsed: 3.47
batch elapsed: 3.54
batch elapsed: 3.58
batch elapsed: 3.53
batch elapsed: 3.47
batch elapsed: 3.56
batch elapsed: 3.63
batch elapsed: 3.54
batch elapsed: 3.61
batch elapsed: 3.55
batch elapsed: 3.55
batch elapsed: 3.56
batch elapsed: 3.54
batch elapsed: 3.58
batch elapsed: 3.56
batch elapsed: 3.53
batch elapsed: 3.51
batch elapsed: 3.55
batch elapsed: 3.54
batch elapsed: 3.55
batch elapsed: 3.54
batch elapsed: 3.54
batch elapsed: 3.53
Eval num_timesteps=53000, episode_reward=-29.55 +/- 5.60
Episode length: 1000.00 +/- 0.00
------------------------------------
| eval/              |             |
|    mean_ep_length  | 1e+03       |
|    mean_reward     | -29.5       |
| time/              |             |
|    total_timesteps | 53000       |
| train/             |             |
|    actor_loss      | -0.42542315 |
|    critic_loss     | 0.146       |
|    d_learning_rate | 0.0005      |
|    dstb_ent_coef   | 0.00167     |
|    ent_coef        | 0.0434      |
|    ent_coef_loss   | 0.306       |
|    n_updates       | 191936      |
|    u_learning_rate | 0.0001      |
|    v_learning_rate | 0.001       |
------------------------------------
batch elapsed: 3.53
batch elapsed: 3.55
batch elapsed: 3.56
batch elapsed: 3.51
batch elapsed: 3.49
batch elapsed: 3.50
batch elapsed: 3.54
batch elapsed: 3.53
batch elapsed: 3.54
batch elapsed: 3.55
batch elapsed: 3.55
batch elapsed: 3.55
batch elapsed: 3.54
batch elapsed: 3.57
batch elapsed: 3.53
batch elapsed: 3.62
batch elapsed: 3.61
batch elapsed: 3.53
batch elapsed: 3.47
batch elapsed: 3.50
batch elapsed: 3.59
batch elapsed: 3.52
batch elapsed: 3.58
batch elapsed: 3.58
batch elapsed: 3.56
batch elapsed: 3.59
batch elapsed: 3.56
batch elapsed: 3.58
batch elapsed: 3.51
batch elapsed: 3.55
batch elapsed: 3.53
batch elapsed: 3.52
batch elapsed: 3.55
batch elapsed: 3.54
batch elapsed: 3.55
batch elapsed: 3.58
batch elapsed: 3.55
batch elapsed: 3.52
batch elapsed: 3.53
batch elapsed: 3.56
batch elapsed: 3.57
batch elapsed: 3.55
batch elapsed: 3.50
batch elapsed: 3.53
batch elapsed: 3.55
batch elapsed: 3.52
batch elapsed: 3.56
batch elapsed: 3.57
batch elapsed: 3.53
batch elapsed: 3.53
batch elapsed: 3.56
batch elapsed: 3.54
batch elapsed: 3.56
batch elapsed: 3.54
batch elapsed: 3.54
batch elapsed: 3.52
batch elapsed: 3.56
batch elapsed: 3.57
batch elapsed: 3.39
batch elapsed: 3.50
batch elapsed: 3.55
batch elapsed: 3.53
batch elapsed: 3.59
batch elapsed: 3.53
batch elapsed: 3.55
batch elapsed: 3.57
batch elapsed: 3.55
batch elapsed: 3.46
batch elapsed: 3.55
batch elapsed: 3.56
batch elapsed: 3.55
batch elapsed: 3.56
batch elapsed: 3.53
batch elapsed: 3.52
batch elapsed: 3.53
batch elapsed: 3.52
batch elapsed: 3.55
batch elapsed: 3.59
batch elapsed: 3.53
batch elapsed: 3.53
batch elapsed: 3.56
batch elapsed: 3.54
batch elapsed: 3.53
batch elapsed: 3.56
batch elapsed: 3.55
batch elapsed: 3.56
batch elapsed: 3.59
batch elapsed: 3.52
batch elapsed: 3.42
batch elapsed: 3.51
batch elapsed: 3.46
batch elapsed: 3.51
batch elapsed: 3.49
batch elapsed: 3.49
batch elapsed: 3.59
batch elapsed: 3.53
batch elapsed: 3.54
batch elapsed: 3.52
batch elapsed: 3.56
batch elapsed: 3.60
batch elapsed: 3.57
batch elapsed: 3.49
batch elapsed: 3.49
batch elapsed: 3.55
batch elapsed: 3.54
batch elapsed: 3.54
batch elapsed: 3.55
batch elapsed: 3.48
batch elapsed: 3.49
batch elapsed: 3.53
batch elapsed: 3.44
batch elapsed: 3.56
batch elapsed: 3.50
batch elapsed: 3.57
batch elapsed: 3.51
batch elapsed: 3.40
batch elapsed: 3.50
batch elapsed: 3.56
batch elapsed: 3.56
batch elapsed: 3.49
batch elapsed: 3.57
batch elapsed: 3.56
batch elapsed: 3.54
batch elapsed: 3.55
batch elapsed: 3.55
batch elapsed: 3.57
batch elapsed: 3.52
batch elapsed: 3.53
batch elapsed: 3.53
batch elapsed: 3.57
batch elapsed: 3.58
batch elapsed: 3.53
batch elapsed: 3.44
batch elapsed: 3.56
batch elapsed: 3.57
batch elapsed: 3.53
batch elapsed: 3.54
batch elapsed: 3.57
batch elapsed: 3.48
batch elapsed: 3.44
batch elapsed: 3.52
batch elapsed: 3.48
batch elapsed: 3.48
batch elapsed: 3.61
batch elapsed: 3.66
batch elapsed: 3.62
batch elapsed: 3.57
batch elapsed: 3.52
batch elapsed: 3.56
batch elapsed: 3.51
batch elapsed: 3.56
batch elapsed: 3.55
batch elapsed: 3.56
batch elapsed: 3.55
batch elapsed: 3.54
batch elapsed: 3.56
batch elapsed: 3.56
batch elapsed: 3.57
batch elapsed: 3.41
batch elapsed: 3.51
batch elapsed: 3.54
batch elapsed: 3.57
batch elapsed: 3.53
batch elapsed: 3.52
batch elapsed: 3.56
batch elapsed: 3.45
batch elapsed: 3.53
batch elapsed: 3.55
batch elapsed: 3.50
batch elapsed: 3.55
batch elapsed: 3.55
batch elapsed: 3.50
batch elapsed: 3.52
batch elapsed: 3.56
batch elapsed: 3.54
batch elapsed: 3.52
batch elapsed: 3.55
batch elapsed: 3.53
batch elapsed: 3.54
batch elapsed: 3.54
batch elapsed: 3.55
batch elapsed: 3.52
Eval num_timesteps=53000, episode_reward=-209.71 +/- 1.44
Episode length: 1000.00 +/- 0.00
-----------------------------------
| eval/              |            |
|    mean_ep_length  | 1e+03      |
|    mean_reward     | -210       |
| time/              |            |
|    total_timesteps | 53000      |
| train/             |            |
|    actor_loss      | -0.6400176 |
|    critic_loss     | 0.144      |
|    d_learning_rate | 0.0005     |
|    dstb_ent_coef   | 0.00561    |
|    ent_coef        | 0.0346     |
|    ent_coef_loss   | 0.457      |
|    n_updates       | 191936     |
|    u_learning_rate | 0.0001     |
|    v_learning_rate | 0.001      |
-----------------------------------
batch elapsed: 3.52
batch elapsed: 3.56
batch elapsed: 3.56
batch elapsed: 3.52
batch elapsed: 3.56
batch elapsed: 3.52
batch elapsed: 3.54
batch elapsed: 3.53
batch elapsed: 3.56
batch elapsed: 3.59
batch elapsed: 3.55
batch elapsed: 3.54
batch elapsed: 3.55
batch elapsed: 3.57
batch elapsed: 3.55
batch elapsed: 3.58
batch elapsed: 3.58
batch elapsed: 3.52
batch elapsed: 3.47
batch elapsed: 3.57
batch elapsed: 3.62
batch elapsed: 3.53
batch elapsed: 3.58
batch elapsed: 3.57
batch elapsed: 3.57
batch elapsed: 3.59
batch elapsed: 3.56
batch elapsed: 3.57
batch elapsed: 3.51
batch elapsed: 3.56
batch elapsed: 3.53
batch elapsed: 3.52
batch elapsed: 3.56
batch elapsed: 3.54
batch elapsed: 3.55
batch elapsed: 3.57
batch elapsed: 3.55
batch elapsed: 3.54
batch elapsed: 3.53
batch elapsed: 3.56
batch elapsed: 3.56
batch elapsed: 3.56
batch elapsed: 3.56
batch elapsed: 3.53
batch elapsed: 3.56
batch elapsed: 3.52
batch elapsed: 3.61
batch elapsed: 3.57
batch elapsed: 3.54
batch elapsed: 3.53
batch elapsed: 3.55
batch elapsed: 3.55
batch elapsed: 3.56
batch elapsed: 3.55
batch elapsed: 3.54
batch elapsed: 3.51
batch elapsed: 3.56
batch elapsed: 3.61
batch elapsed: 3.40
batch elapsed: 3.45
batch elapsed: 3.55
batch elapsed: 3.52
batch elapsed: 3.58
batch elapsed: 3.60
batch elapsed: 3.56
batch elapsed: 3.57
batch elapsed: 3.55
batch elapsed: 3.52
batch elapsed: 3.54
batch elapsed: 3.57
batch elapsed: 3.55
batch elapsed: 3.55
batch elapsed: 3.53
batch elapsed: 3.52
batch elapsed: 3.55
batch elapsed: 3.52
batch elapsed: 3.54
batch elapsed: 3.57
batch elapsed: 3.54
batch elapsed: 3.54
batch elapsed: 3.55
batch elapsed: 3.55
batch elapsed: 3.47
batch elapsed: 3.56
batch elapsed: 3.49
batch elapsed: 3.57
batch elapsed: 3.59
batch elapsed: 3.53
batch elapsed: 3.53
batch elapsed: 3.50
batch elapsed: 3.39
batch elapsed: 3.40
batch elapsed: 3.43
batch elapsed: 3.50
batch elapsed: 3.56
batch elapsed: 3.55
batch elapsed: 3.57
batch elapsed: 3.54
batch elapsed: 3.56
batch elapsed: 3.55
batch elapsed: 3.57
batch elapsed: 3.54
batch elapsed: 3.55
batch elapsed: 3.55
batch elapsed: 3.54
batch elapsed: 3.54
batch elapsed: 3.55
batch elapsed: 3.53
batch elapsed: 3.50
batch elapsed: 3.60
batch elapsed: 3.54
batch elapsed: 3.56
batch elapsed: 3.56
batch elapsed: 3.56
batch elapsed: 3.51
batch elapsed: 3.51
batch elapsed: 3.52
batch elapsed: 3.55
batch elapsed: 3.57
batch elapsed: 3.55
batch elapsed: 3.56
batch elapsed: 3.56
batch elapsed: 3.55
batch elapsed: 3.60
batch elapsed: 3.55
batch elapsed: 3.56
batch elapsed: 3.53
batch elapsed: 3.53
batch elapsed: 3.52
batch elapsed: 3.57
batch elapsed: 3.58
batch elapsed: 3.53
batch elapsed: 3.51
batch elapsed: 3.55
batch elapsed: 3.56
batch elapsed: 3.54
batch elapsed: 3.54
batch elapsed: 3.52
batch elapsed: 3.52
batch elapsed: 3.56
batch elapsed: 3.59
batch elapsed: 3.54
batch elapsed: 3.56
batch elapsed: 3.57
batch elapsed: 3.63
batch elapsed: 3.58
batch elapsed: 3.55
batch elapsed: 3.55
batch elapsed: 3.57
batch elapsed: 3.59
batch elapsed: 3.55
batch elapsed: 3.54
batch elapsed: 3.56
batch elapsed: 3.55
batch elapsed: 3.53
batch elapsed: 3.56
batch elapsed: 3.52
batch elapsed: 3.57
batch elapsed: 3.44
batch elapsed: 3.52
batch elapsed: 3.54
batch elapsed: 3.51
batch elapsed: 3.53
batch elapsed: 3.53
batch elapsed: 3.55
batch elapsed: 3.58
batch elapsed: 3.54
batch elapsed: 3.51
batch elapsed: 3.53
batch elapsed: 3.56
batch elapsed: 3.53
batch elapsed: 3.51
batch elapsed: 3.53
batch elapsed: 3.54
batch elapsed: 3.53
batch elapsed: 3.60
batch elapsed: 3.53
batch elapsed: 3.54
batch elapsed: 3.56
batch elapsed: 3.54
batch elapsed: 3.56
batch elapsed: 3.47
Eval num_timesteps=53000, episode_reward=-93.76 +/- 6.38
Episode length: 1000.00 +/- 0.00
----------------------------------
| eval/              |           |
|    mean_ep_length  | 1e+03     |
|    mean_reward     | -93.8     |
| time/              |           |
|    total_timesteps | 53000     |
| train/             |           |
|    actor_loss      | 1.2790478 |
|    critic_loss     | 0.207     |
|    d_learning_rate | 0.0005    |
|    dstb_ent_coef   | 0         |
|    ent_coef        | 0.131     |
|    ent_coef_loss   | 0.082     |
|    n_updates       | 191936    |
|    u_learning_rate | 0.0001    |
|    v_learning_rate | 0.001     |
----------------------------------
batch elapsed: 3.53
batch elapsed: 3.55
batch elapsed: 3.55
batch elapsed: 3.63
batch elapsed: 3.66
batch elapsed: 3.58
batch elapsed: 3.56
batch elapsed: 3.53
batch elapsed: 3.53
batch elapsed: 3.56
batch elapsed: 3.55
batch elapsed: 3.55
batch elapsed: 3.55
batch elapsed: 3.56
batch elapsed: 3.55
batch elapsed: 3.60
batch elapsed: 3.46
batch elapsed: 3.48
batch elapsed: 3.51
batch elapsed: 3.54
batch elapsed: 3.58
batch elapsed: 3.47
batch elapsed: 3.58
batch elapsed: 3.59
batch elapsed: 3.56
batch elapsed: 3.58
batch elapsed: 3.57
batch elapsed: 3.57
batch elapsed: 3.52
batch elapsed: 3.54
batch elapsed: 3.53
batch elapsed: 3.54
batch elapsed: 3.55
batch elapsed: 3.53
batch elapsed: 3.56
batch elapsed: 3.57
batch elapsed: 3.55
batch elapsed: 3.50
batch elapsed: 3.54
batch elapsed: 3.57
batch elapsed: 3.55
batch elapsed: 3.57
batch elapsed: 3.54
batch elapsed: 3.54
batch elapsed: 3.55
batch elapsed: 3.53
batch elapsed: 3.56
batch elapsed: 3.57
batch elapsed: 3.50
batch elapsed: 3.53
batch elapsed: 3.60
batch elapsed: 3.53
batch elapsed: 3.57
batch elapsed: 3.54
batch elapsed: 3.53
batch elapsed: 3.60
batch elapsed: 3.59
batch elapsed: 3.55
batch elapsed: 3.51
batch elapsed: 3.55
batch elapsed: 3.55
batch elapsed: 3.54
batch elapsed: 3.53
batch elapsed: 3.52
batch elapsed: 3.36
batch elapsed: 3.56
batch elapsed: 3.56
batch elapsed: 3.51
batch elapsed: 3.56
batch elapsed: 3.55
batch elapsed: 3.56
batch elapsed: 3.55
batch elapsed: 3.57
batch elapsed: 3.53
batch elapsed: 3.54
batch elapsed: 3.52
batch elapsed: 3.56
batch elapsed: 3.57
batch elapsed: 3.53
batch elapsed: 3.56
batch elapsed: 3.55
batch elapsed: 3.54
batch elapsed: 3.54
batch elapsed: 3.56
batch elapsed: 3.53
batch elapsed: 3.59
batch elapsed: 3.58
batch elapsed: 3.52
batch elapsed: 3.53
batch elapsed: 3.51
batch elapsed: 3.56
batch elapsed: 3.51
batch elapsed: 3.48
batch elapsed: 3.51
batch elapsed: 3.62
batch elapsed: 3.59
batch elapsed: 3.53
batch elapsed: 3.52
batch elapsed: 3.55
batch elapsed: 3.58
batch elapsed: 3.54
batch elapsed: 3.56
batch elapsed: 3.54
batch elapsed: 3.55
batch elapsed: 3.54
batch elapsed: 3.55
batch elapsed: 3.53
batch elapsed: 3.46
batch elapsed: 3.39
batch elapsed: 3.51
batch elapsed: 3.54
batch elapsed: 3.53
batch elapsed: 3.47
batch elapsed: 3.57
batch elapsed: 3.50
batch elapsed: 3.45
batch elapsed: 3.57
batch elapsed: 3.57
batch elapsed: 3.57
batch elapsed: 3.53
batch elapsed: 3.57
batch elapsed: 3.54
batch elapsed: 3.56
batch elapsed: 3.52
batch elapsed: 3.57
batch elapsed: 3.53
batch elapsed: 3.53
batch elapsed: 3.54
batch elapsed: 3.49
batch elapsed: 3.58
batch elapsed: 3.54
batch elapsed: 3.44
batch elapsed: 3.58
batch elapsed: 3.54
batch elapsed: 3.56
batch elapsed: 3.55
batch elapsed: 3.47
batch elapsed: 3.58
batch elapsed: 3.45
batch elapsed: 3.45
batch elapsed: 3.53
batch elapsed: 3.55
batch elapsed: 3.55
batch elapsed: 3.58
batch elapsed: 3.65
batch elapsed: 3.62
batch elapsed: 3.55
batch elapsed: 3.55
batch elapsed: 3.59
batch elapsed: 3.57
batch elapsed: 3.55
batch elapsed: 3.54
batch elapsed: 3.56
batch elapsed: 3.54
batch elapsed: 3.56
batch elapsed: 3.54
batch elapsed: 3.58
batch elapsed: 3.55
batch elapsed: 3.38
batch elapsed: 3.53
batch elapsed: 3.57
batch elapsed: 3.56
batch elapsed: 3.52
batch elapsed: 3.53
batch elapsed: 3.61
batch elapsed: 3.58
batch elapsed: 3.58
batch elapsed: 3.52
batch elapsed: 3.58
batch elapsed: 3.62
batch elapsed: 3.52
batch elapsed: 3.51
batch elapsed: 3.54
batch elapsed: 3.54
batch elapsed: 3.55
batch elapsed: 3.55
batch elapsed: 3.54
batch elapsed: 3.55
batch elapsed: 3.54
batch elapsed: 3.56
batch elapsed: 3.55
batch elapsed: 3.40
Eval num_timesteps=53000, episode_reward=-50.68 +/- 10.80
Episode length: 1000.00 +/- 0.00
-----------------------------------
| eval/              |            |
|    mean_ep_length  | 1e+03      |
|    mean_reward     | -50.7      |
| time/              |            |
|    total_timesteps | 53000      |
| train/             |            |
|    actor_loss      | -1.7588525 |
|    critic_loss     | 0.145      |
|    d_learning_rate | 0.0005     |
|    dstb_ent_coef   | 0.00825    |
|    ent_coef        | 0.0913     |
|    ent_coef_loss   | 0.279      |
|    n_updates       | 191936     |
|    u_learning_rate | 0.0001     |
|    v_learning_rate | 0.001      |
-----------------------------------
batch elapsed: 3.42
batch elapsed: 3.53
batch elapsed: 3.59
batch elapsed: 3.62
batch elapsed: 3.57
batch elapsed: 3.33
batch elapsed: 3.38
batch elapsed: 3.33
batch elapsed: 3.52
batch elapsed: 3.53
batch elapsed: 3.55
batch elapsed: 3.56
batch elapsed: 3.54
batch elapsed: 3.56
batch elapsed: 3.57
batch elapsed: 3.53
batch elapsed: 3.54
batch elapsed: 3.54
batch elapsed: 3.55
batch elapsed: 3.57
batch elapsed: 3.54
batch elapsed: 3.53
batch elapsed: 3.42
batch elapsed: 3.51
batch elapsed: 3.55
batch elapsed: 3.49
batch elapsed: 3.58
batch elapsed: 3.50
batch elapsed: 3.53
batch elapsed: 3.56
batch elapsed: 3.55
batch elapsed: 3.55
batch elapsed: 3.53
batch elapsed: 3.58
batch elapsed: 3.52
batch elapsed: 3.55
batch elapsed: 3.54
batch elapsed: 3.54
batch elapsed: 3.51
batch elapsed: 3.51
batch elapsed: 3.55
batch elapsed: 3.49
batch elapsed: 3.55
batch elapsed: 3.56
batch elapsed: 3.53
batch elapsed: 3.50
batch elapsed: 3.49
batch elapsed: 3.60
batch elapsed: 3.54
batch elapsed: 3.53
batch elapsed: 3.54
batch elapsed: 3.56
batch elapsed: 3.54
batch elapsed: 3.53
batch elapsed: 3.55
batch elapsed: 3.55
batch elapsed: 3.57
batch elapsed: 3.53
batch elapsed: 3.60
batch elapsed: 3.56
batch elapsed: 3.53
batch elapsed: 3.57
batch elapsed: 3.54
batch elapsed: 3.54
batch elapsed: 3.50
batch elapsed: 3.55
batch elapsed: 3.50
batch elapsed: 3.54
batch elapsed: 3.57
batch elapsed: 3.54
batch elapsed: 3.61
batch elapsed: 3.57
batch elapsed: 3.55
batch elapsed: 3.56
batch elapsed: 3.52
batch elapsed: 3.55
batch elapsed: 3.56
batch elapsed: 3.54
batch elapsed: 3.52
batch elapsed: 3.58
batch elapsed: 3.55
batch elapsed: 3.58
batch elapsed: 3.56
batch elapsed: 3.59
batch elapsed: 3.57
batch elapsed: 3.52
batch elapsed: 3.46
batch elapsed: 3.52
batch elapsed: 3.57
batch elapsed: 3.55
batch elapsed: 3.56
batch elapsed: 3.58
batch elapsed: 3.61
batch elapsed: 3.52
batch elapsed: 3.59
batch elapsed: 3.62
batch elapsed: 3.54
batch elapsed: 3.55
batch elapsed: 3.50
batch elapsed: 3.49
batch elapsed: 3.54
batch elapsed: 3.53
batch elapsed: 3.52
batch elapsed: 3.56
batch elapsed: 3.55
batch elapsed: 3.55
batch elapsed: 3.56
batch elapsed: 3.56
batch elapsed: 3.54
batch elapsed: 3.51
batch elapsed: 3.56
batch elapsed: 3.59
batch elapsed: 3.58
batch elapsed: 3.56
batch elapsed: 3.58
batch elapsed: 3.48
batch elapsed: 3.57
batch elapsed: 3.52
batch elapsed: 3.53
batch elapsed: 3.51
batch elapsed: 3.52
batch elapsed: 3.57
batch elapsed: 3.57
batch elapsed: 3.49
batch elapsed: 3.54
batch elapsed: 3.54
batch elapsed: 3.53
batch elapsed: 3.58
batch elapsed: 3.55
batch elapsed: 3.55
batch elapsed: 3.52
batch elapsed: 3.56
batch elapsed: 3.56
batch elapsed: 3.60
batch elapsed: 3.54
batch elapsed: 3.52
batch elapsed: 3.55
batch elapsed: 3.56
batch elapsed: 3.54
batch elapsed: 3.51
batch elapsed: 3.22
batch elapsed: 3.42
batch elapsed: 3.49
batch elapsed: 3.53
batch elapsed: 3.55
batch elapsed: 3.46
batch elapsed: 3.54
batch elapsed: 3.54
batch elapsed: 3.44
batch elapsed: 3.52
batch elapsed: 3.56
batch elapsed: 3.54
batch elapsed: 3.48
batch elapsed: 3.52
batch elapsed: 3.54
batch elapsed: 3.55
batch elapsed: 3.57
batch elapsed: 3.50
batch elapsed: 3.49
batch elapsed: 3.54
batch elapsed: 3.48
batch elapsed: 3.54
batch elapsed: 3.53
batch elapsed: 3.50
batch elapsed: 3.53
batch elapsed: 3.54
batch elapsed: 3.56
batch elapsed: 3.54
batch elapsed: 3.53
batch elapsed: 3.57
batch elapsed: 3.54
batch elapsed: 3.57
batch elapsed: 3.54
batch elapsed: 3.53
batch elapsed: 3.55
batch elapsed: 3.54
batch elapsed: 3.58
batch elapsed: 3.54
batch elapsed: 3.55
batch elapsed: 3.60
batch elapsed: 3.55
batch elapsed: 3.49
batch elapsed: 3.56
batch elapsed: 3.53
batch elapsed: 3.51
batch elapsed: 3.55
batch elapsed: 3.52
batch elapsed: 3.50
batch elapsed: 3.52
batch elapsed: 3.54
batch elapsed: 3.44
batch elapsed: 3.47
batch elapsed: 3.54
batch elapsed: 3.57
batch elapsed: 3.60
batch elapsed: 3.55
batch elapsed: 3.56
batch elapsed: 3.54
batch elapsed: 3.59
batch elapsed: 3.51
batch elapsed: 3.60
batch elapsed: 3.56
batch elapsed: 3.51
batch elapsed: 3.53
batch elapsed: 3.59
batch elapsed: 3.49
batch elapsed: 3.56
batch elapsed: 3.57
batch elapsed: 3.53
batch elapsed: 3.55
batch elapsed: 3.43
batch elapsed: 3.55
batch elapsed: 3.57
batch elapsed: 3.58
batch elapsed: 3.59
batch elapsed: 3.57
batch elapsed: 3.54
batch elapsed: 3.54
batch elapsed: 3.53
batch elapsed: 3.55
batch elapsed: 3.56
batch elapsed: 3.57
batch elapsed: 3.59
batch elapsed: 3.53
batch elapsed: 3.53
batch elapsed: 3.57
batch elapsed: 3.56
batch elapsed: 3.58
batch elapsed: 3.57
batch elapsed: 3.54
batch elapsed: 3.56
batch elapsed: 3.55
batch elapsed: 3.54
batch elapsed: 3.55
batch elapsed: 3.52
batch elapsed: 3.58
batch elapsed: 3.58
batch elapsed: 3.55
batch elapsed: 3.56
batch elapsed: 3.54
batch elapsed: 3.60
batch elapsed: 3.55
batch elapsed: 3.57
batch elapsed: 3.57
batch elapsed: 3.54
batch elapsed: 3.60
batch elapsed: 3.53
batch elapsed: 3.56
batch elapsed: 3.45
batch elapsed: 3.55
batch elapsed: 3.49
batch elapsed: 3.56
batch elapsed: 3.50
batch elapsed: 3.57
batch elapsed: 3.54
batch elapsed: 3.62
batch elapsed: 3.55
batch elapsed: 3.55
batch elapsed: 3.63
batch elapsed: 3.53
batch elapsed: 3.56
batch elapsed: 3.52
batch elapsed: 3.54
batch elapsed: 3.51
batch elapsed: 3.55
batch elapsed: 3.52
batch elapsed: 3.56
batch elapsed: 3.56
batch elapsed: 3.51
batch elapsed: 3.55
batch elapsed: 3.53
batch elapsed: 3.52
batch elapsed: 3.52
batch elapsed: 3.54
batch elapsed: 3.57
batch elapsed: 3.56
batch elapsed: 3.47
batch elapsed: 3.52
batch elapsed: 3.46
batch elapsed: 3.45
batch elapsed: 3.24
batch elapsed: 3.25
batch elapsed: 3.53
batch elapsed: 3.57
batch elapsed: 3.51
batch elapsed: 3.49
batch elapsed: 3.54
batch elapsed: 3.58
batch elapsed: 3.55
batch elapsed: 3.54
batch elapsed: 3.53
batch elapsed: 3.54
batch elapsed: 3.52
batch elapsed: 3.56
batch elapsed: 3.42
batch elapsed: 3.55
batch elapsed: 3.56
batch elapsed: 3.57
batch elapsed: 3.54
batch elapsed: 3.54
batch elapsed: 3.57
batch elapsed: 3.54
batch elapsed: 3.54
batch elapsed: 3.58
batch elapsed: 3.55
batch elapsed: 3.52
batch elapsed: 3.52
batch elapsed: 3.57
batch elapsed: 3.56
batch elapsed: 3.58
batch elapsed: 3.54
batch elapsed: 3.57
batch elapsed: 3.55
batch elapsed: 3.56
batch elapsed: 3.51
batch elapsed: 3.55
batch elapsed: 3.56
batch elapsed: 3.61
batch elapsed: 3.52
batch elapsed: 3.54
batch elapsed: 3.54
batch elapsed: 3.52
batch elapsed: 3.53
batch elapsed: 3.54
batch elapsed: 3.57
batch elapsed: 3.56
batch elapsed: 3.56
batch elapsed: 3.60
batch elapsed: 3.53
batch elapsed: 3.55
batch elapsed: 3.59
batch elapsed: 3.57
batch elapsed: 3.52
batch elapsed: 3.52
batch elapsed: 3.51
batch elapsed: 3.54
batch elapsed: 3.57
batch elapsed: 3.53
batch elapsed: 3.53
batch elapsed: 3.50
batch elapsed: 3.50
batch elapsed: 3.48
batch elapsed: 3.53
batch elapsed: 3.58
batch elapsed: 3.55
batch elapsed: 3.53
batch elapsed: 3.55
batch elapsed: 3.54
batch elapsed: 3.58
batch elapsed: 3.56
batch elapsed: 3.53
batch elapsed: 3.53
batch elapsed: 3.55
batch elapsed: 3.54
batch elapsed: 3.59
batch elapsed: 3.56
batch elapsed: 3.51
batch elapsed: 3.57
batch elapsed: 3.58
batch elapsed: 3.55
batch elapsed: 3.59
batch elapsed: 3.50
batch elapsed: 3.55
batch elapsed: 3.56
batch elapsed: 3.58
batch elapsed: 3.53
batch elapsed: 3.48
batch elapsed: 3.55
batch elapsed: 3.54
batch elapsed: 3.54
batch elapsed: 3.52
batch elapsed: 3.55
batch elapsed: 3.54
batch elapsed: 3.57
batch elapsed: 3.44
batch elapsed: 3.52
batch elapsed: 3.62
batch elapsed: 3.54
batch elapsed: 3.53
batch elapsed: 3.55
batch elapsed: 3.62
batch elapsed: 3.53
batch elapsed: 3.59
batch elapsed: 3.52
batch elapsed: 3.56
batch elapsed: 3.52
batch elapsed: 3.51
batch elapsed: 3.53
batch elapsed: 3.61
batch elapsed: 3.55
batch elapsed: 3.58
batch elapsed: 3.59
batch elapsed: 3.54
batch elapsed: 3.54
batch elapsed: 3.54
batch elapsed: 3.56
batch elapsed: 3.57
batch elapsed: 3.50
batch elapsed: 3.54
batch elapsed: 3.55
batch elapsed: 3.52
batch elapsed: 3.53
batch elapsed: 3.53
batch elapsed: 3.54
batch elapsed: 3.57
batch elapsed: 3.51
batch elapsed: 3.55
batch elapsed: 3.55
batch elapsed: 3.50
batch elapsed: 3.48
batch elapsed: 3.52
batch elapsed: 3.59
batch elapsed: 3.61
batch elapsed: 3.53
batch elapsed: 3.52
batch elapsed: 3.53
batch elapsed: 3.51
batch elapsed: 3.51
batch elapsed: 3.54
batch elapsed: 3.56
batch elapsed: 3.53
batch elapsed: 3.55
batch elapsed: 3.58
batch elapsed: 3.58
batch elapsed: 3.51
batch elapsed: 3.53
batch elapsed: 3.57
batch elapsed: 3.59
batch elapsed: 3.51
batch elapsed: 3.54
batch elapsed: 3.53
batch elapsed: 3.52
batch elapsed: 3.54
batch elapsed: 3.59
batch elapsed: 3.53
batch elapsed: 3.48
batch elapsed: 3.55
batch elapsed: 3.55
batch elapsed: 3.55
batch elapsed: 3.57
batch elapsed: 3.53
batch elapsed: 3.56
batch elapsed: 3.56
batch elapsed: 3.53
batch elapsed: 3.54
batch elapsed: 3.55
batch elapsed: 3.54
batch elapsed: 3.47
batch elapsed: 3.56
batch elapsed: 3.53
batch elapsed: 3.48
batch elapsed: 3.56
batch elapsed: 3.56
batch elapsed: 3.49
batch elapsed: 3.54
batch elapsed: 3.62
batch elapsed: 3.57
batch elapsed: 3.55
batch elapsed: 3.59
batch elapsed: 3.53
batch elapsed: 3.53
batch elapsed: 3.50
batch elapsed: 3.57
batch elapsed: 3.55
batch elapsed: 3.57
batch elapsed: 3.58
batch elapsed: 3.51
batch elapsed: 3.54
batch elapsed: 3.56
batch elapsed: 3.53
batch elapsed: 3.55
batch elapsed: 3.56
batch elapsed: 3.53
batch elapsed: 3.51
batch elapsed: 3.53
batch elapsed: 3.52
batch elapsed: 3.55
batch elapsed: 3.56
batch elapsed: 3.63
batch elapsed: 3.52
batch elapsed: 3.57
batch elapsed: 3.55
batch elapsed: 3.53
batch elapsed: 3.54
batch elapsed: 3.54
batch elapsed: 3.51
batch elapsed: 3.55
batch elapsed: 3.58
batch elapsed: 3.58
batch elapsed: 3.56
batch elapsed: 3.52
batch elapsed: 3.56
batch elapsed: 3.60
batch elapsed: 3.51
batch elapsed: 3.57
batch elapsed: 3.51
batch elapsed: 3.52
batch elapsed: 3.57
batch elapsed: 3.56
batch elapsed: 3.57
batch elapsed: 3.58
batch elapsed: 3.54
batch elapsed: 3.51
batch elapsed: 3.53
batch elapsed: 3.49
batch elapsed: 3.50
batch elapsed: 3.48
batch elapsed: 3.53
batch elapsed: 3.51
batch elapsed: 3.59
batch elapsed: 3.60
batch elapsed: 3.52
batch elapsed: 3.55
batch elapsed: 3.54
batch elapsed: 3.55
batch elapsed: 3.54
batch elapsed: 3.57
batch elapsed: 3.55
batch elapsed: 3.52
batch elapsed: 3.55
batch elapsed: 3.59
batch elapsed: 3.56
batch elapsed: 3.59
batch elapsed: 3.61
batch elapsed: 3.59
batch elapsed: 3.56
batch elapsed: 3.51
batch elapsed: 3.51
batch elapsed: 3.53
batch elapsed: 3.53
batch elapsed: 3.57
batch elapsed: 3.56
batch elapsed: 3.57
batch elapsed: 3.57
batch elapsed: 3.50
batch elapsed: 3.57
batch elapsed: 3.57
batch elapsed: 3.53
batch elapsed: 3.55
batch elapsed: 3.55
batch elapsed: 3.55
batch elapsed: 3.54
batch elapsed: 3.57
batch elapsed: 3.53
batch elapsed: 3.54
batch elapsed: 3.49
batch elapsed: 3.57
batch elapsed: 3.52
batch elapsed: 3.51
batch elapsed: 3.54
batch elapsed: 3.55
batch elapsed: 3.54
batch elapsed: 3.60
batch elapsed: 3.54
batch elapsed: 3.50
batch elapsed: 3.56
batch elapsed: 3.55
batch elapsed: 3.54
batch elapsed: 3.52
batch elapsed: 3.55
batch elapsed: 3.52
batch elapsed: 3.58
batch elapsed: 3.55
batch elapsed: 3.55
batch elapsed: 3.54
batch elapsed: 3.57
batch elapsed: 3.56
batch elapsed: 3.53
batch elapsed: 3.50
batch elapsed: 3.53
batch elapsed: 3.54
batch elapsed: 3.49
batch elapsed: 3.54
batch elapsed: 3.52
batch elapsed: 3.55
batch elapsed: 3.57
batch elapsed: 3.52
batch elapsed: 3.54
batch elapsed: 3.52
batch elapsed: 3.54
batch elapsed: 3.56
batch elapsed: 3.53
batch elapsed: 3.54
batch elapsed: 3.53
batch elapsed: 3.58
batch elapsed: 3.56
batch elapsed: 3.55
batch elapsed: 3.56
batch elapsed: 3.59
batch elapsed: 3.53
batch elapsed: 3.55
batch elapsed: 3.56
batch elapsed: 3.62
batch elapsed: 3.59
batch elapsed: 3.58
batch elapsed: 3.55
batch elapsed: 3.55
batch elapsed: 3.54
batch elapsed: 3.61
batch elapsed: 3.58
batch elapsed: 3.54
batch elapsed: 3.57
batch elapsed: 3.53
batch elapsed: 3.51
batch elapsed: 3.54
batch elapsed: 3.56
batch elapsed: 3.55
batch elapsed: 3.55
batch elapsed: 3.59
batch elapsed: 3.57
batch elapsed: 3.53
batch elapsed: 3.51
batch elapsed: 3.41
batch elapsed: 3.50
batch elapsed: 3.54
batch elapsed: 3.56
batch elapsed: 3.51
batch elapsed: 3.53
batch elapsed: 3.55
batch elapsed: 3.53
batch elapsed: 3.55
batch elapsed: 3.49
batch elapsed: 3.58
batch elapsed: 3.58
batch elapsed: 3.52
batch elapsed: 3.55
batch elapsed: 3.53
batch elapsed: 3.55
batch elapsed: 3.56
batch elapsed: 3.59
batch elapsed: 3.53
batch elapsed: 3.59
batch elapsed: 3.51
batch elapsed: 3.59
batch elapsed: 3.60
batch elapsed: 3.57
batch elapsed: 3.56
batch elapsed: 3.56
batch elapsed: 3.56
batch elapsed: 3.54
batch elapsed: 3.53
batch elapsed: 3.54
batch elapsed: 3.53
batch elapsed: 3.58
batch elapsed: 3.56
batch elapsed: 3.55
batch elapsed: 3.58
batch elapsed: 3.53
batch elapsed: 3.55
batch elapsed: 3.56
batch elapsed: 3.57
batch elapsed: 3.57
batch elapsed: 3.56
batch elapsed: 3.57
batch elapsed: 3.53
batch elapsed: 3.54
batch elapsed: 3.40
batch elapsed: 3.40
batch elapsed: 3.40
batch elapsed: 3.51
batch elapsed: 3.51
batch elapsed: 3.56
batch elapsed: 3.55
batch elapsed: 3.55
batch elapsed: 3.56
batch elapsed: 3.55
batch elapsed: 3.55
batch elapsed: 3.56
batch elapsed: 3.54
batch elapsed: 3.59
batch elapsed: 3.51
batch elapsed: 3.48
batch elapsed: 3.53
batch elapsed: 3.56
batch elapsed: 3.53
batch elapsed: 3.56
batch elapsed: 3.55
batch elapsed: 3.56
batch elapsed: 3.54
batch elapsed: 3.53
batch elapsed: 3.50
batch elapsed: 3.53
batch elapsed: 3.56
batch elapsed: 3.55
batch elapsed: 3.54
batch elapsed: 3.53
batch elapsed: 3.51
batch elapsed: 3.55
batch elapsed: 3.54
batch elapsed: 3.57
batch elapsed: 3.54
batch elapsed: 3.24
batch elapsed: 3.38
batch elapsed: 3.36
batch elapsed: 3.39
batch elapsed: 3.46
batch elapsed: 3.57
batch elapsed: 3.54
batch elapsed: 3.53
batch elapsed: 3.54
batch elapsed: 3.52
batch elapsed: 3.56
batch elapsed: 3.56
batch elapsed: 3.49
batch elapsed: 3.55
batch elapsed: 3.51
batch elapsed: 3.54
batch elapsed: 3.55
batch elapsed: 3.55
batch elapsed: 3.56
batch elapsed: 3.53
batch elapsed: 3.57
batch elapsed: 3.56
batch elapsed: 3.52
batch elapsed: 3.56
batch elapsed: 3.53
batch elapsed: 3.56
batch elapsed: 3.58
batch elapsed: 3.48
batch elapsed: 3.58
batch elapsed: 3.55
batch elapsed: 3.55
batch elapsed: 3.57
batch elapsed: 3.56
batch elapsed: 3.54
batch elapsed: 3.59
batch elapsed: 3.55
batch elapsed: 3.53
batch elapsed: 3.53
batch elapsed: 3.54
batch elapsed: 3.53
batch elapsed: 3.59
batch elapsed: 3.54
batch elapsed: 3.59
batch elapsed: 3.53
batch elapsed: 3.60
batch elapsed: 3.57
batch elapsed: 3.51
batch elapsed: 3.58
batch elapsed: 3.60
batch elapsed: 3.53
batch elapsed: 3.51
batch elapsed: 3.54
batch elapsed: 3.52
batch elapsed: 3.56
batch elapsed: 3.52
batch elapsed: 3.57
batch elapsed: 3.53
batch elapsed: 3.49
batch elapsed: 3.48
batch elapsed: 3.49
batch elapsed: 3.57
batch elapsed: 3.56
batch elapsed: 3.53
batch elapsed: 3.53
batch elapsed: 3.55
batch elapsed: 3.57
batch elapsed: 3.58
batch elapsed: 3.54
batch elapsed: 3.53
batch elapsed: 3.54
batch elapsed: 3.52
batch elapsed: 3.58
batch elapsed: 3.58
batch elapsed: 3.53
batch elapsed: 3.56
batch elapsed: 3.58
batch elapsed: 3.56
batch elapsed: 3.55
batch elapsed: 3.56
batch elapsed: 3.52
batch elapsed: 3.55
batch elapsed: 3.57
batch elapsed: 3.58
batch elapsed: 3.64
batch elapsed: 3.53
batch elapsed: 3.53
batch elapsed: 3.55
batch elapsed: 3.52
batch elapsed: 3.56
batch elapsed: 3.53
batch elapsed: 3.58
batch elapsed: 3.56
batch elapsed: 3.53
batch elapsed: 3.43
batch elapsed: 3.49
batch elapsed: 3.54
batch elapsed: 3.54
batch elapsed: 3.56
batch elapsed: 3.57
batch elapsed: 3.56
batch elapsed: 3.53
batch elapsed: 3.55
batch elapsed: 3.54
batch elapsed: 3.52
batch elapsed: 3.53
batch elapsed: 3.60
batch elapsed: 3.53
batch elapsed: 3.60
batch elapsed: 3.58
batch elapsed: 3.56
batch elapsed: 3.54
batch elapsed: 3.48
batch elapsed: 3.55
batch elapsed: 3.60
batch elapsed: 3.54
batch elapsed: 3.55
batch elapsed: 3.54
batch elapsed: 3.53
batch elapsed: 3.49
batch elapsed: 3.52
batch elapsed: 3.53
batch elapsed: 3.56
batch elapsed: 3.54
batch elapsed: 3.59
batch elapsed: 3.55
batch elapsed: 3.51
batch elapsed: 3.57
batch elapsed: 3.49
batch elapsed: 3.54
batch elapsed: 3.60
batch elapsed: 3.51
batch elapsed: 3.61
batch elapsed: 3.51
batch elapsed: 3.53
batch elapsed: 3.51
batch elapsed: 3.51
batch elapsed: 3.54
batch elapsed: 3.56
batch elapsed: 3.53
batch elapsed: 3.55
batch elapsed: 3.58
batch elapsed: 3.56
batch elapsed: 3.52
batch elapsed: 3.53
batch elapsed: 3.57
batch elapsed: 3.60
batch elapsed: 3.55
batch elapsed: 3.54
batch elapsed: 3.58
batch elapsed: 3.59
batch elapsed: 3.54
batch elapsed: 3.59
batch elapsed: 3.56
batch elapsed: 3.55
batch elapsed: 3.55
batch elapsed: 3.55
batch elapsed: 3.54
batch elapsed: 3.56
batch elapsed: 3.47
batch elapsed: 3.55
batch elapsed: 3.57
batch elapsed: 3.52
batch elapsed: 3.54
batch elapsed: 3.55
batch elapsed: 3.55
batch elapsed: 3.51
batch elapsed: 3.57
batch elapsed: 3.53
batch elapsed: 3.54
batch elapsed: 3.56
batch elapsed: 3.55
batch elapsed: 3.66
batch elapsed: 3.55
batch elapsed: 3.61
batch elapsed: 3.57
batch elapsed: 3.53
batch elapsed: 3.55
batch elapsed: 3.55
batch elapsed: 3.49
batch elapsed: 3.53
batch elapsed: 3.51
batch elapsed: 3.54
batch elapsed: 3.57
batch elapsed: 3.58
batch elapsed: 3.50
batch elapsed: 3.49
batch elapsed: 3.56
batch elapsed: 3.54
batch elapsed: 3.54
batch elapsed: 3.56
batch elapsed: 3.53
batch elapsed: 3.53
batch elapsed: 3.51
batch elapsed: 3.53
batch elapsed: 3.55
batch elapsed: 3.56
batch elapsed: 3.57
batch elapsed: 3.54
batch elapsed: 3.56
batch elapsed: 3.56
batch elapsed: 3.52
batch elapsed: 3.52
batch elapsed: 3.56
batch elapsed: 3.52
batch elapsed: 3.55
batch elapsed: 3.59
batch elapsed: 3.57
batch elapsed: 3.55
batch elapsed: 3.58
batch elapsed: 3.58
batch elapsed: 3.59
batch elapsed: 3.51
batch elapsed: 3.57
batch elapsed: 3.50
batch elapsed: 3.53
batch elapsed: 3.55
batch elapsed: 3.57
batch elapsed: 3.57
batch elapsed: 3.57
batch elapsed: 3.52
batch elapsed: 3.52
batch elapsed: 3.54
batch elapsed: 3.48
batch elapsed: 3.50
batch elapsed: 3.47
batch elapsed: 3.53
batch elapsed: 3.44
batch elapsed: 3.42
batch elapsed: 3.55
batch elapsed: 3.53
batch elapsed: 3.55
batch elapsed: 3.55
batch elapsed: 3.55
batch elapsed: 3.55
batch elapsed: 3.56
batch elapsed: 3.62
batch elapsed: 3.51
batch elapsed: 3.55
batch elapsed: 3.60
batch elapsed: 3.57
batch elapsed: 3.59
batch elapsed: 3.55
batch elapsed: 3.59
batch elapsed: 3.56
batch elapsed: 3.40
batch elapsed: 3.47
batch elapsed: 3.51
batch elapsed: 3.48
batch elapsed: 3.57
batch elapsed: 3.55
batch elapsed: 3.56
batch elapsed: 3.59
batch elapsed: 3.51
batch elapsed: 3.56
batch elapsed: 3.57
batch elapsed: 3.54
batch elapsed: 3.55
batch elapsed: 3.54
batch elapsed: 3.56
batch elapsed: 3.55
batch elapsed: 3.56
batch elapsed: 3.52
batch elapsed: 3.57
batch elapsed: 3.52
batch elapsed: 3.58
batch elapsed: 3.51
batch elapsed: 3.58
batch elapsed: 3.44
batch elapsed: 3.54
batch elapsed: 3.54
batch elapsed: 3.56
batch elapsed: 3.55
batch elapsed: 3.49
batch elapsed: 3.52
batch elapsed: 3.59
batch elapsed: 3.55
batch elapsed: 3.53
batch elapsed: 3.54
batch elapsed: 3.51
batch elapsed: 3.44
batch elapsed: 3.47
batch elapsed: 3.55
batch elapsed: 3.55
batch elapsed: 3.60
batch elapsed: 3.56
batch elapsed: 3.49
batch elapsed: 3.52
batch elapsed: 3.50
batch elapsed: 3.55
batch elapsed: 3.54
batch elapsed: 3.55
batch elapsed: 3.52
batch elapsed: 3.55
batch elapsed: 3.56
batch elapsed: 3.52
batch elapsed: 3.54
batch elapsed: 3.42
batch elapsed: 3.54
batch elapsed: 3.57
batch elapsed: 3.53
batch elapsed: 3.53
batch elapsed: 3.53
batch elapsed: 3.58
batch elapsed: 3.56
batch elapsed: 3.54
batch elapsed: 3.57
batch elapsed: 3.58
batch elapsed: 3.53
batch elapsed: 3.49
batch elapsed: 3.50
batch elapsed: 3.54
batch elapsed: 3.59
batch elapsed: 3.65
batch elapsed: 3.50
batch elapsed: 3.46
batch elapsed: 3.51
batch elapsed: 3.43
batch elapsed: 3.57
batch elapsed: 3.56
batch elapsed: 3.56
batch elapsed: 3.54
batch elapsed: 3.58
batch elapsed: 3.53
batch elapsed: 3.57
batch elapsed: 3.54
batch elapsed: 3.54
batch elapsed: 3.59
batch elapsed: 3.59
batch elapsed: 3.53
batch elapsed: 3.53
batch elapsed: 3.49
batch elapsed: 3.49
batch elapsed: 3.53
batch elapsed: 3.55
batch elapsed: 3.57
batch elapsed: 3.53
batch elapsed: 3.56
batch elapsed: 3.53
batch elapsed: 3.55
batch elapsed: 3.55
batch elapsed: 3.57
batch elapsed: 3.57
batch elapsed: 3.59
batch elapsed: 3.54
batch elapsed: 3.48
batch elapsed: 3.54
batch elapsed: 3.56
batch elapsed: 3.56
batch elapsed: 3.54
batch elapsed: 3.54
batch elapsed: 3.53
batch elapsed: 3.55
batch elapsed: 3.62
batch elapsed: 3.58
batch elapsed: 3.56
batch elapsed: 3.51
batch elapsed: 3.54
batch elapsed: 3.55
batch elapsed: 3.53
batch elapsed: 3.54
batch elapsed: 3.55
batch elapsed: 3.56
batch elapsed: 3.54
batch elapsed: 3.52
batch elapsed: 3.58
batch elapsed: 3.53
batch elapsed: 3.56
batch elapsed: 3.53
batch elapsed: 3.57
batch elapsed: 3.58
batch elapsed: 3.51
batch elapsed: 3.57
batch elapsed: 3.55
batch elapsed: 3.53
batch elapsed: 3.52
batch elapsed: 3.45
batch elapsed: 3.47
batch elapsed: 3.54
batch elapsed: 3.53
batch elapsed: 3.53
batch elapsed: 3.51
batch elapsed: 3.56
batch elapsed: 3.54
batch elapsed: 3.56
batch elapsed: 3.55
batch elapsed: 3.56
batch elapsed: 3.54
batch elapsed: 3.48
batch elapsed: 3.51
batch elapsed: 3.49
batch elapsed: 3.52
batch elapsed: 3.57
batch elapsed: 3.46
batch elapsed: 3.57
batch elapsed: 3.56
batch elapsed: 3.56
batch elapsed: 3.54
batch elapsed: 3.54
batch elapsed: 3.51
batch elapsed: 3.57
batch elapsed: 3.56
batch elapsed: 3.56
batch elapsed: 3.53
batch elapsed: 3.55
batch elapsed: 3.58
batch elapsed: 3.58
batch elapsed: 3.55
batch elapsed: 3.60
batch elapsed: 3.57
batch elapsed: 3.61
batch elapsed: 3.56
batch elapsed: 3.50
batch elapsed: 3.52
batch elapsed: 3.58
batch elapsed: 3.55
batch elapsed: 3.55
batch elapsed: 3.55
batch elapsed: 3.54
batch elapsed: 3.52
batch elapsed: 3.62
batch elapsed: 3.55
batch elapsed: 3.54
batch elapsed: 3.57
batch elapsed: 3.56
batch elapsed: 3.55
batch elapsed: 3.53
batch elapsed: 3.57
batch elapsed: 3.55
batch elapsed: 3.52
batch elapsed: 3.59
batch elapsed: 3.55
batch elapsed: 3.53
batch elapsed: 3.54
batch elapsed: 3.54
batch elapsed: 3.57
batch elapsed: 3.57
batch elapsed: 3.55
batch elapsed: 3.57
batch elapsed: 3.56
batch elapsed: 3.55
batch elapsed: 3.56
batch elapsed: 3.57
batch elapsed: 3.54
batch elapsed: 3.60
batch elapsed: 3.53
batch elapsed: 3.55
batch elapsed: 3.48
batch elapsed: 3.53
batch elapsed: 3.53
batch elapsed: 3.54
batch elapsed: 3.55
batch elapsed: 3.57
batch elapsed: 3.55
batch elapsed: 3.54
batch elapsed: 3.56
batch elapsed: 3.52
batch elapsed: 3.60
batch elapsed: 3.59
batch elapsed: 3.53
batch elapsed: 3.50
batch elapsed: 3.55
batch elapsed: 3.57
batch elapsed: 3.57
batch elapsed: 3.51
batch elapsed: 3.56
batch elapsed: 3.52
batch elapsed: 3.48
batch elapsed: 3.48
batch elapsed: 3.56
batch elapsed: 3.57
batch elapsed: 3.56
batch elapsed: 3.52
batch elapsed: 3.54
batch elapsed: 3.50
batch elapsed: 3.56
batch elapsed: 3.57
batch elapsed: 3.53
batch elapsed: 3.54
batch elapsed: 3.54
batch elapsed: 3.54
batch elapsed: 3.58
batch elapsed: 3.56
batch elapsed: 3.60
batch elapsed: 3.57
batch elapsed: 3.57
batch elapsed: 3.56
batch elapsed: 3.56
batch elapsed: 3.55
batch elapsed: 3.52
batch elapsed: 3.55
batch elapsed: 3.59
batch elapsed: 3.57
batch elapsed: 3.63
batch elapsed: 3.54
batch elapsed: 3.54
batch elapsed: 3.54
batch elapsed: 3.53
batch elapsed: 3.48
batch elapsed: 3.42
batch elapsed: 3.58
batch elapsed: 3.54
batch elapsed: 3.49
batch elapsed: 3.49
batch elapsed: 3.54
batch elapsed: 3.54
batch elapsed: 3.55
batch elapsed: 3.57
batch elapsed: 3.55
batch elapsed: 3.57
batch elapsed: 3.54
batch elapsed: 3.55
batch elapsed: 3.58
batch elapsed: 3.52
batch elapsed: 3.52
batch elapsed: 3.55
batch elapsed: 3.55
batch elapsed: 3.59
batch elapsed: 3.57
batch elapsed: 3.56
batch elapsed: 3.54
batch elapsed: 3.54
batch elapsed: 3.55
batch elapsed: 3.59
batch elapsed: 3.55
batch elapsed: 3.55
batch elapsed: 3.54
batch elapsed: 3.53
batch elapsed: 3.55
batch elapsed: 3.41
batch elapsed: 3.53
batch elapsed: 3.57
batch elapsed: 3.52
batch elapsed: 3.54
batch elapsed: 3.55
batch elapsed: 3.49
batch elapsed: 3.59
batch elapsed: 3.53
batch elapsed: 3.55
batch elapsed: 3.59
batch elapsed: 3.55
batch elapsed: 3.58
batch elapsed: 3.57
batch elapsed: 3.53
batch elapsed: 3.51
batch elapsed: 3.51
batch elapsed: 3.56
batch elapsed: 3.56
batch elapsed: 3.53
batch elapsed: 3.56
batch elapsed: 3.58
batch elapsed: 3.55
batch elapsed: 3.52
batch elapsed: 3.54
batch elapsed: 3.58
batch elapsed: 3.58
batch elapsed: 3.55
batch elapsed: 3.49
batch elapsed: 3.53
batch elapsed: 3.51
batch elapsed: 3.54
batch elapsed: 3.55
batch elapsed: 3.61
batch elapsed: 3.56
batch elapsed: 3.53
batch elapsed: 3.57
batch elapsed: 3.48
batch elapsed: 3.56
batch elapsed: 3.55
batch elapsed: 3.56
batch elapsed: 3.57
batch elapsed: 3.51
batch elapsed: 3.55
batch elapsed: 3.54
batch elapsed: 3.53
batch elapsed: 3.48
batch elapsed: 3.55
batch elapsed: 3.52
batch elapsed: 3.52
batch elapsed: 3.57
batch elapsed: 3.53
batch elapsed: 3.51
batch elapsed: 3.62
batch elapsed: 3.59
batch elapsed: 3.56
batch elapsed: 3.53
batch elapsed: 3.56
batch elapsed: 3.55
batch elapsed: 3.48
batch elapsed: 3.55
batch elapsed: 3.58
batch elapsed: 3.53
batch elapsed: 3.56
batch elapsed: 3.57
batch elapsed: 3.58
batch elapsed: 3.55
batch elapsed: 3.53
batch elapsed: 3.57
batch elapsed: 3.55
batch elapsed: 3.54
batch elapsed: 3.52
batch elapsed: 3.54
batch elapsed: 3.51
batch elapsed: 3.54
batch elapsed: 3.55
batch elapsed: 3.55
batch elapsed: 3.57
batch elapsed: 3.54
batch elapsed: 3.56
batch elapsed: 3.57
batch elapsed: 3.57
batch elapsed: 3.54
batch elapsed: 3.57
batch elapsed: 3.54
batch elapsed: 3.56
batch elapsed: 3.60
batch elapsed: 3.56
batch elapsed: 3.56
batch elapsed: 3.57
batch elapsed: 3.59
batch elapsed: 3.58
batch elapsed: 3.49
batch elapsed: 3.55
batch elapsed: 3.51
batch elapsed: 3.56
batch elapsed: 3.54
batch elapsed: 3.57
batch elapsed: 3.57
batch elapsed: 3.63
batch elapsed: 3.51
batch elapsed: 3.47
batch elapsed: 3.46
batch elapsed: 3.49
batch elapsed: 3.53
batch elapsed: 3.51
batch elapsed: 3.51
batch elapsed: 3.53
batch elapsed: 3.52
batch elapsed: 3.60
batch elapsed: 3.54
batch elapsed: 3.59
batch elapsed: 3.56
batch elapsed: 3.55
batch elapsed: 3.56
batch elapsed: 3.53
batch elapsed: 3.54
batch elapsed: 3.54
batch elapsed: 3.57
batch elapsed: 3.60
batch elapsed: 3.55
batch elapsed: 3.59
batch elapsed: 3.62
batch elapsed: 3.57
batch elapsed: 3.59
batch elapsed: 3.58
batch elapsed: 3.57
batch elapsed: 3.58
batch elapsed: 3.56
batch elapsed: 3.56
batch elapsed: 3.44
batch elapsed: 3.55
batch elapsed: 3.54
batch elapsed: 3.52
batch elapsed: 3.59
batch elapsed: 3.57
batch elapsed: 3.54
batch elapsed: 3.52
batch elapsed: 3.55
batch elapsed: 3.60
batch elapsed: 3.51
batch elapsed: 3.54
batch elapsed: 3.53
batch elapsed: 3.56
batch elapsed: 3.55
batch elapsed: 3.54
batch elapsed: 3.53
batch elapsed: 3.54
batch elapsed: 3.59
batch elapsed: 3.54
batch elapsed: 3.54
batch elapsed: 3.55
batch elapsed: 3.50
batch elapsed: 3.49
batch elapsed: 3.60
batch elapsed: 3.49
batch elapsed: 3.52
batch elapsed: 3.40
batch elapsed: 3.35
batch elapsed: 3.49
batch elapsed: 3.51
batch elapsed: 3.53
batch elapsed: 3.56
batch elapsed: 3.54
batch elapsed: 3.50
batch elapsed: 3.52
batch elapsed: 3.52
batch elapsed: 3.46
batch elapsed: 3.46
batch elapsed: 3.54
batch elapsed: 3.55
batch elapsed: 3.53
batch elapsed: 3.53
batch elapsed: 3.56
batch elapsed: 3.55
batch elapsed: 3.52
batch elapsed: 3.55
batch elapsed: 3.52
batch elapsed: 3.56
batch elapsed: 3.55
batch elapsed: 3.53
batch elapsed: 3.55
batch elapsed: 3.54
batch elapsed: 3.58
batch elapsed: 3.56
batch elapsed: 3.54
batch elapsed: 3.57
batch elapsed: 3.53
batch elapsed: 3.53
batch elapsed: 3.51
batch elapsed: 3.53
batch elapsed: 3.57
batch elapsed: 3.55
batch elapsed: 3.60
batch elapsed: 3.56
batch elapsed: 3.51
batch elapsed: 3.54
batch elapsed: 3.53
batch elapsed: 3.60
batch elapsed: 3.53
batch elapsed: 3.57
batch elapsed: 3.59
batch elapsed: 3.56
batch elapsed: 3.56
batch elapsed: 3.55
batch elapsed: 3.53
batch elapsed: 3.57
batch elapsed: 3.59
batch elapsed: 3.57
batch elapsed: 3.53
batch elapsed: 3.56
batch elapsed: 3.53
batch elapsed: 3.55
batch elapsed: 3.56
batch elapsed: 3.56
batch elapsed: 3.53
batch elapsed: 3.55
batch elapsed: 3.55
batch elapsed: 3.53
batch elapsed: 3.57
batch elapsed: 3.54
batch elapsed: 3.59
batch elapsed: 3.56
batch elapsed: 3.52
batch elapsed: 3.54
batch elapsed: 3.53
batch elapsed: 3.56
batch elapsed: 3.56
batch elapsed: 3.55
batch elapsed: 3.54
batch elapsed: 3.54
batch elapsed: 3.52
batch elapsed: 3.60
batch elapsed: 3.55
batch elapsed: 3.58
batch elapsed: 3.56
batch elapsed: 3.53
batch elapsed: 3.57
batch elapsed: 3.55
batch elapsed: 3.52
batch elapsed: 3.55
batch elapsed: 3.53
batch elapsed: 3.58
batch elapsed: 3.52
batch elapsed: 3.55
batch elapsed: 3.57
batch elapsed: 3.54
batch elapsed: 3.59
batch elapsed: 3.57
batch elapsed: 3.57
batch elapsed: 3.57
batch elapsed: 3.54
batch elapsed: 3.59
batch elapsed: 3.52
batch elapsed: 3.59
batch elapsed: 3.43
batch elapsed: 3.57
batch elapsed: 3.46
batch elapsed: 3.53
batch elapsed: 3.50
batch elapsed: 3.57
batch elapsed: 3.59
batch elapsed: 3.57
batch elapsed: 3.55
batch elapsed: 3.55
batch elapsed: 3.61
batch elapsed: 3.54
batch elapsed: 3.56
batch elapsed: 3.57
batch elapsed: 3.53
batch elapsed: 3.52
batch elapsed: 3.56
batch elapsed: 3.51
batch elapsed: 3.56
batch elapsed: 3.57
batch elapsed: 3.56
batch elapsed: 3.54
batch elapsed: 3.55
batch elapsed: 3.46
batch elapsed: 3.52
batch elapsed: 3.59
batch elapsed: 3.57
batch elapsed: 3.55
batch elapsed: 3.51
batch elapsed: 3.53
batch elapsed: 3.52
batch elapsed: 3.56
batch elapsed: 3.54
batch elapsed: 3.63
batch elapsed: 3.59
batch elapsed: 3.50
batch elapsed: 3.50
batch elapsed: 3.53
batch elapsed: 3.57
batch elapsed: 3.58
batch elapsed: 3.53
batch elapsed: 3.55
batch elapsed: 3.54
batch elapsed: 3.53
batch elapsed: 3.54
batch elapsed: 3.62
batch elapsed: 3.54
batch elapsed: 3.54
batch elapsed: 3.55
batch elapsed: 3.58
batch elapsed: 3.53
batch elapsed: 3.57
batch elapsed: 3.55
batch elapsed: 3.56
batch elapsed: 3.53
batch elapsed: 3.58
batch elapsed: 3.54
batch elapsed: 3.52
batch elapsed: 3.54
batch elapsed: 3.58
batch elapsed: 3.57
batch elapsed: 3.54
batch elapsed: 3.57
batch elapsed: 3.56
batch elapsed: 3.55
batch elapsed: 3.56
batch elapsed: 3.57
batch elapsed: 3.61
batch elapsed: 3.56
batch elapsed: 3.58
batch elapsed: 3.54
batch elapsed: 3.47
batch elapsed: 3.37
batch elapsed: 3.48
batch elapsed: 3.58
batch elapsed: 3.53
batch elapsed: 3.59
batch elapsed: 3.56
batch elapsed: 3.56
batch elapsed: 3.54
batch elapsed: 3.52
batch elapsed: 3.56
batch elapsed: 3.60
batch elapsed: 3.57
batch elapsed: 3.48
batch elapsed: 3.53
batch elapsed: 3.57
batch elapsed: 3.54
batch elapsed: 3.56
batch elapsed: 3.54
batch elapsed: 3.54
batch elapsed: 3.50
batch elapsed: 3.48
batch elapsed: 3.50
batch elapsed: 3.53
batch elapsed: 3.58
batch elapsed: 3.54
batch elapsed: 3.53
batch elapsed: 3.56
batch elapsed: 3.55
batch elapsed: 3.60
batch elapsed: 3.54
batch elapsed: 3.51
batch elapsed: 3.55
batch elapsed: 3.54
batch elapsed: 3.54
batch elapsed: 3.61
batch elapsed: 3.55
batch elapsed: 3.53
batch elapsed: 3.58
batch elapsed: 3.56
batch elapsed: 3.56
batch elapsed: 3.59
batch elapsed: 3.60
batch elapsed: 3.54
batch elapsed: 3.58
batch elapsed: 3.58
batch elapsed: 3.60
batch elapsed: 3.52
batch elapsed: 3.54
batch elapsed: 3.55
batch elapsed: 3.52
batch elapsed: 3.56
batch elapsed: 3.54
batch elapsed: 3.56
batch elapsed: 3.54
batch elapsed: 3.51
batch elapsed: 3.52
batch elapsed: 3.43
batch elapsed: 3.55
batch elapsed: 3.52
batch elapsed: 3.56
batch elapsed: 3.57
batch elapsed: 3.54
batch elapsed: 3.56
batch elapsed: 3.53
batch elapsed: 3.53
batch elapsed: 3.43
batch elapsed: 3.52
batch elapsed: 3.53
batch elapsed: 3.60
batch elapsed: 3.58
batch elapsed: 3.57
batch elapsed: 3.58
batch elapsed: 3.53
batch elapsed: 3.54
batch elapsed: 3.55
batch elapsed: 3.57
batch elapsed: 3.57
batch elapsed: 3.55
batch elapsed: 3.45
batch elapsed: 3.51
batch elapsed: 3.55
batch elapsed: 3.53
batch elapsed: 3.54
batch elapsed: 3.59
batch elapsed: 3.56
batch elapsed: 3.59
batch elapsed: 3.53
batch elapsed: 3.53
batch elapsed: 3.51
batch elapsed: 3.58
batch elapsed: 3.53
batch elapsed: 3.59
batch elapsed: 3.58
batch elapsed: 3.55
batch elapsed: 3.53
batch elapsed: 3.54
batch elapsed: 3.52
batch elapsed: 3.49
batch elapsed: 3.53
batch elapsed: 3.55
batch elapsed: 3.56
batch elapsed: 3.53
batch elapsed: 3.55
batch elapsed: 3.61
batch elapsed: 3.53
batch elapsed: 3.55
batch elapsed: 3.53
batch elapsed: 3.59
batch elapsed: 3.58
batch elapsed: 3.53
batch elapsed: 3.54
batch elapsed: 3.59
batch elapsed: 3.50
batch elapsed: 3.53
batch elapsed: 3.49
batch elapsed: 3.57
batch elapsed: 3.56
batch elapsed: 3.52
batch elapsed: 3.55
batch elapsed: 3.56
batch elapsed: 3.56
batch elapsed: 3.55
batch elapsed: 3.56
batch elapsed: 3.54
batch elapsed: 3.54
batch elapsed: 3.54
batch elapsed: 3.55
batch elapsed: 3.39
batch elapsed: 3.51
batch elapsed: 3.56
batch elapsed: 3.49
batch elapsed: 3.53
batch elapsed: 3.57
batch elapsed: 3.54
batch elapsed: 3.48
batch elapsed: 3.60
batch elapsed: 3.58
batch elapsed: 3.56
batch elapsed: 3.53
batch elapsed: 3.55
batch elapsed: 3.53
batch elapsed: 3.56
batch elapsed: 3.54
batch elapsed: 3.53
batch elapsed: 3.54
batch elapsed: 3.56
batch elapsed: 3.56
batch elapsed: 3.59
batch elapsed: 3.55
batch elapsed: 3.53
batch elapsed: 3.57
batch elapsed: 3.55
batch elapsed: 3.54
batch elapsed: 3.52
batch elapsed: 3.54
batch elapsed: 3.51
batch elapsed: 3.54
batch elapsed: 3.56
batch elapsed: 3.55
batch elapsed: 3.56
batch elapsed: 3.55
batch elapsed: 3.55
batch elapsed: 3.58
batch elapsed: 3.50
batch elapsed: 3.55
batch elapsed: 3.51
batch elapsed: 3.54
batch elapsed: 3.56
batch elapsed: 3.60
batch elapsed: 3.56
batch elapsed: 3.54
batch elapsed: 3.58
batch elapsed: 3.60
batch elapsed: 3.57
batch elapsed: 3.51
batch elapsed: 3.51
batch elapsed: 3.54
batch elapsed: 3.60
batch elapsed: 3.56
batch elapsed: 3.56
batch elapsed: 3.58
batch elapsed: 3.61
batch elapsed: 3.52
batch elapsed: 3.53
batch elapsed: 3.62
batch elapsed: 3.54
batch elapsed: 3.52
batch elapsed: 3.48
batch elapsed: 3.43
batch elapsed: 3.44
batch elapsed: 3.52
batch elapsed: 3.56
batch elapsed: 3.58
batch elapsed: 3.54
batch elapsed: 3.56
batch elapsed: 3.55
batch elapsed: 3.55
batch elapsed: 3.39
batch elapsed: 3.52
batch elapsed: 3.54
batch elapsed: 3.58
batch elapsed: 3.60
batch elapsed: 3.56
batch elapsed: 3.63
batch elapsed: 3.59
batch elapsed: 3.57
batch elapsed: 3.55
batch elapsed: 3.51
batch elapsed: 3.51
batch elapsed: 3.53
batch elapsed: 3.55
batch elapsed: 3.57
batch elapsed: 3.54
batch elapsed: 3.55
batch elapsed: 3.55
batch elapsed: 3.52
batch elapsed: 3.58
batch elapsed: 3.56
batch elapsed: 3.56
batch elapsed: 3.51
batch elapsed: 3.57
batch elapsed: 3.54
batch elapsed: 3.56
batch elapsed: 3.54
batch elapsed: 3.54
batch elapsed: 3.56
batch elapsed: 3.55
batch elapsed: 3.55
batch elapsed: 3.52
batch elapsed: 3.62
batch elapsed: 3.56
batch elapsed: 3.55
batch elapsed: 3.52
batch elapsed: 3.55
batch elapsed: 3.51
batch elapsed: 3.49
batch elapsed: 3.54
batch elapsed: 3.49
batch elapsed: 3.52
batch elapsed: 3.57
batch elapsed: 3.54
batch elapsed: 3.54
batch elapsed: 3.57
batch elapsed: 3.54
batch elapsed: 3.54
batch elapsed: 3.57
batch elapsed: 3.60
batch elapsed: 3.43
batch elapsed: 3.55
batch elapsed: 3.50
batch elapsed: 3.53
batch elapsed: 3.53
batch elapsed: 3.50
batch elapsed: 3.54
batch elapsed: 3.53
batch elapsed: 3.57
batch elapsed: 3.52
batch elapsed: 3.53
batch elapsed: 3.56
batch elapsed: 3.57
batch elapsed: 3.57
batch elapsed: 3.53
batch elapsed: 3.54
batch elapsed: 3.54
batch elapsed: 3.54
batch elapsed: 3.58
batch elapsed: 3.54
batch elapsed: 3.55
batch elapsed: 3.59
batch elapsed: 3.56
batch elapsed: 3.54
batch elapsed: 3.49
batch elapsed: 3.54
batch elapsed: 3.52
batch elapsed: 3.54
batch elapsed: 3.52
batch elapsed: 3.50
batch elapsed: 3.46
batch elapsed: 3.55
batch elapsed: 3.44
batch elapsed: 3.60
batch elapsed: 3.58
batch elapsed: 3.55
batch elapsed: 3.56
batch elapsed: 3.56
batch elapsed: 3.54
batch elapsed: 3.55
batch elapsed: 3.60
batch elapsed: 3.56
batch elapsed: 3.60
batch elapsed: 3.55
batch elapsed: 3.52
batch elapsed: 3.58
batch elapsed: 3.54
batch elapsed: 3.55
batch elapsed: 3.56
batch elapsed: 3.56
batch elapsed: 3.54
batch elapsed: 3.54
batch elapsed: 3.55
batch elapsed: 3.54
batch elapsed: 3.56
batch elapsed: 3.54
batch elapsed: 3.58
batch elapsed: 3.55
batch elapsed: 3.54
batch elapsed: 3.54
batch elapsed: 3.53
batch elapsed: 3.49
batch elapsed: 3.58
batch elapsed: 3.56
batch elapsed: 3.53
batch elapsed: 3.54
batch elapsed: 3.53
batch elapsed: 3.58
batch elapsed: 3.56
batch elapsed: 3.57
batch elapsed: 3.56
batch elapsed: 3.47
batch elapsed: 3.57
batch elapsed: 3.54
batch elapsed: 3.53
batch elapsed: 3.55
batch elapsed: 3.54
batch elapsed: 3.56
batch elapsed: 3.57
batch elapsed: 3.56
batch elapsed: 3.55
batch elapsed: 3.56
batch elapsed: 3.52
batch elapsed: 3.57
batch elapsed: 3.58
batch elapsed: 3.57
batch elapsed: 3.54
batch elapsed: 3.60
batch elapsed: 3.56
batch elapsed: 3.54
batch elapsed: 3.46
batch elapsed: 3.48
batch elapsed: 3.46
batch elapsed: 3.53
batch elapsed: 3.51
batch elapsed: 3.56
batch elapsed: 3.55
batch elapsed: 3.55
batch elapsed: 3.56
batch elapsed: 3.55
batch elapsed: 3.51
batch elapsed: 3.53
batch elapsed: 3.56
batch elapsed: 3.52
batch elapsed: 3.48
batch elapsed: 3.51
batch elapsed: 3.50
batch elapsed: 3.52
batch elapsed: 3.56
batch elapsed: 3.56
batch elapsed: 3.56
batch elapsed: 3.55
batch elapsed: 3.54
batch elapsed: 3.35
batch elapsed: 3.52
batch elapsed: 3.55
batch elapsed: 3.56
batch elapsed: 3.55
batch elapsed: 3.53
batch elapsed: 3.54
batch elapsed: 3.56
batch elapsed: 3.57
batch elapsed: 3.55
batch elapsed: 3.60
batch elapsed: 3.55
batch elapsed: 3.61
batch elapsed: 3.56
batch elapsed: 3.52
batch elapsed: 3.58
batch elapsed: 3.57
batch elapsed: 3.54
batch elapsed: 3.54
batch elapsed: 3.55
batch elapsed: 3.53
batch elapsed: 3.53
batch elapsed: 3.57
batch elapsed: 3.54
batch elapsed: 3.55
batch elapsed: 3.54
batch elapsed: 3.53
batch elapsed: 3.55
batch elapsed: 3.55
batch elapsed: 3.56
batch elapsed: 3.57
batch elapsed: 3.56
batch elapsed: 3.58
batch elapsed: 3.53
batch elapsed: 3.55
batch elapsed: 3.52
batch elapsed: 3.57
batch elapsed: 3.57
batch elapsed: 3.57
batch elapsed: 3.55
batch elapsed: 3.56
batch elapsed: 3.55
batch elapsed: 3.57
batch elapsed: 3.57
batch elapsed: 3.56
batch elapsed: 3.56
batch elapsed: 3.57
batch elapsed: 3.53
batch elapsed: 3.54
batch elapsed: 3.53
batch elapsed: 3.53
batch elapsed: 3.58
batch elapsed: 3.53
batch elapsed: 3.60
batch elapsed: 3.56
batch elapsed: 3.56
batch elapsed: 3.60
batch elapsed: 3.51
batch elapsed: 3.57
batch elapsed: 3.61
batch elapsed: 3.56
batch elapsed: 3.48
batch elapsed: 3.53
batch elapsed: 3.59
batch elapsed: 3.54
batch elapsed: 3.54
batch elapsed: 3.56
batch elapsed: 3.53
batch elapsed: 3.50
batch elapsed: 3.49
batch elapsed: 3.39
batch elapsed: 3.46
batch elapsed: 3.58
batch elapsed: 3.53
batch elapsed: 3.53
batch elapsed: 3.56
batch elapsed: 3.55
batch elapsed: 3.61
batch elapsed: 3.59
batch elapsed: 3.51
batch elapsed: 3.55
batch elapsed: 3.54
batch elapsed: 3.53
batch elapsed: 3.60
batch elapsed: 3.49
batch elapsed: 3.53
batch elapsed: 3.58
batch elapsed: 3.57
batch elapsed: 3.55
batch elapsed: 3.60
batch elapsed: 3.59
batch elapsed: 3.55
batch elapsed: 3.58
batch elapsed: 3.57
batch elapsed: 3.60
batch elapsed: 3.52
batch elapsed: 3.54
batch elapsed: 3.55
batch elapsed: 3.51
batch elapsed: 3.56
batch elapsed: 3.54
batch elapsed: 3.55
batch elapsed: 3.55
batch elapsed: 3.52
batch elapsed: 3.52
batch elapsed: 3.54
batch elapsed: 3.54
batch elapsed: 3.53
batch elapsed: 3.56
batch elapsed: 3.58
batch elapsed: 3.55
batch elapsed: 3.53
batch elapsed: 3.55
batch elapsed: 3.54
batch elapsed: 3.54
batch elapsed: 3.51
batch elapsed: 3.54
batch elapsed: 3.54
batch elapsed: 3.58
batch elapsed: 3.57
batch elapsed: 3.58
batch elapsed: 3.54
batch elapsed: 3.52
batch elapsed: 3.57
batch elapsed: 3.64
batch elapsed: 3.53
batch elapsed: 3.57
batch elapsed: 3.55
batch elapsed: 3.52
batch elapsed: 3.55
batch elapsed: 3.58
batch elapsed: 3.51
batch elapsed: 3.56
batch elapsed: 3.48
batch elapsed: 3.55
batch elapsed: 3.54
batch elapsed: 3.53
batch elapsed: 3.50
batch elapsed: 3.56
batch elapsed: 3.46
batch elapsed: 3.55
batch elapsed: 3.30
batch elapsed: 3.54
batch elapsed: 3.55
batch elapsed: 3.55
batch elapsed: 3.60
batch elapsed: 3.58
batch elapsed: 3.56
batch elapsed: 3.56
batch elapsed: 3.57
batch elapsed: 3.56
batch elapsed: 3.57
batch elapsed: 3.56
batch elapsed: 3.55
batch elapsed: 3.54
batch elapsed: 3.53
batch elapsed: 3.53
batch elapsed: 3.55
batch elapsed: 3.56
batch elapsed: 3.56
batch elapsed: 3.58
batch elapsed: 3.56
batch elapsed: 3.58
batch elapsed: 3.48
batch elapsed: 3.56
batch elapsed: 3.54
batch elapsed: 3.57
batch elapsed: 3.51
batch elapsed: 3.53
batch elapsed: 3.50
batch elapsed: 3.53
batch elapsed: 3.57
batch elapsed: 3.56
batch elapsed: 3.57
batch elapsed: 3.57
batch elapsed: 3.49
batch elapsed: 3.55
batch elapsed: 3.57
batch elapsed: 3.53
batch elapsed: 3.54
batch elapsed: 3.57
batch elapsed: 3.57
batch elapsed: 3.53
batch elapsed: 3.58
batch elapsed: 3.54
batch elapsed: 3.50
batch elapsed: 3.52
batch elapsed: 3.52
batch elapsed: 3.54
batch elapsed: 3.51
batch elapsed: 3.33
batch elapsed: 3.27
batch elapsed: 3.38
batch elapsed: 3.53
batch elapsed: 3.53
batch elapsed: 3.56
batch elapsed: 3.54
batch elapsed: 3.53
batch elapsed: 3.55
batch elapsed: 3.54
batch elapsed: 3.56
batch elapsed: 3.53
batch elapsed: 3.56
batch elapsed: 3.53
batch elapsed: 3.52
batch elapsed: 3.59
batch elapsed: 3.55
batch elapsed: 3.57
batch elapsed: 3.57
batch elapsed: 3.56
batch elapsed: 3.56
batch elapsed: 3.57
batch elapsed: 3.53
batch elapsed: 3.53
batch elapsed: 3.52
batch elapsed: 3.52
batch elapsed: 3.56
batch elapsed: 3.56
batch elapsed: 3.55
batch elapsed: 3.50
batch elapsed: 3.57
batch elapsed: 3.57
batch elapsed: 3.57
batch elapsed: 3.54
batch elapsed: 3.56
batch elapsed: 3.55
batch elapsed: 3.54
batch elapsed: 3.55
batch elapsed: 3.57
batch elapsed: 3.57
batch elapsed: 3.32
batch elapsed: 3.52
batch elapsed: 3.55
batch elapsed: 3.55
batch elapsed: 3.55
batch elapsed: 3.55
batch elapsed: 3.55
batch elapsed: 3.54
batch elapsed: 3.55
batch elapsed: 3.35
batch elapsed: 3.39
batch elapsed: 3.54
batch elapsed: 3.55
batch elapsed: 3.58
batch elapsed: 3.49
batch elapsed: 3.51
batch elapsed: 3.53
batch elapsed: 3.51
batch elapsed: 3.57
batch elapsed: 3.54
batch elapsed: 3.54
batch elapsed: 3.58
batch elapsed: 3.56
batch elapsed: 3.57
batch elapsed: 3.56
batch elapsed: 3.54
batch elapsed: 3.55
batch elapsed: 3.56
batch elapsed: 3.56
batch elapsed: 3.61
batch elapsed: 3.56
batch elapsed: 3.56
batch elapsed: 3.59
batch elapsed: 3.55
batch elapsed: 3.52
batch elapsed: 3.56
batch elapsed: 3.51
batch elapsed: 3.56
batch elapsed: 3.50
batch elapsed: 3.51
batch elapsed: 3.56
batch elapsed: 3.51
batch elapsed: 3.52
batch elapsed: 3.57
batch elapsed: 3.47
batch elapsed: 3.44
batch elapsed: 3.57
batch elapsed: 3.56
batch elapsed: 3.50
batch elapsed: 3.56
batch elapsed: 3.59
batch elapsed: 3.55
batch elapsed: 3.59
batch elapsed: 3.58
batch elapsed: 3.55
batch elapsed: 3.51
batch elapsed: 3.56
batch elapsed: 3.54
batch elapsed: 3.59
batch elapsed: 3.54
batch elapsed: 3.46
batch elapsed: 3.57
batch elapsed: 3.56
batch elapsed: 3.55
batch elapsed: 3.53
batch elapsed: 3.54
batch elapsed: 3.54
batch elapsed: 3.53
batch elapsed: 3.59
batch elapsed: 3.57
batch elapsed: 3.57
batch elapsed: 3.55
batch elapsed: 3.56
batch elapsed: 3.54
batch elapsed: 3.56
batch elapsed: 3.51
batch elapsed: 3.57
batch elapsed: 3.53
batch elapsed: 3.52
batch elapsed: 3.55
batch elapsed: 3.56
batch elapsed: 3.56
batch elapsed: 3.55
batch elapsed: 3.52
batch elapsed: 3.54
batch elapsed: 3.56
batch elapsed: 3.56
batch elapsed: 3.61
batch elapsed: 3.55
batch elapsed: 3.57
batch elapsed: 3.56
batch elapsed: 3.55
batch elapsed: 3.51
batch elapsed: 3.53
batch elapsed: 3.54
batch elapsed: 3.53
batch elapsed: 3.56
batch elapsed: 3.57
batch elapsed: 3.53
batch elapsed: 3.52
batch elapsed: 3.54
batch elapsed: 3.56
batch elapsed: 3.54
batch elapsed: 3.56
batch elapsed: 3.53
batch elapsed: 3.52
batch elapsed: 3.53
batch elapsed: 3.52
batch elapsed: 3.58
batch elapsed: 3.56
batch elapsed: 3.59
batch elapsed: 3.53
batch elapsed: 3.50
batch elapsed: 3.54
batch elapsed: 3.56
batch elapsed: 3.54
batch elapsed: 3.56
batch elapsed: 3.55
batch elapsed: 3.53
batch elapsed: 3.51
batch elapsed: 3.56
batch elapsed: 3.54
batch elapsed: 3.50
batch elapsed: 3.53
batch elapsed: 3.59
batch elapsed: 3.54
batch elapsed: 3.58
batch elapsed: 3.60
batch elapsed: 3.50
batch elapsed: 3.55
batch elapsed: 3.51
batch elapsed: 3.55
batch elapsed: 3.56
batch elapsed: 3.59
batch elapsed: 3.54
batch elapsed: 3.66
batch elapsed: 3.56
batch elapsed: 3.53
batch elapsed: 3.51
batch elapsed: 3.49
batch elapsed: 3.42
batch elapsed: 3.59
batch elapsed: 3.52
batch elapsed: 3.54
batch elapsed: 3.58
batch elapsed: 3.51
batch elapsed: 3.54
batch elapsed: 3.55
batch elapsed: 3.53
batch elapsed: 3.56
batch elapsed: 3.55
batch elapsed: 3.54
batch elapsed: 3.52
batch elapsed: 3.58
batch elapsed: 3.55
batch elapsed: 3.54
batch elapsed: 3.55
batch elapsed: 3.55
batch elapsed: 3.53
batch elapsed: 3.53
batch elapsed: 3.57
batch elapsed: 3.54
batch elapsed: 3.56
batch elapsed: 3.57
batch elapsed: 3.60
batch elapsed: 3.54
batch elapsed: 3.52
batch elapsed: 3.57
batch elapsed: 3.57
batch elapsed: 3.52
batch elapsed: 3.53
batch elapsed: 3.54
batch elapsed: 3.56
batch elapsed: 3.63
batch elapsed: 3.54
batch elapsed: 3.52
batch elapsed: 3.54
batch elapsed: 3.56
batch elapsed: 3.61
batch elapsed: 3.59
batch elapsed: 3.55
batch elapsed: 3.57
batch elapsed: 3.52
batch elapsed: 3.41
batch elapsed: 3.55
batch elapsed: 3.56
batch elapsed: 3.59
batch elapsed: 3.57
batch elapsed: 3.56
batch elapsed: 3.56
batch elapsed: 3.54
batch elapsed: 3.57
batch elapsed: 3.45
batch elapsed: 3.47
batch elapsed: 3.56
batch elapsed: 3.58
batch elapsed: 3.53
batch elapsed: 3.54
batch elapsed: 3.50
batch elapsed: 3.56
batch elapsed: 3.55
batch elapsed: 3.53
batch elapsed: 3.51
batch elapsed: 3.51
batch elapsed: 3.53
batch elapsed: 3.53
batch elapsed: 3.56
batch elapsed: 3.58
batch elapsed: 3.56
batch elapsed: 3.53
batch elapsed: 3.56
batch elapsed: 3.54
batch elapsed: 3.54
batch elapsed: 3.53
batch elapsed: 3.51
batch elapsed: 3.52
batch elapsed: 3.58
batch elapsed: 3.57
batch elapsed: 3.57
batch elapsed: 3.55
batch elapsed: 3.52
batch elapsed: 3.61
batch elapsed: 3.55
batch elapsed: 3.55
batch elapsed: 3.51
batch elapsed: 3.55
batch elapsed: 3.55
batch elapsed: 3.58
batch elapsed: 3.55
batch elapsed: 3.54
batch elapsed: 3.56
batch elapsed: 3.62
batch elapsed: 3.63
batch elapsed: 3.55
batch elapsed: 3.49
batch elapsed: 3.53
batch elapsed: 3.54
batch elapsed: 3.55
batch elapsed: 3.56
batch elapsed: 3.54
batch elapsed: 3.55
batch elapsed: 3.56
batch elapsed: 3.59
batch elapsed: 3.55
batch elapsed: 3.52
batch elapsed: 3.52
batch elapsed: 3.56
batch elapsed: 3.54
batch elapsed: 3.55
batch elapsed: 3.53
batch elapsed: 3.54
batch elapsed: 3.57
batch elapsed: 3.57
batch elapsed: 3.54
batch elapsed: 3.55
batch elapsed: 3.58
batch elapsed: 3.55
batch elapsed: 3.54
batch elapsed: 3.56
batch elapsed: 3.53
batch elapsed: 3.53
batch elapsed: 3.56
batch elapsed: 3.56
batch elapsed: 3.57
batch elapsed: 3.57
batch elapsed: 3.56
batch elapsed: 3.53
batch elapsed: 3.55
batch elapsed: 3.53
batch elapsed: 3.59
batch elapsed: 3.52
batch elapsed: 3.56
batch elapsed: 3.58
batch elapsed: 3.56
batch elapsed: 3.54
batch elapsed: 3.57
batch elapsed: 3.53
batch elapsed: 3.61
batch elapsed: 3.52
batch elapsed: 3.59
batch elapsed: 3.55
batch elapsed: 3.56
batch elapsed: 3.56
batch elapsed: 3.51
batch elapsed: 3.57
batch elapsed: 3.53
batch elapsed: 3.50
batch elapsed: 3.57
batch elapsed: 3.55
batch elapsed: 3.57
batch elapsed: 3.55
batch elapsed: 3.63
batch elapsed: 3.52
batch elapsed: 3.52
batch elapsed: 3.60
batch elapsed: 3.52
batch elapsed: 3.56
batch elapsed: 3.55
batch elapsed: 3.54
batch elapsed: 3.54
batch elapsed: 3.54
batch elapsed: 3.53
batch elapsed: 3.52
batch elapsed: 3.52
batch elapsed: 3.51
batch elapsed: 3.51
batch elapsed: 3.53
batch elapsed: 3.52
batch elapsed: 3.54
batch elapsed: 3.52
batch elapsed: 3.54
batch elapsed: 3.51
batch elapsed: 3.49
batch elapsed: 3.46
batch elapsed: 3.53
batch elapsed: 3.50
batch elapsed: 3.56
batch elapsed: 3.53
batch elapsed: 3.56
batch elapsed: 3.50
batch elapsed: 3.55
batch elapsed: 3.54
batch elapsed: 3.57
batch elapsed: 3.55
batch elapsed: 3.52
batch elapsed: 3.53
batch elapsed: 3.57
batch elapsed: 3.57
batch elapsed: 3.56
batch elapsed: 3.58
batch elapsed: 3.56
batch elapsed: 3.55
batch elapsed: 3.55
batch elapsed: 3.52
batch elapsed: 3.53
batch elapsed: 3.55
batch elapsed: 3.56
batch elapsed: 3.57
batch elapsed: 3.62
batch elapsed: 3.58
batch elapsed: 3.57
batch elapsed: 3.55
batch elapsed: 3.50
batch elapsed: 3.53
batch elapsed: 3.56
batch elapsed: 3.56
batch elapsed: 3.43
batch elapsed: 3.49
batch elapsed: 3.51
batch elapsed: 3.55
batch elapsed: 3.50
batch elapsed: 3.54
batch elapsed: 3.55
batch elapsed: 3.53
batch elapsed: 3.46
batch elapsed: 3.56
batch elapsed: 3.57
batch elapsed: 3.52
batch elapsed: 3.55
batch elapsed: 3.57
batch elapsed: 3.54
batch elapsed: 3.57
batch elapsed: 3.55
batch elapsed: 3.51
batch elapsed: 3.53
batch elapsed: 3.48
batch elapsed: 3.56
batch elapsed: 3.55
batch elapsed: 3.51
batch elapsed: 3.53
batch elapsed: 3.41
batch elapsed: 3.53
batch elapsed: 3.54
batch elapsed: 3.54
batch elapsed: 3.54
batch elapsed: 3.55
batch elapsed: 3.53
batch elapsed: 3.56
batch elapsed: 3.53
batch elapsed: 3.54
batch elapsed: 3.51
batch elapsed: 3.49
batch elapsed: 3.46
batch elapsed: 3.57
batch elapsed: 3.58
batch elapsed: 3.53
batch elapsed: 3.56
batch elapsed: 3.57
batch elapsed: 3.58
batch elapsed: 3.57
batch elapsed: 3.52
batch elapsed: 3.55
batch elapsed: 3.52
batch elapsed: 3.53
batch elapsed: 3.51
batch elapsed: 3.58
batch elapsed: 3.55
batch elapsed: 3.55
batch elapsed: 3.58
batch elapsed: 3.54
batch elapsed: 3.54
batch elapsed: 3.55
batch elapsed: 3.61
batch elapsed: 3.54
batch elapsed: 3.56
batch elapsed: 3.54
batch elapsed: 3.59
batch elapsed: 3.57
batch elapsed: 3.54
batch elapsed: 3.57
batch elapsed: 3.55
batch elapsed: 3.57
batch elapsed: 3.43
batch elapsed: 3.55
batch elapsed: 3.57
batch elapsed: 3.55
batch elapsed: 3.53
batch elapsed: 3.36
batch elapsed: 3.56
batch elapsed: 3.54
batch elapsed: 3.57
batch elapsed: 3.56
batch elapsed: 3.49
batch elapsed: 3.51
batch elapsed: 3.53
batch elapsed: 3.55
batch elapsed: 3.57
batch elapsed: 3.55
batch elapsed: 3.53
batch elapsed: 3.57
batch elapsed: 3.57
batch elapsed: 3.57
batch elapsed: 3.55
batch elapsed: 3.54
batch elapsed: 3.54
batch elapsed: 3.55
batch elapsed: 3.57
batch elapsed: 3.53
batch elapsed: 3.55
batch elapsed: 3.54
batch elapsed: 3.59
batch elapsed: 3.56
batch elapsed: 3.58
batch elapsed: 3.53
batch elapsed: 3.57
batch elapsed: 3.56
batch elapsed: 3.51
batch elapsed: 3.52
batch elapsed: 3.55
batch elapsed: 3.52
batch elapsed: 3.53
batch elapsed: 3.54
batch elapsed: 3.58
batch elapsed: 3.52
batch elapsed: 3.54
batch elapsed: 3.58
batch elapsed: 3.50
batch elapsed: 3.57
batch elapsed: 3.58
batch elapsed: 3.55
batch elapsed: 3.59
batch elapsed: 3.58
batch elapsed: 3.55
batch elapsed: 3.51
batch elapsed: 3.55
batch elapsed: 3.54
batch elapsed: 3.56
batch elapsed: 3.53
batch elapsed: 3.56
batch elapsed: 3.58
batch elapsed: 3.56
batch elapsed: 3.55
batch elapsed: 3.52
batch elapsed: 3.47
batch elapsed: 3.54
batch elapsed: 3.52
batch elapsed: 3.59
batch elapsed: 3.57
batch elapsed: 3.58
batch elapsed: 3.55
batch elapsed: 3.56
batch elapsed: 3.53
batch elapsed: 3.56
batch elapsed: 3.54
batch elapsed: 3.53
batch elapsed: 3.50
batch elapsed: 3.51
batch elapsed: 3.57
batch elapsed: 3.49
batch elapsed: 3.55
batch elapsed: 3.55
batch elapsed: 3.53
batch elapsed: 3.49
batch elapsed: 3.56
batch elapsed: 3.56
batch elapsed: 3.60
batch elapsed: 3.55
batch elapsed: 3.57
batch elapsed: 3.55
batch elapsed: 3.56
batch elapsed: 3.54
batch elapsed: 3.50
batch elapsed: 3.53
batch elapsed: 3.54
batch elapsed: 3.55
batch elapsed: 3.57
batch elapsed: 3.55
batch elapsed: 3.50
batch elapsed: 3.54
batch elapsed: 3.55
batch elapsed: 3.55
batch elapsed: 3.55
batch elapsed: 3.55
batch elapsed: 3.52
batch elapsed: 3.53
batch elapsed: 3.52
batch elapsed: 3.56
batch elapsed: 3.56
batch elapsed: 3.53
batch elapsed: 3.53
batch elapsed: 3.48
batch elapsed: 3.55
batch elapsed: 3.57
batch elapsed: 3.54
batch elapsed: 3.55
batch elapsed: 3.54
batch elapsed: 3.53
batch elapsed: 3.52
batch elapsed: 3.56
batch elapsed: 3.48
batch elapsed: 3.50
batch elapsed: 3.53
batch elapsed: 3.59
batch elapsed: 3.54
batch elapsed: 3.52
batch elapsed: 3.58
batch elapsed: 3.63
batch elapsed: 3.64
batch elapsed: 3.54
batch elapsed: 3.55
batch elapsed: 3.56
batch elapsed: 3.58
batch elapsed: 3.56
batch elapsed: 3.54
batch elapsed: 3.54
batch elapsed: 3.56
batch elapsed: 3.50
batch elapsed: 3.56
batch elapsed: 3.52
batch elapsed: 3.54
batch elapsed: 3.51
batch elapsed: 3.55
batch elapsed: 3.57
batch elapsed: 3.51
batch elapsed: 3.54
batch elapsed: 3.53
batch elapsed: 3.54
batch elapsed: 3.49
batch elapsed: 3.55
batch elapsed: 3.57
batch elapsed: 3.52
batch elapsed: 3.61
batch elapsed: 3.56
batch elapsed: 3.55
batch elapsed: 3.53
batch elapsed: 3.60
batch elapsed: 3.55
batch elapsed: 3.52
batch elapsed: 3.57
batch elapsed: 3.54
batch elapsed: 3.56
batch elapsed: 3.56
batch elapsed: 3.60
batch elapsed: 3.53
batch elapsed: 3.52
batch elapsed: 3.55
batch elapsed: 3.54
batch elapsed: 3.52
batch elapsed: 3.54
batch elapsed: 3.53
batch elapsed: 3.51
batch elapsed: 3.51
batch elapsed: 3.56
batch elapsed: 3.52
batch elapsed: 3.54
batch elapsed: 3.56
batch elapsed: 3.53
batch elapsed: 3.60
batch elapsed: 3.55
batch elapsed: 3.57
batch elapsed: 3.53
batch elapsed: 3.52
batch elapsed: 3.55
batch elapsed: 3.52
batch elapsed: 3.52
batch elapsed: 3.62
batch elapsed: 3.53
batch elapsed: 3.53
batch elapsed: 3.54
batch elapsed: 3.57
batch elapsed: 3.56
batch elapsed: 3.50
batch elapsed: 3.55
batch elapsed: 3.57
batch elapsed: 3.53
batch elapsed: 3.49
batch elapsed: 3.55
batch elapsed: 3.55
batch elapsed: 3.55
batch elapsed: 3.53
batch elapsed: 3.51
batch elapsed: 3.52
batch elapsed: 3.55
batch elapsed: 3.55
batch elapsed: 3.54
batch elapsed: 3.56
batch elapsed: 3.57
batch elapsed: 3.53
batch elapsed: 3.55
batch elapsed: 3.56
batch elapsed: 3.63
batch elapsed: 3.54
batch elapsed: 3.57
batch elapsed: 3.50
batch elapsed: 3.59
batch elapsed: 3.57
batch elapsed: 3.56
batch elapsed: 3.56
batch elapsed: 3.51
batch elapsed: 3.60
batch elapsed: 3.55
batch elapsed: 3.56
batch elapsed: 3.50
batch elapsed: 3.53
batch elapsed: 3.50
batch elapsed: 3.58
batch elapsed: 3.56
batch elapsed: 3.57
batch elapsed: 3.51
batch elapsed: 3.50
batch elapsed: 3.52
batch elapsed: 3.55
batch elapsed: 3.55
batch elapsed: 3.54
batch elapsed: 3.53
batch elapsed: 3.57
batch elapsed: 3.53
batch elapsed: 3.56
batch elapsed: 3.53
batch elapsed: 3.57
batch elapsed: 3.59
batch elapsed: 3.55
batch elapsed: 3.53
batch elapsed: 3.49
batch elapsed: 3.57
batch elapsed: 3.55
batch elapsed: 3.54
batch elapsed: 3.56
batch elapsed: 3.51
batch elapsed: 3.57
batch elapsed: 3.58
batch elapsed: 3.54
batch elapsed: 3.55
batch elapsed: 3.57
batch elapsed: 3.56
batch elapsed: 3.53
batch elapsed: 3.56
batch elapsed: 3.54
batch elapsed: 3.52
batch elapsed: 3.54
batch elapsed: 3.58
batch elapsed: 3.55
batch elapsed: 3.57
batch elapsed: 3.58
batch elapsed: 3.54
batch elapsed: 3.55
batch elapsed: 3.53
batch elapsed: 3.58
batch elapsed: 3.56
batch elapsed: 3.55
batch elapsed: 3.56
batch elapsed: 3.57
batch elapsed: 3.53
batch elapsed: 3.57
batch elapsed: 3.56
batch elapsed: 3.54
batch elapsed: 3.54
batch elapsed: 3.55
batch elapsed: 3.56
batch elapsed: 3.55
batch elapsed: 3.45
batch elapsed: 3.54
batch elapsed: 3.26
batch elapsed: 3.43
batch elapsed: 3.50
batch elapsed: 3.49
batch elapsed: 3.51
batch elapsed: 3.56
batch elapsed: 3.56
batch elapsed: 3.56
batch elapsed: 3.60
batch elapsed: 3.54
batch elapsed: 3.53
batch elapsed: 3.57
batch elapsed: 3.54
batch elapsed: 3.54
batch elapsed: 3.54
batch elapsed: 3.57
batch elapsed: 3.57
batch elapsed: 3.55
batch elapsed: 3.49
batch elapsed: 3.56
batch elapsed: 3.55
batch elapsed: 3.48
batch elapsed: 3.53
batch elapsed: 3.53
batch elapsed: 3.54
batch elapsed: 3.53
batch elapsed: 3.52
batch elapsed: 3.51
batch elapsed: 3.57
batch elapsed: 3.56
batch elapsed: 3.51
batch elapsed: 3.57
batch elapsed: 3.54
batch elapsed: 3.55
batch elapsed: 3.52
batch elapsed: 3.55
batch elapsed: 3.51
batch elapsed: 3.61
batch elapsed: 3.53
batch elapsed: 3.58
batch elapsed: 3.55
batch elapsed: 3.51
batch elapsed: 3.54
batch elapsed: 3.57
batch elapsed: 3.57
batch elapsed: 3.58
batch elapsed: 3.58
batch elapsed: 3.54
batch elapsed: 3.56
batch elapsed: 3.53
batch elapsed: 3.53
batch elapsed: 3.52
batch elapsed: 3.56
batch elapsed: 3.56
batch elapsed: 3.56
batch elapsed: 3.57
batch elapsed: 3.56
batch elapsed: 3.57
batch elapsed: 3.50
batch elapsed: 3.50
batch elapsed: 3.53
batch elapsed: 3.57
batch elapsed: 3.55
batch elapsed: 3.45
batch elapsed: 3.50
batch elapsed: 3.52
batch elapsed: 3.54
batch elapsed: 3.51
batch elapsed: 3.59
batch elapsed: 3.56
batch elapsed: 3.57
batch elapsed: 3.54
batch elapsed: 3.61
batch elapsed: 3.55
batch elapsed: 3.54
batch elapsed: 3.54
batch elapsed: 3.58
batch elapsed: 3.53
batch elapsed: 3.59
batch elapsed: 3.53
batch elapsed: 3.51
batch elapsed: 3.53
batch elapsed: 3.55
batch elapsed: 3.56
batch elapsed: 3.54
batch elapsed: 3.57
batch elapsed: 3.57
batch elapsed: 3.44
batch elapsed: 3.52
batch elapsed: 3.60
batch elapsed: 3.55
batch elapsed: 3.54
batch elapsed: 3.54
batch elapsed: 3.53
batch elapsed: 3.55
batch elapsed: 3.55
batch elapsed: 3.56
batch elapsed: 3.31
batch elapsed: 3.42
batch elapsed: 3.44
batch elapsed: 3.57
batch elapsed: 3.57
batch elapsed: 3.54
batch elapsed: 3.56
batch elapsed: 3.59
batch elapsed: 3.56
batch elapsed: 3.56
batch elapsed: 3.53
batch elapsed: 3.55
batch elapsed: 3.51
batch elapsed: 3.58
batch elapsed: 3.55
batch elapsed: 3.57
batch elapsed: 3.54
batch elapsed: 3.53
batch elapsed: 3.59
batch elapsed: 3.56
batch elapsed: 3.59
batch elapsed: 3.53
batch elapsed: 3.55
batch elapsed: 3.56
batch elapsed: 3.54
batch elapsed: 3.55
batch elapsed: 3.57
batch elapsed: 3.51
batch elapsed: 3.57
batch elapsed: 3.56
batch elapsed: 3.54
batch elapsed: 3.56
batch elapsed: 3.54
batch elapsed: 3.56
batch elapsed: 3.56
batch elapsed: 3.54
batch elapsed: 3.54
batch elapsed: 3.54
batch elapsed: 3.54
batch elapsed: 3.54
batch elapsed: 3.56
batch elapsed: 3.57
batch elapsed: 3.49
batch elapsed: 3.51
batch elapsed: 3.54
batch elapsed: 3.55
batch elapsed: 3.56
batch elapsed: 3.54
batch elapsed: 3.55
batch elapsed: 3.56
batch elapsed: 3.51
batch elapsed: 3.58
batch elapsed: 3.54
batch elapsed: 3.60
batch elapsed: 3.56
batch elapsed: 3.55
batch elapsed: 3.56
batch elapsed: 3.56
batch elapsed: 3.55
batch elapsed: 3.56
batch elapsed: 3.59
batch elapsed: 3.56
batch elapsed: 3.33
batch elapsed: 3.56
batch elapsed: 3.45
batch elapsed: 3.56
batch elapsed: 3.50
batch elapsed: 3.51
batch elapsed: 3.56
batch elapsed: 3.52
batch elapsed: 3.53
batch elapsed: 3.55
batch elapsed: 3.55
batch elapsed: 3.54
batch elapsed: 3.54
batch elapsed: 3.55
batch elapsed: 3.47
batch elapsed: 3.57
batch elapsed: 3.58
batch elapsed: 3.55
batch elapsed: 3.59
batch elapsed: 3.58
batch elapsed: 3.56
batch elapsed: 3.51
batch elapsed: 3.56
batch elapsed: 3.54
batch elapsed: 3.59
batch elapsed: 3.54
batch elapsed: 3.56
batch elapsed: 3.57
batch elapsed: 3.57
batch elapsed: 3.55
batch elapsed: 3.52
batch elapsed: 3.54
batch elapsed: 3.53
batch elapsed: 3.54
batch elapsed: 3.59
batch elapsed: 3.57
batch elapsed: 3.63
batch elapsed: 3.56
batch elapsed: 3.53
batch elapsed: 3.55
batch elapsed: 3.56
batch elapsed: 3.50
batch elapsed: 3.57
batch elapsed: 3.53
batch elapsed: 3.53
batch elapsed: 3.56
batch elapsed: 3.55
batch elapsed: 3.56
batch elapsed: 3.55
batch elapsed: 3.49
batch elapsed: 3.44
batch elapsed: 3.57
batch elapsed: 3.57
batch elapsed: 3.55
batch elapsed: 3.56
batch elapsed: 3.56
batch elapsed: 3.61
batch elapsed: 3.55
batch elapsed: 3.53
batch elapsed: 3.56
batch elapsed: 3.54
batch elapsed: 3.53
batch elapsed: 3.56
batch elapsed: 3.57
batch elapsed: 3.53
batch elapsed: 3.52
batch elapsed: 3.54
batch elapsed: 3.56
batch elapsed: 3.54
batch elapsed: 3.56
batch elapsed: 3.54
batch elapsed: 3.51
batch elapsed: 3.59
batch elapsed: 3.52
batch elapsed: 3.57
batch elapsed: 3.56
batch elapsed: 3.54
batch elapsed: 3.53
batch elapsed: 3.50
batch elapsed: 3.54
batch elapsed: 3.57
batch elapsed: 3.54
batch elapsed: 3.56
batch elapsed: 3.56
batch elapsed: 3.52
batch elapsed: 3.53
batch elapsed: 3.54
batch elapsed: 3.55
batch elapsed: 3.50
batch elapsed: 3.54
batch elapsed: 3.57
batch elapsed: 3.53
batch elapsed: 3.54
batch elapsed: 3.54
batch elapsed: 3.50
batch elapsed: 3.37
batch elapsed: 3.52
batch elapsed: 3.55
batch elapsed: 3.56
batch elapsed: 3.57
batch elapsed: 3.57
batch elapsed: 3.55
batch elapsed: 3.55
batch elapsed: 3.55
batch elapsed: 3.51
batch elapsed: 3.55
batch elapsed: 3.52
batch elapsed: 3.54
batch elapsed: 3.51
batch elapsed: 3.55
batch elapsed: 3.57
batch elapsed: 3.52
batch elapsed: 3.54
batch elapsed: 3.54
batch elapsed: 3.53
batch elapsed: 3.55
batch elapsed: 3.55
batch elapsed: 3.54
batch elapsed: 3.53
batch elapsed: 3.57
batch elapsed: 3.56
batch elapsed: 3.56
batch elapsed: 3.58
batch elapsed: 3.56
batch elapsed: 3.53
batch elapsed: 3.53
batch elapsed: 3.57
batch elapsed: 3.54
batch elapsed: 3.56
batch elapsed: 3.57
batch elapsed: 3.59
batch elapsed: 3.58
batch elapsed: 3.53
batch elapsed: 3.54
batch elapsed: 3.52
batch elapsed: 3.54
batch elapsed: 3.54
batch elapsed: 3.53
batch elapsed: 3.38
batch elapsed: 3.48
batch elapsed: 3.55
batch elapsed: 3.53
batch elapsed: 3.54
batch elapsed: 3.56
batch elapsed: 3.56
batch elapsed: 3.58
batch elapsed: 3.55
batch elapsed: 3.57
batch elapsed: 3.51
batch elapsed: 3.52
batch elapsed: 3.56
batch elapsed: 3.50
batch elapsed: 3.62
batch elapsed: 3.60
batch elapsed: 3.52
batch elapsed: 3.53
batch elapsed: 3.56
batch elapsed: 3.56
batch elapsed: 3.58
batch elapsed: 3.48
batch elapsed: 3.55
batch elapsed: 3.57
batch elapsed: 3.53
batch elapsed: 3.55
batch elapsed: 3.56
batch elapsed: 3.55
batch elapsed: 3.55
batch elapsed: 3.53
batch elapsed: 3.51
batch elapsed: 3.52
batch elapsed: 3.54
batch elapsed: 3.55
batch elapsed: 3.53
batch elapsed: 3.59
batch elapsed: 3.56
batch elapsed: 3.55
batch elapsed: 3.59
batch elapsed: 3.57
batch elapsed: 3.63
batch elapsed: 3.53
batch elapsed: 3.57
batch elapsed: 3.51
batch elapsed: 3.57
batch elapsed: 3.58
batch elapsed: 3.56
batch elapsed: 3.55
batch elapsed: 3.51
batch elapsed: 3.61
batch elapsed: 3.55
batch elapsed: 3.55
batch elapsed: 3.50
batch elapsed: 3.54
batch elapsed: 3.55
batch elapsed: 3.59
batch elapsed: 3.55
batch elapsed: 3.58
batch elapsed: 3.49
batch elapsed: 3.59
batch elapsed: 3.62
batch elapsed: 3.56
batch elapsed: 3.55
batch elapsed: 3.54
batch elapsed: 3.54
batch elapsed: 3.55
batch elapsed: 3.55
batch elapsed: 3.59
batch elapsed: 3.56
batch elapsed: 3.57
batch elapsed: 3.58
batch elapsed: 3.55
batch elapsed: 3.54
batch elapsed: 3.55
batch elapsed: 3.56
batch elapsed: 3.48
batch elapsed: 3.55
batch elapsed: 3.54
batch elapsed: 3.54
batch elapsed: 3.56
batch elapsed: 3.58
batch elapsed: 3.53
batch elapsed: 3.56
batch elapsed: 3.58
batch elapsed: 3.55
batch elapsed: 3.55
batch elapsed: 3.55
batch elapsed: 3.54
batch elapsed: 3.53
batch elapsed: 3.55
batch elapsed: 3.57
batch elapsed: 3.56
batch elapsed: 3.57
batch elapsed: 3.41
batch elapsed: 3.46
batch elapsed: 3.56
batch elapsed: 3.53
batch elapsed: 3.58
batch elapsed: 3.57
batch elapsed: 3.58
batch elapsed: 3.59
batch elapsed: 3.59
batch elapsed: 3.54
batch elapsed: 3.58
batch elapsed: 3.54
batch elapsed: 3.54
batch elapsed: 3.59
batch elapsed: 3.60
batch elapsed: 3.58
batch elapsed: 3.54
batch elapsed: 3.52
batch elapsed: 3.49
batch elapsed: 3.61
batch elapsed: 3.55
batch elapsed: 3.50
batch elapsed: 3.57
batch elapsed: 3.48
batch elapsed: 3.58
batch elapsed: 3.54
batch elapsed: 3.58
batch elapsed: 3.59
batch elapsed: 3.50
batch elapsed: 3.60
batch elapsed: 3.53
batch elapsed: 3.55
batch elapsed: 3.55
batch elapsed: 3.53
batch elapsed: 3.54
batch elapsed: 3.54
batch elapsed: 3.52
batch elapsed: 3.51
batch elapsed: 3.53
batch elapsed: 3.50
batch elapsed: 3.50
batch elapsed: 3.53
batch elapsed: 3.52
batch elapsed: 3.55
batch elapsed: 3.51
batch elapsed: 3.54
batch elapsed: 3.51
batch elapsed: 3.49
batch elapsed: 3.51
batch elapsed: 3.53
batch elapsed: 3.51
batch elapsed: 3.55
batch elapsed: 3.54
batch elapsed: 3.53
batch elapsed: 3.52
batch elapsed: 3.51
batch elapsed: 3.55
batch elapsed: 3.57
batch elapsed: 3.58
batch elapsed: 3.44
batch elapsed: 3.40
batch elapsed: 3.59
batch elapsed: 3.57
batch elapsed: 3.57
batch elapsed: 3.57
batch elapsed: 3.57
batch elapsed: 3.54
batch elapsed: 3.55
batch elapsed: 3.52
batch elapsed: 3.53
batch elapsed: 3.56
batch elapsed: 3.54
batch elapsed: 3.56
batch elapsed: 3.57
batch elapsed: 3.57
batch elapsed: 3.50
batch elapsed: 3.56
batch elapsed: 3.47
batch elapsed: 3.53
batch elapsed: 3.56
batch elapsed: 3.57
batch elapsed: 3.51
batch elapsed: 3.52
batch elapsed: 3.51
batch elapsed: 3.53
batch elapsed: 3.60
batch elapsed: 3.50
batch elapsed: 3.57
batch elapsed: 3.55
batch elapsed: 3.49
batch elapsed: 3.55
batch elapsed: 3.57
batch elapsed: 3.53
batch elapsed: 3.55
batch elapsed: 3.56
batch elapsed: 3.57
batch elapsed: 3.55
batch elapsed: 3.56
batch elapsed: 3.54
batch elapsed: 3.51
batch elapsed: 3.51
batch elapsed: 3.53
batch elapsed: 3.56
batch elapsed: 3.50
batch elapsed: 3.34
batch elapsed: 3.33
batch elapsed: 3.48
batch elapsed: 3.54
batch elapsed: 3.55
batch elapsed: 3.53
batch elapsed: 3.55
batch elapsed: 3.51
batch elapsed: 3.59
batch elapsed: 3.53
batch elapsed: 3.54
batch elapsed: 3.56
batch elapsed: 3.52
batch elapsed: 3.51
batch elapsed: 3.46
batch elapsed: 3.59
batch elapsed: 3.55
batch elapsed: 3.56
batch elapsed: 3.57
batch elapsed: 3.56
batch elapsed: 3.58
batch elapsed: 3.55
batch elapsed: 3.50
batch elapsed: 3.49
batch elapsed: 3.52
batch elapsed: 3.52
batch elapsed: 3.52
batch elapsed: 3.54
batch elapsed: 3.56
batch elapsed: 3.58
batch elapsed: 3.56
batch elapsed: 3.57
batch elapsed: 3.56
batch elapsed: 3.59
batch elapsed: 3.55
batch elapsed: 3.62
batch elapsed: 3.55
batch elapsed: 3.55
batch elapsed: 3.58
batch elapsed: 3.55
batch elapsed: 3.57
batch elapsed: 3.56
batch elapsed: 3.54
batch elapsed: 3.56
batch elapsed: 3.54
batch elapsed: 3.57
batch elapsed: 3.54
batch elapsed: 3.54
batch elapsed: 3.54
batch elapsed: 3.53
batch elapsed: 3.55
batch elapsed: 3.55
batch elapsed: 3.56
batch elapsed: 3.54
batch elapsed: 3.53
batch elapsed: 3.53
batch elapsed: 3.54
batch elapsed: 3.57
batch elapsed: 3.56
batch elapsed: 3.53
batch elapsed: 3.58
batch elapsed: 3.55
batch elapsed: 3.58
batch elapsed: 3.53
batch elapsed: 3.56
batch elapsed: 3.56
batch elapsed: 3.55
batch elapsed: 3.54
batch elapsed: 3.57
batch elapsed: 3.58
batch elapsed: 3.53
batch elapsed: 3.60
batch elapsed: 3.54
batch elapsed: 3.53
batch elapsed: 3.55
batch elapsed: 3.55
batch elapsed: 3.57
batch elapsed: 3.55
batch elapsed: 3.54
batch elapsed: 3.54
batch elapsed: 3.53
batch elapsed: 3.52
batch elapsed: 3.54
batch elapsed: 3.58
batch elapsed: 3.53
batch elapsed: 3.54
batch elapsed: 3.55
batch elapsed: 3.53
batch elapsed: 3.57
batch elapsed: 3.56
batch elapsed: 3.57
batch elapsed: 3.56
batch elapsed: 3.60
batch elapsed: 3.55
batch elapsed: 3.51
batch elapsed: 3.57
batch elapsed: 3.53
batch elapsed: 3.54
batch elapsed: 3.48
batch elapsed: 3.56
batch elapsed: 3.58
batch elapsed: 3.57
batch elapsed: 3.55
batch elapsed: 3.53
batch elapsed: 3.59
batch elapsed: 3.55
batch elapsed: 3.53
batch elapsed: 3.57
batch elapsed: 3.59
batch elapsed: 3.58
batch elapsed: 3.55
batch elapsed: 3.50
batch elapsed: 3.54
batch elapsed: 3.54
batch elapsed: 3.57
batch elapsed: 3.51
batch elapsed: 3.60
batch elapsed: 3.54
batch elapsed: 3.54
batch elapsed: 3.54
batch elapsed: 3.63
batch elapsed: 3.53
batch elapsed: 3.56
batch elapsed: 3.41
batch elapsed: 3.54
batch elapsed: 3.57
batch elapsed: 3.57
batch elapsed: 3.52
batch elapsed: 3.58
batch elapsed: 3.54
batch elapsed: 3.57
batch elapsed: 3.54
batch elapsed: 3.61
batch elapsed: 3.54
batch elapsed: 3.52
batch elapsed: 3.55
batch elapsed: 3.57
batch elapsed: 3.57
batch elapsed: 3.49
batch elapsed: 3.54
batch elapsed: 3.55
batch elapsed: 3.55
batch elapsed: 3.56
batch elapsed: 3.55
batch elapsed: 3.52
batch elapsed: 3.53
batch elapsed: 3.52
batch elapsed: 3.54
batch elapsed: 3.57
batch elapsed: 3.60
batch elapsed: 3.53
batch elapsed: 3.49
batch elapsed: 3.54
batch elapsed: 3.56
batch elapsed: 3.53
batch elapsed: 3.50
batch elapsed: 3.55
batch elapsed: 3.48
batch elapsed: 3.46
batch elapsed: 3.55
batch elapsed: 3.56
batch elapsed: 3.40
batch elapsed: 3.52
batch elapsed: 3.56
batch elapsed: 3.56
batch elapsed: 3.52
batch elapsed: 3.52
batch elapsed: 3.57
batch elapsed: 3.62
batch elapsed: 3.54
batch elapsed: 3.54
batch elapsed: 3.53
batch elapsed: 3.59
batch elapsed: 3.55
batch elapsed: 3.55
batch elapsed: 3.54
batch elapsed: 3.51
batch elapsed: 3.54
batch elapsed: 3.52
batch elapsed: 3.50
batch elapsed: 3.51
batch elapsed: 3.51
batch elapsed: 3.56
batch elapsed: 3.55
batch elapsed: 3.55
batch elapsed: 3.49
batch elapsed: 3.52
batch elapsed: 3.55
batch elapsed: 3.53
batch elapsed: 3.56
batch elapsed: 3.57
batch elapsed: 3.52
batch elapsed: 3.50
batch elapsed: 3.54
batch elapsed: 3.54
batch elapsed: 3.50
batch elapsed: 3.58
batch elapsed: 3.58
batch elapsed: 3.50
batch elapsed: 3.55
batch elapsed: 3.59
batch elapsed: 3.54
batch elapsed: 3.55
batch elapsed: 3.58
batch elapsed: 3.47
batch elapsed: 3.50
batch elapsed: 3.56
batch elapsed: 3.53
batch elapsed: 3.52
batch elapsed: 3.52
batch elapsed: 3.54
batch elapsed: 3.53
batch elapsed: 3.56
batch elapsed: 3.55
batch elapsed: 3.52
batch elapsed: 3.52
batch elapsed: 3.57
batch elapsed: 3.49
batch elapsed: 3.48
batch elapsed: 3.54
batch elapsed: 3.58
batch elapsed: 3.55
batch elapsed: 3.51
batch elapsed: 3.54
batch elapsed: 3.54
batch elapsed: 3.50
batch elapsed: 3.49
batch elapsed: 3.50
batch elapsed: 3.54
batch elapsed: 3.54
batch elapsed: 3.49
batch elapsed: 3.56
batch elapsed: 3.44
batch elapsed: 3.49
batch elapsed: 3.56
batch elapsed: 3.56
batch elapsed: 3.51
batch elapsed: 3.56
batch elapsed: 3.58
batch elapsed: 3.53
batch elapsed: 3.56
batch elapsed: 3.56
batch elapsed: 3.53
batch elapsed: 3.53
batch elapsed: 3.45
batch elapsed: 3.52
batch elapsed: 3.54
batch elapsed: 3.57
batch elapsed: 3.56
batch elapsed: 3.54
batch elapsed: 3.54
batch elapsed: 3.55
batch elapsed: 3.55
batch elapsed: 3.53
batch elapsed: 3.50
batch elapsed: 3.53
batch elapsed: 3.58
batch elapsed: 3.56
batch elapsed: 3.57
batch elapsed: 3.53
batch elapsed: 3.53
batch elapsed: 3.60
batch elapsed: 3.56
batch elapsed: 3.52
batch elapsed: 3.53
batch elapsed: 3.55
batch elapsed: 3.54
batch elapsed: 3.57
batch elapsed: 3.58
batch elapsed: 3.52
batch elapsed: 3.53
batch elapsed: 3.54
batch elapsed: 3.56
batch elapsed: 3.55
batch elapsed: 3.54
batch elapsed: 3.54
batch elapsed: 3.54
batch elapsed: 3.54
batch elapsed: 3.56
batch elapsed: 3.54
batch elapsed: 3.57
batch elapsed: 3.57
batch elapsed: 3.58
batch elapsed: 3.54
batch elapsed: 3.43
batch elapsed: 3.55
batch elapsed: 3.56
batch elapsed: 3.55
batch elapsed: 3.54
batch elapsed: 3.53
batch elapsed: 3.55
batch elapsed: 3.55
batch elapsed: 3.57
batch elapsed: 3.55
batch elapsed: 3.55
batch elapsed: 3.57
batch elapsed: 3.54
batch elapsed: 3.56
batch elapsed: 3.55
batch elapsed: 3.53
batch elapsed: 3.54
batch elapsed: 3.56
batch elapsed: 3.56
batch elapsed: 3.56
batch elapsed: 3.57
batch elapsed: 3.56
batch elapsed: 3.51
batch elapsed: 3.55
batch elapsed: 3.55
batch elapsed: 3.60
batch elapsed: 3.51
batch elapsed: 3.56
batch elapsed: 3.58
batch elapsed: 3.54
batch elapsed: 3.51
batch elapsed: 3.55
batch elapsed: 3.55
batch elapsed: 3.56
batch elapsed: 3.51
batch elapsed: 3.57
batch elapsed: 3.56
batch elapsed: 3.55
batch elapsed: 3.51
batch elapsed: 3.56
batch elapsed: 3.47
batch elapsed: 3.51
batch elapsed: 3.48
batch elapsed: 3.55
batch elapsed: 3.56
batch elapsed: 3.56
batch elapsed: 3.53
batch elapsed: 3.55
batch elapsed: 3.58
batch elapsed: 3.51
batch elapsed: 3.60
batch elapsed: 3.53
batch elapsed: 3.54
batch elapsed: 3.57
batch elapsed: 3.56
batch elapsed: 3.52
batch elapsed: 3.53
batch elapsed: 3.55
batch elapsed: 3.55
batch elapsed: 3.58
batch elapsed: 3.57
batch elapsed: 3.54
batch elapsed: 3.55
batch elapsed: 3.49
batch elapsed: 3.56
batch elapsed: 3.51
batch elapsed: 3.53
batch elapsed: 3.51
batch elapsed: 3.55
batch elapsed: 3.45
batch elapsed: 3.50
batch elapsed: 3.53
batch elapsed: 3.57
batch elapsed: 3.52
batch elapsed: 3.55
batch elapsed: 3.55
batch elapsed: 3.57
batch elapsed: 3.54
batch elapsed: 3.56
batch elapsed: 3.65
batch elapsed: 3.55
batch elapsed: 3.52
batch elapsed: 3.58
batch elapsed: 3.57
batch elapsed: 3.57
batch elapsed: 3.57
batch elapsed: 3.57
batch elapsed: 3.54
batch elapsed: 3.57
batch elapsed: 3.51
batch elapsed: 3.53
batch elapsed: 3.55
batch elapsed: 3.55
batch elapsed: 3.55
batch elapsed: 3.58
batch elapsed: 3.56
batch elapsed: 3.57
batch elapsed: 3.56
batch elapsed: 3.50
batch elapsed: 3.55
batch elapsed: 3.56
batch elapsed: 3.57
batch elapsed: 3.44
batch elapsed: 3.47
batch elapsed: 3.50
batch elapsed: 3.55
batch elapsed: 3.52
batch elapsed: 3.45
batch elapsed: 3.56
batch elapsed: 3.58
batch elapsed: 3.54
batch elapsed: 3.61
batch elapsed: 3.56
batch elapsed: 3.53
batch elapsed: 3.55
batch elapsed: 3.57
batch elapsed: 3.57
batch elapsed: 3.54
batch elapsed: 3.57
batch elapsed: 3.52
batch elapsed: 3.52
batch elapsed: 3.55
batch elapsed: 3.61
batch elapsed: 3.54
batch elapsed: 3.58
batch elapsed: 3.58
batch elapsed: 3.62
batch elapsed: 3.60
batch elapsed: 3.54
batch elapsed: 3.55
batch elapsed: 3.53
batch elapsed: 3.53
batch elapsed: 3.54
batch elapsed: 3.59
batch elapsed: 3.52
batch elapsed: 3.55
batch elapsed: 3.58
batch elapsed: 3.47
batch elapsed: 3.49
batch elapsed: 3.57
batch elapsed: 3.60
batch elapsed: 3.53
batch elapsed: 3.56
batch elapsed: 3.57
batch elapsed: 3.57
batch elapsed: 3.57
batch elapsed: 3.54
batch elapsed: 3.59
batch elapsed: 3.54
batch elapsed: 3.56
batch elapsed: 3.52
batch elapsed: 3.57
batch elapsed: 3.55
batch elapsed: 3.55
batch elapsed: 3.52
batch elapsed: 3.56
batch elapsed: 3.53
batch elapsed: 3.55
batch elapsed: 3.55
batch elapsed: 3.55
batch elapsed: 3.55
batch elapsed: 3.56
batch elapsed: 3.57
batch elapsed: 3.57
batch elapsed: 3.56
batch elapsed: 3.57
batch elapsed: 3.60
batch elapsed: 3.56
batch elapsed: 3.55
batch elapsed: 3.54
batch elapsed: 3.57
batch elapsed: 3.55
batch elapsed: 3.53
batch elapsed: 3.52
batch elapsed: 3.55
batch elapsed: 3.54
batch elapsed: 3.57
batch elapsed: 3.56
batch elapsed: 3.50
batch elapsed: 3.50
batch elapsed: 3.53
batch elapsed: 3.56
batch elapsed: 3.57
batch elapsed: 3.54
batch elapsed: 3.53
batch elapsed: 3.60
batch elapsed: 3.55
batch elapsed: 3.57
batch elapsed: 3.55
batch elapsed: 3.55
batch elapsed: 3.55
batch elapsed: 3.55
batch elapsed: 3.56
batch elapsed: 3.60
batch elapsed: 3.60
batch elapsed: 3.54
batch elapsed: 3.59
batch elapsed: 3.55
batch elapsed: 3.54
batch elapsed: 3.53
batch elapsed: 3.51
batch elapsed: 3.55
batch elapsed: 3.52
batch elapsed: 3.50
batch elapsed: 3.56
batch elapsed: 3.53
batch elapsed: 3.51
batch elapsed: 3.51
batch elapsed: 3.58
batch elapsed: 3.52
batch elapsed: 3.54
batch elapsed: 3.55
batch elapsed: 3.52
batch elapsed: 3.58
batch elapsed: 3.58
batch elapsed: 3.55
batch elapsed: 3.58
batch elapsed: 3.59
batch elapsed: 3.55
batch elapsed: 3.51
batch elapsed: 3.55
batch elapsed: 3.54
batch elapsed: 3.62
batch elapsed: 3.52
batch elapsed: 3.57
batch elapsed: 3.58
batch elapsed: 3.61
batch elapsed: 3.56
batch elapsed: 3.52
batch elapsed: 3.54
batch elapsed: 3.54
batch elapsed: 3.52
batch elapsed: 3.53
batch elapsed: 3.57
batch elapsed: 3.57
batch elapsed: 3.56
batch elapsed: 3.45
batch elapsed: 3.53
batch elapsed: 3.57
batch elapsed: 3.54
batch elapsed: 3.53
batch elapsed: 3.54
batch elapsed: 3.53
batch elapsed: 3.56
batch elapsed: 3.55
batch elapsed: 3.61
batch elapsed: 3.55
batch elapsed: 3.53
batch elapsed: 3.48
batch elapsed: 3.55
batch elapsed: 3.57
batch elapsed: 3.56
batch elapsed: 3.55
batch elapsed: 3.56
batch elapsed: 3.55
batch elapsed: 3.56
batch elapsed: 3.54
batch elapsed: 3.51
batch elapsed: 3.53
batch elapsed: 3.54
batch elapsed: 3.56
batch elapsed: 3.58
batch elapsed: 3.54
batch elapsed: 3.50
batch elapsed: 3.55
batch elapsed: 3.55
batch elapsed: 3.54
batch elapsed: 3.56
batch elapsed: 3.50
batch elapsed: 3.53
batch elapsed: 3.52
batch elapsed: 3.53
batch elapsed: 3.55
batch elapsed: 3.56
batch elapsed: 3.54
batch elapsed: 3.54
batch elapsed: 3.49
batch elapsed: 3.54
batch elapsed: 3.56
batch elapsed: 3.54
batch elapsed: 3.55
batch elapsed: 3.55
batch elapsed: 3.53
batch elapsed: 3.47
batch elapsed: 3.52
batch elapsed: 3.21
batch elapsed: 3.48
batch elapsed: 3.52
batch elapsed: 3.52
batch elapsed: 3.55
batch elapsed: 3.52
batch elapsed: 3.53
batch elapsed: 3.57
batch elapsed: 3.60
batch elapsed: 3.53
batch elapsed: 3.55
batch elapsed: 3.54
batch elapsed: 3.59
batch elapsed: 3.55
batch elapsed: 3.67
batch elapsed: 3.56
batch elapsed: 3.56
batch elapsed: 3.52
batch elapsed: 3.57
batch elapsed: 3.46
batch elapsed: 3.55
batch elapsed: 3.51
batch elapsed: 3.56
batch elapsed: 3.44
batch elapsed: 3.52
batch elapsed: 3.60
batch elapsed: 3.55
batch elapsed: 3.55
batch elapsed: 3.55
batch elapsed: 3.55
batch elapsed: 3.57
batch elapsed: 3.51
batch elapsed: 3.50
batch elapsed: 3.55
batch elapsed: 3.54
batch elapsed: 3.55
batch elapsed: 3.53
batch elapsed: 3.57
batch elapsed: 3.40
batch elapsed: 3.56
batch elapsed: 3.58
batch elapsed: 3.54
batch elapsed: 3.56
batch elapsed: 3.57
batch elapsed: 3.22
batch elapsed: 3.36
batch elapsed: 3.56
batch elapsed: 3.54
batch elapsed: 3.51
batch elapsed: 3.53
batch elapsed: 3.54
batch elapsed: 3.53
batch elapsed: 3.49
batch elapsed: 3.54
batch elapsed: 3.54
batch elapsed: 3.53
batch elapsed: 3.57
batch elapsed: 3.48
batch elapsed: 3.44
batch elapsed: 3.53
batch elapsed: 3.58
batch elapsed: 3.53
batch elapsed: 3.53
batch elapsed: 3.53
batch elapsed: 3.53
batch elapsed: 3.58
batch elapsed: 3.48
batch elapsed: 3.56
batch elapsed: 3.53
batch elapsed: 3.54
batch elapsed: 3.55
batch elapsed: 3.55
batch elapsed: 3.56
batch elapsed: 3.50
batch elapsed: 3.56
batch elapsed: 3.56
batch elapsed: 3.53
batch elapsed: 3.55
batch elapsed: 3.58
batch elapsed: 3.53
batch elapsed: 3.55
batch elapsed: 3.51
batch elapsed: 3.52
batch elapsed: 3.57
batch elapsed: 3.51
batch elapsed: 3.52
batch elapsed: 3.54
batch elapsed: 3.58
batch elapsed: 3.54
batch elapsed: 3.55
batch elapsed: 3.54
batch elapsed: 3.55
batch elapsed: 3.55
batch elapsed: 3.53
batch elapsed: 3.50
batch elapsed: 3.53
batch elapsed: 3.58
batch elapsed: 3.57
batch elapsed: 3.57
batch elapsed: 3.54
batch elapsed: 3.54
batch elapsed: 3.60
batch elapsed: 3.56
batch elapsed: 3.51
batch elapsed: 3.54
batch elapsed: 3.53
batch elapsed: 3.56
batch elapsed: 3.58
batch elapsed: 3.58
batch elapsed: 3.52
batch elapsed: 3.65
batch elapsed: 3.69
batch elapsed: 3.58
batch elapsed: 3.55
batch elapsed: 3.60
batch elapsed: 3.52
batch elapsed: 3.55
batch elapsed: 3.54
batch elapsed: 3.57
batch elapsed: 3.52
batch elapsed: 3.56
batch elapsed: 3.58
batch elapsed: 3.57
batch elapsed: 3.57
batch elapsed: 3.51
batch elapsed: 3.57
batch elapsed: 3.54
batch elapsed: 3.55
batch elapsed: 3.55
batch elapsed: 3.52
batch elapsed: 3.58
batch elapsed: 3.55
batch elapsed: 3.56
batch elapsed: 3.56
batch elapsed: 3.54
batch elapsed: 3.63
batch elapsed: 3.55
batch elapsed: 3.55
batch elapsed: 3.60
batch elapsed: 3.53
batch elapsed: 3.54
batch elapsed: 3.57
batch elapsed: 3.55
batch elapsed: 3.56
batch elapsed: 3.58
batch elapsed: 3.55
batch elapsed: 3.52
batch elapsed: 3.54
batch elapsed: 3.57
batch elapsed: 3.56
batch elapsed: 3.52
batch elapsed: 3.51
batch elapsed: 3.57
batch elapsed: 3.54
batch elapsed: 3.52
batch elapsed: 3.58
batch elapsed: 3.56
batch elapsed: 3.62
batch elapsed: 3.48
batch elapsed: 3.57
batch elapsed: 3.55
batch elapsed: 3.54
batch elapsed: 3.46
batch elapsed: 3.37
batch elapsed: 3.58
batch elapsed: 3.50
batch elapsed: 3.56
batch elapsed: 3.57
batch elapsed: 3.59
batch elapsed: 3.57
batch elapsed: 3.61
batch elapsed: 3.55
batch elapsed: 3.55
batch elapsed: 3.52
batch elapsed: 3.59
batch elapsed: 3.54
batch elapsed: 3.53
batch elapsed: 3.56
batch elapsed: 3.55
batch elapsed: 3.52
batch elapsed: 3.54
batch elapsed: 3.47
batch elapsed: 3.52
batch elapsed: 3.52
batch elapsed: 3.51
batch elapsed: 3.56
batch elapsed: 3.54
batch elapsed: 3.51
batch elapsed: 3.55
batch elapsed: 3.51
batch elapsed: 3.55
batch elapsed: 3.61
batch elapsed: 3.65
batch elapsed: 3.52
batch elapsed: 3.57
batch elapsed: 3.54
batch elapsed: 3.57
batch elapsed: 3.56
batch elapsed: 3.56
batch elapsed: 3.54
batch elapsed: 3.57
batch elapsed: 3.50
batch elapsed: 3.52
batch elapsed: 3.56
batch elapsed: 3.57
batch elapsed: 3.59
batch elapsed: 3.60
batch elapsed: 3.58
batch elapsed: 3.49
batch elapsed: 3.56
batch elapsed: 3.53
batch elapsed: 3.55
batch elapsed: 3.55
batch elapsed: 3.57
batch elapsed: 3.57
batch elapsed: 3.57
batch elapsed: 3.55
batch elapsed: 3.53
batch elapsed: 3.60
batch elapsed: 3.64
batch elapsed: 3.55
batch elapsed: 3.54
batch elapsed: 3.53
batch elapsed: 3.55
batch elapsed: 3.55
batch elapsed: 3.57
batch elapsed: 3.58
batch elapsed: 3.52
batch elapsed: 3.57
batch elapsed: 3.56
batch elapsed: 3.58
batch elapsed: 3.56
batch elapsed: 3.56
batch elapsed: 3.53
batch elapsed: 3.54
batch elapsed: 3.56
batch elapsed: 3.52
batch elapsed: 3.57
batch elapsed: 3.54
batch elapsed: 3.55
batch elapsed: 3.57
batch elapsed: 3.52
batch elapsed: 3.54
batch elapsed: 3.57
batch elapsed: 3.58
batch elapsed: 3.49
batch elapsed: 3.58
batch elapsed: 3.57
batch elapsed: 3.54
batch elapsed: 3.55
batch elapsed: 3.54
batch elapsed: 3.56
batch elapsed: 3.53
batch elapsed: 3.50
batch elapsed: 3.55
batch elapsed: 3.57
batch elapsed: 3.57
batch elapsed: 3.56
batch elapsed: 3.54
batch elapsed: 3.60
batch elapsed: 3.54
batch elapsed: 3.56
batch elapsed: 3.48
batch elapsed: 3.61
batch elapsed: 3.55
batch elapsed: 3.56
batch elapsed: 3.55
batch elapsed: 3.57
batch elapsed: 3.57
batch elapsed: 3.54
batch elapsed: 3.59
batch elapsed: 3.55
batch elapsed: 3.57
batch elapsed: 3.54
batch elapsed: 3.53
batch elapsed: 3.60
batch elapsed: 3.51
batch elapsed: 3.55
batch elapsed: 3.51
batch elapsed: 3.54
batch elapsed: 3.54
batch elapsed: 3.53
batch elapsed: 3.59
batch elapsed: 3.60
batch elapsed: 3.53
batch elapsed: 3.53
batch elapsed: 3.51
batch elapsed: 3.58
batch elapsed: 3.53
batch elapsed: 3.58
batch elapsed: 3.57
batch elapsed: 3.52
batch elapsed: 3.51
batch elapsed: 3.53
batch elapsed: 3.55
batch elapsed: 3.55
batch elapsed: 3.50
batch elapsed: 3.48
batch elapsed: 3.50
batch elapsed: 3.55
batch elapsed: 3.54
batch elapsed: 3.56
batch elapsed: 3.55
batch elapsed: 3.55
batch elapsed: 3.55
batch elapsed: 3.52
batch elapsed: 3.50
batch elapsed: 3.59
batch elapsed: 3.56
batch elapsed: 3.52
batch elapsed: 3.49
batch elapsed: 3.55
batch elapsed: 3.54
batch elapsed: 3.49
batch elapsed: 3.52
batch elapsed: 3.56
batch elapsed: 3.55
batch elapsed: 3.55
batch elapsed: 3.51
batch elapsed: 3.54
batch elapsed: 3.54
batch elapsed: 3.52
batch elapsed: 3.61
batch elapsed: 3.55
batch elapsed: 3.54
batch elapsed: 3.51
batch elapsed: 3.56
batch elapsed: 3.55
batch elapsed: 3.52
batch elapsed: 3.56
batch elapsed: 3.51
batch elapsed: 3.55
batch elapsed: 3.51
batch elapsed: 3.56
batch elapsed: 3.54
batch elapsed: 3.54
batch elapsed: 3.52
batch elapsed: 3.50
batch elapsed: 3.54
batch elapsed: 3.48
batch elapsed: 3.54
batch elapsed: 3.54
batch elapsed: 3.59
batch elapsed: 3.55
batch elapsed: 3.54
batch elapsed: 3.59
batch elapsed: 3.57
batch elapsed: 3.56
batch elapsed: 3.60
batch elapsed: 3.55
batch elapsed: 3.56
batch elapsed: 3.55
batch elapsed: 3.54
batch elapsed: 3.55
batch elapsed: 3.52
batch elapsed: 3.57
batch elapsed: 3.59
batch elapsed: 3.52
batch elapsed: 3.56
batch elapsed: 3.52
batch elapsed: 3.55
batch elapsed: 3.51
batch elapsed: 3.63
batch elapsed: 3.54
batch elapsed: 3.58
batch elapsed: 3.64
batch elapsed: 3.52
batch elapsed: 3.55
batch elapsed: 3.52
batch elapsed: 3.55
batch elapsed: 3.50
batch elapsed: 3.42
batch elapsed: 3.54
batch elapsed: 3.52
batch elapsed: 3.54
batch elapsed: 3.55
batch elapsed: 3.55
batch elapsed: 3.56
batch elapsed: 3.57
batch elapsed: 3.55
batch elapsed: 3.55
Eval num_timesteps=54000, episode_reward=16.01 +/- 14.50
Episode length: 1000.00 +/- 0.00
-----------------------------------
| eval/              |            |
|    mean_ep_length  | 1e+03      |
|    mean_reward     | 16         |
| time/              |            |
|    total_timesteps | 54000      |
| train/             |            |
|    actor_loss      | -1.3316789 |
|    critic_loss     | 0.138      |
|    d_learning_rate | 0.0005     |
|    dstb_ent_coef   | 0.00821    |
|    ent_coef        | 0.155      |
|    ent_coef_loss   | 0.243      |
|    n_updates       | 255936     |
|    u_learning_rate | 0.0001     |
|    v_learning_rate | 0.001      |
-----------------------------------
batch elapsed: 3.57
batch elapsed: 3.53
batch elapsed: 3.51
batch elapsed: 3.55
batch elapsed: 3.56
batch elapsed: 3.56
batch elapsed: 3.59
batch elapsed: 3.57
batch elapsed: 3.53
batch elapsed: 3.52
batch elapsed: 3.54
batch elapsed: 3.54
batch elapsed: 3.57
batch elapsed: 3.55
batch elapsed: 3.56
batch elapsed: 3.59
batch elapsed: 3.54
batch elapsed: 3.53
batch elapsed: 3.55
batch elapsed: 3.59
batch elapsed: 3.61
batch elapsed: 3.53
batch elapsed: 3.52
batch elapsed: 3.57
batch elapsed: 3.53
batch elapsed: 3.56
batch elapsed: 3.58
batch elapsed: 3.55
batch elapsed: 3.49
batch elapsed: 3.56
batch elapsed: 3.58
batch elapsed: 3.57
batch elapsed: 3.57
batch elapsed: 3.51
batch elapsed: 3.56
batch elapsed: 3.54
batch elapsed: 3.53
batch elapsed: 3.55
batch elapsed: 3.52
batch elapsed: 3.54
batch elapsed: 3.56
batch elapsed: 3.54
batch elapsed: 3.51
batch elapsed: 3.59
batch elapsed: 3.56
batch elapsed: 3.55
batch elapsed: 3.48
batch elapsed: 3.58
batch elapsed: 3.57
batch elapsed: 3.52
batch elapsed: 3.54
batch elapsed: 3.55
batch elapsed: 3.57
batch elapsed: 3.53
batch elapsed: 3.56
batch elapsed: 3.54
batch elapsed: 3.58
batch elapsed: 3.58
batch elapsed: 3.53
batch elapsed: 3.54
batch elapsed: 3.55
batch elapsed: 3.55
batch elapsed: 3.52
batch elapsed: 3.55
batch elapsed: 3.60
batch elapsed: 3.60
batch elapsed: 3.53
batch elapsed: 3.56
batch elapsed: 3.54
batch elapsed: 3.53
batch elapsed: 3.54
batch elapsed: 3.54
batch elapsed: 3.50
batch elapsed: 3.53
batch elapsed: 3.50
batch elapsed: 3.57
batch elapsed: 3.51
batch elapsed: 3.54
batch elapsed: 3.50
batch elapsed: 3.53
batch elapsed: 3.54
batch elapsed: 3.54
batch elapsed: 3.46
batch elapsed: 3.61
batch elapsed: 3.54
batch elapsed: 3.56
batch elapsed: 3.52
batch elapsed: 3.53
batch elapsed: 3.58
batch elapsed: 3.53
batch elapsed: 3.57
batch elapsed: 3.52
batch elapsed: 3.52
batch elapsed: 3.50
batch elapsed: 3.43
batch elapsed: 3.57
batch elapsed: 3.53
batch elapsed: 3.54
batch elapsed: 3.58
batch elapsed: 3.54
batch elapsed: 3.55
batch elapsed: 3.52
batch elapsed: 3.56
batch elapsed: 3.57
batch elapsed: 3.55
batch elapsed: 3.54
batch elapsed: 3.48
batch elapsed: 3.53
batch elapsed: 3.57
batch elapsed: 3.53
batch elapsed: 3.51
batch elapsed: 3.53
batch elapsed: 3.59
batch elapsed: 3.60
batch elapsed: 3.60
batch elapsed: 3.55
batch elapsed: 3.56
batch elapsed: 3.53
batch elapsed: 3.54
batch elapsed: 3.53
batch elapsed: 3.55
batch elapsed: 3.51
batch elapsed: 3.54
batch elapsed: 3.57
batch elapsed: 3.54
batch elapsed: 3.45
batch elapsed: 3.51
batch elapsed: 3.53
batch elapsed: 3.52
batch elapsed: 3.56
batch elapsed: 3.50
batch elapsed: 3.49
batch elapsed: 3.55
batch elapsed: 3.53
batch elapsed: 3.56
batch elapsed: 3.52
batch elapsed: 3.56
batch elapsed: 3.51
batch elapsed: 3.43
batch elapsed: 3.39
batch elapsed: 3.54
batch elapsed: 3.52
batch elapsed: 3.59
batch elapsed: 3.55
batch elapsed: 3.56
batch elapsed: 3.56
batch elapsed: 3.58
batch elapsed: 3.58
batch elapsed: 3.55
batch elapsed: 3.56
batch elapsed: 3.57
batch elapsed: 3.53
batch elapsed: 3.55
batch elapsed: 3.54
batch elapsed: 3.53
batch elapsed: 3.55
batch elapsed: 3.58
batch elapsed: 3.54
batch elapsed: 3.55
batch elapsed: 3.53
batch elapsed: 3.53
batch elapsed: 3.58
batch elapsed: 3.57
batch elapsed: 3.54
batch elapsed: 3.53
batch elapsed: 3.43
batch elapsed: 3.54
batch elapsed: 3.50
batch elapsed: 3.56
batch elapsed: 3.53
batch elapsed: 3.55
batch elapsed: 3.51
batch elapsed: 3.51
batch elapsed: 3.54
batch elapsed: 3.54
batch elapsed: 3.53
batch elapsed: 3.57
batch elapsed: 3.56
batch elapsed: 3.54
batch elapsed: 3.58
batch elapsed: 3.53
batch elapsed: 3.52
Eval num_timesteps=54000, episode_reward=-32.85 +/- 6.90
Episode length: 1000.00 +/- 0.00
------------------------------------
| eval/              |             |
|    mean_ep_length  | 1e+03       |
|    mean_reward     | -32.9       |
| time/              |             |
|    total_timesteps | 54000       |
| train/             |             |
|    actor_loss      | -0.39206368 |
|    critic_loss     | 0.143       |
|    d_learning_rate | 0.0005      |
|    dstb_ent_coef   | 0.000721    |
|    ent_coef        | 0.102       |
|    ent_coef_loss   | -0.834      |
|    n_updates       | 255936      |
|    u_learning_rate | 0.0001      |
|    v_learning_rate | 0.001       |
------------------------------------
batch elapsed: 3.57
batch elapsed: 3.50
batch elapsed: 3.47
batch elapsed: 3.55
batch elapsed: 3.56
batch elapsed: 3.57
batch elapsed: 3.58
batch elapsed: 3.58
batch elapsed: 3.50
batch elapsed: 3.55
batch elapsed: 3.53
batch elapsed: 3.54
batch elapsed: 3.55
batch elapsed: 3.57
batch elapsed: 3.57
batch elapsed: 3.57
batch elapsed: 3.54
batch elapsed: 3.54
batch elapsed: 3.53
batch elapsed: 3.54
batch elapsed: 3.56
batch elapsed: 3.55
batch elapsed: 3.52
batch elapsed: 3.61
batch elapsed: 3.54
batch elapsed: 3.56
batch elapsed: 3.57
batch elapsed: 3.48
batch elapsed: 3.57
batch elapsed: 3.56
batch elapsed: 3.59
batch elapsed: 3.57
batch elapsed: 3.54
batch elapsed: 3.53
batch elapsed: 3.54
batch elapsed: 3.49
batch elapsed: 3.53
batch elapsed: 3.55
batch elapsed: 3.54
batch elapsed: 3.56
batch elapsed: 3.56
batch elapsed: 3.54
batch elapsed: 3.49
batch elapsed: 3.56
batch elapsed: 3.53
batch elapsed: 3.41
batch elapsed: 3.55
batch elapsed: 3.57
batch elapsed: 3.55
batch elapsed: 3.54
batch elapsed: 3.54
batch elapsed: 3.56
batch elapsed: 3.55
batch elapsed: 3.54
batch elapsed: 3.57
batch elapsed: 3.54
batch elapsed: 3.58
batch elapsed: 3.57
batch elapsed: 3.58
batch elapsed: 3.53
batch elapsed: 3.55
batch elapsed: 3.55
batch elapsed: 3.49
batch elapsed: 3.60
batch elapsed: 3.55
batch elapsed: 3.57
batch elapsed: 3.53
batch elapsed: 3.58
batch elapsed: 3.59
batch elapsed: 3.53
batch elapsed: 3.57
batch elapsed: 3.56
batch elapsed: 3.62
batch elapsed: 3.57
batch elapsed: 3.57
batch elapsed: 3.57
batch elapsed: 3.55
batch elapsed: 3.53
batch elapsed: 3.52
batch elapsed: 3.54
batch elapsed: 3.52
batch elapsed: 3.52
batch elapsed: 3.50
batch elapsed: 3.59
batch elapsed: 3.54
batch elapsed: 3.54
batch elapsed: 3.53
batch elapsed: 3.55
batch elapsed: 3.55
batch elapsed: 3.55
batch elapsed: 3.54
batch elapsed: 3.51
batch elapsed: 3.51
batch elapsed: 3.34
batch elapsed: 3.41
batch elapsed: 3.55
batch elapsed: 3.53
batch elapsed: 3.56
batch elapsed: 3.50
batch elapsed: 3.55
batch elapsed: 3.59
batch elapsed: 3.54
batch elapsed: 3.55
batch elapsed: 3.57
batch elapsed: 3.54
batch elapsed: 3.53
batch elapsed: 3.53
batch elapsed: 3.53
batch elapsed: 3.52
batch elapsed: 3.58
batch elapsed: 3.48
batch elapsed: 3.55
batch elapsed: 3.53
batch elapsed: 3.51
batch elapsed: 3.56
batch elapsed: 3.57
batch elapsed: 3.55
batch elapsed: 3.54
batch elapsed: 3.58
batch elapsed: 3.56
batch elapsed: 3.53
batch elapsed: 3.52
batch elapsed: 3.60
batch elapsed: 3.56
batch elapsed: 3.52
batch elapsed: 3.58
batch elapsed: 3.54
batch elapsed: 3.55
batch elapsed: 3.52
batch elapsed: 3.57
batch elapsed: 3.39
batch elapsed: 3.56
batch elapsed: 3.53
batch elapsed: 3.54
batch elapsed: 3.55
batch elapsed: 3.54
batch elapsed: 3.53
batch elapsed: 3.52
batch elapsed: 3.57
batch elapsed: 3.50
batch elapsed: 3.52
batch elapsed: 3.52
batch elapsed: 3.60
batch elapsed: 3.55
batch elapsed: 3.56
batch elapsed: 3.58
batch elapsed: 3.57
batch elapsed: 3.58
batch elapsed: 3.55
batch elapsed: 3.54
batch elapsed: 3.56
batch elapsed: 3.54
batch elapsed: 3.56
batch elapsed: 3.55
batch elapsed: 3.52
batch elapsed: 3.56
batch elapsed: 3.60
batch elapsed: 3.52
batch elapsed: 3.55
batch elapsed: 3.54
batch elapsed: 3.51
batch elapsed: 3.59
batch elapsed: 3.51
batch elapsed: 3.53
batch elapsed: 3.49
batch elapsed: 3.19
batch elapsed: 3.43
batch elapsed: 3.51
batch elapsed: 3.56
batch elapsed: 3.54
batch elapsed: 3.52
batch elapsed: 3.46
batch elapsed: 3.52
batch elapsed: 3.53
batch elapsed: 3.53
batch elapsed: 3.54
batch elapsed: 3.55
batch elapsed: 3.56
batch elapsed: 3.56
batch elapsed: 3.57
batch elapsed: 3.53
batch elapsed: 3.42
Eval num_timesteps=54000, episode_reward=-99.53 +/- 1.29
Episode length: 1000.00 +/- 0.00
------------------------------------
| eval/              |             |
|    mean_ep_length  | 1e+03       |
|    mean_reward     | -99.5       |
| time/              |             |
|    total_timesteps | 54000       |
| train/             |             |
|    actor_loss      | -0.83483547 |
|    critic_loss     | 0.136       |
|    d_learning_rate | 0.0005      |
|    dstb_ent_coef   | 3.27e-06    |
|    ent_coef        | 0.0127      |
|    ent_coef_loss   | -0.607      |
|    n_updates       | 255936      |
|    u_learning_rate | 0.0001      |
|    v_learning_rate | 0.001       |
------------------------------------
batch elapsed: 3.56
batch elapsed: 3.49
batch elapsed: 3.56
batch elapsed: 3.55
batch elapsed: 3.56
batch elapsed: 3.57
batch elapsed: 3.55
batch elapsed: 3.59
batch elapsed: 3.50
batch elapsed: 3.54
batch elapsed: 3.54
batch elapsed: 3.56
batch elapsed: 3.55
batch elapsed: 3.55
batch elapsed: 3.54
batch elapsed: 3.55
batch elapsed: 3.54
batch elapsed: 3.53
batch elapsed: 3.52
batch elapsed: 3.55
batch elapsed: 3.54
batch elapsed: 3.52
batch elapsed: 3.54
batch elapsed: 3.54
batch elapsed: 3.59
batch elapsed: 3.56
batch elapsed: 3.58
batch elapsed: 3.54
batch elapsed: 3.56
batch elapsed: 3.57
batch elapsed: 3.57
batch elapsed: 3.56
batch elapsed: 3.55
batch elapsed: 3.55
batch elapsed: 3.53
batch elapsed: 3.56
batch elapsed: 3.52
batch elapsed: 3.53
batch elapsed: 3.51
batch elapsed: 3.56
batch elapsed: 3.56
batch elapsed: 3.49
batch elapsed: 3.52
batch elapsed: 3.56
batch elapsed: 3.58
batch elapsed: 3.48
batch elapsed: 3.60
batch elapsed: 3.59
batch elapsed: 3.52
batch elapsed: 3.55
batch elapsed: 3.54
batch elapsed: 3.49
batch elapsed: 3.55
batch elapsed: 3.55
batch elapsed: 3.59
batch elapsed: 3.56
batch elapsed: 3.58
batch elapsed: 3.55
batch elapsed: 3.52
batch elapsed: 3.57
batch elapsed: 3.55
batch elapsed: 3.54
batch elapsed: 3.50
batch elapsed: 3.60
batch elapsed: 3.55
batch elapsed: 3.57
batch elapsed: 3.54
batch elapsed: 3.57
batch elapsed: 3.58
batch elapsed: 3.52
batch elapsed: 3.53
batch elapsed: 3.55
batch elapsed: 3.58
batch elapsed: 3.53
batch elapsed: 3.55
batch elapsed: 3.58
batch elapsed: 3.54
batch elapsed: 3.53
batch elapsed: 3.52
batch elapsed: 3.52
batch elapsed: 3.54
batch elapsed: 3.48
batch elapsed: 3.59
batch elapsed: 3.59
batch elapsed: 3.55
batch elapsed: 3.52
batch elapsed: 3.48
batch elapsed: 3.55
batch elapsed: 3.53
batch elapsed: 3.57
batch elapsed: 3.52
batch elapsed: 3.51
batch elapsed: 3.52
batch elapsed: 3.46
batch elapsed: 3.56
batch elapsed: 3.57
batch elapsed: 3.54
batch elapsed: 3.55
batch elapsed: 3.49
batch elapsed: 3.55
batch elapsed: 3.53
batch elapsed: 3.56
batch elapsed: 3.55
batch elapsed: 3.56
batch elapsed: 3.55
batch elapsed: 3.51
batch elapsed: 3.50
batch elapsed: 3.54
batch elapsed: 3.56
batch elapsed: 3.52
batch elapsed: 3.50
batch elapsed: 3.55
batch elapsed: 3.59
batch elapsed: 3.55
batch elapsed: 3.53
batch elapsed: 3.56
batch elapsed: 3.55
batch elapsed: 3.55
batch elapsed: 3.58
batch elapsed: 3.54
batch elapsed: 3.53
batch elapsed: 3.50
batch elapsed: 3.57
batch elapsed: 3.55
batch elapsed: 3.53
batch elapsed: 3.57
batch elapsed: 3.55
batch elapsed: 3.55
batch elapsed: 3.52
batch elapsed: 3.57
batch elapsed: 3.50
batch elapsed: 3.53
batch elapsed: 3.54
batch elapsed: 3.55
batch elapsed: 3.53
batch elapsed: 3.49
batch elapsed: 3.52
batch elapsed: 3.55
batch elapsed: 3.48
batch elapsed: 3.50
batch elapsed: 3.53
batch elapsed: 3.54
batch elapsed: 3.58
batch elapsed: 3.55
batch elapsed: 3.55
batch elapsed: 3.59
batch elapsed: 3.56
batch elapsed: 3.56
batch elapsed: 3.57
batch elapsed: 3.54
batch elapsed: 3.54
batch elapsed: 3.56
batch elapsed: 3.55
batch elapsed: 3.62
batch elapsed: 3.55
batch elapsed: 3.58
batch elapsed: 3.58
batch elapsed: 3.53
batch elapsed: 3.54
batch elapsed: 3.51
batch elapsed: 3.44
batch elapsed: 3.52
batch elapsed: 3.58
batch elapsed: 3.53
batch elapsed: 3.57
batch elapsed: 3.64
batch elapsed: 3.47
batch elapsed: 3.56
batch elapsed: 3.53
batch elapsed: 3.55
batch elapsed: 3.51
batch elapsed: 3.57
batch elapsed: 3.53
batch elapsed: 3.53
batch elapsed: 3.54
batch elapsed: 3.55
batch elapsed: 3.54
batch elapsed: 3.56
batch elapsed: 3.57
batch elapsed: 3.55
batch elapsed: 3.54
batch elapsed: 3.37
Eval num_timesteps=54000, episode_reward=-57.21 +/- 19.99
Episode length: 1000.00 +/- 0.00
-----------------------------------
| eval/              |            |
|    mean_ep_length  | 1e+03      |
|    mean_reward     | -57.2      |
| time/              |            |
|    total_timesteps | 54000      |
| train/             |            |
|    actor_loss      | -1.5944407 |
|    critic_loss     | 0.13       |
|    d_learning_rate | 0.0005     |
|    dstb_ent_coef   | 0.00452    |
|    ent_coef        | 0.0991     |
|    ent_coef_loss   | 0.171      |
|    n_updates       | 255936     |
|    u_learning_rate | 0.0001     |
|    v_learning_rate | 0.001      |
-----------------------------------
batch elapsed: 3.56
batch elapsed: 3.54
batch elapsed: 3.54
batch elapsed: 3.55
batch elapsed: 3.58
batch elapsed: 3.58
batch elapsed: 3.56
batch elapsed: 3.58
batch elapsed: 3.50
batch elapsed: 3.54
batch elapsed: 3.56
batch elapsed: 3.58
batch elapsed: 3.56
batch elapsed: 3.55
batch elapsed: 3.48
batch elapsed: 3.54
batch elapsed: 3.53
batch elapsed: 3.55
batch elapsed: 3.53
batch elapsed: 3.55
batch elapsed: 3.54
batch elapsed: 3.53
batch elapsed: 3.55
batch elapsed: 3.56
batch elapsed: 3.56
batch elapsed: 3.57
batch elapsed: 3.57
batch elapsed: 3.53
batch elapsed: 3.57
batch elapsed: 3.56
batch elapsed: 3.57
batch elapsed: 3.56
batch elapsed: 3.55
batch elapsed: 3.54
batch elapsed: 3.53
batch elapsed: 3.57
batch elapsed: 3.58
batch elapsed: 3.50
batch elapsed: 3.53
batch elapsed: 3.56
batch elapsed: 3.55
batch elapsed: 3.42
batch elapsed: 3.49
batch elapsed: 3.58
batch elapsed: 3.56
batch elapsed: 3.52
batch elapsed: 3.57
batch elapsed: 3.58
batch elapsed: 3.52
batch elapsed: 3.55
batch elapsed: 3.55
batch elapsed: 3.62
batch elapsed: 3.54
batch elapsed: 3.56
batch elapsed: 3.47
batch elapsed: 3.58
batch elapsed: 3.57
batch elapsed: 3.55
batch elapsed: 3.54
batch elapsed: 3.55
batch elapsed: 3.53
batch elapsed: 3.54
batch elapsed: 3.53
batch elapsed: 3.61
batch elapsed: 3.59
batch elapsed: 3.55
batch elapsed: 3.56
batch elapsed: 3.54
batch elapsed: 3.52
batch elapsed: 3.57
batch elapsed: 3.52
batch elapsed: 3.44
batch elapsed: 3.52
batch elapsed: 3.53
batch elapsed: 3.55
batch elapsed: 3.54
batch elapsed: 3.52
batch elapsed: 3.53
batch elapsed: 3.52
batch elapsed: 3.54
batch elapsed: 3.54
batch elapsed: 3.46
batch elapsed: 3.58
batch elapsed: 3.58
batch elapsed: 3.61
batch elapsed: 3.52
batch elapsed: 3.47
batch elapsed: 3.56
batch elapsed: 3.53
batch elapsed: 3.57
batch elapsed: 3.53
batch elapsed: 3.51
batch elapsed: 3.51
batch elapsed: 3.57
batch elapsed: 3.58
batch elapsed: 3.54
batch elapsed: 3.55
batch elapsed: 3.53
batch elapsed: 3.52
batch elapsed: 3.55
batch elapsed: 3.52
batch elapsed: 3.56
batch elapsed: 3.56
batch elapsed: 3.55
batch elapsed: 3.54
batch elapsed: 3.51
batch elapsed: 3.55
batch elapsed: 3.56
batch elapsed: 3.54
batch elapsed: 3.53
batch elapsed: 3.50
batch elapsed: 3.59
batch elapsed: 3.54
batch elapsed: 3.50
batch elapsed: 3.53
batch elapsed: 3.57
batch elapsed: 3.54
batch elapsed: 3.55
batch elapsed: 3.59
batch elapsed: 3.54
batch elapsed: 3.52
batch elapsed: 3.56
batch elapsed: 3.58
batch elapsed: 3.55
batch elapsed: 3.56
batch elapsed: 3.56
batch elapsed: 3.54
batch elapsed: 3.45
batch elapsed: 3.57
batch elapsed: 3.53
batch elapsed: 3.54
batch elapsed: 3.52
batch elapsed: 3.55
batch elapsed: 3.61
batch elapsed: 3.51
batch elapsed: 3.56
batch elapsed: 3.52
batch elapsed: 3.58
batch elapsed: 3.47
batch elapsed: 3.54
batch elapsed: 3.57
batch elapsed: 3.59
batch elapsed: 3.55
batch elapsed: 3.56
batch elapsed: 3.55
batch elapsed: 3.59
batch elapsed: 3.57
batch elapsed: 3.55
batch elapsed: 3.57
batch elapsed: 3.55
batch elapsed: 3.55
batch elapsed: 3.55
batch elapsed: 3.59
batch elapsed: 3.53
batch elapsed: 3.54
batch elapsed: 3.59
batch elapsed: 3.53
batch elapsed: 3.56
batch elapsed: 3.53
batch elapsed: 3.50
batch elapsed: 3.48
batch elapsed: 3.51
batch elapsed: 3.55
batch elapsed: 3.53
batch elapsed: 3.58
batch elapsed: 3.60
batch elapsed: 3.49
batch elapsed: 3.55
batch elapsed: 3.54
batch elapsed: 3.54
batch elapsed: 3.45
batch elapsed: 3.52
batch elapsed: 3.53
batch elapsed: 3.53
batch elapsed: 3.53
batch elapsed: 3.56
batch elapsed: 3.58
batch elapsed: 3.54
batch elapsed: 3.58
batch elapsed: 3.54
batch elapsed: 3.51
batch elapsed: 3.27
Eval num_timesteps=54000, episode_reward=-89.46 +/- 40.18
Episode length: 1000.00 +/- 0.00
----------------------------------
| eval/              |           |
|    mean_ep_length  | 1e+03     |
|    mean_reward     | -89.5     |
| time/              |           |
|    total_timesteps | 54000     |
| train/             |           |
|    actor_loss      | 0.5822586 |
|    critic_loss     | 0.193     |
|    d_learning_rate | 0.0005    |
|    dstb_ent_coef   | 0         |
|    ent_coef        | 0.0352    |
|    ent_coef_loss   | -0.162    |
|    n_updates       | 255936    |
|    u_learning_rate | 0.0001    |
|    v_learning_rate | 0.001     |
----------------------------------
batch elapsed: 3.26
batch elapsed: 3.45
batch elapsed: 3.53
batch elapsed: 3.52
batch elapsed: 3.45
batch elapsed: 3.55
batch elapsed: 3.56
batch elapsed: 3.56
batch elapsed: 3.59
batch elapsed: 3.57
batch elapsed: 3.48
batch elapsed: 3.56
batch elapsed: 3.63
batch elapsed: 3.54
batch elapsed: 3.54
batch elapsed: 3.53
batch elapsed: 3.45
batch elapsed: 3.53
batch elapsed: 3.54
batch elapsed: 3.48
batch elapsed: 3.53
batch elapsed: 3.58
batch elapsed: 3.56
batch elapsed: 3.53
batch elapsed: 3.52
batch elapsed: 3.58
batch elapsed: 3.56
batch elapsed: 3.55
batch elapsed: 3.46
batch elapsed: 3.58
batch elapsed: 3.49
batch elapsed: 3.55
batch elapsed: 3.54
batch elapsed: 3.38
batch elapsed: 3.52
batch elapsed: 3.55
batch elapsed: 3.53
batch elapsed: 3.50
batch elapsed: 3.55
batch elapsed: 3.51
batch elapsed: 3.50
batch elapsed: 3.55
batch elapsed: 3.54
batch elapsed: 3.52
batch elapsed: 3.58
batch elapsed: 3.55
batch elapsed: 3.58
batch elapsed: 3.48
batch elapsed: 3.53
batch elapsed: 3.56
batch elapsed: 3.54
batch elapsed: 3.55
batch elapsed: 3.54
batch elapsed: 3.56
batch elapsed: 3.54
batch elapsed: 3.44
batch elapsed: 3.46
batch elapsed: 3.48
batch elapsed: 3.55
batch elapsed: 3.57
batch elapsed: 3.56
batch elapsed: 3.48
batch elapsed: 3.47
batch elapsed: 3.49
batch elapsed: 3.54
batch elapsed: 3.51
batch elapsed: 3.56
batch elapsed: 3.60
batch elapsed: 3.59
batch elapsed: 3.61
batch elapsed: 3.56
batch elapsed: 3.48
batch elapsed: 3.49
batch elapsed: 3.54
batch elapsed: 3.51
batch elapsed: 3.53
batch elapsed: 3.55
batch elapsed: 3.57
batch elapsed: 3.56
batch elapsed: 3.48
batch elapsed: 3.53
batch elapsed: 3.58
batch elapsed: 3.55
batch elapsed: 3.61
batch elapsed: 3.55
batch elapsed: 3.54
batch elapsed: 3.54
batch elapsed: 3.54
batch elapsed: 3.45
batch elapsed: 3.56
batch elapsed: 3.52
batch elapsed: 3.59
batch elapsed: 3.55
batch elapsed: 3.55
batch elapsed: 3.41
batch elapsed: 3.55
batch elapsed: 3.54
batch elapsed: 3.57
batch elapsed: 3.56
batch elapsed: 3.56
batch elapsed: 3.53
batch elapsed: 3.53
batch elapsed: 3.52
batch elapsed: 3.49
batch elapsed: 3.55
batch elapsed: 3.53
batch elapsed: 3.56
batch elapsed: 3.52
batch elapsed: 3.59
batch elapsed: 3.55
batch elapsed: 3.52
batch elapsed: 3.57
batch elapsed: 3.49
batch elapsed: 3.50
batch elapsed: 3.57
batch elapsed: 3.56
batch elapsed: 3.54
batch elapsed: 3.50
batch elapsed: 3.55
batch elapsed: 3.55
batch elapsed: 3.51
batch elapsed: 3.53
batch elapsed: 3.55
batch elapsed: 3.61
batch elapsed: 3.56
batch elapsed: 3.58
batch elapsed: 3.56
batch elapsed: 3.54
batch elapsed: 3.57
batch elapsed: 3.60
batch elapsed: 3.58
batch elapsed: 3.52
batch elapsed: 3.55
batch elapsed: 3.58
batch elapsed: 3.59
batch elapsed: 3.54
batch elapsed: 3.58
batch elapsed: 3.58
batch elapsed: 3.55
batch elapsed: 3.58
batch elapsed: 3.53
batch elapsed: 3.58
batch elapsed: 3.57
batch elapsed: 3.57
batch elapsed: 3.57
batch elapsed: 3.63
batch elapsed: 3.54
batch elapsed: 3.58
batch elapsed: 3.56
batch elapsed: 3.53
batch elapsed: 3.54
batch elapsed: 3.56
batch elapsed: 3.59
batch elapsed: 3.52
batch elapsed: 3.55
batch elapsed: 3.55
batch elapsed: 3.56
batch elapsed: 3.55
batch elapsed: 3.50
batch elapsed: 3.42
batch elapsed: 3.47
batch elapsed: 3.43
batch elapsed: 3.56
batch elapsed: 3.55
batch elapsed: 3.45
batch elapsed: 3.47
batch elapsed: 3.55
batch elapsed: 3.56
batch elapsed: 3.50
batch elapsed: 3.53
batch elapsed: 3.54
batch elapsed: 3.52
batch elapsed: 3.52
batch elapsed: 3.56
batch elapsed: 3.56
batch elapsed: 3.53
batch elapsed: 3.55
batch elapsed: 3.61
batch elapsed: 3.53
batch elapsed: 3.55
batch elapsed: 3.52
batch elapsed: 3.57
batch elapsed: 3.52
batch elapsed: 3.56
batch elapsed: 3.56
batch elapsed: 3.50
batch elapsed: 3.53
batch elapsed: 3.32
batch elapsed: 3.53
batch elapsed: 3.55
batch elapsed: 3.53
batch elapsed: 3.30
batch elapsed: 3.17
batch elapsed: 3.24
batch elapsed: 3.51
batch elapsed: 3.54
batch elapsed: 3.50
batch elapsed: 3.55
batch elapsed: 3.56
batch elapsed: 3.53
batch elapsed: 3.56
batch elapsed: 3.54
batch elapsed: 3.52
batch elapsed: 3.51
batch elapsed: 3.53
batch elapsed: 3.55
batch elapsed: 3.53
batch elapsed: 3.58
batch elapsed: 3.52
batch elapsed: 3.54
batch elapsed: 3.55
batch elapsed: 3.55
batch elapsed: 3.55
batch elapsed: 3.62
batch elapsed: 3.56
batch elapsed: 3.58
batch elapsed: 3.53
batch elapsed: 3.53
batch elapsed: 3.54
batch elapsed: 3.52
batch elapsed: 3.56
batch elapsed: 3.53
batch elapsed: 3.54
batch elapsed: 3.49
batch elapsed: 3.54
batch elapsed: 3.55
batch elapsed: 3.54
batch elapsed: 3.55
batch elapsed: 3.54
batch elapsed: 3.52
batch elapsed: 3.56
batch elapsed: 3.61
batch elapsed: 3.59
batch elapsed: 3.52
batch elapsed: 3.54
batch elapsed: 3.54
batch elapsed: 3.53
batch elapsed: 3.57
batch elapsed: 3.53
batch elapsed: 3.51
batch elapsed: 3.51
batch elapsed: 3.45
batch elapsed: 3.53
batch elapsed: 3.51
batch elapsed: 3.53
batch elapsed: 3.52
batch elapsed: 3.48
batch elapsed: 3.48
batch elapsed: 3.53
batch elapsed: 3.54
batch elapsed: 3.58
batch elapsed: 3.54
batch elapsed: 3.52
batch elapsed: 3.53
batch elapsed: 3.54
batch elapsed: 3.50
batch elapsed: 3.54
batch elapsed: 3.53
batch elapsed: 3.58
batch elapsed: 3.56
batch elapsed: 3.55
batch elapsed: 3.55
batch elapsed: 3.25
batch elapsed: 3.45
batch elapsed: 3.58
batch elapsed: 3.54
batch elapsed: 3.56
batch elapsed: 3.56
batch elapsed: 3.50
batch elapsed: 3.54
batch elapsed: 3.54
batch elapsed: 3.52
batch elapsed: 3.53
batch elapsed: 3.54
batch elapsed: 3.56
batch elapsed: 3.52
batch elapsed: 3.52
batch elapsed: 3.53
batch elapsed: 3.55
batch elapsed: 3.57
batch elapsed: 3.54
batch elapsed: 3.51
batch elapsed: 3.35
batch elapsed: 3.54
batch elapsed: 3.41
batch elapsed: 3.53
batch elapsed: 3.48
batch elapsed: 3.55
batch elapsed: 3.54
batch elapsed: 3.44
batch elapsed: 3.53
batch elapsed: 3.52
batch elapsed: 3.54
batch elapsed: 3.54
batch elapsed: 3.51
batch elapsed: 3.56
batch elapsed: 3.53
batch elapsed: 3.55
batch elapsed: 3.57
batch elapsed: 3.54
batch elapsed: 3.55
batch elapsed: 3.52
batch elapsed: 3.51
batch elapsed: 3.56
batch elapsed: 3.58
batch elapsed: 3.58
batch elapsed: 3.56
batch elapsed: 3.53
batch elapsed: 3.53
batch elapsed: 3.54
batch elapsed: 3.51
batch elapsed: 3.54
batch elapsed: 3.50
batch elapsed: 3.54
batch elapsed: 3.50
batch elapsed: 3.56
batch elapsed: 3.44
batch elapsed: 3.46
batch elapsed: 3.53
batch elapsed: 3.57
batch elapsed: 3.55
batch elapsed: 3.53
batch elapsed: 3.55
batch elapsed: 3.53
batch elapsed: 3.65
batch elapsed: 3.55
batch elapsed: 3.57
batch elapsed: 3.53
batch elapsed: 3.54
batch elapsed: 3.56
batch elapsed: 3.48
batch elapsed: 3.57
batch elapsed: 3.54
batch elapsed: 3.62
batch elapsed: 3.56
batch elapsed: 3.56
batch elapsed: 3.52
batch elapsed: 3.53
batch elapsed: 3.52
batch elapsed: 3.56
batch elapsed: 3.57
batch elapsed: 3.40
batch elapsed: 3.28
batch elapsed: 3.54
batch elapsed: 3.55
batch elapsed: 3.56
batch elapsed: 3.55
batch elapsed: 3.54
batch elapsed: 3.57
batch elapsed: 3.49
batch elapsed: 3.51
batch elapsed: 3.55
batch elapsed: 3.54
batch elapsed: 3.56
batch elapsed: 3.50
batch elapsed: 3.57
batch elapsed: 3.44
batch elapsed: 3.54
batch elapsed: 3.49
batch elapsed: 3.49
batch elapsed: 3.58
batch elapsed: 3.55
batch elapsed: 3.56
batch elapsed: 3.58
batch elapsed: 3.57
batch elapsed: 3.56
batch elapsed: 3.53
batch elapsed: 3.55
batch elapsed: 3.51
batch elapsed: 3.56
batch elapsed: 3.52
batch elapsed: 3.47
batch elapsed: 3.52
batch elapsed: 3.55
batch elapsed: 3.52
batch elapsed: 3.57
batch elapsed: 3.50
batch elapsed: 3.56
batch elapsed: 3.48
batch elapsed: 3.56
batch elapsed: 3.58
batch elapsed: 3.54
batch elapsed: 3.54
batch elapsed: 3.54
batch elapsed: 3.54
batch elapsed: 3.54
batch elapsed: 3.51
batch elapsed: 3.64
batch elapsed: 3.55
batch elapsed: 3.53
batch elapsed: 3.53
batch elapsed: 3.55
batch elapsed: 3.59
batch elapsed: 3.52
batch elapsed: 3.56
batch elapsed: 3.58
batch elapsed: 3.55
batch elapsed: 3.47
batch elapsed: 3.57
batch elapsed: 3.51
batch elapsed: 3.57
batch elapsed: 3.53
batch elapsed: 3.50
batch elapsed: 3.54
batch elapsed: 3.54
batch elapsed: 3.54
batch elapsed: 3.53
batch elapsed: 3.28
batch elapsed: 3.50
batch elapsed: 3.28
batch elapsed: 3.52
batch elapsed: 3.53
batch elapsed: 3.50
batch elapsed: 3.52
batch elapsed: 3.54
batch elapsed: 3.56
batch elapsed: 3.57
batch elapsed: 3.54
batch elapsed: 3.56
batch elapsed: 3.48
batch elapsed: 3.56
batch elapsed: 3.64
batch elapsed: 3.53
batch elapsed: 3.56
batch elapsed: 3.64
batch elapsed: 3.53
batch elapsed: 3.56
batch elapsed: 3.47
batch elapsed: 3.45
batch elapsed: 3.33
batch elapsed: 3.56
batch elapsed: 3.56
batch elapsed: 3.53
batch elapsed: 3.54
batch elapsed: 3.57
batch elapsed: 3.56
batch elapsed: 3.56
batch elapsed: 3.51
batch elapsed: 3.56
batch elapsed: 3.54
batch elapsed: 3.56
batch elapsed: 3.55
batch elapsed: 3.53
batch elapsed: 3.53
batch elapsed: 3.53
batch elapsed: 3.52
batch elapsed: 3.53
batch elapsed: 3.52
batch elapsed: 3.50
batch elapsed: 3.47
batch elapsed: 3.55
batch elapsed: 3.51
batch elapsed: 3.53
batch elapsed: 3.57
batch elapsed: 3.57
batch elapsed: 3.52
batch elapsed: 3.51
batch elapsed: 3.55
batch elapsed: 3.54
batch elapsed: 3.56
batch elapsed: 3.53
batch elapsed: 3.56
batch elapsed: 3.54
batch elapsed: 3.56
batch elapsed: 3.52
batch elapsed: 3.44
batch elapsed: 3.59
batch elapsed: 3.54
batch elapsed: 3.46
batch elapsed: 3.54
batch elapsed: 3.46
batch elapsed: 3.48
batch elapsed: 3.49
batch elapsed: 3.54
batch elapsed: 3.51
batch elapsed: 3.54
batch elapsed: 3.54
batch elapsed: 3.64
batch elapsed: 3.55
batch elapsed: 3.53
batch elapsed: 3.47
batch elapsed: 3.50
batch elapsed: 3.24
batch elapsed: 3.44
batch elapsed: 3.53
batch elapsed: 3.55
batch elapsed: 3.57
batch elapsed: 3.55
batch elapsed: 3.45
batch elapsed: 3.53
batch elapsed: 3.56
batch elapsed: 3.52
batch elapsed: 3.47
batch elapsed: 3.57
batch elapsed: 3.51
batch elapsed: 3.56
batch elapsed: 3.52
batch elapsed: 3.50
batch elapsed: 3.54
batch elapsed: 3.58
batch elapsed: 3.54
batch elapsed: 3.55
batch elapsed: 3.53
batch elapsed: 3.54
batch elapsed: 3.55
batch elapsed: 3.53
batch elapsed: 3.57
batch elapsed: 3.57
batch elapsed: 3.54
batch elapsed: 3.52
batch elapsed: 3.58
batch elapsed: 3.57
batch elapsed: 3.50
batch elapsed: 3.54
batch elapsed: 3.53
batch elapsed: 3.50
batch elapsed: 3.54
batch elapsed: 3.60
batch elapsed: 3.56
batch elapsed: 3.55
batch elapsed: 3.57
batch elapsed: 3.51
batch elapsed: 3.60
batch elapsed: 3.61
batch elapsed: 3.56
batch elapsed: 3.55
batch elapsed: 3.54
batch elapsed: 3.57
batch elapsed: 3.53
batch elapsed: 3.55
batch elapsed: 3.55
batch elapsed: 3.52
batch elapsed: 3.58
batch elapsed: 3.55
batch elapsed: 3.54
batch elapsed: 3.39
batch elapsed: 3.58
batch elapsed: 3.56
batch elapsed: 3.58
batch elapsed: 3.55
batch elapsed: 3.52
batch elapsed: 3.55
batch elapsed: 3.58
batch elapsed: 3.54
batch elapsed: 3.56
batch elapsed: 3.59
batch elapsed: 3.55
batch elapsed: 3.56
batch elapsed: 3.55
batch elapsed: 3.55
batch elapsed: 3.58
batch elapsed: 3.53
batch elapsed: 3.54
batch elapsed: 3.57
batch elapsed: 3.51
batch elapsed: 3.54
batch elapsed: 3.58
batch elapsed: 3.56
batch elapsed: 3.47
batch elapsed: 3.54
batch elapsed: 3.58
batch elapsed: 3.57
batch elapsed: 3.52
batch elapsed: 3.55
batch elapsed: 3.55
batch elapsed: 3.54
batch elapsed: 3.57
batch elapsed: 3.54
batch elapsed: 3.45
batch elapsed: 3.46
batch elapsed: 3.52
batch elapsed: 3.55
batch elapsed: 3.43
batch elapsed: 3.46
batch elapsed: 3.56
batch elapsed: 3.55
batch elapsed: 3.56
batch elapsed: 3.56
batch elapsed: 3.51
batch elapsed: 3.50
batch elapsed: 3.49
batch elapsed: 3.54
batch elapsed: 3.55
batch elapsed: 3.54
batch elapsed: 3.55
batch elapsed: 3.54
batch elapsed: 3.52
batch elapsed: 3.49
batch elapsed: 3.51
batch elapsed: 3.55
batch elapsed: 3.57
batch elapsed: 3.53
batch elapsed: 3.55
batch elapsed: 3.54
batch elapsed: 3.51
batch elapsed: 3.52
batch elapsed: 3.54
batch elapsed: 3.56
batch elapsed: 3.53
batch elapsed: 3.54
batch elapsed: 3.56
batch elapsed: 3.56
batch elapsed: 3.62
batch elapsed: 3.57
batch elapsed: 3.52
batch elapsed: 3.63
batch elapsed: 3.58
batch elapsed: 3.54
batch elapsed: 3.57
batch elapsed: 3.53
batch elapsed: 3.54
batch elapsed: 3.53
batch elapsed: 3.60
batch elapsed: 3.55
batch elapsed: 3.54
batch elapsed: 3.57
batch elapsed: 3.52
batch elapsed: 3.48
batch elapsed: 3.56
batch elapsed: 3.54
batch elapsed: 3.56
batch elapsed: 3.49
batch elapsed: 3.52
batch elapsed: 3.52
batch elapsed: 3.49
batch elapsed: 3.52
batch elapsed: 3.56
batch elapsed: 3.53
batch elapsed: 3.54
batch elapsed: 3.54
batch elapsed: 3.53
batch elapsed: 3.54
batch elapsed: 3.56
batch elapsed: 3.55
batch elapsed: 3.54
batch elapsed: 3.55
batch elapsed: 3.54
batch elapsed: 3.55
batch elapsed: 3.65
batch elapsed: 3.58
batch elapsed: 3.60
batch elapsed: 3.57
batch elapsed: 3.55
batch elapsed: 3.55
batch elapsed: 3.59
batch elapsed: 3.58
batch elapsed: 3.54
batch elapsed: 3.50
batch elapsed: 3.51
batch elapsed: 3.47
batch elapsed: 3.52
batch elapsed: 3.52
batch elapsed: 3.52
batch elapsed: 3.51
batch elapsed: 3.53
batch elapsed: 3.48
batch elapsed: 3.53
batch elapsed: 3.55
batch elapsed: 3.57
batch elapsed: 3.54
batch elapsed: 3.54
batch elapsed: 3.53
batch elapsed: 3.53
batch elapsed: 3.51
batch elapsed: 3.52
batch elapsed: 3.53
batch elapsed: 3.57
batch elapsed: 3.58
batch elapsed: 3.55
batch elapsed: 3.55
batch elapsed: 3.51
batch elapsed: 3.58
batch elapsed: 3.63
batch elapsed: 3.49
batch elapsed: 3.55
batch elapsed: 3.55
batch elapsed: 3.54
batch elapsed: 3.57
batch elapsed: 3.48
batch elapsed: 3.52
batch elapsed: 3.53
batch elapsed: 3.51
batch elapsed: 3.58
batch elapsed: 3.52
batch elapsed: 3.52
batch elapsed: 3.52
batch elapsed: 3.55
batch elapsed: 3.56
batch elapsed: 3.55
batch elapsed: 3.59
batch elapsed: 3.56
batch elapsed: 3.54
batch elapsed: 3.60
batch elapsed: 3.52
batch elapsed: 3.48
batch elapsed: 3.52
batch elapsed: 3.56
batch elapsed: 3.56
batch elapsed: 3.52
batch elapsed: 3.53
batch elapsed: 3.53
batch elapsed: 3.55
batch elapsed: 3.54
batch elapsed: 3.56
batch elapsed: 3.47
batch elapsed: 3.56
batch elapsed: 3.42
batch elapsed: 3.53
batch elapsed: 3.53
batch elapsed: 3.56
batch elapsed: 3.48
batch elapsed: 3.55
batch elapsed: 3.59
batch elapsed: 3.57
batch elapsed: 3.56
batch elapsed: 3.48
batch elapsed: 3.53
batch elapsed: 3.42
batch elapsed: 3.35
batch elapsed: 3.55
batch elapsed: 3.50
batch elapsed: 3.54
batch elapsed: 3.44
batch elapsed: 3.55
batch elapsed: 3.56
batch elapsed: 3.53
batch elapsed: 3.52
batch elapsed: 3.56
batch elapsed: 3.55
batch elapsed: 3.53
batch elapsed: 3.58
batch elapsed: 3.51
batch elapsed: 3.49
batch elapsed: 3.54
batch elapsed: 3.56
batch elapsed: 3.55
batch elapsed: 3.54
batch elapsed: 3.55
batch elapsed: 3.65
batch elapsed: 3.62
batch elapsed: 3.54
batch elapsed: 3.56
batch elapsed: 3.55
batch elapsed: 3.56
batch elapsed: 3.53
batch elapsed: 3.52
batch elapsed: 3.52
batch elapsed: 3.56
batch elapsed: 3.57
batch elapsed: 3.58
batch elapsed: 3.57
batch elapsed: 3.51
batch elapsed: 3.54
batch elapsed: 3.57
batch elapsed: 3.55
batch elapsed: 3.54
batch elapsed: 3.57
batch elapsed: 3.49
batch elapsed: 3.52
batch elapsed: 3.55
batch elapsed: 3.54
batch elapsed: 3.56
batch elapsed: 3.57
batch elapsed: 3.56
batch elapsed: 3.56
batch elapsed: 3.54
batch elapsed: 3.52
batch elapsed: 3.52
batch elapsed: 3.58
batch elapsed: 3.55
batch elapsed: 3.56
batch elapsed: 3.56
batch elapsed: 3.57
batch elapsed: 3.56
batch elapsed: 3.56
batch elapsed: 3.55
batch elapsed: 3.50
batch elapsed: 3.55
batch elapsed: 3.52
batch elapsed: 3.54
batch elapsed: 3.50
batch elapsed: 3.57
batch elapsed: 3.59
batch elapsed: 3.56
batch elapsed: 3.51
batch elapsed: 3.55
batch elapsed: 3.50
batch elapsed: 3.54
batch elapsed: 3.58
batch elapsed: 3.55
batch elapsed: 3.52
batch elapsed: 3.55
batch elapsed: 3.54
batch elapsed: 3.49
batch elapsed: 3.51
batch elapsed: 3.48
batch elapsed: 3.55
batch elapsed: 3.52
batch elapsed: 3.54
batch elapsed: 3.55
batch elapsed: 3.58
batch elapsed: 3.52
batch elapsed: 3.57
batch elapsed: 3.58
batch elapsed: 3.57
batch elapsed: 3.52
batch elapsed: 3.57
batch elapsed: 3.57
batch elapsed: 3.57
batch elapsed: 3.58
batch elapsed: 3.50
batch elapsed: 3.53
batch elapsed: 3.56
batch elapsed: 3.51
batch elapsed: 3.55
batch elapsed: 3.57
batch elapsed: 3.56
batch elapsed: 3.55
batch elapsed: 3.39
batch elapsed: 3.40
batch elapsed: 3.54
batch elapsed: 3.51
batch elapsed: 3.49
batch elapsed: 3.58
batch elapsed: 3.57
batch elapsed: 3.55
batch elapsed: 3.55
batch elapsed: 3.53
batch elapsed: 3.57
batch elapsed: 3.56
batch elapsed: 3.58
batch elapsed: 3.52
batch elapsed: 3.58
batch elapsed: 3.57
batch elapsed: 3.48
batch elapsed: 3.57
batch elapsed: 3.47
batch elapsed: 3.47
batch elapsed: 3.34
batch elapsed: 3.52
batch elapsed: 3.55
batch elapsed: 3.57
batch elapsed: 3.57
batch elapsed: 3.57
batch elapsed: 3.55
batch elapsed: 3.56
batch elapsed: 3.48
batch elapsed: 3.57
batch elapsed: 3.52
batch elapsed: 3.55
batch elapsed: 3.54
batch elapsed: 3.53
batch elapsed: 3.53
batch elapsed: 3.53
batch elapsed: 3.52
batch elapsed: 3.54
batch elapsed: 3.51
batch elapsed: 3.54
batch elapsed: 3.49
batch elapsed: 3.55
batch elapsed: 3.51
batch elapsed: 3.54
batch elapsed: 3.57
batch elapsed: 3.57
batch elapsed: 3.52
batch elapsed: 3.50
batch elapsed: 3.55
batch elapsed: 3.55
batch elapsed: 3.55
batch elapsed: 3.55
batch elapsed: 3.55
batch elapsed: 3.54
batch elapsed: 3.57
batch elapsed: 3.49
batch elapsed: 3.46
batch elapsed: 3.59
batch elapsed: 3.55
batch elapsed: 3.64
batch elapsed: 3.53
batch elapsed: 3.49
batch elapsed: 3.49
batch elapsed: 3.52
batch elapsed: 3.55
batch elapsed: 3.56
batch elapsed: 3.53
batch elapsed: 3.61
batch elapsed: 3.57
batch elapsed: 3.56
batch elapsed: 3.51
batch elapsed: 3.50
batch elapsed: 3.60
batch elapsed: 3.55
batch elapsed: 3.56
batch elapsed: 3.55
batch elapsed: 3.55
batch elapsed: 3.56
batch elapsed: 3.50
batch elapsed: 3.52
batch elapsed: 3.57
batch elapsed: 3.54
batch elapsed: 3.61
batch elapsed: 3.56
batch elapsed: 3.54
batch elapsed: 3.48
batch elapsed: 3.54
batch elapsed: 3.55
batch elapsed: 3.52
batch elapsed: 3.53
batch elapsed: 3.54
batch elapsed: 3.56
batch elapsed: 3.56
batch elapsed: 3.51
batch elapsed: 3.54
batch elapsed: 3.53
batch elapsed: 3.55
batch elapsed: 3.57
batch elapsed: 3.54
batch elapsed: 3.55
batch elapsed: 3.47
batch elapsed: 3.53
batch elapsed: 3.50
batch elapsed: 3.52
batch elapsed: 3.52
batch elapsed: 3.56
batch elapsed: 3.53
batch elapsed: 3.57
batch elapsed: 3.60
batch elapsed: 3.47
batch elapsed: 3.58
batch elapsed: 3.55
batch elapsed: 3.63
batch elapsed: 3.58
batch elapsed: 3.58
batch elapsed: 3.54
batch elapsed: 3.56
batch elapsed: 3.54
batch elapsed: 3.55
batch elapsed: 3.60
batch elapsed: 3.55
batch elapsed: 3.55
batch elapsed: 3.54
batch elapsed: 3.55
batch elapsed: 3.57
batch elapsed: 3.53
batch elapsed: 3.52
batch elapsed: 3.58
batch elapsed: 3.59
batch elapsed: 3.60
batch elapsed: 3.52
batch elapsed: 3.51
batch elapsed: 3.55
batch elapsed: 3.56
batch elapsed: 3.54
batch elapsed: 3.56
batch elapsed: 3.59
batch elapsed: 3.56
batch elapsed: 3.56
batch elapsed: 3.54
batch elapsed: 3.57
batch elapsed: 3.56
batch elapsed: 3.52
batch elapsed: 3.55
batch elapsed: 3.51
batch elapsed: 3.50
batch elapsed: 3.57
batch elapsed: 3.56
batch elapsed: 3.54
batch elapsed: 3.56
batch elapsed: 3.59
batch elapsed: 3.58
batch elapsed: 3.53
batch elapsed: 3.55
batch elapsed: 3.54
batch elapsed: 3.56
batch elapsed: 3.56
batch elapsed: 3.56
batch elapsed: 3.44
batch elapsed: 3.44
batch elapsed: 3.42
batch elapsed: 3.51
batch elapsed: 3.54
batch elapsed: 3.62
batch elapsed: 3.50
batch elapsed: 3.55
batch elapsed: 3.55
batch elapsed: 3.56
batch elapsed: 3.52
batch elapsed: 3.53
batch elapsed: 3.47
batch elapsed: 3.49
batch elapsed: 3.43
batch elapsed: 3.55
batch elapsed: 3.52
batch elapsed: 3.55
batch elapsed: 3.48
batch elapsed: 3.40
batch elapsed: 3.51
batch elapsed: 3.50
batch elapsed: 3.57
batch elapsed: 3.56
batch elapsed: 3.53
batch elapsed: 3.57
batch elapsed: 3.53
batch elapsed: 3.49
batch elapsed: 3.47
batch elapsed: 3.51
batch elapsed: 3.55
batch elapsed: 3.54
batch elapsed: 3.53
batch elapsed: 3.59
batch elapsed: 3.56
batch elapsed: 3.53
batch elapsed: 3.48
batch elapsed: 3.52
batch elapsed: 3.54
batch elapsed: 3.56
batch elapsed: 3.53
batch elapsed: 3.51
batch elapsed: 3.53
batch elapsed: 3.54
batch elapsed: 3.56
batch elapsed: 3.53
batch elapsed: 3.53
batch elapsed: 3.55
batch elapsed: 3.57
batch elapsed: 3.52
batch elapsed: 3.56
batch elapsed: 3.54
batch elapsed: 3.55
batch elapsed: 3.55
batch elapsed: 3.62
batch elapsed: 3.56
batch elapsed: 3.57
batch elapsed: 3.55
batch elapsed: 3.53
batch elapsed: 3.54
batch elapsed: 3.53
batch elapsed: 3.56
batch elapsed: 3.52
batch elapsed: 3.54
batch elapsed: 3.42
batch elapsed: 3.54
batch elapsed: 3.56
batch elapsed: 3.55
batch elapsed: 3.60
batch elapsed: 3.54
batch elapsed: 3.53
batch elapsed: 3.56
batch elapsed: 3.58
batch elapsed: 3.62
batch elapsed: 3.56
batch elapsed: 3.62
batch elapsed: 3.54
batch elapsed: 3.52
batch elapsed: 3.59
batch elapsed: 3.54
batch elapsed: 3.49
batch elapsed: 3.52
batch elapsed: 3.51
batch elapsed: 3.53
batch elapsed: 3.51
batch elapsed: 3.53
batch elapsed: 3.52
batch elapsed: 3.54
batch elapsed: 3.49
batch elapsed: 3.47
batch elapsed: 3.54
batch elapsed: 3.57
batch elapsed: 3.55
batch elapsed: 3.52
batch elapsed: 3.53
batch elapsed: 3.53
batch elapsed: 3.56
batch elapsed: 3.53
batch elapsed: 3.53
batch elapsed: 3.59
batch elapsed: 3.56
batch elapsed: 3.55
batch elapsed: 3.56
batch elapsed: 3.51
batch elapsed: 3.51
batch elapsed: 3.59
batch elapsed: 3.46
batch elapsed: 3.57
batch elapsed: 3.56
batch elapsed: 3.50
batch elapsed: 3.55
batch elapsed: 3.59
batch elapsed: 3.53
batch elapsed: 3.52
batch elapsed: 3.59
batch elapsed: 3.55
batch elapsed: 3.51
batch elapsed: 3.54
batch elapsed: 3.52
batch elapsed: 3.49
batch elapsed: 3.57
batch elapsed: 3.54
batch elapsed: 3.53
batch elapsed: 3.57
batch elapsed: 3.54
batch elapsed: 3.53
batch elapsed: 3.52
batch elapsed: 3.47
batch elapsed: 3.57
batch elapsed: 3.53
batch elapsed: 3.56
batch elapsed: 3.52
batch elapsed: 3.53
batch elapsed: 3.53
batch elapsed: 3.55
batch elapsed: 3.55
batch elapsed: 3.53
batch elapsed: 3.55
batch elapsed: 3.54
batch elapsed: 3.53
batch elapsed: 3.54
batch elapsed: 3.53
batch elapsed: 3.52
batch elapsed: 3.52
batch elapsed: 3.56
batch elapsed: 3.58
batch elapsed: 3.56
batch elapsed: 3.56
batch elapsed: 3.60
batch elapsed: 3.53
batch elapsed: 3.53
batch elapsed: 3.51
batch elapsed: 3.53
batch elapsed: 3.50
batch elapsed: 3.42
batch elapsed: 3.23
batch elapsed: 3.55
batch elapsed: 3.51
batch elapsed: 3.52
batch elapsed: 3.53
batch elapsed: 3.57
batch elapsed: 3.56
batch elapsed: 3.53
batch elapsed: 3.55
batch elapsed: 3.51
batch elapsed: 3.55
batch elapsed: 3.55
batch elapsed: 3.56
batch elapsed: 3.54
batch elapsed: 3.53
batch elapsed: 3.56
batch elapsed: 3.61
batch elapsed: 3.57
batch elapsed: 3.55
batch elapsed: 3.55
batch elapsed: 3.57
batch elapsed: 3.54
batch elapsed: 3.54
batch elapsed: 3.51
batch elapsed: 3.54
batch elapsed: 3.56
batch elapsed: 3.56
batch elapsed: 3.54
batch elapsed: 3.53
batch elapsed: 3.54
batch elapsed: 3.55
batch elapsed: 3.57
batch elapsed: 3.55
batch elapsed: 3.54
batch elapsed: 3.59
batch elapsed: 3.51
batch elapsed: 3.53
batch elapsed: 3.55
batch elapsed: 3.54
batch elapsed: 3.57
batch elapsed: 3.55
batch elapsed: 3.57
batch elapsed: 3.54
batch elapsed: 3.53
batch elapsed: 3.55
batch elapsed: 3.46
batch elapsed: 3.58
batch elapsed: 3.55
batch elapsed: 3.56
batch elapsed: 3.58
batch elapsed: 3.55
batch elapsed: 3.57
batch elapsed: 3.55
batch elapsed: 3.54
batch elapsed: 3.50
batch elapsed: 3.49
batch elapsed: 3.54
batch elapsed: 3.58
batch elapsed: 3.50
batch elapsed: 3.55
batch elapsed: 3.54
batch elapsed: 3.58
batch elapsed: 3.48
batch elapsed: 3.54
batch elapsed: 3.50
batch elapsed: 3.55
batch elapsed: 3.56
batch elapsed: 3.56
batch elapsed: 3.51
batch elapsed: 3.54
batch elapsed: 3.55
batch elapsed: 3.54
batch elapsed: 3.47
batch elapsed: 3.59
batch elapsed: 3.55
batch elapsed: 3.51
batch elapsed: 3.54
batch elapsed: 3.57
batch elapsed: 3.56
batch elapsed: 3.52
batch elapsed: 3.58
batch elapsed: 3.57
batch elapsed: 3.53
batch elapsed: 3.56
batch elapsed: 3.58
batch elapsed: 3.56
batch elapsed: 3.61
batch elapsed: 3.54
batch elapsed: 3.61
batch elapsed: 3.52
batch elapsed: 3.56
batch elapsed: 3.51
batch elapsed: 3.56
batch elapsed: 3.57
batch elapsed: 3.57
batch elapsed: 3.54
batch elapsed: 3.47
batch elapsed: 3.53
batch elapsed: 3.52
batch elapsed: 3.49
batch elapsed: 3.56
batch elapsed: 3.56
batch elapsed: 3.56
batch elapsed: 3.59
batch elapsed: 3.57
batch elapsed: 3.54
batch elapsed: 3.55
batch elapsed: 3.57
batch elapsed: 3.55
batch elapsed: 3.54
batch elapsed: 3.61
batch elapsed: 3.59
batch elapsed: 3.56
batch elapsed: 3.50
batch elapsed: 3.56
batch elapsed: 3.49
batch elapsed: 3.54
batch elapsed: 3.55
batch elapsed: 3.55
batch elapsed: 3.58
batch elapsed: 3.58
batch elapsed: 3.55
batch elapsed: 3.55
batch elapsed: 3.52
batch elapsed: 3.56
batch elapsed: 3.56
batch elapsed: 3.59
batch elapsed: 3.54
batch elapsed: 3.54
batch elapsed: 3.53
batch elapsed: 3.55
batch elapsed: 3.50
batch elapsed: 3.54
batch elapsed: 3.51
batch elapsed: 3.54
batch elapsed: 3.49
batch elapsed: 3.56
batch elapsed: 3.52
batch elapsed: 3.38
batch elapsed: 3.55
batch elapsed: 3.57
batch elapsed: 3.54
batch elapsed: 3.37
batch elapsed: 3.49
batch elapsed: 3.55
batch elapsed: 3.54
batch elapsed: 3.54
batch elapsed: 3.56
batch elapsed: 3.55
batch elapsed: 3.56
batch elapsed: 3.54
batch elapsed: 3.46
batch elapsed: 3.59
batch elapsed: 3.54
batch elapsed: 3.53
batch elapsed: 3.54
batch elapsed: 3.53
batch elapsed: 3.49
batch elapsed: 3.49
batch elapsed: 3.53
batch elapsed: 3.51
batch elapsed: 3.55
batch elapsed: 3.58
batch elapsed: 3.60
batch elapsed: 3.59
batch elapsed: 3.54
batch elapsed: 3.46
batch elapsed: 3.51
batch elapsed: 3.60
batch elapsed: 3.45
batch elapsed: 3.48
batch elapsed: 3.56
batch elapsed: 3.56
batch elapsed: 3.56
batch elapsed: 3.50
batch elapsed: 3.52
batch elapsed: 3.56
batch elapsed: 3.54
batch elapsed: 3.57
batch elapsed: 3.56
batch elapsed: 3.51
batch elapsed: 3.56
batch elapsed: 3.52
batch elapsed: 3.45
batch elapsed: 3.52
batch elapsed: 3.52
batch elapsed: 3.55
batch elapsed: 3.56
batch elapsed: 3.54
batch elapsed: 3.53
batch elapsed: 3.54
batch elapsed: 3.54
batch elapsed: 3.56
batch elapsed: 3.51
batch elapsed: 3.55
batch elapsed: 3.53
batch elapsed: 3.52
batch elapsed: 3.53
batch elapsed: 3.51
batch elapsed: 3.47
batch elapsed: 3.54
batch elapsed: 3.56
batch elapsed: 3.52
batch elapsed: 3.61
batch elapsed: 3.60
batch elapsed: 3.56
batch elapsed: 3.58
batch elapsed: 3.47
batch elapsed: 3.47
batch elapsed: 3.59
batch elapsed: 3.56
batch elapsed: 3.55
batch elapsed: 3.55
batch elapsed: 3.57
batch elapsed: 3.53
batch elapsed: 3.55
batch elapsed: 3.55
batch elapsed: 3.53
batch elapsed: 3.65
batch elapsed: 3.54
batch elapsed: 3.57
batch elapsed: 3.49
batch elapsed: 3.50
batch elapsed: 3.57
batch elapsed: 3.55
batch elapsed: 3.55
batch elapsed: 3.54
batch elapsed: 3.55
batch elapsed: 3.58
batch elapsed: 3.44
batch elapsed: 3.53
batch elapsed: 3.55
batch elapsed: 3.50
batch elapsed: 3.57
batch elapsed: 3.57
batch elapsed: 3.53
batch elapsed: 3.59
batch elapsed: 3.55
batch elapsed: 3.52
batch elapsed: 3.56
batch elapsed: 3.48
batch elapsed: 3.53
batch elapsed: 3.57
batch elapsed: 3.57
batch elapsed: 3.52
batch elapsed: 3.54
batch elapsed: 3.57
batch elapsed: 3.59
batch elapsed: 3.52
batch elapsed: 3.54
batch elapsed: 3.55
batch elapsed: 3.56
batch elapsed: 3.56
batch elapsed: 3.55
batch elapsed: 3.47
batch elapsed: 3.46
batch elapsed: 3.38
batch elapsed: 3.56
batch elapsed: 3.50
batch elapsed: 3.45
batch elapsed: 3.47
batch elapsed: 3.57
batch elapsed: 3.55
batch elapsed: 3.57
batch elapsed: 3.52
batch elapsed: 3.52
batch elapsed: 3.48
batch elapsed: 3.59
batch elapsed: 3.56
batch elapsed: 3.55
batch elapsed: 3.53
batch elapsed: 3.55
batch elapsed: 3.56
batch elapsed: 3.44
batch elapsed: 3.53
batch elapsed: 3.53
batch elapsed: 3.57
batch elapsed: 3.53
batch elapsed: 3.54
batch elapsed: 3.56
batch elapsed: 3.51
batch elapsed: 3.54
batch elapsed: 3.49
batch elapsed: 3.57
batch elapsed: 3.54
batch elapsed: 3.54
batch elapsed: 3.54
batch elapsed: 3.60
batch elapsed: 3.58
batch elapsed: 3.54
batch elapsed: 3.58
batch elapsed: 3.58
batch elapsed: 3.60
batch elapsed: 3.55
batch elapsed: 3.50
batch elapsed: 3.56
batch elapsed: 3.52
batch elapsed: 3.52
batch elapsed: 3.53
batch elapsed: 3.52
batch elapsed: 3.55
batch elapsed: 3.55
batch elapsed: 3.57
batch elapsed: 3.53
batch elapsed: 3.55
batch elapsed: 3.54
batch elapsed: 3.55
batch elapsed: 3.39
batch elapsed: 3.34
batch elapsed: 3.57
batch elapsed: 3.48
batch elapsed: 3.55
batch elapsed: 3.55
batch elapsed: 3.53
batch elapsed: 3.54
batch elapsed: 3.55
batch elapsed: 3.51
batch elapsed: 3.54
batch elapsed: 3.50
batch elapsed: 3.48
batch elapsed: 3.57
batch elapsed: 3.53
batch elapsed: 3.55
batch elapsed: 3.55
batch elapsed: 3.57
batch elapsed: 3.56
batch elapsed: 3.60
batch elapsed: 3.59
batch elapsed: 3.58
batch elapsed: 3.59
batch elapsed: 3.60
batch elapsed: 3.61
batch elapsed: 3.56
batch elapsed: 3.61
batch elapsed: 3.51
batch elapsed: 3.53
batch elapsed: 3.49
batch elapsed: 3.54
batch elapsed: 3.55
batch elapsed: 3.51
batch elapsed: 3.56
batch elapsed: 3.51
batch elapsed: 3.48
batch elapsed: 3.56
batch elapsed: 3.55
batch elapsed: 3.56
batch elapsed: 3.50
batch elapsed: 3.51
batch elapsed: 3.48
batch elapsed: 3.52
batch elapsed: 3.50
batch elapsed: 3.53
batch elapsed: 3.56
batch elapsed: 3.58
batch elapsed: 3.56
batch elapsed: 3.56
batch elapsed: 3.53
batch elapsed: 3.52
batch elapsed: 3.59
batch elapsed: 3.26
batch elapsed: 3.51
batch elapsed: 3.54
batch elapsed: 3.56
batch elapsed: 3.51
batch elapsed: 3.57
batch elapsed: 3.56
batch elapsed: 3.52
batch elapsed: 3.54
batch elapsed: 3.51
batch elapsed: 3.52
batch elapsed: 3.50
batch elapsed: 3.54
batch elapsed: 3.53
batch elapsed: 3.55
batch elapsed: 3.57
batch elapsed: 3.56
batch elapsed: 3.57
batch elapsed: 3.56
batch elapsed: 3.54
batch elapsed: 3.59
batch elapsed: 3.47
batch elapsed: 3.52
batch elapsed: 3.55
batch elapsed: 3.54
batch elapsed: 3.55
batch elapsed: 3.53
batch elapsed: 3.53
batch elapsed: 3.54
batch elapsed: 3.55
batch elapsed: 3.56
batch elapsed: 3.48
batch elapsed: 3.53
batch elapsed: 3.55
batch elapsed: 3.54
batch elapsed: 3.53
batch elapsed: 3.54
batch elapsed: 3.51
batch elapsed: 3.52
batch elapsed: 3.56
batch elapsed: 3.56
batch elapsed: 3.59
batch elapsed: 3.55
batch elapsed: 3.54
batch elapsed: 3.53
batch elapsed: 3.52
batch elapsed: 3.53
batch elapsed: 3.52
batch elapsed: 3.51
batch elapsed: 3.53
batch elapsed: 3.51
batch elapsed: 3.55
batch elapsed: 3.56
batch elapsed: 3.57
batch elapsed: 3.60
batch elapsed: 3.57
batch elapsed: 3.53
batch elapsed: 3.55
batch elapsed: 3.55
batch elapsed: 3.48
batch elapsed: 3.59
batch elapsed: 3.55
batch elapsed: 3.55
batch elapsed: 3.55
batch elapsed: 3.52
batch elapsed: 3.42
batch elapsed: 3.60
batch elapsed: 3.55
batch elapsed: 3.56
batch elapsed: 3.58
batch elapsed: 3.55
batch elapsed: 3.53
batch elapsed: 3.53
batch elapsed: 3.53
batch elapsed: 3.55
batch elapsed: 3.56
batch elapsed: 3.53
batch elapsed: 3.57
batch elapsed: 3.58
batch elapsed: 3.55
batch elapsed: 3.55
batch elapsed: 3.56
batch elapsed: 3.54
batch elapsed: 3.54
batch elapsed: 3.56
batch elapsed: 3.48
batch elapsed: 3.56
batch elapsed: 3.54
batch elapsed: 3.48
batch elapsed: 3.57
batch elapsed: 3.57
batch elapsed: 3.54
batch elapsed: 3.56
batch elapsed: 3.52
batch elapsed: 3.54
batch elapsed: 3.55
batch elapsed: 3.55
batch elapsed: 3.56
batch elapsed: 3.57
batch elapsed: 3.56
batch elapsed: 3.56
batch elapsed: 3.55
batch elapsed: 3.58
batch elapsed: 3.60
batch elapsed: 3.54
batch elapsed: 3.52
batch elapsed: 3.54
batch elapsed: 3.52
batch elapsed: 3.53
batch elapsed: 3.53
batch elapsed: 3.61
batch elapsed: 3.47
batch elapsed: 3.54
batch elapsed: 3.52
batch elapsed: 3.51
batch elapsed: 3.57
batch elapsed: 3.56
batch elapsed: 3.54
batch elapsed: 3.54
batch elapsed: 3.53
batch elapsed: 3.55
batch elapsed: 3.58
batch elapsed: 3.49
batch elapsed: 3.58
batch elapsed: 3.53
batch elapsed: 3.54
batch elapsed: 3.61
batch elapsed: 3.58
batch elapsed: 3.53
batch elapsed: 3.53
batch elapsed: 3.59
batch elapsed: 3.57
batch elapsed: 3.51
batch elapsed: 3.57
batch elapsed: 3.58
batch elapsed: 3.50
batch elapsed: 3.59
batch elapsed: 3.49
batch elapsed: 3.54
batch elapsed: 3.54
batch elapsed: 3.56
batch elapsed: 3.56
batch elapsed: 3.62
batch elapsed: 3.57
batch elapsed: 3.55
batch elapsed: 3.55
batch elapsed: 3.50
batch elapsed: 3.53
batch elapsed: 3.51
batch elapsed: 3.44
batch elapsed: 3.56
batch elapsed: 3.54
batch elapsed: 3.53
batch elapsed: 3.47
batch elapsed: 3.57
batch elapsed: 3.37
batch elapsed: 3.59
batch elapsed: 3.61
batch elapsed: 3.54
batch elapsed: 3.54
batch elapsed: 3.59
batch elapsed: 3.54
batch elapsed: 3.55
batch elapsed: 3.49
batch elapsed: 3.45
batch elapsed: 3.52
batch elapsed: 3.50
batch elapsed: 3.57
batch elapsed: 3.55
batch elapsed: 3.52
batch elapsed: 3.57
batch elapsed: 3.56
batch elapsed: 3.55
batch elapsed: 3.53
batch elapsed: 3.55
batch elapsed: 3.54
batch elapsed: 3.55
batch elapsed: 3.52
batch elapsed: 3.44
batch elapsed: 3.54
batch elapsed: 3.52
batch elapsed: 3.53
batch elapsed: 3.54
batch elapsed: 3.57
batch elapsed: 3.53
batch elapsed: 3.50
batch elapsed: 3.55
batch elapsed: 3.53
batch elapsed: 3.52
batch elapsed: 3.58
batch elapsed: 3.57
batch elapsed: 3.54
batch elapsed: 3.51
batch elapsed: 3.54
batch elapsed: 3.55
batch elapsed: 3.54
batch elapsed: 3.53
batch elapsed: 3.55
batch elapsed: 3.54
batch elapsed: 3.57
batch elapsed: 3.52
batch elapsed: 3.43
batch elapsed: 3.58
batch elapsed: 3.56
batch elapsed: 3.59
batch elapsed: 3.54
batch elapsed: 3.44
batch elapsed: 3.44
batch elapsed: 3.49
batch elapsed: 3.55
batch elapsed: 3.51
batch elapsed: 3.52
batch elapsed: 3.61
batch elapsed: 3.58
batch elapsed: 3.54
batch elapsed: 3.55
batch elapsed: 3.52
batch elapsed: 3.51
batch elapsed: 3.55
batch elapsed: 3.54
batch elapsed: 3.55
batch elapsed: 3.56
batch elapsed: 3.57
batch elapsed: 3.54
batch elapsed: 3.55
batch elapsed: 3.53
batch elapsed: 3.56
batch elapsed: 3.51
batch elapsed: 3.54
batch elapsed: 3.56
batch elapsed: 3.53
batch elapsed: 3.56
batch elapsed: 3.56
batch elapsed: 3.54
batch elapsed: 3.53
batch elapsed: 3.55
batch elapsed: 3.56
batch elapsed: 3.55
batch elapsed: 3.46
batch elapsed: 3.54
batch elapsed: 3.55
batch elapsed: 3.53
batch elapsed: 3.57
batch elapsed: 3.56
batch elapsed: 3.56
batch elapsed: 3.63
batch elapsed: 3.57
batch elapsed: 3.57
batch elapsed: 3.57
batch elapsed: 3.53
batch elapsed: 3.54
batch elapsed: 3.54
batch elapsed: 3.55
batch elapsed: 3.61
batch elapsed: 3.56
batch elapsed: 3.55
batch elapsed: 3.58
batch elapsed: 3.36
batch elapsed: 3.45
batch elapsed: 3.56
batch elapsed: 3.54
batch elapsed: 3.56
batch elapsed: 3.56
batch elapsed: 3.49
batch elapsed: 3.54
batch elapsed: 3.50
batch elapsed: 3.55
batch elapsed: 3.53
batch elapsed: 3.58
batch elapsed: 3.54
batch elapsed: 3.55
batch elapsed: 3.50
batch elapsed: 3.58
batch elapsed: 3.56
batch elapsed: 3.58
batch elapsed: 3.56
batch elapsed: 3.52
batch elapsed: 3.61
batch elapsed: 3.56
batch elapsed: 3.56
batch elapsed: 3.61
batch elapsed: 3.61
batch elapsed: 3.54
batch elapsed: 3.57
batch elapsed: 3.56
batch elapsed: 3.61
batch elapsed: 3.58
batch elapsed: 3.59
batch elapsed: 3.59
batch elapsed: 3.57
batch elapsed: 3.56
batch elapsed: 3.56
batch elapsed: 3.57
batch elapsed: 3.54
batch elapsed: 3.54
batch elapsed: 3.55
batch elapsed: 3.60
batch elapsed: 3.55
batch elapsed: 3.51
batch elapsed: 3.57
batch elapsed: 3.54
batch elapsed: 3.56
batch elapsed: 3.55
batch elapsed: 3.52
batch elapsed: 3.46
batch elapsed: 3.44
batch elapsed: 3.44
batch elapsed: 3.54
batch elapsed: 3.62
batch elapsed: 3.53
batch elapsed: 3.54
batch elapsed: 3.54
batch elapsed: 3.57
batch elapsed: 3.54
batch elapsed: 3.47
batch elapsed: 3.49
batch elapsed: 3.52
batch elapsed: 3.65
batch elapsed: 3.55
batch elapsed: 3.54
batch elapsed: 3.54
batch elapsed: 3.59
batch elapsed: 3.57
batch elapsed: 3.49
batch elapsed: 3.44
batch elapsed: 3.58
batch elapsed: 3.55
batch elapsed: 3.54
batch elapsed: 3.56
batch elapsed: 3.52
batch elapsed: 3.50
batch elapsed: 3.67
batch elapsed: 3.63
batch elapsed: 3.56
batch elapsed: 3.59
batch elapsed: 3.53
batch elapsed: 3.64
batch elapsed: 3.68
batch elapsed: 3.53
batch elapsed: 3.54
batch elapsed: 3.53
batch elapsed: 3.62
batch elapsed: 3.57
batch elapsed: 3.54
batch elapsed: 3.56
batch elapsed: 3.55
batch elapsed: 3.54
batch elapsed: 3.61
batch elapsed: 3.58
batch elapsed: 3.53
batch elapsed: 3.55
batch elapsed: 3.58
batch elapsed: 3.52
batch elapsed: 3.54
batch elapsed: 3.55
batch elapsed: 3.56
batch elapsed: 3.57
batch elapsed: 3.59
batch elapsed: 3.55
batch elapsed: 3.58
batch elapsed: 3.53
batch elapsed: 3.54
batch elapsed: 3.53
batch elapsed: 3.53
batch elapsed: 3.56
batch elapsed: 3.53
batch elapsed: 3.55
batch elapsed: 3.48
batch elapsed: 3.54
batch elapsed: 3.55
batch elapsed: 3.54
batch elapsed: 3.55
batch elapsed: 3.55
batch elapsed: 3.51
batch elapsed: 3.55
batch elapsed: 3.54
batch elapsed: 3.55
batch elapsed: 3.54
batch elapsed: 3.58
batch elapsed: 3.54
batch elapsed: 3.53
batch elapsed: 3.57
batch elapsed: 3.52
batch elapsed: 3.51
batch elapsed: 3.52
batch elapsed: 3.52
batch elapsed: 3.58
batch elapsed: 3.51
batch elapsed: 3.53
batch elapsed: 3.52
batch elapsed: 3.53
batch elapsed: 3.54
batch elapsed: 3.52
batch elapsed: 3.55
batch elapsed: 3.57
batch elapsed: 3.55
batch elapsed: 3.52
batch elapsed: 3.52
batch elapsed: 3.55
batch elapsed: 3.50
batch elapsed: 3.54
batch elapsed: 3.54
batch elapsed: 3.58
batch elapsed: 3.56
batch elapsed: 3.55
batch elapsed: 3.55
batch elapsed: 3.63
batch elapsed: 3.53
batch elapsed: 3.57
batch elapsed: 3.53
batch elapsed: 3.55
batch elapsed: 3.56
batch elapsed: 3.50
batch elapsed: 3.56
batch elapsed: 3.58
batch elapsed: 3.52
batch elapsed: 3.54
batch elapsed: 3.54
batch elapsed: 3.54
batch elapsed: 3.51
batch elapsed: 3.54
batch elapsed: 3.52
batch elapsed: 3.55
batch elapsed: 3.57
batch elapsed: 3.54
batch elapsed: 3.57
batch elapsed: 3.56
batch elapsed: 3.55
batch elapsed: 3.60
batch elapsed: 3.48
batch elapsed: 3.50
batch elapsed: 3.57
batch elapsed: 3.54
batch elapsed: 3.54
batch elapsed: 3.54
batch elapsed: 3.53
batch elapsed: 3.59
batch elapsed: 3.55
batch elapsed: 3.56
batch elapsed: 3.54
batch elapsed: 3.54
batch elapsed: 3.53
batch elapsed: 3.31
batch elapsed: 3.50
batch elapsed: 3.53
batch elapsed: 3.52
batch elapsed: 3.53
batch elapsed: 3.57
batch elapsed: 3.58
batch elapsed: 3.56
batch elapsed: 3.56
batch elapsed: 3.59
batch elapsed: 3.54
batch elapsed: 3.59
batch elapsed: 3.57
batch elapsed: 3.52
batch elapsed: 3.51
batch elapsed: 3.54
batch elapsed: 3.56
batch elapsed: 3.55
batch elapsed: 3.51
batch elapsed: 3.44
batch elapsed: 3.46
batch elapsed: 3.59
batch elapsed: 3.56
batch elapsed: 3.59
batch elapsed: 3.55
batch elapsed: 3.56
batch elapsed: 3.61
batch elapsed: 3.56
batch elapsed: 3.61
batch elapsed: 3.54
batch elapsed: 3.54
batch elapsed: 3.56
batch elapsed: 3.60
batch elapsed: 3.57
batch elapsed: 3.53
batch elapsed: 3.58
batch elapsed: 3.54
batch elapsed: 3.54
batch elapsed: 3.53
batch elapsed: 3.52
batch elapsed: 3.55
batch elapsed: 3.57
batch elapsed: 3.55
batch elapsed: 3.61
batch elapsed: 3.46
batch elapsed: 3.55
batch elapsed: 3.55
batch elapsed: 3.57
batch elapsed: 3.54
batch elapsed: 3.54
batch elapsed: 3.60
batch elapsed: 3.47
batch elapsed: 3.57
batch elapsed: 3.54
batch elapsed: 3.53
batch elapsed: 3.57
batch elapsed: 3.51
batch elapsed: 3.55
batch elapsed: 3.55
batch elapsed: 3.53
batch elapsed: 3.55
batch elapsed: 3.58
batch elapsed: 3.55
batch elapsed: 3.56
batch elapsed: 3.55
batch elapsed: 3.58
batch elapsed: 3.56
batch elapsed: 3.55
batch elapsed: 3.59
batch elapsed: 3.60
batch elapsed: 3.52
batch elapsed: 3.53
batch elapsed: 3.48
batch elapsed: 3.52
batch elapsed: 3.54
batch elapsed: 3.54
batch elapsed: 3.37
batch elapsed: 3.45
batch elapsed: 3.51
batch elapsed: 3.53
batch elapsed: 3.50
batch elapsed: 3.50
batch elapsed: 3.57
batch elapsed: 3.57
batch elapsed: 3.51
batch elapsed: 3.45
batch elapsed: 3.53
batch elapsed: 3.47
batch elapsed: 3.44
batch elapsed: 3.56
batch elapsed: 3.56
batch elapsed: 3.50
batch elapsed: 3.54
batch elapsed: 3.58
batch elapsed: 3.57
batch elapsed: 3.51
batch elapsed: 3.61
batch elapsed: 3.56
batch elapsed: 3.51
batch elapsed: 3.58
batch elapsed: 3.57
batch elapsed: 3.50
batch elapsed: 3.54
batch elapsed: 3.57
batch elapsed: 3.54
batch elapsed: 3.53
batch elapsed: 3.57
batch elapsed: 3.51
batch elapsed: 3.57
batch elapsed: 3.56
batch elapsed: 3.55
batch elapsed: 3.54
batch elapsed: 3.58
batch elapsed: 3.56
batch elapsed: 3.53
batch elapsed: 3.52
batch elapsed: 3.55
batch elapsed: 3.56
batch elapsed: 3.55
batch elapsed: 3.55
batch elapsed: 3.58
batch elapsed: 3.54
batch elapsed: 3.55
batch elapsed: 3.53
batch elapsed: 3.51
batch elapsed: 3.53
batch elapsed: 3.54
batch elapsed: 3.50
batch elapsed: 3.52
batch elapsed: 3.54
batch elapsed: 3.58
batch elapsed: 3.54
batch elapsed: 3.54
batch elapsed: 3.59
batch elapsed: 3.62
batch elapsed: 3.51
batch elapsed: 3.55
batch elapsed: 3.52
batch elapsed: 3.59
batch elapsed: 3.55
batch elapsed: 3.59
batch elapsed: 3.54
batch elapsed: 3.51
batch elapsed: 3.52
batch elapsed: 3.55
batch elapsed: 3.55
batch elapsed: 3.58
batch elapsed: 3.57
batch elapsed: 3.54
batch elapsed: 3.59
batch elapsed: 3.56
batch elapsed: 3.61
batch elapsed: 3.58
batch elapsed: 3.50
batch elapsed: 3.34
batch elapsed: 3.57
batch elapsed: 3.56
batch elapsed: 3.55
batch elapsed: 3.53
batch elapsed: 3.27
batch elapsed: 3.50
batch elapsed: 3.54
batch elapsed: 3.57
batch elapsed: 3.56
batch elapsed: 3.55
batch elapsed: 3.54
batch elapsed: 3.55
batch elapsed: 3.58
batch elapsed: 3.57
batch elapsed: 3.58
batch elapsed: 3.53
batch elapsed: 3.55
batch elapsed: 3.59
batch elapsed: 3.54
batch elapsed: 3.55
batch elapsed: 3.55
batch elapsed: 3.61
batch elapsed: 3.58
batch elapsed: 3.56
batch elapsed: 3.56
batch elapsed: 3.43
batch elapsed: 3.57
batch elapsed: 3.56
batch elapsed: 3.55
batch elapsed: 3.55
batch elapsed: 3.50
batch elapsed: 3.53
batch elapsed: 3.56
batch elapsed: 3.59
batch elapsed: 3.55
batch elapsed: 3.54
batch elapsed: 3.51
batch elapsed: 3.52
batch elapsed: 3.54
batch elapsed: 3.56
batch elapsed: 3.54
batch elapsed: 3.54
batch elapsed: 3.51
batch elapsed: 3.56
batch elapsed: 3.55
batch elapsed: 3.53
batch elapsed: 3.53
batch elapsed: 3.54
batch elapsed: 3.55
batch elapsed: 3.53
batch elapsed: 3.56
batch elapsed: 3.59
batch elapsed: 3.56
batch elapsed: 3.55
batch elapsed: 3.56
batch elapsed: 3.57
batch elapsed: 3.55
batch elapsed: 3.59
batch elapsed: 3.35
batch elapsed: 3.39
batch elapsed: 3.26
batch elapsed: 3.51
batch elapsed: 3.53
batch elapsed: 3.40
batch elapsed: 3.53
batch elapsed: 3.55
batch elapsed: 3.57
batch elapsed: 3.57
batch elapsed: 3.53
batch elapsed: 3.56
batch elapsed: 3.55
batch elapsed: 3.54
batch elapsed: 3.55
batch elapsed: 3.53
batch elapsed: 3.56
batch elapsed: 3.56
batch elapsed: 3.55
batch elapsed: 3.55
batch elapsed: 3.55
batch elapsed: 3.56
batch elapsed: 3.58
batch elapsed: 3.40
batch elapsed: 3.50
batch elapsed: 3.60
batch elapsed: 3.57
batch elapsed: 3.59
batch elapsed: 3.56
batch elapsed: 3.58
batch elapsed: 3.58
batch elapsed: 3.57
batch elapsed: 3.56
batch elapsed: 3.55
batch elapsed: 3.54
batch elapsed: 3.61
batch elapsed: 3.47
batch elapsed: 3.57
batch elapsed: 3.57
batch elapsed: 3.52
batch elapsed: 3.55
batch elapsed: 3.51
batch elapsed: 3.55
batch elapsed: 3.54
batch elapsed: 3.46
batch elapsed: 3.54
batch elapsed: 3.54
batch elapsed: 3.51
batch elapsed: 3.55
batch elapsed: 3.54
batch elapsed: 3.54
batch elapsed: 3.57
batch elapsed: 3.57
batch elapsed: 3.57
batch elapsed: 3.55
batch elapsed: 3.55
batch elapsed: 3.54
batch elapsed: 3.60
batch elapsed: 3.38
batch elapsed: 3.40
batch elapsed: 3.56
batch elapsed: 3.41
batch elapsed: 3.54
batch elapsed: 3.53
batch elapsed: 3.56
batch elapsed: 3.55
batch elapsed: 3.50
batch elapsed: 3.52
batch elapsed: 3.54
batch elapsed: 3.56
batch elapsed: 3.51
batch elapsed: 3.50
batch elapsed: 3.49
batch elapsed: 3.59
batch elapsed: 3.57
batch elapsed: 3.55
batch elapsed: 3.53
batch elapsed: 3.56
batch elapsed: 3.54
batch elapsed: 3.50
batch elapsed: 3.57
batch elapsed: 3.51
batch elapsed: 3.52
batch elapsed: 3.52
batch elapsed: 3.53
batch elapsed: 3.54
batch elapsed: 3.52
batch elapsed: 3.49
batch elapsed: 3.54
batch elapsed: 3.58
batch elapsed: 3.52
batch elapsed: 3.48
batch elapsed: 3.56
batch elapsed: 3.52
batch elapsed: 3.51
batch elapsed: 3.58
batch elapsed: 3.57
batch elapsed: 3.53
batch elapsed: 3.50
batch elapsed: 3.51
batch elapsed: 3.51
batch elapsed: 3.54
batch elapsed: 3.57
batch elapsed: 3.54
batch elapsed: 3.54
batch elapsed: 3.55
batch elapsed: 3.51
batch elapsed: 3.54
batch elapsed: 3.57
batch elapsed: 3.54
batch elapsed: 3.63
batch elapsed: 3.58
batch elapsed: 3.55
batch elapsed: 3.47
batch elapsed: 3.54
batch elapsed: 3.55
batch elapsed: 3.55
batch elapsed: 3.49
batch elapsed: 3.53
batch elapsed: 3.54
batch elapsed: 3.58
batch elapsed: 3.52
batch elapsed: 3.59
batch elapsed: 3.56
batch elapsed: 3.54
batch elapsed: 3.55
batch elapsed: 3.49
batch elapsed: 3.58
batch elapsed: 3.49
batch elapsed: 3.51
batch elapsed: 3.51
batch elapsed: 3.48
batch elapsed: 3.54
batch elapsed: 3.56
batch elapsed: 3.54
batch elapsed: 3.59
batch elapsed: 3.52
batch elapsed: 3.55
batch elapsed: 3.52
batch elapsed: 3.53
batch elapsed: 3.58
batch elapsed: 3.57
batch elapsed: 3.60
batch elapsed: 3.56
batch elapsed: 3.54
batch elapsed: 3.50
batch elapsed: 3.54
batch elapsed: 3.56
batch elapsed: 3.53
batch elapsed: 3.58
batch elapsed: 3.57
batch elapsed: 3.58
batch elapsed: 3.63
batch elapsed: 3.53
batch elapsed: 3.56
batch elapsed: 3.56
batch elapsed: 3.56
batch elapsed: 3.57
batch elapsed: 3.55
batch elapsed: 3.53
batch elapsed: 3.47
batch elapsed: 3.37
batch elapsed: 3.56
batch elapsed: 3.56
batch elapsed: 3.58
batch elapsed: 3.55
batch elapsed: 3.56
batch elapsed: 3.56
batch elapsed: 3.54
batch elapsed: 3.46
batch elapsed: 3.51
batch elapsed: 3.51
batch elapsed: 3.58
batch elapsed: 3.57
batch elapsed: 3.53
batch elapsed: 3.54
batch elapsed: 3.58
batch elapsed: 3.50
batch elapsed: 3.53
batch elapsed: 3.55
batch elapsed: 3.69
batch elapsed: 3.52
batch elapsed: 3.58
batch elapsed: 3.59
batch elapsed: 3.50
batch elapsed: 3.55
batch elapsed: 3.56
batch elapsed: 3.55
batch elapsed: 3.56
batch elapsed: 3.53
batch elapsed: 3.60
batch elapsed: 3.56
batch elapsed: 3.54
batch elapsed: 3.54
batch elapsed: 3.56
batch elapsed: 3.50
batch elapsed: 3.49
batch elapsed: 3.47
batch elapsed: 3.54
batch elapsed: 3.57
batch elapsed: 3.56
batch elapsed: 3.56
batch elapsed: 3.55
batch elapsed: 3.52
batch elapsed: 3.55
batch elapsed: 3.56
batch elapsed: 3.57
batch elapsed: 3.53
batch elapsed: 3.51
batch elapsed: 3.44
batch elapsed: 3.42
batch elapsed: 3.56
batch elapsed: 3.57
batch elapsed: 3.54
batch elapsed: 3.57
batch elapsed: 3.58
batch elapsed: 3.50
batch elapsed: 3.55
batch elapsed: 3.56
batch elapsed: 3.57
batch elapsed: 3.53
batch elapsed: 3.42
batch elapsed: 3.57
batch elapsed: 3.48
batch elapsed: 3.47
batch elapsed: 3.55
batch elapsed: 3.55
batch elapsed: 3.54
batch elapsed: 3.54
batch elapsed: 3.54
batch elapsed: 3.54
batch elapsed: 3.54
batch elapsed: 3.56
batch elapsed: 3.55
batch elapsed: 3.50
batch elapsed: 3.54
batch elapsed: 3.51
batch elapsed: 3.56
batch elapsed: 3.51
batch elapsed: 3.54
batch elapsed: 3.55
batch elapsed: 3.56
batch elapsed: 3.52
batch elapsed: 3.55
batch elapsed: 3.51
batch elapsed: 3.52
batch elapsed: 3.50
batch elapsed: 3.54
batch elapsed: 3.59
batch elapsed: 3.57
batch elapsed: 3.54
batch elapsed: 3.53
batch elapsed: 3.56
batch elapsed: 3.54
batch elapsed: 3.52
batch elapsed: 3.54
batch elapsed: 3.55
batch elapsed: 3.58
batch elapsed: 3.61
batch elapsed: 3.49
batch elapsed: 3.51
batch elapsed: 3.56
batch elapsed: 3.57
batch elapsed: 3.52
batch elapsed: 3.58
batch elapsed: 3.58
batch elapsed: 3.51
batch elapsed: 3.51
batch elapsed: 3.49
batch elapsed: 3.55
batch elapsed: 3.54
batch elapsed: 3.55
batch elapsed: 3.56
batch elapsed: 3.54
batch elapsed: 3.54
batch elapsed: 3.53
batch elapsed: 3.53
batch elapsed: 3.53
batch elapsed: 3.54
batch elapsed: 3.56
batch elapsed: 3.56
batch elapsed: 3.55
batch elapsed: 3.52
batch elapsed: 3.56
batch elapsed: 3.57
batch elapsed: 3.56
batch elapsed: 3.54
batch elapsed: 3.58
batch elapsed: 3.56
batch elapsed: 3.54
batch elapsed: 3.51
batch elapsed: 3.53
batch elapsed: 3.55
batch elapsed: 3.57
batch elapsed: 3.56
batch elapsed: 3.55
batch elapsed: 3.55
batch elapsed: 3.60
batch elapsed: 3.55
batch elapsed: 3.54
batch elapsed: 3.56
batch elapsed: 3.58
batch elapsed: 3.48
batch elapsed: 3.57
batch elapsed: 3.51
batch elapsed: 3.55
batch elapsed: 3.57
batch elapsed: 3.55
batch elapsed: 3.51
batch elapsed: 3.55
batch elapsed: 3.57
batch elapsed: 3.55
batch elapsed: 3.58
batch elapsed: 3.61
batch elapsed: 3.55
batch elapsed: 3.57
batch elapsed: 3.54
batch elapsed: 3.54
batch elapsed: 3.51
batch elapsed: 3.50
batch elapsed: 3.55
batch elapsed: 3.54
batch elapsed: 3.57
batch elapsed: 3.56
batch elapsed: 3.57
batch elapsed: 3.56
batch elapsed: 3.54
batch elapsed: 3.54
batch elapsed: 3.58
batch elapsed: 3.52
batch elapsed: 3.55
batch elapsed: 3.53
batch elapsed: 3.56
batch elapsed: 3.58
batch elapsed: 3.55
batch elapsed: 3.58
batch elapsed: 3.53
batch elapsed: 3.50
batch elapsed: 3.53
batch elapsed: 3.55
batch elapsed: 3.56
batch elapsed: 3.53
batch elapsed: 3.55
batch elapsed: 3.57
batch elapsed: 3.58
batch elapsed: 3.57
batch elapsed: 3.54
batch elapsed: 3.29
batch elapsed: 3.52
batch elapsed: 3.52
batch elapsed: 3.56
batch elapsed: 3.56
batch elapsed: 3.55
batch elapsed: 3.57
batch elapsed: 3.53
batch elapsed: 3.54
batch elapsed: 3.56
batch elapsed: 3.54
batch elapsed: 3.56
batch elapsed: 3.52
batch elapsed: 3.57
batch elapsed: 3.57
batch elapsed: 3.62
batch elapsed: 3.55
batch elapsed: 3.58
batch elapsed: 3.52
batch elapsed: 3.58
batch elapsed: 3.56
batch elapsed: 3.55
batch elapsed: 3.45
batch elapsed: 3.55
batch elapsed: 3.54
batch elapsed: 3.44
batch elapsed: 3.48
batch elapsed: 3.53
batch elapsed: 3.47
batch elapsed: 3.57
batch elapsed: 3.57
batch elapsed: 3.54
batch elapsed: 3.54
batch elapsed: 3.51
batch elapsed: 3.54
batch elapsed: 3.58
batch elapsed: 3.52
batch elapsed: 3.54
batch elapsed: 3.52
batch elapsed: 3.52
batch elapsed: 3.47
batch elapsed: 3.57
batch elapsed: 3.55
batch elapsed: 3.47
batch elapsed: 3.56
batch elapsed: 3.51
batch elapsed: 3.55
batch elapsed: 3.54
batch elapsed: 3.55
batch elapsed: 3.52
batch elapsed: 3.51
batch elapsed: 3.56
batch elapsed: 3.54
batch elapsed: 3.57
batch elapsed: 3.58
batch elapsed: 3.56
batch elapsed: 3.55
batch elapsed: 3.57
batch elapsed: 3.54
batch elapsed: 3.62
batch elapsed: 3.54
batch elapsed: 3.56
batch elapsed: 3.59
batch elapsed: 3.51
batch elapsed: 3.57
batch elapsed: 3.50
batch elapsed: 3.60
batch elapsed: 3.53
batch elapsed: 3.54
batch elapsed: 3.58
batch elapsed: 3.55
batch elapsed: 3.56
batch elapsed: 3.55
batch elapsed: 3.53
batch elapsed: 3.56
batch elapsed: 3.55
batch elapsed: 3.54
batch elapsed: 3.55
batch elapsed: 3.40
batch elapsed: 3.41
batch elapsed: 3.55
batch elapsed: 3.56
batch elapsed: 3.56
batch elapsed: 3.57
batch elapsed: 3.54
batch elapsed: 3.58
batch elapsed: 3.59
batch elapsed: 3.55
batch elapsed: 3.52
batch elapsed: 3.45
batch elapsed: 3.48
batch elapsed: 3.46
batch elapsed: 3.57
batch elapsed: 3.57
batch elapsed: 3.54
batch elapsed: 3.56
batch elapsed: 3.52
batch elapsed: 3.50
batch elapsed: 3.57
batch elapsed: 3.54
batch elapsed: 3.54
batch elapsed: 3.54
batch elapsed: 3.57
batch elapsed: 3.56
batch elapsed: 3.53
batch elapsed: 3.50
batch elapsed: 3.55
batch elapsed: 3.53
batch elapsed: 3.52
batch elapsed: 3.55
batch elapsed: 3.54
batch elapsed: 3.55
batch elapsed: 3.54
batch elapsed: 3.53
batch elapsed: 3.41
batch elapsed: 3.54
batch elapsed: 3.56
batch elapsed: 3.57
batch elapsed: 3.53
batch elapsed: 3.51
batch elapsed: 3.49
batch elapsed: 3.53
batch elapsed: 3.52
batch elapsed: 3.52
batch elapsed: 3.56
batch elapsed: 3.55
batch elapsed: 3.53
batch elapsed: 3.52
batch elapsed: 3.53
batch elapsed: 3.55
batch elapsed: 3.51
batch elapsed: 3.51
batch elapsed: 3.48
batch elapsed: 3.51
batch elapsed: 3.56
batch elapsed: 3.52
batch elapsed: 3.56
batch elapsed: 3.54
batch elapsed: 3.54
batch elapsed: 3.51
batch elapsed: 3.57
batch elapsed: 3.50
batch elapsed: 3.53
batch elapsed: 3.53
batch elapsed: 3.53
batch elapsed: 3.40
batch elapsed: 3.53
batch elapsed: 3.53
batch elapsed: 3.53
batch elapsed: 3.52
batch elapsed: 3.57
batch elapsed: 3.52
batch elapsed: 3.57
batch elapsed: 3.52
batch elapsed: 3.52
batch elapsed: 3.55
batch elapsed: 3.60
batch elapsed: 3.51
batch elapsed: 3.53
batch elapsed: 3.56
batch elapsed: 3.54
batch elapsed: 3.55
batch elapsed: 3.55
batch elapsed: 3.56
batch elapsed: 3.54
batch elapsed: 3.55
batch elapsed: 3.54
batch elapsed: 3.50
batch elapsed: 3.55
batch elapsed: 3.58
batch elapsed: 3.56
batch elapsed: 3.57
batch elapsed: 3.58
batch elapsed: 3.60
batch elapsed: 3.57
batch elapsed: 3.54
batch elapsed: 3.53
batch elapsed: 3.49
batch elapsed: 3.44
batch elapsed: 3.53
batch elapsed: 3.57
batch elapsed: 3.54
batch elapsed: 3.60
batch elapsed: 3.53
batch elapsed: 3.58
batch elapsed: 3.54
batch elapsed: 3.56
batch elapsed: 3.55
batch elapsed: 3.55
batch elapsed: 3.50
batch elapsed: 3.58
batch elapsed: 3.56
batch elapsed: 3.53
batch elapsed: 3.58
batch elapsed: 3.57
batch elapsed: 3.54
batch elapsed: 3.53
batch elapsed: 3.54
batch elapsed: 3.69
batch elapsed: 3.54
batch elapsed: 3.51
batch elapsed: 3.55
batch elapsed: 3.60
batch elapsed: 3.57
batch elapsed: 3.59
batch elapsed: 3.54
batch elapsed: 3.57
batch elapsed: 3.54
batch elapsed: 3.55
batch elapsed: 3.55
batch elapsed: 3.58
batch elapsed: 3.39
batch elapsed: 3.35
batch elapsed: 3.46
batch elapsed: 3.49
batch elapsed: 3.55
batch elapsed: 3.57
batch elapsed: 3.60
batch elapsed: 3.53
batch elapsed: 3.54
batch elapsed: 3.56
batch elapsed: 3.56
batch elapsed: 3.56
batch elapsed: 3.55
batch elapsed: 3.56
batch elapsed: 3.56
batch elapsed: 3.59
batch elapsed: 3.55
batch elapsed: 3.55
batch elapsed: 3.56
batch elapsed: 3.53
batch elapsed: 3.51
batch elapsed: 3.54
batch elapsed: 3.58
batch elapsed: 3.52
batch elapsed: 3.55
batch elapsed: 3.56
batch elapsed: 3.57
batch elapsed: 3.54
batch elapsed: 3.55
batch elapsed: 3.48
batch elapsed: 3.48
batch elapsed: 3.55
batch elapsed: 3.34
batch elapsed: 3.47
batch elapsed: 3.52
batch elapsed: 3.56
batch elapsed: 3.55
batch elapsed: 3.54
batch elapsed: 3.54
batch elapsed: 3.57
batch elapsed: 3.58
batch elapsed: 3.56
batch elapsed: 3.54
batch elapsed: 3.54
batch elapsed: 3.55
batch elapsed: 3.52
batch elapsed: 3.53
batch elapsed: 3.58
batch elapsed: 3.56
batch elapsed: 3.53
batch elapsed: 3.58
batch elapsed: 3.56
batch elapsed: 3.54
batch elapsed: 3.54
batch elapsed: 3.54
batch elapsed: 3.54
batch elapsed: 3.57
batch elapsed: 3.52
batch elapsed: 3.55
batch elapsed: 3.56
batch elapsed: 3.57
batch elapsed: 3.59
batch elapsed: 3.53
batch elapsed: 3.55
batch elapsed: 3.59
batch elapsed: 3.53
batch elapsed: 3.58
batch elapsed: 3.57
batch elapsed: 3.55
batch elapsed: 3.60
batch elapsed: 3.56
batch elapsed: 3.49
batch elapsed: 3.52
batch elapsed: 3.52
batch elapsed: 3.53
batch elapsed: 3.55
batch elapsed: 3.53
batch elapsed: 3.57
batch elapsed: 3.61
batch elapsed: 3.55
batch elapsed: 3.55
batch elapsed: 3.55
batch elapsed: 3.56
batch elapsed: 3.48
batch elapsed: 3.55
batch elapsed: 3.57
batch elapsed: 3.55
batch elapsed: 3.47
batch elapsed: 3.54
batch elapsed: 3.53
batch elapsed: 3.56
batch elapsed: 3.59
batch elapsed: 3.54
batch elapsed: 3.46
batch elapsed: 3.49
batch elapsed: 3.53
batch elapsed: 3.54
batch elapsed: 3.60
batch elapsed: 3.56
batch elapsed: 3.55
batch elapsed: 3.53
batch elapsed: 3.56
batch elapsed: 3.54
batch elapsed: 3.53
batch elapsed: 3.54
batch elapsed: 3.55
batch elapsed: 3.56
batch elapsed: 3.53
batch elapsed: 3.22
batch elapsed: 3.29
batch elapsed: 3.53
batch elapsed: 3.56
batch elapsed: 3.54
batch elapsed: 3.55
batch elapsed: 3.60
batch elapsed: 3.54
batch elapsed: 3.51
batch elapsed: 3.49
batch elapsed: 3.53
batch elapsed: 3.58
batch elapsed: 3.53
batch elapsed: 3.55
batch elapsed: 3.57
batch elapsed: 3.53
batch elapsed: 3.54
batch elapsed: 3.52
batch elapsed: 3.54
batch elapsed: 3.53
batch elapsed: 3.56
batch elapsed: 3.59
batch elapsed: 3.56
batch elapsed: 3.46
batch elapsed: 3.49
batch elapsed: 3.56
batch elapsed: 3.56
batch elapsed: 3.57
batch elapsed: 3.41
batch elapsed: 3.27
batch elapsed: 3.55
batch elapsed: 3.54
batch elapsed: 3.52
batch elapsed: 3.50
batch elapsed: 3.53
batch elapsed: 3.58
batch elapsed: 3.55
batch elapsed: 3.55
batch elapsed: 3.56
batch elapsed: 3.57
batch elapsed: 3.57
batch elapsed: 3.51
batch elapsed: 3.55
batch elapsed: 3.55
batch elapsed: 3.49
batch elapsed: 3.51
batch elapsed: 3.57
batch elapsed: 3.55
batch elapsed: 3.56
batch elapsed: 3.54
batch elapsed: 3.55
batch elapsed: 3.55
batch elapsed: 3.54
batch elapsed: 3.58
batch elapsed: 3.55
batch elapsed: 3.55
batch elapsed: 3.56
batch elapsed: 3.55
batch elapsed: 3.57
batch elapsed: 3.55
batch elapsed: 3.55
batch elapsed: 3.53
batch elapsed: 3.52
batch elapsed: 3.59
batch elapsed: 3.53
batch elapsed: 3.56
batch elapsed: 3.52
batch elapsed: 3.55
batch elapsed: 3.57
batch elapsed: 3.55
batch elapsed: 3.53
batch elapsed: 3.55
batch elapsed: 3.46
batch elapsed: 3.53
batch elapsed: 3.54
batch elapsed: 3.52
batch elapsed: 3.55
batch elapsed: 3.56
batch elapsed: 3.57
batch elapsed: 3.54
batch elapsed: 3.56
batch elapsed: 3.40
batch elapsed: 3.51
batch elapsed: 3.50
batch elapsed: 3.53
batch elapsed: 3.56
batch elapsed: 3.56
batch elapsed: 3.58
batch elapsed: 3.56
batch elapsed: 3.60
batch elapsed: 3.58
batch elapsed: 3.51
batch elapsed: 3.51
batch elapsed: 3.56
batch elapsed: 3.60
batch elapsed: 3.57
batch elapsed: 3.56
batch elapsed: 3.54
batch elapsed: 3.47
batch elapsed: 3.49
batch elapsed: 3.56
batch elapsed: 3.55
batch elapsed: 3.55
batch elapsed: 3.54
batch elapsed: 3.55
batch elapsed: 3.58
batch elapsed: 3.56
batch elapsed: 3.53
batch elapsed: 3.48
batch elapsed: 3.57
batch elapsed: 3.58
batch elapsed: 3.54
batch elapsed: 3.55
batch elapsed: 3.55
batch elapsed: 3.61
batch elapsed: 3.46
batch elapsed: 3.35
batch elapsed: 3.38
batch elapsed: 3.44
batch elapsed: 3.56
batch elapsed: 3.56
batch elapsed: 3.55
batch elapsed: 3.54
batch elapsed: 3.56
batch elapsed: 3.54
batch elapsed: 3.58
batch elapsed: 3.59
batch elapsed: 3.55
batch elapsed: 3.54
batch elapsed: 3.56
batch elapsed: 3.52
batch elapsed: 3.56
batch elapsed: 3.54
batch elapsed: 3.54
batch elapsed: 3.54
batch elapsed: 3.58
batch elapsed: 3.56
batch elapsed: 3.54
batch elapsed: 3.54
batch elapsed: 3.53
batch elapsed: 3.53
batch elapsed: 3.51
batch elapsed: 3.52
batch elapsed: 3.57
batch elapsed: 3.58
batch elapsed: 3.56
batch elapsed: 3.56
batch elapsed: 3.56
batch elapsed: 3.56
batch elapsed: 3.56
batch elapsed: 3.59
batch elapsed: 3.55
batch elapsed: 3.43
batch elapsed: 3.26
batch elapsed: 3.49
batch elapsed: 3.52
batch elapsed: 3.42
batch elapsed: 3.53
batch elapsed: 3.56
batch elapsed: 3.58
batch elapsed: 3.56
batch elapsed: 3.53
batch elapsed: 3.57
batch elapsed: 3.57
batch elapsed: 3.58
batch elapsed: 3.53
batch elapsed: 3.53
batch elapsed: 3.56
batch elapsed: 3.55
batch elapsed: 3.49
batch elapsed: 3.55
batch elapsed: 3.56
batch elapsed: 3.56
batch elapsed: 3.57
batch elapsed: 3.52
batch elapsed: 3.57
batch elapsed: 3.59
batch elapsed: 3.57
batch elapsed: 3.53
batch elapsed: 3.54
batch elapsed: 3.56
batch elapsed: 3.57
batch elapsed: 3.56
batch elapsed: 3.58
batch elapsed: 3.55
batch elapsed: 3.57
batch elapsed: 3.70
batch elapsed: 3.51
batch elapsed: 3.56
batch elapsed: 3.56
batch elapsed: 3.54
batch elapsed: 3.54
batch elapsed: 3.52
batch elapsed: 3.61
batch elapsed: 3.53
batch elapsed: 3.55
batch elapsed: 3.57
batch elapsed: 3.55
batch elapsed: 3.51
batch elapsed: 3.54
batch elapsed: 3.54
batch elapsed: 3.53
batch elapsed: 3.52
batch elapsed: 3.51
batch elapsed: 3.56
batch elapsed: 3.54
batch elapsed: 3.55
batch elapsed: 3.55
batch elapsed: 3.53
batch elapsed: 3.50
batch elapsed: 3.50
batch elapsed: 3.53
batch elapsed: 3.52
batch elapsed: 3.53
batch elapsed: 3.53
batch elapsed: 3.56
batch elapsed: 3.54
batch elapsed: 3.52
batch elapsed: 3.52
batch elapsed: 3.54
batch elapsed: 3.55
batch elapsed: 3.50
batch elapsed: 3.50
batch elapsed: 3.51
batch elapsed: 3.54
batch elapsed: 3.58
batch elapsed: 3.56
batch elapsed: 3.52
batch elapsed: 3.57
batch elapsed: 3.50
batch elapsed: 3.54
batch elapsed: 3.52
batch elapsed: 3.54
batch elapsed: 3.50
batch elapsed: 3.54
batch elapsed: 3.56
batch elapsed: 3.54
batch elapsed: 3.53
batch elapsed: 3.46
batch elapsed: 3.51
batch elapsed: 3.54
batch elapsed: 3.50
batch elapsed: 3.56
batch elapsed: 3.53
batch elapsed: 3.53
batch elapsed: 3.57
batch elapsed: 3.56
batch elapsed: 3.54
batch elapsed: 3.57
batch elapsed: 3.53
batch elapsed: 3.54
batch elapsed: 3.55
batch elapsed: 3.55
batch elapsed: 3.57
batch elapsed: 3.53
batch elapsed: 3.56
batch elapsed: 3.54
batch elapsed: 3.50
batch elapsed: 3.55
batch elapsed: 3.58
batch elapsed: 3.54
batch elapsed: 3.57
batch elapsed: 3.58
batch elapsed: 3.54
batch elapsed: 3.53
batch elapsed: 3.55
batch elapsed: 3.54
batch elapsed: 3.54
batch elapsed: 3.45
batch elapsed: 3.53
batch elapsed: 3.55
batch elapsed: 3.56
batch elapsed: 3.55
batch elapsed: 3.50
batch elapsed: 3.58
batch elapsed: 3.54
batch elapsed: 3.56
batch elapsed: 3.53
batch elapsed: 3.57
batch elapsed: 3.49
batch elapsed: 3.60
batch elapsed: 3.55
batch elapsed: 3.53
batch elapsed: 3.56
batch elapsed: 3.61
batch elapsed: 3.48
batch elapsed: 3.54
batch elapsed: 3.53
batch elapsed: 3.69
batch elapsed: 3.56
batch elapsed: 3.52
batch elapsed: 3.59
batch elapsed: 3.56
batch elapsed: 3.58
batch elapsed: 3.56
batch elapsed: 3.51
batch elapsed: 3.58
batch elapsed: 3.52
batch elapsed: 3.56
batch elapsed: 3.55
batch elapsed: 3.59
batch elapsed: 3.52
batch elapsed: 3.53
batch elapsed: 3.49
batch elapsed: 3.50
batch elapsed: 3.54
batch elapsed: 3.57
batch elapsed: 3.56
batch elapsed: 3.56
batch elapsed: 3.54
batch elapsed: 3.55
batch elapsed: 3.52
batch elapsed: 3.55
batch elapsed: 3.55
batch elapsed: 3.57
batch elapsed: 3.57
batch elapsed: 3.57
batch elapsed: 3.55
batch elapsed: 3.56
batch elapsed: 3.57
batch elapsed: 3.58
batch elapsed: 3.57
batch elapsed: 3.52
batch elapsed: 3.58
batch elapsed: 3.53
batch elapsed: 3.55
batch elapsed: 3.56
batch elapsed: 3.59
batch elapsed: 3.52
batch elapsed: 3.55
batch elapsed: 3.48
batch elapsed: 3.48
batch elapsed: 3.54
batch elapsed: 3.57
batch elapsed: 3.54
batch elapsed: 3.51
batch elapsed: 3.55
batch elapsed: 3.55
batch elapsed: 3.55
batch elapsed: 3.54
batch elapsed: 3.56
batch elapsed: 3.58
batch elapsed: 3.56
batch elapsed: 3.54
batch elapsed: 3.54
batch elapsed: 3.56
batch elapsed: 3.51
batch elapsed: 3.48
batch elapsed: 3.23
batch elapsed: 3.56
batch elapsed: 3.55
batch elapsed: 3.57
batch elapsed: 3.56
batch elapsed: 3.54
batch elapsed: 3.53
batch elapsed: 3.54
batch elapsed: 3.54
batch elapsed: 3.57
batch elapsed: 3.53
batch elapsed: 3.52
batch elapsed: 3.56
batch elapsed: 3.54
batch elapsed: 3.58
batch elapsed: 3.53
batch elapsed: 3.53
batch elapsed: 3.59
batch elapsed: 3.58
batch elapsed: 3.49
batch elapsed: 3.57
batch elapsed: 3.56
batch elapsed: 3.52
batch elapsed: 3.57
batch elapsed: 3.53
batch elapsed: 3.57
batch elapsed: 3.49
batch elapsed: 3.53
batch elapsed: 3.54
batch elapsed: 3.55
batch elapsed: 3.54
batch elapsed: 3.56
batch elapsed: 3.57
batch elapsed: 3.56
batch elapsed: 3.53
batch elapsed: 3.56
batch elapsed: 3.52
batch elapsed: 3.51
batch elapsed: 3.57
batch elapsed: 3.62
batch elapsed: 3.60
batch elapsed: 3.52
batch elapsed: 3.54
batch elapsed: 3.55
batch elapsed: 3.57
batch elapsed: 3.52
batch elapsed: 3.57
batch elapsed: 3.54
batch elapsed: 3.58
batch elapsed: 3.58
batch elapsed: 3.57
batch elapsed: 3.56
batch elapsed: 3.57
batch elapsed: 3.53
batch elapsed: 3.56
batch elapsed: 3.55
batch elapsed: 3.51
batch elapsed: 3.53
batch elapsed: 3.55
batch elapsed: 3.56
batch elapsed: 3.57
batch elapsed: 3.54
batch elapsed: 3.55
batch elapsed: 3.52
batch elapsed: 3.56
batch elapsed: 3.54
batch elapsed: 3.55
batch elapsed: 3.59
batch elapsed: 3.54
batch elapsed: 3.52
batch elapsed: 3.54
batch elapsed: 3.64
batch elapsed: 3.58
batch elapsed: 3.52
batch elapsed: 3.57
batch elapsed: 3.61
batch elapsed: 3.53
batch elapsed: 3.53
batch elapsed: 3.53
batch elapsed: 3.52
batch elapsed: 3.54
batch elapsed: 3.55
batch elapsed: 3.56
batch elapsed: 3.56
batch elapsed: 3.52
batch elapsed: 3.55
batch elapsed: 3.56
batch elapsed: 3.56
batch elapsed: 3.57
batch elapsed: 3.55
batch elapsed: 3.57
batch elapsed: 3.54
batch elapsed: 3.55
batch elapsed: 3.56
batch elapsed: 3.55
batch elapsed: 3.54
batch elapsed: 3.63
batch elapsed: 3.55
batch elapsed: 3.56
batch elapsed: 3.58
batch elapsed: 3.55
batch elapsed: 3.57
batch elapsed: 3.51
batch elapsed: 3.53
batch elapsed: 3.54
batch elapsed: 3.47
batch elapsed: 3.60
batch elapsed: 3.56
batch elapsed: 3.56
batch elapsed: 3.56
batch elapsed: 3.56
batch elapsed: 3.49
batch elapsed: 3.58
batch elapsed: 3.60
batch elapsed: 3.56
batch elapsed: 3.52
batch elapsed: 3.60
batch elapsed: 3.56
batch elapsed: 3.56
batch elapsed: 3.55
batch elapsed: 3.53
batch elapsed: 3.51
batch elapsed: 3.51
batch elapsed: 3.54
batch elapsed: 3.54
batch elapsed: 3.58
batch elapsed: 3.50
batch elapsed: 3.57
batch elapsed: 3.55
batch elapsed: 3.54
batch elapsed: 3.50
batch elapsed: 3.50
batch elapsed: 3.50
batch elapsed: 3.54
batch elapsed: 3.53
batch elapsed: 3.57
batch elapsed: 3.57
batch elapsed: 3.56
batch elapsed: 3.57
batch elapsed: 3.54
batch elapsed: 3.57
batch elapsed: 3.56
batch elapsed: 3.57
batch elapsed: 3.55
batch elapsed: 3.59
batch elapsed: 3.54
batch elapsed: 3.60
batch elapsed: 3.56
batch elapsed: 3.59
batch elapsed: 3.52
batch elapsed: 3.62
batch elapsed: 3.53
batch elapsed: 3.57
batch elapsed: 3.57
batch elapsed: 3.55
batch elapsed: 3.54
batch elapsed: 3.56
batch elapsed: 3.55
batch elapsed: 3.57
batch elapsed: 3.57
batch elapsed: 3.55
batch elapsed: 3.55
batch elapsed: 3.54
batch elapsed: 3.55
batch elapsed: 3.62
batch elapsed: 3.59
batch elapsed: 3.56
batch elapsed: 3.52
batch elapsed: 3.53
batch elapsed: 3.60
batch elapsed: 3.53
batch elapsed: 3.57
batch elapsed: 3.54
batch elapsed: 3.65
batch elapsed: 3.55
batch elapsed: 3.47
batch elapsed: 3.52
batch elapsed: 3.60
batch elapsed: 3.57
batch elapsed: 3.56
batch elapsed: 3.57
batch elapsed: 3.54
batch elapsed: 3.51
batch elapsed: 3.52
batch elapsed: 3.58
batch elapsed: 3.60
batch elapsed: 3.56
batch elapsed: 3.54
batch elapsed: 3.56
batch elapsed: 3.52
batch elapsed: 3.53
batch elapsed: 3.56
batch elapsed: 3.55
batch elapsed: 3.52
batch elapsed: 3.61
batch elapsed: 3.60
batch elapsed: 3.54
batch elapsed: 3.54
batch elapsed: 3.59
batch elapsed: 3.58
batch elapsed: 3.50
batch elapsed: 3.52
batch elapsed: 3.56
batch elapsed: 3.59
batch elapsed: 3.57
batch elapsed: 3.56
batch elapsed: 3.55
batch elapsed: 3.58
batch elapsed: 3.54
batch elapsed: 3.45
batch elapsed: 3.54
batch elapsed: 3.52
batch elapsed: 3.45
batch elapsed: 3.47
batch elapsed: 3.55
batch elapsed: 3.51
batch elapsed: 3.53
batch elapsed: 3.55
batch elapsed: 3.57
batch elapsed: 3.57
batch elapsed: 3.53
batch elapsed: 3.55
batch elapsed: 3.56
batch elapsed: 3.50
batch elapsed: 3.53
batch elapsed: 3.54
batch elapsed: 3.55
batch elapsed: 3.55
batch elapsed: 3.49
batch elapsed: 3.55
batch elapsed: 3.57
batch elapsed: 3.56
batch elapsed: 3.56
batch elapsed: 3.53
batch elapsed: 3.57
batch elapsed: 3.59
batch elapsed: 3.57
batch elapsed: 3.54
batch elapsed: 3.56
batch elapsed: 3.47
batch elapsed: 3.57
batch elapsed: 3.53
batch elapsed: 3.55
batch elapsed: 3.56
batch elapsed: 3.53
batch elapsed: 3.27
batch elapsed: 3.49
batch elapsed: 3.58
batch elapsed: 3.56
batch elapsed: 3.53
batch elapsed: 3.55
batch elapsed: 3.51
batch elapsed: 3.61
batch elapsed: 3.62
batch elapsed: 3.55
batch elapsed: 3.43
batch elapsed: 3.61
batch elapsed: 3.56
batch elapsed: 3.54
batch elapsed: 3.55
batch elapsed: 3.53
batch elapsed: 3.56
batch elapsed: 3.57
batch elapsed: 3.57
batch elapsed: 3.54
batch elapsed: 3.56
batch elapsed: 3.54
batch elapsed: 3.59
batch elapsed: 3.49
batch elapsed: 3.54
batch elapsed: 3.54
batch elapsed: 3.55
batch elapsed: 3.56
batch elapsed: 3.58
batch elapsed: 3.55
batch elapsed: 3.55
batch elapsed: 3.51
batch elapsed: 3.50
batch elapsed: 3.55
batch elapsed: 3.54
batch elapsed: 3.40
batch elapsed: 3.51
batch elapsed: 3.49
batch elapsed: 3.58
batch elapsed: 3.47
batch elapsed: 3.55
batch elapsed: 3.52
batch elapsed: 3.56
batch elapsed: 3.49
batch elapsed: 3.51
batch elapsed: 3.56
batch elapsed: 3.52
batch elapsed: 3.51
batch elapsed: 3.52
batch elapsed: 3.46
batch elapsed: 3.54
batch elapsed: 3.52
batch elapsed: 3.45
batch elapsed: 3.49
batch elapsed: 3.53
batch elapsed: 3.50
batch elapsed: 3.55
batch elapsed: 3.52
batch elapsed: 3.45
batch elapsed: 3.50
batch elapsed: 3.56
batch elapsed: 3.53
batch elapsed: 3.53
batch elapsed: 3.51
batch elapsed: 3.55
batch elapsed: 3.55
batch elapsed: 3.56
batch elapsed: 3.57
batch elapsed: 3.54
batch elapsed: 3.53
batch elapsed: 3.56
batch elapsed: 3.52
batch elapsed: 3.53
batch elapsed: 3.57
batch elapsed: 3.57
batch elapsed: 3.55
batch elapsed: 3.58
batch elapsed: 3.57
batch elapsed: 3.62
batch elapsed: 3.54
batch elapsed: 3.54
batch elapsed: 3.55
batch elapsed: 3.36
batch elapsed: 3.40
batch elapsed: 3.57
batch elapsed: 3.59
batch elapsed: 3.53
batch elapsed: 3.53
batch elapsed: 3.54
batch elapsed: 3.56
batch elapsed: 3.55
batch elapsed: 3.56
batch elapsed: 3.56
batch elapsed: 3.52
batch elapsed: 3.58
batch elapsed: 3.58
batch elapsed: 3.55
batch elapsed: 3.53
batch elapsed: 3.56
batch elapsed: 3.54
batch elapsed: 3.56
batch elapsed: 3.50
batch elapsed: 3.55
batch elapsed: 3.52
batch elapsed: 3.55
batch elapsed: 3.44
batch elapsed: 3.59
batch elapsed: 3.60
batch elapsed: 3.56
batch elapsed: 3.54
batch elapsed: 3.54
batch elapsed: 3.55
batch elapsed: 3.54
batch elapsed: 3.55
batch elapsed: 3.56
batch elapsed: 3.57
batch elapsed: 3.47
batch elapsed: 3.51
batch elapsed: 3.55
batch elapsed: 3.44
batch elapsed: 3.57
batch elapsed: 3.55
batch elapsed: 3.53
batch elapsed: 3.55
batch elapsed: 3.52
batch elapsed: 3.58
batch elapsed: 3.57
batch elapsed: 3.56
batch elapsed: 3.49
batch elapsed: 3.58
batch elapsed: 3.54
batch elapsed: 3.57
batch elapsed: 3.56
batch elapsed: 3.55
batch elapsed: 3.57
batch elapsed: 3.56
batch elapsed: 3.54
batch elapsed: 3.59
batch elapsed: 3.58
batch elapsed: 3.52
batch elapsed: 3.55
batch elapsed: 3.58
batch elapsed: 3.51
batch elapsed: 3.59
batch elapsed: 3.54
batch elapsed: 3.60
batch elapsed: 3.55
batch elapsed: 3.57
batch elapsed: 3.51
batch elapsed: 3.50
batch elapsed: 3.54
batch elapsed: 3.57
batch elapsed: 3.55
batch elapsed: 3.55
batch elapsed: 3.53
batch elapsed: 3.59
batch elapsed: 3.56
batch elapsed: 3.55
batch elapsed: 3.58
batch elapsed: 3.56
batch elapsed: 3.50
batch elapsed: 3.45
batch elapsed: 3.55
batch elapsed: 3.57
batch elapsed: 3.56
batch elapsed: 3.55
batch elapsed: 3.56
batch elapsed: 3.56
batch elapsed: 3.53
batch elapsed: 3.54
batch elapsed: 3.50
batch elapsed: 3.43
batch elapsed: 3.50
batch elapsed: 3.52
batch elapsed: 3.55
batch elapsed: 3.52
batch elapsed: 3.57
batch elapsed: 3.57
batch elapsed: 3.54
batch elapsed: 3.55
batch elapsed: 3.58
batch elapsed: 3.53
batch elapsed: 3.53
batch elapsed: 3.54
batch elapsed: 3.42
batch elapsed: 3.53
batch elapsed: 3.57
batch elapsed: 3.55
batch elapsed: 3.50
batch elapsed: 3.58
batch elapsed: 3.53
batch elapsed: 3.56
batch elapsed: 3.58
batch elapsed: 3.54
batch elapsed: 3.61
batch elapsed: 3.55
batch elapsed: 3.53
batch elapsed: 3.57
batch elapsed: 3.54
batch elapsed: 3.49
batch elapsed: 3.55
batch elapsed: 3.57
batch elapsed: 3.58
batch elapsed: 3.58
batch elapsed: 3.55
batch elapsed: 3.55
batch elapsed: 3.56
batch elapsed: 3.52
batch elapsed: 3.56
batch elapsed: 3.51
batch elapsed: 3.52
batch elapsed: 3.32
batch elapsed: 3.56
batch elapsed: 3.59
batch elapsed: 3.58
batch elapsed: 3.53
batch elapsed: 3.42
batch elapsed: 3.57
batch elapsed: 3.55
batch elapsed: 3.57
batch elapsed: 3.54
batch elapsed: 3.55
batch elapsed: 3.57
batch elapsed: 3.61
batch elapsed: 3.65
batch elapsed: 3.52
batch elapsed: 3.56
batch elapsed: 3.57
batch elapsed: 3.51
batch elapsed: 3.57
batch elapsed: 3.58
batch elapsed: 3.51
batch elapsed: 3.52
batch elapsed: 3.64
batch elapsed: 3.58
batch elapsed: 3.54
batch elapsed: 3.54
batch elapsed: 3.63
batch elapsed: 3.55
batch elapsed: 3.53
batch elapsed: 3.53
batch elapsed: 3.54
batch elapsed: 3.51
batch elapsed: 3.56
batch elapsed: 3.56
batch elapsed: 3.55
batch elapsed: 3.56
batch elapsed: 3.52
batch elapsed: 3.54
batch elapsed: 3.57
batch elapsed: 3.56
batch elapsed: 3.26
batch elapsed: 3.47
batch elapsed: 3.52
batch elapsed: 3.54
batch elapsed: 3.50
batch elapsed: 3.53
batch elapsed: 3.56
batch elapsed: 3.57
batch elapsed: 3.56
batch elapsed: 3.55
batch elapsed: 3.56
batch elapsed: 3.58
batch elapsed: 3.56
batch elapsed: 3.54
batch elapsed: 3.54
batch elapsed: 3.55
batch elapsed: 3.48
batch elapsed: 3.56
batch elapsed: 3.55
batch elapsed: 3.58
batch elapsed: 3.57
batch elapsed: 3.54
batch elapsed: 3.56
batch elapsed: 3.53
batch elapsed: 3.59
batch elapsed: 3.60
batch elapsed: 3.58
batch elapsed: 3.55
batch elapsed: 3.57
batch elapsed: 3.53
batch elapsed: 3.57
batch elapsed: 3.57
batch elapsed: 3.55
batch elapsed: 3.55
batch elapsed: 3.52
batch elapsed: 3.51
batch elapsed: 3.58
batch elapsed: 3.54
batch elapsed: 3.56
batch elapsed: 3.58
batch elapsed: 3.54
batch elapsed: 3.56
batch elapsed: 3.55
batch elapsed: 3.54
batch elapsed: 3.58
batch elapsed: 3.63
batch elapsed: 3.51
batch elapsed: 3.54
batch elapsed: 3.52
batch elapsed: 3.60
batch elapsed: 3.56
batch elapsed: 3.57
batch elapsed: 3.54
batch elapsed: 3.52
batch elapsed: 3.57
batch elapsed: 3.54
batch elapsed: 3.57
batch elapsed: 3.46
batch elapsed: 3.56
batch elapsed: 3.57
batch elapsed: 3.58
batch elapsed: 3.57
batch elapsed: 3.65
batch elapsed: 3.58
batch elapsed: 3.51
batch elapsed: 3.52
batch elapsed: 3.55
batch elapsed: 3.55
batch elapsed: 3.56
batch elapsed: 3.55
batch elapsed: 3.57
batch elapsed: 3.52
batch elapsed: 3.54
batch elapsed: 3.56
batch elapsed: 3.55
batch elapsed: 3.55
batch elapsed: 3.52
batch elapsed: 3.57
batch elapsed: 3.63
batch elapsed: 3.57
batch elapsed: 3.58
batch elapsed: 3.56
batch elapsed: 3.59
batch elapsed: 3.57
batch elapsed: 3.54
batch elapsed: 3.55
batch elapsed: 3.56
batch elapsed: 3.61
batch elapsed: 3.57
batch elapsed: 3.51
batch elapsed: 3.55
batch elapsed: 3.50
batch elapsed: 3.57
batch elapsed: 3.55
batch elapsed: 3.55
batch elapsed: 3.54
batch elapsed: 3.57
batch elapsed: 3.53
batch elapsed: 3.56
batch elapsed: 3.60
batch elapsed: 3.56
batch elapsed: 3.53
batch elapsed: 3.57
batch elapsed: 3.52
batch elapsed: 3.56
batch elapsed: 3.55
batch elapsed: 3.59
batch elapsed: 3.61
batch elapsed: 3.68
batch elapsed: 3.56
batch elapsed: 3.52
batch elapsed: 3.56
batch elapsed: 3.53
batch elapsed: 3.56
batch elapsed: 3.60
batch elapsed: 3.60
batch elapsed: 3.59
batch elapsed: 3.57
batch elapsed: 3.57
batch elapsed: 3.55
batch elapsed: 3.56
batch elapsed: 3.54
batch elapsed: 3.57
batch elapsed: 3.55
batch elapsed: 3.57
batch elapsed: 3.65
batch elapsed: 3.60
batch elapsed: 3.62
batch elapsed: 3.43
batch elapsed: 3.56
batch elapsed: 3.53
batch elapsed: 3.54
batch elapsed: 3.52
batch elapsed: 3.56
batch elapsed: 3.55
batch elapsed: 3.57
batch elapsed: 3.58
batch elapsed: 3.56
batch elapsed: 3.54
batch elapsed: 3.53
batch elapsed: 3.57
batch elapsed: 3.62
batch elapsed: 3.55
batch elapsed: 3.58
batch elapsed: 3.56
batch elapsed: 3.55
batch elapsed: 3.56
batch elapsed: 3.60
batch elapsed: 3.58
batch elapsed: 3.57
batch elapsed: 3.51
batch elapsed: 3.53
batch elapsed: 3.52
batch elapsed: 3.56
batch elapsed: 3.60
batch elapsed: 3.54
batch elapsed: 3.57
batch elapsed: 3.55
batch elapsed: 3.57
batch elapsed: 3.62
batch elapsed: 3.55
batch elapsed: 3.57
batch elapsed: 3.54
batch elapsed: 3.54
batch elapsed: 3.54
batch elapsed: 3.58
batch elapsed: 3.56
batch elapsed: 3.51
batch elapsed: 3.57
batch elapsed: 3.55
batch elapsed: 3.54
batch elapsed: 3.57
batch elapsed: 3.55
batch elapsed: 3.53
batch elapsed: 3.56
batch elapsed: 3.62
batch elapsed: 3.58
batch elapsed: 3.55
batch elapsed: 3.53
batch elapsed: 3.54
batch elapsed: 3.59
batch elapsed: 3.56
batch elapsed: 3.52
batch elapsed: 3.56
batch elapsed: 3.56
batch elapsed: 3.58
batch elapsed: 3.56
batch elapsed: 3.55
batch elapsed: 3.55
batch elapsed: 3.51
batch elapsed: 3.53
batch elapsed: 3.58
batch elapsed: 3.56
batch elapsed: 3.57
batch elapsed: 3.49
batch elapsed: 3.49
batch elapsed: 3.58
batch elapsed: 3.58
batch elapsed: 3.57
batch elapsed: 3.58
batch elapsed: 3.57
batch elapsed: 3.51
batch elapsed: 3.54
batch elapsed: 3.56
batch elapsed: 3.51
batch elapsed: 3.51
batch elapsed: 3.52
batch elapsed: 3.55
batch elapsed: 3.57
batch elapsed: 3.51
batch elapsed: 3.48
batch elapsed: 3.49
batch elapsed: 3.59
batch elapsed: 3.52
batch elapsed: 3.54
batch elapsed: 3.54
batch elapsed: 3.55
batch elapsed: 3.47
batch elapsed: 3.59
batch elapsed: 3.53
batch elapsed: 3.52
batch elapsed: 3.52
batch elapsed: 3.49
batch elapsed: 3.54
batch elapsed: 3.57
batch elapsed: 3.56
batch elapsed: 3.54
batch elapsed: 3.53
batch elapsed: 3.54
batch elapsed: 3.52
batch elapsed: 3.53
batch elapsed: 3.58
batch elapsed: 3.56
batch elapsed: 3.61
batch elapsed: 3.59
batch elapsed: 3.56
batch elapsed: 3.56
batch elapsed: 3.55
batch elapsed: 3.54
batch elapsed: 3.55
batch elapsed: 3.52
batch elapsed: 3.56
batch elapsed: 3.54
batch elapsed: 3.58
batch elapsed: 3.53
batch elapsed: 3.58
batch elapsed: 3.55
batch elapsed: 3.55
batch elapsed: 3.56
batch elapsed: 3.53
batch elapsed: 3.59
batch elapsed: 3.50
batch elapsed: 3.57
batch elapsed: 3.55
batch elapsed: 3.48
batch elapsed: 3.55
batch elapsed: 3.56
batch elapsed: 3.53
batch elapsed: 3.55
batch elapsed: 3.51
batch elapsed: 3.55
batch elapsed: 3.53
batch elapsed: 3.53
batch elapsed: 3.58
batch elapsed: 3.56
batch elapsed: 3.60
batch elapsed: 3.56
batch elapsed: 3.54
batch elapsed: 3.54
batch elapsed: 3.55
batch elapsed: 3.56
batch elapsed: 3.54
batch elapsed: 3.57
batch elapsed: 3.57
batch elapsed: 3.58
batch elapsed: 3.63
batch elapsed: 3.52
batch elapsed: 3.46
batch elapsed: 3.55
batch elapsed: 3.57
batch elapsed: 3.57
batch elapsed: 3.55
batch elapsed: 3.51
batch elapsed: 3.59
batch elapsed: 3.56
batch elapsed: 3.55
batch elapsed: 3.56
batch elapsed: 3.58
batch elapsed: 3.54
batch elapsed: 3.57
batch elapsed: 3.55
batch elapsed: 3.55
batch elapsed: 3.57
batch elapsed: 3.64
batch elapsed: 3.53
batch elapsed: 3.58
batch elapsed: 3.55
batch elapsed: 3.55
batch elapsed: 3.54
batch elapsed: 3.59
batch elapsed: 3.54
batch elapsed: 3.54
batch elapsed: 3.58
batch elapsed: 3.65
batch elapsed: 3.53
batch elapsed: 3.58
batch elapsed: 3.48
batch elapsed: 3.52
batch elapsed: 3.55
batch elapsed: 3.57
batch elapsed: 3.54
batch elapsed: 3.56
batch elapsed: 3.54
batch elapsed: 3.59
batch elapsed: 3.56
batch elapsed: 3.55
batch elapsed: 3.59
batch elapsed: 3.56
batch elapsed: 3.51
batch elapsed: 3.54
batch elapsed: 3.58
batch elapsed: 3.53
batch elapsed: 3.56
batch elapsed: 3.58
batch elapsed: 3.55
batch elapsed: 3.55
batch elapsed: 3.53
batch elapsed: 3.54
batch elapsed: 3.55
batch elapsed: 3.61
batch elapsed: 3.53
batch elapsed: 3.52
batch elapsed: 3.55
batch elapsed: 3.60
batch elapsed: 3.58
batch elapsed: 3.54
batch elapsed: 3.53
batch elapsed: 3.58
batch elapsed: 3.52
batch elapsed: 3.49
batch elapsed: 3.56
batch elapsed: 3.57
batch elapsed: 3.53
batch elapsed: 3.58
batch elapsed: 3.52
batch elapsed: 3.51
batch elapsed: 3.50
batch elapsed: 3.52
batch elapsed: 3.55
batch elapsed: 3.55
batch elapsed: 3.54
batch elapsed: 3.57
batch elapsed: 3.51
batch elapsed: 3.51
batch elapsed: 3.53
batch elapsed: 3.56
batch elapsed: 3.53
batch elapsed: 3.51
batch elapsed: 3.55
batch elapsed: 3.68
batch elapsed: 3.56
batch elapsed: 3.50
batch elapsed: 3.54
batch elapsed: 3.55
batch elapsed: 3.56
batch elapsed: 3.52
batch elapsed: 3.54
batch elapsed: 3.52
batch elapsed: 3.52
batch elapsed: 3.55
batch elapsed: 3.60
batch elapsed: 3.61
batch elapsed: 3.57
batch elapsed: 3.52
batch elapsed: 3.56
batch elapsed: 3.55
batch elapsed: 3.52
batch elapsed: 3.54
batch elapsed: 3.54
batch elapsed: 3.57
batch elapsed: 3.56
batch elapsed: 3.51
batch elapsed: 3.47
batch elapsed: 3.51
batch elapsed: 3.57
batch elapsed: 3.54
batch elapsed: 3.54
batch elapsed: 3.60
batch elapsed: 3.56
batch elapsed: 3.51
batch elapsed: 3.54
batch elapsed: 3.58
batch elapsed: 3.58
batch elapsed: 3.52
batch elapsed: 3.56
batch elapsed: 3.62
batch elapsed: 3.54
batch elapsed: 3.53
batch elapsed: 3.53
batch elapsed: 3.53
batch elapsed: 3.53
batch elapsed: 3.57
batch elapsed: 3.56
batch elapsed: 3.54
batch elapsed: 3.53
batch elapsed: 3.54
batch elapsed: 3.56
batch elapsed: 3.57
batch elapsed: 3.58
batch elapsed: 3.58
batch elapsed: 3.59
batch elapsed: 3.54
batch elapsed: 3.54
batch elapsed: 3.55
batch elapsed: 3.56
batch elapsed: 3.56
batch elapsed: 3.67
batch elapsed: 3.54
batch elapsed: 3.56
batch elapsed: 3.56
batch elapsed: 3.57
batch elapsed: 3.57
batch elapsed: 3.51
batch elapsed: 3.53
batch elapsed: 3.56
batch elapsed: 3.48
batch elapsed: 3.58
batch elapsed: 3.57
batch elapsed: 3.54
batch elapsed: 3.57
batch elapsed: 3.50
batch elapsed: 3.41
batch elapsed: 3.53
batch elapsed: 3.60
batch elapsed: 3.57
batch elapsed: 3.47
batch elapsed: 3.61
batch elapsed: 3.58
batch elapsed: 3.51
batch elapsed: 3.46
batch elapsed: 3.56
batch elapsed: 3.54
batch elapsed: 3.61
batch elapsed: 3.51
batch elapsed: 3.58
batch elapsed: 3.57
batch elapsed: 3.54
batch elapsed: 3.57
batch elapsed: 3.54
batch elapsed: 3.56
batch elapsed: 3.50
batch elapsed: 3.58
batch elapsed: 3.52
batch elapsed: 3.27
batch elapsed: 3.50
batch elapsed: 3.52
batch elapsed: 3.53
batch elapsed: 3.56
batch elapsed: 3.56
batch elapsed: 3.52
batch elapsed: 3.56
batch elapsed: 3.52
batch elapsed: 3.56
batch elapsed: 3.37
batch elapsed: 3.47
batch elapsed: 3.60
batch elapsed: 3.53
batch elapsed: 3.56
batch elapsed: 3.55
batch elapsed: 3.55
batch elapsed: 3.55
batch elapsed: 3.54
batch elapsed: 3.57
batch elapsed: 3.53
batch elapsed: 3.58
batch elapsed: 3.56
batch elapsed: 3.54
batch elapsed: 3.53
batch elapsed: 3.56
batch elapsed: 3.52
batch elapsed: 3.54
batch elapsed: 3.56
batch elapsed: 3.56
batch elapsed: 3.53
batch elapsed: 3.54
batch elapsed: 3.54
batch elapsed: 3.58
batch elapsed: 3.56
batch elapsed: 3.55
batch elapsed: 3.53
batch elapsed: 3.58
batch elapsed: 3.63
batch elapsed: 3.37
batch elapsed: 3.49
batch elapsed: 3.56
batch elapsed: 3.59
batch elapsed: 3.63
batch elapsed: 3.54
batch elapsed: 3.59
batch elapsed: 3.61
batch elapsed: 3.58
batch elapsed: 3.52
batch elapsed: 3.55
batch elapsed: 3.53
batch elapsed: 3.58
batch elapsed: 3.56
batch elapsed: 3.53
batch elapsed: 3.56
batch elapsed: 3.54
batch elapsed: 3.51
batch elapsed: 3.54
batch elapsed: 3.55
batch elapsed: 3.50
batch elapsed: 3.45
batch elapsed: 3.54
batch elapsed: 3.43
batch elapsed: 3.51
batch elapsed: 3.56
batch elapsed: 3.57
batch elapsed: 3.57
batch elapsed: 3.58
batch elapsed: 3.54
batch elapsed: 3.51
batch elapsed: 3.58
batch elapsed: 3.61
batch elapsed: 3.57
batch elapsed: 3.55
batch elapsed: 3.60
batch elapsed: 3.54
batch elapsed: 3.59
batch elapsed: 3.50
batch elapsed: 3.56
batch elapsed: 3.57
batch elapsed: 3.52
batch elapsed: 3.51
batch elapsed: 3.52
batch elapsed: 3.45
batch elapsed: 3.56
batch elapsed: 3.52
batch elapsed: 3.59
batch elapsed: 3.46
batch elapsed: 3.50
batch elapsed: 3.50
batch elapsed: 3.50
batch elapsed: 3.51
batch elapsed: 3.57
batch elapsed: 3.53
batch elapsed: 3.55
batch elapsed: 3.57
batch elapsed: 3.54
batch elapsed: 3.48
batch elapsed: 3.42
batch elapsed: 3.26
batch elapsed: 3.56
batch elapsed: 3.47
batch elapsed: 3.56
batch elapsed: 3.57
batch elapsed: 3.54
batch elapsed: 3.55
batch elapsed: 3.55
batch elapsed: 3.58
batch elapsed: 3.54
batch elapsed: 3.56
batch elapsed: 3.55
batch elapsed: 3.55
batch elapsed: 3.53
batch elapsed: 3.55
batch elapsed: 3.55
batch elapsed: 3.59
batch elapsed: 3.56
batch elapsed: 3.56
batch elapsed: 3.57
batch elapsed: 3.54
batch elapsed: 3.52
batch elapsed: 3.54
batch elapsed: 3.56
batch elapsed: 3.53
batch elapsed: 3.54
batch elapsed: 3.54
batch elapsed: 3.53
batch elapsed: 3.56
batch elapsed: 3.60
batch elapsed: 3.55
batch elapsed: 3.55
batch elapsed: 3.53
batch elapsed: 3.55
batch elapsed: 3.54
batch elapsed: 3.54
batch elapsed: 3.59
batch elapsed: 3.54
batch elapsed: 3.56
batch elapsed: 3.57
batch elapsed: 3.57
batch elapsed: 3.49
batch elapsed: 3.53
batch elapsed: 3.53
batch elapsed: 3.55
batch elapsed: 3.50
batch elapsed: 3.50
batch elapsed: 3.57
batch elapsed: 3.55
batch elapsed: 3.51
batch elapsed: 3.48
batch elapsed: 3.59
batch elapsed: 3.55
batch elapsed: 3.45
batch elapsed: 3.45
batch elapsed: 3.54
batch elapsed: 3.57
batch elapsed: 3.53
batch elapsed: 3.59
batch elapsed: 3.54
batch elapsed: 3.56
batch elapsed: 3.62
batch elapsed: 3.57
batch elapsed: 3.54
batch elapsed: 3.56
Eval num_timesteps=55000, episode_reward=3.14 +/- 8.38
Episode length: 1000.00 +/- 0.00
----------------------------------
| eval/              |           |
|    mean_ep_length  | 1e+03     |
|    mean_reward     | 3.14      |
| time/              |           |
|    total_timesteps | 55000     |
| train/             |           |
|    actor_loss      | -0.898581 |
|    critic_loss     | 0.134     |
|    d_learning_rate | 0.0005    |
|    dstb_ent_coef   | 0.00601   |
|    ent_coef        | 0.244     |
|    ent_coef_loss   | -0.444    |
|    n_updates       | 319936    |
|    u_learning_rate | 0.0001    |
|    v_learning_rate | 0.001     |
----------------------------------
batch elapsed: 3.62
batch elapsed: 3.61
batch elapsed: 3.51
batch elapsed: 3.52
batch elapsed: 3.55
batch elapsed: 3.54
batch elapsed: 3.53
batch elapsed: 3.54
batch elapsed: 3.59
batch elapsed: 3.56
batch elapsed: 3.59
batch elapsed: 3.56
batch elapsed: 3.55
batch elapsed: 3.61
batch elapsed: 3.52
batch elapsed: 3.57
batch elapsed: 3.53
batch elapsed: 3.57
batch elapsed: 3.53
batch elapsed: 3.52
batch elapsed: 3.54
batch elapsed: 3.57
batch elapsed: 3.52
batch elapsed: 3.55
batch elapsed: 3.52
batch elapsed: 3.55
batch elapsed: 3.58
batch elapsed: 3.46
batch elapsed: 3.55
batch elapsed: 3.55
batch elapsed: 3.55
batch elapsed: 3.54
batch elapsed: 3.59
batch elapsed: 3.54
batch elapsed: 3.56
batch elapsed: 3.55
batch elapsed: 3.53
batch elapsed: 3.55
batch elapsed: 3.58
batch elapsed: 3.56
batch elapsed: 3.54
batch elapsed: 3.54
batch elapsed: 3.54
batch elapsed: 3.52
batch elapsed: 3.51
batch elapsed: 3.55
batch elapsed: 3.56
batch elapsed: 3.52
batch elapsed: 3.55
batch elapsed: 3.54
batch elapsed: 3.57
batch elapsed: 3.57
batch elapsed: 3.54
batch elapsed: 3.55
batch elapsed: 3.42
batch elapsed: 3.37
batch elapsed: 3.31
batch elapsed: 3.51
batch elapsed: 3.56
batch elapsed: 3.59
batch elapsed: 3.57
batch elapsed: 3.52
batch elapsed: 3.54
batch elapsed: 3.55
batch elapsed: 3.55
batch elapsed: 3.55
batch elapsed: 3.54
batch elapsed: 3.55
batch elapsed: 3.51
batch elapsed: 3.56
batch elapsed: 3.54
batch elapsed: 3.53
batch elapsed: 3.55
batch elapsed: 3.56
batch elapsed: 3.56
batch elapsed: 3.53
batch elapsed: 3.50
batch elapsed: 3.51
batch elapsed: 3.56
batch elapsed: 3.50
batch elapsed: 3.55
batch elapsed: 3.55
batch elapsed: 3.55
batch elapsed: 3.58
batch elapsed: 3.58
batch elapsed: 3.53
batch elapsed: 3.52
batch elapsed: 3.59
batch elapsed: 3.49
batch elapsed: 3.55
batch elapsed: 3.55
batch elapsed: 3.55
batch elapsed: 3.55
batch elapsed: 3.51
batch elapsed: 3.52
batch elapsed: 3.51
batch elapsed: 3.55
batch elapsed: 3.53
batch elapsed: 3.50
batch elapsed: 3.44
batch elapsed: 3.54
batch elapsed: 3.55
batch elapsed: 3.53
batch elapsed: 3.57
batch elapsed: 3.26
batch elapsed: 3.38
batch elapsed: 3.52
batch elapsed: 3.54
batch elapsed: 3.54
batch elapsed: 3.58
batch elapsed: 3.52
batch elapsed: 3.62
batch elapsed: 3.56
batch elapsed: 3.52
batch elapsed: 3.41
batch elapsed: 3.40
batch elapsed: 3.42
batch elapsed: 3.51
batch elapsed: 3.52
batch elapsed: 3.56
batch elapsed: 3.56
batch elapsed: 3.57
batch elapsed: 3.53
batch elapsed: 3.53
batch elapsed: 3.58
batch elapsed: 3.56
batch elapsed: 3.56
batch elapsed: 3.54
batch elapsed: 3.57
batch elapsed: 3.52
batch elapsed: 3.53
batch elapsed: 3.58
batch elapsed: 3.57
batch elapsed: 3.57
batch elapsed: 3.57
batch elapsed: 3.57
batch elapsed: 3.54
batch elapsed: 3.50
batch elapsed: 3.56
batch elapsed: 3.55
batch elapsed: 3.54
batch elapsed: 3.53
batch elapsed: 3.55
batch elapsed: 3.51
batch elapsed: 3.57
batch elapsed: 3.59
batch elapsed: 3.56
batch elapsed: 3.54
batch elapsed: 3.54
batch elapsed: 3.55
batch elapsed: 3.54
batch elapsed: 3.54
batch elapsed: 3.60
batch elapsed: 3.53
batch elapsed: 3.55
batch elapsed: 3.58
batch elapsed: 3.58
batch elapsed: 3.51
batch elapsed: 3.54
batch elapsed: 3.53
batch elapsed: 3.56
batch elapsed: 3.55
batch elapsed: 3.51
batch elapsed: 3.56
batch elapsed: 3.55
batch elapsed: 3.51
batch elapsed: 3.64
batch elapsed: 3.54
batch elapsed: 3.55
batch elapsed: 3.59
batch elapsed: 3.53
batch elapsed: 3.55
batch elapsed: 3.55
batch elapsed: 3.55
batch elapsed: 3.56
batch elapsed: 3.57
batch elapsed: 3.61
batch elapsed: 3.60
batch elapsed: 3.54
batch elapsed: 3.55
batch elapsed: 3.51
batch elapsed: 3.52
Eval num_timesteps=55000, episode_reward=-8.18 +/- 5.95
Episode length: 1000.00 +/- 0.00
----------------------------------
| eval/              |           |
|    mean_ep_length  | 1e+03     |
|    mean_reward     | -8.18     |
| time/              |           |
|    total_timesteps | 55000     |
| train/             |           |
|    actor_loss      | -1.158233 |
|    critic_loss     | 0.139     |
|    d_learning_rate | 0.0005    |
|    dstb_ent_coef   | 9.52e-05  |
|    ent_coef        | 0.00669   |
|    ent_coef_loss   | -1.97     |
|    n_updates       | 319936    |
|    u_learning_rate | 0.0001    |
|    v_learning_rate | 0.001     |
----------------------------------
batch elapsed: 3.59
batch elapsed: 3.56
batch elapsed: 3.55
batch elapsed: 3.58
batch elapsed: 3.54
batch elapsed: 3.55
batch elapsed: 3.53
batch elapsed: 3.49
batch elapsed: 3.58
batch elapsed: 3.56
batch elapsed: 3.54
batch elapsed: 3.56
batch elapsed: 3.57
batch elapsed: 3.59
batch elapsed: 3.54
batch elapsed: 3.55
batch elapsed: 3.55
batch elapsed: 3.54
batch elapsed: 3.55
batch elapsed: 3.52
batch elapsed: 3.54
batch elapsed: 3.56
batch elapsed: 3.55
batch elapsed: 3.53
batch elapsed: 3.51
batch elapsed: 3.59
batch elapsed: 3.57
batch elapsed: 3.41
batch elapsed: 3.59
batch elapsed: 3.55
batch elapsed: 3.55
batch elapsed: 3.56
batch elapsed: 3.56
batch elapsed: 3.53
batch elapsed: 3.57
batch elapsed: 3.54
batch elapsed: 3.54
batch elapsed: 3.56
batch elapsed: 3.57
batch elapsed: 3.55
batch elapsed: 3.55
batch elapsed: 3.54
batch elapsed: 3.54
batch elapsed: 3.51
batch elapsed: 3.57
batch elapsed: 3.55
batch elapsed: 3.54
batch elapsed: 3.54
batch elapsed: 3.54
batch elapsed: 3.57
batch elapsed: 3.56
batch elapsed: 3.56
batch elapsed: 3.53
batch elapsed: 3.58
batch elapsed: 3.37
batch elapsed: 3.35
batch elapsed: 3.44
batch elapsed: 3.54
batch elapsed: 3.59
batch elapsed: 3.56
batch elapsed: 3.57
batch elapsed: 3.51
batch elapsed: 3.61
batch elapsed: 3.55
batch elapsed: 3.45
batch elapsed: 3.55
batch elapsed: 3.35
batch elapsed: 3.35
batch elapsed: 3.56
batch elapsed: 3.58
batch elapsed: 3.57
batch elapsed: 3.53
batch elapsed: 3.51
batch elapsed: 3.55
batch elapsed: 3.55
batch elapsed: 3.52
batch elapsed: 3.50
batch elapsed: 3.57
batch elapsed: 3.53
batch elapsed: 3.49
batch elapsed: 3.53
batch elapsed: 3.55
batch elapsed: 3.59
batch elapsed: 3.61
batch elapsed: 3.57
batch elapsed: 3.40
batch elapsed: 3.60
batch elapsed: 3.58
batch elapsed: 3.61
batch elapsed: 3.53
batch elapsed: 3.56
batch elapsed: 3.55
batch elapsed: 3.51
batch elapsed: 3.50
batch elapsed: 3.53
batch elapsed: 3.46
batch elapsed: 3.55
batch elapsed: 3.47
batch elapsed: 3.50
batch elapsed: 3.44
batch elapsed: 3.50
batch elapsed: 3.55
batch elapsed: 3.52
batch elapsed: 3.57
batch elapsed: 3.62
batch elapsed: 3.57
batch elapsed: 3.59
batch elapsed: 3.59
batch elapsed: 3.60
batch elapsed: 3.55
batch elapsed: 3.53
batch elapsed: 3.57
batch elapsed: 3.54
batch elapsed: 3.53
batch elapsed: 3.51
batch elapsed: 3.58
batch elapsed: 3.56
batch elapsed: 3.51
batch elapsed: 3.56
batch elapsed: 3.56
batch elapsed: 3.57
batch elapsed: 3.54
batch elapsed: 3.53
batch elapsed: 3.57
batch elapsed: 3.56
batch elapsed: 3.54
batch elapsed: 3.56
batch elapsed: 3.55
batch elapsed: 3.57
batch elapsed: 3.58
batch elapsed: 3.53
batch elapsed: 3.58
batch elapsed: 3.59
batch elapsed: 3.55
batch elapsed: 3.58
batch elapsed: 3.54
batch elapsed: 3.56
batch elapsed: 3.51
batch elapsed: 3.59
batch elapsed: 3.55
batch elapsed: 3.54
batch elapsed: 3.54
batch elapsed: 3.59
batch elapsed: 3.54
batch elapsed: 3.58
batch elapsed: 3.57
batch elapsed: 3.57
batch elapsed: 3.49
batch elapsed: 3.59
batch elapsed: 3.54
batch elapsed: 3.52
batch elapsed: 3.58
batch elapsed: 3.49
batch elapsed: 3.56
batch elapsed: 3.56
batch elapsed: 3.57
batch elapsed: 3.51
batch elapsed: 3.49
batch elapsed: 3.55
batch elapsed: 3.59
batch elapsed: 3.58
batch elapsed: 3.50
batch elapsed: 3.55
batch elapsed: 3.57
batch elapsed: 3.53
batch elapsed: 3.55
batch elapsed: 3.61
batch elapsed: 3.54
batch elapsed: 3.54
batch elapsed: 3.58
batch elapsed: 3.54
batch elapsed: 3.57
batch elapsed: 3.52
batch elapsed: 3.57
batch elapsed: 3.55
batch elapsed: 3.57
batch elapsed: 3.56
batch elapsed: 3.58
batch elapsed: 3.52
batch elapsed: 3.57
batch elapsed: 3.42
batch elapsed: 3.31
Eval num_timesteps=55000, episode_reward=-16.62 +/- 1.62
Episode length: 1000.00 +/- 0.00
-----------------------------------
| eval/              |            |
|    mean_ep_length  | 1e+03      |
|    mean_reward     | -16.6      |
| time/              |            |
|    total_timesteps | 55000      |
| train/             |            |
|    actor_loss      | -0.6421752 |
|    critic_loss     | 0.139      |
|    d_learning_rate | 0.0005     |
|    dstb_ent_coef   | 0.00622    |
|    ent_coef        | 0.0563     |
|    ent_coef_loss   | -0.304     |
|    n_updates       | 319936     |
|    u_learning_rate | 0.0001     |
|    v_learning_rate | 0.001      |
-----------------------------------
batch elapsed: 3.63
batch elapsed: 3.61
batch elapsed: 3.56
batch elapsed: 3.55
batch elapsed: 3.60
batch elapsed: 3.50
batch elapsed: 3.58
batch elapsed: 3.57
batch elapsed: 3.54
batch elapsed: 3.58
batch elapsed: 3.60
batch elapsed: 3.57
batch elapsed: 3.51
batch elapsed: 3.56
batch elapsed: 3.54
batch elapsed: 3.54
batch elapsed: 3.56
batch elapsed: 3.58
batch elapsed: 3.53
batch elapsed: 3.56
batch elapsed: 3.55
batch elapsed: 3.64
batch elapsed: 3.54
batch elapsed: 3.53
batch elapsed: 3.55
batch elapsed: 3.42
batch elapsed: 3.49
batch elapsed: 3.48
batch elapsed: 3.53
batch elapsed: 3.56
batch elapsed: 3.49
batch elapsed: 3.55
batch elapsed: 3.56
batch elapsed: 3.55
batch elapsed: 3.57
batch elapsed: 3.51
batch elapsed: 3.59
batch elapsed: 3.55
batch elapsed: 3.55
batch elapsed: 3.54
batch elapsed: 3.55
batch elapsed: 3.51
batch elapsed: 3.55
batch elapsed: 3.56
batch elapsed: 3.60
batch elapsed: 3.53
batch elapsed: 3.55
batch elapsed: 3.54
batch elapsed: 3.58
batch elapsed: 3.56
batch elapsed: 3.55
batch elapsed: 3.54
batch elapsed: 3.60
batch elapsed: 3.54
batch elapsed: 3.54
batch elapsed: 3.56
batch elapsed: 3.56
batch elapsed: 3.59
batch elapsed: 3.58
batch elapsed: 3.53
batch elapsed: 3.53
batch elapsed: 3.54
batch elapsed: 3.52
batch elapsed: 3.53
batch elapsed: 3.56
batch elapsed: 3.52
batch elapsed: 3.57
batch elapsed: 3.55
batch elapsed: 3.50
batch elapsed: 3.54
batch elapsed: 3.56
batch elapsed: 3.50
batch elapsed: 3.55
batch elapsed: 3.55
batch elapsed: 3.57
batch elapsed: 3.59
batch elapsed: 3.54
batch elapsed: 3.51
batch elapsed: 3.54
batch elapsed: 3.55
batch elapsed: 3.55
batch elapsed: 3.64
batch elapsed: 3.57
batch elapsed: 3.48
batch elapsed: 3.51
batch elapsed: 3.60
batch elapsed: 3.55
batch elapsed: 3.55
batch elapsed: 3.53
batch elapsed: 3.57
batch elapsed: 3.54
batch elapsed: 3.54
batch elapsed: 3.66
batch elapsed: 3.57
batch elapsed: 3.56
batch elapsed: 3.53
batch elapsed: 3.47
batch elapsed: 3.45
batch elapsed: 3.49
batch elapsed: 3.55
batch elapsed: 3.53
batch elapsed: 3.58
batch elapsed: 3.45
batch elapsed: 3.58
batch elapsed: 3.52
batch elapsed: 3.54
batch elapsed: 3.59
batch elapsed: 3.55
batch elapsed: 3.52
batch elapsed: 3.58
batch elapsed: 3.55
batch elapsed: 3.51
batch elapsed: 3.48
batch elapsed: 3.50
batch elapsed: 3.55
batch elapsed: 3.50
batch elapsed: 3.48
batch elapsed: 3.54
batch elapsed: 3.58
batch elapsed: 3.56
batch elapsed: 3.51
batch elapsed: 3.56
batch elapsed: 3.60
batch elapsed: 3.58
batch elapsed: 3.57
batch elapsed: 3.52
batch elapsed: 3.58
batch elapsed: 3.59
batch elapsed: 3.52
batch elapsed: 3.57
batch elapsed: 3.60
batch elapsed: 3.55
batch elapsed: 3.58
batch elapsed: 3.57
batch elapsed: 3.53
batch elapsed: 3.51
batch elapsed: 3.56
batch elapsed: 3.60
batch elapsed: 3.54
batch elapsed: 3.54
batch elapsed: 3.54
batch elapsed: 3.51
batch elapsed: 3.58
batch elapsed: 3.60
batch elapsed: 3.55
batch elapsed: 3.53
batch elapsed: 3.55
batch elapsed: 3.50
batch elapsed: 3.54
batch elapsed: 3.54
batch elapsed: 3.53
batch elapsed: 3.60
batch elapsed: 3.56
batch elapsed: 3.58
batch elapsed: 3.52
batch elapsed: 3.50
batch elapsed: 3.54
batch elapsed: 3.45
batch elapsed: 3.59
batch elapsed: 3.59
batch elapsed: 3.57
batch elapsed: 3.56
batch elapsed: 3.55
batch elapsed: 3.57
batch elapsed: 3.62
batch elapsed: 3.55
batch elapsed: 3.54
batch elapsed: 3.59
batch elapsed: 3.55
batch elapsed: 3.55
batch elapsed: 3.54
batch elapsed: 3.56
batch elapsed: 3.55
batch elapsed: 3.58
batch elapsed: 3.56
batch elapsed: 3.59
batch elapsed: 3.57
batch elapsed: 3.58
batch elapsed: 3.45
batch elapsed: 3.37
batch elapsed: 3.35
batch elapsed: 3.34
Eval num_timesteps=55000, episode_reward=-88.71 +/- 22.57
Episode length: 1000.00 +/- 0.00
-----------------------------------
| eval/              |            |
|    mean_ep_length  | 1e+03      |
|    mean_reward     | -88.7      |
| time/              |            |
|    total_timesteps | 55000      |
| train/             |            |
|    actor_loss      | 0.08376907 |
|    critic_loss     | 0.179      |
|    d_learning_rate | 0.0005     |
|    dstb_ent_coef   | 4.25e-36   |
|    ent_coef        | 0.0064     |
|    ent_coef_loss   | 0.494      |
|    n_updates       | 319936     |
|    u_learning_rate | 0.0001     |
|    v_learning_rate | 0.001      |
-----------------------------------
batch elapsed: 3.56
batch elapsed: 3.53
batch elapsed: 3.54
batch elapsed: 3.49
batch elapsed: 3.53
batch elapsed: 3.54
batch elapsed: 3.57
batch elapsed: 3.56
batch elapsed: 3.54
batch elapsed: 3.55
batch elapsed: 3.56
batch elapsed: 3.55
batch elapsed: 3.52
batch elapsed: 3.57
batch elapsed: 3.53
batch elapsed: 3.56
batch elapsed: 3.53
batch elapsed: 3.53
batch elapsed: 3.54
batch elapsed: 3.55
batch elapsed: 3.54
batch elapsed: 3.54
batch elapsed: 3.53
batch elapsed: 3.55
batch elapsed: 3.57
batch elapsed: 3.40
batch elapsed: 3.44
batch elapsed: 3.50
batch elapsed: 3.56
batch elapsed: 3.53
batch elapsed: 3.53
batch elapsed: 3.49
batch elapsed: 3.54
batch elapsed: 3.51
batch elapsed: 3.54
batch elapsed: 3.54
batch elapsed: 3.56
batch elapsed: 3.56
batch elapsed: 3.54
batch elapsed: 3.59
batch elapsed: 3.54
batch elapsed: 3.45
batch elapsed: 3.52
batch elapsed: 3.54
batch elapsed: 3.57
batch elapsed: 3.52
batch elapsed: 3.56
batch elapsed: 3.55
batch elapsed: 3.55
batch elapsed: 3.57
batch elapsed: 3.55
batch elapsed: 3.55
batch elapsed: 3.60
batch elapsed: 3.59
batch elapsed: 3.52
batch elapsed: 3.62
batch elapsed: 3.57
batch elapsed: 3.61
batch elapsed: 3.60
batch elapsed: 3.51
batch elapsed: 3.55
batch elapsed: 3.54
batch elapsed: 3.51
batch elapsed: 3.55
batch elapsed: 3.59
batch elapsed: 3.56
batch elapsed: 3.54
batch elapsed: 3.55
batch elapsed: 3.55
batch elapsed: 3.54
batch elapsed: 3.50
batch elapsed: 3.55
batch elapsed: 3.55
batch elapsed: 3.53
batch elapsed: 3.49
batch elapsed: 3.51
batch elapsed: 3.58
batch elapsed: 3.50
batch elapsed: 3.53
batch elapsed: 3.56
batch elapsed: 3.60
batch elapsed: 3.59
batch elapsed: 3.57
batch elapsed: 3.51
batch elapsed: 3.55
batch elapsed: 3.62
batch elapsed: 3.63
batch elapsed: 3.54
batch elapsed: 3.55
batch elapsed: 3.54
batch elapsed: 3.56
batch elapsed: 3.55
batch elapsed: 3.58
batch elapsed: 3.57
batch elapsed: 3.54
batch elapsed: 3.51
batch elapsed: 3.51
batch elapsed: 3.41
batch elapsed: 3.46
batch elapsed: 3.49
batch elapsed: 3.53
batch elapsed: 3.56
batch elapsed: 3.58
batch elapsed: 3.57
batch elapsed: 3.59
batch elapsed: 3.52
batch elapsed: 3.56
batch elapsed: 3.60
batch elapsed: 3.54
batch elapsed: 3.63
batch elapsed: 3.54
batch elapsed: 3.56
batch elapsed: 3.49
batch elapsed: 3.56
batch elapsed: 3.56
batch elapsed: 3.51
batch elapsed: 3.57
batch elapsed: 3.55
batch elapsed: 3.57
batch elapsed: 3.55
batch elapsed: 3.53
batch elapsed: 3.52
batch elapsed: 3.56
batch elapsed: 3.55
batch elapsed: 3.57
batch elapsed: 3.55
batch elapsed: 3.53
batch elapsed: 3.55
batch elapsed: 3.53
batch elapsed: 3.58
batch elapsed: 3.58
batch elapsed: 3.55
batch elapsed: 3.59
batch elapsed: 3.54
batch elapsed: 3.55
batch elapsed: 3.51
batch elapsed: 3.56
batch elapsed: 3.54
batch elapsed: 3.53
batch elapsed: 3.53
batch elapsed: 3.56
batch elapsed: 3.53
batch elapsed: 3.58
batch elapsed: 3.58
batch elapsed: 3.57
batch elapsed: 3.50
batch elapsed: 3.58
batch elapsed: 3.49
batch elapsed: 3.52
batch elapsed: 3.57
batch elapsed: 3.55
batch elapsed: 3.56
batch elapsed: 3.57
batch elapsed: 3.57
batch elapsed: 3.56
batch elapsed: 3.49
batch elapsed: 3.56
batch elapsed: 3.58
batch elapsed: 3.57
batch elapsed: 3.50
batch elapsed: 3.56
batch elapsed: 3.56
batch elapsed: 3.57
batch elapsed: 3.58
batch elapsed: 3.61
batch elapsed: 3.53
batch elapsed: 3.47
batch elapsed: 3.48
batch elapsed: 3.54
batch elapsed: 3.58
batch elapsed: 3.53
batch elapsed: 3.52
batch elapsed: 3.55
batch elapsed: 3.57
batch elapsed: 3.56
batch elapsed: 3.58
batch elapsed: 3.59
batch elapsed: 3.57
batch elapsed: 3.49
batch elapsed: 3.48
batch elapsed: 3.18
batch elapsed: 3.01
Eval num_timesteps=55000, episode_reward=-14.82 +/- 31.40
Episode length: 1000.00 +/- 0.00
-----------------------------------
| eval/              |            |
|    mean_ep_length  | 1e+03      |
|    mean_reward     | -14.8      |
| time/              |            |
|    total_timesteps | 55000      |
| train/             |            |
|    actor_loss      | -1.2044141 |
|    critic_loss     | 0.127      |
|    d_learning_rate | 0.0005     |
|    dstb_ent_coef   | 0.00208    |
|    ent_coef        | 0.159      |
|    ent_coef_loss   | -0.178     |
|    n_updates       | 319936     |
|    u_learning_rate | 0.0001     |
|    v_learning_rate | 0.001      |
-----------------------------------
batch elapsed: 3.05
batch elapsed: 3.18
batch elapsed: 3.34
batch elapsed: 3.36
batch elapsed: 3.51
batch elapsed: 3.56
batch elapsed: 3.57
batch elapsed: 3.57
batch elapsed: 3.56
batch elapsed: 3.55
batch elapsed: 3.53
batch elapsed: 3.57
batch elapsed: 3.56
batch elapsed: 3.57
batch elapsed: 3.54
batch elapsed: 3.66
batch elapsed: 3.55
batch elapsed: 3.50
batch elapsed: 3.56
batch elapsed: 3.52
batch elapsed: 3.54
batch elapsed: 3.55
batch elapsed: 3.58
batch elapsed: 3.57
batch elapsed: 3.58
batch elapsed: 3.52
batch elapsed: 3.49
batch elapsed: 3.57
batch elapsed: 3.55
batch elapsed: 3.55
batch elapsed: 3.59
batch elapsed: 3.49
batch elapsed: 3.52
batch elapsed: 3.52
batch elapsed: 3.56
batch elapsed: 3.55
batch elapsed: 3.55
batch elapsed: 3.55
batch elapsed: 3.51
batch elapsed: 3.52
batch elapsed: 3.60
batch elapsed: 3.59
batch elapsed: 3.54
batch elapsed: 3.58
batch elapsed: 3.36
batch elapsed: 3.48
batch elapsed: 3.55
batch elapsed: 3.44
batch elapsed: 3.51
batch elapsed: 3.49
batch elapsed: 3.56
batch elapsed: 3.54
batch elapsed: 3.54
batch elapsed: 3.54
batch elapsed: 3.55
batch elapsed: 3.56
batch elapsed: 3.57
batch elapsed: 3.57
batch elapsed: 3.47
batch elapsed: 3.49
batch elapsed: 3.52
batch elapsed: 3.53
batch elapsed: 3.54
batch elapsed: 3.57
batch elapsed: 3.51
batch elapsed: 3.53
batch elapsed: 3.55
batch elapsed: 3.57
batch elapsed: 3.53
batch elapsed: 3.53
batch elapsed: 3.59
batch elapsed: 3.58
batch elapsed: 3.58
batch elapsed: 3.52
batch elapsed: 3.53
batch elapsed: 3.56
batch elapsed: 3.56
batch elapsed: 3.52
batch elapsed: 3.55
batch elapsed: 3.59
batch elapsed: 3.57
batch elapsed: 3.52
batch elapsed: 3.53
batch elapsed: 3.57
batch elapsed: 3.49
batch elapsed: 3.52
batch elapsed: 3.53
batch elapsed: 3.53
batch elapsed: 3.55
batch elapsed: 3.57
batch elapsed: 3.56
batch elapsed: 3.58
batch elapsed: 3.54
batch elapsed: 3.54
batch elapsed: 3.57
batch elapsed: 3.53
batch elapsed: 3.53
batch elapsed: 3.54
batch elapsed: 3.56
batch elapsed: 3.57
batch elapsed: 3.54
batch elapsed: 3.57
batch elapsed: 3.53
batch elapsed: 3.59
batch elapsed: 3.57
batch elapsed: 3.61
batch elapsed: 3.55
batch elapsed: 3.59
batch elapsed: 3.54
batch elapsed: 3.50
batch elapsed: 3.55
batch elapsed: 3.62
batch elapsed: 3.59
batch elapsed: 3.57
batch elapsed: 3.53
batch elapsed: 3.54
batch elapsed: 3.39
batch elapsed: 3.51
batch elapsed: 3.57
batch elapsed: 3.55
batch elapsed: 3.54
batch elapsed: 3.52
batch elapsed: 3.54
batch elapsed: 3.52
batch elapsed: 3.55
batch elapsed: 3.60
batch elapsed: 3.54
batch elapsed: 3.57
batch elapsed: 3.57
batch elapsed: 3.54
batch elapsed: 3.50
batch elapsed: 3.58
batch elapsed: 3.51
batch elapsed: 3.52
batch elapsed: 3.55
batch elapsed: 3.52
batch elapsed: 3.57
batch elapsed: 3.52
batch elapsed: 3.56
batch elapsed: 3.56
batch elapsed: 3.47
batch elapsed: 3.56
batch elapsed: 3.53
batch elapsed: 3.57
batch elapsed: 3.58
batch elapsed: 3.56
batch elapsed: 3.53
batch elapsed: 3.55
batch elapsed: 3.55
batch elapsed: 3.49
batch elapsed: 3.54
batch elapsed: 3.62
batch elapsed: 3.55
batch elapsed: 3.58
batch elapsed: 3.55
batch elapsed: 3.51
batch elapsed: 3.53
batch elapsed: 3.51
batch elapsed: 3.45
batch elapsed: 3.60
batch elapsed: 3.55
batch elapsed: 3.51
batch elapsed: 3.49
batch elapsed: 3.56
batch elapsed: 3.53
batch elapsed: 3.58
batch elapsed: 3.52
batch elapsed: 3.56
batch elapsed: 3.54
batch elapsed: 3.54
batch elapsed: 3.56
batch elapsed: 3.45
batch elapsed: 3.43
batch elapsed: 3.50
batch elapsed: 3.55
batch elapsed: 3.45
batch elapsed: 3.52
batch elapsed: 3.52
batch elapsed: 3.51
batch elapsed: 3.54
batch elapsed: 3.52
batch elapsed: 3.53
batch elapsed: 3.54
batch elapsed: 3.52
batch elapsed: 3.54
batch elapsed: 3.60
batch elapsed: 3.50
batch elapsed: 3.53
batch elapsed: 3.55
batch elapsed: 3.56
batch elapsed: 3.55
batch elapsed: 3.59
batch elapsed: 3.58
batch elapsed: 3.55
batch elapsed: 3.57
batch elapsed: 3.58
batch elapsed: 3.58
batch elapsed: 3.56
batch elapsed: 3.55
batch elapsed: 3.49
batch elapsed: 3.55
batch elapsed: 3.55
batch elapsed: 3.57
batch elapsed: 3.52
batch elapsed: 3.54
batch elapsed: 3.53
batch elapsed: 3.59
batch elapsed: 3.55
batch elapsed: 3.58
batch elapsed: 3.53
batch elapsed: 3.54
batch elapsed: 3.59
batch elapsed: 3.51
batch elapsed: 3.53
batch elapsed: 3.53
batch elapsed: 3.52
batch elapsed: 3.59
batch elapsed: 3.50
batch elapsed: 3.56
batch elapsed: 3.55
batch elapsed: 3.59
batch elapsed: 3.55
batch elapsed: 3.52
batch elapsed: 3.54
batch elapsed: 3.50
batch elapsed: 3.55
batch elapsed: 3.55
batch elapsed: 3.53
batch elapsed: 3.52
batch elapsed: 3.57
batch elapsed: 3.54
batch elapsed: 3.55
batch elapsed: 3.56
batch elapsed: 3.56
batch elapsed: 3.59
batch elapsed: 3.53
batch elapsed: 3.56
batch elapsed: 3.57
batch elapsed: 3.58
batch elapsed: 3.56
batch elapsed: 3.57
batch elapsed: 3.54
batch elapsed: 3.59
batch elapsed: 3.55
batch elapsed: 3.48
batch elapsed: 3.56
batch elapsed: 3.22
batch elapsed: 3.30
batch elapsed: 3.51
batch elapsed: 3.56
batch elapsed: 3.54
batch elapsed: 3.54
batch elapsed: 3.59
batch elapsed: 3.52
batch elapsed: 3.55
batch elapsed: 3.58
batch elapsed: 3.56
batch elapsed: 3.54
batch elapsed: 3.54
batch elapsed: 3.54
batch elapsed: 3.52
batch elapsed: 3.53
batch elapsed: 3.55
batch elapsed: 3.57
batch elapsed: 3.56
batch elapsed: 3.55
batch elapsed: 3.55
batch elapsed: 3.52
batch elapsed: 3.56
batch elapsed: 3.55
batch elapsed: 3.58
batch elapsed: 3.50
batch elapsed: 3.50
batch elapsed: 3.56
batch elapsed: 3.52
batch elapsed: 3.56
batch elapsed: 3.48
batch elapsed: 3.49
batch elapsed: 3.56
batch elapsed: 3.51
batch elapsed: 3.59
batch elapsed: 3.57
batch elapsed: 3.53
batch elapsed: 3.53
batch elapsed: 3.55
batch elapsed: 3.50
batch elapsed: 3.55
batch elapsed: 3.57
batch elapsed: 3.55
batch elapsed: 3.60
batch elapsed: 3.49
batch elapsed: 3.54
batch elapsed: 3.56
batch elapsed: 3.57
batch elapsed: 3.59
batch elapsed: 3.52
batch elapsed: 3.53
batch elapsed: 3.55
batch elapsed: 3.55
batch elapsed: 3.62
batch elapsed: 3.56
batch elapsed: 3.55
batch elapsed: 3.55
batch elapsed: 3.53
batch elapsed: 3.55
batch elapsed: 3.56
batch elapsed: 3.59
batch elapsed: 3.54
batch elapsed: 3.54
batch elapsed: 3.54
batch elapsed: 3.54
batch elapsed: 3.54
batch elapsed: 3.58
batch elapsed: 3.53
batch elapsed: 3.54
batch elapsed: 3.54
batch elapsed: 3.53
batch elapsed: 3.52
batch elapsed: 3.55
batch elapsed: 3.54
batch elapsed: 3.50
batch elapsed: 3.57
batch elapsed: 3.57
batch elapsed: 3.53
batch elapsed: 3.56
batch elapsed: 3.53
batch elapsed: 3.53
batch elapsed: 3.52
batch elapsed: 3.50
batch elapsed: 3.52
batch elapsed: 3.57
batch elapsed: 3.60
batch elapsed: 3.56
batch elapsed: 3.54
batch elapsed: 3.57
batch elapsed: 3.55
batch elapsed: 3.53
batch elapsed: 3.57
batch elapsed: 3.60
batch elapsed: 3.54
batch elapsed: 3.51
batch elapsed: 3.53
batch elapsed: 3.58
batch elapsed: 3.58
batch elapsed: 3.53
batch elapsed: 3.55
batch elapsed: 3.53
batch elapsed: 3.54
batch elapsed: 3.56
batch elapsed: 3.56
batch elapsed: 3.55
batch elapsed: 3.54
batch elapsed: 3.51
batch elapsed: 3.52
batch elapsed: 3.46
batch elapsed: 3.34
batch elapsed: 3.39
batch elapsed: 3.45
batch elapsed: 3.52
batch elapsed: 3.54
batch elapsed: 3.58
batch elapsed: 3.57
batch elapsed: 3.57
batch elapsed: 3.56
batch elapsed: 3.56
batch elapsed: 3.57
batch elapsed: 3.57
batch elapsed: 3.57
batch elapsed: 3.53
batch elapsed: 3.56
batch elapsed: 3.56
batch elapsed: 3.50
batch elapsed: 3.56
batch elapsed: 3.56
batch elapsed: 3.57
batch elapsed: 3.54
batch elapsed: 3.50
batch elapsed: 3.53
batch elapsed: 3.54
batch elapsed: 3.58
batch elapsed: 3.55
batch elapsed: 3.54
batch elapsed: 3.59
batch elapsed: 3.50
batch elapsed: 3.54
batch elapsed: 3.56
batch elapsed: 3.56
batch elapsed: 3.57
batch elapsed: 3.58
batch elapsed: 3.54
batch elapsed: 3.53
batch elapsed: 3.56
batch elapsed: 3.57
batch elapsed: 3.53
batch elapsed: 3.51
batch elapsed: 3.57
batch elapsed: 3.64
batch elapsed: 3.52
batch elapsed: 3.52
batch elapsed: 3.57
batch elapsed: 3.57
batch elapsed: 3.58
batch elapsed: 3.57
batch elapsed: 3.57
batch elapsed: 3.59
batch elapsed: 3.56
batch elapsed: 3.61
batch elapsed: 3.58
batch elapsed: 3.52
New best mean reward!
batch elapsed: 3.26
batch elapsed: 3.36
batch elapsed: 3.50
batch elapsed: 3.54
batch elapsed: 3.56
batch elapsed: 3.57
batch elapsed: 3.56
batch elapsed: 3.55
batch elapsed: 3.57
batch elapsed: 3.52
batch elapsed: 3.58
batch elapsed: 3.56
batch elapsed: 3.56
batch elapsed: 3.54
batch elapsed: 3.66
batch elapsed: 3.53
batch elapsed: 3.51
batch elapsed: 3.54
batch elapsed: 3.53
batch elapsed: 3.54
batch elapsed: 3.57
batch elapsed: 3.58
batch elapsed: 3.57
batch elapsed: 3.57
batch elapsed: 3.51
batch elapsed: 3.58
batch elapsed: 3.52
batch elapsed: 3.55
batch elapsed: 3.54
batch elapsed: 3.46
batch elapsed: 3.44
batch elapsed: 3.52
batch elapsed: 3.60
batch elapsed: 3.56
batch elapsed: 3.60
batch elapsed: 3.56
batch elapsed: 3.53
batch elapsed: 3.51
batch elapsed: 3.48
batch elapsed: 3.56
batch elapsed: 3.50
batch elapsed: 3.57
batch elapsed: 3.56
batch elapsed: 3.61
batch elapsed: 3.21
batch elapsed: 3.49
batch elapsed: 3.51
batch elapsed: 3.43
batch elapsed: 3.53
batch elapsed: 3.51
batch elapsed: 3.59
batch elapsed: 3.55
batch elapsed: 3.56
batch elapsed: 3.57
batch elapsed: 3.56
batch elapsed: 3.55
batch elapsed: 3.57
batch elapsed: 3.49
batch elapsed: 3.52
batch elapsed: 3.51
batch elapsed: 3.54
batch elapsed: 3.55
batch elapsed: 3.58
batch elapsed: 3.54
batch elapsed: 3.53
batch elapsed: 3.55
batch elapsed: 3.56
batch elapsed: 3.53
batch elapsed: 3.55
batch elapsed: 3.58
batch elapsed: 3.58
batch elapsed: 3.58
batch elapsed: 3.54
batch elapsed: 3.54
batch elapsed: 3.28
batch elapsed: 3.52
batch elapsed: 3.52
batch elapsed: 3.57
batch elapsed: 3.58
batch elapsed: 3.55
batch elapsed: 3.52
batch elapsed: 3.54
batch elapsed: 3.54
batch elapsed: 3.43
batch elapsed: 3.50
batch elapsed: 3.52
batch elapsed: 3.55
batch elapsed: 3.57
batch elapsed: 3.56
batch elapsed: 3.53
batch elapsed: 3.55
batch elapsed: 3.41
batch elapsed: 3.56
batch elapsed: 3.57
batch elapsed: 3.52
batch elapsed: 3.53
batch elapsed: 3.47
batch elapsed: 3.57
batch elapsed: 3.57
batch elapsed: 3.53
batch elapsed: 3.57
batch elapsed: 3.54
batch elapsed: 3.56
batch elapsed: 3.54
batch elapsed: 3.57
batch elapsed: 3.52
batch elapsed: 3.60
batch elapsed: 3.53
batch elapsed: 3.52
batch elapsed: 3.56
batch elapsed: 3.61
batch elapsed: 3.57
batch elapsed: 3.58
batch elapsed: 3.53
batch elapsed: 3.51
batch elapsed: 3.51
batch elapsed: 3.54
batch elapsed: 3.56
batch elapsed: 3.54
batch elapsed: 3.52
batch elapsed: 3.55
batch elapsed: 3.53
batch elapsed: 3.52
batch elapsed: 3.55
batch elapsed: 3.53
batch elapsed: 3.56
batch elapsed: 3.52
batch elapsed: 3.55
batch elapsed: 3.53
batch elapsed: 3.49
batch elapsed: 3.54
batch elapsed: 3.53
batch elapsed: 3.51
batch elapsed: 3.55
batch elapsed: 3.53
batch elapsed: 3.56
batch elapsed: 3.57
batch elapsed: 3.57
batch elapsed: 3.58
batch elapsed: 3.55
batch elapsed: 3.54
batch elapsed: 3.54
batch elapsed: 3.59
batch elapsed: 3.57
batch elapsed: 3.56
batch elapsed: 3.53
batch elapsed: 3.54
batch elapsed: 3.54
batch elapsed: 3.57
batch elapsed: 3.53
batch elapsed: 3.56
batch elapsed: 3.53
batch elapsed: 3.58
batch elapsed: 3.55
batch elapsed: 3.53
batch elapsed: 3.52
batch elapsed: 3.62
batch elapsed: 3.54
batch elapsed: 3.56
batch elapsed: 3.53
batch elapsed: 3.54
batch elapsed: 3.48
batch elapsed: 3.56
batch elapsed: 3.53
batch elapsed: 3.56
batch elapsed: 3.54
batch elapsed: 3.56
batch elapsed: 3.55
batch elapsed: 3.54
batch elapsed: 3.57
batch elapsed: 3.51
batch elapsed: 3.52
batch elapsed: 3.58
batch elapsed: 3.55
batch elapsed: 3.54
batch elapsed: 3.54
batch elapsed: 3.48
batch elapsed: 3.40
batch elapsed: 3.49
batch elapsed: 3.51
batch elapsed: 3.57
batch elapsed: 3.48
batch elapsed: 3.53
batch elapsed: 3.49
batch elapsed: 3.50
batch elapsed: 3.57
batch elapsed: 3.54
batch elapsed: 3.54
batch elapsed: 3.57
batch elapsed: 3.57
batch elapsed: 3.58
batch elapsed: 3.59
batch elapsed: 3.55
batch elapsed: 3.56
batch elapsed: 3.60
batch elapsed: 3.56
batch elapsed: 3.57
batch elapsed: 3.54
batch elapsed: 3.51
batch elapsed: 3.54
batch elapsed: 3.56
batch elapsed: 3.57
batch elapsed: 3.52
batch elapsed: 3.54
batch elapsed: 3.53
batch elapsed: 3.60
batch elapsed: 3.48
batch elapsed: 3.48
batch elapsed: 3.54
batch elapsed: 3.54
batch elapsed: 3.56
batch elapsed: 3.53
batch elapsed: 3.52
batch elapsed: 3.54
batch elapsed: 3.54
batch elapsed: 3.54
batch elapsed: 3.55
batch elapsed: 3.57
batch elapsed: 3.59
batch elapsed: 3.54
batch elapsed: 3.54
batch elapsed: 3.45
batch elapsed: 3.53
batch elapsed: 3.54
batch elapsed: 3.53
batch elapsed: 3.54
batch elapsed: 3.55
batch elapsed: 3.58
batch elapsed: 3.55
batch elapsed: 3.60
batch elapsed: 3.54
batch elapsed: 3.58
batch elapsed: 3.56
batch elapsed: 3.57
batch elapsed: 3.54
batch elapsed: 3.57
batch elapsed: 3.55
batch elapsed: 3.59
batch elapsed: 3.56
batch elapsed: 3.55
batch elapsed: 3.57
batch elapsed: 3.57
batch elapsed: 3.56
batch elapsed: 3.49
batch elapsed: 3.57
batch elapsed: 3.57
batch elapsed: 3.49
batch elapsed: 3.57
batch elapsed: 3.60
batch elapsed: 3.51
batch elapsed: 3.57
batch elapsed: 3.67
batch elapsed: 3.55
batch elapsed: 3.55
batch elapsed: 3.56
batch elapsed: 3.56
batch elapsed: 3.54
batch elapsed: 3.53
batch elapsed: 3.54
batch elapsed: 3.54
batch elapsed: 3.54
batch elapsed: 3.54
batch elapsed: 3.56
batch elapsed: 3.56
batch elapsed: 3.55
batch elapsed: 3.54
batch elapsed: 3.51
batch elapsed: 3.61
batch elapsed: 3.52
batch elapsed: 3.56
batch elapsed: 3.59
batch elapsed: 3.54
batch elapsed: 3.56
batch elapsed: 3.58
batch elapsed: 3.58
batch elapsed: 3.48
batch elapsed: 3.56
batch elapsed: 3.53
batch elapsed: 3.55
batch elapsed: 3.58
batch elapsed: 3.55
batch elapsed: 3.52
batch elapsed: 3.56
batch elapsed: 3.55
batch elapsed: 3.60
batch elapsed: 3.57
batch elapsed: 3.56
batch elapsed: 3.59
batch elapsed: 3.57
batch elapsed: 3.54
batch elapsed: 3.60
batch elapsed: 3.54
batch elapsed: 3.58
batch elapsed: 3.54
batch elapsed: 3.49
batch elapsed: 3.55
batch elapsed: 3.54
batch elapsed: 3.56
batch elapsed: 3.55
batch elapsed: 3.51
batch elapsed: 3.59
batch elapsed: 3.53
batch elapsed: 3.31
batch elapsed: 3.33
batch elapsed: 3.59
batch elapsed: 3.55
batch elapsed: 3.54
batch elapsed: 3.55
batch elapsed: 3.53
batch elapsed: 3.55
batch elapsed: 3.55
batch elapsed: 3.55
batch elapsed: 3.56
batch elapsed: 3.53
batch elapsed: 3.53
batch elapsed: 3.51
batch elapsed: 3.56
batch elapsed: 3.55
batch elapsed: 3.50
batch elapsed: 3.55
batch elapsed: 3.56
batch elapsed: 3.56
batch elapsed: 3.59
batch elapsed: 3.53
batch elapsed: 3.54
batch elapsed: 3.54
batch elapsed: 3.35
batch elapsed: 3.48
batch elapsed: 3.55
batch elapsed: 3.55
batch elapsed: 3.53
batch elapsed: 3.54
batch elapsed: 3.53
batch elapsed: 3.59
batch elapsed: 3.52
batch elapsed: 3.54
batch elapsed: 3.52
batch elapsed: 3.57
batch elapsed: 3.58
batch elapsed: 3.47
batch elapsed: 3.49
batch elapsed: 3.53
batch elapsed: 3.54
batch elapsed: 3.52
batch elapsed: 3.55
batch elapsed: 3.58
batch elapsed: 3.55
batch elapsed: 3.62
batch elapsed: 3.56
batch elapsed: 3.56
batch elapsed: 3.52
batch elapsed: 3.48
batch elapsed: 3.55
batch elapsed: 3.54
batch elapsed: 3.55
batch elapsed: 3.48
batch elapsed: 3.52
batch elapsed: 3.51
batch elapsed: 3.58
batch elapsed: 3.61
batch elapsed: 3.58
batch elapsed: 3.57
batch elapsed: 3.55
batch elapsed: 3.56
batch elapsed: 3.55
batch elapsed: 3.58
batch elapsed: 3.56
batch elapsed: 3.55
batch elapsed: 3.56
batch elapsed: 3.53
batch elapsed: 3.51
batch elapsed: 3.55
batch elapsed: 3.57
batch elapsed: 3.57
batch elapsed: 3.49
batch elapsed: 3.55
batch elapsed: 3.53
batch elapsed: 3.52
batch elapsed: 3.56
batch elapsed: 3.53
batch elapsed: 3.53
batch elapsed: 3.54
batch elapsed: 3.51
batch elapsed: 3.57
batch elapsed: 3.54
batch elapsed: 3.58
batch elapsed: 3.58
batch elapsed: 3.56
batch elapsed: 3.54
batch elapsed: 3.53
batch elapsed: 3.53
batch elapsed: 3.53
batch elapsed: 3.51
batch elapsed: 3.55
batch elapsed: 3.55
batch elapsed: 3.52
batch elapsed: 3.52
batch elapsed: 3.55
batch elapsed: 3.56
batch elapsed: 3.57
batch elapsed: 3.59
batch elapsed: 3.57
batch elapsed: 3.56
batch elapsed: 3.59
batch elapsed: 3.62
batch elapsed: 3.56
batch elapsed: 3.54
batch elapsed: 3.53
batch elapsed: 3.31
batch elapsed: 3.38
batch elapsed: 3.49
batch elapsed: 3.57
batch elapsed: 3.55
batch elapsed: 3.58
batch elapsed: 3.57
batch elapsed: 3.54
batch elapsed: 3.54
batch elapsed: 3.57
batch elapsed: 3.56
batch elapsed: 3.56
batch elapsed: 3.55
batch elapsed: 3.56
batch elapsed: 3.59
batch elapsed: 3.50
batch elapsed: 3.55
batch elapsed: 3.52
batch elapsed: 3.55
batch elapsed: 3.53
batch elapsed: 3.59
batch elapsed: 3.58
batch elapsed: 3.58
batch elapsed: 3.53
batch elapsed: 3.52
batch elapsed: 3.61
batch elapsed: 3.57
batch elapsed: 3.55
batch elapsed: 3.54
batch elapsed: 3.51
batch elapsed: 3.50
batch elapsed: 3.57
batch elapsed: 3.57
batch elapsed: 3.58
batch elapsed: 3.54
batch elapsed: 3.50
batch elapsed: 3.51
batch elapsed: 3.54
batch elapsed: 3.57
batch elapsed: 3.59
batch elapsed: 3.54
batch elapsed: 3.58
batch elapsed: 3.61
batch elapsed: 3.56
batch elapsed: 3.55
batch elapsed: 3.51
batch elapsed: 3.44
batch elapsed: 3.45
batch elapsed: 3.55
batch elapsed: 3.51
batch elapsed: 3.58
batch elapsed: 3.56
batch elapsed: 3.56
batch elapsed: 3.56
batch elapsed: 3.57
batch elapsed: 3.55
batch elapsed: 3.49
batch elapsed: 3.55
batch elapsed: 3.58
batch elapsed: 3.55
batch elapsed: 3.61
batch elapsed: 3.57
batch elapsed: 3.56
batch elapsed: 3.53
batch elapsed: 3.55
batch elapsed: 3.56
batch elapsed: 3.54
batch elapsed: 3.65
batch elapsed: 3.57
batch elapsed: 3.58
batch elapsed: 3.57
batch elapsed: 3.54
batch elapsed: 3.51
batch elapsed: 3.57
batch elapsed: 3.56
batch elapsed: 3.52
batch elapsed: 3.54
batch elapsed: 3.61
batch elapsed: 3.60
batch elapsed: 3.52
batch elapsed: 3.53
batch elapsed: 3.58
batch elapsed: 3.48
batch elapsed: 3.51
batch elapsed: 3.55
batch elapsed: 3.52
batch elapsed: 3.56
batch elapsed: 3.57
batch elapsed: 3.56
batch elapsed: 3.57
batch elapsed: 3.55
batch elapsed: 3.53
batch elapsed: 3.59
batch elapsed: 3.51
batch elapsed: 3.52
batch elapsed: 3.55
batch elapsed: 3.55
batch elapsed: 3.58
batch elapsed: 3.54
batch elapsed: 3.57
batch elapsed: 3.53
batch elapsed: 3.56
batch elapsed: 3.54
batch elapsed: 3.56
batch elapsed: 3.53
batch elapsed: 3.60
batch elapsed: 3.55
batch elapsed: 3.49
batch elapsed: 3.55
batch elapsed: 3.63
batch elapsed: 3.58
batch elapsed: 3.57
batch elapsed: 3.54
batch elapsed: 3.52
batch elapsed: 3.52
batch elapsed: 3.48
batch elapsed: 3.59
batch elapsed: 3.55
batch elapsed: 3.53
batch elapsed: 3.53
batch elapsed: 3.54
batch elapsed: 3.53
batch elapsed: 3.55
batch elapsed: 3.59
batch elapsed: 3.55
batch elapsed: 3.53
batch elapsed: 3.49
batch elapsed: 3.54
batch elapsed: 3.49
batch elapsed: 3.53
batch elapsed: 3.52
batch elapsed: 3.51
batch elapsed: 3.55
batch elapsed: 3.53
batch elapsed: 3.56
batch elapsed: 3.58
batch elapsed: 3.56
batch elapsed: 3.55
batch elapsed: 3.53
batch elapsed: 3.56
batch elapsed: 3.53
batch elapsed: 3.58
batch elapsed: 3.57
batch elapsed: 3.57
batch elapsed: 3.53
batch elapsed: 3.55
batch elapsed: 3.55
batch elapsed: 3.55
batch elapsed: 3.54
batch elapsed: 3.56
batch elapsed: 3.56
batch elapsed: 3.58
batch elapsed: 3.54
batch elapsed: 3.46
batch elapsed: 3.39
batch elapsed: 3.54
batch elapsed: 3.58
batch elapsed: 3.56
batch elapsed: 3.55
batch elapsed: 3.52
batch elapsed: 3.48
batch elapsed: 3.56
batch elapsed: 3.53
batch elapsed: 3.58
batch elapsed: 3.53
batch elapsed: 3.55
batch elapsed: 3.55
batch elapsed: 3.54
batch elapsed: 3.57
batch elapsed: 3.53
batch elapsed: 3.44
batch elapsed: 3.57
batch elapsed: 3.55
batch elapsed: 3.48
batch elapsed: 3.54
batch elapsed: 3.52
batch elapsed: 3.52
batch elapsed: 3.57
batch elapsed: 3.58
batch elapsed: 3.55
batch elapsed: 3.53
batch elapsed: 3.58
batch elapsed: 3.52
batch elapsed: 3.48
batch elapsed: 3.56
batch elapsed: 3.52
batch elapsed: 3.56
batch elapsed: 3.56
batch elapsed: 3.57
batch elapsed: 3.58
batch elapsed: 3.59
batch elapsed: 3.54
batch elapsed: 3.56
batch elapsed: 3.59
batch elapsed: 3.57
batch elapsed: 3.57
batch elapsed: 3.56
batch elapsed: 3.49
batch elapsed: 3.56
batch elapsed: 3.55
batch elapsed: 3.57
batch elapsed: 3.46
batch elapsed: 3.55
batch elapsed: 3.52
batch elapsed: 3.53
batch elapsed: 3.48
batch elapsed: 3.48
batch elapsed: 3.54
batch elapsed: 3.48
batch elapsed: 3.58
batch elapsed: 3.52
batch elapsed: 3.53
batch elapsed: 3.54
batch elapsed: 3.52
batch elapsed: 3.55
batch elapsed: 3.49
batch elapsed: 3.56
batch elapsed: 3.55
batch elapsed: 3.54
batch elapsed: 3.54
batch elapsed: 3.53
batch elapsed: 3.53
batch elapsed: 3.51
batch elapsed: 3.54
batch elapsed: 3.50
batch elapsed: 3.42
batch elapsed: 3.40
batch elapsed: 3.46
batch elapsed: 3.55
batch elapsed: 3.55
batch elapsed: 3.55
batch elapsed: 3.58
batch elapsed: 3.59
batch elapsed: 3.55
batch elapsed: 3.53
batch elapsed: 3.58
batch elapsed: 3.58
batch elapsed: 3.58
batch elapsed: 3.61
batch elapsed: 3.54
batch elapsed: 3.60
batch elapsed: 3.55
batch elapsed: 3.55
batch elapsed: 3.55
batch elapsed: 3.53
batch elapsed: 3.54
batch elapsed: 3.51
batch elapsed: 3.55
batch elapsed: 3.53
batch elapsed: 3.56
batch elapsed: 3.65
batch elapsed: 3.58
batch elapsed: 3.55
batch elapsed: 3.56
batch elapsed: 3.56
batch elapsed: 3.54
batch elapsed: 3.55
batch elapsed: 3.57
batch elapsed: 3.55
batch elapsed: 3.54
batch elapsed: 3.53
batch elapsed: 3.57
batch elapsed: 3.56
batch elapsed: 3.54
batch elapsed: 3.55
batch elapsed: 3.53
batch elapsed: 3.57
batch elapsed: 3.54
batch elapsed: 3.58
batch elapsed: 3.55
batch elapsed: 3.56
batch elapsed: 3.61
batch elapsed: 3.57
batch elapsed: 3.55
batch elapsed: 3.52
batch elapsed: 3.57
batch elapsed: 3.54
batch elapsed: 3.52
batch elapsed: 3.58
batch elapsed: 3.56
batch elapsed: 3.54
batch elapsed: 3.54
batch elapsed: 3.55
batch elapsed: 3.50
batch elapsed: 3.55
batch elapsed: 3.56
batch elapsed: 3.58
batch elapsed: 3.65
batch elapsed: 3.53
batch elapsed: 3.53
batch elapsed: 3.55
batch elapsed: 3.55
batch elapsed: 3.56
batch elapsed: 3.51
batch elapsed: 3.52
batch elapsed: 3.55
batch elapsed: 3.56
batch elapsed: 3.56
batch elapsed: 3.50
batch elapsed: 3.50
batch elapsed: 3.55
batch elapsed: 3.55
batch elapsed: 3.53
batch elapsed: 3.57
batch elapsed: 3.58
batch elapsed: 3.54
batch elapsed: 3.49
batch elapsed: 3.54
batch elapsed: 3.54
batch elapsed: 3.55
batch elapsed: 3.58
batch elapsed: 3.58
batch elapsed: 3.56
batch elapsed: 3.54
batch elapsed: 3.52
batch elapsed: 3.53
batch elapsed: 3.53
batch elapsed: 3.55
batch elapsed: 3.52
batch elapsed: 3.56
batch elapsed: 3.57
batch elapsed: 3.52
batch elapsed: 3.56
batch elapsed: 3.58
batch elapsed: 3.55
batch elapsed: 3.57
batch elapsed: 3.55
batch elapsed: 3.55
batch elapsed: 3.49
batch elapsed: 3.57
batch elapsed: 3.55
batch elapsed: 3.53
batch elapsed: 3.58
batch elapsed: 3.54
batch elapsed: 3.58
batch elapsed: 3.55
batch elapsed: 3.61
batch elapsed: 3.56
batch elapsed: 3.48
batch elapsed: 3.51
batch elapsed: 3.57
batch elapsed: 3.53
batch elapsed: 3.53
batch elapsed: 3.55
batch elapsed: 3.47
batch elapsed: 3.55
batch elapsed: 3.56
batch elapsed: 3.56
batch elapsed: 3.56
batch elapsed: 3.55
batch elapsed: 3.49
batch elapsed: 3.52
batch elapsed: 3.55
batch elapsed: 3.54
batch elapsed: 3.50
batch elapsed: 3.56
batch elapsed: 3.51
batch elapsed: 3.56
batch elapsed: 3.57
batch elapsed: 3.57
batch elapsed: 3.60
batch elapsed: 3.54
batch elapsed: 3.57
batch elapsed: 3.55
batch elapsed: 3.58
batch elapsed: 3.57
batch elapsed: 3.54
batch elapsed: 3.56
batch elapsed: 3.54
batch elapsed: 3.51
batch elapsed: 3.56
batch elapsed: 3.56
batch elapsed: 3.56
batch elapsed: 3.51
batch elapsed: 3.58
batch elapsed: 3.54
batch elapsed: 3.52
batch elapsed: 3.61
batch elapsed: 3.53
batch elapsed: 3.55
batch elapsed: 3.55
batch elapsed: 3.54
batch elapsed: 3.54
batch elapsed: 3.55
batch elapsed: 3.57
batch elapsed: 3.59
batch elapsed: 3.56
batch elapsed: 3.54
batch elapsed: 3.54
batch elapsed: 3.54
batch elapsed: 3.50
batch elapsed: 3.51
batch elapsed: 3.56
batch elapsed: 3.48
batch elapsed: 3.54
batch elapsed: 3.47
batch elapsed: 3.53
batch elapsed: 3.57
batch elapsed: 3.56
batch elapsed: 3.58
batch elapsed: 3.58
batch elapsed: 3.56
batch elapsed: 3.59
batch elapsed: 3.57
batch elapsed: 3.55
batch elapsed: 3.57
batch elapsed: 3.52
batch elapsed: 3.55
batch elapsed: 3.57
batch elapsed: 3.54
batch elapsed: 3.56
batch elapsed: 3.56
batch elapsed: 3.57
batch elapsed: 3.56
batch elapsed: 3.55
batch elapsed: 3.53
batch elapsed: 3.56
batch elapsed: 3.56
batch elapsed: 3.56
batch elapsed: 3.54
batch elapsed: 3.57
batch elapsed: 3.53
batch elapsed: 3.51
batch elapsed: 3.54
batch elapsed: 3.58
batch elapsed: 3.55
batch elapsed: 3.52
batch elapsed: 3.60
batch elapsed: 3.58
batch elapsed: 3.58
batch elapsed: 3.53
batch elapsed: 3.58
batch elapsed: 3.57
batch elapsed: 3.53
batch elapsed: 3.56
batch elapsed: 3.53
batch elapsed: 3.51
batch elapsed: 3.51
batch elapsed: 3.57
batch elapsed: 3.56
batch elapsed: 3.59
batch elapsed: 3.57
batch elapsed: 3.56
batch elapsed: 3.62
batch elapsed: 3.53
batch elapsed: 3.63
batch elapsed: 3.65
batch elapsed: 3.54
batch elapsed: 3.58
batch elapsed: 3.56
batch elapsed: 3.63
batch elapsed: 3.65
batch elapsed: 3.50
batch elapsed: 3.50
batch elapsed: 3.50
batch elapsed: 3.55
batch elapsed: 3.43
batch elapsed: 3.55
batch elapsed: 3.58
batch elapsed: 3.57
batch elapsed: 3.55
batch elapsed: 3.56
batch elapsed: 3.57
batch elapsed: 3.53
batch elapsed: 3.54
batch elapsed: 3.61
batch elapsed: 3.54
batch elapsed: 3.61
batch elapsed: 3.57
batch elapsed: 3.55
batch elapsed: 3.54
batch elapsed: 3.60
batch elapsed: 3.57
batch elapsed: 3.54
batch elapsed: 3.65
batch elapsed: 3.58
batch elapsed: 3.58
batch elapsed: 3.62
batch elapsed: 3.46
batch elapsed: 3.55
batch elapsed: 3.44
batch elapsed: 3.57
batch elapsed: 3.52
batch elapsed: 3.55
batch elapsed: 3.58
batch elapsed: 3.56
batch elapsed: 3.60
batch elapsed: 3.38
batch elapsed: 3.59
batch elapsed: 3.50
batch elapsed: 3.51
batch elapsed: 3.54
batch elapsed: 3.52
batch elapsed: 3.56
batch elapsed: 3.57
batch elapsed: 3.45
batch elapsed: 3.60
batch elapsed: 3.61
batch elapsed: 3.55
batch elapsed: 3.57
batch elapsed: 3.51
batch elapsed: 3.56
batch elapsed: 3.54
batch elapsed: 3.55
batch elapsed: 3.58
batch elapsed: 3.53
batch elapsed: 3.56
batch elapsed: 3.53
batch elapsed: 3.56
batch elapsed: 3.53
batch elapsed: 3.58
batch elapsed: 3.52
batch elapsed: 3.60
batch elapsed: 3.53
batch elapsed: 3.50
batch elapsed: 3.58
batch elapsed: 3.59
batch elapsed: 3.59
batch elapsed: 3.57
batch elapsed: 3.53
batch elapsed: 3.52
batch elapsed: 3.51
batch elapsed: 3.51
batch elapsed: 3.57
batch elapsed: 3.52
batch elapsed: 3.55
batch elapsed: 3.54
batch elapsed: 3.54
batch elapsed: 3.58
batch elapsed: 3.56
batch elapsed: 3.63
batch elapsed: 3.56
batch elapsed: 3.41
batch elapsed: 3.38
batch elapsed: 3.54
batch elapsed: 3.49
batch elapsed: 3.47
batch elapsed: 3.52
batch elapsed: 3.52
batch elapsed: 3.55
batch elapsed: 3.53
batch elapsed: 3.55
batch elapsed: 3.45
batch elapsed: 3.57
batch elapsed: 3.55
batch elapsed: 3.54
batch elapsed: 3.55
batch elapsed: 3.54
batch elapsed: 3.57
batch elapsed: 3.58
batch elapsed: 3.56
batch elapsed: 3.54
batch elapsed: 3.55
batch elapsed: 3.55
batch elapsed: 3.55
batch elapsed: 3.54
batch elapsed: 3.56
batch elapsed: 3.57
batch elapsed: 3.62
batch elapsed: 3.56
batch elapsed: 3.51
batch elapsed: 3.52
batch elapsed: 3.58
batch elapsed: 3.59
batch elapsed: 3.57
batch elapsed: 3.54
batch elapsed: 3.51
batch elapsed: 3.48
batch elapsed: 3.57
batch elapsed: 3.52
batch elapsed: 3.59
batch elapsed: 3.53
batch elapsed: 3.55
batch elapsed: 3.55
batch elapsed: 3.53
batch elapsed: 3.57
batch elapsed: 3.53
batch elapsed: 3.50
batch elapsed: 3.56
batch elapsed: 3.55
batch elapsed: 3.28
batch elapsed: 3.52
batch elapsed: 3.53
batch elapsed: 3.50
batch elapsed: 3.53
batch elapsed: 3.52
batch elapsed: 3.55
batch elapsed: 3.53
batch elapsed: 3.58
batch elapsed: 3.57
batch elapsed: 3.49
batch elapsed: 3.56
batch elapsed: 3.52
batch elapsed: 3.57
batch elapsed: 3.56
batch elapsed: 3.62
batch elapsed: 3.59
batch elapsed: 3.57
batch elapsed: 3.55
batch elapsed: 3.56
batch elapsed: 3.59
batch elapsed: 3.57
batch elapsed: 3.56
batch elapsed: 3.55
batch elapsed: 3.51
batch elapsed: 3.55
batch elapsed: 3.55
batch elapsed: 3.57
batch elapsed: 3.45
batch elapsed: 3.57
batch elapsed: 3.51
batch elapsed: 3.54
batch elapsed: 3.54
batch elapsed: 3.59
batch elapsed: 3.54
batch elapsed: 3.60
batch elapsed: 3.59
batch elapsed: 3.61
batch elapsed: 3.59
batch elapsed: 3.53
batch elapsed: 3.54
batch elapsed: 3.53
batch elapsed: 3.50
batch elapsed: 3.56
batch elapsed: 3.53
batch elapsed: 3.54
batch elapsed: 3.54
batch elapsed: 3.52
batch elapsed: 3.53
batch elapsed: 3.50
batch elapsed: 3.55
batch elapsed: 3.54
batch elapsed: 3.54
batch elapsed: 3.48
batch elapsed: 3.54
batch elapsed: 3.54
batch elapsed: 3.55
batch elapsed: 3.57
batch elapsed: 3.57
batch elapsed: 3.58
batch elapsed: 3.55
batch elapsed: 3.56
batch elapsed: 3.57
batch elapsed: 3.58
batch elapsed: 3.55
batch elapsed: 3.58
batch elapsed: 3.54
batch elapsed: 3.58
batch elapsed: 3.57
batch elapsed: 3.49
batch elapsed: 3.56
batch elapsed: 3.55
batch elapsed: 3.50
batch elapsed: 3.53
batch elapsed: 3.55
batch elapsed: 3.53
batch elapsed: 3.56
batch elapsed: 3.51
batch elapsed: 3.55
batch elapsed: 3.56
batch elapsed: 3.50
batch elapsed: 3.57
batch elapsed: 3.54
batch elapsed: 3.55
batch elapsed: 3.54
batch elapsed: 3.52
batch elapsed: 3.53
batch elapsed: 3.56
batch elapsed: 3.56
batch elapsed: 3.56
batch elapsed: 3.55
batch elapsed: 3.53
batch elapsed: 3.53
batch elapsed: 3.58
batch elapsed: 3.52
batch elapsed: 3.59
batch elapsed: 3.52
batch elapsed: 3.54
batch elapsed: 3.55
batch elapsed: 3.52
batch elapsed: 3.56
batch elapsed: 3.48
batch elapsed: 3.55
batch elapsed: 3.54
batch elapsed: 3.53
batch elapsed: 3.58
batch elapsed: 3.55
batch elapsed: 3.54
batch elapsed: 3.54
batch elapsed: 3.52
batch elapsed: 3.53
batch elapsed: 3.56
batch elapsed: 3.57
batch elapsed: 3.56
batch elapsed: 3.67
batch elapsed: 3.53
batch elapsed: 3.59
batch elapsed: 3.56
batch elapsed: 3.56
batch elapsed: 3.56
batch elapsed: 3.55
batch elapsed: 3.55
batch elapsed: 3.54
batch elapsed: 3.56
batch elapsed: 3.55
batch elapsed: 3.56
batch elapsed: 3.51
batch elapsed: 3.53
batch elapsed: 3.55
batch elapsed: 3.55
batch elapsed: 3.57
batch elapsed: 3.57
batch elapsed: 3.53
batch elapsed: 3.55
batch elapsed: 3.59
batch elapsed: 3.55
batch elapsed: 3.56
batch elapsed: 3.55
batch elapsed: 3.54
batch elapsed: 3.55
batch elapsed: 3.53
batch elapsed: 3.52
batch elapsed: 3.54
batch elapsed: 3.55
batch elapsed: 3.52
batch elapsed: 3.54
batch elapsed: 3.56
batch elapsed: 3.56
batch elapsed: 3.53
batch elapsed: 3.54
batch elapsed: 3.60
batch elapsed: 3.54
batch elapsed: 3.58
batch elapsed: 3.52
batch elapsed: 3.54
batch elapsed: 3.55
batch elapsed: 3.58
batch elapsed: 3.55
batch elapsed: 3.53
batch elapsed: 3.59
batch elapsed: 3.57
batch elapsed: 3.53
batch elapsed: 3.55
batch elapsed: 3.58
batch elapsed: 3.55
batch elapsed: 3.41
batch elapsed: 3.45
batch elapsed: 3.42
batch elapsed: 3.54
batch elapsed: 3.51
batch elapsed: 3.56
batch elapsed: 3.58
batch elapsed: 3.55
batch elapsed: 3.56
batch elapsed: 3.56
batch elapsed: 3.57
batch elapsed: 3.53
batch elapsed: 3.48
batch elapsed: 3.54
batch elapsed: 3.54
batch elapsed: 3.55
batch elapsed: 3.49
batch elapsed: 3.51
batch elapsed: 3.50
batch elapsed: 3.58
batch elapsed: 3.56
batch elapsed: 3.57
batch elapsed: 3.59
batch elapsed: 3.54
batch elapsed: 3.56
batch elapsed: 3.49
batch elapsed: 3.59
batch elapsed: 3.57
batch elapsed: 3.54
batch elapsed: 3.57
batch elapsed: 3.53
batch elapsed: 3.51
batch elapsed: 3.56
batch elapsed: 3.56
batch elapsed: 3.56
batch elapsed: 3.51
batch elapsed: 3.53
batch elapsed: 3.54
batch elapsed: 3.52
batch elapsed: 3.51
batch elapsed: 3.52
batch elapsed: 3.56
batch elapsed: 3.57
batch elapsed: 3.46
batch elapsed: 3.55
batch elapsed: 3.55
batch elapsed: 3.56
batch elapsed: 3.59
batch elapsed: 3.57
batch elapsed: 3.54
batch elapsed: 3.54
batch elapsed: 3.55
batch elapsed: 3.56
batch elapsed: 3.50
batch elapsed: 3.56
batch elapsed: 3.53
batch elapsed: 3.53
batch elapsed: 3.53
batch elapsed: 3.54
batch elapsed: 3.56
batch elapsed: 3.57
batch elapsed: 3.58
batch elapsed: 3.57
batch elapsed: 3.56
batch elapsed: 3.59
batch elapsed: 3.57
batch elapsed: 3.56
batch elapsed: 3.55
batch elapsed: 3.53
batch elapsed: 3.54
batch elapsed: 3.56
batch elapsed: 3.59
batch elapsed: 3.54
batch elapsed: 3.50
batch elapsed: 3.56
batch elapsed: 3.55
batch elapsed: 3.58
batch elapsed: 3.57
batch elapsed: 3.53
batch elapsed: 3.53
batch elapsed: 3.56
batch elapsed: 3.55
batch elapsed: 3.57
batch elapsed: 3.56
batch elapsed: 3.55
batch elapsed: 3.55
batch elapsed: 3.52
batch elapsed: 3.52
batch elapsed: 3.54
batch elapsed: 3.54
batch elapsed: 3.53
batch elapsed: 3.58
batch elapsed: 3.58
batch elapsed: 3.57
batch elapsed: 3.54
batch elapsed: 3.51
batch elapsed: 3.59
batch elapsed: 3.53
batch elapsed: 3.55
batch elapsed: 3.54
batch elapsed: 3.54
batch elapsed: 3.48
batch elapsed: 3.56
batch elapsed: 3.57
batch elapsed: 3.57
batch elapsed: 3.58
batch elapsed: 3.56
batch elapsed: 3.52
batch elapsed: 3.51
batch elapsed: 3.55
batch elapsed: 3.68
batch elapsed: 3.65
batch elapsed: 3.57
batch elapsed: 3.57
batch elapsed: 3.56
batch elapsed: 3.56
batch elapsed: 3.52
batch elapsed: 3.51
batch elapsed: 3.47
batch elapsed: 3.55
batch elapsed: 3.51
batch elapsed: 3.59
batch elapsed: 3.55
batch elapsed: 3.64
batch elapsed: 3.57
batch elapsed: 3.54
batch elapsed: 3.56
batch elapsed: 3.57
batch elapsed: 3.53
batch elapsed: 3.58
batch elapsed: 3.57
batch elapsed: 3.55
batch elapsed: 3.56
batch elapsed: 3.53
batch elapsed: 3.52
batch elapsed: 3.52
batch elapsed: 3.59
batch elapsed: 3.60
batch elapsed: 3.62
batch elapsed: 3.57
batch elapsed: 3.58
batch elapsed: 3.59
batch elapsed: 3.53
batch elapsed: 3.53
batch elapsed: 3.56
batch elapsed: 3.57
batch elapsed: 3.45
batch elapsed: 3.56
batch elapsed: 3.58
batch elapsed: 3.56
batch elapsed: 3.59
batch elapsed: 3.52
batch elapsed: 3.58
batch elapsed: 3.58
batch elapsed: 3.55
batch elapsed: 3.53
batch elapsed: 3.51
batch elapsed: 3.58
batch elapsed: 3.56
batch elapsed: 3.55
batch elapsed: 3.55
batch elapsed: 3.49
batch elapsed: 3.53
batch elapsed: 3.56
batch elapsed: 3.55
batch elapsed: 3.51
batch elapsed: 3.54
batch elapsed: 3.55
batch elapsed: 3.59
batch elapsed: 3.54
batch elapsed: 3.55
batch elapsed: 3.52
batch elapsed: 3.57
batch elapsed: 3.53
batch elapsed: 3.61
batch elapsed: 3.56
batch elapsed: 3.55
batch elapsed: 3.53
batch elapsed: 3.49
batch elapsed: 3.55
batch elapsed: 3.61
batch elapsed: 3.58
batch elapsed: 3.59
batch elapsed: 3.55
batch elapsed: 3.52
batch elapsed: 3.55
batch elapsed: 3.52
batch elapsed: 3.56
batch elapsed: 3.55
batch elapsed: 3.55
batch elapsed: 3.52
batch elapsed: 3.54
batch elapsed: 3.58
batch elapsed: 3.54
batch elapsed: 3.59
batch elapsed: 3.55
batch elapsed: 3.57
batch elapsed: 3.57
batch elapsed: 3.54
batch elapsed: 3.49
batch elapsed: 3.53
batch elapsed: 3.52
batch elapsed: 3.53
batch elapsed: 3.53
batch elapsed: 3.53
batch elapsed: 3.57
batch elapsed: 3.57
batch elapsed: 3.55
batch elapsed: 3.60
batch elapsed: 3.55
batch elapsed: 3.55
batch elapsed: 3.53
batch elapsed: 3.57
batch elapsed: 3.58
batch elapsed: 3.55
batch elapsed: 3.54
batch elapsed: 3.55
batch elapsed: 3.54
batch elapsed: 3.56
batch elapsed: 3.54
batch elapsed: 3.61
batch elapsed: 3.55
batch elapsed: 3.53
batch elapsed: 3.55
batch elapsed: 3.54
batch elapsed: 3.52
batch elapsed: 3.51
batch elapsed: 3.52
batch elapsed: 3.58
batch elapsed: 3.54
batch elapsed: 3.52
batch elapsed: 3.49
batch elapsed: 3.55
batch elapsed: 3.53
batch elapsed: 3.58
batch elapsed: 3.53
batch elapsed: 3.56
batch elapsed: 3.55
batch elapsed: 3.54
batch elapsed: 3.56
batch elapsed: 3.54
batch elapsed: 3.51
batch elapsed: 3.56
batch elapsed: 3.55
batch elapsed: 3.56
batch elapsed: 3.52
batch elapsed: 3.52
batch elapsed: 3.50
batch elapsed: 3.59
batch elapsed: 3.58
batch elapsed: 3.54
batch elapsed: 3.53
batch elapsed: 3.58
batch elapsed: 3.51
batch elapsed: 3.56
batch elapsed: 3.56
batch elapsed: 3.52
batch elapsed: 3.56
batch elapsed: 3.56
batch elapsed: 3.57
batch elapsed: 3.59
batch elapsed: 3.58
batch elapsed: 3.54
batch elapsed: 3.55
batch elapsed: 3.59
batch elapsed: 3.52
batch elapsed: 3.57
batch elapsed: 3.62
batch elapsed: 3.49
batch elapsed: 3.61
batch elapsed: 3.54
batch elapsed: 3.56
batch elapsed: 3.53
batch elapsed: 3.56
batch elapsed: 3.51
batch elapsed: 3.53
batch elapsed: 3.42
batch elapsed: 3.37
batch elapsed: 3.50
batch elapsed: 3.59
batch elapsed: 3.59
batch elapsed: 3.62
batch elapsed: 3.57
batch elapsed: 3.53
batch elapsed: 3.53
batch elapsed: 3.54
batch elapsed: 3.51
batch elapsed: 3.62
batch elapsed: 3.54
batch elapsed: 3.58
batch elapsed: 3.55
batch elapsed: 3.53
batch elapsed: 3.54
batch elapsed: 3.50
batch elapsed: 3.54
batch elapsed: 3.55
batch elapsed: 3.54
batch elapsed: 3.48
batch elapsed: 3.61
batch elapsed: 3.54
batch elapsed: 3.60
batch elapsed: 3.57
batch elapsed: 3.56
batch elapsed: 3.58
batch elapsed: 3.55
batch elapsed: 3.56
batch elapsed: 3.57
batch elapsed: 3.58
batch elapsed: 3.57
batch elapsed: 3.56
batch elapsed: 3.54
batch elapsed: 3.58
batch elapsed: 3.58
batch elapsed: 3.53
batch elapsed: 3.57
batch elapsed: 3.59
batch elapsed: 3.53
batch elapsed: 3.58
batch elapsed: 3.55
batch elapsed: 3.52
batch elapsed: 3.56
batch elapsed: 3.72
batch elapsed: 3.56
batch elapsed: 3.55
batch elapsed: 3.57
batch elapsed: 3.56
batch elapsed: 3.54
batch elapsed: 3.54
batch elapsed: 3.54
batch elapsed: 3.59
batch elapsed: 3.57
batch elapsed: 3.56
batch elapsed: 3.55
batch elapsed: 3.56
batch elapsed: 3.57
batch elapsed: 3.57
batch elapsed: 3.52
batch elapsed: 3.59
batch elapsed: 3.53
batch elapsed: 3.57
batch elapsed: 3.59
batch elapsed: 3.54
batch elapsed: 3.55
batch elapsed: 3.52
batch elapsed: 3.59
batch elapsed: 3.55
batch elapsed: 3.56
batch elapsed: 3.53
batch elapsed: 3.54
batch elapsed: 3.58
batch elapsed: 3.55
batch elapsed: 3.54
batch elapsed: 3.54
batch elapsed: 3.62
batch elapsed: 3.54
batch elapsed: 3.56
batch elapsed: 3.55
batch elapsed: 3.58
batch elapsed: 3.59
batch elapsed: 3.53
batch elapsed: 3.55
batch elapsed: 3.55
batch elapsed: 3.57
batch elapsed: 3.56
batch elapsed: 3.48
batch elapsed: 3.56
batch elapsed: 3.58
batch elapsed: 3.56
batch elapsed: 3.57
batch elapsed: 3.52
batch elapsed: 3.53
batch elapsed: 3.55
batch elapsed: 3.55
batch elapsed: 3.54
batch elapsed: 3.59
batch elapsed: 3.55
batch elapsed: 3.54
batch elapsed: 3.55
batch elapsed: 3.58
batch elapsed: 3.56
batch elapsed: 3.55
batch elapsed: 3.55
batch elapsed: 3.56
batch elapsed: 3.55
batch elapsed: 3.51
batch elapsed: 3.54
batch elapsed: 3.54
batch elapsed: 3.55
batch elapsed: 3.51
batch elapsed: 3.55
batch elapsed: 3.57
batch elapsed: 3.57
batch elapsed: 3.63
batch elapsed: 3.54
batch elapsed: 3.59
batch elapsed: 3.54
batch elapsed: 3.57
batch elapsed: 3.53
batch elapsed: 3.55
batch elapsed: 3.50
batch elapsed: 3.58
batch elapsed: 3.54
batch elapsed: 3.53
batch elapsed: 3.59
batch elapsed: 3.50
batch elapsed: 3.56
batch elapsed: 3.59
batch elapsed: 3.55
batch elapsed: 3.57
batch elapsed: 3.58
batch elapsed: 3.48
batch elapsed: 3.55
batch elapsed: 3.53
batch elapsed: 3.57
batch elapsed: 3.38
batch elapsed: 3.48
batch elapsed: 3.54
batch elapsed: 3.64
batch elapsed: 3.55
batch elapsed: 3.55
batch elapsed: 3.53
batch elapsed: 3.55
batch elapsed: 3.54
batch elapsed: 3.53
batch elapsed: 3.55
batch elapsed: 3.47
batch elapsed: 3.52
batch elapsed: 3.51
batch elapsed: 3.59
batch elapsed: 3.55
batch elapsed: 3.58
batch elapsed: 3.58
batch elapsed: 3.57
batch elapsed: 3.55
batch elapsed: 3.57
batch elapsed: 3.57
batch elapsed: 3.56
batch elapsed: 3.55
batch elapsed: 3.56
batch elapsed: 3.53
batch elapsed: 3.58
batch elapsed: 3.54
batch elapsed: 3.56
batch elapsed: 3.57
batch elapsed: 3.55
batch elapsed: 3.55
batch elapsed: 3.53
batch elapsed: 3.58
batch elapsed: 3.55
batch elapsed: 3.55
batch elapsed: 3.58
batch elapsed: 3.51
batch elapsed: 3.52
batch elapsed: 3.57
batch elapsed: 3.56
batch elapsed: 3.57
batch elapsed: 3.58
batch elapsed: 3.56
batch elapsed: 3.53
batch elapsed: 3.55
batch elapsed: 3.59
batch elapsed: 3.53
batch elapsed: 3.50
batch elapsed: 3.55
batch elapsed: 3.50
batch elapsed: 3.50
batch elapsed: 3.59
batch elapsed: 3.56
batch elapsed: 3.45
batch elapsed: 3.57
batch elapsed: 3.58
batch elapsed: 3.58
batch elapsed: 3.57
batch elapsed: 3.58
batch elapsed: 3.55
batch elapsed: 3.57
batch elapsed: 3.54
batch elapsed: 3.54
batch elapsed: 3.55
batch elapsed: 3.56
batch elapsed: 3.58
batch elapsed: 3.55
batch elapsed: 3.54
batch elapsed: 3.56
batch elapsed: 3.57
batch elapsed: 3.55
batch elapsed: 3.50
batch elapsed: 3.51
batch elapsed: 3.57
batch elapsed: 3.54
batch elapsed: 3.58
batch elapsed: 3.58
batch elapsed: 3.56
batch elapsed: 3.57
batch elapsed: 3.62
batch elapsed: 3.50
batch elapsed: 3.47
batch elapsed: 3.55
batch elapsed: 3.47
batch elapsed: 3.56
batch elapsed: 3.66
batch elapsed: 3.55
batch elapsed: 3.54
batch elapsed: 3.53
batch elapsed: 3.55
batch elapsed: 3.54
batch elapsed: 3.55
batch elapsed: 3.60
batch elapsed: 3.56
batch elapsed: 3.61
batch elapsed: 3.53
batch elapsed: 3.52
batch elapsed: 3.56
batch elapsed: 3.53
batch elapsed: 3.54
batch elapsed: 3.54
batch elapsed: 3.56
batch elapsed: 3.53
batch elapsed: 3.53
batch elapsed: 3.56
batch elapsed: 3.54
batch elapsed: 3.54
batch elapsed: 3.57
batch elapsed: 3.56
batch elapsed: 3.59
batch elapsed: 3.55
batch elapsed: 3.53
batch elapsed: 3.54
batch elapsed: 3.46
batch elapsed: 3.56
batch elapsed: 3.49
batch elapsed: 3.55
batch elapsed: 3.52
batch elapsed: 3.55
batch elapsed: 3.53
batch elapsed: 3.55
batch elapsed: 3.57
batch elapsed: 3.52
batch elapsed: 3.52
batch elapsed: 3.61
batch elapsed: 3.53
batch elapsed: 3.54
batch elapsed: 3.58
batch elapsed: 3.56
batch elapsed: 3.55
batch elapsed: 3.53
batch elapsed: 3.53
batch elapsed: 3.39
batch elapsed: 3.36
batch elapsed: 3.39
batch elapsed: 3.44
batch elapsed: 3.55
batch elapsed: 3.54
batch elapsed: 3.55
batch elapsed: 3.55
batch elapsed: 3.55
batch elapsed: 3.54
batch elapsed: 3.53
batch elapsed: 3.52
batch elapsed: 3.52
batch elapsed: 3.56
batch elapsed: 3.56
batch elapsed: 3.57
batch elapsed: 3.60
batch elapsed: 3.55
batch elapsed: 3.53
batch elapsed: 3.55
batch elapsed: 3.52
batch elapsed: 3.52
batch elapsed: 3.57
batch elapsed: 3.58
batch elapsed: 3.59
batch elapsed: 3.57
batch elapsed: 3.56
batch elapsed: 3.46
batch elapsed: 3.56
batch elapsed: 3.59
batch elapsed: 3.54
batch elapsed: 3.51
batch elapsed: 3.54
batch elapsed: 3.55
batch elapsed: 3.54
batch elapsed: 3.43
batch elapsed: 3.57
batch elapsed: 3.58
batch elapsed: 3.54
batch elapsed: 3.54
batch elapsed: 3.56
batch elapsed: 3.54
batch elapsed: 3.56
batch elapsed: 3.55
batch elapsed: 3.56
batch elapsed: 3.56
batch elapsed: 3.52
batch elapsed: 3.54
batch elapsed: 3.57
batch elapsed: 3.55
batch elapsed: 3.55
batch elapsed: 3.55
batch elapsed: 3.54
batch elapsed: 3.56
batch elapsed: 3.58
batch elapsed: 3.50
batch elapsed: 3.57
batch elapsed: 3.56
batch elapsed: 3.63
batch elapsed: 3.54
batch elapsed: 3.54
batch elapsed: 3.52
batch elapsed: 3.55
batch elapsed: 3.54
batch elapsed: 3.45
batch elapsed: 3.55
batch elapsed: 3.56
batch elapsed: 3.55
batch elapsed: 3.56
batch elapsed: 3.53
batch elapsed: 3.56
batch elapsed: 3.56
batch elapsed: 3.50
batch elapsed: 3.55
batch elapsed: 3.59
batch elapsed: 3.60
batch elapsed: 3.54
batch elapsed: 3.44
batch elapsed: 3.50
batch elapsed: 3.54
batch elapsed: 3.58
batch elapsed: 3.59
batch elapsed: 3.58
batch elapsed: 3.54
batch elapsed: 3.55
batch elapsed: 3.56
batch elapsed: 3.57
batch elapsed: 3.55
batch elapsed: 3.53
batch elapsed: 3.57
batch elapsed: 3.51
batch elapsed: 3.54
batch elapsed: 3.54
batch elapsed: 3.56
batch elapsed: 3.52
batch elapsed: 3.56
batch elapsed: 3.57
batch elapsed: 3.57
batch elapsed: 3.58
batch elapsed: 3.58
batch elapsed: 3.54
batch elapsed: 3.56
batch elapsed: 3.50
batch elapsed: 3.57
batch elapsed: 3.54
batch elapsed: 3.58
batch elapsed: 3.54
batch elapsed: 3.57
batch elapsed: 3.56
batch elapsed: 3.53
batch elapsed: 3.57
batch elapsed: 3.57
batch elapsed: 3.54
batch elapsed: 3.53
batch elapsed: 3.54
batch elapsed: 3.55
batch elapsed: 3.56
batch elapsed: 3.56
batch elapsed: 3.55
batch elapsed: 3.54
batch elapsed: 3.53
batch elapsed: 3.45
batch elapsed: 3.39
batch elapsed: 3.50
batch elapsed: 3.55
batch elapsed: 3.54
batch elapsed: 3.56
batch elapsed: 3.53
batch elapsed: 3.58
batch elapsed: 3.54
batch elapsed: 3.54
batch elapsed: 3.56
batch elapsed: 3.56
batch elapsed: 3.55
batch elapsed: 3.56
batch elapsed: 3.56
batch elapsed: 3.52
batch elapsed: 3.55
batch elapsed: 3.57
batch elapsed: 3.57
batch elapsed: 3.54
batch elapsed: 3.54
batch elapsed: 3.52
batch elapsed: 3.42
batch elapsed: 3.56
batch elapsed: 3.54
batch elapsed: 3.52
batch elapsed: 3.53
batch elapsed: 3.53
batch elapsed: 3.50
batch elapsed: 3.48
batch elapsed: 3.54
batch elapsed: 3.57
batch elapsed: 3.56
batch elapsed: 3.54
batch elapsed: 3.55
batch elapsed: 3.54
batch elapsed: 3.56
batch elapsed: 3.57
batch elapsed: 3.54
batch elapsed: 3.57
batch elapsed: 3.56
batch elapsed: 3.54
batch elapsed: 3.55
batch elapsed: 3.56
batch elapsed: 3.54
batch elapsed: 3.56
batch elapsed: 3.57
batch elapsed: 3.55
batch elapsed: 3.48
batch elapsed: 3.50
batch elapsed: 3.58
batch elapsed: 3.54
batch elapsed: 3.55
batch elapsed: 3.65
batch elapsed: 3.53
batch elapsed: 3.55
batch elapsed: 3.52
batch elapsed: 3.58
batch elapsed: 3.54
batch elapsed: 3.53
batch elapsed: 3.56
batch elapsed: 3.54
batch elapsed: 3.55
batch elapsed: 3.54
batch elapsed: 3.55
batch elapsed: 3.53
batch elapsed: 3.50
batch elapsed: 3.47
batch elapsed: 3.53
batch elapsed: 3.57
batch elapsed: 3.58
batch elapsed: 3.57
batch elapsed: 3.54
batch elapsed: 3.59
batch elapsed: 3.54
batch elapsed: 3.54
batch elapsed: 3.56
batch elapsed: 3.54
batch elapsed: 3.51
batch elapsed: 3.54
batch elapsed: 3.55
batch elapsed: 3.55
batch elapsed: 3.55
batch elapsed: 3.55
batch elapsed: 3.59
batch elapsed: 3.56
batch elapsed: 3.55
batch elapsed: 3.54
batch elapsed: 3.51
batch elapsed: 3.50
batch elapsed: 3.56
batch elapsed: 3.53
batch elapsed: 3.51
batch elapsed: 3.54
batch elapsed: 3.56
batch elapsed: 3.54
batch elapsed: 3.54
batch elapsed: 3.56
batch elapsed: 3.53
batch elapsed: 3.58
batch elapsed: 3.56
batch elapsed: 3.59
batch elapsed: 3.56
batch elapsed: 3.52
batch elapsed: 3.55
batch elapsed: 3.54
batch elapsed: 3.56
batch elapsed: 3.59
batch elapsed: 3.50
batch elapsed: 3.59
batch elapsed: 3.50
batch elapsed: 3.52
batch elapsed: 3.53
batch elapsed: 3.52
batch elapsed: 3.59
batch elapsed: 3.58
batch elapsed: 3.58
batch elapsed: 3.55
batch elapsed: 3.51
batch elapsed: 3.58
batch elapsed: 3.53
batch elapsed: 3.56
batch elapsed: 3.54
batch elapsed: 3.56
batch elapsed: 3.52
batch elapsed: 3.48
batch elapsed: 3.55
batch elapsed: 3.54
batch elapsed: 3.57
batch elapsed: 3.58
batch elapsed: 3.58
batch elapsed: 3.56
batch elapsed: 3.57
batch elapsed: 3.59
batch elapsed: 3.54
batch elapsed: 3.54
batch elapsed: 3.56
batch elapsed: 3.65
batch elapsed: 3.59
batch elapsed: 3.57
batch elapsed: 3.52
batch elapsed: 3.55
batch elapsed: 3.55
batch elapsed: 3.57
batch elapsed: 3.51
batch elapsed: 3.65
batch elapsed: 3.53
batch elapsed: 3.57
batch elapsed: 3.49
batch elapsed: 3.55
batch elapsed: 3.53
batch elapsed: 3.58
batch elapsed: 3.54
batch elapsed: 3.51
batch elapsed: 3.56
batch elapsed: 3.57
batch elapsed: 3.55
batch elapsed: 3.57
batch elapsed: 3.52
batch elapsed: 3.52
batch elapsed: 3.58
batch elapsed: 3.54
batch elapsed: 3.55
batch elapsed: 3.55
batch elapsed: 3.56
batch elapsed: 3.52
batch elapsed: 3.54
batch elapsed: 3.54
batch elapsed: 3.60
batch elapsed: 3.54
batch elapsed: 3.57
batch elapsed: 3.58
batch elapsed: 3.52
batch elapsed: 3.58
batch elapsed: 3.56
batch elapsed: 3.57
batch elapsed: 3.46
batch elapsed: 3.49
batch elapsed: 3.57
batch elapsed: 3.55
batch elapsed: 3.57
batch elapsed: 3.56
batch elapsed: 3.52
batch elapsed: 3.50
batch elapsed: 3.53
batch elapsed: 3.57
batch elapsed: 3.46
batch elapsed: 3.52
batch elapsed: 3.56
batch elapsed: 3.57
batch elapsed: 3.55
batch elapsed: 3.56
batch elapsed: 3.53
batch elapsed: 3.49
batch elapsed: 3.52
batch elapsed: 3.57
batch elapsed: 3.54
batch elapsed: 3.56
batch elapsed: 3.52
batch elapsed: 3.56
batch elapsed: 3.49
batch elapsed: 3.57
batch elapsed: 3.57
batch elapsed: 3.55
batch elapsed: 3.59
batch elapsed: 3.57
batch elapsed: 3.54
batch elapsed: 3.55
batch elapsed: 3.57
batch elapsed: 3.59
batch elapsed: 3.55
batch elapsed: 3.56
batch elapsed: 3.55
batch elapsed: 3.51
batch elapsed: 3.53
batch elapsed: 3.56
batch elapsed: 3.59
batch elapsed: 3.54
batch elapsed: 3.57
batch elapsed: 3.56
batch elapsed: 3.58
batch elapsed: 3.52
batch elapsed: 3.46
batch elapsed: 3.54
batch elapsed: 3.56
batch elapsed: 3.58
batch elapsed: 3.53
batch elapsed: 3.48
batch elapsed: 3.53
batch elapsed: 3.55
batch elapsed: 3.57
batch elapsed: 3.58
batch elapsed: 3.58
batch elapsed: 3.54
batch elapsed: 3.58
batch elapsed: 3.54
batch elapsed: 3.50
batch elapsed: 3.55
batch elapsed: 3.56
batch elapsed: 3.62
batch elapsed: 3.57
batch elapsed: 3.54
batch elapsed: 3.54
batch elapsed: 3.53
batch elapsed: 3.54
batch elapsed: 3.55
batch elapsed: 3.55
batch elapsed: 3.54
batch elapsed: 3.55
batch elapsed: 3.57
batch elapsed: 3.60
batch elapsed: 3.52
batch elapsed: 3.55
batch elapsed: 3.56
batch elapsed: 3.58
batch elapsed: 3.54
batch elapsed: 3.56
batch elapsed: 3.58
batch elapsed: 3.58
batch elapsed: 3.57
batch elapsed: 3.55
batch elapsed: 3.53
batch elapsed: 3.56
batch elapsed: 3.58
batch elapsed: 3.56
batch elapsed: 3.58
batch elapsed: 3.52
batch elapsed: 3.54
batch elapsed: 3.51
batch elapsed: 3.49
batch elapsed: 3.53
batch elapsed: 3.53
batch elapsed: 3.58
batch elapsed: 3.52
batch elapsed: 3.54
batch elapsed: 3.55
batch elapsed: 3.57
batch elapsed: 3.57
batch elapsed: 3.50
batch elapsed: 3.56
batch elapsed: 3.59
batch elapsed: 3.53
batch elapsed: 3.56
batch elapsed: 3.56
batch elapsed: 3.56
batch elapsed: 3.51
batch elapsed: 3.56
batch elapsed: 3.49
batch elapsed: 3.54
batch elapsed: 3.53
batch elapsed: 3.51
batch elapsed: 3.54
batch elapsed: 3.54
batch elapsed: 3.56
batch elapsed: 3.55
batch elapsed: 3.55
batch elapsed: 3.53
batch elapsed: 3.53
batch elapsed: 3.55
batch elapsed: 3.51
batch elapsed: 3.53
batch elapsed: 3.51
batch elapsed: 3.58
batch elapsed: 3.58
batch elapsed: 3.57
batch elapsed: 3.53
batch elapsed: 3.54
batch elapsed: 3.56
batch elapsed: 3.49
batch elapsed: 3.55
batch elapsed: 3.57
batch elapsed: 3.60
batch elapsed: 3.56
batch elapsed: 3.58
batch elapsed: 3.57
batch elapsed: 3.54
batch elapsed: 3.58
batch elapsed: 3.58
batch elapsed: 3.51
batch elapsed: 3.58
batch elapsed: 3.57
batch elapsed: 3.52
batch elapsed: 3.46
batch elapsed: 3.52
batch elapsed: 3.60
batch elapsed: 3.55
batch elapsed: 3.55
batch elapsed: 3.54
batch elapsed: 3.60
batch elapsed: 3.56
batch elapsed: 3.56
batch elapsed: 3.55
batch elapsed: 3.57
batch elapsed: 3.53
batch elapsed: 3.53
batch elapsed: 3.56
batch elapsed: 3.62
batch elapsed: 3.53
batch elapsed: 3.56
batch elapsed: 3.54
batch elapsed: 3.56
batch elapsed: 3.58
batch elapsed: 3.54
batch elapsed: 3.57
batch elapsed: 3.56
batch elapsed: 3.57
batch elapsed: 3.53
batch elapsed: 3.56
batch elapsed: 3.55
batch elapsed: 3.51
batch elapsed: 3.59
batch elapsed: 3.55
batch elapsed: 3.57
batch elapsed: 3.57
batch elapsed: 3.55
batch elapsed: 3.55
batch elapsed: 3.54
batch elapsed: 3.55
batch elapsed: 3.55
batch elapsed: 3.63
batch elapsed: 3.54
batch elapsed: 3.57
batch elapsed: 3.61
batch elapsed: 3.55
batch elapsed: 3.56
batch elapsed: 3.56
batch elapsed: 3.53
batch elapsed: 3.58
batch elapsed: 3.58
batch elapsed: 3.60
batch elapsed: 3.54
batch elapsed: 3.49
batch elapsed: 3.57
batch elapsed: 3.55
batch elapsed: 3.55
batch elapsed: 3.53
batch elapsed: 3.57
batch elapsed: 3.52
batch elapsed: 3.53
batch elapsed: 3.54
batch elapsed: 3.57
batch elapsed: 3.52
batch elapsed: 3.54
batch elapsed: 3.59
batch elapsed: 3.56
batch elapsed: 3.58
batch elapsed: 3.59
batch elapsed: 3.54
batch elapsed: 3.55
batch elapsed: 3.52
batch elapsed: 3.50
batch elapsed: 3.54
batch elapsed: 3.53
batch elapsed: 3.55
batch elapsed: 3.57
batch elapsed: 3.55
batch elapsed: 3.55
batch elapsed: 3.56
batch elapsed: 3.56
batch elapsed: 3.50
batch elapsed: 3.58
batch elapsed: 3.54
batch elapsed: 3.54
batch elapsed: 3.56
batch elapsed: 3.56
batch elapsed: 3.55
batch elapsed: 3.54
batch elapsed: 3.53
batch elapsed: 3.50
batch elapsed: 3.57
batch elapsed: 3.50
batch elapsed: 3.60
batch elapsed: 3.53
batch elapsed: 3.57
batch elapsed: 3.47
batch elapsed: 3.51
batch elapsed: 3.61
batch elapsed: 3.54
batch elapsed: 3.53
batch elapsed: 3.48
batch elapsed: 3.53
batch elapsed: 3.57
batch elapsed: 3.40
batch elapsed: 3.50
batch elapsed: 3.55
batch elapsed: 3.56
batch elapsed: 3.57
batch elapsed: 3.49
batch elapsed: 3.53
batch elapsed: 3.53
batch elapsed: 3.53
batch elapsed: 3.56
batch elapsed: 3.61
batch elapsed: 3.53
batch elapsed: 3.57
batch elapsed: 3.53
batch elapsed: 3.64
batch elapsed: 3.55
batch elapsed: 3.52
batch elapsed: 3.58
batch elapsed: 3.58
batch elapsed: 3.54
batch elapsed: 3.53
batch elapsed: 3.55
batch elapsed: 3.62
batch elapsed: 3.56
batch elapsed: 3.54
batch elapsed: 3.56
batch elapsed: 3.57
batch elapsed: 3.53
batch elapsed: 3.55
batch elapsed: 3.56
batch elapsed: 3.54
batch elapsed: 3.46
batch elapsed: 3.37
batch elapsed: 3.53
batch elapsed: 3.50
batch elapsed: 3.49
batch elapsed: 3.51
batch elapsed: 3.54
batch elapsed: 3.56
batch elapsed: 3.54
batch elapsed: 3.51
batch elapsed: 3.55
batch elapsed: 3.52
batch elapsed: 3.58
batch elapsed: 3.59
batch elapsed: 3.54
batch elapsed: 3.58
batch elapsed: 3.51
batch elapsed: 3.56
batch elapsed: 3.56
batch elapsed: 3.55
batch elapsed: 3.52
batch elapsed: 3.55
batch elapsed: 3.55
batch elapsed: 3.57
batch elapsed: 3.58
batch elapsed: 3.57
batch elapsed: 3.59
batch elapsed: 3.52
batch elapsed: 3.53
batch elapsed: 3.53
batch elapsed: 3.44
batch elapsed: 3.58
batch elapsed: 3.53
batch elapsed: 3.54
batch elapsed: 3.53
batch elapsed: 3.54
batch elapsed: 3.49
batch elapsed: 3.58
batch elapsed: 3.54
batch elapsed: 3.58
batch elapsed: 3.57
batch elapsed: 3.56
batch elapsed: 3.50
batch elapsed: 3.50
batch elapsed: 3.49
batch elapsed: 3.57
batch elapsed: 3.54
batch elapsed: 3.51
batch elapsed: 3.55
batch elapsed: 3.54
batch elapsed: 3.54
batch elapsed: 3.54
batch elapsed: 3.56
batch elapsed: 3.54
batch elapsed: 3.57
batch elapsed: 3.58
batch elapsed: 3.57
batch elapsed: 3.57
batch elapsed: 3.54
batch elapsed: 3.52
batch elapsed: 3.56
batch elapsed: 3.55
batch elapsed: 3.58
batch elapsed: 3.53
batch elapsed: 3.52
batch elapsed: 3.56
batch elapsed: 3.56
batch elapsed: 3.57
batch elapsed: 3.51
batch elapsed: 3.55
batch elapsed: 3.64
batch elapsed: 3.60
batch elapsed: 3.60
batch elapsed: 3.52
batch elapsed: 3.58
batch elapsed: 3.59
batch elapsed: 3.57
batch elapsed: 3.64
batch elapsed: 3.55
batch elapsed: 3.57
batch elapsed: 3.58
batch elapsed: 3.55
batch elapsed: 3.55
batch elapsed: 3.61
batch elapsed: 3.53
batch elapsed: 3.58
batch elapsed: 3.56
batch elapsed: 3.51
batch elapsed: 3.55
batch elapsed: 3.54
batch elapsed: 3.60
batch elapsed: 3.55
batch elapsed: 3.54
batch elapsed: 3.57
batch elapsed: 3.58
batch elapsed: 3.53
batch elapsed: 3.53
batch elapsed: 3.54
batch elapsed: 3.53
batch elapsed: 3.53
batch elapsed: 3.58
batch elapsed: 3.53
batch elapsed: 3.57
batch elapsed: 3.55
batch elapsed: 3.53
batch elapsed: 3.56
batch elapsed: 3.56
batch elapsed: 3.55
batch elapsed: 3.53
batch elapsed: 3.54
batch elapsed: 3.57
batch elapsed: 3.56
batch elapsed: 3.57
batch elapsed: 3.58
batch elapsed: 3.53
batch elapsed: 3.58
batch elapsed: 3.54
batch elapsed: 3.53
batch elapsed: 3.42
batch elapsed: 3.53
batch elapsed: 3.53
batch elapsed: 3.51
batch elapsed: 3.56
batch elapsed: 3.61
batch elapsed: 3.54
batch elapsed: 3.55
batch elapsed: 3.58
batch elapsed: 3.55
batch elapsed: 3.57
batch elapsed: 3.54
batch elapsed: 3.58
batch elapsed: 3.54
batch elapsed: 3.53
batch elapsed: 3.55
batch elapsed: 3.56
batch elapsed: 3.57
batch elapsed: 3.57
batch elapsed: 3.54
batch elapsed: 3.55
batch elapsed: 3.54
batch elapsed: 3.57
batch elapsed: 3.47
batch elapsed: 3.55
batch elapsed: 3.57
batch elapsed: 3.57
batch elapsed: 3.56
batch elapsed: 3.55
batch elapsed: 3.54
batch elapsed: 3.55
batch elapsed: 3.52
batch elapsed: 3.56
batch elapsed: 3.54
batch elapsed: 3.62
batch elapsed: 3.52
batch elapsed: 3.55
batch elapsed: 3.56
batch elapsed: 3.55
batch elapsed: 3.57
batch elapsed: 3.55
batch elapsed: 3.55
batch elapsed: 3.51
batch elapsed: 3.53
batch elapsed: 3.56
batch elapsed: 3.55
batch elapsed: 3.54
batch elapsed: 3.56
batch elapsed: 3.56
batch elapsed: 3.55
batch elapsed: 3.53
batch elapsed: 3.53
batch elapsed: 3.59
batch elapsed: 3.57
batch elapsed: 3.55
batch elapsed: 3.57
batch elapsed: 3.55
batch elapsed: 3.59
batch elapsed: 3.51
batch elapsed: 3.52
batch elapsed: 3.52
batch elapsed: 3.58
batch elapsed: 3.54
batch elapsed: 3.37
batch elapsed: 3.50
batch elapsed: 3.57
batch elapsed: 3.54
batch elapsed: 3.59
batch elapsed: 3.57
batch elapsed: 3.56
batch elapsed: 3.52
batch elapsed: 3.52
batch elapsed: 3.49
batch elapsed: 3.55
batch elapsed: 3.51
batch elapsed: 3.47
batch elapsed: 3.56
batch elapsed: 3.51
batch elapsed: 3.36
batch elapsed: 3.43
batch elapsed: 3.53
batch elapsed: 3.54
batch elapsed: 3.54
batch elapsed: 3.55
batch elapsed: 3.55
batch elapsed: 3.55
batch elapsed: 3.50
batch elapsed: 3.53
batch elapsed: 3.53
batch elapsed: 3.57
batch elapsed: 3.54
batch elapsed: 3.54
batch elapsed: 3.60
batch elapsed: 3.57
batch elapsed: 3.57
batch elapsed: 3.61
batch elapsed: 3.54
batch elapsed: 3.54
batch elapsed: 3.54
batch elapsed: 3.57
batch elapsed: 3.56
batch elapsed: 3.58
batch elapsed: 3.54
batch elapsed: 3.54
batch elapsed: 3.54
batch elapsed: 3.40
batch elapsed: 3.56
batch elapsed: 3.50
batch elapsed: 3.50
batch elapsed: 3.45
batch elapsed: 3.54
batch elapsed: 3.54
batch elapsed: 3.55
batch elapsed: 3.63
batch elapsed: 3.52
batch elapsed: 3.52
batch elapsed: 3.60
batch elapsed: 3.53
batch elapsed: 3.55
batch elapsed: 3.57
batch elapsed: 3.52
batch elapsed: 3.54
batch elapsed: 3.53
batch elapsed: 3.55
batch elapsed: 3.45
batch elapsed: 3.52
batch elapsed: 3.52
batch elapsed: 3.53
batch elapsed: 3.54
batch elapsed: 3.55
batch elapsed: 3.55
batch elapsed: 3.56
batch elapsed: 3.53
batch elapsed: 3.54
batch elapsed: 3.54
batch elapsed: 3.46
batch elapsed: 3.53
batch elapsed: 3.54
batch elapsed: 3.54
batch elapsed: 3.57
batch elapsed: 3.37
batch elapsed: 3.55
batch elapsed: 3.53
batch elapsed: 3.56
batch elapsed: 3.51
batch elapsed: 3.53
batch elapsed: 3.57
batch elapsed: 3.56
batch elapsed: 3.60
batch elapsed: 3.56
batch elapsed: 3.56
batch elapsed: 3.52
batch elapsed: 3.55
batch elapsed: 3.53
batch elapsed: 3.53
batch elapsed: 3.51
batch elapsed: 3.54
batch elapsed: 3.54
batch elapsed: 3.55
batch elapsed: 3.48
batch elapsed: 3.31
batch elapsed: 3.56
batch elapsed: 3.55
batch elapsed: 3.54
batch elapsed: 3.55
batch elapsed: 3.55
batch elapsed: 3.56
batch elapsed: 3.55
batch elapsed: 3.56
batch elapsed: 3.57
batch elapsed: 3.52
batch elapsed: 3.55
batch elapsed: 3.56
batch elapsed: 3.55
batch elapsed: 3.54
batch elapsed: 3.56
batch elapsed: 3.54
batch elapsed: 3.57
batch elapsed: 3.58
batch elapsed: 3.54
batch elapsed: 3.57
batch elapsed: 3.56
batch elapsed: 3.57
batch elapsed: 3.54
batch elapsed: 3.55
batch elapsed: 3.54
batch elapsed: 3.54
batch elapsed: 3.57
batch elapsed: 3.53
batch elapsed: 3.54
batch elapsed: 3.56
batch elapsed: 3.56
batch elapsed: 3.56
batch elapsed: 3.54
batch elapsed: 3.55
batch elapsed: 3.57
batch elapsed: 3.60
batch elapsed: 3.57
batch elapsed: 3.58
batch elapsed: 3.60
batch elapsed: 3.54
batch elapsed: 3.57
batch elapsed: 3.54
batch elapsed: 3.56
batch elapsed: 3.56
batch elapsed: 3.62
batch elapsed: 3.55
batch elapsed: 3.54
batch elapsed: 3.54
batch elapsed: 3.55
batch elapsed: 3.57
batch elapsed: 3.54
batch elapsed: 3.53
batch elapsed: 3.58
batch elapsed: 3.52
batch elapsed: 3.54
batch elapsed: 3.54
batch elapsed: 3.56
batch elapsed: 3.52
batch elapsed: 3.57
batch elapsed: 3.57
batch elapsed: 3.56
batch elapsed: 3.59
batch elapsed: 3.57
batch elapsed: 3.54
batch elapsed: 3.56
batch elapsed: 3.55
batch elapsed: 3.63
batch elapsed: 3.53
batch elapsed: 3.54
batch elapsed: 3.54
batch elapsed: 3.57
batch elapsed: 3.63
batch elapsed: 3.52
batch elapsed: 3.57
batch elapsed: 3.56
batch elapsed: 3.55
batch elapsed: 3.53
batch elapsed: 3.53
batch elapsed: 3.55
batch elapsed: 3.56
batch elapsed: 3.55
batch elapsed: 3.56
batch elapsed: 3.53
batch elapsed: 3.54
batch elapsed: 3.50
batch elapsed: 3.56
batch elapsed: 3.49
batch elapsed: 3.55
batch elapsed: 3.48
batch elapsed: 3.60
batch elapsed: 3.42
batch elapsed: 3.52
batch elapsed: 3.55
batch elapsed: 3.56
batch elapsed: 3.54
batch elapsed: 3.45
batch elapsed: 3.56
batch elapsed: 3.56
batch elapsed: 3.50
batch elapsed: 3.52
batch elapsed: 3.61
batch elapsed: 3.56
batch elapsed: 3.57
batch elapsed: 3.53
batch elapsed: 3.54
batch elapsed: 3.52
batch elapsed: 3.53
batch elapsed: 3.56
batch elapsed: 3.56
batch elapsed: 3.56
batch elapsed: 3.54
batch elapsed: 3.53
batch elapsed: 3.48
batch elapsed: 3.53
batch elapsed: 3.49
batch elapsed: 3.57
batch elapsed: 3.56
batch elapsed: 3.54
batch elapsed: 3.56
batch elapsed: 3.56
batch elapsed: 3.58
batch elapsed: 3.57
batch elapsed: 3.53
batch elapsed: 3.56
batch elapsed: 3.57
batch elapsed: 3.58
batch elapsed: 3.57
batch elapsed: 3.57
batch elapsed: 3.54
batch elapsed: 3.56
batch elapsed: 3.51
batch elapsed: 3.54
batch elapsed: 3.48
batch elapsed: 3.51
batch elapsed: 3.59
batch elapsed: 3.53
batch elapsed: 3.55
batch elapsed: 3.59
batch elapsed: 3.53
batch elapsed: 3.55
batch elapsed: 3.51
batch elapsed: 3.52
batch elapsed: 3.55
batch elapsed: 3.56
batch elapsed: 3.55
batch elapsed: 3.54
batch elapsed: 3.56
batch elapsed: 3.54
batch elapsed: 3.54
batch elapsed: 3.55
batch elapsed: 3.55
batch elapsed: 3.53
batch elapsed: 3.60
batch elapsed: 3.57
batch elapsed: 3.58
batch elapsed: 3.56
batch elapsed: 3.55
batch elapsed: 3.53
batch elapsed: 3.53
batch elapsed: 3.57
batch elapsed: 3.54
batch elapsed: 3.55
batch elapsed: 3.50
batch elapsed: 3.55
batch elapsed: 3.55
batch elapsed: 3.55
batch elapsed: 3.55
batch elapsed: 3.56
batch elapsed: 3.58
batch elapsed: 3.57
batch elapsed: 3.54
batch elapsed: 3.58
batch elapsed: 3.52
batch elapsed: 3.51
batch elapsed: 3.54
batch elapsed: 3.54
batch elapsed: 3.52
batch elapsed: 3.54
batch elapsed: 3.55
batch elapsed: 3.54
batch elapsed: 3.55
batch elapsed: 3.56
batch elapsed: 3.52
batch elapsed: 3.59
batch elapsed: 3.57
batch elapsed: 3.58
batch elapsed: 3.57
batch elapsed: 3.51
batch elapsed: 3.55
batch elapsed: 3.54
batch elapsed: 3.57
batch elapsed: 3.54
batch elapsed: 3.49
batch elapsed: 3.54
batch elapsed: 3.57
batch elapsed: 3.56
batch elapsed: 3.53
batch elapsed: 3.53
batch elapsed: 3.59
batch elapsed: 3.65
batch elapsed: 3.56
batch elapsed: 3.51
batch elapsed: 3.50
batch elapsed: 3.60
batch elapsed: 3.59
batch elapsed: 3.54
batch elapsed: 3.55
batch elapsed: 3.57
batch elapsed: 3.48
batch elapsed: 3.49
batch elapsed: 3.55
batch elapsed: 3.54
batch elapsed: 3.58
batch elapsed: 3.58
batch elapsed: 3.57
batch elapsed: 3.56
batch elapsed: 3.59
batch elapsed: 3.58
batch elapsed: 3.50
batch elapsed: 3.53
batch elapsed: 3.57
batch elapsed: 3.54
batch elapsed: 3.59
batch elapsed: 3.55
batch elapsed: 3.53
batch elapsed: 3.61
batch elapsed: 3.55
batch elapsed: 3.51
batch elapsed: 3.52
batch elapsed: 3.59
batch elapsed: 3.53
batch elapsed: 3.54
batch elapsed: 3.51
batch elapsed: 3.54
batch elapsed: 3.55
batch elapsed: 3.56
batch elapsed: 3.53
batch elapsed: 3.56
batch elapsed: 3.53
batch elapsed: 3.59
batch elapsed: 3.54
batch elapsed: 3.57
batch elapsed: 3.58
batch elapsed: 3.53
batch elapsed: 3.61
batch elapsed: 3.56
batch elapsed: 3.55
batch elapsed: 3.60
batch elapsed: 3.57
batch elapsed: 3.52
batch elapsed: 3.55
batch elapsed: 3.54
batch elapsed: 3.59
batch elapsed: 3.54
batch elapsed: 3.57
batch elapsed: 3.55
batch elapsed: 3.55
batch elapsed: 3.56
batch elapsed: 3.56
batch elapsed: 3.57
batch elapsed: 3.52
batch elapsed: 3.50
batch elapsed: 3.55
batch elapsed: 3.57
batch elapsed: 3.56
batch elapsed: 3.56
batch elapsed: 3.46
batch elapsed: 3.57
batch elapsed: 3.54
batch elapsed: 3.55
batch elapsed: 3.47
batch elapsed: 3.49
batch elapsed: 3.59
batch elapsed: 3.56
batch elapsed: 3.55
batch elapsed: 3.55
batch elapsed: 3.55
batch elapsed: 3.54
batch elapsed: 3.52
batch elapsed: 3.57
batch elapsed: 3.54
batch elapsed: 3.62
batch elapsed: 3.53
batch elapsed: 3.56
batch elapsed: 3.54
batch elapsed: 3.56
batch elapsed: 3.55
batch elapsed: 3.52
batch elapsed: 3.57
batch elapsed: 3.55
batch elapsed: 3.55
batch elapsed: 3.55
batch elapsed: 3.57
batch elapsed: 3.60
batch elapsed: 3.56
batch elapsed: 3.54
batch elapsed: 3.55
batch elapsed: 3.46
batch elapsed: 3.52
batch elapsed: 3.57
batch elapsed: 3.59
batch elapsed: 3.55
batch elapsed: 3.56
batch elapsed: 3.55
batch elapsed: 3.57
batch elapsed: 3.52
batch elapsed: 3.45
batch elapsed: 3.55
batch elapsed: 3.59
batch elapsed: 3.54
batch elapsed: 3.52
batch elapsed: 3.55
batch elapsed: 3.55
batch elapsed: 3.58
batch elapsed: 3.58
batch elapsed: 3.55
batch elapsed: 3.56
batch elapsed: 3.52
batch elapsed: 3.49
batch elapsed: 3.49
batch elapsed: 3.56
batch elapsed: 3.49
batch elapsed: 3.57
batch elapsed: 3.50
batch elapsed: 3.53
batch elapsed: 3.53
batch elapsed: 3.54
batch elapsed: 3.55
batch elapsed: 3.53
batch elapsed: 3.55
batch elapsed: 3.56
batch elapsed: 3.56
batch elapsed: 3.49
batch elapsed: 3.52
batch elapsed: 3.53
batch elapsed: 3.57
batch elapsed: 3.60
batch elapsed: 3.58
batch elapsed: 3.56
batch elapsed: 3.56
batch elapsed: 3.59
batch elapsed: 3.58
batch elapsed: 3.54
batch elapsed: 3.54
batch elapsed: 3.55
batch elapsed: 3.58
batch elapsed: 3.57
batch elapsed: 3.57
batch elapsed: 3.54
batch elapsed: 3.46
batch elapsed: 3.36
batch elapsed: 3.49
batch elapsed: 3.55
batch elapsed: 3.50
batch elapsed: 3.55
batch elapsed: 3.50
batch elapsed: 3.55
batch elapsed: 3.54
batch elapsed: 3.56
batch elapsed: 3.63
batch elapsed: 3.51
batch elapsed: 3.53
batch elapsed: 3.61
batch elapsed: 3.53
batch elapsed: 3.55
batch elapsed: 3.56
batch elapsed: 3.57
batch elapsed: 3.53
batch elapsed: 3.54
batch elapsed: 3.50
batch elapsed: 3.47
batch elapsed: 3.54
batch elapsed: 3.52
batch elapsed: 3.54
batch elapsed: 3.52
batch elapsed: 3.56
batch elapsed: 3.56
batch elapsed: 3.55
batch elapsed: 3.54
batch elapsed: 3.54
batch elapsed: 3.53
batch elapsed: 3.52
batch elapsed: 3.54
batch elapsed: 3.51
batch elapsed: 3.56
batch elapsed: 3.58
batch elapsed: 3.39
batch elapsed: 3.58
batch elapsed: 3.53
batch elapsed: 3.61
batch elapsed: 3.41
batch elapsed: 3.50
batch elapsed: 3.58
batch elapsed: 3.58
batch elapsed: 3.59
batch elapsed: 3.57
batch elapsed: 3.53
batch elapsed: 3.58
batch elapsed: 3.57
batch elapsed: 3.58
batch elapsed: 3.57
batch elapsed: 3.54
batch elapsed: 3.54
batch elapsed: 3.52
batch elapsed: 3.53
batch elapsed: 3.50
batch elapsed: 3.63
batch elapsed: 3.59
batch elapsed: 3.53
batch elapsed: 3.55
batch elapsed: 3.57
batch elapsed: 3.60
batch elapsed: 3.55
batch elapsed: 3.56
batch elapsed: 3.55
batch elapsed: 3.56
batch elapsed: 3.52
batch elapsed: 3.56
batch elapsed: 3.63
batch elapsed: 3.52
batch elapsed: 3.56
batch elapsed: 3.55
batch elapsed: 3.54
batch elapsed: 3.57
batch elapsed: 3.52
batch elapsed: 3.47
batch elapsed: 3.56
batch elapsed: 3.52
batch elapsed: 3.61
batch elapsed: 3.54
batch elapsed: 3.51
batch elapsed: 3.51
batch elapsed: 3.57
batch elapsed: 3.51
batch elapsed: 3.58
batch elapsed: 3.55
batch elapsed: 3.56
batch elapsed: 3.55
batch elapsed: 3.56
batch elapsed: 3.54
batch elapsed: 3.54
batch elapsed: 3.55
batch elapsed: 3.56
batch elapsed: 3.58
batch elapsed: 3.59
batch elapsed: 3.59
batch elapsed: 3.55
batch elapsed: 3.60
batch elapsed: 3.54
batch elapsed: 3.57
batch elapsed: 3.57
batch elapsed: 3.31
batch elapsed: 3.56
batch elapsed: 3.57
batch elapsed: 3.53
batch elapsed: 3.58
batch elapsed: 3.54
batch elapsed: 3.55
batch elapsed: 3.51
batch elapsed: 3.54
batch elapsed: 3.52
batch elapsed: 3.55
batch elapsed: 3.54
batch elapsed: 3.56
batch elapsed: 3.50
batch elapsed: 3.58
batch elapsed: 3.56
batch elapsed: 3.57
batch elapsed: 3.60
batch elapsed: 3.56
batch elapsed: 3.55
batch elapsed: 3.46
batch elapsed: 3.41
batch elapsed: 3.47
batch elapsed: 3.53
batch elapsed: 3.53
batch elapsed: 3.56
batch elapsed: 3.56
batch elapsed: 3.56
batch elapsed: 3.55
batch elapsed: 3.55
batch elapsed: 3.57
batch elapsed: 3.54
batch elapsed: 3.54
batch elapsed: 3.54
batch elapsed: 3.54
batch elapsed: 3.56
batch elapsed: 3.55
batch elapsed: 3.56
batch elapsed: 3.52
batch elapsed: 3.55
batch elapsed: 3.56
batch elapsed: 3.55
batch elapsed: 3.50
batch elapsed: 3.57
batch elapsed: 3.58
batch elapsed: 3.53
batch elapsed: 3.49
batch elapsed: 3.54
batch elapsed: 3.52
batch elapsed: 3.57
batch elapsed: 3.53
batch elapsed: 3.58
batch elapsed: 3.55
batch elapsed: 3.56
batch elapsed: 3.56
batch elapsed: 3.51
batch elapsed: 3.56
batch elapsed: 3.57
batch elapsed: 3.57
batch elapsed: 3.52
batch elapsed: 3.55
batch elapsed: 3.50
batch elapsed: 3.55
batch elapsed: 3.62
batch elapsed: 3.60
batch elapsed: 3.56
batch elapsed: 3.53
batch elapsed: 3.50
batch elapsed: 3.47
batch elapsed: 3.56
batch elapsed: 3.58
batch elapsed: 3.58
batch elapsed: 3.55
batch elapsed: 3.53
batch elapsed: 3.56
batch elapsed: 3.54
batch elapsed: 3.57
batch elapsed: 3.56
batch elapsed: 3.54
batch elapsed: 3.56
batch elapsed: 3.56
batch elapsed: 3.53
batch elapsed: 3.57
batch elapsed: 3.56
batch elapsed: 3.56
batch elapsed: 3.53
batch elapsed: 3.52
batch elapsed: 3.54
batch elapsed: 3.49
batch elapsed: 3.54
batch elapsed: 3.56
batch elapsed: 3.55
batch elapsed: 3.54
batch elapsed: 3.52
batch elapsed: 3.53
batch elapsed: 3.55
batch elapsed: 3.55
batch elapsed: 3.52
batch elapsed: 3.58
batch elapsed: 3.54
batch elapsed: 3.53
batch elapsed: 3.55
batch elapsed: 3.54
batch elapsed: 3.56
batch elapsed: 3.52
batch elapsed: 3.55
batch elapsed: 3.55
batch elapsed: 3.54
batch elapsed: 3.54
batch elapsed: 3.57
batch elapsed: 3.57
batch elapsed: 3.56
batch elapsed: 3.53
batch elapsed: 3.55
batch elapsed: 3.52
batch elapsed: 3.57
batch elapsed: 3.55
batch elapsed: 3.54
batch elapsed: 3.53
batch elapsed: 3.54
batch elapsed: 3.53
batch elapsed: 3.57
batch elapsed: 3.53
batch elapsed: 3.58
batch elapsed: 3.56
batch elapsed: 3.57
batch elapsed: 3.54
batch elapsed: 3.42
batch elapsed: 3.48
batch elapsed: 3.55
batch elapsed: 3.54
batch elapsed: 3.53
batch elapsed: 3.53
batch elapsed: 3.55
batch elapsed: 3.54
batch elapsed: 3.63
batch elapsed: 3.58
batch elapsed: 3.55
batch elapsed: 3.59
batch elapsed: 3.59
batch elapsed: 3.57
batch elapsed: 3.57
batch elapsed: 3.57
batch elapsed: 3.50
batch elapsed: 3.55
batch elapsed: 3.55
batch elapsed: 3.49
batch elapsed: 3.31
batch elapsed: 3.52
batch elapsed: 3.54
batch elapsed: 3.56
batch elapsed: 3.56
batch elapsed: 3.64
batch elapsed: 3.52
batch elapsed: 3.61
batch elapsed: 3.61
batch elapsed: 3.53
batch elapsed: 3.57
batch elapsed: 3.51
batch elapsed: 3.58
batch elapsed: 3.59
batch elapsed: 3.65
batch elapsed: 3.55
batch elapsed: 3.58
batch elapsed: 3.54
batch elapsed: 3.53
batch elapsed: 3.56
batch elapsed: 3.53
batch elapsed: 3.60
batch elapsed: 3.57
batch elapsed: 3.56
batch elapsed: 3.57
batch elapsed: 3.61
batch elapsed: 3.56
batch elapsed: 3.59
batch elapsed: 3.54
batch elapsed: 3.57
batch elapsed: 3.59
batch elapsed: 3.61
batch elapsed: 3.53
batch elapsed: 3.54
batch elapsed: 3.56
batch elapsed: 3.54
batch elapsed: 3.52
batch elapsed: 3.54
batch elapsed: 3.56
batch elapsed: 3.56
batch elapsed: 3.57
batch elapsed: 3.52
batch elapsed: 3.53
batch elapsed: 3.56
batch elapsed: 3.57
batch elapsed: 3.54
batch elapsed: 3.59
batch elapsed: 3.56
batch elapsed: 3.57
batch elapsed: 3.54
batch elapsed: 3.57
batch elapsed: 3.56
batch elapsed: 3.56
batch elapsed: 3.62
batch elapsed: 3.54
batch elapsed: 3.56
batch elapsed: 3.59
batch elapsed: 3.55
batch elapsed: 3.55
batch elapsed: 3.53
batch elapsed: 3.55
batch elapsed: 3.56
batch elapsed: 3.56
batch elapsed: 3.58
batch elapsed: 3.58
batch elapsed: 3.57
batch elapsed: 3.56
batch elapsed: 3.57
batch elapsed: 3.54
batch elapsed: 3.55
batch elapsed: 3.54
batch elapsed: 3.55
batch elapsed: 3.58
batch elapsed: 3.58
batch elapsed: 3.55
batch elapsed: 3.57
batch elapsed: 3.57
batch elapsed: 3.55
batch elapsed: 3.51
batch elapsed: 3.56
batch elapsed: 3.55
batch elapsed: 3.60
batch elapsed: 3.55
batch elapsed: 3.55
batch elapsed: 3.53
batch elapsed: 3.55
batch elapsed: 3.54
batch elapsed: 3.54
batch elapsed: 3.54
batch elapsed: 3.55
batch elapsed: 3.55
batch elapsed: 3.55
batch elapsed: 3.54
batch elapsed: 3.56
batch elapsed: 3.56
batch elapsed: 3.55
batch elapsed: 3.55
batch elapsed: 3.57
batch elapsed: 3.47
batch elapsed: 3.56
batch elapsed: 3.54
batch elapsed: 3.55
batch elapsed: 3.55
batch elapsed: 3.57
batch elapsed: 3.55
batch elapsed: 3.54
batch elapsed: 3.52
batch elapsed: 3.53
batch elapsed: 3.60
batch elapsed: 3.54
batch elapsed: 3.56
batch elapsed: 3.58
batch elapsed: 3.55
batch elapsed: 3.54
batch elapsed: 3.58
batch elapsed: 3.52
batch elapsed: 3.57
batch elapsed: 3.57
batch elapsed: 3.56
batch elapsed: 3.54
batch elapsed: 3.52
batch elapsed: 3.54
batch elapsed: 3.54
batch elapsed: 3.56
batch elapsed: 3.58
batch elapsed: 3.59
batch elapsed: 3.55
batch elapsed: 3.58
batch elapsed: 3.48
batch elapsed: 3.49
batch elapsed: 3.63
batch elapsed: 3.58
batch elapsed: 3.58
batch elapsed: 3.57
batch elapsed: 3.65
batch elapsed: 3.53
batch elapsed: 3.53
batch elapsed: 3.55
batch elapsed: 3.53
batch elapsed: 3.56
batch elapsed: 3.53
batch elapsed: 3.55
batch elapsed: 3.59
batch elapsed: 3.57
batch elapsed: 3.62
batch elapsed: 3.56
batch elapsed: 3.54
batch elapsed: 3.55
batch elapsed: 3.53
batch elapsed: 3.56
batch elapsed: 3.58
batch elapsed: 3.59
batch elapsed: 3.55
batch elapsed: 3.52
batch elapsed: 3.51
batch elapsed: 3.56
batch elapsed: 3.58
batch elapsed: 3.58
batch elapsed: 3.58
batch elapsed: 3.51
batch elapsed: 3.54
batch elapsed: 3.48
batch elapsed: 3.52
batch elapsed: 3.51
batch elapsed: 3.56
batch elapsed: 3.57
batch elapsed: 3.53
batch elapsed: 3.53
batch elapsed: 3.56
batch elapsed: 3.58
batch elapsed: 3.55
batch elapsed: 3.49
batch elapsed: 3.58
batch elapsed: 3.57
batch elapsed: 3.53
batch elapsed: 3.56
batch elapsed: 3.56
batch elapsed: 3.56
batch elapsed: 3.54
batch elapsed: 3.56
batch elapsed: 3.46
batch elapsed: 3.51
batch elapsed: 3.52
batch elapsed: 3.53
batch elapsed: 3.53
batch elapsed: 3.53
batch elapsed: 3.52
batch elapsed: 3.53
batch elapsed: 3.44
batch elapsed: 3.48
batch elapsed: 3.55
batch elapsed: 3.52
batch elapsed: 3.52
batch elapsed: 3.53
batch elapsed: 3.46
batch elapsed: 3.53
batch elapsed: 3.58
batch elapsed: 3.56
batch elapsed: 3.55
batch elapsed: 3.53
batch elapsed: 3.55
batch elapsed: 3.50
batch elapsed: 3.56
batch elapsed: 3.52
batch elapsed: 3.60
batch elapsed: 3.56
batch elapsed: 3.58
batch elapsed: 3.55
batch elapsed: 3.55
batch elapsed: 3.39
batch elapsed: 3.25
batch elapsed: 3.51
batch elapsed: 3.54
batch elapsed: 3.56
batch elapsed: 3.52
batch elapsed: 3.54
batch elapsed: 3.49
batch elapsed: 3.59
batch elapsed: 3.56
batch elapsed: 3.56
batch elapsed: 3.53
batch elapsed: 3.62
batch elapsed: 3.55
batch elapsed: 3.56
batch elapsed: 3.55
batch elapsed: 3.57
batch elapsed: 3.52
batch elapsed: 3.53
batch elapsed: 3.56
batch elapsed: 3.57
batch elapsed: 3.53
batch elapsed: 3.56
batch elapsed: 3.53
batch elapsed: 3.56
batch elapsed: 3.57
batch elapsed: 3.48
batch elapsed: 3.57
batch elapsed: 3.56
batch elapsed: 3.57
batch elapsed: 3.57
batch elapsed: 3.54
batch elapsed: 3.55
batch elapsed: 3.52
batch elapsed: 3.59
batch elapsed: 3.54
batch elapsed: 3.53
batch elapsed: 3.56
batch elapsed: 3.56
batch elapsed: 3.54
batch elapsed: 3.55
batch elapsed: 3.55
batch elapsed: 3.54
batch elapsed: 3.53
batch elapsed: 3.55
batch elapsed: 3.56
batch elapsed: 3.60
batch elapsed: 3.57
batch elapsed: 3.34
batch elapsed: 3.36
batch elapsed: 3.55
batch elapsed: 3.51
batch elapsed: 3.51
batch elapsed: 3.57
batch elapsed: 3.53
batch elapsed: 3.55
batch elapsed: 3.56
batch elapsed: 3.58
batch elapsed: 3.59
batch elapsed: 3.58
batch elapsed: 3.59
batch elapsed: 3.53
batch elapsed: 3.57
batch elapsed: 3.55
batch elapsed: 3.54
batch elapsed: 3.54
batch elapsed: 3.52
batch elapsed: 3.59
batch elapsed: 3.58
batch elapsed: 3.56
batch elapsed: 3.60
batch elapsed: 3.48
batch elapsed: 3.57
batch elapsed: 3.52
batch elapsed: 3.33
batch elapsed: 3.49
batch elapsed: 3.51
batch elapsed: 3.54
batch elapsed: 3.57
batch elapsed: 3.49
batch elapsed: 3.56
batch elapsed: 3.56
batch elapsed: 3.55
batch elapsed: 3.56
batch elapsed: 3.54
batch elapsed: 3.54
batch elapsed: 3.54
batch elapsed: 3.58
batch elapsed: 3.57
batch elapsed: 3.56
batch elapsed: 3.56
batch elapsed: 3.53
batch elapsed: 3.52
batch elapsed: 3.54
batch elapsed: 3.59
batch elapsed: 3.50
batch elapsed: 3.56
batch elapsed: 3.56
batch elapsed: 3.46
batch elapsed: 3.48
batch elapsed: 3.54
batch elapsed: 3.52
batch elapsed: 3.50
batch elapsed: 3.51
batch elapsed: 3.50
batch elapsed: 3.56
batch elapsed: 3.55
batch elapsed: 3.51
batch elapsed: 3.52
batch elapsed: 3.62
batch elapsed: 3.56
batch elapsed: 3.58
batch elapsed: 3.57
batch elapsed: 3.55
batch elapsed: 3.51
batch elapsed: 3.54
batch elapsed: 3.57
batch elapsed: 3.60
batch elapsed: 3.55
batch elapsed: 3.53
batch elapsed: 3.56
batch elapsed: 3.47
batch elapsed: 3.58
batch elapsed: 3.51
batch elapsed: 3.58
batch elapsed: 3.55
batch elapsed: 3.55
batch elapsed: 3.61
batch elapsed: 3.60
batch elapsed: 3.57
batch elapsed: 3.55
batch elapsed: 3.52
batch elapsed: 3.56
batch elapsed: 3.55
batch elapsed: 3.59
batch elapsed: 3.56
batch elapsed: 3.58
batch elapsed: 3.58
batch elapsed: 3.62
batch elapsed: 3.51
batch elapsed: 3.53
batch elapsed: 3.49
batch elapsed: 3.55
batch elapsed: 3.55
batch elapsed: 3.56
batch elapsed: 3.53
batch elapsed: 3.54
batch elapsed: 3.54
batch elapsed: 3.54
batch elapsed: 3.48
batch elapsed: 3.53
batch elapsed: 3.57
batch elapsed: 3.56
batch elapsed: 3.52
batch elapsed: 3.56
batch elapsed: 3.55
batch elapsed: 3.57
batch elapsed: 3.50
batch elapsed: 3.55
batch elapsed: 3.55
batch elapsed: 3.54
batch elapsed: 3.55
batch elapsed: 3.58
batch elapsed: 3.57
batch elapsed: 3.55
batch elapsed: 3.53
batch elapsed: 3.54
batch elapsed: 3.48
batch elapsed: 3.59
batch elapsed: 3.53
batch elapsed: 3.54
batch elapsed: 3.53
batch elapsed: 3.53
batch elapsed: 3.54
batch elapsed: 3.59
batch elapsed: 3.52
batch elapsed: 3.58
batch elapsed: 3.56
batch elapsed: 3.58
batch elapsed: 3.53
batch elapsed: 3.47
batch elapsed: 3.48
batch elapsed: 3.55
batch elapsed: 3.55
batch elapsed: 3.51
batch elapsed: 3.53
batch elapsed: 3.61
batch elapsed: 3.54
batch elapsed: 3.58
batch elapsed: 3.58
batch elapsed: 3.50
batch elapsed: 3.58
batch elapsed: 3.59
batch elapsed: 3.58
batch elapsed: 3.56
batch elapsed: 3.55
batch elapsed: 3.52
batch elapsed: 3.55
batch elapsed: 3.55
batch elapsed: 3.56
batch elapsed: 3.53
batch elapsed: 3.55
batch elapsed: 3.49
batch elapsed: 3.56
batch elapsed: 3.57
batch elapsed: 3.62
batch elapsed: 3.55
batch elapsed: 3.64
batch elapsed: 3.61
batch elapsed: 3.59
batch elapsed: 3.56
batch elapsed: 3.53
batch elapsed: 3.59
batch elapsed: 3.58
batch elapsed: 3.48
batch elapsed: 3.56
batch elapsed: 3.57
batch elapsed: 3.48
batch elapsed: 3.54
batch elapsed: 3.56
batch elapsed: 3.60
batch elapsed: 3.53
batch elapsed: 3.57
batch elapsed: 3.57
batch elapsed: 3.57
batch elapsed: 3.60
batch elapsed: 3.55
batch elapsed: 3.53
batch elapsed: 3.56
batch elapsed: 3.65
batch elapsed: 3.57
batch elapsed: 3.54
batch elapsed: 3.54
batch elapsed: 3.53
batch elapsed: 3.56
batch elapsed: 3.53
batch elapsed: 3.52
batch elapsed: 3.55
batch elapsed: 3.50
batch elapsed: 3.56
batch elapsed: 3.56
batch elapsed: 3.53
batch elapsed: 3.54
batch elapsed: 3.55
batch elapsed: 3.57
batch elapsed: 3.53
batch elapsed: 3.54
batch elapsed: 3.57
batch elapsed: 3.57
batch elapsed: 3.55
batch elapsed: 3.56
batch elapsed: 3.54
batch elapsed: 3.58
batch elapsed: 3.56
batch elapsed: 3.54
batch elapsed: 3.53
batch elapsed: 3.58
batch elapsed: 3.55
batch elapsed: 3.53
batch elapsed: 3.53
batch elapsed: 3.58
batch elapsed: 3.55
batch elapsed: 3.55
batch elapsed: 3.58
batch elapsed: 3.56
batch elapsed: 3.56
batch elapsed: 3.54
batch elapsed: 3.59
batch elapsed: 3.54
batch elapsed: 3.46
batch elapsed: 3.56
batch elapsed: 3.57
batch elapsed: 3.57
batch elapsed: 3.57
batch elapsed: 3.53
batch elapsed: 3.59
batch elapsed: 3.57
batch elapsed: 3.57
batch elapsed: 3.55
batch elapsed: 3.41
batch elapsed: 3.49
batch elapsed: 3.58
batch elapsed: 3.56
batch elapsed: 3.54
batch elapsed: 3.55
batch elapsed: 3.54
batch elapsed: 3.53
batch elapsed: 3.56
batch elapsed: 3.55
batch elapsed: 3.54
batch elapsed: 3.49
batch elapsed: 3.55
batch elapsed: 3.54
batch elapsed: 3.56
batch elapsed: 3.57
batch elapsed: 3.54
batch elapsed: 3.54
batch elapsed: 3.58
batch elapsed: 3.53
batch elapsed: 3.58
batch elapsed: 3.57
batch elapsed: 3.61
batch elapsed: 3.56
batch elapsed: 3.56
batch elapsed: 3.56
batch elapsed: 3.53
batch elapsed: 3.52
batch elapsed: 3.52
batch elapsed: 3.59
batch elapsed: 3.54
batch elapsed: 3.57
batch elapsed: 3.53
batch elapsed: 3.49
batch elapsed: 3.54
batch elapsed: 3.48
batch elapsed: 3.50
batch elapsed: 3.57
batch elapsed: 3.52
batch elapsed: 3.57
batch elapsed: 3.54
batch elapsed: 3.53
batch elapsed: 3.54
batch elapsed: 3.56
batch elapsed: 3.58
batch elapsed: 3.56
batch elapsed: 3.44
batch elapsed: 3.49
batch elapsed: 3.55
batch elapsed: 3.55
batch elapsed: 3.51
batch elapsed: 3.54
batch elapsed: 3.58
batch elapsed: 3.56
batch elapsed: 3.54
batch elapsed: 3.52
batch elapsed: 3.48
batch elapsed: 3.46
batch elapsed: 3.52
batch elapsed: 3.53
batch elapsed: 3.54
batch elapsed: 3.55
batch elapsed: 3.57
batch elapsed: 3.56
batch elapsed: 3.55
batch elapsed: 3.50
batch elapsed: 3.52
batch elapsed: 3.56
batch elapsed: 3.54
batch elapsed: 3.55
batch elapsed: 3.49
batch elapsed: 3.53
batch elapsed: 3.51
batch elapsed: 3.57
batch elapsed: 3.55
batch elapsed: 3.59
batch elapsed: 3.56
batch elapsed: 3.55
batch elapsed: 3.57
batch elapsed: 3.53
batch elapsed: 3.61
batch elapsed: 3.46
batch elapsed: 3.54
batch elapsed: 3.56
batch elapsed: 3.54
batch elapsed: 3.57
batch elapsed: 3.54
batch elapsed: 3.56
batch elapsed: 3.59
batch elapsed: 3.54
batch elapsed: 3.54
batch elapsed: 3.58
batch elapsed: 3.57
batch elapsed: 3.53
batch elapsed: 3.53
batch elapsed: 3.38
batch elapsed: 3.33
batch elapsed: 3.44
batch elapsed: 3.59
batch elapsed: 3.56
batch elapsed: 3.54
batch elapsed: 3.51
batch elapsed: 3.50
batch elapsed: 3.54
batch elapsed: 3.55
batch elapsed: 3.55
batch elapsed: 3.58
batch elapsed: 3.55
batch elapsed: 3.58
batch elapsed: 3.54
batch elapsed: 3.56
batch elapsed: 3.58
batch elapsed: 3.56
batch elapsed: 3.58
batch elapsed: 3.58
batch elapsed: 3.53
batch elapsed: 3.53
batch elapsed: 3.50
batch elapsed: 3.57
batch elapsed: 3.56
batch elapsed: 3.55
batch elapsed: 3.53
batch elapsed: 3.57
batch elapsed: 3.56
batch elapsed: 3.52
batch elapsed: 3.56
batch elapsed: 3.54
batch elapsed: 3.57
batch elapsed: 3.56
batch elapsed: 3.55
batch elapsed: 3.57
batch elapsed: 3.56
batch elapsed: 3.52
batch elapsed: 3.56
batch elapsed: 3.54
batch elapsed: 3.57
batch elapsed: 3.57
batch elapsed: 3.49
batch elapsed: 3.53
batch elapsed: 3.55
batch elapsed: 3.57
batch elapsed: 3.55
batch elapsed: 3.57
batch elapsed: 3.56
batch elapsed: 3.52
batch elapsed: 3.59
batch elapsed: 3.56
batch elapsed: 3.54
batch elapsed: 3.55
batch elapsed: 3.55
batch elapsed: 3.46
batch elapsed: 3.44
batch elapsed: 3.51
batch elapsed: 3.52
batch elapsed: 3.52
batch elapsed: 3.30
batch elapsed: 3.51
batch elapsed: 3.56
batch elapsed: 3.55
batch elapsed: 3.53
batch elapsed: 3.59
batch elapsed: 3.59
batch elapsed: 3.57
batch elapsed: 3.57
batch elapsed: 3.53
batch elapsed: 3.59
batch elapsed: 3.54
batch elapsed: 3.55
batch elapsed: 3.54
batch elapsed: 3.53
batch elapsed: 3.55
batch elapsed: 3.55
batch elapsed: 3.57
batch elapsed: 3.56
batch elapsed: 3.49
batch elapsed: 3.45
batch elapsed: 3.56
batch elapsed: 3.56
batch elapsed: 3.57
batch elapsed: 3.57
batch elapsed: 3.56
batch elapsed: 3.59
batch elapsed: 3.52
batch elapsed: 3.57
batch elapsed: 3.59
batch elapsed: 3.57
batch elapsed: 3.52
batch elapsed: 3.54
batch elapsed: 3.59
batch elapsed: 3.55
batch elapsed: 3.34
batch elapsed: 3.54
batch elapsed: 3.55
batch elapsed: 3.57
batch elapsed: 3.57
batch elapsed: 3.62
batch elapsed: 3.56
batch elapsed: 3.57
batch elapsed: 3.57
batch elapsed: 3.55
batch elapsed: 3.52
batch elapsed: 3.55
batch elapsed: 3.57
batch elapsed: 3.56
batch elapsed: 3.57
batch elapsed: 3.55
batch elapsed: 3.57
batch elapsed: 3.52
batch elapsed: 3.58
batch elapsed: 3.58
batch elapsed: 3.57
batch elapsed: 3.52
batch elapsed: 3.56
batch elapsed: 3.60
batch elapsed: 3.58
batch elapsed: 3.55
batch elapsed: 3.59
batch elapsed: 3.56
batch elapsed: 3.54
batch elapsed: 3.57
batch elapsed: 3.53
batch elapsed: 3.57
batch elapsed: 3.54
Eval num_timesteps=56000, episode_reward=-0.37 +/- 16.55
Episode length: 1000.00 +/- 0.00
-----------------------------------
| eval/              |            |
|    mean_ep_length  | 1e+03      |
|    mean_reward     | -0.373     |
| time/              |            |
|    total_timesteps | 56000      |
| train/             |            |
|    actor_loss      | -1.5574322 |
|    critic_loss     | 0.136      |
|    d_learning_rate | 0.0005     |
|    dstb_ent_coef   | 0.00427    |
|    ent_coef        | 0.109      |
|    ent_coef_loss   | -0.0585    |
|    n_updates       | 383936     |
|    u_learning_rate | 0.0001     |
|    v_learning_rate | 0.001      |
-----------------------------------
---------------------------------
| rollout/           |          |
|    ep_len_mean     | 1e+03    |
|    ep_rew_mean     | -260     |
| time/              |          |
|    episodes        | 56       |
|    fps             | 2        |
|    time_elapsed    | 22465    |
|    total_timesteps | 56000    |
| train/             |          |
|    std             | 0.313    |
---------------------------------
batch elapsed: 3.59
batch elapsed: 3.56
batch elapsed: 3.56
batch elapsed: 3.53
batch elapsed: 3.56
batch elapsed: 3.67
batch elapsed: 3.54
batch elapsed: 3.54
batch elapsed: 3.51
batch elapsed: 3.64
batch elapsed: 3.59
batch elapsed: 3.55
batch elapsed: 3.48
batch elapsed: 3.47
batch elapsed: 3.49
batch elapsed: 3.52
batch elapsed: 3.52
batch elapsed: 3.58
batch elapsed: 3.54
batch elapsed: 3.56
batch elapsed: 3.57
batch elapsed: 3.55
batch elapsed: 3.50
batch elapsed: 3.43
batch elapsed: 3.18
batch elapsed: 3.51
batch elapsed: 3.55
batch elapsed: 3.55
batch elapsed: 3.56
batch elapsed: 3.55
batch elapsed: 3.50
batch elapsed: 3.56
batch elapsed: 3.56
batch elapsed: 3.59
batch elapsed: 3.56
batch elapsed: 3.55
batch elapsed: 3.56
batch elapsed: 3.53
batch elapsed: 3.60
batch elapsed: 3.55
batch elapsed: 3.52
batch elapsed: 3.55
batch elapsed: 3.55
batch elapsed: 3.57
batch elapsed: 3.55
batch elapsed: 3.50
batch elapsed: 3.58
batch elapsed: 3.55
batch elapsed: 3.54
batch elapsed: 3.53
batch elapsed: 3.54
batch elapsed: 3.58
batch elapsed: 3.55
batch elapsed: 3.61
batch elapsed: 3.55
batch elapsed: 3.53
batch elapsed: 3.53
batch elapsed: 3.56
batch elapsed: 3.53
batch elapsed: 3.53
batch elapsed: 3.55
batch elapsed: 3.54
batch elapsed: 3.53
batch elapsed: 3.56
batch elapsed: 3.58
batch elapsed: 3.55
batch elapsed: 3.53
batch elapsed: 3.54
batch elapsed: 3.55
batch elapsed: 3.50
batch elapsed: 3.52
batch elapsed: 3.57
batch elapsed: 3.60
batch elapsed: 3.58
batch elapsed: 3.53
batch elapsed: 3.50
batch elapsed: 3.57
batch elapsed: 3.57
batch elapsed: 3.54
batch elapsed: 3.53
batch elapsed: 3.57
batch elapsed: 3.55
batch elapsed: 3.52
batch elapsed: 3.55
batch elapsed: 3.54
batch elapsed: 3.56
batch elapsed: 3.57
batch elapsed: 3.55
batch elapsed: 3.51
batch elapsed: 3.55
batch elapsed: 3.53
batch elapsed: 3.55
batch elapsed: 3.38
batch elapsed: 3.21
batch elapsed: 3.40
batch elapsed: 3.50
batch elapsed: 3.53
batch elapsed: 3.56
batch elapsed: 3.57
batch elapsed: 3.56
batch elapsed: 3.56
batch elapsed: 3.55
batch elapsed: 3.52
batch elapsed: 3.53
batch elapsed: 3.57
batch elapsed: 3.55
batch elapsed: 3.52
batch elapsed: 3.58
batch elapsed: 3.60
batch elapsed: 3.58
batch elapsed: 3.59
batch elapsed: 3.55
batch elapsed: 3.53
batch elapsed: 3.56
batch elapsed: 3.57
batch elapsed: 3.57
batch elapsed: 3.55
batch elapsed: 3.54
batch elapsed: 3.58
batch elapsed: 3.60
batch elapsed: 3.57
batch elapsed: 3.57
batch elapsed: 3.54
batch elapsed: 3.57
batch elapsed: 3.53
batch elapsed: 3.55
batch elapsed: 3.50
batch elapsed: 3.54
batch elapsed: 3.55
batch elapsed: 3.54
batch elapsed: 3.55
batch elapsed: 3.56
batch elapsed: 3.49
batch elapsed: 3.54
batch elapsed: 3.53
batch elapsed: 3.56
batch elapsed: 3.57
batch elapsed: 3.56
batch elapsed: 3.57
batch elapsed: 3.63
batch elapsed: 3.53
batch elapsed: 3.56
batch elapsed: 3.58
batch elapsed: 3.58
batch elapsed: 3.57
batch elapsed: 3.54
batch elapsed: 3.58
batch elapsed: 3.54
batch elapsed: 3.58
batch elapsed: 3.52
batch elapsed: 3.56
batch elapsed: 3.55
batch elapsed: 3.57
batch elapsed: 3.56
batch elapsed: 3.57
batch elapsed: 3.55
batch elapsed: 3.58
batch elapsed: 3.55
batch elapsed: 3.52
batch elapsed: 3.54
batch elapsed: 3.56
batch elapsed: 3.57
batch elapsed: 3.56
batch elapsed: 3.50
batch elapsed: 3.56
batch elapsed: 3.53
batch elapsed: 3.57
batch elapsed: 3.58
batch elapsed: 3.58
batch elapsed: 3.59
batch elapsed: 3.55
batch elapsed: 3.59
batch elapsed: 3.54
batch elapsed: 3.54
batch elapsed: 3.59
batch elapsed: 3.56
batch elapsed: 3.55
batch elapsed: 3.45
batch elapsed: 3.53
batch elapsed: 3.56
batch elapsed: 3.54
batch elapsed: 3.23
batch elapsed: 3.44
Eval num_timesteps=56000, episode_reward=-108.10 +/- 3.48
Episode length: 1000.00 +/- 0.00
------------------------------------
| eval/              |             |
|    mean_ep_length  | 1e+03       |
|    mean_reward     | -108        |
| time/              |             |
|    total_timesteps | 56000       |
| train/             |             |
|    actor_loss      | -0.62545145 |
|    critic_loss     | 0.126       |
|    d_learning_rate | 0.0005      |
|    dstb_ent_coef   | 5.51e-05    |
|    ent_coef        | 0.103       |
|    ent_coef_loss   | -0.000309   |
|    n_updates       | 383936      |
|    u_learning_rate | 0.0001      |
|    v_learning_rate | 0.001       |
------------------------------------
---------------------------------
| rollout/           |          |
|    ep_len_mean     | 1e+03    |
|    ep_rew_mean     | -250     |
| time/              |          |
|    episodes        | 56       |
|    fps             | 2        |
|    time_elapsed    | 22471    |
|    total_timesteps | 56000    |
| train/             |          |
|    std             | 0.347    |
---------------------------------
batch elapsed: 3.57
batch elapsed: 3.59
batch elapsed: 3.55
batch elapsed: 3.59
batch elapsed: 3.68
batch elapsed: 3.56
batch elapsed: 3.59
batch elapsed: 3.50
batch elapsed: 3.66
batch elapsed: 3.55
batch elapsed: 3.54
batch elapsed: 3.56
batch elapsed: 3.57
batch elapsed: 3.51
batch elapsed: 3.56
batch elapsed: 3.67
batch elapsed: 3.53
batch elapsed: 3.55
batch elapsed: 3.58
batch elapsed: 3.54
batch elapsed: 3.52
batch elapsed: 3.48
batch elapsed: 3.54
batch elapsed: 3.61
batch elapsed: 3.55
batch elapsed: 3.52
batch elapsed: 3.58
batch elapsed: 3.55
batch elapsed: 3.50
batch elapsed: 3.56
batch elapsed: 3.54
batch elapsed: 3.59
batch elapsed: 3.63
batch elapsed: 3.55
batch elapsed: 3.56
batch elapsed: 3.54
batch elapsed: 3.55
batch elapsed: 3.54
batch elapsed: 3.53
batch elapsed: 3.55
batch elapsed: 3.55
batch elapsed: 3.55
batch elapsed: 3.56
batch elapsed: 3.55
batch elapsed: 3.58
batch elapsed: 3.57
batch elapsed: 3.53
batch elapsed: 3.52
batch elapsed: 3.54
batch elapsed: 3.55
batch elapsed: 3.55
batch elapsed: 3.54
batch elapsed: 3.40
batch elapsed: 3.47
batch elapsed: 3.54
batch elapsed: 3.54
batch elapsed: 3.55
batch elapsed: 3.55
batch elapsed: 3.52
batch elapsed: 3.55
batch elapsed: 3.52
batch elapsed: 3.56
batch elapsed: 3.57
batch elapsed: 3.56
batch elapsed: 3.56
batch elapsed: 3.57
batch elapsed: 3.53
batch elapsed: 3.55
batch elapsed: 3.56
batch elapsed: 3.54
batch elapsed: 3.60
batch elapsed: 3.55
batch elapsed: 3.55
batch elapsed: 3.54
batch elapsed: 3.56
batch elapsed: 3.58
batch elapsed: 3.55
batch elapsed: 3.52
batch elapsed: 3.53
batch elapsed: 3.54
batch elapsed: 3.54
batch elapsed: 3.53
batch elapsed: 3.54
batch elapsed: 3.56
batch elapsed: 3.58
batch elapsed: 3.55
batch elapsed: 3.55
batch elapsed: 3.56
batch elapsed: 3.61
batch elapsed: 3.54
batch elapsed: 3.56
batch elapsed: 3.54
batch elapsed: 3.52
batch elapsed: 3.52
batch elapsed: 3.55
batch elapsed: 3.56
batch elapsed: 3.54
batch elapsed: 3.57
batch elapsed: 3.56
batch elapsed: 3.54
batch elapsed: 3.55
batch elapsed: 3.47
batch elapsed: 3.54
batch elapsed: 3.54
batch elapsed: 3.53
batch elapsed: 3.55
batch elapsed: 3.61
batch elapsed: 3.67
batch elapsed: 3.61
batch elapsed: 3.50
batch elapsed: 3.54
batch elapsed: 3.51
batch elapsed: 3.53
batch elapsed: 3.54
batch elapsed: 3.57
batch elapsed: 3.47
batch elapsed: 3.60
batch elapsed: 3.58
batch elapsed: 3.57
batch elapsed: 3.56
batch elapsed: 3.54
batch elapsed: 3.63
batch elapsed: 3.53
batch elapsed: 3.56
batch elapsed: 3.56
batch elapsed: 3.55
batch elapsed: 3.57
batch elapsed: 3.57
batch elapsed: 3.54
batch elapsed: 3.57
batch elapsed: 3.54
batch elapsed: 3.55
batch elapsed: 3.52
batch elapsed: 3.56
batch elapsed: 3.56
batch elapsed: 3.56
batch elapsed: 3.51
batch elapsed: 3.64
batch elapsed: 3.55
batch elapsed: 3.55
batch elapsed: 3.59
batch elapsed: 3.57
batch elapsed: 3.54
batch elapsed: 3.57
batch elapsed: 3.57
batch elapsed: 3.56
batch elapsed: 3.56
batch elapsed: 3.54
batch elapsed: 3.54
batch elapsed: 3.56
batch elapsed: 3.58
batch elapsed: 3.57
batch elapsed: 3.55
batch elapsed: 3.57
batch elapsed: 3.56
batch elapsed: 3.55
batch elapsed: 3.54
batch elapsed: 3.53
batch elapsed: 3.56
batch elapsed: 3.57
batch elapsed: 3.57
batch elapsed: 3.54
batch elapsed: 3.58
batch elapsed: 3.53
batch elapsed: 3.51
batch elapsed: 3.58
batch elapsed: 3.59
batch elapsed: 3.55
batch elapsed: 3.53
batch elapsed: 3.57
batch elapsed: 3.55
batch elapsed: 3.55
batch elapsed: 3.58
batch elapsed: 3.58
batch elapsed: 3.55
batch elapsed: 3.55
batch elapsed: 3.54
batch elapsed: 3.54
batch elapsed: 3.56
batch elapsed: 3.46
batch elapsed: 3.42
batch elapsed: 3.42
Eval num_timesteps=56000, episode_reward=335.01 +/- 295.51
Episode length: 1000.00 +/- 0.00
------------------------------------
| eval/              |             |
|    mean_ep_length  | 1e+03       |
|    mean_reward     | 335         |
| time/              |             |
|    total_timesteps | 56000       |
| train/             |             |
|    actor_loss      | -0.97898793 |
|    critic_loss     | 0.142       |
|    d_learning_rate | 0.0005      |
|    dstb_ent_coef   | 0.00611     |
|    ent_coef        | 0.0401      |
|    ent_coef_loss   | -0.0632     |
|    n_updates       | 383936      |
|    u_learning_rate | 0.0001      |
|    v_learning_rate | 0.001       |
------------------------------------
New best mean reward!
---------------------------------
| rollout/           |          |
|    ep_len_mean     | 1e+03    |
|    ep_rew_mean     | -265     |
| time/              |          |
|    episodes        | 56       |
|    fps             | 2        |
|    time_elapsed    | 22473    |
|    total_timesteps | 56000    |
| train/             |          |
|    std             | 0.392    |
---------------------------------
batch elapsed: 3.55
batch elapsed: 3.63
batch elapsed: 3.54
batch elapsed: 3.54
batch elapsed: 3.52
batch elapsed: 3.54
batch elapsed: 3.60
batch elapsed: 3.55
batch elapsed: 3.51
batch elapsed: 3.48
batch elapsed: 3.52
batch elapsed: 3.53
batch elapsed: 3.55
batch elapsed: 3.60
batch elapsed: 3.59
batch elapsed: 3.55
batch elapsed: 3.57
batch elapsed: 3.55
batch elapsed: 3.51
batch elapsed: 3.47
batch elapsed: 3.54
batch elapsed: 3.57
batch elapsed: 3.54
batch elapsed: 3.54
batch elapsed: 3.57
batch elapsed: 3.54
batch elapsed: 3.50
batch elapsed: 3.57
batch elapsed: 3.56
batch elapsed: 3.58
batch elapsed: 3.56
batch elapsed: 3.54
batch elapsed: 3.57
batch elapsed: 3.53
batch elapsed: 3.55
batch elapsed: 3.54
batch elapsed: 3.53
batch elapsed: 3.56
batch elapsed: 3.55
batch elapsed: 3.54
batch elapsed: 3.57
batch elapsed: 3.56
batch elapsed: 3.58
batch elapsed: 3.56
batch elapsed: 3.54
batch elapsed: 3.57
batch elapsed: 3.55
batch elapsed: 3.58
batch elapsed: 3.56
batch elapsed: 3.55
batch elapsed: 3.50
batch elapsed: 3.51
batch elapsed: 3.54
batch elapsed: 3.56
batch elapsed: 3.55
batch elapsed: 3.53
batch elapsed: 3.52
batch elapsed: 3.55
batch elapsed: 3.54
batch elapsed: 3.56
batch elapsed: 3.59
batch elapsed: 3.56
batch elapsed: 3.55
batch elapsed: 3.57
batch elapsed: 3.54
batch elapsed: 3.57
batch elapsed: 3.57
batch elapsed: 3.55
batch elapsed: 3.60
batch elapsed: 3.43
batch elapsed: 3.48
batch elapsed: 3.55
batch elapsed: 3.57
batch elapsed: 3.58
batch elapsed: 3.53
batch elapsed: 3.47
batch elapsed: 3.51
batch elapsed: 3.55
batch elapsed: 3.54
batch elapsed: 3.53
batch elapsed: 3.54
batch elapsed: 3.57
batch elapsed: 3.56
batch elapsed: 3.54
batch elapsed: 3.56
batch elapsed: 3.58
batch elapsed: 3.54
batch elapsed: 3.47
batch elapsed: 3.57
batch elapsed: 3.53
batch elapsed: 3.47
batch elapsed: 3.55
batch elapsed: 3.53
batch elapsed: 3.56
batch elapsed: 3.55
batch elapsed: 3.55
batch elapsed: 3.56
batch elapsed: 3.54
batch elapsed: 3.54
batch elapsed: 3.58
batch elapsed: 3.58
batch elapsed: 3.32
batch elapsed: 3.53
batch elapsed: 3.56
batch elapsed: 3.56
batch elapsed: 3.63
batch elapsed: 3.52
batch elapsed: 3.51
batch elapsed: 3.53
batch elapsed: 3.58
batch elapsed: 3.49
batch elapsed: 3.57
batch elapsed: 3.55
batch elapsed: 3.54
batch elapsed: 3.58
batch elapsed: 3.59
batch elapsed: 3.58
batch elapsed: 3.56
batch elapsed: 3.54
batch elapsed: 3.57
batch elapsed: 3.60
batch elapsed: 3.55
batch elapsed: 3.56
batch elapsed: 3.53
batch elapsed: 3.55
batch elapsed: 3.54
batch elapsed: 3.56
batch elapsed: 3.56
batch elapsed: 3.55
batch elapsed: 3.59
batch elapsed: 3.53
batch elapsed: 3.56
batch elapsed: 3.56
batch elapsed: 3.57
batch elapsed: 3.55
batch elapsed: 3.59
batch elapsed: 3.48
batch elapsed: 3.57
batch elapsed: 3.58
batch elapsed: 3.58
batch elapsed: 3.57
batch elapsed: 3.54
batch elapsed: 3.58
batch elapsed: 3.54
batch elapsed: 3.49
batch elapsed: 3.55
batch elapsed: 3.49
batch elapsed: 3.55
batch elapsed: 3.58
batch elapsed: 3.56
batch elapsed: 3.55
batch elapsed: 3.57
batch elapsed: 3.57
batch elapsed: 3.55
batch elapsed: 3.51
batch elapsed: 3.55
batch elapsed: 3.56
batch elapsed: 3.56
batch elapsed: 3.58
batch elapsed: 3.54
batch elapsed: 3.58
batch elapsed: 3.52
batch elapsed: 3.57
batch elapsed: 3.58
batch elapsed: 3.52
batch elapsed: 3.55
batch elapsed: 3.54
batch elapsed: 3.58
batch elapsed: 3.53
batch elapsed: 3.56
batch elapsed: 3.57
batch elapsed: 3.57
batch elapsed: 3.56
batch elapsed: 3.57
batch elapsed: 3.52
batch elapsed: 3.55
batch elapsed: 3.56
batch elapsed: 3.45
batch elapsed: 3.43
batch elapsed: 3.15
batch elapsed: 3.12
batch elapsed: 3.21
Eval num_timesteps=56000, episode_reward=38.71 +/- 19.08
Episode length: 1000.00 +/- 0.00
-----------------------------------
| eval/              |            |
|    mean_ep_length  | 1e+03      |
|    mean_reward     | 38.7       |
| time/              |            |
|    total_timesteps | 56000      |
| train/             |            |
|    actor_loss      | -1.5877185 |
|    critic_loss     | 0.123      |
|    d_learning_rate | 0.0005     |
|    dstb_ent_coef   | 0.00472    |
|    ent_coef        | 0.0841     |
|    ent_coef_loss   | 0.442      |
|    n_updates       | 383936     |
|    u_learning_rate | 0.0001     |
|    v_learning_rate | 0.001      |
-----------------------------------
New best mean reward!
---------------------------------
| rollout/           |          |
|    ep_len_mean     | 1e+03    |
|    ep_rew_mean     | -268     |
| time/              |          |
|    episodes        | 56       |
|    fps             | 2        |
|    time_elapsed    | 22481    |
|    total_timesteps | 56000    |
| train/             |          |
|    std             | 0.253    |
---------------------------------
batch elapsed: 3.55
batch elapsed: 3.68
batch elapsed: 3.54
batch elapsed: 3.55
batch elapsed: 3.51
batch elapsed: 3.56
batch elapsed: 3.59
batch elapsed: 3.56
batch elapsed: 3.54
batch elapsed: 3.47
batch elapsed: 3.53
batch elapsed: 3.40
batch elapsed: 3.23
batch elapsed: 3.55
batch elapsed: 3.53
batch elapsed: 3.55
batch elapsed: 3.58
batch elapsed: 3.54
batch elapsed: 3.56
batch elapsed: 3.54
batch elapsed: 3.53
batch elapsed: 3.56
batch elapsed: 3.55
batch elapsed: 3.53
batch elapsed: 3.57
batch elapsed: 3.54
batch elapsed: 3.49
batch elapsed: 3.57
batch elapsed: 3.54
batch elapsed: 3.59
batch elapsed: 3.57
batch elapsed: 3.54
batch elapsed: 3.57
batch elapsed: 3.53
batch elapsed: 3.56
batch elapsed: 3.54
batch elapsed: 3.47
batch elapsed: 3.55
batch elapsed: 3.54
batch elapsed: 3.55
batch elapsed: 3.56
batch elapsed: 3.57
batch elapsed: 3.55
batch elapsed: 3.56
batch elapsed: 3.54
batch elapsed: 3.52
batch elapsed: 3.55
batch elapsed: 3.54
batch elapsed: 3.56
batch elapsed: 3.54
batch elapsed: 3.61
batch elapsed: 3.53
batch elapsed: 3.60
batch elapsed: 3.55
batch elapsed: 3.54
batch elapsed: 3.54
batch elapsed: 3.53
batch elapsed: 3.56
batch elapsed: 3.52
batch elapsed: 3.57
batch elapsed: 3.58
batch elapsed: 3.57
batch elapsed: 3.54
batch elapsed: 3.52
batch elapsed: 3.54
batch elapsed: 3.53
batch elapsed: 3.51
batch elapsed: 3.56
batch elapsed: 3.59
batch elapsed: 3.52
batch elapsed: 3.57
batch elapsed: 3.50
batch elapsed: 3.60
batch elapsed: 3.60
batch elapsed: 3.53
batch elapsed: 3.51
batch elapsed: 3.55
batch elapsed: 3.58
batch elapsed: 3.54
batch elapsed: 3.53
batch elapsed: 3.54
batch elapsed: 3.57
batch elapsed: 3.57
batch elapsed: 3.54
batch elapsed: 3.55
batch elapsed: 3.57
batch elapsed: 3.60
batch elapsed: 3.53
batch elapsed: 3.62
batch elapsed: 3.54
batch elapsed: 3.46
batch elapsed: 3.56
batch elapsed: 3.53
batch elapsed: 3.56
batch elapsed: 3.55
batch elapsed: 3.56
batch elapsed: 3.57
batch elapsed: 3.54
batch elapsed: 3.53
batch elapsed: 3.57
batch elapsed: 3.58
batch elapsed: 3.54
batch elapsed: 3.52
batch elapsed: 3.58
batch elapsed: 3.66
batch elapsed: 3.57
batch elapsed: 3.52
batch elapsed: 3.50
batch elapsed: 3.53
batch elapsed: 3.52
batch elapsed: 3.52
batch elapsed: 3.56
batch elapsed: 3.55
batch elapsed: 3.54
batch elapsed: 3.59
batch elapsed: 3.59
batch elapsed: 3.57
batch elapsed: 3.56
batch elapsed: 3.54
batch elapsed: 3.57
batch elapsed: 3.60
batch elapsed: 3.54
batch elapsed: 3.56
batch elapsed: 3.54
batch elapsed: 3.54
batch elapsed: 3.54
batch elapsed: 3.56
batch elapsed: 3.56
batch elapsed: 3.55
batch elapsed: 3.54
batch elapsed: 3.53
batch elapsed: 3.55
batch elapsed: 3.57
batch elapsed: 3.56
batch elapsed: 3.58
batch elapsed: 3.56
batch elapsed: 3.53
batch elapsed: 3.56
batch elapsed: 3.59
batch elapsed: 3.57
batch elapsed: 3.52
batch elapsed: 3.53
batch elapsed: 3.58
batch elapsed: 3.56
batch elapsed: 3.62
batch elapsed: 3.58
batch elapsed: 3.57
batch elapsed: 3.59
batch elapsed: 3.58
batch elapsed: 3.56
batch elapsed: 3.56
batch elapsed: 3.56
batch elapsed: 3.57
batch elapsed: 3.55
batch elapsed: 3.52
batch elapsed: 3.55
batch elapsed: 3.56
batch elapsed: 3.57
batch elapsed: 3.58
batch elapsed: 3.54
batch elapsed: 3.57
batch elapsed: 3.52
batch elapsed: 3.58
batch elapsed: 3.57
batch elapsed: 3.59
batch elapsed: 3.58
batch elapsed: 3.55
batch elapsed: 3.59
batch elapsed: 3.54
batch elapsed: 3.55
batch elapsed: 3.59
batch elapsed: 3.56
batch elapsed: 3.55
batch elapsed: 3.55
batch elapsed: 3.54
batch elapsed: 3.55
batch elapsed: 3.54
batch elapsed: 3.22
batch elapsed: 3.39
batch elapsed: 3.18
batch elapsed: 3.23
batch elapsed: 3.18
Eval num_timesteps=56000, episode_reward=-110.97 +/- 46.52
Episode length: 1000.00 +/- 0.00
--------------------------------------
| eval/              |               |
|    mean_ep_length  | 1e+03         |
|    mean_reward     | -111          |
| time/              |               |
|    total_timesteps | 56000         |
| train/             |               |
|    actor_loss      | -0.0005698297 |
|    critic_loss     | 0.185         |
|    d_learning_rate | 0.0005        |
|    dstb_ent_coef   | 7.08e-13      |
|    ent_coef        | 0.000987      |
|    ent_coef_loss   | 1.49          |
|    n_updates       | 383936        |
|    u_learning_rate | 0.0001        |
|    v_learning_rate | 0.001         |
--------------------------------------
---------------------------------
| rollout/           |          |
|    ep_len_mean     | 1e+03    |
|    ep_rew_mean     | -269     |
| time/              |          |
|    episodes        | 56       |
|    fps             | 2        |
|    time_elapsed    | 22481    |
|    total_timesteps | 56000    |
| train/             |          |
|    std             | 0.598    |
---------------------------------
batch elapsed: 3.18
batch elapsed: 3.18
batch elapsed: 3.27
batch elapsed: 3.36
batch elapsed: 3.45
batch elapsed: 3.59
batch elapsed: 3.53
batch elapsed: 3.55
batch elapsed: 3.57
batch elapsed: 3.56
batch elapsed: 3.56
batch elapsed: 3.60
batch elapsed: 3.56
batch elapsed: 3.56
batch elapsed: 3.41
batch elapsed: 3.60
batch elapsed: 3.52
batch elapsed: 3.55
batch elapsed: 3.57
batch elapsed: 3.56
batch elapsed: 3.58
batch elapsed: 3.50
batch elapsed: 3.56
batch elapsed: 3.57
batch elapsed: 3.55
batch elapsed: 3.58
batch elapsed: 3.55
batch elapsed: 3.55
batch elapsed: 3.52
batch elapsed: 3.53
batch elapsed: 3.55
batch elapsed: 3.54
batch elapsed: 3.55
batch elapsed: 3.57
batch elapsed: 3.55
batch elapsed: 3.59
batch elapsed: 3.58
batch elapsed: 3.54
batch elapsed: 3.51
batch elapsed: 3.59
batch elapsed: 3.57
batch elapsed: 3.55
batch elapsed: 3.57
batch elapsed: 3.60
batch elapsed: 3.56
batch elapsed: 3.63
batch elapsed: 3.56
batch elapsed: 3.60
batch elapsed: 3.54
batch elapsed: 3.56
batch elapsed: 3.57
batch elapsed: 3.54
batch elapsed: 3.55
batch elapsed: 3.57
batch elapsed: 3.56
batch elapsed: 3.54
batch elapsed: 3.53
batch elapsed: 3.57
batch elapsed: 3.56
batch elapsed: 3.54
batch elapsed: 3.48
batch elapsed: 3.54
batch elapsed: 3.50
batch elapsed: 3.53
batch elapsed: 3.53
batch elapsed: 3.54
batch elapsed: 3.54
batch elapsed: 3.61
batch elapsed: 3.47
batch elapsed: 3.57
batch elapsed: 3.55
batch elapsed: 3.54
batch elapsed: 3.52
batch elapsed: 3.55
batch elapsed: 3.53
batch elapsed: 3.58
batch elapsed: 3.57
batch elapsed: 3.54
batch elapsed: 3.48
batch elapsed: 3.52
batch elapsed: 3.55
batch elapsed: 3.56
batch elapsed: 3.56
batch elapsed: 3.58
batch elapsed: 3.56
batch elapsed: 3.58
batch elapsed: 3.51
batch elapsed: 3.57
batch elapsed: 3.51
batch elapsed: 3.57
batch elapsed: 3.53
batch elapsed: 3.56
batch elapsed: 3.53
batch elapsed: 3.56
batch elapsed: 3.56
batch elapsed: 3.54
batch elapsed: 3.47
batch elapsed: 3.44
batch elapsed: 3.53
batch elapsed: 3.51
batch elapsed: 3.55
batch elapsed: 3.52
batch elapsed: 3.54
batch elapsed: 3.57
batch elapsed: 3.56
batch elapsed: 3.52
batch elapsed: 3.53
batch elapsed: 3.54
batch elapsed: 3.57
batch elapsed: 3.54
batch elapsed: 3.51
batch elapsed: 3.51
batch elapsed: 3.53
batch elapsed: 3.57
batch elapsed: 3.46
batch elapsed: 3.57
batch elapsed: 3.48
batch elapsed: 3.53
batch elapsed: 3.53
batch elapsed: 3.62
batch elapsed: 3.56
batch elapsed: 3.50
batch elapsed: 3.56
batch elapsed: 3.55
batch elapsed: 3.51
batch elapsed: 3.51
batch elapsed: 3.48
batch elapsed: 3.52
batch elapsed: 3.54
batch elapsed: 3.51
batch elapsed: 3.49
batch elapsed: 3.57
batch elapsed: 3.53
batch elapsed: 3.58
batch elapsed: 3.51
batch elapsed: 3.55
batch elapsed: 3.59
batch elapsed: 3.52
batch elapsed: 3.57
batch elapsed: 3.53
batch elapsed: 3.54
batch elapsed: 3.57
batch elapsed: 3.55
batch elapsed: 3.58
batch elapsed: 3.55
batch elapsed: 3.54
batch elapsed: 3.56
batch elapsed: 3.58
batch elapsed: 3.52
batch elapsed: 3.55
batch elapsed: 3.39
batch elapsed: 3.56
batch elapsed: 3.51
batch elapsed: 3.53
batch elapsed: 3.60
batch elapsed: 3.61
batch elapsed: 3.55
batch elapsed: 3.56
batch elapsed: 3.54
batch elapsed: 3.61
batch elapsed: 3.56
batch elapsed: 3.57
batch elapsed: 3.55
batch elapsed: 3.58
batch elapsed: 3.60
batch elapsed: 3.59
batch elapsed: 3.57
batch elapsed: 3.56
batch elapsed: 3.55
batch elapsed: 3.54
batch elapsed: 3.54
batch elapsed: 3.54
batch elapsed: 3.54
batch elapsed: 3.56
batch elapsed: 3.58
batch elapsed: 3.56
batch elapsed: 3.61
batch elapsed: 3.62
batch elapsed: 3.49
batch elapsed: 3.57
batch elapsed: 3.39
batch elapsed: 3.46
batch elapsed: 3.55
batch elapsed: 3.55
batch elapsed: 3.59
batch elapsed: 3.56
batch elapsed: 3.58
batch elapsed: 3.55
batch elapsed: 3.56
batch elapsed: 3.55
batch elapsed: 3.55
batch elapsed: 3.57
batch elapsed: 3.62
batch elapsed: 3.71
batch elapsed: 3.58
batch elapsed: 3.50
batch elapsed: 3.55
batch elapsed: 3.56
batch elapsed: 3.57
batch elapsed: 3.59
batch elapsed: 3.56
batch elapsed: 3.56
batch elapsed: 3.58
batch elapsed: 3.57
batch elapsed: 3.55
batch elapsed: 3.54
batch elapsed: 3.55
batch elapsed: 3.52
batch elapsed: 3.57
batch elapsed: 3.57
batch elapsed: 3.50
batch elapsed: 3.54
batch elapsed: 3.53
batch elapsed: 3.53
batch elapsed: 3.55
batch elapsed: 3.56
batch elapsed: 3.58
batch elapsed: 3.58
batch elapsed: 3.50
batch elapsed: 3.54
batch elapsed: 3.57
batch elapsed: 3.54
batch elapsed: 3.53
batch elapsed: 3.58
batch elapsed: 3.54
batch elapsed: 3.52
batch elapsed: 3.60
batch elapsed: 3.57
batch elapsed: 3.56
batch elapsed: 3.55
batch elapsed: 3.58
batch elapsed: 3.58
batch elapsed: 3.54
batch elapsed: 3.49
batch elapsed: 3.52
batch elapsed: 3.50
batch elapsed: 3.44
batch elapsed: 3.47
batch elapsed: 3.50
batch elapsed: 3.60
batch elapsed: 3.59
batch elapsed: 3.59
batch elapsed: 3.59
batch elapsed: 3.57
batch elapsed: 3.61
batch elapsed: 3.57
batch elapsed: 3.56
batch elapsed: 3.54
batch elapsed: 3.56
batch elapsed: 3.56
batch elapsed: 3.55
batch elapsed: 3.58
batch elapsed: 3.56
batch elapsed: 3.59
batch elapsed: 3.56
batch elapsed: 3.55
batch elapsed: 3.51
batch elapsed: 3.52
batch elapsed: 3.58
batch elapsed: 3.53
batch elapsed: 3.56
batch elapsed: 3.56
batch elapsed: 3.63
batch elapsed: 3.38
batch elapsed: 3.48
batch elapsed: 3.60
batch elapsed: 3.53
batch elapsed: 3.53
batch elapsed: 3.55
batch elapsed: 3.56
batch elapsed: 3.55
batch elapsed: 3.51
batch elapsed: 3.52
batch elapsed: 3.57
batch elapsed: 3.58
batch elapsed: 3.59
batch elapsed: 3.58
batch elapsed: 3.57
batch elapsed: 3.56
batch elapsed: 3.57
batch elapsed: 3.55
batch elapsed: 3.53
batch elapsed: 3.52
batch elapsed: 3.52
batch elapsed: 3.55
batch elapsed: 3.53
batch elapsed: 3.52
batch elapsed: 3.58
batch elapsed: 3.56
batch elapsed: 3.54
batch elapsed: 3.56
batch elapsed: 3.55
batch elapsed: 3.56
batch elapsed: 3.53
batch elapsed: 3.56
batch elapsed: 3.53
batch elapsed: 3.56
batch elapsed: 3.55
batch elapsed: 3.44
batch elapsed: 3.55
batch elapsed: 3.56
batch elapsed: 3.58
batch elapsed: 3.54
batch elapsed: 3.56
batch elapsed: 3.55
batch elapsed: 3.56
batch elapsed: 3.55
batch elapsed: 3.54
batch elapsed: 3.57
batch elapsed: 3.54
batch elapsed: 3.55
batch elapsed: 3.56
batch elapsed: 3.52
batch elapsed: 3.57
batch elapsed: 3.58
batch elapsed: 3.57
batch elapsed: 3.59
batch elapsed: 3.54
batch elapsed: 3.52
batch elapsed: 3.58
batch elapsed: 3.58
batch elapsed: 3.54
batch elapsed: 3.67
batch elapsed: 3.57
batch elapsed: 3.40
batch elapsed: 3.51
batch elapsed: 3.41
batch elapsed: 3.42
batch elapsed: 3.55
batch elapsed: 3.54
batch elapsed: 3.53
batch elapsed: 3.57
batch elapsed: 3.54
batch elapsed: 3.61
batch elapsed: 3.60
batch elapsed: 3.52
batch elapsed: 3.46
batch elapsed: 3.46
batch elapsed: 3.51
batch elapsed: 3.53
batch elapsed: 3.55
batch elapsed: 3.57
batch elapsed: 3.53
batch elapsed: 3.55
batch elapsed: 3.53
batch elapsed: 3.57
batch elapsed: 3.57
batch elapsed: 3.58
batch elapsed: 3.55
batch elapsed: 3.53
batch elapsed: 3.54
batch elapsed: 3.55
batch elapsed: 3.55
batch elapsed: 3.56
batch elapsed: 3.56
batch elapsed: 3.53
batch elapsed: 3.52
batch elapsed: 3.51
batch elapsed: 3.56
batch elapsed: 3.54
batch elapsed: 3.56
batch elapsed: 3.59
batch elapsed: 3.54
batch elapsed: 3.54
batch elapsed: 3.53
batch elapsed: 3.61
batch elapsed: 3.53
batch elapsed: 3.53
batch elapsed: 3.57
batch elapsed: 3.53
batch elapsed: 3.52
batch elapsed: 3.61
batch elapsed: 3.54
batch elapsed: 3.55
batch elapsed: 3.53
batch elapsed: 3.57
batch elapsed: 3.55
batch elapsed: 3.55
batch elapsed: 3.55
batch elapsed: 3.59
batch elapsed: 3.56
batch elapsed: 3.56
batch elapsed: 3.57
batch elapsed: 3.61
batch elapsed: 3.59
batch elapsed: 3.59
batch elapsed: 3.55
batch elapsed: 3.57
batch elapsed: 3.54
batch elapsed: 3.54
batch elapsed: 3.58
batch elapsed: 3.58
batch elapsed: 3.53
batch elapsed: 3.55
batch elapsed: 3.57
batch elapsed: 3.57
batch elapsed: 3.53
batch elapsed: 3.55
batch elapsed: 3.50
batch elapsed: 3.50
batch elapsed: 3.52
batch elapsed: 3.58
batch elapsed: 3.57
batch elapsed: 3.54
batch elapsed: 3.56
batch elapsed: 3.57
batch elapsed: 3.56
batch elapsed: 3.53
batch elapsed: 3.55
batch elapsed: 3.20
batch elapsed: 3.31
batch elapsed: 3.34
batch elapsed: 3.57
batch elapsed: 3.56
batch elapsed: 3.55
batch elapsed: 3.55
batch elapsed: 3.54
batch elapsed: 3.58
batch elapsed: 3.60
batch elapsed: 3.56
batch elapsed: 3.56
batch elapsed: 3.58
batch elapsed: 3.60
batch elapsed: 3.60
batch elapsed: 3.56
batch elapsed: 3.53
batch elapsed: 3.58
batch elapsed: 3.57
batch elapsed: 3.57
batch elapsed: 3.57
batch elapsed: 3.57
batch elapsed: 3.55
batch elapsed: 3.58
batch elapsed: 3.55
batch elapsed: 3.55
batch elapsed: 3.53
batch elapsed: 3.59
batch elapsed: 3.54
batch elapsed: 3.53
batch elapsed: 3.57
batch elapsed: 3.57
batch elapsed: 3.55
batch elapsed: 3.58
batch elapsed: 3.57
batch elapsed: 3.55
batch elapsed: 3.63
batch elapsed: 3.59
batch elapsed: 3.57
batch elapsed: 3.54
batch elapsed: 3.59
batch elapsed: 3.54
batch elapsed: 3.55
batch elapsed: 3.50
batch elapsed: 3.52
batch elapsed: 3.55
batch elapsed: 3.51
batch elapsed: 3.51
batch elapsed: 3.48
batch elapsed: 3.55
batch elapsed: 3.49
batch elapsed: 3.56
batch elapsed: 3.56
batch elapsed: 3.56
batch elapsed: 3.55
batch elapsed: 3.59
batch elapsed: 3.55
batch elapsed: 3.54
batch elapsed: 3.51
batch elapsed: 3.56
batch elapsed: 3.52
batch elapsed: 3.53
batch elapsed: 3.52
batch elapsed: 3.54
batch elapsed: 3.55
batch elapsed: 3.58
batch elapsed: 3.55
batch elapsed: 3.51
batch elapsed: 3.56
batch elapsed: 3.58
batch elapsed: 3.52
batch elapsed: 3.55
batch elapsed: 3.53
batch elapsed: 3.57
batch elapsed: 3.58
batch elapsed: 3.55
batch elapsed: 3.49
batch elapsed: 3.52
batch elapsed: 3.54
batch elapsed: 3.57
batch elapsed: 3.55
batch elapsed: 3.58
batch elapsed: 3.55
batch elapsed: 3.59
batch elapsed: 3.52
batch elapsed: 3.56
batch elapsed: 3.51
batch elapsed: 3.58
batch elapsed: 3.53
batch elapsed: 3.56
batch elapsed: 3.51
batch elapsed: 3.51
batch elapsed: 3.57
batch elapsed: 3.54
batch elapsed: 3.55
batch elapsed: 3.48
batch elapsed: 3.53
batch elapsed: 3.52
batch elapsed: 3.59
batch elapsed: 3.53
batch elapsed: 3.54
batch elapsed: 3.63
batch elapsed: 3.55
batch elapsed: 3.54
batch elapsed: 3.57
batch elapsed: 3.54
batch elapsed: 3.57
batch elapsed: 3.56
batch elapsed: 3.58
batch elapsed: 3.54
batch elapsed: 3.47
batch elapsed: 3.56
batch elapsed: 3.52
batch elapsed: 3.57
batch elapsed: 3.44
batch elapsed: 3.44
batch elapsed: 3.60
batch elapsed: 3.55
batch elapsed: 3.56
batch elapsed: 3.51
batch elapsed: 3.53
batch elapsed: 3.60
batch elapsed: 3.66
batch elapsed: 3.51
batch elapsed: 3.50
batch elapsed: 3.39
batch elapsed: 3.58
batch elapsed: 3.53
batch elapsed: 3.56
batch elapsed: 3.56
batch elapsed: 3.58
batch elapsed: 3.57
batch elapsed: 3.52
batch elapsed: 3.53
batch elapsed: 3.60
batch elapsed: 3.53
batch elapsed: 3.56
batch elapsed: 3.53
batch elapsed: 3.46
batch elapsed: 3.59
batch elapsed: 3.55
batch elapsed: 3.57
batch elapsed: 3.57
batch elapsed: 3.55
batch elapsed: 3.54
batch elapsed: 3.58
batch elapsed: 3.59
batch elapsed: 3.56
batch elapsed: 3.60
batch elapsed: 3.55
batch elapsed: 3.50
batch elapsed: 3.56
batch elapsed: 3.56
batch elapsed: 3.57
batch elapsed: 3.56
batch elapsed: 3.56
batch elapsed: 3.54
batch elapsed: 3.60
batch elapsed: 3.58
batch elapsed: 3.56
batch elapsed: 3.55
batch elapsed: 3.60
batch elapsed: 3.53
batch elapsed: 3.55
batch elapsed: 3.55
batch elapsed: 3.57
batch elapsed: 3.55
batch elapsed: 3.55
batch elapsed: 3.54
batch elapsed: 3.52
batch elapsed: 3.55
batch elapsed: 3.54
batch elapsed: 3.54
batch elapsed: 3.55
batch elapsed: 3.57
batch elapsed: 3.55
batch elapsed: 3.60
batch elapsed: 3.55
batch elapsed: 3.47
batch elapsed: 3.50
batch elapsed: 3.55
batch elapsed: 3.55
batch elapsed: 3.58
batch elapsed: 3.58
batch elapsed: 3.57
batch elapsed: 3.54
batch elapsed: 3.56
batch elapsed: 3.55
batch elapsed: 3.54
batch elapsed: 3.57
batch elapsed: 3.61
batch elapsed: 3.61
batch elapsed: 3.59
batch elapsed: 3.57
batch elapsed: 3.49
batch elapsed: 3.56
batch elapsed: 3.56
batch elapsed: 3.55
batch elapsed: 3.55
batch elapsed: 3.55
batch elapsed: 3.59
batch elapsed: 3.55
batch elapsed: 3.55
batch elapsed: 3.55
batch elapsed: 3.53
batch elapsed: 3.54
batch elapsed: 3.55
batch elapsed: 3.57
batch elapsed: 3.50
batch elapsed: 3.54
batch elapsed: 3.54
batch elapsed: 3.52
batch elapsed: 3.55
batch elapsed: 3.55
batch elapsed: 3.58
batch elapsed: 3.54
batch elapsed: 3.56
batch elapsed: 3.51
batch elapsed: 3.57
batch elapsed: 3.54
batch elapsed: 3.49
batch elapsed: 3.56
batch elapsed: 3.56
batch elapsed: 3.57
batch elapsed: 3.60
batch elapsed: 3.51
batch elapsed: 3.56
batch elapsed: 3.56
batch elapsed: 3.52
batch elapsed: 3.58
batch elapsed: 3.54
batch elapsed: 3.49
batch elapsed: 3.53
batch elapsed: 3.51
batch elapsed: 3.55
batch elapsed: 3.47
batch elapsed: 3.53
batch elapsed: 3.58
batch elapsed: 3.58
batch elapsed: 3.61
batch elapsed: 3.58
batch elapsed: 3.58
batch elapsed: 3.55
batch elapsed: 3.56
batch elapsed: 3.57
batch elapsed: 3.53
batch elapsed: 3.52
batch elapsed: 3.56
batch elapsed: 3.55
batch elapsed: 3.58
batch elapsed: 3.55
batch elapsed: 3.56
batch elapsed: 3.55
batch elapsed: 3.54
batch elapsed: 3.53
batch elapsed: 3.50
batch elapsed: 3.58
batch elapsed: 3.57
batch elapsed: 3.57
batch elapsed: 3.56
batch elapsed: 3.46
batch elapsed: 3.52
batch elapsed: 3.51
batch elapsed: 3.54
batch elapsed: 3.50
batch elapsed: 3.45
batch elapsed: 3.56
batch elapsed: 3.55
batch elapsed: 3.56
batch elapsed: 3.55
batch elapsed: 3.58
batch elapsed: 3.56
batch elapsed: 3.64
batch elapsed: 3.60
batch elapsed: 3.56
batch elapsed: 3.56
batch elapsed: 3.58
batch elapsed: 3.55
batch elapsed: 3.56
batch elapsed: 3.56
batch elapsed: 3.50
batch elapsed: 3.56
batch elapsed: 3.56
batch elapsed: 3.53
batch elapsed: 3.60
batch elapsed: 3.56
batch elapsed: 3.56
batch elapsed: 3.56
batch elapsed: 3.55
batch elapsed: 3.54
batch elapsed: 3.58
batch elapsed: 3.53
batch elapsed: 3.55
batch elapsed: 3.49
batch elapsed: 3.55
batch elapsed: 3.55
batch elapsed: 3.55
batch elapsed: 3.54
batch elapsed: 3.57
batch elapsed: 3.58
batch elapsed: 3.54
batch elapsed: 3.55
batch elapsed: 3.56
batch elapsed: 3.56
batch elapsed: 3.55
batch elapsed: 3.54
batch elapsed: 3.56
batch elapsed: 3.54
batch elapsed: 3.55
batch elapsed: 3.56
batch elapsed: 3.58
batch elapsed: 3.56
batch elapsed: 3.52
batch elapsed: 3.58
batch elapsed: 3.58
batch elapsed: 3.55
batch elapsed: 3.52
batch elapsed: 3.57
batch elapsed: 3.65
batch elapsed: 3.56
batch elapsed: 3.63
batch elapsed: 3.60
batch elapsed: 3.55
batch elapsed: 3.57
batch elapsed: 3.52
batch elapsed: 3.53
batch elapsed: 3.56
batch elapsed: 3.53
batch elapsed: 3.61
batch elapsed: 3.54
batch elapsed: 3.59
batch elapsed: 3.58
batch elapsed: 3.60
batch elapsed: 3.53
batch elapsed: 3.50
batch elapsed: 3.53
batch elapsed: 3.51
batch elapsed: 3.59
batch elapsed: 3.55
batch elapsed: 3.58
batch elapsed: 3.44
batch elapsed: 3.55
batch elapsed: 3.54
batch elapsed: 3.54
batch elapsed: 3.62
batch elapsed: 3.61
batch elapsed: 3.56
batch elapsed: 3.52
batch elapsed: 3.54
batch elapsed: 3.57
batch elapsed: 3.53
batch elapsed: 3.57
batch elapsed: 3.54
batch elapsed: 3.54
batch elapsed: 3.51
batch elapsed: 3.51
batch elapsed: 3.52
batch elapsed: 3.55
batch elapsed: 3.55
batch elapsed: 3.57
batch elapsed: 3.55
batch elapsed: 3.53
batch elapsed: 3.57
batch elapsed: 3.64
batch elapsed: 3.52
batch elapsed: 3.53
batch elapsed: 3.58
batch elapsed: 3.54
batch elapsed: 3.58
batch elapsed: 3.56
batch elapsed: 3.53
batch elapsed: 3.56
batch elapsed: 3.53
batch elapsed: 3.56
batch elapsed: 3.55
batch elapsed: 3.57
batch elapsed: 3.55
batch elapsed: 3.58
batch elapsed: 3.56
batch elapsed: 3.56
batch elapsed: 3.58
batch elapsed: 3.56
batch elapsed: 3.57
batch elapsed: 3.54
batch elapsed: 3.54
batch elapsed: 3.56
batch elapsed: 3.53
batch elapsed: 3.55
batch elapsed: 3.59
batch elapsed: 3.57
batch elapsed: 3.52
batch elapsed: 3.63
batch elapsed: 3.57
batch elapsed: 3.56
batch elapsed: 3.52
batch elapsed: 3.60
batch elapsed: 3.51
batch elapsed: 3.39
batch elapsed: 3.37
batch elapsed: 3.29
batch elapsed: 3.57
batch elapsed: 3.55
batch elapsed: 3.55
batch elapsed: 3.57
batch elapsed: 3.56
batch elapsed: 3.54
batch elapsed: 3.56
batch elapsed: 3.57
batch elapsed: 3.53
batch elapsed: 3.40
batch elapsed: 3.33
batch elapsed: 3.57
batch elapsed: 3.54
batch elapsed: 3.56
batch elapsed: 3.55
batch elapsed: 3.55
batch elapsed: 3.57
batch elapsed: 3.58
batch elapsed: 3.57
batch elapsed: 3.57
batch elapsed: 3.59
batch elapsed: 3.59
batch elapsed: 3.59
batch elapsed: 3.58
batch elapsed: 3.59
batch elapsed: 3.57
batch elapsed: 3.56
batch elapsed: 3.57
batch elapsed: 3.57
batch elapsed: 3.56
batch elapsed: 3.56
batch elapsed: 3.57
batch elapsed: 3.56
batch elapsed: 3.56
batch elapsed: 3.51
batch elapsed: 3.57
batch elapsed: 3.56
batch elapsed: 3.54
batch elapsed: 3.56
batch elapsed: 3.56
batch elapsed: 3.55
batch elapsed: 3.54
batch elapsed: 3.57
batch elapsed: 3.55
batch elapsed: 3.52
batch elapsed: 3.57
batch elapsed: 3.58
batch elapsed: 3.56
batch elapsed: 3.57
batch elapsed: 3.59
batch elapsed: 3.56
batch elapsed: 3.63
batch elapsed: 3.60
batch elapsed: 3.63
batch elapsed: 3.52
batch elapsed: 3.57
batch elapsed: 3.53
batch elapsed: 3.55
batch elapsed: 3.55
batch elapsed: 3.56
batch elapsed: 3.55
batch elapsed: 3.57
batch elapsed: 3.56
batch elapsed: 3.57
batch elapsed: 3.57
batch elapsed: 3.54
batch elapsed: 3.58
batch elapsed: 3.56
batch elapsed: 3.51
batch elapsed: 3.52
batch elapsed: 3.53
batch elapsed: 3.54
batch elapsed: 3.56
batch elapsed: 3.58
batch elapsed: 3.56
batch elapsed: 3.55
batch elapsed: 3.56
batch elapsed: 3.52
batch elapsed: 3.53
batch elapsed: 3.55
batch elapsed: 3.53
batch elapsed: 3.58
batch elapsed: 3.58
batch elapsed: 3.54
batch elapsed: 3.42
batch elapsed: 3.53
batch elapsed: 3.54
batch elapsed: 3.56
batch elapsed: 3.55
batch elapsed: 3.58
batch elapsed: 3.54
batch elapsed: 3.59
batch elapsed: 3.52
batch elapsed: 3.56
batch elapsed: 3.52
batch elapsed: 3.57
batch elapsed: 3.51
batch elapsed: 3.58
batch elapsed: 3.51
batch elapsed: 3.56
batch elapsed: 3.56
batch elapsed: 3.54
batch elapsed: 3.56
batch elapsed: 3.42
batch elapsed: 3.53
batch elapsed: 3.51
batch elapsed: 3.54
batch elapsed: 3.59
batch elapsed: 3.54
batch elapsed: 3.57
batch elapsed: 3.55
batch elapsed: 3.52
batch elapsed: 3.42
batch elapsed: 3.54
batch elapsed: 3.57
batch elapsed: 3.56
batch elapsed: 3.57
batch elapsed: 3.49
batch elapsed: 3.52
batch elapsed: 3.55
batch elapsed: 3.47
batch elapsed: 3.52
batch elapsed: 3.50
batch elapsed: 3.55
batch elapsed: 3.55
batch elapsed: 3.55
batch elapsed: 3.57
batch elapsed: 3.56
batch elapsed: 3.54
batch elapsed: 3.57
batch elapsed: 3.51
batch elapsed: 3.51
batch elapsed: 3.49
batch elapsed: 3.52
batch elapsed: 3.52
batch elapsed: 3.52
batch elapsed: 3.51
batch elapsed: 3.56
batch elapsed: 3.58
batch elapsed: 3.58
batch elapsed: 3.53
batch elapsed: 3.52
batch elapsed: 3.55
batch elapsed: 3.54
batch elapsed: 3.54
batch elapsed: 3.56
batch elapsed: 3.57
batch elapsed: 3.57
batch elapsed: 3.57
batch elapsed: 3.56
batch elapsed: 3.57
batch elapsed: 3.55
batch elapsed: 3.56
batch elapsed: 3.62
batch elapsed: 3.53
batch elapsed: 3.55
batch elapsed: 3.61
batch elapsed: 3.56
batch elapsed: 3.50
batch elapsed: 3.55
batch elapsed: 3.50
batch elapsed: 3.53
batch elapsed: 3.56
batch elapsed: 3.54
batch elapsed: 3.55
batch elapsed: 3.59
batch elapsed: 3.58
batch elapsed: 3.57
batch elapsed: 3.61
batch elapsed: 3.57
batch elapsed: 3.65
batch elapsed: 3.49
batch elapsed: 3.55
batch elapsed: 3.58
batch elapsed: 3.47
batch elapsed: 3.47
batch elapsed: 3.48
batch elapsed: 3.52
batch elapsed: 3.56
batch elapsed: 3.55
batch elapsed: 3.51
batch elapsed: 3.56
batch elapsed: 3.56
batch elapsed: 3.52
batch elapsed: 3.60
batch elapsed: 3.57
batch elapsed: 3.52
batch elapsed: 3.49
batch elapsed: 3.56
batch elapsed: 3.54
batch elapsed: 3.58
batch elapsed: 3.51
batch elapsed: 3.56
batch elapsed: 3.57
batch elapsed: 3.56
batch elapsed: 3.53
batch elapsed: 3.54
batch elapsed: 3.58
batch elapsed: 3.60
batch elapsed: 3.68
batch elapsed: 3.70
batch elapsed: 3.58
batch elapsed: 3.60
batch elapsed: 3.57
batch elapsed: 3.56
batch elapsed: 3.60
batch elapsed: 3.55
batch elapsed: 3.54
batch elapsed: 3.59
batch elapsed: 3.56
batch elapsed: 3.55
batch elapsed: 3.54
batch elapsed: 3.55
batch elapsed: 3.54
batch elapsed: 3.56
batch elapsed: 3.56
batch elapsed: 3.51
batch elapsed: 3.54
batch elapsed: 3.55
batch elapsed: 3.49
batch elapsed: 3.62
batch elapsed: 3.56
batch elapsed: 3.58
batch elapsed: 3.59
batch elapsed: 3.57
batch elapsed: 3.57
batch elapsed: 3.57
batch elapsed: 3.54
batch elapsed: 3.53
batch elapsed: 3.57
batch elapsed: 3.56
batch elapsed: 3.52
batch elapsed: 3.59
batch elapsed: 3.57
batch elapsed: 3.56
batch elapsed: 3.56
batch elapsed: 3.53
batch elapsed: 3.57
batch elapsed: 3.55
batch elapsed: 3.54
batch elapsed: 3.52
batch elapsed: 3.58
batch elapsed: 3.53
batch elapsed: 3.38
batch elapsed: 3.49
batch elapsed: 3.61
batch elapsed: 3.58
batch elapsed: 3.61
batch elapsed: 3.58
batch elapsed: 3.59
batch elapsed: 3.54
batch elapsed: 3.56
batch elapsed: 3.57
batch elapsed: 3.55
batch elapsed: 3.57
batch elapsed: 3.55
batch elapsed: 3.56
batch elapsed: 3.58
batch elapsed: 3.54
batch elapsed: 3.57
batch elapsed: 3.54
batch elapsed: 3.56
batch elapsed: 3.52
batch elapsed: 3.50
batch elapsed: 3.59
batch elapsed: 3.57
batch elapsed: 3.55
batch elapsed: 3.57
batch elapsed: 3.46
batch elapsed: 3.52
batch elapsed: 3.51
batch elapsed: 3.53
batch elapsed: 3.53
batch elapsed: 3.49
batch elapsed: 3.56
batch elapsed: 3.55
batch elapsed: 3.55
batch elapsed: 3.55
batch elapsed: 3.57
batch elapsed: 3.57
batch elapsed: 3.63
batch elapsed: 3.53
batch elapsed: 3.58
batch elapsed: 3.53
batch elapsed: 3.59
batch elapsed: 3.55
batch elapsed: 3.56
batch elapsed: 3.56
batch elapsed: 3.50
batch elapsed: 3.52
batch elapsed: 3.55
batch elapsed: 3.54
batch elapsed: 3.53
batch elapsed: 3.57
batch elapsed: 3.57
batch elapsed: 3.54
batch elapsed: 3.55
batch elapsed: 3.54
batch elapsed: 3.58
batch elapsed: 3.53
batch elapsed: 3.56
batch elapsed: 3.59
batch elapsed: 3.60
batch elapsed: 3.55
batch elapsed: 3.56
batch elapsed: 3.53
batch elapsed: 3.56
batch elapsed: 3.58
batch elapsed: 3.54
batch elapsed: 3.56
batch elapsed: 3.55
batch elapsed: 3.57
batch elapsed: 3.54
batch elapsed: 3.55
batch elapsed: 3.56
batch elapsed: 3.54
batch elapsed: 3.54
batch elapsed: 3.55
batch elapsed: 3.53
batch elapsed: 3.58
batch elapsed: 3.58
batch elapsed: 3.61
batch elapsed: 3.59
batch elapsed: 3.56
batch elapsed: 3.51
batch elapsed: 3.58
batch elapsed: 3.59
batch elapsed: 3.57
batch elapsed: 3.67
batch elapsed: 3.60
batch elapsed: 3.61
batch elapsed: 3.56
batch elapsed: 3.52
batch elapsed: 3.50
batch elapsed: 3.54
batch elapsed: 3.53
batch elapsed: 3.56
batch elapsed: 3.54
batch elapsed: 3.53
batch elapsed: 3.57
batch elapsed: 3.49
batch elapsed: 3.48
batch elapsed: 3.53
batch elapsed: 3.48
batch elapsed: 3.52
batch elapsed: 3.48
batch elapsed: 3.55
batch elapsed: 3.55
batch elapsed: 3.53
batch elapsed: 3.56
batch elapsed: 3.58
batch elapsed: 3.58
batch elapsed: 3.64
batch elapsed: 3.61
batch elapsed: 3.55
batch elapsed: 3.53
batch elapsed: 3.53
batch elapsed: 3.56
batch elapsed: 3.54
batch elapsed: 3.57
batch elapsed: 3.54
batch elapsed: 3.52
batch elapsed: 3.48
batch elapsed: 3.50
batch elapsed: 3.58
batch elapsed: 3.59
batch elapsed: 3.56
batch elapsed: 3.57
batch elapsed: 3.54
batch elapsed: 3.53
batch elapsed: 3.56
batch elapsed: 3.59
batch elapsed: 3.54
batch elapsed: 3.52
batch elapsed: 3.58
batch elapsed: 3.53
batch elapsed: 3.56
batch elapsed: 3.57
batch elapsed: 3.53
batch elapsed: 3.55
batch elapsed: 3.53
batch elapsed: 3.56
batch elapsed: 3.54
batch elapsed: 3.50
batch elapsed: 3.55
batch elapsed: 3.59
batch elapsed: 3.56
batch elapsed: 3.56
batch elapsed: 3.58
batch elapsed: 3.57
batch elapsed: 3.56
batch elapsed: 3.54
batch elapsed: 3.54
batch elapsed: 3.57
batch elapsed: 3.55
batch elapsed: 3.54
batch elapsed: 3.58
batch elapsed: 3.56
batch elapsed: 3.55
batch elapsed: 3.61
batch elapsed: 3.57
batch elapsed: 3.56
batch elapsed: 3.52
batch elapsed: 3.60
batch elapsed: 3.38
batch elapsed: 3.38
batch elapsed: 3.51
batch elapsed: 3.61
batch elapsed: 3.52
batch elapsed: 3.54
batch elapsed: 3.55
batch elapsed: 3.58
batch elapsed: 3.56
batch elapsed: 3.53
batch elapsed: 3.55
batch elapsed: 3.56
batch elapsed: 3.52
batch elapsed: 3.56
batch elapsed: 3.60
batch elapsed: 3.55
batch elapsed: 3.56
batch elapsed: 3.55
batch elapsed: 3.60
batch elapsed: 3.58
batch elapsed: 3.59
batch elapsed: 3.56
batch elapsed: 3.57
batch elapsed: 3.57
batch elapsed: 3.61
batch elapsed: 3.53
batch elapsed: 3.57
batch elapsed: 3.54
batch elapsed: 3.56
batch elapsed: 3.57
batch elapsed: 3.56
batch elapsed: 3.57
batch elapsed: 3.57
batch elapsed: 3.56
batch elapsed: 3.55
batch elapsed: 3.56
batch elapsed: 3.56
batch elapsed: 3.54
batch elapsed: 3.56
batch elapsed: 3.56
batch elapsed: 3.55
batch elapsed: 3.55
batch elapsed: 3.57
batch elapsed: 3.55
batch elapsed: 3.59
batch elapsed: 3.56
batch elapsed: 3.54
batch elapsed: 3.53
batch elapsed: 3.56
batch elapsed: 3.59
batch elapsed: 3.56
batch elapsed: 3.57
batch elapsed: 3.56
batch elapsed: 3.58
batch elapsed: 3.56
batch elapsed: 3.53
batch elapsed: 3.55
batch elapsed: 3.52
batch elapsed: 3.57
batch elapsed: 3.53
batch elapsed: 3.54
batch elapsed: 3.55
batch elapsed: 3.57
batch elapsed: 3.55
batch elapsed: 3.50
batch elapsed: 3.38
batch elapsed: 3.58
batch elapsed: 3.56
batch elapsed: 3.56
batch elapsed: 3.57
batch elapsed: 3.55
batch elapsed: 3.52
batch elapsed: 3.52
batch elapsed: 3.53
batch elapsed: 3.53
batch elapsed: 3.54
batch elapsed: 3.58
batch elapsed: 3.57
batch elapsed: 3.60
batch elapsed: 3.56
batch elapsed: 3.58
batch elapsed: 3.52
batch elapsed: 3.54
batch elapsed: 3.53
batch elapsed: 3.58
batch elapsed: 3.58
batch elapsed: 3.54
batch elapsed: 3.50
batch elapsed: 3.50
batch elapsed: 3.55
batch elapsed: 3.56
batch elapsed: 3.55
batch elapsed: 3.59
batch elapsed: 3.55
batch elapsed: 3.57
batch elapsed: 3.53
batch elapsed: 3.56
batch elapsed: 3.52
batch elapsed: 3.57
batch elapsed: 3.46
batch elapsed: 3.57
batch elapsed: 3.51
batch elapsed: 3.55
batch elapsed: 3.58
batch elapsed: 3.54
batch elapsed: 3.55
batch elapsed: 3.54
batch elapsed: 3.56
batch elapsed: 3.53
batch elapsed: 3.53
batch elapsed: 3.47
batch elapsed: 3.56
batch elapsed: 3.56
batch elapsed: 3.56
batch elapsed: 3.53
batch elapsed: 3.58
batch elapsed: 3.52
batch elapsed: 3.57
batch elapsed: 3.45
batch elapsed: 3.59
batch elapsed: 3.54
batch elapsed: 3.39
batch elapsed: 3.58
batch elapsed: 3.46
batch elapsed: 3.58
batch elapsed: 3.49
batch elapsed: 3.45
batch elapsed: 3.54
batch elapsed: 3.60
batch elapsed: 3.57
batch elapsed: 3.51
batch elapsed: 3.54
batch elapsed: 3.59
batch elapsed: 3.56
batch elapsed: 3.51
batch elapsed: 3.50
batch elapsed: 3.57
batch elapsed: 3.57
batch elapsed: 3.51
batch elapsed: 3.56
batch elapsed: 3.56
batch elapsed: 3.65
batch elapsed: 3.57
batch elapsed: 3.53
batch elapsed: 3.52
batch elapsed: 3.55
batch elapsed: 3.54
batch elapsed: 3.55
batch elapsed: 3.56
batch elapsed: 3.56
batch elapsed: 3.57
batch elapsed: 3.57
batch elapsed: 3.57
batch elapsed: 3.56
batch elapsed: 3.54
batch elapsed: 3.55
batch elapsed: 3.58
batch elapsed: 3.52
batch elapsed: 3.56
batch elapsed: 3.56
batch elapsed: 3.56
batch elapsed: 3.51
batch elapsed: 3.55
batch elapsed: 3.53
batch elapsed: 3.59
batch elapsed: 3.57
batch elapsed: 3.55
batch elapsed: 3.55
batch elapsed: 3.59
batch elapsed: 3.58
batch elapsed: 3.57
batch elapsed: 3.55
batch elapsed: 3.58
batch elapsed: 3.64
batch elapsed: 3.56
batch elapsed: 3.54
batch elapsed: 3.57
batch elapsed: 3.55
batch elapsed: 3.55
batch elapsed: 3.54
batch elapsed: 3.51
batch elapsed: 3.56
batch elapsed: 3.54
batch elapsed: 3.58
batch elapsed: 3.56
batch elapsed: 3.58
batch elapsed: 3.55
batch elapsed: 3.55
batch elapsed: 3.57
batch elapsed: 3.58
batch elapsed: 3.51
batch elapsed: 3.48
batch elapsed: 3.55
batch elapsed: 3.58
batch elapsed: 3.57
batch elapsed: 3.52
batch elapsed: 3.56
batch elapsed: 3.55
batch elapsed: 3.55
batch elapsed: 3.54
batch elapsed: 3.57
batch elapsed: 3.60
batch elapsed: 3.68
batch elapsed: 3.59
batch elapsed: 3.58
batch elapsed: 3.60
batch elapsed: 3.56
batch elapsed: 3.57
batch elapsed: 3.54
batch elapsed: 3.55
batch elapsed: 3.55
batch elapsed: 3.60
batch elapsed: 3.56
batch elapsed: 3.54
batch elapsed: 3.55
batch elapsed: 3.52
batch elapsed: 3.54
batch elapsed: 3.56
batch elapsed: 3.57
batch elapsed: 3.53
batch elapsed: 3.57
batch elapsed: 3.54
batch elapsed: 3.52
batch elapsed: 3.55
batch elapsed: 3.56
batch elapsed: 3.56
batch elapsed: 3.42
batch elapsed: 3.51
batch elapsed: 3.47
batch elapsed: 3.56
batch elapsed: 3.55
batch elapsed: 3.54
batch elapsed: 3.58
batch elapsed: 3.56
batch elapsed: 3.57
batch elapsed: 3.59
batch elapsed: 3.56
batch elapsed: 3.57
batch elapsed: 3.56
batch elapsed: 3.54
batch elapsed: 3.58
batch elapsed: 3.59
batch elapsed: 3.55
batch elapsed: 3.52
batch elapsed: 3.57
batch elapsed: 3.54
batch elapsed: 3.43
batch elapsed: 3.51
batch elapsed: 3.47
batch elapsed: 3.57
batch elapsed: 3.61
batch elapsed: 3.58
batch elapsed: 3.59
batch elapsed: 3.54
batch elapsed: 3.57
batch elapsed: 3.57
batch elapsed: 3.54
batch elapsed: 3.56
batch elapsed: 3.55
batch elapsed: 3.56
batch elapsed: 3.56
batch elapsed: 3.55
batch elapsed: 3.57
batch elapsed: 3.60
batch elapsed: 3.54
batch elapsed: 3.53
batch elapsed: 3.50
batch elapsed: 3.53
batch elapsed: 3.57
batch elapsed: 3.57
batch elapsed: 3.56
batch elapsed: 3.46
batch elapsed: 3.57
batch elapsed: 3.52
batch elapsed: 3.54
batch elapsed: 3.51
batch elapsed: 3.50
batch elapsed: 3.56
batch elapsed: 3.55
batch elapsed: 3.56
batch elapsed: 3.55
batch elapsed: 3.57
batch elapsed: 3.56
batch elapsed: 3.57
batch elapsed: 3.54
batch elapsed: 3.57
batch elapsed: 3.57
batch elapsed: 3.56
batch elapsed: 3.55
batch elapsed: 3.54
batch elapsed: 3.56
batch elapsed: 3.52
batch elapsed: 3.56
batch elapsed: 3.61
batch elapsed: 3.54
batch elapsed: 3.53
batch elapsed: 3.57
batch elapsed: 3.55
batch elapsed: 3.56
batch elapsed: 3.55
batch elapsed: 3.54
batch elapsed: 3.58
batch elapsed: 3.53
batch elapsed: 3.56
batch elapsed: 3.53
batch elapsed: 3.55
batch elapsed: 3.55
batch elapsed: 3.54
batch elapsed: 3.53
batch elapsed: 3.58
batch elapsed: 3.58
batch elapsed: 3.54
batch elapsed: 3.56
batch elapsed: 3.56
batch elapsed: 3.56
batch elapsed: 3.55
batch elapsed: 3.54
batch elapsed: 3.57
batch elapsed: 3.53
batch elapsed: 3.55
batch elapsed: 3.55
batch elapsed: 3.53
batch elapsed: 3.56
batch elapsed: 3.49
batch elapsed: 3.31
batch elapsed: 3.59
batch elapsed: 3.56
batch elapsed: 3.51
batch elapsed: 3.57
batch elapsed: 3.60
batch elapsed: 3.55
batch elapsed: 3.53
batch elapsed: 3.59
batch elapsed: 3.56
batch elapsed: 3.55
batch elapsed: 3.52
batch elapsed: 3.55
batch elapsed: 3.55
batch elapsed: 3.53
batch elapsed: 3.55
batch elapsed: 3.54
batch elapsed: 3.56
batch elapsed: 3.55
batch elapsed: 3.53
batch elapsed: 3.56
batch elapsed: 3.45
batch elapsed: 3.52
batch elapsed: 3.55
batch elapsed: 3.53
batch elapsed: 3.54
batch elapsed: 3.57
batch elapsed: 3.53
batch elapsed: 3.56
batch elapsed: 3.48
batch elapsed: 3.31
batch elapsed: 3.52
batch elapsed: 3.58
batch elapsed: 3.62
batch elapsed: 3.53
batch elapsed: 3.55
batch elapsed: 3.53
batch elapsed: 3.55
batch elapsed: 3.57
batch elapsed: 3.57
batch elapsed: 3.51
batch elapsed: 3.54
batch elapsed: 3.50
batch elapsed: 3.54
batch elapsed: 3.56
batch elapsed: 3.57
batch elapsed: 3.57
batch elapsed: 3.55
batch elapsed: 3.55
batch elapsed: 3.53
batch elapsed: 3.59
batch elapsed: 3.53
batch elapsed: 3.63
batch elapsed: 3.57
batch elapsed: 3.55
batch elapsed: 3.51
batch elapsed: 3.56
batch elapsed: 3.55
batch elapsed: 3.52
batch elapsed: 3.55
batch elapsed: 3.56
batch elapsed: 3.54
batch elapsed: 3.55
batch elapsed: 3.54
batch elapsed: 3.62
batch elapsed: 3.53
batch elapsed: 3.56
batch elapsed: 3.59
batch elapsed: 3.57
batch elapsed: 3.51
batch elapsed: 3.53
batch elapsed: 3.55
batch elapsed: 3.56
batch elapsed: 3.55
batch elapsed: 3.54
batch elapsed: 3.59
batch elapsed: 3.57
batch elapsed: 3.54
batch elapsed: 3.56
batch elapsed: 3.55
batch elapsed: 3.55
batch elapsed: 3.54
batch elapsed: 3.56
batch elapsed: 3.51
batch elapsed: 3.49
batch elapsed: 3.52
batch elapsed: 3.56
batch elapsed: 3.51
batch elapsed: 3.53
batch elapsed: 3.57
batch elapsed: 3.55
batch elapsed: 3.57
batch elapsed: 3.61
batch elapsed: 3.55
batch elapsed: 3.55
batch elapsed: 3.54
batch elapsed: 3.55
batch elapsed: 3.56
batch elapsed: 3.56
batch elapsed: 3.57
batch elapsed: 3.56
batch elapsed: 3.55
batch elapsed: 3.55
batch elapsed: 3.55
batch elapsed: 3.58
batch elapsed: 3.59
batch elapsed: 3.56
batch elapsed: 3.57
batch elapsed: 3.57
batch elapsed: 3.60
batch elapsed: 3.60
batch elapsed: 3.56
batch elapsed: 3.59
batch elapsed: 3.57
batch elapsed: 3.57
batch elapsed: 3.57
batch elapsed: 3.58
batch elapsed: 3.56
batch elapsed: 3.56
batch elapsed: 3.58
batch elapsed: 3.56
batch elapsed: 3.55
batch elapsed: 3.53
batch elapsed: 3.52
batch elapsed: 3.55
batch elapsed: 3.54
batch elapsed: 3.56
batch elapsed: 3.61
batch elapsed: 3.55
batch elapsed: 3.59
batch elapsed: 3.56
batch elapsed: 3.54
batch elapsed: 3.63
batch elapsed: 3.60
batch elapsed: 3.56
batch elapsed: 3.55
batch elapsed: 3.59
batch elapsed: 3.58
batch elapsed: 3.55
batch elapsed: 3.61
batch elapsed: 3.53
batch elapsed: 3.54
batch elapsed: 3.52
batch elapsed: 3.35
batch elapsed: 3.54
batch elapsed: 3.55
batch elapsed: 3.54
batch elapsed: 3.58
batch elapsed: 3.54
batch elapsed: 3.56
batch elapsed: 3.50
batch elapsed: 3.59
batch elapsed: 3.56
batch elapsed: 3.54
batch elapsed: 3.21
batch elapsed: 3.24
batch elapsed: 3.53
batch elapsed: 3.54
batch elapsed: 3.51
batch elapsed: 3.54
batch elapsed: 3.55
batch elapsed: 3.58
batch elapsed: 3.57
batch elapsed: 3.55
batch elapsed: 3.57
batch elapsed: 3.51
batch elapsed: 3.53
batch elapsed: 3.56
batch elapsed: 3.53
batch elapsed: 3.57
batch elapsed: 3.58
batch elapsed: 3.55
batch elapsed: 3.50
batch elapsed: 3.52
batch elapsed: 3.53
batch elapsed: 3.58
batch elapsed: 3.54
batch elapsed: 3.58
batch elapsed: 3.56
batch elapsed: 3.58
batch elapsed: 3.54
batch elapsed: 3.55
batch elapsed: 3.54
batch elapsed: 3.56
batch elapsed: 3.53
batch elapsed: 3.56
batch elapsed: 3.52
batch elapsed: 3.67
batch elapsed: 3.56
batch elapsed: 3.56
batch elapsed: 3.54
batch elapsed: 3.59
batch elapsed: 3.52
batch elapsed: 3.50
batch elapsed: 3.55
batch elapsed: 3.59
batch elapsed: 3.54
batch elapsed: 3.56
batch elapsed: 3.57
batch elapsed: 3.53
batch elapsed: 3.46
batch elapsed: 3.54
batch elapsed: 3.57
batch elapsed: 3.56
batch elapsed: 3.57
batch elapsed: 3.50
batch elapsed: 3.53
batch elapsed: 3.55
batch elapsed: 3.53
batch elapsed: 3.56
batch elapsed: 3.50
batch elapsed: 3.50
batch elapsed: 3.60
batch elapsed: 3.54
batch elapsed: 3.57
batch elapsed: 3.55
batch elapsed: 3.54
batch elapsed: 3.58
batch elapsed: 3.51
batch elapsed: 3.50
batch elapsed: 3.42
batch elapsed: 3.49
batch elapsed: 3.52
batch elapsed: 3.53
batch elapsed: 3.55
batch elapsed: 3.56
batch elapsed: 3.58
batch elapsed: 3.58
batch elapsed: 3.53
batch elapsed: 3.52
batch elapsed: 3.54
batch elapsed: 3.54
batch elapsed: 3.54
batch elapsed: 3.56
batch elapsed: 3.57
batch elapsed: 3.58
batch elapsed: 3.56
batch elapsed: 3.55
batch elapsed: 3.57
batch elapsed: 3.54
batch elapsed: 3.56
batch elapsed: 3.57
batch elapsed: 3.60
batch elapsed: 3.56
batch elapsed: 3.56
batch elapsed: 3.61
batch elapsed: 3.50
batch elapsed: 3.56
batch elapsed: 3.55
batch elapsed: 3.63
batch elapsed: 3.58
batch elapsed: 3.55
batch elapsed: 3.53
batch elapsed: 3.60
batch elapsed: 3.58
batch elapsed: 3.57
batch elapsed: 3.55
batch elapsed: 3.58
batch elapsed: 3.59
batch elapsed: 3.55
batch elapsed: 3.55
batch elapsed: 3.58
batch elapsed: 3.54
batch elapsed: 3.56
batch elapsed: 3.53
batch elapsed: 3.52
batch elapsed: 3.55
batch elapsed: 3.56
batch elapsed: 3.59
batch elapsed: 3.54
batch elapsed: 3.62
batch elapsed: 3.62
batch elapsed: 3.55
batch elapsed: 3.57
batch elapsed: 3.52
batch elapsed: 3.49
batch elapsed: 3.61
batch elapsed: 3.54
batch elapsed: 3.60
batch elapsed: 3.55
batch elapsed: 3.58
batch elapsed: 3.56
batch elapsed: 3.56
batch elapsed: 3.54
batch elapsed: 3.54
batch elapsed: 3.58
batch elapsed: 3.58
batch elapsed: 3.63
batch elapsed: 3.60
batch elapsed: 3.57
batch elapsed: 3.61
batch elapsed: 3.56
batch elapsed: 3.55
batch elapsed: 3.59
batch elapsed: 3.56
batch elapsed: 3.55
batch elapsed: 3.58
batch elapsed: 3.57
batch elapsed: 3.54
batch elapsed: 3.56
batch elapsed: 3.53
batch elapsed: 3.54
batch elapsed: 3.57
batch elapsed: 3.57
batch elapsed: 3.50
batch elapsed: 3.53
batch elapsed: 3.54
batch elapsed: 3.52
batch elapsed: 3.56
batch elapsed: 3.55
batch elapsed: 3.58
batch elapsed: 3.56
batch elapsed: 3.43
batch elapsed: 3.57
batch elapsed: 3.57
batch elapsed: 3.54
batch elapsed: 3.53
batch elapsed: 3.56
batch elapsed: 3.56
batch elapsed: 3.64
batch elapsed: 3.58
batch elapsed: 3.58
batch elapsed: 3.55
batch elapsed: 3.57
batch elapsed: 3.58
batch elapsed: 3.58
batch elapsed: 3.59
batch elapsed: 3.60
batch elapsed: 3.53
batch elapsed: 3.55
batch elapsed: 3.50
batch elapsed: 3.53
batch elapsed: 3.54
batch elapsed: 3.61
batch elapsed: 3.59
batch elapsed: 3.60
batch elapsed: 3.59
batch elapsed: 3.58
batch elapsed: 3.55
batch elapsed: 3.57
batch elapsed: 3.55
batch elapsed: 3.55
batch elapsed: 3.56
batch elapsed: 3.57
batch elapsed: 3.58
batch elapsed: 3.57
batch elapsed: 3.57
batch elapsed: 3.54
batch elapsed: 3.55
batch elapsed: 3.56
batch elapsed: 3.51
batch elapsed: 3.51
batch elapsed: 3.54
batch elapsed: 3.56
batch elapsed: 3.45
batch elapsed: 3.55
batch elapsed: 3.47
batch elapsed: 3.57
batch elapsed: 3.52
batch elapsed: 3.60
batch elapsed: 3.51
batch elapsed: 3.53
batch elapsed: 3.57
batch elapsed: 3.52
batch elapsed: 3.46
batch elapsed: 3.56
batch elapsed: 3.57
batch elapsed: 3.58
batch elapsed: 3.57
batch elapsed: 3.52
batch elapsed: 3.57
batch elapsed: 3.55
batch elapsed: 3.58
batch elapsed: 3.56
batch elapsed: 3.56
batch elapsed: 3.55
batch elapsed: 3.51
batch elapsed: 3.52
batch elapsed: 3.55
batch elapsed: 3.54
batch elapsed: 3.53
batch elapsed: 3.57
batch elapsed: 3.56
batch elapsed: 3.56
batch elapsed: 3.55
batch elapsed: 3.54
batch elapsed: 3.57
batch elapsed: 3.53
batch elapsed: 3.55
batch elapsed: 3.54
batch elapsed: 3.56
batch elapsed: 3.49
batch elapsed: 3.56
batch elapsed: 3.55
batch elapsed: 3.56
batch elapsed: 3.58
batch elapsed: 3.54
batch elapsed: 3.56
batch elapsed: 3.55
batch elapsed: 3.58
batch elapsed: 3.53
batch elapsed: 3.54
batch elapsed: 3.57
batch elapsed: 3.54
batch elapsed: 3.55
batch elapsed: 3.56
batch elapsed: 3.57
batch elapsed: 3.58
batch elapsed: 3.62
batch elapsed: 3.64
batch elapsed: 3.58
batch elapsed: 3.54
batch elapsed: 3.53
batch elapsed: 3.58
batch elapsed: 3.65
batch elapsed: 3.58
batch elapsed: 3.68
batch elapsed: 3.60
batch elapsed: 3.60
batch elapsed: 3.55
batch elapsed: 3.52
batch elapsed: 3.53
batch elapsed: 3.56
batch elapsed: 3.61
batch elapsed: 3.63
batch elapsed: 3.56
batch elapsed: 3.53
batch elapsed: 3.58
batch elapsed: 3.60
batch elapsed: 3.54
batch elapsed: 3.38
batch elapsed: 3.40
batch elapsed: 3.47
batch elapsed: 3.58
batch elapsed: 3.56
batch elapsed: 3.56
batch elapsed: 3.45
batch elapsed: 3.57
batch elapsed: 3.60
batch elapsed: 3.57
batch elapsed: 3.59
batch elapsed: 3.62
batch elapsed: 3.59
batch elapsed: 3.54
batch elapsed: 3.52
batch elapsed: 3.58
batch elapsed: 3.54
batch elapsed: 3.58
batch elapsed: 3.52
batch elapsed: 3.54
batch elapsed: 3.53
batch elapsed: 3.50
batch elapsed: 3.58
batch elapsed: 3.56
batch elapsed: 3.54
batch elapsed: 3.58
batch elapsed: 3.54
batch elapsed: 3.54
batch elapsed: 3.54
batch elapsed: 3.54
batch elapsed: 3.54
batch elapsed: 3.54
batch elapsed: 3.55
batch elapsed: 3.56
batch elapsed: 3.62
batch elapsed: 3.57
batch elapsed: 3.53
batch elapsed: 3.55
batch elapsed: 3.54
batch elapsed: 3.55
batch elapsed: 3.55
batch elapsed: 3.55
batch elapsed: 3.56
batch elapsed: 3.47
batch elapsed: 3.57
batch elapsed: 3.56
batch elapsed: 3.59
batch elapsed: 3.57
batch elapsed: 3.61
batch elapsed: 3.59
batch elapsed: 3.55
batch elapsed: 3.56
batch elapsed: 3.54
batch elapsed: 3.60
batch elapsed: 3.58
batch elapsed: 3.56
batch elapsed: 3.54
batch elapsed: 3.62
batch elapsed: 3.56
batch elapsed: 3.56
batch elapsed: 3.54
batch elapsed: 3.52
batch elapsed: 3.50
batch elapsed: 3.50
batch elapsed: 3.52
batch elapsed: 3.55
batch elapsed: 3.55
batch elapsed: 3.57
batch elapsed: 3.57
batch elapsed: 3.62
batch elapsed: 3.55
batch elapsed: 3.54
batch elapsed: 3.55
batch elapsed: 3.54
batch elapsed: 3.54
batch elapsed: 3.58
batch elapsed: 3.48
batch elapsed: 3.58
batch elapsed: 3.56
batch elapsed: 3.53
batch elapsed: 3.56
batch elapsed: 3.60
batch elapsed: 3.58
batch elapsed: 3.65
batch elapsed: 3.56
batch elapsed: 3.55
batch elapsed: 3.59
batch elapsed: 3.54
batch elapsed: 3.57
batch elapsed: 3.62
batch elapsed: 3.60
batch elapsed: 3.55
batch elapsed: 3.55
batch elapsed: 3.58
batch elapsed: 3.58
batch elapsed: 3.57
batch elapsed: 3.58
batch elapsed: 3.58
batch elapsed: 3.58
batch elapsed: 3.67
batch elapsed: 3.57
batch elapsed: 3.54
batch elapsed: 3.59
batch elapsed: 3.56
batch elapsed: 3.60
batch elapsed: 3.55
batch elapsed: 3.54
batch elapsed: 3.55
batch elapsed: 3.56
batch elapsed: 3.54
batch elapsed: 3.57
batch elapsed: 3.56
batch elapsed: 3.58
batch elapsed: 3.54
batch elapsed: 3.57
batch elapsed: 3.55
batch elapsed: 3.55
batch elapsed: 3.53
batch elapsed: 3.62
batch elapsed: 3.58
batch elapsed: 3.58
batch elapsed: 3.55
batch elapsed: 3.61
batch elapsed: 3.59
batch elapsed: 3.56
batch elapsed: 3.55
batch elapsed: 3.57
batch elapsed: 3.54
batch elapsed: 3.58
batch elapsed: 3.61
batch elapsed: 3.55
batch elapsed: 3.56
batch elapsed: 3.56
batch elapsed: 3.57
batch elapsed: 3.56
batch elapsed: 3.59
batch elapsed: 3.60
batch elapsed: 3.59
batch elapsed: 3.56
batch elapsed: 3.59
batch elapsed: 3.54
batch elapsed: 3.60
batch elapsed: 3.55
batch elapsed: 3.56
batch elapsed: 3.53
batch elapsed: 3.57
batch elapsed: 3.58
batch elapsed: 3.51
batch elapsed: 3.58
batch elapsed: 3.57
batch elapsed: 3.52
batch elapsed: 3.54
batch elapsed: 3.56
batch elapsed: 3.59
batch elapsed: 3.61
batch elapsed: 3.63
batch elapsed: 3.54
batch elapsed: 3.56
batch elapsed: 3.49
batch elapsed: 3.32
batch elapsed: 3.55
batch elapsed: 3.56
batch elapsed: 3.56
batch elapsed: 3.57
batch elapsed: 3.57
batch elapsed: 3.54
batch elapsed: 3.57
batch elapsed: 3.56
batch elapsed: 3.58
batch elapsed: 3.54
batch elapsed: 3.56
batch elapsed: 3.54
batch elapsed: 3.55
batch elapsed: 3.57
batch elapsed: 3.58
batch elapsed: 3.53
batch elapsed: 3.57
batch elapsed: 3.55
batch elapsed: 3.60
batch elapsed: 3.63
batch elapsed: 3.55
batch elapsed: 3.56
batch elapsed: 3.56
batch elapsed: 3.56
batch elapsed: 3.57
batch elapsed: 3.55
batch elapsed: 3.58
batch elapsed: 3.57
batch elapsed: 3.63
batch elapsed: 3.55
batch elapsed: 3.53
batch elapsed: 3.59
batch elapsed: 3.52
batch elapsed: 3.54
batch elapsed: 3.50
batch elapsed: 3.52
batch elapsed: 3.55
batch elapsed: 3.55
batch elapsed: 3.55
batch elapsed: 3.63
batch elapsed: 3.57
batch elapsed: 3.56
batch elapsed: 3.56
batch elapsed: 3.55
batch elapsed: 3.53
batch elapsed: 3.56
batch elapsed: 3.56
batch elapsed: 3.50
batch elapsed: 3.55
batch elapsed: 3.59
batch elapsed: 3.55
batch elapsed: 3.50
batch elapsed: 3.55
batch elapsed: 3.58
batch elapsed: 3.56
batch elapsed: 3.56
batch elapsed: 3.50
batch elapsed: 3.51
batch elapsed: 3.56
batch elapsed: 3.56
batch elapsed: 3.56
batch elapsed: 3.59
batch elapsed: 3.57
batch elapsed: 3.55
batch elapsed: 3.52
batch elapsed: 3.55
batch elapsed: 3.58
batch elapsed: 3.56
batch elapsed: 3.56
batch elapsed: 3.49
batch elapsed: 3.54
batch elapsed: 3.55
batch elapsed: 3.56
batch elapsed: 3.58
batch elapsed: 3.60
batch elapsed: 4.33
batch elapsed: 3.77
batch elapsed: 3.57
batch elapsed: 3.54
batch elapsed: 3.47
batch elapsed: 3.56
batch elapsed: 3.58
batch elapsed: 3.54
batch elapsed: 3.58
batch elapsed: 3.58
batch elapsed: 3.52
batch elapsed: 3.61
batch elapsed: 3.56
batch elapsed: 3.54
batch elapsed: 3.56
batch elapsed: 3.57
batch elapsed: 3.56
batch elapsed: 3.57
batch elapsed: 3.53
batch elapsed: 3.55
batch elapsed: 3.57
batch elapsed: 3.57
batch elapsed: 3.57
batch elapsed: 3.56
batch elapsed: 3.56
batch elapsed: 3.52
batch elapsed: 3.61
batch elapsed: 3.57
batch elapsed: 3.57
batch elapsed: 3.55
batch elapsed: 3.58
batch elapsed: 3.54
batch elapsed: 3.54
batch elapsed: 3.57
batch elapsed: 3.56
batch elapsed: 3.55
batch elapsed: 3.55
batch elapsed: 3.56
batch elapsed: 3.62
batch elapsed: 3.56
batch elapsed: 3.52
batch elapsed: 3.55
batch elapsed: 3.59
batch elapsed: 3.59
batch elapsed: 3.55
batch elapsed: 3.59
batch elapsed: 3.56
batch elapsed: 3.59
batch elapsed: 3.36
batch elapsed: 3.42
batch elapsed: 3.52
batch elapsed: 3.60
batch elapsed: 3.55
batch elapsed: 3.59
batch elapsed: 3.56
batch elapsed: 3.54
batch elapsed: 3.56
batch elapsed: 3.53
batch elapsed: 3.54
batch elapsed: 3.55
batch elapsed: 3.55
batch elapsed: 3.58
batch elapsed: 3.53
batch elapsed: 3.57
batch elapsed: 3.56
batch elapsed: 3.53
batch elapsed: 3.58
batch elapsed: 3.53
batch elapsed: 3.54
batch elapsed: 3.51
batch elapsed: 3.54
batch elapsed: 3.59
batch elapsed: 3.58
batch elapsed: 3.54
batch elapsed: 3.57
batch elapsed: 3.62
batch elapsed: 3.51
batch elapsed: 3.56
batch elapsed: 3.60
batch elapsed: 3.55
batch elapsed: 3.55
batch elapsed: 3.44
batch elapsed: 3.57
batch elapsed: 3.57
batch elapsed: 3.57
batch elapsed: 3.55
batch elapsed: 3.57
batch elapsed: 3.56
batch elapsed: 3.60
batch elapsed: 3.53
batch elapsed: 3.53
batch elapsed: 3.53
batch elapsed: 3.53
batch elapsed: 3.54
batch elapsed: 3.56
batch elapsed: 3.58
batch elapsed: 3.52
batch elapsed: 3.61
batch elapsed: 3.60
batch elapsed: 3.59
batch elapsed: 3.53
batch elapsed: 3.63
batch elapsed: 3.60
batch elapsed: 3.61
batch elapsed: 3.57
batch elapsed: 3.54
batch elapsed: 3.54
batch elapsed: 3.57
batch elapsed: 3.57
batch elapsed: 3.56
batch elapsed: 3.57
batch elapsed: 3.57
batch elapsed: 3.63
batch elapsed: 3.60
batch elapsed: 4.18
batch elapsed: 4.59
batch elapsed: 4.63
batch elapsed: 4.74
batch elapsed: 4.61
batch elapsed: 4.61
batch elapsed: 4.67
batch elapsed: 4.56
batch elapsed: 4.60
batch elapsed: 4.58
batch elapsed: 4.81
batch elapsed: 4.60
batch elapsed: 4.60
batch elapsed: 4.60
batch elapsed: 4.62
batch elapsed: 4.66
batch elapsed: 4.68
batch elapsed: 3.98
batch elapsed: 3.56
batch elapsed: 3.48
batch elapsed: 3.56
batch elapsed: 3.46
batch elapsed: 3.55
batch elapsed: 3.54
batch elapsed: 3.57
batch elapsed: 3.54
batch elapsed: 3.56
batch elapsed: 3.58
batch elapsed: 3.54
batch elapsed: 3.59
batch elapsed: 3.56
batch elapsed: 3.63
batch elapsed: 3.57
batch elapsed: 3.56
batch elapsed: 3.52
batch elapsed: 3.52
batch elapsed: 3.57
batch elapsed: 3.56
batch elapsed: 3.57
batch elapsed: 3.57
batch elapsed: 3.58
batch elapsed: 3.54
batch elapsed: 3.57
batch elapsed: 3.56
batch elapsed: 3.56
batch elapsed: 3.58
batch elapsed: 3.54
batch elapsed: 3.54
batch elapsed: 3.59
batch elapsed: 3.52
batch elapsed: 3.61
batch elapsed: 3.58
batch elapsed: 3.59
batch elapsed: 3.57
batch elapsed: 3.45
batch elapsed: 3.55
batch elapsed: 3.57
batch elapsed: 3.56
batch elapsed: 3.58
batch elapsed: 3.57
batch elapsed: 3.54
batch elapsed: 3.55
batch elapsed: 3.60
batch elapsed: 3.57
batch elapsed: 3.59
batch elapsed: 3.44
batch elapsed: 3.56
batch elapsed: 3.56
batch elapsed: 3.59
batch elapsed: 3.55
batch elapsed: 3.57
batch elapsed: 3.58
batch elapsed: 3.56
batch elapsed: 3.59
batch elapsed: 3.52
batch elapsed: 3.60
batch elapsed: 3.54
batch elapsed: 3.52
batch elapsed: 3.57
batch elapsed: 3.59
batch elapsed: 3.57
batch elapsed: 3.56
batch elapsed: 3.58
batch elapsed: 3.59
batch elapsed: 3.63
batch elapsed: 3.60
batch elapsed: 3.55
batch elapsed: 3.56
batch elapsed: 3.55
batch elapsed: 3.56
batch elapsed: 3.69
batch elapsed: 3.68
batch elapsed: 3.59
batch elapsed: 3.61
batch elapsed: 3.57
batch elapsed: 3.57
batch elapsed: 3.54
batch elapsed: 3.59
batch elapsed: 3.68
batch elapsed: 3.58
batch elapsed: 3.58
batch elapsed: 3.55
batch elapsed: 3.61
batch elapsed: 3.67
batch elapsed: 3.63
batch elapsed: 4.43
batch elapsed: 3.49
batch elapsed: 3.61
batch elapsed: 3.63
batch elapsed: 3.59
batch elapsed: 3.56
batch elapsed: 3.57
batch elapsed: 3.57
batch elapsed: 3.60
batch elapsed: 3.56
batch elapsed: 3.60
batch elapsed: 3.57
batch elapsed: 3.57
batch elapsed: 3.55
batch elapsed: 3.53
batch elapsed: 3.53
batch elapsed: 3.51
batch elapsed: 3.61
batch elapsed: 3.57
batch elapsed: 3.53
batch elapsed: 3.61
batch elapsed: 3.58
batch elapsed: 3.61
batch elapsed: 3.58
batch elapsed: 3.63
batch elapsed: 3.55
batch elapsed: 3.55
batch elapsed: 3.58
batch elapsed: 3.60
batch elapsed: 3.59
batch elapsed: 3.60
batch elapsed: 3.59
batch elapsed: 3.57
batch elapsed: 3.62
batch elapsed: 3.60
batch elapsed: 3.57
batch elapsed: 3.66
batch elapsed: 3.55
batch elapsed: 3.55
batch elapsed: 3.58
batch elapsed: 3.54
batch elapsed: 3.57
batch elapsed: 3.56
batch elapsed: 3.59
batch elapsed: 3.55
batch elapsed: 3.56
batch elapsed: 3.57
batch elapsed: 3.58
batch elapsed: 3.58
batch elapsed: 3.57
batch elapsed: 3.56
batch elapsed: 3.54
batch elapsed: 3.22
batch elapsed: 3.47
batch elapsed: 3.53
batch elapsed: 3.58
batch elapsed: 3.55
batch elapsed: 3.61
batch elapsed: 3.56
batch elapsed: 3.48
batch elapsed: 3.49
batch elapsed: 3.56
batch elapsed: 3.54
batch elapsed: 3.58
batch elapsed: 3.55
batch elapsed: 3.56
batch elapsed: 3.55
batch elapsed: 3.57
batch elapsed: 3.56
batch elapsed: 3.57
batch elapsed: 3.57
batch elapsed: 3.60
batch elapsed: 3.59
batch elapsed: 3.49
batch elapsed: 3.54
batch elapsed: 3.55
batch elapsed: 3.58
batch elapsed: 3.63
batch elapsed: 3.56
batch elapsed: 3.56
batch elapsed: 3.54
batch elapsed: 3.63
batch elapsed: 3.60
batch elapsed: 3.55
batch elapsed: 3.55
batch elapsed: 3.58
batch elapsed: 3.56
batch elapsed: 3.57
batch elapsed: 3.57
batch elapsed: 3.62
batch elapsed: 3.58
batch elapsed: 3.57
batch elapsed: 3.59
batch elapsed: 3.57
batch elapsed: 3.56
batch elapsed: 3.57
batch elapsed: 3.55
batch elapsed: 3.45
batch elapsed: 3.52
batch elapsed: 3.58
batch elapsed: 3.53
batch elapsed: 3.56
batch elapsed: 3.56
batch elapsed: 3.53
batch elapsed: 3.61
batch elapsed: 3.56
batch elapsed: 3.58
batch elapsed: 3.60
batch elapsed: 3.68
batch elapsed: 3.56
batch elapsed: 3.52
batch elapsed: 3.53
batch elapsed: 3.54
batch elapsed: 3.53
batch elapsed: 3.55
batch elapsed: 3.51
batch elapsed: 3.46
batch elapsed: 3.59
batch elapsed: 3.51
batch elapsed: 3.58
batch elapsed: 3.57
batch elapsed: 3.59
batch elapsed: 3.54
batch elapsed: 3.56
batch elapsed: 3.55
batch elapsed: 3.53
batch elapsed: 3.61
batch elapsed: 3.59
batch elapsed: 3.54
batch elapsed: 3.57
batch elapsed: 3.55
batch elapsed: 3.60
batch elapsed: 3.60
batch elapsed: 3.59
batch elapsed: 3.60
batch elapsed: 3.56
batch elapsed: 3.57
batch elapsed: 3.56
batch elapsed: 3.56
batch elapsed: 3.55
batch elapsed: 3.58
batch elapsed: 3.57
batch elapsed: 3.56
batch elapsed: 3.53
batch elapsed: 3.57
batch elapsed: 3.50
batch elapsed: 3.52
batch elapsed: 3.50
batch elapsed: 3.54
batch elapsed: 3.54
batch elapsed: 3.53
batch elapsed: 3.54
batch elapsed: 3.58
batch elapsed: 3.57
batch elapsed: 3.57
batch elapsed: 3.56
batch elapsed: 3.51
batch elapsed: 3.51
batch elapsed: 3.55
batch elapsed: 3.50
batch elapsed: 3.56
batch elapsed: 3.54
batch elapsed: 3.58
batch elapsed: 3.51
batch elapsed: 3.38
batch elapsed: 3.57
batch elapsed: 3.56
batch elapsed: 3.57
batch elapsed: 3.55
batch elapsed: 3.50
batch elapsed: 3.54
batch elapsed: 3.56
batch elapsed: 3.53
batch elapsed: 3.58
batch elapsed: 3.59
batch elapsed: 3.56
batch elapsed: 3.56
batch elapsed: 3.57
batch elapsed: 3.55
batch elapsed: 3.57
batch elapsed: 3.56
batch elapsed: 3.55
batch elapsed: 3.55
batch elapsed: 3.54
batch elapsed: 3.47
batch elapsed: 3.51
batch elapsed: 3.65
batch elapsed: 3.60
batch elapsed: 3.87
batch elapsed: 4.38
batch elapsed: 3.56
batch elapsed: 3.53
batch elapsed: 3.57
batch elapsed: 3.52
batch elapsed: 3.57
batch elapsed: 3.55
batch elapsed: 3.57
batch elapsed: 3.55
batch elapsed: 3.46
batch elapsed: 3.61
batch elapsed: 3.51
batch elapsed: 3.53
batch elapsed: 3.56
batch elapsed: 3.58
batch elapsed: 3.57
batch elapsed: 3.56
batch elapsed: 3.55
batch elapsed: 3.59
batch elapsed: 3.54
batch elapsed: 3.57
batch elapsed: 3.58
batch elapsed: 3.57
batch elapsed: 3.54
batch elapsed: 3.56
batch elapsed: 3.54
batch elapsed: 3.56
batch elapsed: 3.58
batch elapsed: 3.56
batch elapsed: 3.57
batch elapsed: 3.56
batch elapsed: 3.51
batch elapsed: 3.58
batch elapsed: 3.55
batch elapsed: 3.56
batch elapsed: 3.56
batch elapsed: 3.55
batch elapsed: 3.58
batch elapsed: 3.55
batch elapsed: 3.53
batch elapsed: 3.54
batch elapsed: 3.57
batch elapsed: 3.56
batch elapsed: 3.54
batch elapsed: 3.59
batch elapsed: 3.56
batch elapsed: 3.56
batch elapsed: 3.54
batch elapsed: 3.51
batch elapsed: 3.57
batch elapsed: 3.58
batch elapsed: 3.51
batch elapsed: 3.58
batch elapsed: 3.55
batch elapsed: 3.58
batch elapsed: 3.55
batch elapsed: 3.51
batch elapsed: 3.56
batch elapsed: 3.59
batch elapsed: 3.55
batch elapsed: 3.57
batch elapsed: 3.54
batch elapsed: 3.58
batch elapsed: 3.60
batch elapsed: 3.54
batch elapsed: 3.56
batch elapsed: 3.56
batch elapsed: 3.59
batch elapsed: 3.56
batch elapsed: 3.59
batch elapsed: 3.59
batch elapsed: 3.56
batch elapsed: 3.52
batch elapsed: 3.54
batch elapsed: 3.56
batch elapsed: 3.55
batch elapsed: 3.57
batch elapsed: 3.57
batch elapsed: 3.53
batch elapsed: 3.55
batch elapsed: 3.57
batch elapsed: 3.55
batch elapsed: 3.53
batch elapsed: 3.51
batch elapsed: 3.56
batch elapsed: 3.49
batch elapsed: 3.58
batch elapsed: 3.60
batch elapsed: 3.59
batch elapsed: 3.54
batch elapsed: 3.53
batch elapsed: 3.53
batch elapsed: 3.52
batch elapsed: 3.56
batch elapsed: 3.51
batch elapsed: 3.53
batch elapsed: 3.61
batch elapsed: 3.59
batch elapsed: 3.55
batch elapsed: 3.54
batch elapsed: 3.61
batch elapsed: 3.61
batch elapsed: 3.61
batch elapsed: 3.57
batch elapsed: 3.55
batch elapsed: 3.55
batch elapsed: 3.56
batch elapsed: 3.56
batch elapsed: 3.56
batch elapsed: 3.57
batch elapsed: 3.54
batch elapsed: 3.54
batch elapsed: 3.59
batch elapsed: 3.94
batch elapsed: 4.48
batch elapsed: 4.55
batch elapsed: 4.77
batch elapsed: 4.60
batch elapsed: 4.47
batch elapsed: 4.62
batch elapsed: 4.64
batch elapsed: 4.56
batch elapsed: 4.54
batch elapsed: 4.76
batch elapsed: 4.66
batch elapsed: 4.49
batch elapsed: 4.61
batch elapsed: 4.64
batch elapsed: 4.71
batch elapsed: 4.65
batch elapsed: 4.29
batch elapsed: 3.56
batch elapsed: 3.50
batch elapsed: 3.59
batch elapsed: 3.45
batch elapsed: 3.51
batch elapsed: 3.55
batch elapsed: 3.56
batch elapsed: 3.56
batch elapsed: 3.56
batch elapsed: 3.56
batch elapsed: 3.55
batch elapsed: 3.60
batch elapsed: 3.49
batch elapsed: 3.60
batch elapsed: 3.57
batch elapsed: 3.59
batch elapsed: 3.52
batch elapsed: 3.58
batch elapsed: 3.55
batch elapsed: 3.59
batch elapsed: 3.61
batch elapsed: 3.55
batch elapsed: 3.59
batch elapsed: 3.54
batch elapsed: 3.58
batch elapsed: 3.57
batch elapsed: 3.56
batch elapsed: 3.57
batch elapsed: 3.55
batch elapsed: 3.54
batch elapsed: 3.54
batch elapsed: 3.59
batch elapsed: 3.64
batch elapsed: 3.57
batch elapsed: 3.60
batch elapsed: 3.57
batch elapsed: 3.58
batch elapsed: 3.55
batch elapsed: 3.57
batch elapsed: 3.55
batch elapsed: 3.59
batch elapsed: 3.56
batch elapsed: 3.55
batch elapsed: 3.59
batch elapsed: 3.54
batch elapsed: 3.56
batch elapsed: 3.58
batch elapsed: 3.60
batch elapsed: 3.57
batch elapsed: 3.56
batch elapsed: 3.55
batch elapsed: 3.50
batch elapsed: 3.50
batch elapsed: 3.53
batch elapsed: 3.45
batch elapsed: 3.39
batch elapsed: 3.51
batch elapsed: 3.62
batch elapsed: 3.52
batch elapsed: 3.58
batch elapsed: 3.48
batch elapsed: 3.57
batch elapsed: 3.58
batch elapsed: 3.56
batch elapsed: 3.57
batch elapsed: 3.60
batch elapsed: 3.59
batch elapsed: 3.53
batch elapsed: 3.57
batch elapsed: 3.56
batch elapsed: 3.54
batch elapsed: 3.55
batch elapsed: 3.65
batch elapsed: 3.73
batch elapsed: 3.66
batch elapsed: 3.53
batch elapsed: 3.57
batch elapsed: 3.60
batch elapsed: 3.54
batch elapsed: 3.57
batch elapsed: 3.64
batch elapsed: 3.62
batch elapsed: 3.61
batch elapsed: 3.54
batch elapsed: 3.61
batch elapsed: 3.55
batch elapsed: 3.59
batch elapsed: 4.39
batch elapsed: 3.69
batch elapsed: 3.56
batch elapsed: 3.63
batch elapsed: 3.61
batch elapsed: 3.58
batch elapsed: 3.55
batch elapsed: 3.55
batch elapsed: 3.60
batch elapsed: 3.58
batch elapsed: 3.59
batch elapsed: 3.57
batch elapsed: 3.58
batch elapsed: 3.56
batch elapsed: 3.51
batch elapsed: 3.56
batch elapsed: 3.53
batch elapsed: 3.59
batch elapsed: 3.65
batch elapsed: 3.54
batch elapsed: 3.59
batch elapsed: 3.61
batch elapsed: 3.64
batch elapsed: 3.55
batch elapsed: 3.58
batch elapsed: 3.58
batch elapsed: 3.55
batch elapsed: 3.58
batch elapsed: 3.58
batch elapsed: 3.61
batch elapsed: 3.59
batch elapsed: 3.58
batch elapsed: 3.58
batch elapsed: 3.60
batch elapsed: 3.60
batch elapsed: 3.54
batch elapsed: 3.36
batch elapsed: 3.47
batch elapsed: 3.57
batch elapsed: 3.56
batch elapsed: 3.57
batch elapsed: 3.55
batch elapsed: 3.62
batch elapsed: 3.57
batch elapsed: 3.59
batch elapsed: 3.56
batch elapsed: 3.55
batch elapsed: 3.57
batch elapsed: 3.59
batch elapsed: 3.58
batch elapsed: 3.58
batch elapsed: 3.57
batch elapsed: 3.54
batch elapsed: 3.49
batch elapsed: 3.42
batch elapsed: 3.52
batch elapsed: 3.59
batch elapsed: 3.62
batch elapsed: 3.64
batch elapsed: 3.58
batch elapsed: 3.57
batch elapsed: 3.56
batch elapsed: 3.61
batch elapsed: 3.54
batch elapsed: 3.58
batch elapsed: 3.55
batch elapsed: 3.59
batch elapsed: 3.52
batch elapsed: 3.57
batch elapsed: 3.55
batch elapsed: 3.56
batch elapsed: 3.53
batch elapsed: 3.61
batch elapsed: 3.58
batch elapsed: 3.48
batch elapsed: 3.55
batch elapsed: 3.52
batch elapsed: 3.61
batch elapsed: 3.56
batch elapsed: 3.57
batch elapsed: 3.57
batch elapsed: 3.52
batch elapsed: 3.59
batch elapsed: 3.60
batch elapsed: 3.57
batch elapsed: 3.54
batch elapsed: 3.57
batch elapsed: 3.57
batch elapsed: 3.56
batch elapsed: 3.59
batch elapsed: 3.60
batch elapsed: 3.58
batch elapsed: 3.56
batch elapsed: 3.60
batch elapsed: 3.51
batch elapsed: 3.57
batch elapsed: 3.62
batch elapsed: 3.62
batch elapsed: 3.57
batch elapsed: 3.57
batch elapsed: 3.58
batch elapsed: 3.52
batch elapsed: 3.57
batch elapsed: 3.57
batch elapsed: 3.53
batch elapsed: 3.55
batch elapsed: 3.59
batch elapsed: 3.61
batch elapsed: 3.66
batch elapsed: 3.68
batch elapsed: 3.63
batch elapsed: 3.53
batch elapsed: 3.57
batch elapsed: 3.55
batch elapsed: 3.54
batch elapsed: 3.56
batch elapsed: 3.55
batch elapsed: 3.58
batch elapsed: 3.58
batch elapsed: 3.52
batch elapsed: 3.58
batch elapsed: 3.58
batch elapsed: 3.58
batch elapsed: 3.55
batch elapsed: 3.50
batch elapsed: 3.55
batch elapsed: 3.54
batch elapsed: 3.56
batch elapsed: 3.57
batch elapsed: 3.55
batch elapsed: 3.57
batch elapsed: 3.55
batch elapsed: 3.60
batch elapsed: 3.57
batch elapsed: 3.55
batch elapsed: 3.56
batch elapsed: 3.56
batch elapsed: 3.57
batch elapsed: 3.45
batch elapsed: 3.56
batch elapsed: 3.58
batch elapsed: 3.57
batch elapsed: 3.57
batch elapsed: 3.51
batch elapsed: 3.54
batch elapsed: 3.56
batch elapsed: 3.53
batch elapsed: 3.54
batch elapsed: 3.49
batch elapsed: 3.54
batch elapsed: 3.54
batch elapsed: 3.54
batch elapsed: 3.55
batch elapsed: 3.58
batch elapsed: 3.57
batch elapsed: 3.57
batch elapsed: 3.56
batch elapsed: 3.48
batch elapsed: 3.54
batch elapsed: 3.57
batch elapsed: 3.55
batch elapsed: 3.55
batch elapsed: 3.54
batch elapsed: 3.56
batch elapsed: 3.54
batch elapsed: 3.50
batch elapsed: 3.55
batch elapsed: 3.57
batch elapsed: 3.57
batch elapsed: 3.56
batch elapsed: 3.50
batch elapsed: 3.53
batch elapsed: 3.56
batch elapsed: 3.54
batch elapsed: 3.57
batch elapsed: 3.65
batch elapsed: 3.62
batch elapsed: 3.55
batch elapsed: 3.57
batch elapsed: 3.54
batch elapsed: 3.57
batch elapsed: 3.57
batch elapsed: 3.55
batch elapsed: 3.61
batch elapsed: 3.53
batch elapsed: 3.54
batch elapsed: 3.59
batch elapsed: 3.57
batch elapsed: 3.60
batch elapsed: 4.39
batch elapsed: 3.83
batch elapsed: 3.57
batch elapsed: 3.52
batch elapsed: 3.55
batch elapsed: 3.55
batch elapsed: 3.57
batch elapsed: 3.52
batch elapsed: 3.58
batch elapsed: 3.55
batch elapsed: 3.51
batch elapsed: 3.54
batch elapsed: 3.45
batch elapsed: 3.54
batch elapsed: 3.57
batch elapsed: 3.58
batch elapsed: 3.55
batch elapsed: 3.57
batch elapsed: 3.55
batch elapsed: 3.55
batch elapsed: 3.56
batch elapsed: 3.57
batch elapsed: 3.56
batch elapsed: 3.57
batch elapsed: 3.55
batch elapsed: 3.53
batch elapsed: 3.57
batch elapsed: 3.55
batch elapsed: 3.58
batch elapsed: 3.55
batch elapsed: 3.58
batch elapsed: 3.55
batch elapsed: 3.52
batch elapsed: 3.57
batch elapsed: 3.56
batch elapsed: 3.56
batch elapsed: 3.54
batch elapsed: 3.56
batch elapsed: 3.61
batch elapsed: 3.57
batch elapsed: 3.53
batch elapsed: 3.53
batch elapsed: 3.58
batch elapsed: 3.55
batch elapsed: 3.55
batch elapsed: 3.58
batch elapsed: 3.54
batch elapsed: 3.56
batch elapsed: 3.50
batch elapsed: 3.57
batch elapsed: 3.50
batch elapsed: 3.60
batch elapsed: 3.56
batch elapsed: 3.58
batch elapsed: 3.57
batch elapsed: 3.55
batch elapsed: 3.56
batch elapsed: 3.54
batch elapsed: 3.54
batch elapsed: 3.53
batch elapsed: 3.56
batch elapsed: 3.58
batch elapsed: 3.52
batch elapsed: 3.62
batch elapsed: 3.59
batch elapsed: 3.57
batch elapsed: 3.59
batch elapsed: 3.52
batch elapsed: 3.55
batch elapsed: 3.56
batch elapsed: 3.54
batch elapsed: 3.60
batch elapsed: 3.57
batch elapsed: 3.51
batch elapsed: 3.54
batch elapsed: 3.62
batch elapsed: 3.53
batch elapsed: 3.60
batch elapsed: 3.55
batch elapsed: 3.54
batch elapsed: 3.55
batch elapsed: 3.63
batch elapsed: 3.54
batch elapsed: 3.47
batch elapsed: 3.58
batch elapsed: 3.55
batch elapsed: 3.56
batch elapsed: 3.57
batch elapsed: 3.60
batch elapsed: 3.60
batch elapsed: 3.54
batch elapsed: 3.53
batch elapsed: 3.54
batch elapsed: 3.54
batch elapsed: 3.55
batch elapsed: 3.57
batch elapsed: 3.54
batch elapsed: 3.61
batch elapsed: 3.58
batch elapsed: 3.51
batch elapsed: 3.53
batch elapsed: 3.57
batch elapsed: 3.60
batch elapsed: 3.62
batch elapsed: 3.57
batch elapsed: 3.55
batch elapsed: 3.53
batch elapsed: 3.56
batch elapsed: 3.58
batch elapsed: 3.56
batch elapsed: 3.55
batch elapsed: 3.54
batch elapsed: 3.56
batch elapsed: 3.58
batch elapsed: 4.11
batch elapsed: 4.70
batch elapsed: 4.54
batch elapsed: 4.78
batch elapsed: 4.52
batch elapsed: 4.53
batch elapsed: 4.64
batch elapsed: 4.57
batch elapsed: 4.58
batch elapsed: 4.61
batch elapsed: 4.79
batch elapsed: 4.53
batch elapsed: 4.49
batch elapsed: 4.44
batch elapsed: 4.75
batch elapsed: 4.71
batch elapsed: 4.76
batch elapsed: 3.96
batch elapsed: 3.56
batch elapsed: 3.55
batch elapsed: 3.55
batch elapsed: 3.44
batch elapsed: 3.52
batch elapsed: 3.55
batch elapsed: 3.56
batch elapsed: 3.60
batch elapsed: 3.57
batch elapsed: 3.57
batch elapsed: 3.55
batch elapsed: 3.59
batch elapsed: 3.56
batch elapsed: 3.58
batch elapsed: 3.56
batch elapsed: 3.58
batch elapsed: 3.56
batch elapsed: 3.58
batch elapsed: 3.57
batch elapsed: 3.55
batch elapsed: 3.57
batch elapsed: 3.57
batch elapsed: 3.58
batch elapsed: 3.54
batch elapsed: 3.56
batch elapsed: 3.57
batch elapsed: 3.56
batch elapsed: 3.58
batch elapsed: 3.54
batch elapsed: 3.56
batch elapsed: 3.57
batch elapsed: 3.54
batch elapsed: 3.60
batch elapsed: 3.57
batch elapsed: 3.66
batch elapsed: 3.58
batch elapsed: 3.56
batch elapsed: 3.54
batch elapsed: 3.56
batch elapsed: 3.56
batch elapsed: 3.58
batch elapsed: 3.57
batch elapsed: 3.55
batch elapsed: 3.59
batch elapsed: 3.54
batch elapsed: 3.57
batch elapsed: 3.59
batch elapsed: 3.61
batch elapsed: 3.57
batch elapsed: 3.57
batch elapsed: 3.49
batch elapsed: 3.44
batch elapsed: 3.51
batch elapsed: 3.53
batch elapsed: 3.43
batch elapsed: 3.55
batch elapsed: 3.53
batch elapsed: 3.55
batch elapsed: 3.55
batch elapsed: 3.51
batch elapsed: 3.56
batch elapsed: 3.58
batch elapsed: 3.58
batch elapsed: 3.56
batch elapsed: 3.58
batch elapsed: 3.59
batch elapsed: 3.61
batch elapsed: 3.64
batch elapsed: 3.55
batch elapsed: 3.62
batch elapsed: 3.55
batch elapsed: 3.54
batch elapsed: 3.70
batch elapsed: 3.75
batch elapsed: 3.70
batch elapsed: 3.60
batch elapsed: 3.57
batch elapsed: 3.59
batch elapsed: 3.55
batch elapsed: 3.60
batch elapsed: 3.61
batch elapsed: 3.55
batch elapsed: 3.61
batch elapsed: 3.54
batch elapsed: 3.61
batch elapsed: 3.61
batch elapsed: 3.65
batch elapsed: 4.45
batch elapsed: 3.62
batch elapsed: 3.53
batch elapsed: 3.63
batch elapsed: 3.60
batch elapsed: 3.45
batch elapsed: 3.57
batch elapsed: 3.56
batch elapsed: 3.60
batch elapsed: 3.58
batch elapsed: 3.60
batch elapsed: 3.57
batch elapsed: 3.56
batch elapsed: 3.56
batch elapsed: 3.47
batch elapsed: 3.54
batch elapsed: 3.56
batch elapsed: 3.58
batch elapsed: 3.59
batch elapsed: 3.53
batch elapsed: 3.61
batch elapsed: 3.53
batch elapsed: 3.59
batch elapsed: 3.59
batch elapsed: 3.57
batch elapsed: 3.55
batch elapsed: 3.56
batch elapsed: 3.59
batch elapsed: 3.60
batch elapsed: 3.58
batch elapsed: 3.60
batch elapsed: 3.59
batch elapsed: 3.53
batch elapsed: 3.58
batch elapsed: 3.59
batch elapsed: 3.59
batch elapsed: 3.60
batch elapsed: 3.55
batch elapsed: 3.55
batch elapsed: 3.58
batch elapsed: 3.56
batch elapsed: 3.56
batch elapsed: 3.62
batch elapsed: 3.59
batch elapsed: 3.55
batch elapsed: 3.57
batch elapsed: 3.57
batch elapsed: 3.58
batch elapsed: 3.58
batch elapsed: 3.57
batch elapsed: 3.55
batch elapsed: 3.56
batch elapsed: 3.52
batch elapsed: 3.54
batch elapsed: 3.53
batch elapsed: 3.59
batch elapsed: 3.55
batch elapsed: 3.60
batch elapsed: 3.57
batch elapsed: 3.57
batch elapsed: 3.56
batch elapsed: 3.61
batch elapsed: 3.57
batch elapsed: 3.56
batch elapsed: 3.54
batch elapsed: 3.56
batch elapsed: 3.50
batch elapsed: 3.58
batch elapsed: 3.54
batch elapsed: 3.58
batch elapsed: 3.52
batch elapsed: 3.60
batch elapsed: 3.59
batch elapsed: 3.55
batch elapsed: 3.53
batch elapsed: 3.55
batch elapsed: 3.58
batch elapsed: 3.57
batch elapsed: 3.57
batch elapsed: 3.56
batch elapsed: 3.55
batch elapsed: 3.58
batch elapsed: 3.59
batch elapsed: 3.57
batch elapsed: 3.55
batch elapsed: 3.57
batch elapsed: 3.56
batch elapsed: 3.51
batch elapsed: 3.57
batch elapsed: 3.62
batch elapsed: 3.58
batch elapsed: 3.59
batch elapsed: 3.57
batch elapsed: 3.58
batch elapsed: 3.55
batch elapsed: 3.67
batch elapsed: 3.58
batch elapsed: 3.57
batch elapsed: 3.56
batch elapsed: 3.57
batch elapsed: 3.53
batch elapsed: 3.56
batch elapsed: 3.39
batch elapsed: 3.49
batch elapsed: 3.55
batch elapsed: 3.54
batch elapsed: 3.54
batch elapsed: 3.60
batch elapsed: 3.51
batch elapsed: 3.58
batch elapsed: 3.58
batch elapsed: 3.60
batch elapsed: 3.53
batch elapsed: 3.52
batch elapsed: 3.56
batch elapsed: 3.57
batch elapsed: 3.55
batch elapsed: 3.58
batch elapsed: 3.57
batch elapsed: 3.59
batch elapsed: 3.56
batch elapsed: 3.60
batch elapsed: 3.55
batch elapsed: 3.56
batch elapsed: 3.54
batch elapsed: 3.53
batch elapsed: 3.60
batch elapsed: 3.61
batch elapsed: 3.54
batch elapsed: 3.56
batch elapsed: 3.55
batch elapsed: 3.59
batch elapsed: 3.63
batch elapsed: 3.55
batch elapsed: 3.57
batch elapsed: 3.56
batch elapsed: 3.57
batch elapsed: 3.57
batch elapsed: 3.56
batch elapsed: 3.56
batch elapsed: 3.57
batch elapsed: 3.63
batch elapsed: 3.56
batch elapsed: 3.37
batch elapsed: 3.46
batch elapsed: 3.60
batch elapsed: 3.53
batch elapsed: 3.49
batch elapsed: 3.55
batch elapsed: 3.60
batch elapsed: 3.57
batch elapsed: 3.55
batch elapsed: 3.57
batch elapsed: 3.57
batch elapsed: 3.56
batch elapsed: 3.57
batch elapsed: 3.52
batch elapsed: 3.55
batch elapsed: 3.55
batch elapsed: 3.57
batch elapsed: 3.57
batch elapsed: 3.54
batch elapsed: 3.57
batch elapsed: 3.59
batch elapsed: 3.55
batch elapsed: 3.56
batch elapsed: 3.55
batch elapsed: 3.57
batch elapsed: 3.55
batch elapsed: 3.50
batch elapsed: 3.53
batch elapsed: 3.56
batch elapsed: 3.54
batch elapsed: 3.57
batch elapsed: 3.76
batch elapsed: 3.56
batch elapsed: 3.56
batch elapsed: 3.51
batch elapsed: 3.55
batch elapsed: 3.58
batch elapsed: 3.55
batch elapsed: 3.55
batch elapsed: 3.56
batch elapsed: 3.54
batch elapsed: 3.54
batch elapsed: 3.48
batch elapsed: 3.51
batch elapsed: 3.60
batch elapsed: 3.69
batch elapsed: 4.41
batch elapsed: 3.56
batch elapsed: 3.43
batch elapsed: 3.51
batch elapsed: 3.53
batch elapsed: 3.57
batch elapsed: 3.54
batch elapsed: 3.56
batch elapsed: 3.56
batch elapsed: 3.50
batch elapsed: 3.63
batch elapsed: 3.56
batch elapsed: 3.53
batch elapsed: 3.56
batch elapsed: 3.59
batch elapsed: 3.57
batch elapsed: 3.56
batch elapsed: 3.54
batch elapsed: 3.55
batch elapsed: 3.55
batch elapsed: 3.55
batch elapsed: 3.59
batch elapsed: 3.56
batch elapsed: 3.55
batch elapsed: 3.54
batch elapsed: 3.54
batch elapsed: 3.56
batch elapsed: 3.58
batch elapsed: 3.56
batch elapsed: 3.57
batch elapsed: 3.57
batch elapsed: 3.51
batch elapsed: 3.58
batch elapsed: 3.56
batch elapsed: 3.55
batch elapsed: 3.55
batch elapsed: 3.56
batch elapsed: 3.57
batch elapsed: 3.54
batch elapsed: 3.55
batch elapsed: 3.53
batch elapsed: 3.56
batch elapsed: 3.55
batch elapsed: 3.56
batch elapsed: 3.59
batch elapsed: 3.56
batch elapsed: 3.59
batch elapsed: 3.51
batch elapsed: 3.38
batch elapsed: 3.49
batch elapsed: 3.60
batch elapsed: 3.57
batch elapsed: 3.57
batch elapsed: 3.57
batch elapsed: 3.58
batch elapsed: 3.55
batch elapsed: 3.54
batch elapsed: 3.55
batch elapsed: 3.59
batch elapsed: 3.55
batch elapsed: 3.56
batch elapsed: 3.49
batch elapsed: 3.58
batch elapsed: 3.55
batch elapsed: 3.54
batch elapsed: 3.56
batch elapsed: 3.61
batch elapsed: 3.53
batch elapsed: 3.55
batch elapsed: 3.57
batch elapsed: 3.56
batch elapsed: 3.58
batch elapsed: 3.52
batch elapsed: 3.37
batch elapsed: 3.56
batch elapsed: 3.51
batch elapsed: 3.54
batch elapsed: 3.58
batch elapsed: 3.53
batch elapsed: 3.56
batch elapsed: 3.58
batch elapsed: 3.55
batch elapsed: 3.53
batch elapsed: 3.44
batch elapsed: 3.56
batch elapsed: 3.51
batch elapsed: 3.56
batch elapsed: 3.60
batch elapsed: 3.56
batch elapsed: 3.53
batch elapsed: 3.54
batch elapsed: 3.52
batch elapsed: 3.55
batch elapsed: 3.54
batch elapsed: 3.58
batch elapsed: 3.52
batch elapsed: 3.59
batch elapsed: 3.60
batch elapsed: 3.57
batch elapsed: 3.58
batch elapsed: 3.60
batch elapsed: 3.62
batch elapsed: 3.58
batch elapsed: 3.55
batch elapsed: 3.56
batch elapsed: 3.55
batch elapsed: 3.57
batch elapsed: 3.55
batch elapsed: 3.59
batch elapsed: 3.59
batch elapsed: 3.56
batch elapsed: 3.57
batch elapsed: 3.66
batch elapsed: 3.94
batch elapsed: 4.46
batch elapsed: 4.51
batch elapsed: 4.71
batch elapsed: 4.63
batch elapsed: 4.51
batch elapsed: 4.53
batch elapsed: 4.58
batch elapsed: 4.64
batch elapsed: 4.56
batch elapsed: 4.73
batch elapsed: 4.68
batch elapsed: 4.56
batch elapsed: 4.51
batch elapsed: 4.75
batch elapsed: 4.69
batch elapsed: 4.59
batch elapsed: 4.61
batch elapsed: 3.62
batch elapsed: 3.53
batch elapsed: 3.55
batch elapsed: 3.52
batch elapsed: 3.50
batch elapsed: 3.56
batch elapsed: 3.56
batch elapsed: 3.55
batch elapsed: 3.56
batch elapsed: 3.57
batch elapsed: 3.55
batch elapsed: 3.54
batch elapsed: 3.51
batch elapsed: 3.59
batch elapsed: 3.59
batch elapsed: 3.58
batch elapsed: 3.58
batch elapsed: 3.57
batch elapsed: 3.55
batch elapsed: 3.58
batch elapsed: 3.60
batch elapsed: 3.57
batch elapsed: 3.59
batch elapsed: 3.53
batch elapsed: 3.59
batch elapsed: 3.56
batch elapsed: 3.57
batch elapsed: 3.55
batch elapsed: 3.62
batch elapsed: 3.55
batch elapsed: 3.55
batch elapsed: 3.57
batch elapsed: 3.59
batch elapsed: 3.57
batch elapsed: 3.50
batch elapsed: 3.54
batch elapsed: 3.57
batch elapsed: 3.51
batch elapsed: 3.56
batch elapsed: 3.55
batch elapsed: 3.59
batch elapsed: 3.57
batch elapsed: 3.55
batch elapsed: 3.47
batch elapsed: 3.56
batch elapsed: 3.49
batch elapsed: 3.52
batch elapsed: 3.60
batch elapsed: 3.59
batch elapsed: 3.56
batch elapsed: 3.54
batch elapsed: 3.54
batch elapsed: 3.57
batch elapsed: 3.54
batch elapsed: 3.63
batch elapsed: 3.64
batch elapsed: 3.57
batch elapsed: 3.62
batch elapsed: 3.51
batch elapsed: 3.58
batch elapsed: 3.60
batch elapsed: 3.58
batch elapsed: 3.58
batch elapsed: 3.58
batch elapsed: 3.56
batch elapsed: 3.58
batch elapsed: 3.61
batch elapsed: 3.64
batch elapsed: 3.54
batch elapsed: 3.58
batch elapsed: 3.53
batch elapsed: 3.55
batch elapsed: 3.66
batch elapsed: 3.66
batch elapsed: 3.60
batch elapsed: 3.59
batch elapsed: 3.56
batch elapsed: 3.59
batch elapsed: 3.55
batch elapsed: 3.57
batch elapsed: 3.58
batch elapsed: 3.57
batch elapsed: 3.61
batch elapsed: 3.54
batch elapsed: 3.61
batch elapsed: 3.60
batch elapsed: 3.59
batch elapsed: 4.42
batch elapsed: 3.66
batch elapsed: 3.58
batch elapsed: 3.57
batch elapsed: 3.60
batch elapsed: 3.57
batch elapsed: 3.55
batch elapsed: 3.58
batch elapsed: 3.65
batch elapsed: 3.57
batch elapsed: 3.59
batch elapsed: 3.57
batch elapsed: 3.58
batch elapsed: 3.56
batch elapsed: 3.48
batch elapsed: 3.47
batch elapsed: 3.43
batch elapsed: 3.58
batch elapsed: 3.59
batch elapsed: 3.54
batch elapsed: 3.60
batch elapsed: 3.52
batch elapsed: 3.53
batch elapsed: 3.60
batch elapsed: 3.56
batch elapsed: 3.53
batch elapsed: 3.55
batch elapsed: 3.58
batch elapsed: 3.57
batch elapsed: 3.61
batch elapsed: 3.58
batch elapsed: 3.60
batch elapsed: 3.57
batch elapsed: 3.60
batch elapsed: 3.59
batch elapsed: 3.59
batch elapsed: 3.57
batch elapsed: 3.58
batch elapsed: 3.53
batch elapsed: 3.56
batch elapsed: 3.56
batch elapsed: 3.58
batch elapsed: 3.53
batch elapsed: 3.64
batch elapsed: 3.57
batch elapsed: 3.58
batch elapsed: 3.56
batch elapsed: 3.56
batch elapsed: 3.58
batch elapsed: 3.57
batch elapsed: 3.59
batch elapsed: 3.56
batch elapsed: 3.56
batch elapsed: 3.55
batch elapsed: 3.66
batch elapsed: 3.56
batch elapsed: 3.55
batch elapsed: 3.59
batch elapsed: 3.57
batch elapsed: 3.59
batch elapsed: 3.55
batch elapsed: 3.59
batch elapsed: 3.56
batch elapsed: 3.55
batch elapsed: 3.53
batch elapsed: 3.57
batch elapsed: 3.59
batch elapsed: 3.53
batch elapsed: 3.56
batch elapsed: 3.57
batch elapsed: 3.55
batch elapsed: 3.56
batch elapsed: 3.55
batch elapsed: 3.60
batch elapsed: 3.61
batch elapsed: 3.53
batch elapsed: 3.57
batch elapsed: 3.54
batch elapsed: 3.53
batch elapsed: 3.58
batch elapsed: 3.54
batch elapsed: 3.56
batch elapsed: 3.54
batch elapsed: 3.54
batch elapsed: 3.53
batch elapsed: 3.54
batch elapsed: 3.56
batch elapsed: 3.58
batch elapsed: 3.58
batch elapsed: 3.55
batch elapsed: 3.64
batch elapsed: 3.61
batch elapsed: 3.58
batch elapsed: 3.56
batch elapsed: 3.59
batch elapsed: 3.49
batch elapsed: 3.59
batch elapsed: 3.56
batch elapsed: 3.54
batch elapsed: 3.54
batch elapsed: 3.56
batch elapsed: 3.57
batch elapsed: 3.53
batch elapsed: 3.55
batch elapsed: 3.58
batch elapsed: 3.52
batch elapsed: 3.55
batch elapsed: 3.64
batch elapsed: 3.64
batch elapsed: 3.58
batch elapsed: 3.57
batch elapsed: 3.58
batch elapsed: 3.61
batch elapsed: 3.55
batch elapsed: 3.53
batch elapsed: 3.54
batch elapsed: 3.57
batch elapsed: 3.55
batch elapsed: 3.60
batch elapsed: 3.55
batch elapsed: 3.54
batch elapsed: 3.57
batch elapsed: 3.59
batch elapsed: 3.57
batch elapsed: 3.54
batch elapsed: 3.54
batch elapsed: 3.55
batch elapsed: 3.56
batch elapsed: 3.57
batch elapsed: 3.59
batch elapsed: 3.64
batch elapsed: 3.56
batch elapsed: 3.57
batch elapsed: 3.59
batch elapsed: 3.54
batch elapsed: 3.55
batch elapsed: 3.56
batch elapsed: 3.57
batch elapsed: 3.54
batch elapsed: 3.59
batch elapsed: 3.55
batch elapsed: 3.58
batch elapsed: 3.57
batch elapsed: 3.56
batch elapsed: 3.55
batch elapsed: 3.51
batch elapsed: 3.62
batch elapsed: 3.52
batch elapsed: 3.54
batch elapsed: 3.50
batch elapsed: 3.56
batch elapsed: 3.57
batch elapsed: 3.53
batch elapsed: 3.61
batch elapsed: 3.58
batch elapsed: 3.57
batch elapsed: 3.56
batch elapsed: 3.56
batch elapsed: 3.60
batch elapsed: 3.59
batch elapsed: 3.56
batch elapsed: 3.56
batch elapsed: 3.54
batch elapsed: 3.58
batch elapsed: 3.53
batch elapsed: 3.52
batch elapsed: 3.63
batch elapsed: 3.55
batch elapsed: 3.57
batch elapsed: 3.56
batch elapsed: 3.51
batch elapsed: 3.55
batch elapsed: 3.58
batch elapsed: 3.54
batch elapsed: 3.57
batch elapsed: 3.59
batch elapsed: 3.62
batch elapsed: 3.57
batch elapsed: 3.59
batch elapsed: 3.58
batch elapsed: 3.55
batch elapsed: 3.57
batch elapsed: 3.58
batch elapsed: 3.60
batch elapsed: 3.53
batch elapsed: 3.54
batch elapsed: 3.48
batch elapsed: 3.52
batch elapsed: 3.54
batch elapsed: 3.61
batch elapsed: 4.55
batch elapsed: 3.57
batch elapsed: 3.56
batch elapsed: 3.54
batch elapsed: 3.52
batch elapsed: 3.57
batch elapsed: 3.51
batch elapsed: 3.59
batch elapsed: 3.56
batch elapsed: 3.51
batch elapsed: 3.62
batch elapsed: 3.49
batch elapsed: 3.54
batch elapsed: 3.55
batch elapsed: 3.58
batch elapsed: 3.57
batch elapsed: 3.57
batch elapsed: 3.54
batch elapsed: 3.54
batch elapsed: 3.56
batch elapsed: 3.57
batch elapsed: 3.57
batch elapsed: 3.56
batch elapsed: 3.57
batch elapsed: 3.55
batch elapsed: 3.53
batch elapsed: 3.60
batch elapsed: 3.59
batch elapsed: 3.56
batch elapsed: 3.56
batch elapsed: 3.56
batch elapsed: 3.52
batch elapsed: 3.57
batch elapsed: 3.55
batch elapsed: 3.57
batch elapsed: 3.54
batch elapsed: 3.56
batch elapsed: 3.57
batch elapsed: 3.54
batch elapsed: 3.55
batch elapsed: 3.54
batch elapsed: 3.60
batch elapsed: 3.56
batch elapsed: 3.55
batch elapsed: 3.58
batch elapsed: 3.57
batch elapsed: 3.58
batch elapsed: 3.61
batch elapsed: 3.50
batch elapsed: 3.51
batch elapsed: 3.59
batch elapsed: 3.59
batch elapsed: 3.56
batch elapsed: 3.57
batch elapsed: 3.58
batch elapsed: 3.53
batch elapsed: 3.55
batch elapsed: 3.45
batch elapsed: 3.53
batch elapsed: 3.60
batch elapsed: 3.56
batch elapsed: 3.54
batch elapsed: 3.56
batch elapsed: 3.62
batch elapsed: 3.54
batch elapsed: 3.56
batch elapsed: 3.63
batch elapsed: 3.54
batch elapsed: 3.55
batch elapsed: 3.57
batch elapsed: 3.60
batch elapsed: 3.60
batch elapsed: 3.53
batch elapsed: 3.53
batch elapsed: 3.55
batch elapsed: 3.50
batch elapsed: 3.57
batch elapsed: 3.57
batch elapsed: 3.58
batch elapsed: 3.56
batch elapsed: 3.58
batch elapsed: 3.43
batch elapsed: 3.51
batch elapsed: 3.55
batch elapsed: 3.58
batch elapsed: 3.56
batch elapsed: 3.57
batch elapsed: 3.59
batch elapsed: 3.57
batch elapsed: 3.53
batch elapsed: 3.54
batch elapsed: 3.52
batch elapsed: 3.55
batch elapsed: 3.64
batch elapsed: 3.58
batch elapsed: 3.53
batch elapsed: 3.58
batch elapsed: 3.60
batch elapsed: 3.57
batch elapsed: 3.54
batch elapsed: 3.56
batch elapsed: 3.57
batch elapsed: 3.58
batch elapsed: 3.57
batch elapsed: 3.54
batch elapsed: 3.55
batch elapsed: 3.56
batch elapsed: 3.55
batch elapsed: 3.59
batch elapsed: 3.55
batch elapsed: 3.55
batch elapsed: 3.50
batch elapsed: 3.60
batch elapsed: 3.67
batch elapsed: 4.53
batch elapsed: 4.60
batch elapsed: 4.71
batch elapsed: 4.76
batch elapsed: 4.57
batch elapsed: 4.56
batch elapsed: 4.71
batch elapsed: 4.48
batch elapsed: 4.53
batch elapsed: 4.84
batch elapsed: 4.69
batch elapsed: 4.56
batch elapsed: 4.65
batch elapsed: 4.63
batch elapsed: 4.68
batch elapsed: 4.66
batch elapsed: 4.57
batch elapsed: 3.60
batch elapsed: 3.54
batch elapsed: 3.52
batch elapsed: 3.54
batch elapsed: 3.51
batch elapsed: 3.54
batch elapsed: 3.55
batch elapsed: 3.55
batch elapsed: 3.58
batch elapsed: 3.55
batch elapsed: 3.56
batch elapsed: 3.57
batch elapsed: 3.54
batch elapsed: 3.55
batch elapsed: 3.61
batch elapsed: 3.52
batch elapsed: 3.53
batch elapsed: 3.56
batch elapsed: 3.55
batch elapsed: 3.59
batch elapsed: 3.55
batch elapsed: 3.56
batch elapsed: 3.58
batch elapsed: 3.56
batch elapsed: 3.58
batch elapsed: 3.48
batch elapsed: 3.57
batch elapsed: 3.56
batch elapsed: 3.55
batch elapsed: 3.56
batch elapsed: 3.56
batch elapsed: 3.56
batch elapsed: 3.64
batch elapsed: 3.57
batch elapsed: 3.58
batch elapsed: 3.65
batch elapsed: 3.55
batch elapsed: 3.56
batch elapsed: 3.56
batch elapsed: 3.55
batch elapsed: 3.57
batch elapsed: 3.59
batch elapsed: 3.55
batch elapsed: 3.64
batch elapsed: 3.55
batch elapsed: 3.56
batch elapsed: 3.52
batch elapsed: 3.60
batch elapsed: 3.58
batch elapsed: 3.57
batch elapsed: 3.55
batch elapsed: 3.58
batch elapsed: 3.53
batch elapsed: 3.54
batch elapsed: 3.54
batch elapsed: 3.61
batch elapsed: 3.59
batch elapsed: 3.49
batch elapsed: 3.53
batch elapsed: 3.53
batch elapsed: 3.54
batch elapsed: 3.57
batch elapsed: 3.58
batch elapsed: 3.57
batch elapsed: 3.56
batch elapsed: 3.59
batch elapsed: 3.61
batch elapsed: 3.63
batch elapsed: 3.58
batch elapsed: 3.57
batch elapsed: 3.54
batch elapsed: 3.56
batch elapsed: 3.62
batch elapsed: 3.68
batch elapsed: 3.61
batch elapsed: 3.58
batch elapsed: 3.58
batch elapsed: 3.59
batch elapsed: 3.55
batch elapsed: 3.56
batch elapsed: 3.59
batch elapsed: 3.57
batch elapsed: 3.61
batch elapsed: 3.55
batch elapsed: 3.58
batch elapsed: 3.60
batch elapsed: 3.60
batch elapsed: 4.24
batch elapsed: 3.84
batch elapsed: 3.58
batch elapsed: 3.62
batch elapsed: 3.61
batch elapsed: 3.56
batch elapsed: 3.57
batch elapsed: 3.56
batch elapsed: 3.60
batch elapsed: 3.59
batch elapsed: 3.58
batch elapsed: 3.58
batch elapsed: 3.56
batch elapsed: 3.45
batch elapsed: 3.52
batch elapsed: 3.45
batch elapsed: 3.53
batch elapsed: 3.58
batch elapsed: 3.61
batch elapsed: 3.60
batch elapsed: 3.56
batch elapsed: 3.60
batch elapsed: 3.57
batch elapsed: 3.61
batch elapsed: 3.60
batch elapsed: 3.63
batch elapsed: 3.61
batch elapsed: 3.63
batch elapsed: 3.58
batch elapsed: 3.62
batch elapsed: 3.57
batch elapsed: 3.60
batch elapsed: 3.56
batch elapsed: 3.54
batch elapsed: 3.59
batch elapsed: 3.58
batch elapsed: 3.58
batch elapsed: 3.59
batch elapsed: 3.57
batch elapsed: 3.59
batch elapsed: 3.60
batch elapsed: 3.59
batch elapsed: 3.59
batch elapsed: 3.57
batch elapsed: 3.57
batch elapsed: 3.59
batch elapsed: 3.57
batch elapsed: 3.61
batch elapsed: 3.53
batch elapsed: 3.59
batch elapsed: 3.59
batch elapsed: 3.54
batch elapsed: 3.58
batch elapsed: 3.51
batch elapsed: 3.39
batch elapsed: 3.59
batch elapsed: 3.49
batch elapsed: 3.56
batch elapsed: 3.60
batch elapsed: 3.61
batch elapsed: 3.57
batch elapsed: 3.60
batch elapsed: 3.58
batch elapsed: 3.60
batch elapsed: 3.62
batch elapsed: 3.58
batch elapsed: 3.55
batch elapsed: 3.60
batch elapsed: 3.57
batch elapsed: 3.42
batch elapsed: 3.59
batch elapsed: 3.57
batch elapsed: 3.59
batch elapsed: 3.57
batch elapsed: 3.55
batch elapsed: 3.55
batch elapsed: 3.60
batch elapsed: 3.61
batch elapsed: 3.54
batch elapsed: 3.53
batch elapsed: 3.55
batch elapsed: 3.54
batch elapsed: 3.64
batch elapsed: 3.56
batch elapsed: 3.67
batch elapsed: 3.56
batch elapsed: 3.58
batch elapsed: 3.57
batch elapsed: 3.55
batch elapsed: 3.56
batch elapsed: 3.54
batch elapsed: 3.54
batch elapsed: 3.56
batch elapsed: 3.60
batch elapsed: 3.55
batch elapsed: 3.59
batch elapsed: 3.55
batch elapsed: 3.57
batch elapsed: 3.56
batch elapsed: 3.58
batch elapsed: 3.55
batch elapsed: 3.55
batch elapsed: 3.52
batch elapsed: 3.59
batch elapsed: 3.59
batch elapsed: 3.55
batch elapsed: 3.56
batch elapsed: 3.49
batch elapsed: 3.56
batch elapsed: 3.52
batch elapsed: 3.55
batch elapsed: 3.59
batch elapsed: 3.62
batch elapsed: 3.62
batch elapsed: 3.54
batch elapsed: 3.59
batch elapsed: 3.57
batch elapsed: 3.50
batch elapsed: 3.59
batch elapsed: 3.55
batch elapsed: 3.58
batch elapsed: 3.56
batch elapsed: 3.59
batch elapsed: 3.58
batch elapsed: 3.55
batch elapsed: 3.53
batch elapsed: 3.62
batch elapsed: 3.55
batch elapsed: 3.55
batch elapsed: 3.61
batch elapsed: 3.60
batch elapsed: 3.59
batch elapsed: 3.60
batch elapsed: 3.57
batch elapsed: 3.57
batch elapsed: 3.54
batch elapsed: 3.61
batch elapsed: 3.62
batch elapsed: 3.60
batch elapsed: 3.59
batch elapsed: 3.53
batch elapsed: 3.62
batch elapsed: 3.54
batch elapsed: 3.55
batch elapsed: 3.58
batch elapsed: 3.59
batch elapsed: 3.61
batch elapsed: 3.60
batch elapsed: 3.55
batch elapsed: 3.58
batch elapsed: 3.58
batch elapsed: 3.54
batch elapsed: 3.55
batch elapsed: 3.55
batch elapsed: 3.58
batch elapsed: 3.56
batch elapsed: 3.58
batch elapsed: 3.57
batch elapsed: 3.56
batch elapsed: 3.57
batch elapsed: 3.51
batch elapsed: 3.47
batch elapsed: 3.55
batch elapsed: 3.53
batch elapsed: 3.59
batch elapsed: 3.56
batch elapsed: 3.59
batch elapsed: 3.59
batch elapsed: 3.49
batch elapsed: 3.56
batch elapsed: 3.52
batch elapsed: 3.56
batch elapsed: 3.60
batch elapsed: 3.52
batch elapsed: 3.54
batch elapsed: 3.55
batch elapsed: 3.57
batch elapsed: 3.58
batch elapsed: 3.57
batch elapsed: 3.54
batch elapsed: 3.54
batch elapsed: 3.58
batch elapsed: 3.55
batch elapsed: 3.55
batch elapsed: 3.48
batch elapsed: 3.47
batch elapsed: 3.58
batch elapsed: 3.56
batch elapsed: 3.57
batch elapsed: 3.58
batch elapsed: 3.59
batch elapsed: 3.56
batch elapsed: 3.56
batch elapsed: 3.56
batch elapsed: 3.54
batch elapsed: 3.61
batch elapsed: 3.54
batch elapsed: 3.56
batch elapsed: 3.60
batch elapsed: 3.54
batch elapsed: 3.50
batch elapsed: 3.56
batch elapsed: 3.55
batch elapsed: 3.57
batch elapsed: 3.58
batch elapsed: 3.57
batch elapsed: 3.58
batch elapsed: 3.54
batch elapsed: 3.55
batch elapsed: 3.58
batch elapsed: 3.58
batch elapsed: 3.55
batch elapsed: 3.60
batch elapsed: 3.58
batch elapsed: 3.63
batch elapsed: 3.53
batch elapsed: 3.56
batch elapsed: 3.58
batch elapsed: 3.57
batch elapsed: 3.57
batch elapsed: 3.56
Eval num_timesteps=57000, episode_reward=3.14 +/- 24.77
Episode length: 1000.00 +/- 0.00
-----------------------------------
| eval/              |            |
|    mean_ep_length  | 1e+03      |
|    mean_reward     | 3.14       |
| time/              |            |
|    total_timesteps | 57000      |
| train/             |            |
|    actor_loss      | -1.7310662 |
|    critic_loss     | 0.144      |
|    d_learning_rate | 0.0005     |
|    dstb_ent_coef   | 0.00184    |
|    ent_coef        | 0.0938     |
|    ent_coef_loss   | -0.595     |
|    n_updates       | 447936     |
|    u_learning_rate | 0.0001     |
|    v_learning_rate | 0.001      |
-----------------------------------
batch elapsed: 3.59
batch elapsed: 3.57
batch elapsed: 3.59
batch elapsed: 3.56
batch elapsed: 3.51
batch elapsed: 3.51
batch elapsed: 3.61
batch elapsed: 3.56
batch elapsed: 3.58
batch elapsed: 3.61
batch elapsed: 3.56
batch elapsed: 3.55
batch elapsed: 3.60
batch elapsed: 3.59
batch elapsed: 3.57
batch elapsed: 3.53
batch elapsed: 3.58
batch elapsed: 3.60
batch elapsed: 3.55
batch elapsed: 3.58
batch elapsed: 3.55
batch elapsed: 3.58
batch elapsed: 3.50
batch elapsed: 3.32
batch elapsed: 3.54
batch elapsed: 3.58
batch elapsed: 3.59
batch elapsed: 3.63
batch elapsed: 3.57
batch elapsed: 3.61
batch elapsed: 3.60
batch elapsed: 3.57
batch elapsed: 3.58
batch elapsed: 3.57
batch elapsed: 3.54
batch elapsed: 3.58
batch elapsed: 3.58
batch elapsed: 3.53
batch elapsed: 3.54
batch elapsed: 3.57
batch elapsed: 3.52
batch elapsed: 3.55
batch elapsed: 3.58
batch elapsed: 3.59
batch elapsed: 3.58
batch elapsed: 3.62
batch elapsed: 3.59
batch elapsed: 3.56
batch elapsed: 3.55
batch elapsed: 3.55
batch elapsed: 3.56
batch elapsed: 3.56
batch elapsed: 3.57
batch elapsed: 3.57
batch elapsed: 3.58
batch elapsed: 3.62
batch elapsed: 3.57
batch elapsed: 3.56
batch elapsed: 3.53
batch elapsed: 3.57
batch elapsed: 3.54
batch elapsed: 3.54
batch elapsed: 3.55
batch elapsed: 3.59
batch elapsed: 3.57
batch elapsed: 3.55
batch elapsed: 3.59
batch elapsed: 3.59
batch elapsed: 3.34
batch elapsed: 3.55
batch elapsed: 3.56
batch elapsed: 3.65
batch elapsed: 3.55
batch elapsed: 3.55
batch elapsed: 3.52
batch elapsed: 3.64
batch elapsed: 3.63
batch elapsed: 3.61
batch elapsed: 3.62
batch elapsed: 3.56
batch elapsed: 3.58
batch elapsed: 3.63
batch elapsed: 3.58
batch elapsed: 3.57
batch elapsed: 3.52
batch elapsed: 3.61
batch elapsed: 3.57
batch elapsed: 3.54
batch elapsed: 3.53
batch elapsed: 3.50
batch elapsed: 3.56
batch elapsed: 3.54
batch elapsed: 3.55
batch elapsed: 3.59
batch elapsed: 3.53
batch elapsed: 3.59
batch elapsed: 3.62
batch elapsed: 3.55
batch elapsed: 3.61
batch elapsed: 3.54
batch elapsed: 3.58
batch elapsed: 3.60
batch elapsed: 3.54
batch elapsed: 3.56
batch elapsed: 3.56
batch elapsed: 3.59
batch elapsed: 3.53
batch elapsed: 3.56
batch elapsed: 3.56
batch elapsed: 3.58
batch elapsed: 3.55
batch elapsed: 3.56
batch elapsed: 3.54
batch elapsed: 3.56
batch elapsed: 3.61
batch elapsed: 3.55
batch elapsed: 3.58
batch elapsed: 3.54
batch elapsed: 3.59
batch elapsed: 3.51
batch elapsed: 3.49
batch elapsed: 3.52
batch elapsed: 3.55
batch elapsed: 3.50
batch elapsed: 3.35
batch elapsed: 3.58
batch elapsed: 3.61
batch elapsed: 3.57
batch elapsed: 3.55
batch elapsed: 3.55
batch elapsed: 3.57
batch elapsed: 3.60
batch elapsed: 3.55
batch elapsed: 3.46
batch elapsed: 3.55
batch elapsed: 3.56
batch elapsed: 3.57
batch elapsed: 3.57
batch elapsed: 3.54
batch elapsed: 3.51
batch elapsed: 3.56
batch elapsed: 3.54
batch elapsed: 3.54
batch elapsed: 3.57
batch elapsed: 3.55
batch elapsed: 3.60
batch elapsed: 3.54
batch elapsed: 3.58
batch elapsed: 3.58
batch elapsed: 3.58
batch elapsed: 3.59
batch elapsed: 3.60
batch elapsed: 3.56
batch elapsed: 3.56
batch elapsed: 3.55
batch elapsed: 3.56
batch elapsed: 3.57
batch elapsed: 3.57
batch elapsed: 3.61
batch elapsed: 3.54
batch elapsed: 3.56
batch elapsed: 3.52
batch elapsed: 3.59
batch elapsed: 3.57
batch elapsed: 3.57
batch elapsed: 3.58
batch elapsed: 3.57
batch elapsed: 3.53
batch elapsed: 3.59
batch elapsed: 3.57
batch elapsed: 3.53
batch elapsed: 3.59
batch elapsed: 3.41
batch elapsed: 3.55
batch elapsed: 3.60
batch elapsed: 3.58
batch elapsed: 3.57
batch elapsed: 3.59
batch elapsed: 3.56
batch elapsed: 3.57
batch elapsed: 3.51
batch elapsed: 3.49
Eval num_timesteps=57000, episode_reward=-104.30 +/- 1.85
Episode length: 1000.00 +/- 0.00
-----------------------------------
| eval/              |            |
|    mean_ep_length  | 1e+03      |
|    mean_reward     | -104       |
| time/              |            |
|    total_timesteps | 57000      |
| train/             |            |
|    actor_loss      | -1.0760361 |
|    critic_loss     | 0.136      |
|    d_learning_rate | 0.0005     |
|    dstb_ent_coef   | 0.0177     |
|    ent_coef        | 0.0111     |
|    ent_coef_loss   | -1.49      |
|    n_updates       | 447936     |
|    u_learning_rate | 0.0001     |
|    v_learning_rate | 0.001      |
-----------------------------------
batch elapsed: 3.58
batch elapsed: 3.59
batch elapsed: 3.56
batch elapsed: 3.59
batch elapsed: 3.55
batch elapsed: 3.68
batch elapsed: 3.55
batch elapsed: 3.57
batch elapsed: 3.54
batch elapsed: 3.56
batch elapsed: 3.55
batch elapsed: 3.61
batch elapsed: 3.63
batch elapsed: 3.58
batch elapsed: 3.50
batch elapsed: 3.49
batch elapsed: 3.60
batch elapsed: 3.56
batch elapsed: 3.57
batch elapsed: 3.50
batch elapsed: 3.57
batch elapsed: 3.57
batch elapsed: 3.54
batch elapsed: 3.53
batch elapsed: 3.54
batch elapsed: 3.56
batch elapsed: 3.55
batch elapsed: 3.56
batch elapsed: 3.62
batch elapsed: 3.58
batch elapsed: 3.59
batch elapsed: 3.57
batch elapsed: 3.57
batch elapsed: 3.54
batch elapsed: 3.59
batch elapsed: 3.55
batch elapsed: 3.54
batch elapsed: 3.48
batch elapsed: 3.57
batch elapsed: 3.52
batch elapsed: 3.57
batch elapsed: 3.57
batch elapsed: 3.67
batch elapsed: 3.56
batch elapsed: 3.66
batch elapsed: 3.55
batch elapsed: 3.55
batch elapsed: 3.57
batch elapsed: 3.57
batch elapsed: 3.58
batch elapsed: 3.55
batch elapsed: 3.58
batch elapsed: 3.57
batch elapsed: 3.59
batch elapsed: 3.50
batch elapsed: 3.57
batch elapsed: 3.57
batch elapsed: 3.57
batch elapsed: 3.57
batch elapsed: 3.54
batch elapsed: 3.53
batch elapsed: 3.57
batch elapsed: 3.59
batch elapsed: 3.56
batch elapsed: 3.56
batch elapsed: 3.57
batch elapsed: 3.58
batch elapsed: 3.64
batch elapsed: 3.54
batch elapsed: 3.59
batch elapsed: 3.62
batch elapsed: 3.56
batch elapsed: 3.53
batch elapsed: 3.54
batch elapsed: 3.57
batch elapsed: 3.61
batch elapsed: 3.57
batch elapsed: 3.65
batch elapsed: 3.60
batch elapsed: 3.50
batch elapsed: 3.60
batch elapsed: 3.47
batch elapsed: 3.55
batch elapsed: 3.53
batch elapsed: 3.61
batch elapsed: 3.57
batch elapsed: 3.55
batch elapsed: 3.55
batch elapsed: 3.59
batch elapsed: 3.55
batch elapsed: 3.60
batch elapsed: 3.55
batch elapsed: 3.58
batch elapsed: 3.54
batch elapsed: 3.62
batch elapsed: 3.56
batch elapsed: 3.58
batch elapsed: 3.61
batch elapsed: 3.57
batch elapsed: 3.62
batch elapsed: 3.55
batch elapsed: 3.51
batch elapsed: 3.56
batch elapsed: 3.56
batch elapsed: 3.52
batch elapsed: 3.54
batch elapsed: 3.56
batch elapsed: 3.58
batch elapsed: 3.63
batch elapsed: 3.53
batch elapsed: 3.57
batch elapsed: 3.54
batch elapsed: 3.55
batch elapsed: 3.54
batch elapsed: 3.58
batch elapsed: 3.57
batch elapsed: 3.56
batch elapsed: 3.58
batch elapsed: 3.48
batch elapsed: 3.48
batch elapsed: 3.55
batch elapsed: 3.54
batch elapsed: 3.58
batch elapsed: 3.57
batch elapsed: 3.58
batch elapsed: 3.60
batch elapsed: 3.55
batch elapsed: 3.57
batch elapsed: 3.55
batch elapsed: 3.58
batch elapsed: 3.59
batch elapsed: 3.55
batch elapsed: 3.53
batch elapsed: 3.53
batch elapsed: 3.56
batch elapsed: 3.60
batch elapsed: 3.56
batch elapsed: 3.53
batch elapsed: 3.55
batch elapsed: 3.57
batch elapsed: 3.54
batch elapsed: 3.55
batch elapsed: 3.56
batch elapsed: 3.53
batch elapsed: 3.60
batch elapsed: 3.54
batch elapsed: 3.59
batch elapsed: 3.57
batch elapsed: 3.60
batch elapsed: 3.58
batch elapsed: 3.55
batch elapsed: 3.55
batch elapsed: 3.55
batch elapsed: 3.52
batch elapsed: 3.56
batch elapsed: 3.57
batch elapsed: 3.53
batch elapsed: 3.56
batch elapsed: 3.55
batch elapsed: 3.57
batch elapsed: 3.52
batch elapsed: 3.59
batch elapsed: 3.57
batch elapsed: 3.56
batch elapsed: 3.58
batch elapsed: 3.56
batch elapsed: 3.54
batch elapsed: 3.59
batch elapsed: 3.62
batch elapsed: 3.56
batch elapsed: 3.60
batch elapsed: 3.68
batch elapsed: 3.56
batch elapsed: 3.61
batch elapsed: 3.53
batch elapsed: 3.59
batch elapsed: 3.57
batch elapsed: 3.56
batch elapsed: 3.56
batch elapsed: 3.49
batch elapsed: 3.43
batch elapsed: 3.41
Eval num_timesteps=57000, episode_reward=-34.10 +/- 2.07
Episode length: 1000.00 +/- 0.00
-----------------------------------
| eval/              |            |
|    mean_ep_length  | 1e+03      |
|    mean_reward     | -34.1      |
| time/              |            |
|    total_timesteps | 57000      |
| train/             |            |
|    actor_loss      | -0.9671976 |
|    critic_loss     | 0.13       |
|    d_learning_rate | 0.0005     |
|    dstb_ent_coef   | 0.000739   |
|    ent_coef        | 0.0642     |
|    ent_coef_loss   | 0.72       |
|    n_updates       | 447936     |
|    u_learning_rate | 0.0001     |
|    v_learning_rate | 0.001      |
-----------------------------------
batch elapsed: 3.56
batch elapsed: 3.58
batch elapsed: 3.55
batch elapsed: 3.61
batch elapsed: 3.58
batch elapsed: 3.55
batch elapsed: 3.55
batch elapsed: 3.59
batch elapsed: 3.52
batch elapsed: 3.60
batch elapsed: 3.60
batch elapsed: 3.57
batch elapsed: 3.55
batch elapsed: 3.47
batch elapsed: 3.59
batch elapsed: 3.56
batch elapsed: 3.57
batch elapsed: 3.56
batch elapsed: 3.56
batch elapsed: 3.58
batch elapsed: 3.70
batch elapsed: 3.54
batch elapsed: 3.64
batch elapsed: 3.64
batch elapsed: 3.65
batch elapsed: 3.55
batch elapsed: 3.67
batch elapsed: 3.61
batch elapsed: 3.56
batch elapsed: 3.58
batch elapsed: 3.57
batch elapsed: 3.54
batch elapsed: 3.60
batch elapsed: 3.57
batch elapsed: 3.53
batch elapsed: 3.54
batch elapsed: 3.57
batch elapsed: 3.51
batch elapsed: 3.55
batch elapsed: 3.58
batch elapsed: 3.60
batch elapsed: 3.58
batch elapsed: 3.51
batch elapsed: 3.53
batch elapsed: 3.56
batch elapsed: 3.57
batch elapsed: 3.55
batch elapsed: 3.55
batch elapsed: 3.55
batch elapsed: 3.57
batch elapsed: 3.58
batch elapsed: 3.57
batch elapsed: 3.57
batch elapsed: 3.51
batch elapsed: 3.57
batch elapsed: 3.59
batch elapsed: 3.56
batch elapsed: 3.55
batch elapsed: 3.54
batch elapsed: 3.55
batch elapsed: 3.60
batch elapsed: 3.57
batch elapsed: 3.55
batch elapsed: 3.57
batch elapsed: 3.55
batch elapsed: 3.62
batch elapsed: 3.54
batch elapsed: 3.58
batch elapsed: 3.65
batch elapsed: 3.59
batch elapsed: 3.55
batch elapsed: 3.58
batch elapsed: 3.58
batch elapsed: 3.56
batch elapsed: 3.57
batch elapsed: 3.62
batch elapsed: 3.62
batch elapsed: 3.56
batch elapsed: 3.58
batch elapsed: 3.57
batch elapsed: 3.54
batch elapsed: 3.54
batch elapsed: 3.60
batch elapsed: 3.57
batch elapsed: 3.55
batch elapsed: 3.51
batch elapsed: 3.52
batch elapsed: 3.55
batch elapsed: 3.56
batch elapsed: 3.54
batch elapsed: 3.58
batch elapsed: 3.53
batch elapsed: 3.60
batch elapsed: 3.60
batch elapsed: 3.56
batch elapsed: 3.61
batch elapsed: 3.61
batch elapsed: 3.63
batch elapsed: 3.60
batch elapsed: 3.55
batch elapsed: 3.55
batch elapsed: 3.56
batch elapsed: 3.59
batch elapsed: 3.54
batch elapsed: 3.56
batch elapsed: 3.57
batch elapsed: 3.58
batch elapsed: 3.54
batch elapsed: 3.57
batch elapsed: 3.54
batch elapsed: 3.55
batch elapsed: 3.55
batch elapsed: 3.56
batch elapsed: 3.57
batch elapsed: 3.56
batch elapsed: 3.58
batch elapsed: 3.43
batch elapsed: 3.39
batch elapsed: 3.46
batch elapsed: 3.56
batch elapsed: 3.60
batch elapsed: 3.58
batch elapsed: 3.58
batch elapsed: 3.60
batch elapsed: 3.56
batch elapsed: 3.55
batch elapsed: 3.55
batch elapsed: 3.59
batch elapsed: 3.60
batch elapsed: 3.55
batch elapsed: 3.53
batch elapsed: 3.53
batch elapsed: 3.57
batch elapsed: 3.57
batch elapsed: 3.57
batch elapsed: 3.54
batch elapsed: 3.57
batch elapsed: 3.55
batch elapsed: 3.57
batch elapsed: 3.59
batch elapsed: 3.56
batch elapsed: 3.54
batch elapsed: 3.60
batch elapsed: 3.54
batch elapsed: 3.58
batch elapsed: 3.58
batch elapsed: 3.58
batch elapsed: 3.59
batch elapsed: 3.49
batch elapsed: 3.55
batch elapsed: 3.50
batch elapsed: 3.57
batch elapsed: 3.56
batch elapsed: 3.57
batch elapsed: 3.58
batch elapsed: 3.59
batch elapsed: 3.54
batch elapsed: 3.57
batch elapsed: 3.53
batch elapsed: 3.58
batch elapsed: 3.56
batch elapsed: 3.57
batch elapsed: 3.58
batch elapsed: 3.59
batch elapsed: 3.54
batch elapsed: 3.66
batch elapsed: 3.60
batch elapsed: 3.57
batch elapsed: 3.56
batch elapsed: 3.65
batch elapsed: 3.57
batch elapsed: 3.56
batch elapsed: 3.57
batch elapsed: 3.59
batch elapsed: 3.58
batch elapsed: 3.57
batch elapsed: 3.56
batch elapsed: 3.51
batch elapsed: 3.46
batch elapsed: 3.32
batch elapsed: 3.27
batch elapsed: 3.26
Eval num_timesteps=57000, episode_reward=104.87 +/- 15.48
Episode length: 1000.00 +/- 0.00
-----------------------------------
| eval/              |            |
|    mean_ep_length  | 1e+03      |
|    mean_reward     | 105        |
| time/              |            |
|    total_timesteps | 57000      |
| train/             |            |
|    actor_loss      | -1.5648067 |
|    critic_loss     | 0.128      |
|    d_learning_rate | 0.0005     |
|    dstb_ent_coef   | 0.0125     |
|    ent_coef        | 0.108      |
|    ent_coef_loss   | -0.215     |
|    n_updates       | 447936     |
|    u_learning_rate | 0.0001     |
|    v_learning_rate | 0.001      |
-----------------------------------
batch elapsed: 3.57
batch elapsed: 3.57
batch elapsed: 3.60
batch elapsed: 3.57
batch elapsed: 3.56
batch elapsed: 3.56
batch elapsed: 3.58
batch elapsed: 3.53
batch elapsed: 3.60
batch elapsed: 3.58
batch elapsed: 3.58
batch elapsed: 3.55
batch elapsed: 3.52
batch elapsed: 3.59
batch elapsed: 3.57
batch elapsed: 3.56
batch elapsed: 3.56
batch elapsed: 3.57
batch elapsed: 3.56
batch elapsed: 3.66
batch elapsed: 3.54
batch elapsed: 3.58
batch elapsed: 3.58
batch elapsed: 3.55
batch elapsed: 3.55
batch elapsed: 3.56
batch elapsed: 3.60
batch elapsed: 3.55
batch elapsed: 3.59
batch elapsed: 3.57
batch elapsed: 3.55
batch elapsed: 3.58
batch elapsed: 3.64
batch elapsed: 3.54
batch elapsed: 3.55
batch elapsed: 3.54
batch elapsed: 3.54
batch elapsed: 3.55
batch elapsed: 3.58
batch elapsed: 3.57
batch elapsed: 3.59
batch elapsed: 3.52
batch elapsed: 3.59
batch elapsed: 3.55
batch elapsed: 3.56
batch elapsed: 3.55
batch elapsed: 3.55
batch elapsed: 3.55
batch elapsed: 3.56
batch elapsed: 3.57
batch elapsed: 3.58
batch elapsed: 3.56
batch elapsed: 3.58
batch elapsed: 3.44
batch elapsed: 3.54
batch elapsed: 3.56
batch elapsed: 3.54
batch elapsed: 3.55
batch elapsed: 3.53
batch elapsed: 3.59
batch elapsed: 3.58
batch elapsed: 3.55
batch elapsed: 3.57
batch elapsed: 3.63
batch elapsed: 3.62
batch elapsed: 3.57
batch elapsed: 3.57
batch elapsed: 3.66
batch elapsed: 3.51
batch elapsed: 3.55
batch elapsed: 3.67
batch elapsed: 3.63
batch elapsed: 3.57
batch elapsed: 3.55
batch elapsed: 3.46
batch elapsed: 3.55
batch elapsed: 3.54
batch elapsed: 3.55
batch elapsed: 3.59
batch elapsed: 3.57
batch elapsed: 3.50
batch elapsed: 3.61
batch elapsed: 3.63
batch elapsed: 3.56
batch elapsed: 3.57
batch elapsed: 3.59
batch elapsed: 3.59
batch elapsed: 3.59
batch elapsed: 3.55
batch elapsed: 3.58
batch elapsed: 3.53
batch elapsed: 3.60
batch elapsed: 3.61
batch elapsed: 3.44
batch elapsed: 3.60
batch elapsed: 3.59
batch elapsed: 3.58
batch elapsed: 3.61
batch elapsed: 3.49
batch elapsed: 3.55
batch elapsed: 3.56
batch elapsed: 3.53
batch elapsed: 3.53
batch elapsed: 3.57
batch elapsed: 3.56
batch elapsed: 3.54
batch elapsed: 3.54
batch elapsed: 3.57
batch elapsed: 3.59
batch elapsed: 3.54
batch elapsed: 3.55
batch elapsed: 3.56
batch elapsed: 3.57
batch elapsed: 3.56
batch elapsed: 3.58
batch elapsed: 3.51
batch elapsed: 3.45
batch elapsed: 3.50
batch elapsed: 3.56
batch elapsed: 3.54
batch elapsed: 3.58
batch elapsed: 3.57
batch elapsed: 3.61
batch elapsed: 3.55
batch elapsed: 3.56
batch elapsed: 3.56
batch elapsed: 3.58
batch elapsed: 3.59
batch elapsed: 3.56
batch elapsed: 3.51
batch elapsed: 3.54
batch elapsed: 3.56
batch elapsed: 3.58
batch elapsed: 3.63
batch elapsed: 3.54
batch elapsed: 3.57
batch elapsed: 3.59
batch elapsed: 3.57
batch elapsed: 3.55
batch elapsed: 3.55
batch elapsed: 3.55
batch elapsed: 3.59
batch elapsed: 3.56
batch elapsed: 3.57
batch elapsed: 3.59
batch elapsed: 3.56
batch elapsed: 3.59
batch elapsed: 3.61
batch elapsed: 3.54
batch elapsed: 3.56
batch elapsed: 3.55
batch elapsed: 3.62
batch elapsed: 3.57
batch elapsed: 3.56
batch elapsed: 3.60
batch elapsed: 3.54
batch elapsed: 3.56
batch elapsed: 3.53
batch elapsed: 3.58
batch elapsed: 3.57
batch elapsed: 3.57
batch elapsed: 3.57
batch elapsed: 3.58
batch elapsed: 3.52
batch elapsed: 3.58
batch elapsed: 3.58
batch elapsed: 3.57
batch elapsed: 3.50
batch elapsed: 3.43
batch elapsed: 3.58
batch elapsed: 3.54
batch elapsed: 3.53
batch elapsed: 3.57
batch elapsed: 3.59
batch elapsed: 3.56
batch elapsed: 3.56
batch elapsed: 3.52
batch elapsed: 3.44
batch elapsed: 3.37
batch elapsed: 3.31
batch elapsed: 3.22
batch elapsed: 3.23
Eval num_timesteps=57000, episode_reward=5.33 +/- 92.93
Episode length: 1000.00 +/- 0.00
-------------------------------------
| eval/              |              |
|    mean_ep_length  | 1e+03        |
|    mean_reward     | 5.33         |
| time/              |              |
|    total_timesteps | 57000        |
| train/             |              |
|    actor_loss      | -0.024621375 |
|    critic_loss     | 0.188        |
|    d_learning_rate | 0.0005       |
|    dstb_ent_coef   | 1.6e-10      |
|    ent_coef        | 5.99e-09     |
|    ent_coef_loss   | 1.82         |
|    n_updates       | 447936       |
|    u_learning_rate | 0.0001       |
|    v_learning_rate | 0.001        |
-------------------------------------
batch elapsed: 3.22
batch elapsed: 3.28
batch elapsed: 3.40
batch elapsed: 3.10
batch elapsed: 3.44
batch elapsed: 3.56
batch elapsed: 3.54
batch elapsed: 3.55
batch elapsed: 3.56
batch elapsed: 3.57
batch elapsed: 3.54
batch elapsed: 3.58
batch elapsed: 3.58
batch elapsed: 3.59
batch elapsed: 3.58
batch elapsed: 3.53
batch elapsed: 3.52
batch elapsed: 3.59
batch elapsed: 3.54
batch elapsed: 3.59
batch elapsed: 3.59
batch elapsed: 3.59
batch elapsed: 3.55
batch elapsed: 3.56
batch elapsed: 3.53
batch elapsed: 3.57
batch elapsed: 3.53
batch elapsed: 3.58
batch elapsed: 3.55
batch elapsed: 3.58
batch elapsed: 3.58
batch elapsed: 3.61
batch elapsed: 3.59
batch elapsed: 3.58
batch elapsed: 3.57
batch elapsed: 3.55
batch elapsed: 3.54
batch elapsed: 3.55
batch elapsed: 3.56
batch elapsed: 3.54
batch elapsed: 3.55
batch elapsed: 3.61
batch elapsed: 3.55
batch elapsed: 3.56
batch elapsed: 3.57
batch elapsed: 3.56
batch elapsed: 3.53
batch elapsed: 3.60
batch elapsed: 3.61
batch elapsed: 3.48
batch elapsed: 3.56
batch elapsed: 3.54
batch elapsed: 3.58
batch elapsed: 3.55
batch elapsed: 3.52
batch elapsed: 3.57
batch elapsed: 3.59
batch elapsed: 3.52
batch elapsed: 3.57
batch elapsed: 3.54
batch elapsed: 3.60
batch elapsed: 3.58
batch elapsed: 3.55
batch elapsed: 3.57
batch elapsed: 3.61
batch elapsed: 3.65
batch elapsed: 3.54
batch elapsed: 3.62
batch elapsed: 3.55
batch elapsed: 3.54
batch elapsed: 3.56
batch elapsed: 3.58
batch elapsed: 3.56
batch elapsed: 3.58
batch elapsed: 3.56
batch elapsed: 3.58
batch elapsed: 3.54
batch elapsed: 3.55
batch elapsed: 3.59
batch elapsed: 3.55
batch elapsed: 3.54
batch elapsed: 3.57
batch elapsed: 3.56
batch elapsed: 3.59
batch elapsed: 3.58
batch elapsed: 3.57
batch elapsed: 3.60
batch elapsed: 3.58
batch elapsed: 3.55
batch elapsed: 3.57
batch elapsed: 3.55
batch elapsed: 3.55
batch elapsed: 3.56
batch elapsed: 3.57
batch elapsed: 3.58
batch elapsed: 3.61
batch elapsed: 3.57
batch elapsed: 3.63
batch elapsed: 3.57
batch elapsed: 3.58
batch elapsed: 3.57
batch elapsed: 3.61
batch elapsed: 3.57
batch elapsed: 3.48
batch elapsed: 3.59
batch elapsed: 3.61
batch elapsed: 3.68
batch elapsed: 3.55
batch elapsed: 3.61
batch elapsed: 3.57
batch elapsed: 3.57
batch elapsed: 3.54
batch elapsed: 3.47
batch elapsed: 3.58
batch elapsed: 3.60
batch elapsed: 3.57
batch elapsed: 3.54
batch elapsed: 3.44
batch elapsed: 3.34
batch elapsed: 3.55
batch elapsed: 3.56
batch elapsed: 3.59
batch elapsed: 3.55
batch elapsed: 3.59
batch elapsed: 3.55
batch elapsed: 3.55
batch elapsed: 3.58
batch elapsed: 3.60
batch elapsed: 3.54
batch elapsed: 3.58
batch elapsed: 3.59
batch elapsed: 3.58
batch elapsed: 3.52
batch elapsed: 3.58
batch elapsed: 3.61
batch elapsed: 3.55
batch elapsed: 3.53
batch elapsed: 3.55
batch elapsed: 3.52
batch elapsed: 3.57
batch elapsed: 3.59
batch elapsed: 3.59
batch elapsed: 3.56
batch elapsed: 3.55
batch elapsed: 3.56
batch elapsed: 3.54
batch elapsed: 3.59
batch elapsed: 3.55
batch elapsed: 3.64
batch elapsed: 3.56
batch elapsed: 3.54
batch elapsed: 3.54
batch elapsed: 3.52
batch elapsed: 3.55
batch elapsed: 3.55
batch elapsed: 3.56
batch elapsed: 3.56
batch elapsed: 3.57
batch elapsed: 3.57
batch elapsed: 3.55
batch elapsed: 3.58
batch elapsed: 3.59
batch elapsed: 3.63
batch elapsed: 3.56
batch elapsed: 3.56
batch elapsed: 3.54
batch elapsed: 3.60
batch elapsed: 3.57
batch elapsed: 3.59
batch elapsed: 3.61
batch elapsed: 3.52
batch elapsed: 3.56
batch elapsed: 3.56
batch elapsed: 3.51
batch elapsed: 3.58
batch elapsed: 3.65
batch elapsed: 3.57
batch elapsed: 3.94
batch elapsed: 3.47
batch elapsed: 3.60
batch elapsed: 3.58
batch elapsed: 3.59
batch elapsed: 3.61
batch elapsed: 3.52
batch elapsed: 3.56
batch elapsed: 3.59
batch elapsed: 3.62
batch elapsed: 3.57
batch elapsed: 3.57
batch elapsed: 3.53
batch elapsed: 3.62
batch elapsed: 3.75
batch elapsed: 4.33
batch elapsed: 3.60
batch elapsed: 3.55
batch elapsed: 3.61
batch elapsed: 3.56
batch elapsed: 3.56
batch elapsed: 3.54
batch elapsed: 3.61
batch elapsed: 3.59
batch elapsed: 3.56
batch elapsed: 3.59
batch elapsed: 3.64
batch elapsed: 3.62
batch elapsed: 4.41
batch elapsed: 4.09
batch elapsed: 11.19
batch elapsed: 16.32
batch elapsed: 4.04
batch elapsed: 3.71
batch elapsed: 22.07
batch elapsed: 5.91
batch elapsed: 3.93
batch elapsed: 9.63
batch elapsed: 10.40
batch elapsed: 3.87
batch elapsed: 9.18
batch elapsed: 10.61
batch elapsed: 3.87
batch elapsed: 9.10
batch elapsed: 16.48
batch elapsed: 3.92
batch elapsed: 3.71
batch elapsed: 14.99
batch elapsed: 4.01
batch elapsed: 3.66
batch elapsed: 9.48
batch elapsed: 4.03
batch elapsed: 3.73
batch elapsed: 20.17
batch elapsed: 6.31
batch elapsed: 3.84
batch elapsed: 11.41
batch elapsed: 11.53
batch elapsed: 4.04
batch elapsed: 6.34
batch elapsed: 17.95
batch elapsed: 4.04
batch elapsed: 3.63
batch elapsed: 18.71
batch elapsed: 3.87
batch elapsed: 3.89
batch elapsed: 13.50
batch elapsed: 9.52
batch elapsed: 4.22
batch elapsed: 5.15
batch elapsed: 20.92
batch elapsed: 19.16
batch elapsed: 3.91
batch elapsed: 3.81
batch elapsed: 12.11
batch elapsed: 9.82
batch elapsed: 4.19
batch elapsed: 7.08
batch elapsed: 14.59
batch elapsed: 3.64
batch elapsed: 3.70
batch elapsed: 3.49
batch elapsed: 3.58
batch elapsed: 3.67
batch elapsed: 3.59
batch elapsed: 3.59
batch elapsed: 3.57
batch elapsed: 3.90
batch elapsed: 4.51
batch elapsed: 4.28
batch elapsed: 3.58
batch elapsed: 3.58
batch elapsed: 3.51
batch elapsed: 3.52
batch elapsed: 3.64
batch elapsed: 3.54
batch elapsed: 3.50
batch elapsed: 3.46
batch elapsed: 3.53
batch elapsed: 3.58
batch elapsed: 3.50
batch elapsed: 3.54
batch elapsed: 3.55
batch elapsed: 3.55
batch elapsed: 3.55
batch elapsed: 3.53
batch elapsed: 3.51
batch elapsed: 3.59
batch elapsed: 3.55
batch elapsed: 3.57
batch elapsed: 3.57
batch elapsed: 3.57
batch elapsed: 3.60
batch elapsed: 3.56
batch elapsed: 3.57
batch elapsed: 3.63
batch elapsed: 3.61
batch elapsed: 3.56
batch elapsed: 3.60
batch elapsed: 3.57
batch elapsed: 3.54
batch elapsed: 3.56
batch elapsed: 3.54
batch elapsed: 3.53
batch elapsed: 3.59
batch elapsed: 3.51
batch elapsed: 3.53
batch elapsed: 3.55
batch elapsed: 3.57
batch elapsed: 3.63
batch elapsed: 3.59
batch elapsed: 3.71
batch elapsed: 4.10
batch elapsed: 5.16
batch elapsed: 8.99
batch elapsed: 3.72
batch elapsed: 10.45
batch elapsed: 3.79
batch elapsed: 6.53
batch elapsed: 4.99
batch elapsed: 3.95
batch elapsed: 7.42
batch elapsed: 3.73
batch elapsed: 9.73
batch elapsed: 3.84
batch elapsed: 7.40
batch elapsed: 3.80
batch elapsed: 5.27
batch elapsed: 4.11
batch elapsed: 5.27
batch elapsed: 8.29
batch elapsed: 3.84
batch elapsed: 8.76
batch elapsed: 3.83
batch elapsed: 6.92
batch elapsed: 5.76
batch elapsed: 3.54
batch elapsed: 3.56
batch elapsed: 3.57
batch elapsed: 3.57
batch elapsed: 3.56
batch elapsed: 3.57
batch elapsed: 3.60
batch elapsed: 3.58
batch elapsed: 3.59
batch elapsed: 3.52
batch elapsed: 3.46
batch elapsed: 3.57
batch elapsed: 3.53
batch elapsed: 3.58
batch elapsed: 3.53
batch elapsed: 3.54
batch elapsed: 3.56
batch elapsed: 3.55
batch elapsed: 3.53
batch elapsed: 3.60
batch elapsed: 3.54
batch elapsed: 3.56
batch elapsed: 3.58
batch elapsed: 3.54
batch elapsed: 3.50
batch elapsed: 3.50
batch elapsed: 3.59
batch elapsed: 3.61
batch elapsed: 3.59
batch elapsed: 3.58
batch elapsed: 3.54
batch elapsed: 3.56
batch elapsed: 3.57
batch elapsed: 3.57
batch elapsed: 3.59
batch elapsed: 3.56
batch elapsed: 3.54
batch elapsed: 3.54
batch elapsed: 3.56
batch elapsed: 3.56
batch elapsed: 3.58
batch elapsed: 3.53
batch elapsed: 3.72
batch elapsed: 4.06
batch elapsed: 6.36
batch elapsed: 7.59
batch elapsed: 3.74
batch elapsed: 10.28
batch elapsed: 3.73
batch elapsed: 7.60
batch elapsed: 3.94
batch elapsed: 6.14
batch elapsed: 5.24
batch elapsed: 5.14
batch elapsed: 8.33
batch elapsed: 3.71
batch elapsed: 7.31
batch elapsed: 3.79
batch elapsed: 5.55
batch elapsed: 3.71
batch elapsed: 5.22
batch elapsed: 8.10
batch elapsed: 3.79
batch elapsed: 8.65
batch elapsed: 3.76
batch elapsed: 9.23
batch elapsed: 3.62
batch elapsed: 3.56
batch elapsed: 3.51
batch elapsed: 3.54
batch elapsed: 3.58
batch elapsed: 3.57
batch elapsed: 3.61
batch elapsed: 3.55
batch elapsed: 3.58
batch elapsed: 3.31
batch elapsed: 3.38
batch elapsed: 3.44
batch elapsed: 3.54
batch elapsed: 3.54
batch elapsed: 3.56
batch elapsed: 3.56
batch elapsed: 3.55
batch elapsed: 3.56
batch elapsed: 3.57
batch elapsed: 3.58
batch elapsed: 3.58
batch elapsed: 3.59
batch elapsed: 3.55
batch elapsed: 3.54
batch elapsed: 3.63
batch elapsed: 3.57
batch elapsed: 3.55
batch elapsed: 3.61
batch elapsed: 3.53
batch elapsed: 3.59
batch elapsed: 3.53
batch elapsed: 3.56
batch elapsed: 3.60
batch elapsed: 3.54
batch elapsed: 3.56
batch elapsed: 3.57
batch elapsed: 3.54
batch elapsed: 3.54
batch elapsed: 3.55
batch elapsed: 3.60
batch elapsed: 3.58
batch elapsed: 3.56
batch elapsed: 3.55
batch elapsed: 3.57
batch elapsed: 3.53
batch elapsed: 3.55
batch elapsed: 3.58
batch elapsed: 3.62
batch elapsed: 3.59
batch elapsed: 3.64
batch elapsed: 3.53
batch elapsed: 3.56
batch elapsed: 3.60
batch elapsed: 3.52
batch elapsed: 3.56
batch elapsed: 3.61
batch elapsed: 3.59
batch elapsed: 3.55
batch elapsed: 3.58
batch elapsed: 3.56
batch elapsed: 3.56
batch elapsed: 3.58
batch elapsed: 3.55
batch elapsed: 3.59
batch elapsed: 3.58
batch elapsed: 3.56
batch elapsed: 3.55
batch elapsed: 3.58
batch elapsed: 3.59
batch elapsed: 3.56
batch elapsed: 3.56
batch elapsed: 3.60
batch elapsed: 3.60
batch elapsed: 3.51
batch elapsed: 3.59
batch elapsed: 3.56
batch elapsed: 3.55
batch elapsed: 3.58
batch elapsed: 3.56
batch elapsed: 3.57
batch elapsed: 3.58
batch elapsed: 3.57
batch elapsed: 3.57
batch elapsed: 3.63
batch elapsed: 3.58
batch elapsed: 3.59
batch elapsed: 3.55
batch elapsed: 3.55
batch elapsed: 3.57
batch elapsed: 3.56
batch elapsed: 3.55
batch elapsed: 3.58
batch elapsed: 3.53
batch elapsed: 3.59
batch elapsed: 3.62
batch elapsed: 3.52
batch elapsed: 3.58
batch elapsed: 3.54
batch elapsed: 3.56
batch elapsed: 3.60
batch elapsed: 3.64
batch elapsed: 3.60
batch elapsed: 3.58
batch elapsed: 3.56
batch elapsed: 3.58
batch elapsed: 3.56
batch elapsed: 3.60
batch elapsed: 3.56
batch elapsed: 3.59
batch elapsed: 3.57
batch elapsed: 3.59
batch elapsed: 3.55
batch elapsed: 3.59
batch elapsed: 3.58
batch elapsed: 3.59
batch elapsed: 3.55
batch elapsed: 3.61
batch elapsed: 3.61
batch elapsed: 3.62
batch elapsed: 3.57
batch elapsed: 3.56
batch elapsed: 3.62
batch elapsed: 3.56
batch elapsed: 3.62
batch elapsed: 3.59
batch elapsed: 3.62
batch elapsed: 3.55
batch elapsed: 3.55
batch elapsed: 3.56
batch elapsed: 3.55
batch elapsed: 3.45
batch elapsed: 3.70
batch elapsed: 3.54
batch elapsed: 3.58
batch elapsed: 3.60
batch elapsed: 3.59
batch elapsed: 3.65
batch elapsed: 3.55
batch elapsed: 3.64
batch elapsed: 3.53
batch elapsed: 3.57
batch elapsed: 3.62
batch elapsed: 3.63
batch elapsed: 3.61
batch elapsed: 3.59
batch elapsed: 3.53
batch elapsed: 3.57
batch elapsed: 3.58
batch elapsed: 3.60
batch elapsed: 3.61
batch elapsed: 3.55
batch elapsed: 3.56
batch elapsed: 3.49
batch elapsed: 3.53
batch elapsed: 3.57
batch elapsed: 3.64
batch elapsed: 3.56
batch elapsed: 3.57
batch elapsed: 3.58
batch elapsed: 3.57
batch elapsed: 3.55
batch elapsed: 3.55
batch elapsed: 3.55
batch elapsed: 3.57
batch elapsed: 3.57
batch elapsed: 3.56
batch elapsed: 3.58
batch elapsed: 3.63
batch elapsed: 3.54
batch elapsed: 3.65
batch elapsed: 3.57
batch elapsed: 3.56
batch elapsed: 3.54
batch elapsed: 3.59
batch elapsed: 3.58
batch elapsed: 3.60
batch elapsed: 3.61
batch elapsed: 3.57
batch elapsed: 3.49
batch elapsed: 3.57
batch elapsed: 3.54
batch elapsed: 3.60
batch elapsed: 3.65
batch elapsed: 3.64
batch elapsed: 3.98
batch elapsed: 3.57
batch elapsed: 3.60
batch elapsed: 3.59
batch elapsed: 3.59
batch elapsed: 3.59
batch elapsed: 3.55
batch elapsed: 3.54
batch elapsed: 3.60
batch elapsed: 3.62
batch elapsed: 3.57
batch elapsed: 3.56
batch elapsed: 3.60
batch elapsed: 3.60
batch elapsed: 3.76
batch elapsed: 4.32
batch elapsed: 3.59
batch elapsed: 3.56
batch elapsed: 3.60
batch elapsed: 3.58
batch elapsed: 3.64
batch elapsed: 3.56
batch elapsed: 3.58
batch elapsed: 3.57
batch elapsed: 3.58
batch elapsed: 3.48
batch elapsed: 3.63
batch elapsed: 3.62
batch elapsed: 4.20
batch elapsed: 3.89
batch elapsed: 9.08
batch elapsed: 18.29
batch elapsed: 4.06
batch elapsed: 3.68
batch elapsed: 18.52
batch elapsed: 9.27
batch elapsed: 4.01
batch elapsed: 4.94
batch elapsed: 14.93
batch elapsed: 4.06
batch elapsed: 5.81
batch elapsed: 13.85
batch elapsed: 4.02
batch elapsed: 4.99
batch elapsed: 20.80
batch elapsed: 3.92
batch elapsed: 3.69
batch elapsed: 15.02
batch elapsed: 3.99
batch elapsed: 3.73
batch elapsed: 9.73
batch elapsed: 4.06
batch elapsed: 3.72
batch elapsed: 18.37
batch elapsed: 7.77
batch elapsed: 3.90
batch elapsed: 9.63
batch elapsed: 13.31
batch elapsed: 4.05
batch elapsed: 4.87
batch elapsed: 19.57
batch elapsed: 3.96
batch elapsed: 3.80
batch elapsed: 18.84
batch elapsed: 3.86
batch elapsed: 3.90
batch elapsed: 13.77
batch elapsed: 9.51
batch elapsed: 4.21
batch elapsed: 5.47
batch elapsed: 22.38
batch elapsed: 17.48
batch elapsed: 3.99
batch elapsed: 3.73
batch elapsed: 13.76
batch elapsed: 7.92
batch elapsed: 4.04
batch elapsed: 7.04
batch elapsed: 14.58
batch elapsed: 3.55
batch elapsed: 3.66
batch elapsed: 3.56
batch elapsed: 3.58
batch elapsed: 3.67
batch elapsed: 3.55
batch elapsed: 3.59
batch elapsed: 3.57
batch elapsed: 3.86
batch elapsed: 4.57
batch elapsed: 4.25
batch elapsed: 3.58
batch elapsed: 3.56
batch elapsed: 3.52
batch elapsed: 3.52
batch elapsed: 3.63
batch elapsed: 3.54
batch elapsed: 3.51
batch elapsed: 3.53
batch elapsed: 3.51
batch elapsed: 3.57
batch elapsed: 3.52
batch elapsed: 3.53
batch elapsed: 3.54
batch elapsed: 3.55
batch elapsed: 3.55
batch elapsed: 3.52
batch elapsed: 3.52
batch elapsed: 3.59
batch elapsed: 3.54
batch elapsed: 3.57
batch elapsed: 3.56
batch elapsed: 3.52
batch elapsed: 3.55
batch elapsed: 3.57
batch elapsed: 3.55
batch elapsed: 3.63
batch elapsed: 3.62
batch elapsed: 3.58
batch elapsed: 3.58
batch elapsed: 3.59
batch elapsed: 3.54
batch elapsed: 3.55
batch elapsed: 3.57
batch elapsed: 3.50
batch elapsed: 3.54
batch elapsed: 3.57
batch elapsed: 3.52
batch elapsed: 3.55
batch elapsed: 3.57
batch elapsed: 3.59
batch elapsed: 3.54
batch elapsed: 3.67
batch elapsed: 4.07
batch elapsed: 3.77
batch elapsed: 10.34
batch elapsed: 3.78
batch elapsed: 10.45
batch elapsed: 3.69
batch elapsed: 4.09
batch elapsed: 7.42
batch elapsed: 3.64
batch elapsed: 7.75
batch elapsed: 3.74
batch elapsed: 9.73
batch elapsed: 3.81
batch elapsed: 7.47
batch elapsed: 3.79
batch elapsed: 5.27
batch elapsed: 4.06
batch elapsed: 3.76
batch elapsed: 9.84
batch elapsed: 3.78
batch elapsed: 8.27
batch elapsed: 4.13
batch elapsed: 4.28
batch elapsed: 8.46
batch elapsed: 3.55
batch elapsed: 3.56
batch elapsed: 3.56
batch elapsed: 3.56
batch elapsed: 3.56
batch elapsed: 3.55
batch elapsed: 3.62
batch elapsed: 3.58
batch elapsed: 3.57
batch elapsed: 3.54
batch elapsed: 3.54
batch elapsed: 3.49
batch elapsed: 3.53
batch elapsed: 3.59
batch elapsed: 3.56
batch elapsed: 3.49
batch elapsed: 3.60
batch elapsed: 3.54
batch elapsed: 3.54
batch elapsed: 3.58
batch elapsed: 3.55
batch elapsed: 3.32
batch elapsed: 3.58
batch elapsed: 3.55
batch elapsed: 3.50
batch elapsed: 3.55
batch elapsed: 3.57
batch elapsed: 3.61
batch elapsed: 3.56
batch elapsed: 3.58
batch elapsed: 3.54
batch elapsed: 3.54
batch elapsed: 3.62
batch elapsed: 3.58
batch elapsed: 3.58
batch elapsed: 3.56
batch elapsed: 3.56
batch elapsed: 3.56
batch elapsed: 3.53
batch elapsed: 3.56
batch elapsed: 3.59
batch elapsed: 3.63
batch elapsed: 3.63
batch elapsed: 4.10
batch elapsed: 3.65
batch elapsed: 10.22
batch elapsed: 3.83
batch elapsed: 10.44
batch elapsed: 3.69
batch elapsed: 4.34
batch elapsed: 7.07
batch elapsed: 3.67
batch elapsed: 7.82
batch elapsed: 3.70
batch elapsed: 9.66
batch elapsed: 3.74
batch elapsed: 7.44
batch elapsed: 3.78
batch elapsed: 5.31
batch elapsed: 3.97
batch elapsed: 5.34
batch elapsed: 8.24
batch elapsed: 3.76
batch elapsed: 8.69
batch elapsed: 3.60
batch elapsed: 6.65
batch elapsed: 6.11
batch elapsed: 3.57
batch elapsed: 3.34
batch elapsed: 3.55
batch elapsed: 3.56
batch elapsed: 3.58
batch elapsed: 3.56
batch elapsed: 3.55
batch elapsed: 3.57
batch elapsed: 3.55
batch elapsed: 3.57
batch elapsed: 3.29
batch elapsed: 3.33
batch elapsed: 3.50
batch elapsed: 3.55
batch elapsed: 3.56
batch elapsed: 3.61
batch elapsed: 3.55
batch elapsed: 3.56
batch elapsed: 3.55
batch elapsed: 3.59
batch elapsed: 3.58
batch elapsed: 3.59
batch elapsed: 3.54
batch elapsed: 3.56
batch elapsed: 3.56
batch elapsed: 3.56
batch elapsed: 3.55
batch elapsed: 3.56
batch elapsed: 3.54
batch elapsed: 3.56
batch elapsed: 3.55
batch elapsed: 3.54
batch elapsed: 3.57
batch elapsed: 3.53
batch elapsed: 3.58
batch elapsed: 3.55
batch elapsed: 3.59
batch elapsed: 3.61
batch elapsed: 3.55
batch elapsed: 3.56
batch elapsed: 3.57
batch elapsed: 3.56
batch elapsed: 3.56
batch elapsed: 3.55
batch elapsed: 3.59
batch elapsed: 3.56
batch elapsed: 3.49
batch elapsed: 3.54
batch elapsed: 3.62
batch elapsed: 3.56
batch elapsed: 3.54
batch elapsed: 3.57
batch elapsed: 3.58
batch elapsed: 3.51
batch elapsed: 3.58
batch elapsed: 3.60
batch elapsed: 3.57
batch elapsed: 3.56
batch elapsed: 3.53
batch elapsed: 3.58
batch elapsed: 3.62
batch elapsed: 3.57
batch elapsed: 3.55
batch elapsed: 3.59
batch elapsed: 3.59
batch elapsed: 3.55
batch elapsed: 3.53
batch elapsed: 3.61
batch elapsed: 3.59
batch elapsed: 3.56
batch elapsed: 3.56
batch elapsed: 3.54
batch elapsed: 3.65
batch elapsed: 3.57
batch elapsed: 3.62
batch elapsed: 3.53
batch elapsed: 3.60
batch elapsed: 3.57
batch elapsed: 3.59
batch elapsed: 3.60
batch elapsed: 3.61
batch elapsed: 3.54
batch elapsed: 3.59
batch elapsed: 3.62
batch elapsed: 3.53
batch elapsed: 3.59
batch elapsed: 3.55
batch elapsed: 3.54
batch elapsed: 3.57
batch elapsed: 3.58
batch elapsed: 3.61
batch elapsed: 3.56
batch elapsed: 3.60
batch elapsed: 3.59
batch elapsed: 3.61
batch elapsed: 3.58
batch elapsed: 3.58
batch elapsed: 3.54
batch elapsed: 3.56
batch elapsed: 3.56
batch elapsed: 3.63
batch elapsed: 3.58
batch elapsed: 3.59
batch elapsed: 3.64
batch elapsed: 3.67
batch elapsed: 3.58
batch elapsed: 3.58
batch elapsed: 3.58
batch elapsed: 3.61
batch elapsed: 3.57
batch elapsed: 3.54
batch elapsed: 3.59
batch elapsed: 3.57
batch elapsed: 3.50
batch elapsed: 3.57
batch elapsed: 3.59
batch elapsed: 3.57
batch elapsed: 3.57
batch elapsed: 3.49
batch elapsed: 3.57
batch elapsed: 3.58
batch elapsed: 3.60
batch elapsed: 3.56
batch elapsed: 3.60
batch elapsed: 3.70
batch elapsed: 3.65
batch elapsed: 3.61
batch elapsed: 3.54
batch elapsed: 3.66
batch elapsed: 3.61
batch elapsed: 3.59
batch elapsed: 3.60
batch elapsed: 3.55
batch elapsed: 3.59
batch elapsed: 3.60
batch elapsed: 3.60
batch elapsed: 3.63
batch elapsed: 3.58
batch elapsed: 3.53
batch elapsed: 3.56
batch elapsed: 3.57
batch elapsed: 3.54
batch elapsed: 3.56
batch elapsed: 3.53
batch elapsed: 3.53
batch elapsed: 3.44
batch elapsed: 3.58
batch elapsed: 3.57
batch elapsed: 3.59
batch elapsed: 3.56
batch elapsed: 3.45
batch elapsed: 3.54
batch elapsed: 3.54
batch elapsed: 3.54
batch elapsed: 3.55
batch elapsed: 3.65
batch elapsed: 3.56
batch elapsed: 3.53
batch elapsed: 3.33
batch elapsed: 3.58
batch elapsed: 3.44
batch elapsed: 3.55
batch elapsed: 3.56
batch elapsed: 3.56
batch elapsed: 3.57
batch elapsed: 3.56
batch elapsed: 3.61
batch elapsed: 3.59
batch elapsed: 3.58
batch elapsed: 3.64
batch elapsed: 3.56
batch elapsed: 3.61
batch elapsed: 3.55
batch elapsed: 3.59
batch elapsed: 3.57
batch elapsed: 3.59
batch elapsed: 3.62
batch elapsed: 3.61
batch elapsed: 3.57
batch elapsed: 3.55
batch elapsed: 3.59
batch elapsed: 3.57
batch elapsed: 3.65
batch elapsed: 3.62
batch elapsed: 4.05
batch elapsed: 3.58
batch elapsed: 3.61
batch elapsed: 3.62
batch elapsed: 3.59
batch elapsed: 3.57
batch elapsed: 3.56
batch elapsed: 3.61
batch elapsed: 3.60
batch elapsed: 3.59
batch elapsed: 3.58
batch elapsed: 3.58
batch elapsed: 3.56
batch elapsed: 3.61
batch elapsed: 3.87
batch elapsed: 4.32
batch elapsed: 3.53
batch elapsed: 3.44
batch elapsed: 3.51
batch elapsed: 3.56
batch elapsed: 3.56
batch elapsed: 3.54
batch elapsed: 3.63
batch elapsed: 3.58
batch elapsed: 3.57
batch elapsed: 3.63
batch elapsed: 3.66
batch elapsed: 3.68
batch elapsed: 4.40
batch elapsed: 3.77
batch elapsed: 12.26
batch elapsed: 14.96
batch elapsed: 4.04
batch elapsed: 3.68
batch elapsed: 22.07
batch elapsed: 5.91
batch elapsed: 3.93
batch elapsed: 8.87
batch elapsed: 11.09
batch elapsed: 3.89
batch elapsed: 9.09
batch elapsed: 10.66
batch elapsed: 3.95
batch elapsed: 8.54
batch elapsed: 17.18
batch elapsed: 3.98
batch elapsed: 3.67
batch elapsed: 15.00
batch elapsed: 4.00
batch elapsed: 3.70
batch elapsed: 9.55
batch elapsed: 4.09
batch elapsed: 4.80
batch elapsed: 18.98
batch elapsed: 6.21
batch elapsed: 3.94
batch elapsed: 11.80
batch elapsed: 11.09
batch elapsed: 3.93
batch elapsed: 5.76
batch elapsed: 18.41
batch elapsed: 4.08
batch elapsed: 3.71
batch elapsed: 18.81
batch elapsed: 3.87
batch elapsed: 3.79
batch elapsed: 12.89
batch elapsed: 10.20
batch elapsed: 4.21
batch elapsed: 4.76
batch elapsed: 20.71
batch elapsed: 19.67
batch elapsed: 3.87
batch elapsed: 3.91
batch elapsed: 10.99
batch elapsed: 10.68
batch elapsed: 4.22
batch elapsed: 4.98
batch elapsed: 16.63
batch elapsed: 3.60
batch elapsed: 3.60
batch elapsed: 3.63
batch elapsed: 3.58
batch elapsed: 3.62
batch elapsed: 3.59
batch elapsed: 3.58
batch elapsed: 3.63
batch elapsed: 3.87
batch elapsed: 4.51
batch elapsed: 4.27
batch elapsed: 3.58
batch elapsed: 3.56
batch elapsed: 3.53
batch elapsed: 3.50
batch elapsed: 3.59
batch elapsed: 3.60
batch elapsed: 3.58
batch elapsed: 3.51
batch elapsed: 3.52
batch elapsed: 3.58
batch elapsed: 3.52
batch elapsed: 3.53
batch elapsed: 3.48
batch elapsed: 3.54
batch elapsed: 3.57
batch elapsed: 3.51
batch elapsed: 3.52
batch elapsed: 3.58
batch elapsed: 3.55
batch elapsed: 3.56
batch elapsed: 3.57
batch elapsed: 3.52
batch elapsed: 3.54
batch elapsed: 3.58
batch elapsed: 3.49
batch elapsed: 3.61
batch elapsed: 3.58
batch elapsed: 3.57
batch elapsed: 3.59
batch elapsed: 3.58
batch elapsed: 3.56
batch elapsed: 3.54
batch elapsed: 3.55
batch elapsed: 3.52
batch elapsed: 3.58
batch elapsed: 3.59
batch elapsed: 3.52
batch elapsed: 3.55
batch elapsed: 3.59
batch elapsed: 3.57
batch elapsed: 3.60
batch elapsed: 3.66
batch elapsed: 4.07
batch elapsed: 3.83
batch elapsed: 10.30
batch elapsed: 3.83
batch elapsed: 10.37
batch elapsed: 3.72
batch elapsed: 3.76
batch elapsed: 7.82
batch elapsed: 3.70
batch elapsed: 7.58
batch elapsed: 3.80
batch elapsed: 9.73
batch elapsed: 3.86
batch elapsed: 7.43
batch elapsed: 3.83
batch elapsed: 4.70
batch elapsed: 4.59
batch elapsed: 3.73
batch elapsed: 9.98
batch elapsed: 3.83
batch elapsed: 7.36
batch elapsed: 5.27
batch elapsed: 4.14
batch elapsed: 8.81
batch elapsed: 3.56
batch elapsed: 3.61
batch elapsed: 3.56
batch elapsed: 3.56
batch elapsed: 3.57
batch elapsed: 3.55
batch elapsed: 3.61
batch elapsed: 3.59
batch elapsed: 3.57
batch elapsed: 3.52
batch elapsed: 3.54
batch elapsed: 3.55
batch elapsed: 3.52
batch elapsed: 3.59
batch elapsed: 3.55
batch elapsed: 3.50
batch elapsed: 3.60
batch elapsed: 3.54
batch elapsed: 3.53
batch elapsed: 3.59
batch elapsed: 3.55
batch elapsed: 3.56
batch elapsed: 3.62
batch elapsed: 3.54
batch elapsed: 3.51
batch elapsed: 3.55
batch elapsed: 3.60
batch elapsed: 3.59
batch elapsed: 3.57
batch elapsed: 3.57
batch elapsed: 3.54
batch elapsed: 3.54
batch elapsed: 3.57
batch elapsed: 3.58
batch elapsed: 3.53
batch elapsed: 3.56
batch elapsed: 3.54
batch elapsed: 3.57
batch elapsed: 3.54
batch elapsed: 3.55
batch elapsed: 3.58
batch elapsed: 3.58
batch elapsed: 3.63
batch elapsed: 4.10
batch elapsed: 5.01
batch elapsed: 8.97
batch elapsed: 3.73
batch elapsed: 10.46
batch elapsed: 3.74
batch elapsed: 6.55
batch elapsed: 4.87
batch elapsed: 4.86
batch elapsed: 6.43
batch elapsed: 3.85
batch elapsed: 9.58
batch elapsed: 3.70
batch elapsed: 7.38
batch elapsed: 3.79
batch elapsed: 5.56
batch elapsed: 3.73
batch elapsed: 5.32
batch elapsed: 8.10
batch elapsed: 3.87
batch elapsed: 8.77
batch elapsed: 3.80
batch elapsed: 9.25
batch elapsed: 3.61
batch elapsed: 3.57
batch elapsed: 3.56
batch elapsed: 3.53
batch elapsed: 3.58
batch elapsed: 3.57
batch elapsed: 3.60
batch elapsed: 3.56
batch elapsed: 3.57
batch elapsed: 3.56
batch elapsed: 3.55
batch elapsed: 3.56
New best mean reward!
batch elapsed: 3.48
batch elapsed: 3.54
batch elapsed: 3.54
batch elapsed: 3.58
batch elapsed: 3.55
batch elapsed: 3.56
batch elapsed: 3.57
batch elapsed: 3.64
batch elapsed: 3.58
batch elapsed: 3.59
batch elapsed: 3.54
batch elapsed: 3.56
batch elapsed: 3.56
batch elapsed: 3.47
batch elapsed: 3.56
batch elapsed: 3.54
batch elapsed: 3.54
batch elapsed: 3.58
batch elapsed: 3.54
batch elapsed: 3.56
batch elapsed: 3.54
batch elapsed: 3.55
batch elapsed: 3.55
batch elapsed: 3.58
batch elapsed: 3.54
batch elapsed: 3.59
batch elapsed: 3.54
batch elapsed: 3.56
batch elapsed: 3.58
batch elapsed: 3.58
batch elapsed: 3.54
batch elapsed: 3.56
batch elapsed: 3.55
batch elapsed: 3.55
batch elapsed: 3.58
batch elapsed: 3.67
batch elapsed: 3.59
batch elapsed: 3.58
batch elapsed: 3.53
batch elapsed: 3.57
batch elapsed: 3.60
batch elapsed: 3.53
batch elapsed: 3.56
batch elapsed: 3.60
batch elapsed: 3.59
batch elapsed: 3.54
batch elapsed: 3.54
batch elapsed: 3.56
batch elapsed: 3.58
batch elapsed: 3.57
batch elapsed: 3.54
batch elapsed: 3.59
batch elapsed: 3.59
batch elapsed: 3.56
batch elapsed: 3.55
batch elapsed: 3.57
batch elapsed: 3.60
batch elapsed: 3.56
batch elapsed: 3.56
batch elapsed: 3.61
batch elapsed: 3.57
batch elapsed: 3.52
batch elapsed: 3.59
batch elapsed: 3.53
batch elapsed: 3.58
batch elapsed: 3.56
batch elapsed: 3.57
batch elapsed: 3.58
batch elapsed: 3.58
batch elapsed: 3.56
batch elapsed: 3.56
batch elapsed: 3.57
batch elapsed: 3.48
batch elapsed: 3.58
batch elapsed: 3.55
batch elapsed: 3.57
batch elapsed: 3.56
batch elapsed: 3.55
batch elapsed: 3.56
batch elapsed: 3.59
batch elapsed: 3.52
batch elapsed: 3.59
batch elapsed: 3.62
batch elapsed: 3.57
batch elapsed: 3.57
batch elapsed: 3.55
batch elapsed: 3.56
batch elapsed: 3.60
batch elapsed: 3.59
batch elapsed: 3.58
batch elapsed: 3.60
batch elapsed: 3.51
batch elapsed: 3.63
batch elapsed: 3.56
batch elapsed: 3.60
batch elapsed: 3.56
batch elapsed: 3.58
batch elapsed: 3.53
batch elapsed: 3.58
batch elapsed: 3.55
batch elapsed: 3.58
batch elapsed: 3.54
batch elapsed: 3.53
batch elapsed: 3.56
batch elapsed: 3.61
batch elapsed: 3.60
batch elapsed: 3.56
batch elapsed: 3.63
batch elapsed: 3.57
batch elapsed: 3.62
batch elapsed: 3.56
batch elapsed: 3.61
batch elapsed: 3.58
batch elapsed: 3.68
batch elapsed: 3.56
batch elapsed: 3.61
batch elapsed: 3.55
batch elapsed: 3.61
batch elapsed: 3.61
batch elapsed: 3.62
batch elapsed: 3.55
batch elapsed: 3.58
batch elapsed: 3.60
batch elapsed: 3.54
batch elapsed: 3.63
batch elapsed: 3.57
batch elapsed: 3.64
batch elapsed: 3.53
batch elapsed: 3.57
batch elapsed: 3.62
batch elapsed: 3.63
batch elapsed: 3.52
batch elapsed: 3.51
batch elapsed: 3.44
batch elapsed: 3.55
batch elapsed: 3.58
batch elapsed: 3.61
batch elapsed: 3.63
batch elapsed: 3.55
batch elapsed: 3.54
batch elapsed: 3.49
batch elapsed: 3.53
batch elapsed: 3.56
batch elapsed: 3.63
batch elapsed: 3.57
batch elapsed: 3.57
batch elapsed: 3.58
batch elapsed: 3.57
batch elapsed: 3.58
batch elapsed: 3.56
batch elapsed: 3.56
batch elapsed: 3.62
batch elapsed: 3.56
batch elapsed: 3.56
batch elapsed: 3.58
batch elapsed: 3.62
batch elapsed: 3.62
batch elapsed: 3.62
batch elapsed: 3.59
batch elapsed: 3.61
batch elapsed: 3.56
batch elapsed: 3.58
batch elapsed: 3.56
batch elapsed: 3.61
batch elapsed: 3.61
batch elapsed: 3.66
batch elapsed: 3.65
batch elapsed: 3.56
batch elapsed: 3.63
batch elapsed: 3.61
batch elapsed: 3.66
batch elapsed: 3.58
batch elapsed: 3.98
batch elapsed: 3.54
batch elapsed: 3.59
batch elapsed: 3.59
batch elapsed: 3.60
batch elapsed: 3.59
batch elapsed: 3.55
batch elapsed: 3.60
batch elapsed: 3.59
batch elapsed: 3.60
batch elapsed: 3.58
batch elapsed: 3.56
batch elapsed: 3.54
batch elapsed: 3.61
batch elapsed: 3.70
batch elapsed: 4.34
batch elapsed: 3.64
batch elapsed: 3.56
batch elapsed: 3.60
batch elapsed: 3.55
batch elapsed: 3.57
batch elapsed: 3.54
batch elapsed: 3.57
batch elapsed: 3.52
batch elapsed: 3.57
batch elapsed: 3.53
batch elapsed: 3.64
batch elapsed: 3.61
batch elapsed: 4.25
batch elapsed: 4.07
batch elapsed: 9.31
batch elapsed: 18.10
batch elapsed: 4.07
batch elapsed: 3.67
batch elapsed: 19.46
batch elapsed: 8.20
batch elapsed: 4.01
batch elapsed: 5.48
batch elapsed: 14.37
batch elapsed: 3.98
batch elapsed: 5.74
batch elapsed: 14.01
batch elapsed: 4.02
batch elapsed: 5.57
batch elapsed: 20.26
batch elapsed: 3.92
batch elapsed: 3.70
batch elapsed: 15.08
batch elapsed: 4.00
batch elapsed: 3.65
batch elapsed: 9.55
batch elapsed: 4.08
batch elapsed: 3.72
batch elapsed: 18.03
batch elapsed: 8.24
batch elapsed: 3.94
batch elapsed: 9.96
batch elapsed: 12.85
batch elapsed: 4.04
batch elapsed: 4.63
batch elapsed: 19.62
batch elapsed: 4.00
batch elapsed: 3.73
batch elapsed: 18.71
batch elapsed: 3.89
batch elapsed: 3.86
batch elapsed: 11.59
batch elapsed: 11.57
batch elapsed: 4.18
batch elapsed: 4.49
batch elapsed: 23.71
batch elapsed: 17.52
batch elapsed: 4.03
batch elapsed: 3.79
batch elapsed: 14.42
batch elapsed: 7.44
batch elapsed: 4.11
batch elapsed: 8.33
batch elapsed: 13.25
batch elapsed: 3.61
batch elapsed: 3.61
batch elapsed: 3.55
batch elapsed: 3.59
batch elapsed: 3.65
batch elapsed: 3.55
batch elapsed: 3.58
batch elapsed: 3.64
batch elapsed: 3.85
batch elapsed: 4.52
batch elapsed: 4.22
batch elapsed: 3.58
batch elapsed: 3.57
batch elapsed: 3.50
batch elapsed: 3.53
batch elapsed: 3.59
batch elapsed: 3.54
batch elapsed: 3.57
batch elapsed: 3.52
batch elapsed: 3.52
batch elapsed: 3.58
batch elapsed: 3.50
batch elapsed: 3.53
batch elapsed: 3.56
batch elapsed: 3.54
batch elapsed: 3.56
batch elapsed: 3.51
batch elapsed: 3.53
batch elapsed: 3.58
batch elapsed: 3.54
batch elapsed: 3.57
batch elapsed: 3.57
batch elapsed: 3.57
batch elapsed: 3.54
batch elapsed: 3.56
batch elapsed: 3.57
batch elapsed: 3.63
batch elapsed: 3.67
batch elapsed: 3.56
batch elapsed: 3.60
batch elapsed: 3.58
batch elapsed: 3.60
batch elapsed: 3.56
batch elapsed: 3.53
batch elapsed: 3.63
batch elapsed: 3.61
batch elapsed: 3.56
batch elapsed: 3.53
batch elapsed: 3.56
batch elapsed: 3.57
batch elapsed: 3.57
batch elapsed: 3.62
batch elapsed: 3.69
batch elapsed: 4.11
batch elapsed: 5.70
batch elapsed: 8.41
batch elapsed: 3.69
batch elapsed: 10.40
batch elapsed: 3.79
batch elapsed: 6.66
batch elapsed: 4.80
batch elapsed: 4.14
batch elapsed: 7.28
batch elapsed: 3.71
batch elapsed: 9.70
batch elapsed: 3.77
batch elapsed: 7.43
batch elapsed: 3.83
batch elapsed: 5.33
batch elapsed: 4.16
batch elapsed: 5.36
batch elapsed: 8.22
batch elapsed: 3.80
batch elapsed: 8.76
batch elapsed: 3.75
batch elapsed: 7.49
batch elapsed: 5.48
batch elapsed: 3.54
batch elapsed: 3.55
batch elapsed: 3.51
batch elapsed: 3.57
batch elapsed: 3.51
batch elapsed: 3.51
batch elapsed: 3.60
batch elapsed: 3.57
batch elapsed: 3.58
batch elapsed: 3.53
batch elapsed: 3.53
batch elapsed: 3.60
batch elapsed: 3.54
batch elapsed: 3.58
batch elapsed: 3.59
batch elapsed: 3.54
batch elapsed: 3.56
batch elapsed: 3.55
batch elapsed: 3.54
batch elapsed: 3.60
batch elapsed: 3.54
batch elapsed: 3.62
batch elapsed: 3.57
batch elapsed: 3.53
batch elapsed: 3.51
batch elapsed: 3.55
batch elapsed: 3.60
batch elapsed: 3.59
batch elapsed: 3.57
batch elapsed: 3.58
batch elapsed: 3.53
batch elapsed: 3.56
batch elapsed: 3.63
batch elapsed: 3.56
batch elapsed: 3.53
batch elapsed: 3.56
batch elapsed: 3.56
batch elapsed: 3.53
batch elapsed: 3.54
batch elapsed: 3.57
batch elapsed: 3.59
batch elapsed: 3.63
batch elapsed: 3.77
batch elapsed: 3.96
batch elapsed: 7.95
batch elapsed: 6.22
batch elapsed: 4.12
batch elapsed: 10.08
batch elapsed: 3.92
batch elapsed: 7.81
batch elapsed: 3.87
batch elapsed: 7.74
batch elapsed: 3.72
batch elapsed: 9.69
batch elapsed: 3.76
batch elapsed: 4.74
batch elapsed: 6.40
batch elapsed: 3.70
batch elapsed: 5.55
batch elapsed: 3.68
batch elapsed: 7.91
batch elapsed: 5.59
batch elapsed: 3.96
batch elapsed: 8.60
batch elapsed: 3.74
batch elapsed: 9.26
batch elapsed: 3.57
batch elapsed: 3.55
batch elapsed: 3.55
batch elapsed: 3.55
batch elapsed: 3.51
batch elapsed: 3.57
batch elapsed: 3.55
batch elapsed: 3.57
batch elapsed: 3.57
batch elapsed: 3.57
batch elapsed: 3.54
batch elapsed: 3.59
batch elapsed: 3.54
New best mean reward!
batch elapsed: 3.56
batch elapsed: 3.55
batch elapsed: 3.56
batch elapsed: 3.56
batch elapsed: 3.56
batch elapsed: 3.56
batch elapsed: 3.58
batch elapsed: 3.58
batch elapsed: 3.59
batch elapsed: 3.55
batch elapsed: 3.55
batch elapsed: 3.55
batch elapsed: 3.53
batch elapsed: 3.54
batch elapsed: 3.55
batch elapsed: 3.55
batch elapsed: 3.56
batch elapsed: 3.56
batch elapsed: 3.49
batch elapsed: 3.53
batch elapsed: 3.56
batch elapsed: 3.54
batch elapsed: 3.59
batch elapsed: 3.53
batch elapsed: 3.58
batch elapsed: 3.51
batch elapsed: 3.57
batch elapsed: 3.54
batch elapsed: 3.58
batch elapsed: 3.55
batch elapsed: 3.56
batch elapsed: 3.59
batch elapsed: 3.57
batch elapsed: 3.56
batch elapsed: 3.60
batch elapsed: 3.61
batch elapsed: 3.58
batch elapsed: 3.58
batch elapsed: 3.57
batch elapsed: 3.59
batch elapsed: 3.54
batch elapsed: 3.55
batch elapsed: 3.61
batch elapsed: 3.59
batch elapsed: 3.54
batch elapsed: 3.59
batch elapsed: 3.55
batch elapsed: 3.58
batch elapsed: 3.57
batch elapsed: 3.56
batch elapsed: 3.57
batch elapsed: 3.65
batch elapsed: 3.56
batch elapsed: 3.49
batch elapsed: 3.58
batch elapsed: 3.60
batch elapsed: 3.57
batch elapsed: 3.56
batch elapsed: 3.54
batch elapsed: 3.61
batch elapsed: 3.57
batch elapsed: 3.58
batch elapsed: 3.56
batch elapsed: 3.47
batch elapsed: 3.59
batch elapsed: 3.56
batch elapsed: 3.58
batch elapsed: 3.56
batch elapsed: 3.58
batch elapsed: 3.56
batch elapsed: 3.58
batch elapsed: 3.52
batch elapsed: 3.59
batch elapsed: 3.56
batch elapsed: 3.54
batch elapsed: 3.52
batch elapsed: 3.56
batch elapsed: 3.55
batch elapsed: 3.59
batch elapsed: 3.53
batch elapsed: 3.57
batch elapsed: 3.62
batch elapsed: 3.55
batch elapsed: 3.57
batch elapsed: 3.55
batch elapsed: 3.57
batch elapsed: 3.53
batch elapsed: 3.63
batch elapsed: 3.59
batch elapsed: 3.55
batch elapsed: 3.54
batch elapsed: 3.53
batch elapsed: 3.63
batch elapsed: 3.59
batch elapsed: 3.58
batch elapsed: 3.59
batch elapsed: 3.53
batch elapsed: 3.56
batch elapsed: 3.50
batch elapsed: 3.58
batch elapsed: 3.67
batch elapsed: 3.61
batch elapsed: 3.57
batch elapsed: 3.60
batch elapsed: 3.60
batch elapsed: 3.61
batch elapsed: 3.70
batch elapsed: 3.57
batch elapsed: 3.60
batch elapsed: 3.58
batch elapsed: 3.55
batch elapsed: 3.59
batch elapsed: 3.57
batch elapsed: 3.57
batch elapsed: 3.54
batch elapsed: 3.54
batch elapsed: 3.56
batch elapsed: 3.55
batch elapsed: 3.54
batch elapsed: 3.53
batch elapsed: 3.58
batch elapsed: 3.60
batch elapsed: 3.60
batch elapsed: 3.62
batch elapsed: 3.55
batch elapsed: 3.58
batch elapsed: 3.53
batch elapsed: 3.57
batch elapsed: 3.58
batch elapsed: 3.55
batch elapsed: 3.55
batch elapsed: 3.60
batch elapsed: 3.51
batch elapsed: 3.56
batch elapsed: 3.58
batch elapsed: 3.59
batch elapsed: 3.58
batch elapsed: 3.55
batch elapsed: 3.61
batch elapsed: 3.53
batch elapsed: 3.48
batch elapsed: 3.59
batch elapsed: 3.64
batch elapsed: 3.59
batch elapsed: 3.57
batch elapsed: 3.54
batch elapsed: 3.55
batch elapsed: 3.54
batch elapsed: 3.56
batch elapsed: 3.56
batch elapsed: 3.37
batch elapsed: 3.42
batch elapsed: 3.56
batch elapsed: 3.57
batch elapsed: 3.58
batch elapsed: 3.56
batch elapsed: 3.57
batch elapsed: 3.54
batch elapsed: 3.61
batch elapsed: 3.55
batch elapsed: 3.55
batch elapsed: 3.58
batch elapsed: 3.62
batch elapsed: 3.57
batch elapsed: 3.62
batch elapsed: 3.64
batch elapsed: 3.55
batch elapsed: 3.47
batch elapsed: 3.50
batch elapsed: 3.63
batch elapsed: 3.65
batch elapsed: 3.74
batch elapsed: 3.88
batch elapsed: 3.58
batch elapsed: 3.64
batch elapsed: 3.58
batch elapsed: 3.61
batch elapsed: 3.57
batch elapsed: 3.57
batch elapsed: 3.58
batch elapsed: 3.61
batch elapsed: 3.59
batch elapsed: 3.58
batch elapsed: 3.46
batch elapsed: 3.56
batch elapsed: 3.62
batch elapsed: 4.02
batch elapsed: 4.02
batch elapsed: 3.53
batch elapsed: 3.52
batch elapsed: 3.61
batch elapsed: 3.55
batch elapsed: 3.60
batch elapsed: 3.56
batch elapsed: 3.57
batch elapsed: 3.57
batch elapsed: 3.58
batch elapsed: 3.63
batch elapsed: 3.66
batch elapsed: 3.79
batch elapsed: 4.36
batch elapsed: 3.79
batch elapsed: 18.78
batch elapsed: 8.52
batch elapsed: 3.96
batch elapsed: 8.10
batch elapsed: 19.82
batch elapsed: 3.85
batch elapsed: 3.77
batch elapsed: 15.45
batch elapsed: 4.58
batch elapsed: 3.81
batch elapsed: 15.32
batch elapsed: 4.71
batch elapsed: 3.79
batch elapsed: 16.16
batch elapsed: 9.44
batch elapsed: 3.94
batch elapsed: 8.11
batch elapsed: 10.51
batch elapsed: 3.95
batch elapsed: 6.31
batch elapsed: 7.13
batch elapsed: 3.85
batch elapsed: 8.62
batch elapsed: 17.48
batch elapsed: 4.01
batch elapsed: 3.71
batch elapsed: 16.31
batch elapsed: 6.85
batch elapsed: 3.79
batch elapsed: 11.55
batch elapsed: 12.63
batch elapsed: 4.07
batch elapsed: 5.30
batch elapsed: 17.12
batch elapsed: 4.04
batch elapsed: 3.75
batch elapsed: 19.58
batch elapsed: 3.96
batch elapsed: 4.07
batch elapsed: 9.59
batch elapsed: 24.79
batch elapsed: 10.74
batch elapsed: 4.14
batch elapsed: 3.74
batch elapsed: 17.16
batch elapsed: 4.76
batch elapsed: 3.90
batch elapsed: 13.81
batch elapsed: 7.75
batch elapsed: 3.50
batch elapsed: 3.63
batch elapsed: 3.64
batch elapsed: 3.59
batch elapsed: 3.58
batch elapsed: 3.57
batch elapsed: 3.61
batch elapsed: 3.71
batch elapsed: 4.24
batch elapsed: 4.49
batch elapsed: 3.96
batch elapsed: 3.58
batch elapsed: 3.57
batch elapsed: 3.52
batch elapsed: 3.57
batch elapsed: 3.57
batch elapsed: 3.55
batch elapsed: 3.56
batch elapsed: 3.49
batch elapsed: 3.56
batch elapsed: 3.57
batch elapsed: 3.46
batch elapsed: 3.58
batch elapsed: 3.56
batch elapsed: 3.53
batch elapsed: 3.53
batch elapsed: 3.55
batch elapsed: 3.58
batch elapsed: 3.57
batch elapsed: 3.56
batch elapsed: 3.56
batch elapsed: 3.57
batch elapsed: 3.62
batch elapsed: 3.65
batch elapsed: 3.56
batch elapsed: 3.54
batch elapsed: 3.59
batch elapsed: 3.56
batch elapsed: 3.57
batch elapsed: 3.61
batch elapsed: 3.56
batch elapsed: 3.53
batch elapsed: 3.57
batch elapsed: 3.54
batch elapsed: 3.59
batch elapsed: 3.58
batch elapsed: 3.50
batch elapsed: 3.49
batch elapsed: 3.57
batch elapsed: 3.57
batch elapsed: 3.69
batch elapsed: 3.66
batch elapsed: 3.77
batch elapsed: 3.91
batch elapsed: 10.22
batch elapsed: 3.88
batch elapsed: 4.00
batch elapsed: 10.06
batch elapsed: 3.80
batch elapsed: 7.83
batch elapsed: 3.71
batch elapsed: 7.72
batch elapsed: 3.77
batch elapsed: 5.87
batch elapsed: 7.46
batch elapsed: 3.73
batch elapsed: 7.45
batch elapsed: 3.88
batch elapsed: 5.56
batch elapsed: 3.75
batch elapsed: 5.76
batch elapsed: 7.91
batch elapsed: 3.67
batch elapsed: 8.74
batch elapsed: 3.86
batch elapsed: 9.32
batch elapsed: 3.60
batch elapsed: 3.60
batch elapsed: 3.62
batch elapsed: 3.56
batch elapsed: 3.57
batch elapsed: 3.57
batch elapsed: 3.57
batch elapsed: 3.59
batch elapsed: 3.57
batch elapsed: 3.57
batch elapsed: 3.55
batch elapsed: 3.51
batch elapsed: 3.57
batch elapsed: 3.56
batch elapsed: 3.55
batch elapsed: 3.54
batch elapsed: 3.62
batch elapsed: 3.54
batch elapsed: 3.53
batch elapsed: 3.56
batch elapsed: 3.56
batch elapsed: 3.56
batch elapsed: 3.63
batch elapsed: 3.57
batch elapsed: 3.58
batch elapsed: 3.52
batch elapsed: 3.58
batch elapsed: 3.59
batch elapsed: 3.63
batch elapsed: 3.57
batch elapsed: 3.55
batch elapsed: 3.55
batch elapsed: 3.61
batch elapsed: 3.58
batch elapsed: 3.53
batch elapsed: 3.57
batch elapsed: 3.56
batch elapsed: 3.55
batch elapsed: 3.55
batch elapsed: 3.53
batch elapsed: 3.58
batch elapsed: 3.57
batch elapsed: 3.61
batch elapsed: 4.15
batch elapsed: 3.81
batch elapsed: 10.34
batch elapsed: 3.77
batch elapsed: 9.64
batch elapsed: 4.45
batch elapsed: 3.69
batch elapsed: 7.80
batch elapsed: 3.76
batch elapsed: 7.74
batch elapsed: 3.77
batch elapsed: 9.77
batch elapsed: 3.77
batch elapsed: 7.32
batch elapsed: 3.77
batch elapsed: 5.27
batch elapsed: 4.02
batch elapsed: 3.71
batch elapsed: 9.75
batch elapsed: 3.74
batch elapsed: 6.66
batch elapsed: 5.77
batch elapsed: 4.12
batch elapsed: 8.86
batch elapsed: 3.61
batch elapsed: 3.62
batch elapsed: 3.54
batch elapsed: 3.57
batch elapsed: 3.62
batch elapsed: 3.57
batch elapsed: 3.55
batch elapsed: 3.56
batch elapsed: 3.57
batch elapsed: 3.56
batch elapsed: 3.57
batch elapsed: 3.57
batch elapsed: 3.54
batch elapsed: 3.55
batch elapsed: 3.56
batch elapsed: 3.58
batch elapsed: 3.56
batch elapsed: 3.53
batch elapsed: 3.57
batch elapsed: 3.59
batch elapsed: 3.55
batch elapsed: 3.56
batch elapsed: 3.59
batch elapsed: 3.54
batch elapsed: 3.56
batch elapsed: 3.55
batch elapsed: 3.55
batch elapsed: 3.59
batch elapsed: 3.53
batch elapsed: 3.57
batch elapsed: 3.58
batch elapsed: 3.55
batch elapsed: 3.55
batch elapsed: 3.57
batch elapsed: 3.56
batch elapsed: 3.56
batch elapsed: 3.58
batch elapsed: 3.60
batch elapsed: 3.64
batch elapsed: 3.69
batch elapsed: 4.10
batch elapsed: 4.34
batch elapsed: 9.68
batch elapsed: 3.88
batch elapsed: 10.55
batch elapsed: 3.72
batch elapsed: 3.82
batch elapsed: 7.77
batch elapsed: 3.73
batch elapsed: 7.65
batch elapsed: 3.76
batch elapsed: 9.72
batch elapsed: 3.73
batch elapsed: 7.43
batch elapsed: 3.73
batch elapsed: 3.83
batch elapsed: 5.51
batch elapsed: 3.70
batch elapsed: 9.89
batch elapsed: 3.69
batch elapsed: 4.16
batch elapsed: 8.25
batch elapsed: 3.66
batch elapsed: 9.10
batch elapsed: 3.59
batch elapsed: 3.53
batch elapsed: 3.57
batch elapsed: 3.57
batch elapsed: 3.63
batch elapsed: 3.54
batch elapsed: 3.54
batch elapsed: 3.61
batch elapsed: 3.57
batch elapsed: 3.63
batch elapsed: 3.55
batch elapsed: 3.55
batch elapsed: 3.57
batch elapsed: 3.40
batch elapsed: 3.46
batch elapsed: 3.57
batch elapsed: 3.47
batch elapsed: 3.56
batch elapsed: 3.61
batch elapsed: 3.58
batch elapsed: 3.55
batch elapsed: 3.52
batch elapsed: 3.52
batch elapsed: 3.58
batch elapsed: 3.63
batch elapsed: 4.23
batch elapsed: 3.72
batch elapsed: 10.22
batch elapsed: 3.79
batch elapsed: 8.07
batch elapsed: 6.03
batch elapsed: 3.81
batch elapsed: 7.64
batch elapsed: 3.75
batch elapsed: 7.70
batch elapsed: 3.81
batch elapsed: 7.45
batch elapsed: 5.83
batch elapsed: 3.69
batch elapsed: 7.26
batch elapsed: 3.76
batch elapsed: 5.56
batch elapsed: 3.76
batch elapsed: 5.34
batch elapsed: 8.22
batch elapsed: 3.86
batch elapsed: 8.80
batch elapsed: 3.74
batch elapsed: 5.67
batch elapsed: 7.12
batch elapsed: 3.60
batch elapsed: 3.57
batch elapsed: 3.55
batch elapsed: 3.58
batch elapsed: 3.60
batch elapsed: 3.56
batch elapsed: 3.56
batch elapsed: 3.60
batch elapsed: 3.56
batch elapsed: 3.54
batch elapsed: 3.58
batch elapsed: 3.54
batch elapsed: 3.60
batch elapsed: 3.59
batch elapsed: 3.56
batch elapsed: 3.59
batch elapsed: 3.57
batch elapsed: 3.56
batch elapsed: 3.54
batch elapsed: 3.58
batch elapsed: 3.54
batch elapsed: 3.59
batch elapsed: 3.59
batch elapsed: 3.58
batch elapsed: 3.56
batch elapsed: 3.60
batch elapsed: 3.56
batch elapsed: 3.61
batch elapsed: 3.57
batch elapsed: 3.52
batch elapsed: 3.57
batch elapsed: 3.57
batch elapsed: 3.75
batch elapsed: 3.57
batch elapsed: 3.56
batch elapsed: 3.60
batch elapsed: 3.61
batch elapsed: 3.56
batch elapsed: 3.56
batch elapsed: 3.68
batch elapsed: 3.93
batch elapsed: 4.08
batch elapsed: 7.01
batch elapsed: 20.61
batch elapsed: 4.01
batch elapsed: 3.85
batch elapsed: 17.42
batch elapsed: 10.45
batch elapsed: 3.97
batch elapsed: 3.72
batch elapsed: 16.34
batch elapsed: 4.00
batch elapsed: 3.74
batch elapsed: 16.01
batch elapsed: 3.99
batch elapsed: 3.69
batch elapsed: 21.94
batch elapsed: 3.99
batch elapsed: 3.90
batch elapsed: 10.85
batch elapsed: 7.69
batch elapsed: 4.01
batch elapsed: 4.57
batch elapsed: 3.55
batch elapsed: 3.67
batch elapsed: 3.66
batch elapsed: 5.17
batch elapsed: 4.90
batch elapsed: 4.39
batch elapsed: 11.52
batch elapsed: 17.44
batch elapsed: 3.61
batch elapsed: 3.58
batch elapsed: 3.56
batch elapsed: 3.57
batch elapsed: 3.55
batch elapsed: 3.53
batch elapsed: 3.60
batch elapsed: 3.52
batch elapsed: 3.49
batch elapsed: 3.57
batch elapsed: 3.56
batch elapsed: 3.57
batch elapsed: 3.58
batch elapsed: 3.53
batch elapsed: 3.57
batch elapsed: 3.58
batch elapsed: 3.81
batch elapsed: 5.20
batch elapsed: 4.97
batch elapsed: 4.08
batch elapsed: 17.61
batch elapsed: 28.92
batch elapsed: 13.73
batch elapsed: 4.18
batch elapsed: 4.06
batch elapsed: 15.18
batch elapsed: 27.23
batch elapsed: 4.07
batch elapsed: 4.30
batch elapsed: 7.28
batch elapsed: 25.01
batch elapsed: 14.49
batch elapsed: 4.22
batch elapsed: 4.10
batch elapsed: 16.43
batch elapsed: 24.25
batch elapsed: 4.27
batch elapsed: 4.23
batch elapsed: 11.78
batch elapsed: 27.28
batch elapsed: 9.92
batch elapsed: 4.74
batch elapsed: 3.98
batch elapsed: 17.17
batch elapsed: 24.51
batch elapsed: 26.90
batch elapsed: 19.26
batch elapsed: 3.99
batch elapsed: 4.32
batch elapsed: 5.08
batch elapsed: 25.44
batch elapsed: 28.71
batch elapsed: 11.29
batch elapsed: 4.59
batch elapsed: 3.96
batch elapsed: 18.66
batch elapsed: 23.69
batch elapsed: 3.89
batch elapsed: 4.35
batch elapsed: 7.76
batch elapsed: 25.42
batch elapsed: 22.20
batch elapsed: 4.09
batch elapsed: 4.18
batch elapsed: 12.81
batch elapsed: 27.00
batch elapsed: 11.06
batch elapsed: 4.56
batch elapsed: 4.28
batch elapsed: 26.47
batch elapsed: 24.63
batch elapsed: 4.50
batch elapsed: 4.79
batch elapsed: 6.35
batch elapsed: 22.86
batch elapsed: 24.91
batch elapsed: 3.87
batch elapsed: 4.37
batch elapsed: 7.29
batch elapsed: 25.66
batch elapsed: 14.50
batch elapsed: 4.47
batch elapsed: 4.05
batch elapsed: 16.35
batch elapsed: 27.50
batch elapsed: 8.48
batch elapsed: 4.76
batch elapsed: 4.19
batch elapsed: 20.81
batch elapsed: 26.96
batch elapsed: 15.16
batch elapsed: 4.18
batch elapsed: 4.29
batch elapsed: 7.72
batch elapsed: 27.77
batch elapsed: 25.05
batch elapsed: 9.73
batch elapsed: 4.48
batch elapsed: 4.16
batch elapsed: 19.03
batch elapsed: 27.22
batch elapsed: 14.69
batch elapsed: 4.33
batch elapsed: 4.15
batch elapsed: 17.87
batch elapsed: 27.55
batch elapsed: 6.22
batch elapsed: 4.59
batch elapsed: 4.00
batch elapsed: 19.17
batch elapsed: 28.26
batch elapsed: 17.69
batch elapsed: 4.17
batch elapsed: 4.16
batch elapsed: 11.84
batch elapsed: 29.53
batch elapsed: 26.27
batch elapsed: 5.32
batch elapsed: 4.55
batch elapsed: 3.98
batch elapsed: 21.80
batch elapsed: 28.31
batch elapsed: 12.71
batch elapsed: 4.60
batch elapsed: 3.99
batch elapsed: 17.60
batch elapsed: 27.05
batch elapsed: 10.08
batch elapsed: 4.64
batch elapsed: 3.86
batch elapsed: 21.70
batch elapsed: 27.47
batch elapsed: 13.82
batch elapsed: 4.53
batch elapsed: 3.98
batch elapsed: 14.17
batch elapsed: 27.24
batch elapsed: 9.48
batch elapsed: 4.44
batch elapsed: 4.09
batch elapsed: 25.71
batch elapsed: 16.93
batch elapsed: 4.50
batch elapsed: 4.00
batch elapsed: 16.20
batch elapsed: 27.61
batch elapsed: 7.11
batch elapsed: 4.36
batch elapsed: 4.36
batch elapsed: 23.49
batch elapsed: 25.52
batch elapsed: 10.63
batch elapsed: 4.30
batch elapsed: 3.97
batch elapsed: 16.59
batch elapsed: 28.58
batch elapsed: 5.92
batch elapsed: 4.28
batch elapsed: 4.28
batch elapsed: 26.70
batch elapsed: 29.22
batch elapsed: 8.33
batch elapsed: 4.28
batch elapsed: 4.12
batch elapsed: 21.28
batch elapsed: 20.81
batch elapsed: 4.27
batch elapsed: 4.35
batch elapsed: 12.12
batch elapsed: 27.64
batch elapsed: 9.42
batch elapsed: 4.47
batch elapsed: 4.28
batch elapsed: 26.00
batch elapsed: 23.97
batch elapsed: 3.84
batch elapsed: 4.43
batch elapsed: 4.39
batch elapsed: 26.42
batch elapsed: 25.05
batch elapsed: 4.30
batch elapsed: 4.32
batch elapsed: 10.63
batch elapsed: 28.69
batch elapsed: 14.08
batch elapsed: 4.64
batch elapsed: 3.92
batch elapsed: 18.85
batch elapsed: 23.98
batch elapsed: 4.19
batch elapsed: 4.70
batch elapsed: 4.54
batch elapsed: 26.58
batch elapsed: 18.35
batch elapsed: 4.10
batch elapsed: 4.00
batch elapsed: 10.11
batch elapsed: 24.19
batch elapsed: 4.09
batch elapsed: 4.10
batch elapsed: 8.99
batch elapsed: 26.70
batch elapsed: 22.32
batch elapsed: 4.15
batch elapsed: 4.31
batch elapsed: 9.00
batch elapsed: 25.95
batch elapsed: 22.19
batch elapsed: 3.91
batch elapsed: 4.31
batch elapsed: 7.44
batch elapsed: 25.83
batch elapsed: 7.90
batch elapsed: 4.53
batch elapsed: 6.91
batch elapsed: 26.88
batch elapsed: 24.86
batch elapsed: 8.44
batch elapsed: 4.32
batch elapsed: 4.01
batch elapsed: 20.82
batch elapsed: 16.92
batch elapsed: 4.13
batch elapsed: 4.12
batch elapsed: 13.88
batch elapsed: 26.17
batch elapsed: 17.59
batch elapsed: 4.27
batch elapsed: 4.09
batch elapsed: 13.34
batch elapsed: 29.51
batch elapsed: 5.79batch elapsed: 3.57
batch elapsed: 3.57
batch elapsed: 3.54
batch elapsed: 3.55
batch elapsed: 3.63
batch elapsed: 3.55
batch elapsed: 3.62
batch elapsed: 3.61
batch elapsed: 3.54
batch elapsed: 3.55
batch elapsed: 3.55
batch elapsed: 3.56
batch elapsed: 3.57
batch elapsed: 3.61
batch elapsed: 3.56
batch elapsed: 3.57
batch elapsed: 3.56
batch elapsed: 3.54
batch elapsed: 3.54
batch elapsed: 3.54
batch elapsed: 3.56
batch elapsed: 3.57
batch elapsed: 3.60
batch elapsed: 3.57
batch elapsed: 3.67
batch elapsed: 4.11
batch elapsed: 3.64
batch elapsed: 10.34
batch elapsed: 3.71
batch elapsed: 7.34
batch elapsed: 6.50
batch elapsed: 3.74
batch elapsed: 7.71
batch elapsed: 3.79
batch elapsed: 7.64
batch elapsed: 3.85
batch elapsed: 9.25
batch elapsed: 4.20
batch elapsed: 3.68
batch elapsed: 7.41
batch elapsed: 3.80
batch elapsed: 5.57
batch elapsed: 3.78
batch elapsed: 5.26
batch elapsed: 8.17
batch elapsed: 3.76
batch elapsed: 8.73
batch elapsed: 3.75
batch elapsed: 7.40
batch elapsed: 5.36
batch elapsed: 3.56
batch elapsed: 3.55
batch elapsed: 3.56
batch elapsed: 3.59
batch elapsed: 3.55
batch elapsed: 3.53
batch elapsed: 3.56
batch elapsed: 3.55
batch elapsed: 3.60
batch elapsed: 3.53
batch elapsed: 3.54
batch elapsed: 3.59
batch elapsed: 3.55
batch elapsed: 3.46
batch elapsed: 3.57
batch elapsed: 3.55
batch elapsed: 3.54
batch elapsed: 3.57
batch elapsed: 3.60
batch elapsed: 3.55
batch elapsed: 3.55
batch elapsed: 3.52
batch elapsed: 3.56
batch elapsed: 3.58
batch elapsed: 3.86
batch elapsed: 4.00
batch elapsed: 10.38
batch elapsed: 3.75
batch elapsed: 3.87
batch elapsed: 10.23
batch elapsed: 3.73
batch elapsed: 7.81
batch elapsed: 3.72
batch elapsed: 5.06
batch elapsed: 6.35
batch elapsed: 3.65
batch elapsed: 9.69
batch elapsed: 3.74
batch elapsed: 7.40
batch elapsed: 3.80
batch elapsed: 5.22
batch elapsed: 4.10
batch elapsed: 3.70
batch elapsed: 9.85
batch elapsed: 3.60
batch elapsed: 5.54
batch elapsed: 7.09
batch elapsed: 3.72
batch elapsed: 9.15
batch elapsed: 3.65
batch elapsed: 3.55
batch elapsed: 3.55
batch elapsed: 3.53
batch elapsed: 3.60
batch elapsed: 3.56
batch elapsed: 3.53
batch elapsed: 3.59
batch elapsed: 3.57
batch elapsed: 3.54
batch elapsed: 3.58
batch elapsed: 3.56
batch elapsed: 3.57
batch elapsed: 3.61
batch elapsed: 3.55
batch elapsed: 3.64
batch elapsed: 3.61
batch elapsed: 3.55
batch elapsed: 3.53
batch elapsed: 3.60
batch elapsed: 3.56
batch elapsed: 3.55
batch elapsed: 3.57
batch elapsed: 3.60
batch elapsed: 3.56
batch elapsed: 3.60
batch elapsed: 3.55
batch elapsed: 3.58
batch elapsed: 3.61
batch elapsed: 3.51
batch elapsed: 3.57
batch elapsed: 3.55
batch elapsed: 3.73
batch elapsed: 3.56
batch elapsed: 3.56
batch elapsed: 3.58
batch elapsed: 3.58
batch elapsed: 3.59
batch elapsed: 3.59
batch elapsed: 3.61
batch elapsed: 3.85
batch elapsed: 4.28
batch elapsed: 3.72
batch elapsed: 22.36
batch elapsed: 5.55
batch elapsed: 3.97
batch elapsed: 9.43
batch elapsed: 18.37
batch elapsed: 3.89
batch elapsed: 3.83
batch elapsed: 15.93
batch elapsed: 4.16
batch elapsed: 3.80
batch elapsed: 14.58
batch elapsed: 5.35
batch elapsed: 3.84
batch elapsed: 13.83
batch elapsed: 11.79
batch elapsed: 3.95
batch elapsed: 3.69
batch elapsed: 14.90
batch elapsed: 4.03
batch elapsed: 3.73
batch elapsed: 4.55
batch elapsed: 3.58
batch elapsed: 3.63
batch elapsed: 4.59
batch elapsed: 5.36
batch elapsed: 4.45
batch elapsed: 6.49
batch elapsed: 20.27
batch elapsed: 5.80
batch elapsed: 3.64
batch elapsed: 3.57
batch elapsed: 3.58
batch elapsed: 3.56
batch elapsed: 3.60
batch elapsed: 3.45
batch elapsed: 3.43
batch elapsed: 3.38
batch elapsed: 3.34
batch elapsed: 3.56
batch elapsed: 3.55
batch elapsed: 3.62
batch elapsed: 3.57
batch elapsed: 3.55
batch elapsed: 3.59
batch elapsed: 3.57
batch elapsed: 4.64
batch elapsed: 5.58
batch elapsed: 4.38
batch elapsed: 9.16
batch elapsed: 26.88
batch elapsed: 24.28
batch elapsed: 3.80
batch elapsed: 4.19
batch elapsed: 6.09
batch elapsed: 27.03
batch elapsed: 13.20
batch elapsed: 4.29
batch elapsed: 4.07
batch elapsed: 19.56
batch elapsed: 22.42
batch elapsed: 4.77
batch elapsed: 4.31
batch elapsed: 7.91
batch elapsed: 25.86
batch elapsed: 11.17
batch elapsed: 4.67
batch elapsed: 4.82
batch elapsed: 27.97
batch elapsed: 16.35
batch elapsed: 4.34
batch elapsed: 4.26
batch elapsed: 12.37
batch elapsed: 23.81
batch elapsed: 26.61
batch elapsed: 24.57
batch elapsed: 4.21
batch elapsed: 4.78
batch elapsed: 4.06
batch elapsed: 21.16
batch elapsed: 29.31
batch elapsed: 16.59
batch elapsed: 4.57
batch elapsed: 4.07
batch elapsed: 18.52
batch elapsed: 24.37
batch elapsed: 4.00
batch elapsed: 4.47
batch elapsed: 8.98
batch elapsed: 27.19
batch elapsed: 19.26
batch elapsed: 4.18
batch elapsed: 4.31
batch elapsed: 17.78
batch elapsed: 26.01
batch elapsed: 7.33
batch elapsed: 4.47
batch elapsed: 5.70
batch elapsed: 27.41
batch elapsed: 22.66
batch elapsed: 4.23
batch elapsed: 4.36
batch elapsed: 7.28
batch elapsed: 22.50
batch elapsed: 24.03
batch elapsed: 3.96
batch elapsed: 4.53
batch elapsed: 8.78
batch elapsed: 28.25
batch elapsed: 10.64
batch elapsed: 4.63
batch elapsed: 4.28
batch elapsed: 23.75
batch elapsed: 25.32
batch elapsed: 4.08
batch elapsed: 4.61
batch elapsed: 6.67
batch elapsed: 26.75
batch elapsed: 26.91
batch elapsed: 6.85
batch elapsed: 4.76
batch elapsed: 4.16
batch elapsed: 21.41
batch elapsed: 29.07
batch elapsed: 16.60
batch elapsed: 4.25
batch elapsed: 4.19
batch elapsed: 11.93
batch elapsed: 27.62
batch elapsed: 21.64
batch elapsed: 4.07
batch elapsed: 4.15
batch elapsed: 10.23
batch elapsed: 28.14
batch elapsed: 13.47
batch elapsed: 4.35
batch elapsed: 4.01
batch elapsed: 11.81
batch elapsed: 27.58
batch elapsed: 26.14
batch elapsed: 3.78
batch elapsed: 4.37
batch elapsed: 5.76
batch elapsed: 27.80
batch elapsed: 28.14
batch elapsed: 11.37
batch elapsed: 4.50
batch elapsed: 4.07
batch elapsed: 16.60
batch elapsed: 28.25
batch elapsed: 18.18
batch elapsed: 4.37
batch elapsed: 4.23
batch elapsed: 13.24
batch elapsed: 27.17
batch elapsed: 14.52
batch elapsed: 4.50
batch elapsed: 4.10
batch elapsed: 18.67
batch elapsed: 30.33
batch elapsed: 14.37
batch elapsed: 4.37
batch elapsed: 4.18
batch elapsed: 13.56
batch elapsed: 29.92
batch elapsed: 7.92
batch elapsed: 4.51
batch elapsed: 5.38
batch elapsed: 27.30
batch elapsed: 14.12
batch elapsed: 4.56
batch elapsed: 4.11
batch elapsed: 21.85
batch elapsed: 25.54
batch elapsed: 3.98
batch elapsed: 4.43
batch elapsed: 9.53
batch elapsed: 26.50
batch elapsed: 24.39
batch elapsed: 3.67
batch elapsed: 4.40
batch elapsed: 4.09
batch elapsed: 24.77
batch elapsed: 21.91
batch elapsed: 4.07
batch elapsed: 4.29
batch elapsed: 9.73
batch elapsed: 30.15
batch elapsed: 25.34
batch elapsed: 3.96
batch elapsed: 4.37
batch elapsed: 7.14
batch elapsed: 28.26
batch elapsed: 10.56
batch elapsed: 4.66
batch elapsed: 4.02
batch elapsed: 20.60
batch elapsed: 24.61
batch elapsed: 4.27
batch elapsed: 4.20
batch elapsed: 10.93
batch elapsed: 26.80
batch elapsed: 16.38
batch elapsed: 4.29
batch elapsed: 4.38
batch elapsed: 12.72
batch elapsed: 30.48
batch elapsed: 12.52
batch elapsed: 4.63
batch elapsed: 4.03
batch elapsed: 20.45
batch elapsed: 28.21
batch elapsed: 4.63
batch elapsed: 4.66
batch elapsed: 6.63
batch elapsed: 27.86
batch elapsed: 12.68
batch elapsed: 4.38
batch elapsed: 4.04
batch elapsed: 13.06
batch elapsed: 28.77
batch elapsed: 7.79
batch elapsed: 4.50
batch elapsed: 4.13
batch elapsed: 23.14
batch elapsed: 10.85
batch elapsed: 4.68
batch elapsed: 4.12
batch elapsed: 23.17
batch elapsed: 28.14
batch elapsed: 6.45
batch elapsed: 4.63
batch elapsed: 4.22
batch elapsed: 24.96
batch elapsed: 26.37
batch elapsed: 5.95
batch elapsed: 4.41
batch elapsed: 4.07
batch elapsed: 24.34
batch elapsed: 12.81
batch elapsed: 4.44
batch elapsed: 4.00
batch elapsed: 22.80
batch elapsed: 27.99
batch elapsed: 12.81
batch elapsed: 4.29
batch elapsed: 4.07
batch elapsed: 16.14
batch elapsed: 21.79
batch elapsed: 4.02
batch elapsed: 4.18
batch elapsed: 11.29
batch elapsed: 30.00
batch elapsed: 17.04
batch elapsed: 4.32
batch elapsed: 4.05
batch elapsed: 14.33
batch elapsed: 28.68
batch elapsed: 5.42
batch elapsed: 4.68
batch elapsed: 4.47
batch elapsed: 25.73
batch elapsed: 3.57
batch elapsed: 3.52
batch elapsed: 3.57
batch elapsed: 3.59
batch elapsed: 3.56
batch elapsed: 3.58
batch elapsed: 3.51
batch elapsed: 3.56
batch elapsed: 3.55
batch elapsed: 3.55
batch elapsed: 3.54
batch elapsed: 3.60
batch elapsed: 3.52
batch elapsed: 3.57
batch elapsed: 3.59
batch elapsed: 3.59
batch elapsed: 3.50
batch elapsed: 3.54
batch elapsed: 3.53
batch elapsed: 3.56
batch elapsed: 3.59
batch elapsed: 3.59
batch elapsed: 3.52
batch elapsed: 3.69
batch elapsed: 4.24
batch elapsed: 4.03
batch elapsed: 9.98
batch elapsed: 3.86
batch elapsed: 10.49
batch elapsed: 3.73
batch elapsed: 3.78
batch elapsed: 7.84
batch elapsed: 3.80
batch elapsed: 7.65
batch elapsed: 3.69
batch elapsed: 9.80
batch elapsed: 3.70
batch elapsed: 7.37
batch elapsed: 3.73
batch elapsed: 4.10
batch elapsed: 5.38
batch elapsed: 3.70
batch elapsed: 10.00
batch elapsed: 3.70
batch elapsed: 4.63
batch elapsed: 7.88
batch elapsed: 3.69
batch elapsed: 9.15
batch elapsed: 3.59
batch elapsed: 3.53
batch elapsed: 3.59
batch elapsed: 3.45
batch elapsed: 3.56
batch elapsed: 3.53
batch elapsed: 3.55
batch elapsed: 3.55
batch elapsed: 3.56
batch elapsed: 3.58
batch elapsed: 3.55
batch elapsed: 3.56
batch elapsed: 3.55
batch elapsed: 3.52
batch elapsed: 3.50
batch elapsed: 3.57
batch elapsed: 3.53
batch elapsed: 3.57
batch elapsed: 3.61
batch elapsed: 3.58
batch elapsed: 3.54
batch elapsed: 3.53
batch elapsed: 3.54
batch elapsed: 3.52
batch elapsed: 3.56
batch elapsed: 4.00
batch elapsed: 3.73
batch elapsed: 10.22
batch elapsed: 3.76
batch elapsed: 7.40
batch elapsed: 6.68
batch elapsed: 3.82
batch elapsed: 7.77
batch elapsed: 3.78
batch elapsed: 7.61
batch elapsed: 3.76
batch elapsed: 6.89
batch elapsed: 6.44
batch elapsed: 3.75
batch elapsed: 7.42
batch elapsed: 3.77
batch elapsed: 5.56
batch elapsed: 3.79
batch elapsed: 5.37
batch elapsed: 8.21
batch elapsed: 3.74
batch elapsed: 8.75
batch elapsed: 3.73
batch elapsed: 5.75
batch elapsed: 7.08
batch elapsed: 3.56
batch elapsed: 3.56
batch elapsed: 3.54
batch elapsed: 3.46
batch elapsed: 3.50
batch elapsed: 3.55
batch elapsed: 3.54
batch elapsed: 3.51
batch elapsed: 3.56
batch elapsed: 3.53
batch elapsed: 3.59
batch elapsed: 3.55
batch elapsed: 3.59
batch elapsed: 3.60
batch elapsed: 3.55
batch elapsed: 3.59
batch elapsed: 3.58
batch elapsed: 3.55
batch elapsed: 3.55
batch elapsed: 3.59
batch elapsed: 3.52
batch elapsed: 3.58
batch elapsed: 3.58
batch elapsed: 3.60
batch elapsed: 3.55
batch elapsed: 3.55
batch elapsed: 3.55
batch elapsed: 3.58
batch elapsed: 3.54
batch elapsed: 3.46
batch elapsed: 3.58
batch elapsed: 3.56
batch elapsed: 3.81
batch elapsed: 3.57
batch elapsed: 3.56
batch elapsed: 3.54
batch elapsed: 3.59
batch elapsed: 3.58
batch elapsed: 3.58
batch elapsed: 3.59
batch elapsed: 4.12
batch elapsed: 4.23
batch elapsed: 6.12
batch elapsed: 21.65
batch elapsed: 3.99
batch elapsed: 3.81
batch elapsed: 16.56
batch elapsed: 11.43
batch elapsed: 4.05
batch elapsed: 3.75
batch elapsed: 16.34
batch elapsed: 4.01
batch elapsed: 3.71
batch elapsed: 16.02
batch elapsed: 3.99
batch elapsed: 3.69
batch elapsed: 21.80
batch elapsed: 4.01
batch elapsed: 3.85
batch elapsed: 10.66
batch elapsed: 7.86
batch elapsed: 4.01
batch elapsed: 4.62
batch elapsed: 3.56
batch elapsed: 3.61
batch elapsed: 3.67
batch elapsed: 5.27
batch elapsed: 5.11
batch elapsed: 4.26
batch elapsed: 13.48
batch elapsed: 16.00
batch elapsed: 3.58
batch elapsed: 3.59
batch elapsed: 3.57
batch elapsed: 3.57
batch elapsed: 3.53
batch elapsed: 3.58
batch elapsed: 3.56
batch elapsed: 3.51
batch elapsed: 3.50
batch elapsed: 3.57
batch elapsed: 3.55
batch elapsed: 3.64
batch elapsed: 3.58
batch elapsed: 3.57
batch elapsed: 3.58
batch elapsed: 3.52
batch elapsed: 4.18
batch elapsed: 5.55
batch elapsed: 4.46
batch elapsed: 4.04
batch elapsed: 23.81
batch elapsed: 26.32
batch elapsed: 9.87
batch elapsed: 4.32
batch elapsed: 4.27
batch elapsed: 22.36
batch elapsed: 20.37
batch elapsed: 4.23
batch elapsed: 4.13
batch elapsed: 13.80
batch elapsed: 23.15
batch elapsed: 9.64
batch elapsed: 4.29
batch elapsed: 4.36
batch elapsed: 23.30
batch elapsed: 17.40
batch elapsed: 4.56
batch elapsed: 4.10
batch elapsed: 20.06
batch elapsed: 25.43
batch elapsed: 4.00
batch elapsed: 4.64
batch elapsed: 8.18
batch elapsed: 22.16
batch elapsed: 28.88
batch elapsed: 26.16
batch elapsed: 6.72
batch elapsed: 4.73
batch elapsed: 4.04
batch elapsed: 18.18
batch elapsed: 30.20
batch elapsed: 18.81
batch elapsed: 4.59
batch elapsed: 4.18
batch elapsed: 17.15
batch elapsed: 25.67
batch elapsed: 3.95
batch elapsed: 4.31
batch elapsed: 7.02
batch elapsed: 26.81
batch elapsed: 21.39
batch elapsed: 4.00
batch elapsed: 4.12
batch elapsed: 11.09
batch elapsed: 25.82
batch elapsed: 13.76
batch elapsed: 4.48
batch elapsed: 4.00
batch elapsed: 22.02
batch elapsed: 25.97
batch elapsed: 7.73
batch elapsed: 4.57
batch elapsed: 4.41
batch elapsed: 20.72
batch elapsed: 24.90
batch elapsed: 7.81
batch elapsed: 4.37
batch elapsed: 4.03
batch elapsed: 24.60
batch elapsed: 19.14
batch elapsed: 4.21
batch elapsed: 4.30
batch elapsed: 11.79
batch elapsed: 26.96
batch elapsed: 13.59
batch elapsed: 4.63
batch elapsed: 4.08
batch elapsed: 13.62
batch elapsed: 29.90
batch elapsed: 19.75
batch elapsed: 4.05
batch elapsed: 4.37
batch elapsed: 6.25
batch elapsed: 25.27
batch elapsed: 27.08
batch elapsed: 12.01
batch elapsed: 4.43
batch elapsed: 3.97
batch elapsed: 16.82
batch elapsed: 28.03
batch elapsed: 16.45
batch elapsed: 4.29
batch elapsed: 3.94
batch elapsed: 16.19
batch elapsed: 26.43
batch elapsed: 9.35
batch elapsed: 4.58
batch elapsed: 4.07
batch elapsed: 19.35
batch elapsed: 28.37
batch elapsed: 17.63
batch elapsed: 4.16
batch elapsed: 4.13
batch elapsed: 12.03
batch elapsed: 29.13
batch elapsed: 24.70
batch elapsed: 6.88
batch elapsed: 4.57
batch elapsed: 4.05
batch elapsed: 25.03
batch elapsed: 29.03
batch elapsed: 9.29
batch elapsed: 4.63
batch elapsed: 4.15
batch elapsed: 22.65
batch elapsed: 26.48
batch elapsed: 5.92
batch elapsed: 4.78
batch elapsed: 5.12
batch elapsed: 26.26
batch elapsed: 29.33
batch elapsed: 6.46
batch elapsed: 4.82
batch elapsed: 4.49
batch elapsed: 25.02
batch elapsed: 21.81
batch elapsed: 4.11
batch elapsed: 4.21
batch elapsed: 12.50
batch elapsed: 28.62
batch elapsed: 5.83
batch elapsed: 4.42
batch elapsed: 6.69
batch elapsed: 27.78
batch elapsed: 16.65
batch elapsed: 4.29
batch elapsed: 4.00
batch elapsed: 15.94
batch elapsed: 26.85
batch elapsed: 17.50
batch elapsed: 3.96
batch elapsed: 4.28
batch elapsed: 8.20
batch elapsed: 27.25
batch elapsed: 15.04
batch elapsed: 4.49
batch elapsed: 4.06
batch elapsed: 16.37
batch elapsed: 30.01
batch elapsed: 18.51
batch elapsed: 4.26
batch elapsed: 4.11
batch elapsed: 13.29
batch elapsed: 25.98
batch elapsed: 6.88
batch elapsed: 4.40
batch elapsed: 4.98
batch elapsed: 26.08
batch elapsed: 17.96
batch elapsed: 4.30
batch elapsed: 4.11
batch elapsed: 14.00
batch elapsed: 26.68
batch elapsed: 13.18
batch elapsed: 4.42
batch elapsed: 4.22
batch elapsed: 15.79
batch elapsed: 28.54
batch elapsed: 11.30
batch elapsed: 4.65
batch elapsed: 4.06
batch elapsed: 23.26
batch elapsed: 26.55
batch elapsed: 4.18
batch elapsed: 4.33
batch elapsed: 9.04
batch elapsed: 28.20
batch elapsed: 9.95
batch elapsed: 4.57
batch elapsed: 3.99
batch elapsed: 18.85
batch elapsed: 25.14
batch elapsed: 5.38
batch elapsed: 4.59
batch elapsed: 5.38
batch elapsed: 26.39
batch elapsed: 6.79
batch elapsed: 4.55
batch elapsed: 6.45
batch elapsed: 29.00
batch elapsed: 23.09
batch elapsed: 4.03
batch elapsed: 4.34
batch elapsed: 7.99
batch elapsed: 28.00
batch elapsed: 21.64
batch elapsed: 3.98
batch elapsed: 4.12
batch elapsed: 8.60
batch elapsed: 26.72
batch elapsed: 5.88
batch elapsed: 4.32
batch elapsed: 6.21
batch elapsed: 28.58
batch elapsed: 26.10
batch elapsed: 6.66
batch elapsed: 4.47
batch elapsed: 4.10
batch elapsed: 24.03
batch elapsed: 13.56
batch elapsed: 4.29
batch elapsed: 4.13
batch elapsed: 18.35
batch elapsed: 26.69
batch elapsed: 12.73
batch elapsed: 4.41
batch elapsed: 4.01
batch elapsed: 20.58
batch elapsed: 23.85
batch elapsed: 4.15
batch elapsed: 4.49
batch elapsed: 6.57
batch elapsed: 26.99
batch elapsed: 28.69
batch elapsed: 5.69batch elapsed: 3.54
batch elapsed: 3.58
batch elapsed: 3.57
batch elapsed: 3.50
batch elapsed: 3.55
batch elapsed: 3.56
batch elapsed: 3.54
batch elapsed: 3.55
batch elapsed: 3.55
batch elapsed: 3.57
batch elapsed: 3.56
batch elapsed: 3.55
batch elapsed: 3.57
batch elapsed: 3.62
batch elapsed: 3.50
batch elapsed: 3.54
batch elapsed: 3.53
batch elapsed: 3.58
batch elapsed: 3.57
batch elapsed: 3.59
batch elapsed: 3.62
batch elapsed: 3.66
batch elapsed: 4.05
batch elapsed: 3.77
batch elapsed: 10.31
batch elapsed: 3.83
batch elapsed: 6.46
batch elapsed: 7.63
batch elapsed: 3.95
batch elapsed: 7.87
batch elapsed: 3.79
batch elapsed: 7.73
batch elapsed: 3.65
batch elapsed: 9.79
batch elapsed: 3.72
batch elapsed: 3.74
batch elapsed: 7.49
batch elapsed: 3.64
batch elapsed: 5.46
batch elapsed: 3.83
batch elapsed: 5.27
batch elapsed: 8.12
batch elapsed: 3.86
batch elapsed: 8.77
batch elapsed: 3.77
batch elapsed: 8.48
batch elapsed: 4.14
batch elapsed: 3.54
batch elapsed: 3.58
batch elapsed: 3.55
batch elapsed: 3.59
batch elapsed: 3.59
batch elapsed: 3.54
batch elapsed: 3.60
batch elapsed: 3.56
batch elapsed: 3.54
batch elapsed: 3.58
batch elapsed: 3.55
batch elapsed: 3.57
batch elapsed: 3.52
batch elapsed: 3.51
batch elapsed: 3.56
batch elapsed: 3.55
batch elapsed: 3.59
batch elapsed: 3.59
batch elapsed: 3.59
batch elapsed: 3.56
batch elapsed: 3.53
batch elapsed: 3.54
batch elapsed: 3.56
batch elapsed: 3.60
batch elapsed: 3.86
batch elapsed: 3.88
batch elapsed: 10.44
batch elapsed: 3.75
batch elapsed: 4.20
batch elapsed: 9.79
batch elapsed: 3.84
batch elapsed: 7.83
batch elapsed: 3.78
batch elapsed: 7.23
batch elapsed: 4.22
batch elapsed: 4.59
batch elapsed: 8.83
batch elapsed: 3.88
batch elapsed: 7.32
batch elapsed: 3.73
batch elapsed: 5.46
batch elapsed: 4.01
batch elapsed: 5.36
batch elapsed: 8.21
batch elapsed: 3.74
batch elapsed: 8.85
batch elapsed: 3.74
batch elapsed: 4.44
batch elapsed: 8.57
batch elapsed: 3.68
batch elapsed: 3.56
batch elapsed: 3.54
batch elapsed: 3.57
batch elapsed: 3.55
batch elapsed: 3.55
batch elapsed: 3.55
batch elapsed: 3.60
batch elapsed: 3.56
batch elapsed: 3.54
batch elapsed: 3.59
batch elapsed: 3.54
batch elapsed: 3.61
batch elapsed: 3.58
batch elapsed: 3.55
batch elapsed: 3.59
batch elapsed: 3.58
batch elapsed: 3.62
batch elapsed: 3.55
batch elapsed: 3.58
batch elapsed: 3.53
batch elapsed: 3.69
batch elapsed: 3.59
batch elapsed: 3.59
batch elapsed: 3.55
batch elapsed: 3.60
batch elapsed: 3.56
batch elapsed: 3.60
batch elapsed: 3.58
batch elapsed: 3.56
batch elapsed: 3.57
batch elapsed: 3.57
batch elapsed: 3.75
batch elapsed: 3.55
batch elapsed: 3.56
batch elapsed: 3.59
batch elapsed: 3.61
batch elapsed: 3.56
batch elapsed: 3.57
batch elapsed: 3.68
batch elapsed: 4.08
batch elapsed: 3.98
batch elapsed: 7.49
batch elapsed: 20.04
batch elapsed: 4.01
batch elapsed: 3.68
batch elapsed: 15.67
batch elapsed: 12.21
batch elapsed: 4.12
batch elapsed: 3.69
batch elapsed: 16.28
batch elapsed: 3.82
batch elapsed: 3.70
batch elapsed: 16.13
batch elapsed: 3.90
batch elapsed: 3.70
batch elapsed: 19.36
batch elapsed: 6.40
batch elapsed: 3.96
batch elapsed: 7.67
batch elapsed: 10.84
batch elapsed: 4.04
batch elapsed: 4.55
batch elapsed: 3.51
batch elapsed: 3.65
batch elapsed: 3.64
batch elapsed: 5.22
batch elapsed: 5.44
batch elapsed: 4.09
batch elapsed: 10.80
batch elapsed: 18.52
batch elapsed: 3.61
batch elapsed: 3.57
batch elapsed: 3.59
batch elapsed: 3.61
batch elapsed: 3.56
batch elapsed: 3.61
batch elapsed: 3.55
batch elapsed: 3.53
batch elapsed: 3.43
batch elapsed: 3.58
batch elapsed: 3.54
batch elapsed: 3.56
batch elapsed: 3.61
batch elapsed: 3.58
batch elapsed: 3.62
batch elapsed: 3.64
batch elapsed: 3.78
batch elapsed: 5.54
batch elapsed: 4.72
batch elapsed: 3.96
batch elapsed: 19.07
batch elapsed: 27.82
batch elapsed: 13.29
batch elapsed: 4.22
batch elapsed: 4.30
batch elapsed: 19.90
batch elapsed: 22.89
batch elapsed: 4.03
batch elapsed: 4.26
batch elapsed: 9.42
batch elapsed: 24.62
batch elapsed: 12.48
batch elapsed: 4.26
batch elapsed: 3.97
batch elapsed: 17.83
batch elapsed: 22.88
batch elapsed: 4.43
batch elapsed: 4.26
batch elapsed: 14.62
batch elapsed: 26.36
batch elapsed: 7.98
batch elapsed: 4.68
batch elapsed: 4.07
batch elapsed: 20.64
batch elapsed: 28.80
batch elapsed: 28.16
batch elapsed: 11.03
batch elapsed: 4.45
batch elapsed: 4.06
batch elapsed: 11.83
batch elapsed: 28.03
batch elapsed: 26.62
batch elapsed: 4.48
batch elapsed: 4.52
batch elapsed: 8.14
batch elapsed: 27.15
batch elapsed: 11.21
batch elapsed: 4.50
batch elapsed: 4.02
batch elapsed: 19.51
batch elapsed: 26.84
batch elapsed: 8.61
batch elapsed: 4.44
batch elapsed: 4.37
batch elapsed: 25.64
batch elapsed: 21.04
batch elapsed: 4.26
batch elapsed: 4.27
batch elapsed: 15.26
batch elapsed: 27.57
batch elapsed: 12.86
batch elapsed: 4.50
batch elapsed: 4.17
batch elapsed: 14.77
batch elapsed: 25.28
batch elapsed: 13.81
batch elapsed: 4.32
batch elapsed: 3.95
batch elapsed: 17.09
batch elapsed: 26.89
batch elapsed: 3.88
batch elapsed: 4.40
batch elapsed: 6.04
batch elapsed: 26.58
batch elapsed: 19.90
batch elapsed: 4.26
batch elapsed: 4.46
batch elapsed: 8.65
batch elapsed: 29.24
batch elapsed: 24.88
batch elapsed: 4.56
batch elapsed: 4.81
batch elapsed: 3.95
batch elapsed: 22.65
batch elapsed: 28.84
batch elapsed: 15.37
batch elapsed: 4.43
batch elapsed: 4.11
batch elapsed: 13.52
batch elapsed: 29.07
batch elapsed: 18.97
batch elapsed: 4.26
batch elapsed: 3.97
batch elapsed: 14.45
batch elapsed: 26.82
batch elapsed: 10.26
batch elapsed: 4.56
batch elapsed: 3.97
batch elapsed: 14.60
batch elapsed: 30.85
batch elapsed: 20.16
batch elapsed: 4.10
batch elapsed: 4.11
batch elapsed: 10.06
batch elapsed: 28.34
batch elapsed: 27.25
batch elapsed: 7.29
batch elapsed: 4.71
batch elapsed: 4.13
batch elapsed: 21.68
batch elapsed: 28.00
batch elapsed: 13.06
batch elapsed: 4.57
batch elapsed: 4.06
batch elapsed: 19.32
batch elapsed: 27.27
batch elapsed: 8.70
batch elapsed: 4.47
batch elapsed: 4.02
batch elapsed: 23.58
batch elapsed: 28.93
batch elapsed: 10.58
batch elapsed: 4.65
batch elapsed: 4.26
batch elapsed: 18.46
batch elapsed: 26.26
batch elapsed: 6.34
batch elapsed: 4.34
batch elapsed: 6.95
batch elapsed: 29.94
batch elapsed: 9.89
batch elapsed: 4.51
batch elapsed: 4.00
batch elapsed: 22.67
batch elapsed: 24.49
batch elapsed: 4.07
batch elapsed: 4.48
batch elapsed: 9.88
batch elapsed: 28.21
batch elapsed: 22.30
batch elapsed: 3.84
batch elapsed: 4.38
batch elapsed: 4.44
batch elapsed: 26.81
batch elapsed: 19.67
batch elapsed: 4.24
batch elapsed: 4.14
batch elapsed: 12.10
batch elapsed: 30.90
batch elapsed: 21.94
batch elapsed: 4.01
batch elapsed: 4.18
batch elapsed: 8.22
batch elapsed: 28.41
batch elapsed: 9.41
batch elapsed: 4.65
batch elapsed: 4.46
batch elapsed: 23.15
batch elapsed: 21.70
batch elapsed: 4.17
batch elapsed: 4.04
batch elapsed: 10.65
batch elapsed: 25.14
batch elapsed: 17.61
batch elapsed: 4.07
batch elapsed: 4.32
batch elapsed: 8.94
batch elapsed: 28.50
batch elapsed: 18.25
batch elapsed: 4.51
batch elapsed: 4.17
batch elapsed: 15.16
batch elapsed: 28.59
batch elapsed: 9.45
batch elapsed: 4.62
batch elapsed: 4.17
batch elapsed: 24.12
batch elapsed: 19.11
batch elapsed: 4.12
batch elapsed: 4.32
batch elapsed: 8.65
batch elapsed: 27.77
batch elapsed: 13.18
batch elapsed: 4.37
batch elapsed: 3.97
batch elapsed: 17.93
batch elapsed: 16.42
batch elapsed: 4.50
batch elapsed: 3.93
batch elapsed: 16.61
batch elapsed: 28.96
batch elapsed: 12.30
batch elapsed: 4.63
batch elapsed: 3.98
batch elapsed: 16.15
batch elapsed: 27.32
batch elapsed: 13.70
batch elapsed: 4.36
batch elapsed: 4.04
batch elapsed: 16.26
batch elapsed: 20.83
batch elapsed: 4.22
batch elapsed: 4.09
batch elapsed: 13.76
batch elapsed: 29.60
batch elapsed: 20.40
batch elapsed: 3.92
batch elapsed: 4.38
batch elapsed: 7.61
batch elapsed: 25.65
batch elapsed: 7.93
batch elapsed: 4.35
batch elapsed: 3.95
batch elapsed: 22.37
batch elapsed: 25.90
batch elapsed: 9.27
batch elapsed: 4.50
batch elapsed: 4.16
batch elapsed: 25.68
batch elapsed: 18.90
batch elapsed: 4.38
batch elapsed: 4.27
batch elapsed: 10.68
batch elapsed: 29.97
batch elapsed: 23.67
batch elapsed: 4.19
batch elapsed: 3.53
batch elapsed: 3.55
batch elapsed: 3.60
batch elapsed: 3.55
batch elapsed: 3.60
batch elapsed: 3.56
batch elapsed: 3.55
batch elapsed: 3.55
batch elapsed: 3.55
batch elapsed: 3.57
batch elapsed: 3.58
batch elapsed: 3.52
batch elapsed: 3.59
batch elapsed: 3.56
batch elapsed: 3.58
batch elapsed: 3.52
batch elapsed: 3.60
batch elapsed: 3.54
batch elapsed: 3.58
batch elapsed: 3.59
batch elapsed: 3.58
batch elapsed: 3.65
batch elapsed: 3.80
batch elapsed: 3.98
batch elapsed: 10.16
batch elapsed: 3.88
batch elapsed: 3.70
batch elapsed: 10.38
batch elapsed: 3.83
batch elapsed: 7.88
batch elapsed: 3.76
batch elapsed: 7.07
batch elapsed: 4.47
batch elapsed: 4.37
batch elapsed: 9.01
batch elapsed: 3.81
batch elapsed: 7.34
batch elapsed: 3.86
batch elapsed: 5.64
batch elapsed: 3.77
batch elapsed: 5.21
batch elapsed: 8.26
batch elapsed: 3.82
batch elapsed: 8.91
batch elapsed: 3.77
batch elapsed: 5.42
batch elapsed: 7.28
batch elapsed: 3.62
batch elapsed: 3.54
batch elapsed: 3.57
batch elapsed: 3.60
batch elapsed: 3.54
batch elapsed: 3.53
batch elapsed: 3.55
batch elapsed: 3.56
batch elapsed: 3.54
batch elapsed: 3.59
batch elapsed: 3.55
batch elapsed: 3.55
batch elapsed: 3.54
batch elapsed: 3.51
batch elapsed: 3.55
batch elapsed: 3.55
batch elapsed: 3.53
batch elapsed: 3.59
batch elapsed: 3.59
batch elapsed: 3.56
batch elapsed: 3.54
batch elapsed: 3.54
batch elapsed: 3.55
batch elapsed: 3.64
batch elapsed: 3.88
batch elapsed: 4.01
batch elapsed: 8.03
batch elapsed: 5.95
batch elapsed: 3.81
batch elapsed: 10.27
batch elapsed: 3.77
batch elapsed: 7.02
batch elapsed: 4.51
batch elapsed: 4.39
batch elapsed: 7.02
batch elapsed: 3.71
batch elapsed: 9.69
batch elapsed: 3.75
batch elapsed: 7.40
batch elapsed: 3.69
batch elapsed: 5.08
batch elapsed: 4.17
batch elapsed: 3.78
batch elapsed: 9.78
batch elapsed: 3.72
batch elapsed: 5.23
batch elapsed: 7.20
batch elapsed: 3.67
batch elapsed: 9.20
batch elapsed: 3.61
batch elapsed: 3.60
batch elapsed: 3.55
batch elapsed: 3.51
batch elapsed: 3.50
batch elapsed: 3.60
batch elapsed: 3.54
batch elapsed: 3.59
batch elapsed: 3.60
batch elapsed: 3.58
batch elapsed: 3.57
batch elapsed: 3.57
batch elapsed: 3.56
batch elapsed: 3.60
batch elapsed: 3.58
batch elapsed: 3.57
batch elapsed: 3.60
batch elapsed: 3.56
batch elapsed: 3.54
batch elapsed: 3.57
batch elapsed: 3.56
batch elapsed: 3.42
batch elapsed: 3.54
batch elapsed: 3.61
batch elapsed: 3.56
batch elapsed: 3.53
batch elapsed: 3.58
batch elapsed: 3.56
batch elapsed: 3.56
batch elapsed: 3.60
batch elapsed: 3.64
batch elapsed: 3.56
batch elapsed: 3.71
batch elapsed: 3.58
batch elapsed: 3.56
batch elapsed: 3.59
batch elapsed: 3.57
batch elapsed: 3.59
batch elapsed: 3.59
batch elapsed: 3.55
batch elapsed: 3.79
batch elapsed: 4.26
batch elapsed: 3.72
batch elapsed: 18.39
batch elapsed: 9.34
batch elapsed: 3.98
batch elapsed: 6.18
batch elapsed: 21.75
batch elapsed: 3.80
batch elapsed: 3.90
batch elapsed: 13.57
batch elapsed: 6.57
batch elapsed: 3.87
batch elapsed: 11.81
batch elapsed: 7.79
batch elapsed: 3.83
batch elapsed: 10.14
batch elapsed: 15.65
batch elapsed: 3.99
batch elapsed: 3.73
batch elapsed: 15.07
batch elapsed: 4.02
batch elapsed: 3.73
batch elapsed: 4.55
batch elapsed: 3.57
batch elapsed: 3.58
batch elapsed: 4.47
batch elapsed: 5.42
batch elapsed: 4.43
batch elapsed: 5.92
batch elapsed: 21.99
batch elapsed: 4.98
batch elapsed: 3.50
batch elapsed: 3.58
batch elapsed: 3.58
batch elapsed: 3.56
batch elapsed: 3.54
batch elapsed: 3.56
batch elapsed: 3.55
batch elapsed: 3.53
batch elapsed: 3.38
batch elapsed: 3.58
batch elapsed: 3.53
batch elapsed: 3.58
batch elapsed: 3.58
batch elapsed: 3.54
batch elapsed: 3.60
batch elapsed: 3.59
batch elapsed: 4.52
batch elapsed: 5.39
batch elapsed: 4.31
batch elapsed: 9.45
batch elapsed: 27.20
batch elapsed: 23.92
batch elapsed: 3.80
batch elapsed: 4.32
batch elapsed: 8.42
batch elapsed: 28.60
batch elapsed: 9.83
batch elapsed: 4.47
batch elapsed: 4.16
batch elapsed: 23.91
batch elapsed: 19.13
batch elapsed: 4.12
batch elapsed: 4.00
batch elapsed: 14.00
batch elapsed: 23.57
batch elapsed: 7.16
batch elapsed: 4.48
batch elapsed: 7.14
batch elapsed: 28.41
batch elapsed: 13.55
batch elapsed: 4.78
batch elapsed: 4.09
batch elapsed: 16.45
batch elapsed: 27.54
batch elapsed: 26.03
batch elapsed: 18.24
batch elapsed: 3.96
batch elapsed: 4.49
batch elapsed: 5.64
batch elapsed: 27.14
batch elapsed: 30.24
batch elapsed: 8.14
batch elapsed: 4.78
batch elapsed: 4.39
batch elapsed: 25.44
batch elapsed: 16.91
batch elapsed: 4.32
batch elapsed: 4.17
batch elapsed: 16.24
batch elapsed: 27.85
batch elapsed: 11.43
batch elapsed: 4.32
batch elapsed: 4.04
batch elapsed: 22.82
batch elapsed: 24.25
batch elapsed: 4.17
batch elapsed: 4.35
batch elapsed: 11.49
batch elapsed: 31.13
batch elapsed: 13.70
batch elapsed: 4.65
batch elapsed: 4.06
batch elapsed: 15.86
batch elapsed: 26.04
batch elapsed: 12.02
batch elapsed: 4.46
batch elapsed: 4.01
batch elapsed: 20.29
batch elapsed: 23.60
batch elapsed: 4.06
batch elapsed: 4.70
batch elapsed: 10.39
batch elapsed: 26.12
batch elapsed: 16.12
batch elapsed: 4.69
batch elapsed: 4.28
batch elapsed: 14.43
batch elapsed: 26.97
batch elapsed: 21.70
batch elapsed: 3.97
batch elapsed: 4.56
batch elapsed: 5.65
batch elapsed: 24.19
batch elapsed: 27.68
batch elapsed: 13.00
batch elapsed: 4.42
batch elapsed: 4.10
batch elapsed: 18.15
batch elapsed: 28.18
batch elapsed: 15.16
batch elapsed: 4.34
batch elapsed: 4.22
batch elapsed: 18.36
batch elapsed: 26.49
batch elapsed: 6.61
batch elapsed: 4.66
batch elapsed: 4.04
batch elapsed: 19.53
batch elapsed: 29.43
batch elapsed: 16.46
batch elapsed: 4.16
batch elapsed: 4.20
batch elapsed: 14.67
batch elapsed: 29.13
batch elapsed: 25.88
batch elapsed: 3.80
batch elapsed: 4.50
batch elapsed: 5.36
batch elapsed: 24.81
batch elapsed: 28.89
batch elapsed: 7.67
batch elapsed: 4.59
batch elapsed: 4.04
batch elapsed: 22.86
batch elapsed: 26.96
batch elapsed: 5.28
batch elapsed: 4.58
batch elapsed: 7.25
batch elapsed: 30.82
batch elapsed: 24.00
batch elapsed: 5.26
batch elapsed: 4.56
batch elapsed: 3.90
batch elapsed: 24.86
batch elapsed: 22.55
batch elapsed: 4.19
batch elapsed: 4.11
batch elapsed: 13.00
batch elapsed: 29.07
batch elapsed: 5.26
batch elapsed: 4.38
batch elapsed: 9.09
batch elapsed: 29.00
batch elapsed: 13.12
batch elapsed: 4.43
batch elapsed: 3.99
batch elapsed: 19.72
batch elapsed: 27.52
batch elapsed: 13.27
batch elapsed: 4.22
batch elapsed: 4.28
batch elapsed: 17.61
batch elapsed: 30.18
batch elapsed: 4.01
batch elapsed: 4.32
batch elapsed: 6.65
batch elapsed: 27.01
batch elapsed: 29.42
batch elapsed: 5.69
batch elapsed: 4.24
batch elapsed: 4.44
batch elapsed: 25.64
batch elapsed: 16.39
batch elapsed: 4.67
batch elapsed: 4.16
batch elapsed: 22.39
batch elapsed: 23.48
batch elapsed: 4.29
batch elapsed: 4.23
batch elapsed: 12.77
batch elapsed: 28.47
batch elapsed: 12.95
batch elapsed: 4.38
batch elapsed: 4.05
batch elapsed: 15.18
batch elapsed: 31.55
batch elapsed: 9.49
batch elapsed: 4.60
batch elapsed: 4.43
batch elapsed: 26.37
batch elapsed: 22.95
batch elapsed: 4.27
batch elapsed: 4.44
batch elapsed: 12.39
batch elapsed: 27.36
batch elapsed: 7.48
batch elapsed: 4.63
batch elapsed: 3.97
batch elapsed: 22.93
batch elapsed: 23.06
batch elapsed: 3.91
batch elapsed: 4.40
batch elapsed: 7.86
batch elapsed: 24.93
batch elapsed: 5.41
batch elapsed: 4.30
batch elapsed: 6.86
batch elapsed: 27.25
batch elapsed: 24.29
batch elapsed: 4.11
batch elapsed: 4.44
batch elapsed: 9.48
batch elapsed: 27.65
batch elapsed: 20.22
batch elapsed: 3.99
batch elapsed: 4.24
batch elapsed: 9.64
batch elapsed: 27.51
batch elapsed: 4.48
batch elapsed: 4.36
batch elapsed: 9.48
batch elapsed: 29.41
batch elapsed: 25.12
batch elapsed: 3.75
batch elapsed: 4.48
batch elapsed: 5.52
batch elapsed: 25.87
batch elapsed: 10.18
batch elapsed: 4.41
batch elapsed: 3.86
batch elapsed: 21.72
batch elapsed: 27.72
batch elapsed: 8.68
batch elapsed: 4.44
batch elapsed: 4.22
batch elapsed: 26.88
batch elapsed: 17.59
batch elapsed: 4.66
batch elapsed: 4.21
batch elapsed: 12.52
batch elapsed: 28.83
batch elapsed: 22.64
batch elapsed: 4.24
batch elapsed: 4.37
batch elapsed: 16.67
