nohup: ignoring input
Using cuda device
Wrapping the env with a `Monitor` wrapper
Wrapping the env in a DummyVecEnv.
Wrapping the env with a `Monitor` wrapper
Wrapping the env in a DummyVecEnv.
Wrapping the env with a `Monitor` wrapper
Wrapping the env in a DummyVecEnv.
Wrapping the env with a `Monitor` wrapper
Wrapping the env in a DummyVecEnv.
Wrapping the env with a `Monitor` wrapper
Wrapping the env in a DummyVecEnv.
Wrapping the env with a `Monitor` wrapper
Wrapping the env in a DummyVecEnv.
Wrapping the env with a `Monitor` wrapper
Wrapping the env in a DummyVecEnv.
Wrapping the env with a `Monitor` wrapper
Wrapping the env in a DummyVecEnv.
Wrapping the env with a `Monitor` wrapper
Wrapping the env in a DummyVecEnv.
Wrapping the env with a `Monitor` wrapper
Wrapping the env in a DummyVecEnv.
Wrapping the env with a `Monitor` wrapper
Wrapping the env in a DummyVecEnv.
----------------------------------------
| rollout/              |              |
|    ep_len_mean        | 500          |
|    ep_rew_mean        | -4.45e+03    |
| time/                 |              |
|    fps                | 11           |
|    iterations         | 100          |
|    time_elapsed       | 72           |
|    total_timesteps    | 800          |
| train/                |              |
|    c_learning_rate    | 0.0005       |
|    d_grad_norm        | 1.15         |
|    d_learning_rate    | 0.005        |
|    entropy_loss       | -1.12        |
|    explained_variance | 0.0029677749 |
|    n_updates          | 99           |
|    policy_loss        | -15.7        |
|    std                | 1.01         |
|    u_grad_norm        | 0.012        |
|    u_learning_rate    | 0.001        |
|    v_grad_norm        | 1.04         |
|    value_loss         | 641          |
----------------------------------------
Using cuda device
Wrapping the env with a `Monitor` wrapper
Wrapping the env in a DummyVecEnv.
Wrapping the env with a `Monitor` wrapper
Wrapping the env in a DummyVecEnv.
Wrapping the env with a `Monitor` wrapper
Wrapping the env in a DummyVecEnv.
Wrapping the env with a `Monitor` wrapper
Wrapping the env in a DummyVecEnv.
Wrapping the env with a `Monitor` wrapper
Wrapping the env in a DummyVecEnv.
Wrapping the env with a `Monitor` wrapper
Wrapping the env in a DummyVecEnv.
Wrapping the env with a `Monitor` wrapper
Wrapping the env in a DummyVecEnv.
Wrapping the env with a `Monitor` wrapper
Wrapping the env in a DummyVecEnv.
Wrapping the env with a `Monitor` wrapper
Wrapping the env in a DummyVecEnv.
Wrapping the env with a `Monitor` wrapper
Wrapping the env in a DummyVecEnv.
Wrapping the env with a `Monitor` wrapper
Wrapping the env in a DummyVecEnv.
---------------------------------------
| rollout/              |             |
|    ep_len_mean        | 500         |
|    ep_rew_mean        | -4.56e+03   |
| time/                 |             |
|    fps                | 10          |
|    iterations         | 100         |
|    time_elapsed       | 72          |
|    total_timesteps    | 800         |
| train/                |             |
|    c_learning_rate    | 0.0005      |
|    d_grad_norm        | 1.08        |
|    d_learning_rate    | 0.005       |
|    entropy_loss       | -1.29       |
|    explained_variance | 0.001137495 |
|    n_updates          | 99          |
|    policy_loss        | -28.3       |
|    std                | 0.994       |
|    u_grad_norm        | 0.0186      |
|    u_learning_rate    | 0.001       |
|    v_grad_norm        | 0.927       |
|    value_loss         | 884         |
---------------------------------------
Using cuda device
Wrapping the env with a `Monitor` wrapper
Wrapping the env in a DummyVecEnv.
Wrapping the env with a `Monitor` wrapper
Wrapping the env in a DummyVecEnv.
Wrapping the env with a `Monitor` wrapper
Wrapping the env in a DummyVecEnv.
Wrapping the env with a `Monitor` wrapper
Wrapping the env in a DummyVecEnv.
Wrapping the env with a `Monitor` wrapper
Wrapping the env in a DummyVecEnv.
Wrapping the env with a `Monitor` wrapper
Wrapping the env in a DummyVecEnv.
Wrapping the env with a `Monitor` wrapper
Wrapping the env in a DummyVecEnv.
Wrapping the env with a `Monitor` wrapper
Wrapping the env in a DummyVecEnv.
Wrapping the env with a `Monitor` wrapper
Wrapping the env in a DummyVecEnv.
Wrapping the env with a `Monitor` wrapper
Wrapping the env in a DummyVecEnv.
Wrapping the env with a `Monitor` wrapper
Wrapping the env in a DummyVecEnv.
------------------------------------------
| rollout/              |                |
|    ep_len_mean        | 500            |
|    ep_rew_mean        | -4.44e+03      |
| time/                 |                |
|    fps                | 10             |
|    iterations         | 100            |
|    time_elapsed       | 72             |
|    total_timesteps    | 800            |
| train/                |                |
|    c_learning_rate    | 0.0005         |
|    d_grad_norm        | 1.09           |
|    d_learning_rate    | 0.005          |
|    entropy_loss       | -0.533         |
|    explained_variance | -0.00058186054 |
|    n_updates          | 99             |
|    policy_loss        | -15            |
|    std                | 1.02           |
|    u_grad_norm        | 0.27           |
|    u_learning_rate    | 0.001          |
|    v_grad_norm        | 0.938          |
|    value_loss         | 884            |
------------------------------------------
Using cuda device
Wrapping the env with a `Monitor` wrapper
Wrapping the env in a DummyVecEnv.
Wrapping the env with a `Monitor` wrapper
Wrapping the env in a DummyVecEnv.
Wrapping the env with a `Monitor` wrapper
Wrapping the env in a DummyVecEnv.
Wrapping the env with a `Monitor` wrapper
Wrapping the env in a DummyVecEnv.
Wrapping the env with a `Monitor` wrapper
Wrapping the env in a DummyVecEnv.
Wrapping the env with a `Monitor` wrapper
Wrapping the env in a DummyVecEnv.
Wrapping the env with a `Monitor` wrapper
Wrapping the env in a DummyVecEnv.
Wrapping the env with a `Monitor` wrapper
Wrapping the env in a DummyVecEnv.
Wrapping the env with a `Monitor` wrapper
Wrapping the env in a DummyVecEnv.
Wrapping the env with a `Monitor` wrapper
Wrapping the env in a DummyVecEnv.
Wrapping the env with a `Monitor` wrapper
Wrapping the env in a DummyVecEnv.
----------------------------------------
| rollout/              |              |
|    ep_len_mean        | 500          |
|    ep_rew_mean        | -3.8e+03     |
| time/                 |              |
|    fps                | 10           |
|    iterations         | 100          |
|    time_elapsed       | 72           |
|    total_timesteps    | 800          |
| train/                |              |
|    c_learning_rate    | 0.0005       |
|    d_grad_norm        | 1.17         |
|    d_learning_rate    | 0.005        |
|    entropy_loss       | -1.36        |
|    explained_variance | -0.006814003 |
|    n_updates          | 99           |
|    policy_loss        | -58.8        |
|    std                | 1.01         |
|    u_grad_norm        | 0.11         |
|    u_learning_rate    | 0.001        |
|    v_grad_norm        | 1.02         |
|    value_loss         | 614          |
----------------------------------------
Using cuda device
Wrapping the env with a `Monitor` wrapper
Wrapping the env in a DummyVecEnv.
Wrapping the env with a `Monitor` wrapper
Wrapping the env in a DummyVecEnv.
Wrapping the env with a `Monitor` wrapper
Wrapping the env in a DummyVecEnv.
Wrapping the env with a `Monitor` wrapper
Wrapping the env in a DummyVecEnv.
Wrapping the env with a `Monitor` wrapper
Wrapping the env in a DummyVecEnv.
Wrapping the env with a `Monitor` wrapper
Wrapping the env in a DummyVecEnv.
Wrapping the env with a `Monitor` wrapper
Wrapping the env in a DummyVecEnv.
Wrapping the env with a `Monitor` wrapper
Wrapping the env in a DummyVecEnv.
Wrapping the env with a `Monitor` wrapper
Wrapping the env in a DummyVecEnv.
Wrapping the env with a `Monitor` wrapper
Wrapping the env in a DummyVecEnv.
Wrapping the env with a `Monitor` wrapper
Wrapping the env in a DummyVecEnv.
-----------------------------------------
| rollout/              |               |
|    ep_len_mean        | 500           |
|    ep_rew_mean        | -4.31e+03     |
| time/                 |               |
|    fps                | 10            |
|    iterations         | 100           |
|    time_elapsed       | 72            |
|    total_timesteps    | 800           |
| train/                |               |
|    c_learning_rate    | 0.0005        |
|    d_grad_norm        | 1.09          |
|    d_learning_rate    | 0.005         |
|    entropy_loss       | -1.2          |
|    explained_variance | 0.00043445826 |
|    n_updates          | 99            |
|    policy_loss        | -47           |
|    std                | 0.996         |
|    u_grad_norm        | 0.432         |
|    u_learning_rate    | 0.001         |
|    v_grad_norm        | 0.96          |
|    value_loss         | 903           |
-----------------------------------------
Using cuda device
Wrapping the env with a `Monitor` wrapper
Wrapping the env in a DummyVecEnv.
Wrapping the env with a `Monitor` wrapper
Wrapping the env in a DummyVecEnv.
Wrapping the env with a `Monitor` wrapper
Wrapping the env in a DummyVecEnv.
Wrapping the env with a `Monitor` wrapper
Wrapping the env in a DummyVecEnv.
Wrapping the env with a `Monitor` wrapper
Wrapping the env in a DummyVecEnv.
Wrapping the env with a `Monitor` wrapper
Wrapping the env in a DummyVecEnv.
Wrapping the env with a `Monitor` wrapper
Wrapping the env in a DummyVecEnv.
Wrapping the env with a `Monitor` wrapper
Wrapping the env in a DummyVecEnv.
Wrapping the env with a `Monitor` wrapper
Wrapping the env in a DummyVecEnv.
Wrapping the env with a `Monitor` wrapper
Wrapping the env in a DummyVecEnv.
Wrapping the env with a `Monitor` wrapper
Wrapping the env in a DummyVecEnv.
------------------------------------------
| rollout/              |                |
|    ep_len_mean        | 500            |
|    ep_rew_mean        | -4.67e+03      |
| time/                 |                |
|    fps                | 10             |
|    iterations         | 100            |
|    time_elapsed       | 73             |
|    total_timesteps    | 800            |
| train/                |                |
|    c_learning_rate    | 0.0005         |
|    d_grad_norm        | 1.09           |
|    d_learning_rate    | 0.005          |
|    entropy_loss       | -0.877         |
|    explained_variance | -0.00010120869 |
|    n_updates          | 99             |
|    policy_loss        | -11.2          |
|    std                | 0.994          |
|    u_grad_norm        | 0.0865         |
|    u_learning_rate    | 0.001          |
|    v_grad_norm        | 0.981          |
|    value_loss         | 883            |
------------------------------------------
Using cuda device
Wrapping the env with a `Monitor` wrapper
Wrapping the env in a DummyVecEnv.
Wrapping the env with a `Monitor` wrapper
Wrapping the env in a DummyVecEnv.
Wrapping the env with a `Monitor` wrapper
Wrapping the env in a DummyVecEnv.
Wrapping the env with a `Monitor` wrapper
Wrapping the env in a DummyVecEnv.
Wrapping the env with a `Monitor` wrapper
Wrapping the env in a DummyVecEnv.
Wrapping the env with a `Monitor` wrapper
Wrapping the env in a DummyVecEnv.
Wrapping the env with a `Monitor` wrapper
Wrapping the env in a DummyVecEnv.
Wrapping the env with a `Monitor` wrapper
Wrapping the env in a DummyVecEnv.
Wrapping the env with a `Monitor` wrapper
Wrapping the env in a DummyVecEnv.
Wrapping the env with a `Monitor` wrapper
Wrapping the env in a DummyVecEnv.
Wrapping the env with a `Monitor` wrapper
Wrapping the env in a DummyVecEnv.
----------------------------------------
| rollout/              |              |
|    ep_len_mean        | 500          |
|    ep_rew_mean        | -4.23e+03    |
| time/                 |              |
|    fps                | 10           |
|    iterations         | 100          |
|    time_elapsed       | 73           |
|    total_timesteps    | 800          |
| train/                |              |
|    c_learning_rate    | 0.0005       |
|    d_grad_norm        | 1.08         |
|    d_learning_rate    | 0.005        |
|    entropy_loss       | -0.902       |
|    explained_variance | 0.0021768212 |
|    n_updates          | 99           |
|    policy_loss        | -55.8        |
|    std                | 1.02         |
|    u_grad_norm        | 0.336        |
|    u_learning_rate    | 0.001        |
|    v_grad_norm        | 0.923        |
|    value_loss         | 892          |
----------------------------------------
Using cuda device
Wrapping the env with a `Monitor` wrapper
Wrapping the env in a DummyVecEnv.
Wrapping the env with a `Monitor` wrapper
Wrapping the env in a DummyVecEnv.
Wrapping the env with a `Monitor` wrapper
Wrapping the env in a DummyVecEnv.
Wrapping the env with a `Monitor` wrapper
Wrapping the env in a DummyVecEnv.
Wrapping the env with a `Monitor` wrapper
Wrapping the env in a DummyVecEnv.
Wrapping the env with a `Monitor` wrapper
Wrapping the env in a DummyVecEnv.
Wrapping the env with a `Monitor` wrapper
Wrapping the env in a DummyVecEnv.
Wrapping the env with a `Monitor` wrapper
Wrapping the env in a DummyVecEnv.
Wrapping the env with a `Monitor` wrapper
Wrapping the env in a DummyVecEnv.
Wrapping the env with a `Monitor` wrapper
Wrapping the env in a DummyVecEnv.
Wrapping the env with a `Monitor` wrapper
Wrapping the env in a DummyVecEnv.
---------------------------------------
| rollout/              |             |
|    ep_len_mean        | 500         |
|    ep_rew_mean        | -4.63e+03   |
| time/                 |             |
|    fps                | 10          |
|    iterations         | 100         |
|    time_elapsed       | 73          |
|    total_timesteps    | 800         |
| train/                |             |
|    c_learning_rate    | 0.0005      |
|    d_grad_norm        | 1.12        |
|    d_learning_rate    | 0.005       |
|    entropy_loss       | -1.3        |
|    explained_variance | -0.24391258 |
|    n_updates          | 99          |
|    policy_loss        | -18.7       |
|    std                | 1.01        |
|    u_grad_norm        | 0.00639     |
|    u_learning_rate    | 0.001       |
|    v_grad_norm        | 1.13        |
|    value_loss         | 478         |
---------------------------------------
Using cuda device
Wrapping the env with a `Monitor` wrapper
Wrapping the env in a DummyVecEnv.
Wrapping the env with a `Monitor` wrapper
Wrapping the env in a DummyVecEnv.
Wrapping the env with a `Monitor` wrapper
Wrapping the env in a DummyVecEnv.
Wrapping the env with a `Monitor` wrapper
Wrapping the env in a DummyVecEnv.
Wrapping the env with a `Monitor` wrapper
Wrapping the env in a DummyVecEnv.
Wrapping the env with a `Monitor` wrapper
Wrapping the env in a DummyVecEnv.
Wrapping the env with a `Monitor` wrapper
Wrapping the env in a DummyVecEnv.
Wrapping the env with a `Monitor` wrapper
Wrapping the env in a DummyVecEnv.
Wrapping the env with a `Monitor` wrapper
Wrapping the env in a DummyVecEnv.
Wrapping the env with a `Monitor` wrapper
Wrapping the env in a DummyVecEnv.
Wrapping the env with a `Monitor` wrapper
Wrapping the env in a DummyVecEnv.
----------------------------------------
| rollout/              |              |
|    ep_len_mean        | 500          |
|    ep_rew_mean        | -4.21e+03    |
| time/                 |              |
|    fps                | 10           |
|    iterations         | 100          |
|    time_elapsed       | 73           |
|    total_timesteps    | 800          |
| train/                |              |
|    c_learning_rate    | 0.0005       |
|    d_grad_norm        | 0.824        |
|    d_learning_rate    | 0.005        |
|    entropy_loss       | -2.11        |
|    explained_variance | -0.113162756 |
|    n_updates          | 99           |
|    policy_loss        | -145         |
|    std                | 1.01         |
|    u_grad_norm        | 0.246        |
|    u_learning_rate    | 0.001        |
|    v_grad_norm        | 0.846        |
|    value_loss         | 880          |
----------------------------------------
Using cuda device
Wrapping the env with a `Monitor` wrapper
Wrapping the env in a DummyVecEnv.
Wrapping the env with a `Monitor` wrapper
Wrapping the env in a DummyVecEnv.
Wrapping the env with a `Monitor` wrapper
Wrapping the env in a DummyVecEnv.
Wrapping the env with a `Monitor` wrapper
Wrapping the env in a DummyVecEnv.
Wrapping the env with a `Monitor` wrapper
Wrapping the env in a DummyVecEnv.
Wrapping the env with a `Monitor` wrapper
Wrapping the env in a DummyVecEnv.
Wrapping the env with a `Monitor` wrapper
Wrapping the env in a DummyVecEnv.
Wrapping the env with a `Monitor` wrapper
Wrapping the env in a DummyVecEnv.
Wrapping the env with a `Monitor` wrapper
Wrapping the env in a DummyVecEnv.
Wrapping the env with a `Monitor` wrapper
Wrapping the env in a DummyVecEnv.
Wrapping the env with a `Monitor` wrapper
Wrapping the env in a DummyVecEnv.
-----------------------------------------
| rollout/              |               |
|    ep_len_mean        | 500           |
|    ep_rew_mean        | -4.76e+03     |
| time/                 |               |
|    fps                | 10            |
|    iterations         | 100           |
|    time_elapsed       | 73            |
|    total_timesteps    | 800           |
| train/                |               |
|    c_learning_rate    | 0.0005        |
|    d_grad_norm        | 1.08          |
|    d_learning_rate    | 0.005         |
|    entropy_loss       | -1.01         |
|    explained_variance | -0.0005943775 |
|    n_updates          | 99            |
|    policy_loss        | -16.4         |
|    std                | 1.01          |
|    u_grad_norm        | 0.0911        |
|    u_learning_rate    | 0.001         |
|    v_grad_norm        | 0.964         |
|    value_loss         | 892           |
-----------------------------------------
----------------------------------------
| rollout/              |              |
|    ep_len_mean        | 500          |
|    ep_rew_mean        | -4.14e+03    |
| time/                 |              |
|    fps                | 10           |
|    iterations         | 200          |
|    time_elapsed       | 146          |
|    total_timesteps    | 1600         |
| train/                |              |
|    c_learning_rate    | 0.0005       |
|    d_grad_norm        | 1.17         |
|    d_learning_rate    | 0.005        |
|    entropy_loss       | -0.97        |
|    explained_variance | -0.011625409 |
|    n_updates          | 199          |
|    policy_loss        | -36.9        |
|    std                | 0.988        |
|    u_grad_norm        | 0.083        |
|    u_learning_rate    | 0.001        |
|    v_grad_norm        | 0.933        |
|    value_loss         | 829          |
----------------------------------------
---------------------------------------
| rollout/              |             |
|    ep_len_mean        | 500         |
|    ep_rew_mean        | -4.5e+03    |
| time/                 |             |
|    fps                | 10          |
|    iterations         | 200         |
|    time_elapsed       | 146         |
|    total_timesteps    | 1600        |
| train/                |             |
|    c_learning_rate    | 0.0005      |
|    d_grad_norm        | 1.16        |
|    d_learning_rate    | 0.005       |
|    entropy_loss       | -1.05       |
|    explained_variance | 0.016391098 |
|    n_updates          | 199         |
|    policy_loss        | -15.1       |
|    std                | 1.01        |
|    u_grad_norm        | 0.00465     |
|    u_learning_rate    | 0.001       |
|    v_grad_norm        | 1.01        |
|    value_loss         | 834         |
---------------------------------------
--------------------------------------
| rollout/              |            |
|    ep_len_mean        | 500        |
|    ep_rew_mean        | -4.41e+03  |
| time/                 |            |
|    fps                | 10         |
|    iterations         | 200        |
|    time_elapsed       | 146        |
|    total_timesteps    | 1600       |
| train/                |            |
|    c_learning_rate    | 0.0005     |
|    d_grad_norm        | 1.1        |
|    d_learning_rate    | 0.005      |
|    entropy_loss       | -1.53      |
|    explained_variance | -3.4881887 |
|    n_updates          | 199        |
|    policy_loss        | -20.7      |
|    std                | 0.987      |
|    u_grad_norm        | 0.176      |
|    u_learning_rate    | 0.001      |
|    v_grad_norm        | 0.937      |
|    value_loss         | 123        |
--------------------------------------
---------------------------------------
| rollout/              |             |
|    ep_len_mean        | 500         |
|    ep_rew_mean        | -4.5e+03    |
| time/                 |             |
|    fps                | 10          |
|    iterations         | 200         |
|    time_elapsed       | 146         |
|    total_timesteps    | 1600        |
| train/                |             |
|    c_learning_rate    | 0.0005      |
|    d_grad_norm        | 1.1         |
|    d_learning_rate    | 0.005       |
|    entropy_loss       | -1.1        |
|    explained_variance | -0.24122727 |
|    n_updates          | 199         |
|    policy_loss        | -14.5       |
|    std                | 1.03        |
|    u_grad_norm        | 0.0104      |
|    u_learning_rate    | 0.001       |
|    v_grad_norm        | 0.91        |
|    value_loss         | 603         |
---------------------------------------
--------------------------------------
| rollout/              |            |
|    ep_len_mean        | 500        |
|    ep_rew_mean        | -3.82e+03  |
| time/                 |            |
|    fps                | 10         |
|    iterations         | 200        |
|    time_elapsed       | 146        |
|    total_timesteps    | 1600       |
| train/                |            |
|    c_learning_rate    | 0.0005     |
|    d_grad_norm        | 0.85       |
|    d_learning_rate    | 0.005      |
|    entropy_loss       | -2.06      |
|    explained_variance | -0.1146462 |
|    n_updates          | 199        |
|    policy_loss        | -69.7      |
|    std                | 1.01       |
|    u_grad_norm        | 0.0874     |
|    u_learning_rate    | 0.001      |
|    v_grad_norm        | 0.962      |
|    value_loss         | 693        |
--------------------------------------
----------------------------------------
| rollout/              |              |
|    ep_len_mean        | 500          |
|    ep_rew_mean        | -4.33e+03    |
| time/                 |              |
|    fps                | 10           |
|    iterations         | 200          |
|    time_elapsed       | 146          |
|    total_timesteps    | 1600         |
| train/                |              |
|    c_learning_rate    | 0.0005       |
|    d_grad_norm        | 1.16         |
|    d_learning_rate    | 0.005        |
|    entropy_loss       | -1.22        |
|    explained_variance | -0.029824138 |
|    n_updates          | 199          |
|    policy_loss        | -19.2        |
|    std                | 0.994        |
|    u_grad_norm        | 0.0139       |
|    u_learning_rate    | 0.001        |
|    v_grad_norm        | 0.938        |
|    value_loss         | 748          |
----------------------------------------
--------------------------------------
| rollout/              |            |
|    ep_len_mean        | 500        |
|    ep_rew_mean        | -4.41e+03  |
| time/                 |            |
|    fps                | 10         |
|    iterations         | 200        |
|    time_elapsed       | 146        |
|    total_timesteps    | 1600       |
| train/                |            |
|    c_learning_rate    | 0.0005     |
|    d_grad_norm        | 0.854      |
|    d_learning_rate    | 0.005      |
|    entropy_loss       | -2.42      |
|    explained_variance | 0.27519554 |
|    n_updates          | 199        |
|    policy_loss        | -39        |
|    std                | 1.02       |
|    u_grad_norm        | 0.0151     |
|    u_learning_rate    | 0.001      |
|    v_grad_norm        | 0.873      |
|    value_loss         | 401        |
--------------------------------------
---------------------------------------
| rollout/              |             |
|    ep_len_mean        | 500         |
|    ep_rew_mean        | -4.31e+03   |
| time/                 |             |
|    fps                | 10          |
|    iterations         | 200         |
|    time_elapsed       | 146         |
|    total_timesteps    | 1600        |
| train/                |             |
|    c_learning_rate    | 0.0005      |
|    d_grad_norm        | 0.991       |
|    d_learning_rate    | 0.005       |
|    entropy_loss       | -1.8        |
|    explained_variance | 0.063176334 |
|    n_updates          | 199         |
|    policy_loss        | -65.8       |
|    std                | 1           |
|    u_grad_norm        | 0.15        |
|    u_learning_rate    | 0.001       |
|    v_grad_norm        | 1.03        |
|    value_loss         | 358         |
---------------------------------------
---------------------------------------
| rollout/              |             |
|    ep_len_mean        | 500         |
|    ep_rew_mean        | -4.41e+03   |
| time/                 |             |
|    fps                | 10          |
|    iterations         | 200         |
|    time_elapsed       | 147         |
|    total_timesteps    | 1600        |
| train/                |             |
|    c_learning_rate    | 0.0005      |
|    d_grad_norm        | 1.14        |
|    d_learning_rate    | 0.005       |
|    entropy_loss       | -1.06       |
|    explained_variance | 0.035417974 |
|    n_updates          | 199         |
|    policy_loss        | -82.4       |
|    std                | 1           |
|    u_grad_norm        | 0.188       |
|    u_learning_rate    | 0.001       |
|    v_grad_norm        | 0.877       |
|    value_loss         | 614         |
---------------------------------------
----------------------------------------
| rollout/              |              |
|    ep_len_mean        | 500          |
|    ep_rew_mean        | -3.71e+03    |
| time/                 |              |
|    fps                | 10           |
|    iterations         | 200          |
|    time_elapsed       | 147          |
|    total_timesteps    | 1600         |
| train/                |              |
|    c_learning_rate    | 0.0005       |
|    d_grad_norm        | 1.17         |
|    d_learning_rate    | 0.005        |
|    entropy_loss       | -1.2         |
|    explained_variance | 0.0012373328 |
|    n_updates          | 199          |
|    policy_loss        | -23.3        |
|    std                | 1.02         |
|    u_grad_norm        | 0.0395       |
|    u_learning_rate    | 0.001        |
|    v_grad_norm        | 0.947        |
|    value_loss         | 860          |
----------------------------------------
---------------------------------------
| rollout/              |             |
|    ep_len_mean        | 500         |
|    ep_rew_mean        | -4.3e+03    |
| time/                 |             |
|    fps                | 10          |
|    iterations         | 300         |
|    time_elapsed       | 220         |
|    total_timesteps    | 2400        |
| train/                |             |
|    c_learning_rate    | 0.0005      |
|    d_grad_norm        | 1.08        |
|    d_learning_rate    | 0.005       |
|    entropy_loss       | -0.983      |
|    explained_variance | 0.030939102 |
|    n_updates          | 299         |
|    policy_loss        | -16.8       |
|    std                | 0.989       |
|    u_grad_norm        | 0.0696      |
|    u_learning_rate    | 0.001       |
|    v_grad_norm        | 0.901       |
|    value_loss         | 588         |
---------------------------------------
---------------------------------------
| rollout/              |             |
|    ep_len_mean        | 500         |
|    ep_rew_mean        | -3.88e+03   |
| time/                 |             |
|    fps                | 10          |
|    iterations         | 300         |
|    time_elapsed       | 220         |
|    total_timesteps    | 2400        |
| train/                |             |
|    c_learning_rate    | 0.0005      |
|    d_grad_norm        | 1.09        |
|    d_learning_rate    | 0.005       |
|    entropy_loss       | -1.36       |
|    explained_variance | 0.038480997 |
|    n_updates          | 299         |
|    policy_loss        | -21         |
|    std                | 1.01        |
|    u_grad_norm        | 0.00637     |
|    u_learning_rate    | 0.001       |
|    v_grad_norm        | 0.861       |
|    value_loss         | 641         |
---------------------------------------
----------------------------------------
| rollout/              |              |
|    ep_len_mean        | 500          |
|    ep_rew_mean        | -4.32e+03    |
| time/                 |              |
|    fps                | 10           |
|    iterations         | 300          |
|    time_elapsed       | 220          |
|    total_timesteps    | 2400         |
| train/                |              |
|    c_learning_rate    | 0.0005       |
|    d_grad_norm        | 1.08         |
|    d_learning_rate    | 0.005        |
|    entropy_loss       | -1.11        |
|    explained_variance | -0.027222157 |
|    n_updates          | 299          |
|    policy_loss        | -41.1        |
|    std                | 0.996        |
|    u_grad_norm        | 0.0583       |
|    u_learning_rate    | 0.001        |
|    v_grad_norm        | 0.914        |
|    value_loss         | 502          |
----------------------------------------
---------------------------------------
| rollout/              |             |
|    ep_len_mean        | 500         |
|    ep_rew_mean        | -4.54e+03   |
| time/                 |             |
|    fps                | 10          |
|    iterations         | 300         |
|    time_elapsed       | 221         |
|    total_timesteps    | 2400        |
| train/                |             |
|    c_learning_rate    | 0.0005      |
|    d_grad_norm        | 1.08        |
|    d_learning_rate    | 0.005       |
|    entropy_loss       | -1.06       |
|    explained_variance | 0.030735552 |
|    n_updates          | 299         |
|    policy_loss        | -19.2       |
|    std                | 1.01        |
|    u_grad_norm        | 0.0187      |
|    u_learning_rate    | 0.001       |
|    v_grad_norm        | 0.916       |
|    value_loss         | 570         |
---------------------------------------
----------------------------------------
| rollout/              |              |
|    ep_len_mean        | 500          |
|    ep_rew_mean        | -4.51e+03    |
| time/                 |              |
|    fps                | 10           |
|    iterations         | 300          |
|    time_elapsed       | 221          |
|    total_timesteps    | 2400         |
| train/                |              |
|    c_learning_rate    | 0.0005       |
|    d_grad_norm        | 1.09         |
|    d_learning_rate    | 0.005        |
|    entropy_loss       | -0.553       |
|    explained_variance | 0.0053371787 |
|    n_updates          | 299          |
|    policy_loss        | -22.7        |
|    std                | 1.03         |
|    u_grad_norm        | 0.116        |
|    u_learning_rate    | 0.001        |
|    v_grad_norm        | 0.97         |
|    value_loss         | 446          |
----------------------------------------
--------------------------------------
| rollout/              |            |
|    ep_len_mean        | 500        |
|    ep_rew_mean        | -4.34e+03  |
| time/                 |            |
|    fps                | 10         |
|    iterations         | 300        |
|    time_elapsed       | 221        |
|    total_timesteps    | 2400       |
| train/                |            |
|    c_learning_rate    | 0.0005     |
|    d_grad_norm        | 1.08       |
|    d_learning_rate    | 0.005      |
|    entropy_loss       | -1.05      |
|    explained_variance | 0.29100794 |
|    n_updates          | 299        |
|    policy_loss        | -12        |
|    std                | 1.02       |
|    u_grad_norm        | 0.00594    |
|    u_learning_rate    | 0.001      |
|    v_grad_norm        | 0.89       |
|    value_loss         | 435        |
--------------------------------------
----------------------------------------
| rollout/              |              |
|    ep_len_mean        | 500          |
|    ep_rew_mean        | -4.33e+03    |
| time/                 |              |
|    fps                | 10           |
|    iterations         | 300          |
|    time_elapsed       | 221          |
|    total_timesteps    | 2400         |
| train/                |              |
|    c_learning_rate    | 0.0005       |
|    d_grad_norm        | 1.1          |
|    d_learning_rate    | 0.005        |
|    entropy_loss       | -1.6         |
|    explained_variance | -0.023320436 |
|    n_updates          | 299          |
|    policy_loss        | -24.6        |
|    std                | 0.999        |
|    u_grad_norm        | 0.022        |
|    u_learning_rate    | 0.001        |
|    v_grad_norm        | 0.907        |
|    value_loss         | 561          |
----------------------------------------
-----------------------------------------
| rollout/              |               |
|    ep_len_mean        | 500           |
|    ep_rew_mean        | -4.37e+03     |
| time/                 |               |
|    fps                | 10            |
|    iterations         | 300           |
|    time_elapsed       | 221           |
|    total_timesteps    | 2400          |
| train/                |               |
|    c_learning_rate    | 0.0005        |
|    d_grad_norm        | 1.08          |
|    d_learning_rate    | 0.005         |
|    entropy_loss       | -1.18         |
|    explained_variance | -0.0034991503 |
|    n_updates          | 299           |
|    policy_loss        | -64.4         |
|    std                | 0.994         |
|    u_grad_norm        | 0.173         |
|    u_learning_rate    | 0.001         |
|    v_grad_norm        | 0.917         |
|    value_loss         | 594           |
-----------------------------------------
----------------------------------------
| rollout/              |              |
|    ep_len_mean        | 500          |
|    ep_rew_mean        | -4.44e+03    |
| time/                 |              |
|    fps                | 10           |
|    iterations         | 300          |
|    time_elapsed       | 221          |
|    total_timesteps    | 2400         |
| train/                |              |
|    c_learning_rate    | 0.0005       |
|    d_grad_norm        | 1.09         |
|    d_learning_rate    | 0.005        |
|    entropy_loss       | -0.919       |
|    explained_variance | -0.016286612 |
|    n_updates          | 299          |
|    policy_loss        | -21.3        |
|    std                | 1.01         |
|    u_grad_norm        | 0.0789       |
|    u_learning_rate    | 0.001        |
|    v_grad_norm        | 0.892        |
|    value_loss         | 552          |
----------------------------------------
---------------------------------------
| rollout/              |             |
|    ep_len_mean        | 500         |
|    ep_rew_mean        | -3.94e+03   |
| time/                 |             |
|    fps                | 10          |
|    iterations         | 300         |
|    time_elapsed       | 221         |
|    total_timesteps    | 2400        |
| train/                |             |
|    c_learning_rate    | 0.0005      |
|    d_grad_norm        | 1.07        |
|    d_learning_rate    | 0.005       |
|    entropy_loss       | -1.28       |
|    explained_variance | 0.013774276 |
|    n_updates          | 299         |
|    policy_loss        | -19.7       |
|    std                | 1.02        |
|    u_grad_norm        | 0.000341    |
|    u_learning_rate    | 0.001       |
|    v_grad_norm        | 0.922       |
|    value_loss         | 611         |
---------------------------------------
-------------------------------------
| rollout/              |           |
|    ep_len_mean        | 500       |
|    ep_rew_mean        | -4.37e+03 |
| time/                 |           |
|    fps                | 10        |
|    iterations         | 400       |
|    time_elapsed       | 294       |
|    total_timesteps    | 3200      |
| train/                |           |
|    c_learning_rate    | 0.0005    |
|    d_grad_norm        | 0.799     |
|    d_learning_rate    | 0.005     |
|    entropy_loss       | -1.51     |
|    explained_variance | 0.5910365 |
|    n_updates          | 399       |
|    policy_loss        | 22.6      |
|    std                | 0.988     |
|    u_grad_norm        | 0.0137    |
|    u_learning_rate    | 0.001     |
|    v_grad_norm        | 0.883     |
|    value_loss         | 305       |
-------------------------------------
--------------------------------------
| rollout/              |            |
|    ep_len_mean        | 500        |
|    ep_rew_mean        | -4.32e+03  |
| time/                 |            |
|    fps                | 10         |
|    iterations         | 400        |
|    time_elapsed       | 294        |
|    total_timesteps    | 3200       |
| train/                |            |
|    c_learning_rate    | 0.0005     |
|    d_grad_norm        | 1.05       |
|    d_learning_rate    | 0.005      |
|    entropy_loss       | -1.32      |
|    explained_variance | -1.0958278 |
|    n_updates          | 399        |
|    policy_loss        | -23.4      |
|    std                | 0.995      |
|    u_grad_norm        | 0.0574     |
|    u_learning_rate    | 0.001      |
|    v_grad_norm        | 0.915      |
|    value_loss         | 383        |
--------------------------------------
--------------------------------------
| rollout/              |            |
|    ep_len_mean        | 500        |
|    ep_rew_mean        | -4.01e+03  |
| time/                 |            |
|    fps                | 10         |
|    iterations         | 400        |
|    time_elapsed       | 294        |
|    total_timesteps    | 3200       |
| train/                |            |
|    c_learning_rate    | 0.0005     |
|    d_grad_norm        | 0.9        |
|    d_learning_rate    | 0.005      |
|    entropy_loss       | -2.66      |
|    explained_variance | -2.4033146 |
|    n_updates          | 399        |
|    policy_loss        | -19.4      |
|    std                | 1.01       |
|    u_grad_norm        | 0.00487    |
|    u_learning_rate    | 0.001      |
|    v_grad_norm        | 0.845      |
|    value_loss         | 193        |
--------------------------------------
--------------------------------------
| rollout/              |            |
|    ep_len_mean        | 500        |
|    ep_rew_mean        | -4.33e+03  |
| time/                 |            |
|    fps                | 10         |
|    iterations         | 400        |
|    time_elapsed       | 294        |
|    total_timesteps    | 3200       |
| train/                |            |
|    c_learning_rate    | 0.0005     |
|    d_grad_norm        | 1.19       |
|    d_learning_rate    | 0.005      |
|    entropy_loss       | -1.59      |
|    explained_variance | 0.22023445 |
|    n_updates          | 399        |
|    policy_loss        | -19.6      |
|    std                | 1.02       |
|    u_grad_norm        | 0.0148     |
|    u_learning_rate    | 0.001      |
|    v_grad_norm        | 1.05       |
|    value_loss         | 184        |
--------------------------------------
--------------------------------------
| rollout/              |            |
|    ep_len_mean        | 500        |
|    ep_rew_mean        | -4.4e+03   |
| time/                 |            |
|    fps                | 10         |
|    iterations         | 400        |
|    time_elapsed       | 295        |
|    total_timesteps    | 3200       |
| train/                |            |
|    c_learning_rate    | 0.0005     |
|    d_grad_norm        | 0.794      |
|    d_learning_rate    | 0.005      |
|    entropy_loss       | -1.82      |
|    explained_variance | 0.38645422 |
|    n_updates          | 399        |
|    policy_loss        | 34.4       |
|    std                | 0.995      |
|    u_grad_norm        | 0.0204     |
|    u_learning_rate    | 0.001      |
|    v_grad_norm        | 0.901      |
|    value_loss         | 330        |
--------------------------------------
---------------------------------------
| rollout/              |             |
|    ep_len_mean        | 500         |
|    ep_rew_mean        | -4.33e+03   |
| time/                 |             |
|    fps                | 10          |
|    iterations         | 400         |
|    time_elapsed       | 295         |
|    total_timesteps    | 3200        |
| train/                |             |
|    c_learning_rate    | 0.0005      |
|    d_grad_norm        | 0.793       |
|    d_learning_rate    | 0.005       |
|    entropy_loss       | -2.41       |
|    explained_variance | -0.49907792 |
|    n_updates          | 399         |
|    policy_loss        | 27.4        |
|    std                | 1           |
|    u_grad_norm        | 0.00854     |
|    u_learning_rate    | 0.001       |
|    v_grad_norm        | 0.92        |
|    value_loss         | 206         |
---------------------------------------
--------------------------------------
| rollout/              |            |
|    ep_len_mean        | 500        |
|    ep_rew_mean        | -4.51e+03  |
| time/                 |            |
|    fps                | 10         |
|    iterations         | 400        |
|    time_elapsed       | 295        |
|    total_timesteps    | 3200       |
| train/                |            |
|    c_learning_rate    | 0.0005     |
|    d_grad_norm        | 0.769      |
|    d_learning_rate    | 0.005      |
|    entropy_loss       | -2.87      |
|    explained_variance | 0.74528885 |
|    n_updates          | 399        |
|    policy_loss        | 33.4       |
|    std                | 1.01       |
|    u_grad_norm        | 0.0149     |
|    u_learning_rate    | 0.001      |
|    v_grad_norm        | 0.891      |
|    value_loss         | 206        |
--------------------------------------
--------------------------------------
| rollout/              |            |
|    ep_len_mean        | 500        |
|    ep_rew_mean        | -4.34e+03  |
| time/                 |            |
|    fps                | 10         |
|    iterations         | 400        |
|    time_elapsed       | 295        |
|    total_timesteps    | 3200       |
| train/                |            |
|    c_learning_rate    | 0.0005     |
|    d_grad_norm        | 0.846      |
|    d_learning_rate    | 0.005      |
|    entropy_loss       | -1.05      |
|    explained_variance | -13.540899 |
|    n_updates          | 399        |
|    policy_loss        | 5.18       |
|    std                | 1.04       |
|    u_grad_norm        | 0.00231    |
|    u_learning_rate    | 0.001      |
|    v_grad_norm        | 1.08       |
|    value_loss         | 86.4       |
--------------------------------------
---------------------------------------
| rollout/              |             |
|    ep_len_mean        | 500         |
|    ep_rew_mean        | -4.37e+03   |
| time/                 |             |
|    fps                | 10          |
|    iterations         | 400         |
|    time_elapsed       | 295         |
|    total_timesteps    | 3200        |
| train/                |             |
|    c_learning_rate    | 0.0005      |
|    d_grad_norm        | 1.05        |
|    d_learning_rate    | 0.005       |
|    entropy_loss       | -1.17       |
|    explained_variance | -0.51139057 |
|    n_updates          | 399         |
|    policy_loss        | -29.8       |
|    std                | 1.01        |
|    u_grad_norm        | 0.0569      |
|    u_learning_rate    | 0.001       |
|    v_grad_norm        | 0.885       |
|    value_loss         | 397         |
---------------------------------------
--------------------------------------
| rollout/              |            |
|    ep_len_mean        | 500        |
|    ep_rew_mean        | -3.98e+03  |
| time/                 |            |
|    fps                | 10         |
|    iterations         | 400        |
|    time_elapsed       | 296        |
|    total_timesteps    | 3200       |
| train/                |            |
|    c_learning_rate    | 0.0005     |
|    d_grad_norm        | 0.887      |
|    d_learning_rate    | 0.005      |
|    entropy_loss       | -1.77      |
|    explained_variance | -1.2271459 |
|    n_updates          | 399        |
|    policy_loss        | -25.8      |
|    std                | 1.02       |
|    u_grad_norm        | 0.000957   |
|    u_learning_rate    | 0.001      |
|    v_grad_norm        | 0.933      |
|    value_loss         | 462        |
--------------------------------------
---------------------------------------
| rollout/              |             |
|    ep_len_mean        | 500         |
|    ep_rew_mean        | -4.16e+03   |
| time/                 |             |
|    fps                | 11          |
|    iterations         | 500         |
|    time_elapsed       | 334         |
|    total_timesteps    | 4000        |
| train/                |             |
|    c_learning_rate    | 0.0005      |
|    d_grad_norm        | 1.08        |
|    d_learning_rate    | 0.005       |
|    entropy_loss       | -1.1        |
|    explained_variance | 0.011487007 |
|    n_updates          | 499         |
|    policy_loss        | -12.2       |
|    std                | 0.985       |
|    u_grad_norm        | 0.0171      |
|    u_learning_rate    | 0.001       |
|    v_grad_norm        | 0.902       |
|    value_loss         | 378         |
---------------------------------------
---------------------------------------
| rollout/              |             |
|    ep_len_mean        | 500         |
|    ep_rew_mean        | -4.31e+03   |
| time/                 |             |
|    fps                | 11          |
|    iterations         | 500         |
|    time_elapsed       | 335         |
|    total_timesteps    | 4000        |
| train/                |             |
|    c_learning_rate    | 0.0005      |
|    d_grad_norm        | 0.869       |
|    d_learning_rate    | 0.005       |
|    entropy_loss       | -1.94       |
|    explained_variance | -0.93463457 |
|    n_updates          | 499         |
|    policy_loss        | -20.8       |
|    std                | 0.996       |
|    u_grad_norm        | 0.0104      |
|    u_learning_rate    | 0.001       |
|    v_grad_norm        | 0.944       |
|    value_loss         | 213         |
---------------------------------------
---------------------------------------
| rollout/              |             |
|    ep_len_mean        | 500         |
|    ep_rew_mean        | -4.17e+03   |
| time/                 |             |
|    fps                | 11          |
|    iterations         | 500         |
|    time_elapsed       | 335         |
|    total_timesteps    | 4000        |
| train/                |             |
|    c_learning_rate    | 0.0005      |
|    d_grad_norm        | 1.2         |
|    d_learning_rate    | 0.005       |
|    entropy_loss       | -1.25       |
|    explained_variance | -0.23916256 |
|    n_updates          | 499         |
|    policy_loss        | -17.5       |
|    std                | 1.02        |
|    u_grad_norm        | 0.00529     |
|    u_learning_rate    | 0.001       |
|    v_grad_norm        | 0.92        |
|    value_loss         | 228         |
---------------------------------------
--------------------------------------
| rollout/              |            |
|    ep_len_mean        | 500        |
|    ep_rew_mean        | -4.08e+03  |
| time/                 |            |
|    fps                | 11         |
|    iterations         | 500        |
|    time_elapsed       | 335        |
|    total_timesteps    | 4000       |
| train/                |            |
|    c_learning_rate    | 0.0005     |
|    d_grad_norm        | 1.01       |
|    d_learning_rate    | 0.005      |
|    entropy_loss       | -1.26      |
|    explained_variance | 0.71509016 |
|    n_updates          | 499        |
|    policy_loss        | -19.7      |
|    std                | 0.995      |
|    u_grad_norm        | 0.0188     |
|    u_learning_rate    | 0.001      |
|    v_grad_norm        | 1.03       |
|    value_loss         | 616        |
--------------------------------------
--------------------------------------
| rollout/              |            |
|    ep_len_mean        | 500        |
|    ep_rew_mean        | -3.87e+03  |
| time/                 |            |
|    fps                | 11         |
|    iterations         | 500        |
|    time_elapsed       | 335        |
|    total_timesteps    | 4000       |
| train/                |            |
|    c_learning_rate    | 0.0005     |
|    d_grad_norm        | 1.22       |
|    d_learning_rate    | 0.005      |
|    entropy_loss       | -1.36      |
|    explained_variance | 0.23575836 |
|    n_updates          | 499        |
|    policy_loss        | -24.4      |
|    std                | 1.02       |
|    u_grad_norm        | 0.0701     |
|    u_learning_rate    | 0.001      |
|    v_grad_norm        | 0.973      |
|    value_loss         | 303        |
--------------------------------------
---------------------------------------
| rollout/              |             |
|    ep_len_mean        | 500         |
|    ep_rew_mean        | -4.2e+03    |
| time/                 |             |
|    fps                | 11          |
|    iterations         | 500         |
|    time_elapsed       | 335         |
|    total_timesteps    | 4000        |
| train/                |             |
|    c_learning_rate    | 0.0005      |
|    d_grad_norm        | 1.1         |
|    d_learning_rate    | 0.005       |
|    entropy_loss       | -1.42       |
|    explained_variance | -0.07170713 |
|    n_updates          | 499         |
|    policy_loss        | -28.1       |
|    std                | 0.993       |
|    u_grad_norm        | 0.0402      |
|    u_learning_rate    | 0.001       |
|    v_grad_norm        | 0.932       |
|    value_loss         | 231         |
---------------------------------------
---------------------------------------
| rollout/              |             |
|    ep_len_mean        | 500         |
|    ep_rew_mean        | -4.26e+03   |
| time/                 |             |
|    fps                | 11          |
|    iterations         | 500         |
|    time_elapsed       | 335         |
|    total_timesteps    | 4000        |
| train/                |             |
|    c_learning_rate    | 0.0005      |
|    d_grad_norm        | 1.08        |
|    d_learning_rate    | 0.005       |
|    entropy_loss       | -1.08       |
|    explained_variance | 0.026954353 |
|    n_updates          | 499         |
|    policy_loss        | -21.6       |
|    std                | 0.995       |
|    u_grad_norm        | 0.0568      |
|    u_learning_rate    | 0.001       |
|    v_grad_norm        | 0.904       |
|    value_loss         | 370         |
---------------------------------------
---------------------------------------
| rollout/              |             |
|    ep_len_mean        | 500         |
|    ep_rew_mean        | -3.96e+03   |
| time/                 |             |
|    fps                | 11          |
|    iterations         | 500         |
|    time_elapsed       | 335         |
|    total_timesteps    | 4000        |
| train/                |             |
|    c_learning_rate    | 0.0005      |
|    d_grad_norm        | 1.04        |
|    d_learning_rate    | 0.005       |
|    entropy_loss       | -0.822      |
|    explained_variance | -0.38751507 |
|    n_updates          | 499         |
|    policy_loss        | -10.6       |
|    std                | 1.04        |
|    u_grad_norm        | 0.053       |
|    u_learning_rate    | 0.001       |
|    v_grad_norm        | 0.978       |
|    value_loss         | 247         |
---------------------------------------
---------------------------------------
| rollout/              |             |
|    ep_len_mean        | 500         |
|    ep_rew_mean        | -4.32e+03   |
| time/                 |             |
|    fps                | 11          |
|    iterations         | 500         |
|    time_elapsed       | 335         |
|    total_timesteps    | 4000        |
| train/                |             |
|    c_learning_rate    | 0.0005      |
|    d_grad_norm        | 1.2         |
|    d_learning_rate    | 0.005       |
|    entropy_loss       | -0.985      |
|    explained_variance | 0.012697101 |
|    n_updates          | 499         |
|    policy_loss        | -30.3       |
|    std                | 1.01        |
|    u_grad_norm        | 0.109       |
|    u_learning_rate    | 0.001       |
|    v_grad_norm        | 0.914       |
|    value_loss         | 225         |
---------------------------------------
---------------------------------------
| rollout/              |             |
|    ep_len_mean        | 500         |
|    ep_rew_mean        | -3.9e+03    |
| time/                 |             |
|    fps                | 11          |
|    iterations         | 500         |
|    time_elapsed       | 336         |
|    total_timesteps    | 4000        |
| train/                |             |
|    c_learning_rate    | 0.0005      |
|    d_grad_norm        | 1.03        |
|    d_learning_rate    | 0.005       |
|    entropy_loss       | -1.37       |
|    explained_variance | -0.01691842 |
|    n_updates          | 499         |
|    policy_loss        | -17.7       |
|    std                | 1.02        |
|    u_grad_norm        | 0.00737     |
|    u_learning_rate    | 0.001       |
|    v_grad_norm        | 0.901       |
|    value_loss         | 431         |
---------------------------------------
-------------------------------------
| rollout/              |           |
|    ep_len_mean        | 500       |
|    ep_rew_mean        | -4.21e+03 |
| time/                 |           |
|    fps                | 11        |
|    iterations         | 600       |
|    time_elapsed       | 409       |
|    total_timesteps    | 4800      |
| train/                |           |
|    c_learning_rate    | 0.0005    |
|    d_grad_norm        | 0.925     |
|    d_learning_rate    | 0.005     |
|    entropy_loss       | -1.67     |
|    explained_variance | -3.045466 |
|    n_updates          | 599       |
|    policy_loss        | -9.51     |
|    std                | 0.987     |
|    u_grad_norm        | 0.0115    |
|    u_learning_rate    | 0.001     |
|    v_grad_norm        | 0.926     |
|    value_loss         | 158       |
-------------------------------------
-------------------------------------
| rollout/              |           |
|    ep_len_mean        | 500       |
|    ep_rew_mean        | -4.36e+03 |
| time/                 |           |
|    fps                | 11        |
|    iterations         | 600       |
|    time_elapsed       | 409       |
|    total_timesteps    | 4800      |
| train/                |           |
|    c_learning_rate    | 0.0005    |
|    d_grad_norm        | 1.08      |
|    d_learning_rate    | 0.005     |
|    entropy_loss       | -1.18     |
|    explained_variance | 0.2728595 |
|    n_updates          | 599       |
|    policy_loss        | -7.29     |
|    std                | 0.994     |
|    u_grad_norm        | 0.012     |
|    u_learning_rate    | 0.001     |
|    v_grad_norm        | 0.885     |
|    value_loss         | 101       |
-------------------------------------
---------------------------------------
| rollout/              |             |
|    ep_len_mean        | 500         |
|    ep_rew_mean        | -4.23e+03   |
| time/                 |             |
|    fps                | 11          |
|    iterations         | 600         |
|    time_elapsed       | 409         |
|    total_timesteps    | 4800        |
| train/                |             |
|    c_learning_rate    | 0.0005      |
|    d_grad_norm        | 1.09        |
|    d_learning_rate    | 0.005       |
|    entropy_loss       | -1.23       |
|    explained_variance | 0.101115584 |
|    n_updates          | 599         |
|    policy_loss        | -21.1       |
|    std                | 1.01        |
|    u_grad_norm        | 0.0326      |
|    u_learning_rate    | 0.001       |
|    v_grad_norm        | 0.911       |
|    value_loss         | 210         |
---------------------------------------
-----------------------------------------
| rollout/              |               |
|    ep_len_mean        | 500           |
|    ep_rew_mean        | -3.9e+03      |
| time/                 |               |
|    fps                | 11            |
|    iterations         | 600           |
|    time_elapsed       | 409           |
|    total_timesteps    | 4800          |
| train/                |               |
|    c_learning_rate    | 0.0005        |
|    d_grad_norm        | 1.08          |
|    d_learning_rate    | 0.005         |
|    entropy_loss       | -1.5          |
|    explained_variance | -0.0014711618 |
|    n_updates          | 599           |
|    policy_loss        | -19.3         |
|    std                | 1.02          |
|    u_grad_norm        | 0.00437       |
|    u_learning_rate    | 0.001         |
|    v_grad_norm        | 0.968         |
|    value_loss         | 353           |
-----------------------------------------
---------------------------------------
| rollout/              |             |
|    ep_len_mean        | 500         |
|    ep_rew_mean        | -4.12e+03   |
| time/                 |             |
|    fps                | 11          |
|    iterations         | 600         |
|    time_elapsed       | 409         |
|    total_timesteps    | 4800        |
| train/                |             |
|    c_learning_rate    | 0.0005      |
|    d_grad_norm        | 1.04        |
|    d_learning_rate    | 0.005       |
|    entropy_loss       | -1.24       |
|    explained_variance | -0.21552336 |
|    n_updates          | 599         |
|    policy_loss        | -12         |
|    std                | 0.996       |
|    u_grad_norm        | 0.014       |
|    u_learning_rate    | 0.001       |
|    v_grad_norm        | 0.844       |
|    value_loss         | 268         |
---------------------------------------
---------------------------------------
| rollout/              |             |
|    ep_len_mean        | 500         |
|    ep_rew_mean        | -4.21e+03   |
| time/                 |             |
|    fps                | 11          |
|    iterations         | 600         |
|    time_elapsed       | 409         |
|    total_timesteps    | 4800        |
| train/                |             |
|    c_learning_rate    | 0.0005      |
|    d_grad_norm        | 1.08        |
|    d_learning_rate    | 0.005       |
|    entropy_loss       | -1.44       |
|    explained_variance | -0.01646924 |
|    n_updates          | 599         |
|    policy_loss        | -8.35       |
|    std                | 0.99        |
|    u_grad_norm        | 0.00766     |
|    u_learning_rate    | 0.001       |
|    v_grad_norm        | 0.9         |
|    value_loss         | 66.9        |
---------------------------------------
--------------------------------------
| rollout/              |            |
|    ep_len_mean        | 500        |
|    ep_rew_mean        | -4.29e+03  |
| time/                 |            |
|    fps                | 11         |
|    iterations         | 600        |
|    time_elapsed       | 409        |
|    total_timesteps    | 4800       |
| train/                |            |
|    c_learning_rate    | 0.0005     |
|    d_grad_norm        | 1.01       |
|    d_learning_rate    | 0.005      |
|    entropy_loss       | -1.73      |
|    explained_variance | 0.26013017 |
|    n_updates          | 599        |
|    policy_loss        | -17        |
|    std                | 0.996      |
|    u_grad_norm        | 0.0119     |
|    u_learning_rate    | 0.001      |
|    v_grad_norm        | 0.941      |
|    value_loss         | 191        |
--------------------------------------
--------------------------------------
| rollout/              |            |
|    ep_len_mean        | 500        |
|    ep_rew_mean        | -4.31e+03  |
| time/                 |            |
|    fps                | 11         |
|    iterations         | 600        |
|    time_elapsed       | 410        |
|    total_timesteps    | 4800       |
| train/                |            |
|    c_learning_rate    | 0.0005     |
|    d_grad_norm        | 1.08       |
|    d_learning_rate    | 0.005      |
|    entropy_loss       | -1.17      |
|    explained_variance | 0.56819963 |
|    n_updates          | 599        |
|    policy_loss        | -10.9      |
|    std                | 1          |
|    u_grad_norm        | 0.00381    |
|    u_learning_rate    | 0.001      |
|    v_grad_norm        | 0.981      |
|    value_loss         | 109        |
--------------------------------------
-----------------------------------------
| rollout/              |               |
|    ep_len_mean        | 500           |
|    ep_rew_mean        | -4.04e+03     |
| time/                 |               |
|    fps                | 11            |
|    iterations         | 600           |
|    time_elapsed       | 410           |
|    total_timesteps    | 4800          |
| train/                |               |
|    c_learning_rate    | 0.0005        |
|    d_grad_norm        | 1.08          |
|    d_learning_rate    | 0.005         |
|    entropy_loss       | -0.626        |
|    explained_variance | -0.0047540665 |
|    n_updates          | 599           |
|    policy_loss        | -1.77         |
|    std                | 1.04          |
|    u_grad_norm        | 0.00731       |
|    u_learning_rate    | 0.001         |
|    v_grad_norm        | 0.924         |
|    value_loss         | 225           |
-----------------------------------------
---------------------------------------
| rollout/              |             |
|    ep_len_mean        | 500         |
|    ep_rew_mean        | -3.97e+03   |
| time/                 |             |
|    fps                | 11          |
|    iterations         | 600         |
|    time_elapsed       | 410         |
|    total_timesteps    | 4800        |
| train/                |             |
|    c_learning_rate    | 0.0005      |
|    d_grad_norm        | 1.09        |
|    d_learning_rate    | 0.005       |
|    entropy_loss       | -1.23       |
|    explained_variance | 0.028392494 |
|    n_updates          | 599         |
|    policy_loss        | -19         |
|    std                | 1.02        |
|    u_grad_norm        | 0.013       |
|    u_learning_rate    | 0.001       |
|    v_grad_norm        | 0.877       |
|    value_loss         | 357         |
---------------------------------------
-------------------------------------
| rollout/              |           |
|    ep_len_mean        | 500       |
|    ep_rew_mean        | -4.19e+03 |
| time/                 |           |
|    fps                | 11        |
|    iterations         | 700       |
|    time_elapsed       | 483       |
|    total_timesteps    | 5600      |
| train/                |           |
|    c_learning_rate    | 0.0005    |
|    d_grad_norm        | 0.891     |
|    d_learning_rate    | 0.005     |
|    entropy_loss       | -1.15     |
|    explained_variance | -1.654557 |
|    n_updates          | 699       |
|    policy_loss        | 0.489     |
|    std                | 0.986     |
|    u_grad_norm        | 0.0272    |
|    u_learning_rate    | 0.000999  |
|    v_grad_norm        | 0.956     |
|    value_loss         | 150       |
-------------------------------------
--------------------------------------
| rollout/              |            |
|    ep_len_mean        | 500        |
|    ep_rew_mean        | -4.4e+03   |
| time/                 |            |
|    fps                | 11         |
|    iterations         | 700        |
|    time_elapsed       | 483        |
|    total_timesteps    | 5600       |
| train/                |            |
|    c_learning_rate    | 0.0005     |
|    d_grad_norm        | 0.904      |
|    d_learning_rate    | 0.005      |
|    entropy_loss       | -2.39      |
|    explained_variance | -2.3644211 |
|    n_updates          | 699        |
|    policy_loss        | 25.9       |
|    std                | 0.996      |
|    u_grad_norm        | 0.00397    |
|    u_learning_rate    | 0.000999   |
|    v_grad_norm        | 0.912      |
|    value_loss         | 256        |
--------------------------------------
-------------------------------------
| rollout/              |           |
|    ep_len_mean        | 500       |
|    ep_rew_mean        | -4.21e+03 |
| time/                 |           |
|    fps                | 11        |
|    iterations         | 700       |
|    time_elapsed       | 483       |
|    total_timesteps    | 5600      |
| train/                |           |
|    c_learning_rate    | 0.0005    |
|    d_grad_norm        | 0.891     |
|    d_learning_rate    | 0.005     |
|    entropy_loss       | -2.04     |
|    explained_variance | -5.000098 |
|    n_updates          | 699       |
|    policy_loss        | 83.8      |
|    std                | 1.02      |
|    u_grad_norm        | 0.0138    |
|    u_learning_rate    | 0.000999  |
|    v_grad_norm        | 0.91      |
|    value_loss         | 1.98e+03  |
-------------------------------------
---------------------------------------
| rollout/              |             |
|    ep_len_mean        | 500         |
|    ep_rew_mean        | -3.96e+03   |
| time/                 |             |
|    fps                | 11          |
|    iterations         | 700         |
|    time_elapsed       | 483         |
|    total_timesteps    | 5600        |
| train/                |             |
|    c_learning_rate    | 0.0005      |
|    d_grad_norm        | 0.951       |
|    d_learning_rate    | 0.005       |
|    entropy_loss       | -2.71       |
|    explained_variance | -0.61998487 |
|    n_updates          | 699         |
|    policy_loss        | -22         |
|    std                | 1.01        |
|    u_grad_norm        | 0.0196      |
|    u_learning_rate    | 0.000999    |
|    v_grad_norm        | 0.882       |
|    value_loss         | 252         |
---------------------------------------
-------------------------------------
| rollout/              |           |
|    ep_len_mean        | 500       |
|    ep_rew_mean        | -4.26e+03 |
| time/                 |           |
|    fps                | 11        |
|    iterations         | 700       |
|    time_elapsed       | 483       |
|    total_timesteps    | 5600      |
| train/                |           |
|    c_learning_rate    | 0.0005    |
|    d_grad_norm        | 1.1       |
|    d_learning_rate    | 0.005     |
|    entropy_loss       | -1.68     |
|    explained_variance | 0.6356064 |
|    n_updates          | 699       |
|    policy_loss        | -0.163    |
|    std                | 0.999     |
|    u_grad_norm        | 0.00467   |
|    u_learning_rate    | 0.000999  |
|    v_grad_norm        | 0.891     |
|    value_loss         | 0.144     |
-------------------------------------
---------------------------------------
| rollout/              |             |
|    ep_len_mean        | 500         |
|    ep_rew_mean        | -4.1e+03    |
| time/                 |             |
|    fps                | 11          |
|    iterations         | 700         |
|    time_elapsed       | 483         |
|    total_timesteps    | 5600        |
| train/                |             |
|    c_learning_rate    | 0.0005      |
|    d_grad_norm        | 0.926       |
|    d_learning_rate    | 0.005       |
|    entropy_loss       | -1.51       |
|    explained_variance | -0.59501016 |
|    n_updates          | 699         |
|    policy_loss        | 10.5        |
|    std                | 0.995       |
|    u_grad_norm        | 0.00166     |
|    u_learning_rate    | 0.000999    |
|    v_grad_norm        | 0.954       |
|    value_loss         | 121         |
---------------------------------------
--------------------------------------
| rollout/              |            |
|    ep_len_mean        | 500        |
|    ep_rew_mean        | -4.34e+03  |
| time/                 |            |
|    fps                | 11         |
|    iterations         | 700        |
|    time_elapsed       | 484        |
|    total_timesteps    | 5600       |
| train/                |            |
|    c_learning_rate    | 0.0005     |
|    d_grad_norm        | 1.1        |
|    d_learning_rate    | 0.005      |
|    entropy_loss       | -1.15      |
|    explained_variance | -1.3428078 |
|    n_updates          | 699        |
|    policy_loss        | -5.04      |
|    std                | 0.992      |
|    u_grad_norm        | 0.00405    |
|    u_learning_rate    | 0.000999   |
|    v_grad_norm        | 0.9        |
|    value_loss         | 68.3       |
--------------------------------------
--------------------------------------
| rollout/              |            |
|    ep_len_mean        | 500        |
|    ep_rew_mean        | -4.34e+03  |
| time/                 |            |
|    fps                | 11         |
|    iterations         | 700        |
|    time_elapsed       | 484        |
|    total_timesteps    | 5600       |
| train/                |            |
|    c_learning_rate    | 0.0005     |
|    d_grad_norm        | 1.09       |
|    d_learning_rate    | 0.005      |
|    entropy_loss       | -0.991     |
|    explained_variance | -0.6899669 |
|    n_updates          | 699        |
|    policy_loss        | -3.02      |
|    std                | 1.01       |
|    u_grad_norm        | 0.0205     |
|    u_learning_rate    | 0.000999   |
|    v_grad_norm        | 0.875      |
|    value_loss         | 14         |
--------------------------------------
--------------------------------------
| rollout/              |            |
|    ep_len_mean        | 500        |
|    ep_rew_mean        | -4.07e+03  |
| time/                 |            |
|    fps                | 11         |
|    iterations         | 700        |
|    time_elapsed       | 484        |
|    total_timesteps    | 5600       |
| train/                |            |
|    c_learning_rate    | 0.0005     |
|    d_grad_norm        | 1.09       |
|    d_learning_rate    | 0.005      |
|    entropy_loss       | -0.663     |
|    explained_variance | -0.5924809 |
|    n_updates          | 699        |
|    policy_loss        | -5.24      |
|    std                | 1.04       |
|    u_grad_norm        | 0.0167     |
|    u_learning_rate    | 0.000999   |
|    v_grad_norm        | 0.894      |
|    value_loss         | 135        |
--------------------------------------
--------------------------------------
| rollout/              |            |
|    ep_len_mean        | 500        |
|    ep_rew_mean        | -4.03e+03  |
| time/                 |            |
|    fps                | 11         |
|    iterations         | 700        |
|    time_elapsed       | 485        |
|    total_timesteps    | 5600       |
| train/                |            |
|    c_learning_rate    | 0.0005     |
|    d_grad_norm        | 1.08       |
|    d_learning_rate    | 0.005      |
|    entropy_loss       | -1.29      |
|    explained_variance | 0.11683893 |
|    n_updates          | 699        |
|    policy_loss        | -11.8      |
|    std                | 1.02       |
|    u_grad_norm        | 0.000649   |
|    u_learning_rate    | 0.000999   |
|    v_grad_norm        | 0.9        |
|    value_loss         | 161        |
--------------------------------------
--------------------------------------
| rollout/              |            |
|    ep_len_mean        | 500        |
|    ep_rew_mean        | -4.19e+03  |
| time/                 |            |
|    fps                | 11         |
|    iterations         | 800        |
|    time_elapsed       | 557        |
|    total_timesteps    | 6400       |
| train/                |            |
|    c_learning_rate    | 0.0005     |
|    d_grad_norm        | 0.973      |
|    d_learning_rate    | 0.005      |
|    entropy_loss       | -0.967     |
|    explained_variance | -25.088999 |
|    n_updates          | 799        |
|    policy_loss        | 21.2       |
|    std                | 0.985      |
|    u_grad_norm        | 0.0266     |
|    u_learning_rate    | 0.000999   |
|    v_grad_norm        | 0.91       |
|    value_loss         | 389        |
--------------------------------------
-------------------------------------
| rollout/              |           |
|    ep_len_mean        | 500       |
|    ep_rew_mean        | -4.39e+03 |
| time/                 |           |
|    fps                | 11        |
|    iterations         | 800       |
|    time_elapsed       | 557       |
|    total_timesteps    | 6400      |
| train/                |           |
|    c_learning_rate    | 0.0005    |
|    d_grad_norm        | 1.08      |
|    d_learning_rate    | 0.005     |
|    entropy_loss       | -1.97     |
|    explained_variance | -5.76576  |
|    n_updates          | 799       |
|    policy_loss        | 3.64      |
|    std                | 0.996     |
|    u_grad_norm        | 0.00392   |
|    u_learning_rate    | 0.000999  |
|    v_grad_norm        | 0.876     |
|    value_loss         | 45.6      |
-------------------------------------
--------------------------------------
| rollout/              |            |
|    ep_len_mean        | 500        |
|    ep_rew_mean        | -4.19e+03  |
| time/                 |            |
|    fps                | 11         |
|    iterations         | 800        |
|    time_elapsed       | 557        |
|    total_timesteps    | 6400       |
| train/                |            |
|    c_learning_rate    | 0.0005     |
|    d_grad_norm        | 0.875      |
|    d_learning_rate    | 0.005      |
|    entropy_loss       | -1.72      |
|    explained_variance | 0.09298456 |
|    n_updates          | 799        |
|    policy_loss        | 32.4       |
|    std                | 1.01       |
|    u_grad_norm        | 0.00185    |
|    u_learning_rate    | 0.000999   |
|    v_grad_norm        | 0.904      |
|    value_loss         | 654        |
--------------------------------------
-------------------------------------
| rollout/              |           |
|    ep_len_mean        | 500       |
|    ep_rew_mean        | -3.96e+03 |
| time/                 |           |
|    fps                | 11        |
|    iterations         | 800       |
|    time_elapsed       | 557       |
|    total_timesteps    | 6400      |
| train/                |           |
|    c_learning_rate    | 0.0005    |
|    d_grad_norm        | 1.06      |
|    d_learning_rate    | 0.005     |
|    entropy_loss       | -1.42     |
|    explained_variance | 0.1263966 |
|    n_updates          | 799       |
|    policy_loss        | -10.9     |
|    std                | 1.01      |
|    u_grad_norm        | 0.00199   |
|    u_learning_rate    | 0.000999  |
|    v_grad_norm        | 0.915     |
|    value_loss         | 139       |
-------------------------------------
--------------------------------------
| rollout/              |            |
|    ep_len_mean        | 500        |
|    ep_rew_mean        | -4.11e+03  |
| time/                 |            |
|    fps                | 11         |
|    iterations         | 800        |
|    time_elapsed       | 557        |
|    total_timesteps    | 6400       |
| train/                |            |
|    c_learning_rate    | 0.0005     |
|    d_grad_norm        | 1.05       |
|    d_learning_rate    | 0.005      |
|    entropy_loss       | -1.69      |
|    explained_variance | -0.2858199 |
|    n_updates          | 799        |
|    policy_loss        | -46.4      |
|    std                | 0.996      |
|    u_grad_norm        | 0.0766     |
|    u_learning_rate    | 0.000999   |
|    v_grad_norm        | 0.913      |
|    value_loss         | 188        |
--------------------------------------
--------------------------------------
| rollout/              |            |
|    ep_len_mean        | 500        |
|    ep_rew_mean        | -4.28e+03  |
| time/                 |            |
|    fps                | 11         |
|    iterations         | 800        |
|    time_elapsed       | 558        |
|    total_timesteps    | 6400       |
| train/                |            |
|    c_learning_rate    | 0.0005     |
|    d_grad_norm        | 1.22       |
|    d_learning_rate    | 0.005      |
|    entropy_loss       | -1.73      |
|    explained_variance | 0.21098763 |
|    n_updates          | 799        |
|    policy_loss        | 0.742      |
|    std                | 1          |
|    u_grad_norm        | 0.00212    |
|    u_learning_rate    | 0.000999   |
|    v_grad_norm        | 1.03       |
|    value_loss         | 0.478      |
--------------------------------------
--------------------------------------
| rollout/              |            |
|    ep_len_mean        | 500        |
|    ep_rew_mean        | -4.35e+03  |
| time/                 |            |
|    fps                | 11         |
|    iterations         | 800        |
|    time_elapsed       | 558        |
|    total_timesteps    | 6400       |
| train/                |            |
|    c_learning_rate    | 0.0005     |
|    d_grad_norm        | 0.909      |
|    d_learning_rate    | 0.005      |
|    entropy_loss       | -2.06      |
|    explained_variance | 0.11317104 |
|    n_updates          | 799        |
|    policy_loss        | 16.2       |
|    std                | 0.993      |
|    u_grad_norm        | 0.00461    |
|    u_learning_rate    | 0.000999   |
|    v_grad_norm        | 0.915      |
|    value_loss         | 109        |
--------------------------------------
--------------------------------------
| rollout/              |            |
|    ep_len_mean        | 500        |
|    ep_rew_mean        | -4.36e+03  |
| time/                 |            |
|    fps                | 11         |
|    iterations         | 800        |
|    time_elapsed       | 558        |
|    total_timesteps    | 6400       |
| train/                |            |
|    c_learning_rate    | 0.0005     |
|    d_grad_norm        | 0.959      |
|    d_learning_rate    | 0.005      |
|    entropy_loss       | -1.16      |
|    explained_variance | 0.37814552 |
|    n_updates          | 799        |
|    policy_loss        | -5.86      |
|    std                | 1.01       |
|    u_grad_norm        | 0.0381     |
|    u_learning_rate    | 0.000999   |
|    v_grad_norm        | 0.929      |
|    value_loss         | 29         |
--------------------------------------
---------------------------------------
| rollout/              |             |
|    ep_len_mean        | 500         |
|    ep_rew_mean        | -4.11e+03   |
| time/                 |             |
|    fps                | 11          |
|    iterations         | 800         |
|    time_elapsed       | 558         |
|    total_timesteps    | 6400        |
| train/                |             |
|    c_learning_rate    | 0.0005      |
|    d_grad_norm        | 1.03        |
|    d_learning_rate    | 0.005       |
|    entropy_loss       | -0.933      |
|    explained_variance | -0.71983266 |
|    n_updates          | 799         |
|    policy_loss        | -1.31       |
|    std                | 1.04        |
|    u_grad_norm        | 0.00138     |
|    u_learning_rate    | 0.000999    |
|    v_grad_norm        | 0.908       |
|    value_loss         | 6.57        |
---------------------------------------
-------------------------------------
| rollout/              |           |
|    ep_len_mean        | 500       |
|    ep_rew_mean        | -4.08e+03 |
| time/                 |           |
|    fps                | 11        |
|    iterations         | 800       |
|    time_elapsed       | 559       |
|    total_timesteps    | 6400      |
| train/                |           |
|    c_learning_rate    | 0.0005    |
|    d_grad_norm        | 0.97      |
|    d_learning_rate    | 0.005     |
|    entropy_loss       | -1.61     |
|    explained_variance | 0.86605   |
|    n_updates          | 799       |
|    policy_loss        | -12.1     |
|    std                | 1.03      |
|    u_grad_norm        | 0.00224   |
|    u_learning_rate    | 0.000999  |
|    v_grad_norm        | 0.945     |
|    value_loss         | 23.6      |
-------------------------------------
--------------------------------------
| rollout/              |            |
|    ep_len_mean        | 500        |
|    ep_rew_mean        | -4.38e+03  |
| time/                 |            |
|    fps                | 11         |
|    iterations         | 900        |
|    time_elapsed       | 631        |
|    total_timesteps    | 7200       |
| train/                |            |
|    c_learning_rate    | 0.0005     |
|    d_grad_norm        | 1.07       |
|    d_learning_rate    | 0.005      |
|    entropy_loss       | -1.03      |
|    explained_variance | -1.6981258 |
|    n_updates          | 899        |
|    policy_loss        | -0.219     |
|    std                | 0.994      |
|    u_grad_norm        | 0.0124     |
|    u_learning_rate    | 0.000999   |
|    v_grad_norm        | 0.981      |
|    value_loss         | 0.0872     |
--------------------------------------
-------------------------------------
| rollout/              |           |
|    ep_len_mean        | 500       |
|    ep_rew_mean        | -4.14e+03 |
| time/                 |           |
|    fps                | 11        |
|    iterations         | 900       |
|    time_elapsed       | 631       |
|    total_timesteps    | 7200      |
| train/                |           |
|    c_learning_rate    | 0.0005    |
|    d_grad_norm        | 1.16      |
|    d_learning_rate    | 0.005     |
|    entropy_loss       | -1.41     |
|    explained_variance | -9.586083 |
|    n_updates          | 899       |
|    policy_loss        | 9.49      |
|    std                | 1.02      |
|    u_grad_norm        | 0.00145   |
|    u_learning_rate    | 0.000999  |
|    v_grad_norm        | 0.908     |
|    value_loss         | 135       |
-------------------------------------
--------------------------------------
| rollout/              |            |
|    ep_len_mean        | 500        |
|    ep_rew_mean        | -3.93e+03  |
| time/                 |            |
|    fps                | 11         |
|    iterations         | 900        |
|    time_elapsed       | 631        |
|    total_timesteps    | 7200       |
| train/                |            |
|    c_learning_rate    | 0.0005     |
|    d_grad_norm        | 0.762      |
|    d_learning_rate    | 0.005      |
|    entropy_loss       | -1.88      |
|    explained_variance | -2.6709788 |
|    n_updates          | 899        |
|    policy_loss        | 0.508      |
|    std                | 1.01       |
|    u_grad_norm        | 0.0246     |
|    u_learning_rate    | 0.000999   |
|    v_grad_norm        | 0.863      |
|    value_loss         | 35.2       |
--------------------------------------
---------------------------------------
| rollout/              |             |
|    ep_len_mean        | 500         |
|    ep_rew_mean        | -4.12e+03   |
| time/                 |             |
|    fps                | 11          |
|    iterations         | 900         |
|    time_elapsed       | 631         |
|    total_timesteps    | 7200        |
| train/                |             |
|    c_learning_rate    | 0.0005      |
|    d_grad_norm        | 1.07        |
|    d_learning_rate    | 0.005       |
|    entropy_loss       | -1.35       |
|    explained_variance | -0.31709838 |
|    n_updates          | 899         |
|    policy_loss        | 5.43        |
|    std                | 0.988       |
|    u_grad_norm        | 0.0047      |
|    u_learning_rate    | 0.000999    |
|    v_grad_norm        | 0.999       |
|    value_loss         | 26.3        |
---------------------------------------
-------------------------------------
| rollout/              |           |
|    ep_len_mean        | 500       |
|    ep_rew_mean        | -4.24e+03 |
| time/                 |           |
|    fps                | 11        |
|    iterations         | 900       |
|    time_elapsed       | 631       |
|    total_timesteps    | 7200      |
| train/                |           |
|    c_learning_rate    | 0.0005    |
|    d_grad_norm        | 1.07      |
|    d_learning_rate    | 0.005     |
|    entropy_loss       | -1.67     |
|    explained_variance | 0.6725804 |
|    n_updates          | 899       |
|    policy_loss        | -1.34     |
|    std                | 1         |
|    u_grad_norm        | 0.0134    |
|    u_learning_rate    | 0.000999  |
|    v_grad_norm        | 0.879     |
|    value_loss         | 0.183     |
-------------------------------------
--------------------------------------
| rollout/              |            |
|    ep_len_mean        | 500        |
|    ep_rew_mean        | -4.05e+03  |
| time/                 |            |
|    fps                | 11         |
|    iterations         | 900        |
|    time_elapsed       | 631        |
|    total_timesteps    | 7200       |
| train/                |            |
|    c_learning_rate    | 0.0005     |
|    d_grad_norm        | 1.18       |
|    d_learning_rate    | 0.005      |
|    entropy_loss       | -1.19      |
|    explained_variance | -1.5954363 |
|    n_updates          | 899        |
|    policy_loss        | -7.56      |
|    std                | 0.999      |
|    u_grad_norm        | 0.00386    |
|    u_learning_rate    | 0.000999   |
|    v_grad_norm        | 0.986      |
|    value_loss         | 95.1       |
--------------------------------------
-------------------------------------
| rollout/              |           |
|    ep_len_mean        | 500       |
|    ep_rew_mean        | -4.3e+03  |
| time/                 |           |
|    fps                | 11        |
|    iterations         | 900       |
|    time_elapsed       | 632       |
|    total_timesteps    | 7200      |
| train/                |           |
|    c_learning_rate    | 0.0005    |
|    d_grad_norm        | 1.14      |
|    d_learning_rate    | 0.005     |
|    entropy_loss       | -1.36     |
|    explained_variance | 0.7282826 |
|    n_updates          | 899       |
|    policy_loss        | -3.8      |
|    std                | 0.998     |
|    u_grad_norm        | 0.0483    |
|    u_learning_rate    | 0.000999  |
|    v_grad_norm        | 0.904     |
|    value_loss         | 3.19      |
-------------------------------------
-------------------------------------
| rollout/              |           |
|    ep_len_mean        | 500       |
|    ep_rew_mean        | -4.35e+03 |
| time/                 |           |
|    fps                | 11        |
|    iterations         | 900       |
|    time_elapsed       | 632       |
|    total_timesteps    | 7200      |
| train/                |           |
|    c_learning_rate    | 0.0005    |
|    d_grad_norm        | 1.11      |
|    d_learning_rate    | 0.005     |
|    entropy_loss       | -1.07     |
|    explained_variance | 0.8649932 |
|    n_updates          | 899       |
|    policy_loss        | 0.262     |
|    std                | 1.01      |
|    u_grad_norm        | 0.0252    |
|    u_learning_rate    | 0.000999  |
|    v_grad_norm        | 0.905     |
|    value_loss         | 0.122     |
-------------------------------------
---------------------------------------
| rollout/              |             |
|    ep_len_mean        | 500         |
|    ep_rew_mean        | -4.11e+03   |
| time/                 |             |
|    fps                | 11          |
|    iterations         | 900         |
|    time_elapsed       | 633         |
|    total_timesteps    | 7200        |
| train/                |             |
|    c_learning_rate    | 0.0005      |
|    d_grad_norm        | 1.12        |
|    d_learning_rate    | 0.005       |
|    entropy_loss       | -1.17       |
|    explained_variance | -0.99350476 |
|    n_updates          | 899         |
|    policy_loss        | -1.05       |
|    std                | 1.04        |
|    u_grad_norm        | 0.000809    |
|    u_learning_rate    | 0.000999    |
|    v_grad_norm        | 1.04        |
|    value_loss         | 6.5         |
---------------------------------------
---------------------------------------
| rollout/              |             |
|    ep_len_mean        | 500         |
|    ep_rew_mean        | -3.98e+03   |
| time/                 |             |
|    fps                | 11          |
|    iterations         | 900         |
|    time_elapsed       | 633         |
|    total_timesteps    | 7200        |
| train/                |             |
|    c_learning_rate    | 0.0005      |
|    d_grad_norm        | 0.927       |
|    d_learning_rate    | 0.005       |
|    entropy_loss       | -2.23       |
|    explained_variance | -0.14419127 |
|    n_updates          | 899         |
|    policy_loss        | -81.7       |
|    std                | 1.02        |
|    u_grad_norm        | 0.067       |
|    u_learning_rate    | 0.000999    |
|    v_grad_norm        | 0.907       |
|    value_loss         | 416         |
---------------------------------------
--------------------------------------
| rollout/              |            |
|    ep_len_mean        | 500        |
|    ep_rew_mean        | -4.39e+03  |
| time/                 |            |
|    fps                | 11         |
|    iterations         | 1000       |
|    time_elapsed       | 671        |
|    total_timesteps    | 8000       |
| train/                |            |
|    c_learning_rate    | 0.0005     |
|    d_grad_norm        | 1          |
|    d_learning_rate    | 0.005      |
|    entropy_loss       | -1.34      |
|    explained_variance | 0.89893335 |
|    n_updates          | 999        |
|    policy_loss        | -0.881     |
|    std                | 0.992      |
|    u_grad_norm        | 0.00232    |
|    u_learning_rate    | 0.000999   |
|    v_grad_norm        | 0.887      |
|    value_loss         | 1.45       |
--------------------------------------
---------------------------------------
| rollout/              |             |
|    ep_len_mean        | 500         |
|    ep_rew_mean        | -3.94e+03   |
| time/                 |             |
|    fps                | 11          |
|    iterations         | 1000        |
|    time_elapsed       | 672         |
|    total_timesteps    | 8000        |
| train/                |             |
|    c_learning_rate    | 0.0005      |
|    d_grad_norm        | 1.11        |
|    d_learning_rate    | 0.005       |
|    entropy_loss       | -1.4        |
|    explained_variance | -0.43614924 |
|    n_updates          | 999         |
|    policy_loss        | -6.37       |
|    std                | 1.01        |
|    u_grad_norm        | 0.0119      |
|    u_learning_rate    | 0.000999    |
|    v_grad_norm        | 0.861       |
|    value_loss         | 41.4        |
---------------------------------------
--------------------------------------
| rollout/              |            |
|    ep_len_mean        | 500        |
|    ep_rew_mean        | -4.24e+03  |
| time/                 |            |
|    fps                | 11         |
|    iterations         | 1000       |
|    time_elapsed       | 672        |
|    total_timesteps    | 8000       |
| train/                |            |
|    c_learning_rate    | 0.0005     |
|    d_grad_norm        | 0.994      |
|    d_learning_rate    | 0.005      |
|    entropy_loss       | -2.28      |
|    explained_variance | -1.9824214 |
|    n_updates          | 999        |
|    policy_loss        | -2.01      |
|    std                | 1          |
|    u_grad_norm        | 0.0226     |
|    u_learning_rate    | 0.000999   |
|    v_grad_norm        | 0.894      |
|    value_loss         | 8.6        |
--------------------------------------
-------------------------------------
| rollout/              |           |
|    ep_len_mean        | 500       |
|    ep_rew_mean        | -4.13e+03 |
| time/                 |           |
|    fps                | 11        |
|    iterations         | 1000      |
|    time_elapsed       | 672       |
|    total_timesteps    | 8000      |
| train/                |           |
|    c_learning_rate    | 0.0005    |
|    d_grad_norm        | 1.07      |
|    d_learning_rate    | 0.005     |
|    entropy_loss       | -1.22     |
|    explained_variance | -1.332468 |
|    n_updates          | 999       |
|    policy_loss        | -1.63     |
|    std                | 1.02      |
|    u_grad_norm        | 0.0432    |
|    u_learning_rate    | 0.000999  |
|    v_grad_norm        | 0.882     |
|    value_loss         | 0.674     |
-------------------------------------
--------------------------------------
| rollout/              |            |
|    ep_len_mean        | 500        |
|    ep_rew_mean        | -4.13e+03  |
| time/                 |            |
|    fps                | 11         |
|    iterations         | 1000       |
|    time_elapsed       | 672        |
|    total_timesteps    | 8000       |
| train/                |            |
|    c_learning_rate    | 0.0005     |
|    d_grad_norm        | 1.11       |
|    d_learning_rate    | 0.005      |
|    entropy_loss       | -1.06      |
|    explained_variance | -0.3235216 |
|    n_updates          | 999        |
|    policy_loss        | -1.35      |
|    std                | 0.991      |
|    u_grad_norm        | 0.0302     |
|    u_learning_rate    | 0.000999   |
|    v_grad_norm        | 0.885      |
|    value_loss         | 1.19       |
--------------------------------------
-------------------------------------
| rollout/              |           |
|    ep_len_mean        | 500       |
|    ep_rew_mean        | -4.07e+03 |
| time/                 |           |
|    fps                | 11        |
|    iterations         | 1000      |
|    time_elapsed       | 672       |
|    total_timesteps    | 8000      |
| train/                |           |
|    c_learning_rate    | 0.0005    |
|    d_grad_norm        | 1.03      |
|    d_learning_rate    | 0.005     |
|    entropy_loss       | -1.26     |
|    explained_variance | 0.5927208 |
|    n_updates          | 999       |
|    policy_loss        | -2.94     |
|    std                | 0.999     |
|    u_grad_norm        | 0.0104    |
|    u_learning_rate    | 0.000999  |
|    v_grad_norm        | 0.886     |
|    value_loss         | 11.5      |
-------------------------------------
-------------------------------------
| rollout/              |           |
|    ep_len_mean        | 500       |
|    ep_rew_mean        | -4.3e+03  |
| time/                 |           |
|    fps                | 11        |
|    iterations         | 1000      |
|    time_elapsed       | 673       |
|    total_timesteps    | 8000      |
| train/                |           |
|    c_learning_rate    | 0.0005    |
|    d_grad_norm        | 1.1       |
|    d_learning_rate    | 0.005     |
|    entropy_loss       | -1.24     |
|    explained_variance | 0.5537897 |
|    n_updates          | 999       |
|    policy_loss        | -0.366    |
|    std                | 1         |
|    u_grad_norm        | 0.00858   |
|    u_learning_rate    | 0.000999  |
|    v_grad_norm        | 0.943     |
|    value_loss         | 0.253     |
-------------------------------------
-------------------------------------
| rollout/              |           |
|    ep_len_mean        | 500       |
|    ep_rew_mean        | -4.34e+03 |
| time/                 |           |
|    fps                | 11        |
|    iterations         | 1000      |
|    time_elapsed       | 673       |
|    total_timesteps    | 8000      |
| train/                |           |
|    c_learning_rate    | 0.0005    |
|    d_grad_norm        | 1.07      |
|    d_learning_rate    | 0.005     |
|    entropy_loss       | -0.984    |
|    explained_variance | 0.2054295 |
|    n_updates          | 999       |
|    policy_loss        | 0.239     |
|    std                | 1.01      |
|    u_grad_norm        | 0.0152    |
|    u_learning_rate    | 0.000999  |
|    v_grad_norm        | 0.92      |
|    value_loss         | 0.246     |
-------------------------------------
---------------------------------------
| rollout/              |             |
|    ep_len_mean        | 500         |
|    ep_rew_mean        | -4.02e+03   |
| time/                 |             |
|    fps                | 11          |
|    iterations         | 1000        |
|    time_elapsed       | 673         |
|    total_timesteps    | 8000        |
| train/                |             |
|    c_learning_rate    | 0.0005      |
|    d_grad_norm        | 1.07        |
|    d_learning_rate    | 0.005       |
|    entropy_loss       | -0.674      |
|    explained_variance | -0.29206228 |
|    n_updates          | 999         |
|    policy_loss        | 0.094       |
|    std                | 1.04        |
|    u_grad_norm        | 0.00763     |
|    u_learning_rate    | 0.000999    |
|    v_grad_norm        | 0.852       |
|    value_loss         | 0.67        |
---------------------------------------
--------------------------------------
| rollout/              |            |
|    ep_len_mean        | 500        |
|    ep_rew_mean        | -3.93e+03  |
| time/                 |            |
|    fps                | 11         |
|    iterations         | 1000       |
|    time_elapsed       | 673        |
|    total_timesteps    | 8000       |
| train/                |            |
|    c_learning_rate    | 0.0005     |
|    d_grad_norm        | 1.03       |
|    d_learning_rate    | 0.005      |
|    entropy_loss       | -1.41      |
|    explained_variance | -1.2541213 |
|    n_updates          | 999        |
|    policy_loss        | -7.25      |
|    std                | 1.02       |
|    u_grad_norm        | 0.00601    |
|    u_learning_rate    | 0.000999   |
|    v_grad_norm        | 0.94       |
|    value_loss         | 39.2       |
--------------------------------------
-------------------------------------
| rollout/              |           |
|    ep_len_mean        | 500       |
|    ep_rew_mean        | -4.38e+03 |
| time/                 |           |
|    fps                | 11        |
|    iterations         | 1100      |
|    time_elapsed       | 746       |
|    total_timesteps    | 8800      |
| train/                |           |
|    c_learning_rate    | 0.0005    |
|    d_grad_norm        | 1.16      |
|    d_learning_rate    | 0.005     |
|    entropy_loss       | -1.07     |
|    explained_variance | -6.548154 |
|    n_updates          | 1099      |
|    policy_loss        | -1.7      |
|    std                | 0.998     |
|    u_grad_norm        | 0.00319   |
|    u_learning_rate    | 0.000999  |
|    v_grad_norm        | 1.01      |
|    value_loss         | 3.42      |
-------------------------------------
--------------------------------------
| rollout/              |            |
|    ep_len_mean        | 500        |
|    ep_rew_mean        | -4.26e+03  |
| time/                 |            |
|    fps                | 11         |
|    iterations         | 1100       |
|    time_elapsed       | 746        |
|    total_timesteps    | 8800       |
| train/                |            |
|    c_learning_rate    | 0.0005     |
|    d_grad_norm        | 1.09       |
|    d_learning_rate    | 0.005      |
|    entropy_loss       | -2         |
|    explained_variance | -2.0297842 |
|    n_updates          | 1099       |
|    policy_loss        | -3.11      |
|    std                | 1          |
|    u_grad_norm        | 0.0143     |
|    u_learning_rate    | 0.000999   |
|    v_grad_norm        | 0.881      |
|    value_loss         | 3.79       |
--------------------------------------
--------------------------------------
| rollout/              |            |
|    ep_len_mean        | 500        |
|    ep_rew_mean        | -4.15e+03  |
| time/                 |            |
|    fps                | 11         |
|    iterations         | 1100       |
|    time_elapsed       | 746        |
|    total_timesteps    | 8800       |
| train/                |            |
|    c_learning_rate    | 0.0005     |
|    d_grad_norm        | 1.15       |
|    d_learning_rate    | 0.005      |
|    entropy_loss       | -1.24      |
|    explained_variance | -1.6305456 |
|    n_updates          | 1099       |
|    policy_loss        | -1.27      |
|    std                | 1.02       |
|    u_grad_norm        | 0.00194    |
|    u_learning_rate    | 0.000999   |
|    v_grad_norm        | 0.997      |
|    value_loss         | 3.06       |
--------------------------------------
--------------------------------------
| rollout/              |            |
|    ep_len_mean        | 500        |
|    ep_rew_mean        | -3.96e+03  |
| time/                 |            |
|    fps                | 11         |
|    iterations         | 1100       |
|    time_elapsed       | 746        |
|    total_timesteps    | 8800       |
| train/                |            |
|    c_learning_rate    | 0.0005     |
|    d_grad_norm        | 1.08       |
|    d_learning_rate    | 0.005      |
|    entropy_loss       | -1.73      |
|    explained_variance | -5.9182186 |
|    n_updates          | 1099       |
|    policy_loss        | -8.93      |
|    std                | 1.01       |
|    u_grad_norm        | 0.0164     |
|    u_learning_rate    | 0.000999   |
|    v_grad_norm        | 0.861      |
|    value_loss         | 24.5       |
--------------------------------------
--------------------------------------
| rollout/              |            |
|    ep_len_mean        | 500        |
|    ep_rew_mean        | -4.11e+03  |
| time/                 |            |
|    fps                | 11         |
|    iterations         | 1100       |
|    time_elapsed       | 746        |
|    total_timesteps    | 8800       |
| train/                |            |
|    c_learning_rate    | 0.0005     |
|    d_grad_norm        | 1.14       |
|    d_learning_rate    | 0.005      |
|    entropy_loss       | -1.25      |
|    explained_variance | 0.85112923 |
|    n_updates          | 1099       |
|    policy_loss        | 1.25       |
|    std                | 1          |
|    u_grad_norm        | 0.0339     |
|    u_learning_rate    | 0.000999   |
|    v_grad_norm        | 0.878      |
|    value_loss         | 0.666      |
--------------------------------------
-------------------------------------
| rollout/              |           |
|    ep_len_mean        | 500       |
|    ep_rew_mean        | -4.16e+03 |
| time/                 |           |
|    fps                | 11        |
|    iterations         | 1100      |
|    time_elapsed       | 746       |
|    total_timesteps    | 8800      |
| train/                |           |
|    c_learning_rate    | 0.0005    |
|    d_grad_norm        | 1.12      |
|    d_learning_rate    | 0.005     |
|    entropy_loss       | -1.12     |
|    explained_variance | 0.5800993 |
|    n_updates          | 1099      |
|    policy_loss        | -0.34     |
|    std                | 0.995     |
|    u_grad_norm        | 0.00863   |
|    u_learning_rate    | 0.000999  |
|    v_grad_norm        | 0.876     |
|    value_loss         | 0.273     |
-------------------------------------
---------------------------------------
| rollout/              |             |
|    ep_len_mean        | 500         |
|    ep_rew_mean        | -4.3e+03    |
| time/                 |             |
|    fps                | 11          |
|    iterations         | 1100        |
|    time_elapsed       | 747         |
|    total_timesteps    | 8800        |
| train/                |             |
|    c_learning_rate    | 0.0005      |
|    d_grad_norm        | 1.14        |
|    d_learning_rate    | 0.005       |
|    entropy_loss       | -1.33       |
|    explained_variance | -0.39596212 |
|    n_updates          | 1099        |
|    policy_loss        | 0.823       |
|    std                | 1.01        |
|    u_grad_norm        | 0.0118      |
|    u_learning_rate    | 0.000999    |
|    v_grad_norm        | 0.909       |
|    value_loss         | 0.439       |
---------------------------------------
--------------------------------------
| rollout/              |            |
|    ep_len_mean        | 500        |
|    ep_rew_mean        | -4.34e+03  |
| time/                 |            |
|    fps                | 11         |
|    iterations         | 1100       |
|    time_elapsed       | 747        |
|    total_timesteps    | 8800       |
| train/                |            |
|    c_learning_rate    | 0.0005     |
|    d_grad_norm        | 1.1        |
|    d_learning_rate    | 0.005      |
|    entropy_loss       | -1.15      |
|    explained_variance | -1.2434161 |
|    n_updates          | 1099       |
|    policy_loss        | 1.38       |
|    std                | 1.01       |
|    u_grad_norm        | 0.0259     |
|    u_learning_rate    | 0.000999   |
|    v_grad_norm        | 0.895      |
|    value_loss         | 4.21       |
--------------------------------------
--------------------------------------
| rollout/              |            |
|    ep_len_mean        | 500        |
|    ep_rew_mean        | -4.02e+03  |
| time/                 |            |
|    fps                | 11         |
|    iterations         | 1100       |
|    time_elapsed       | 748        |
|    total_timesteps    | 8800       |
| train/                |            |
|    c_learning_rate    | 0.0005     |
|    d_grad_norm        | 1.15       |
|    d_learning_rate    | 0.005      |
|    entropy_loss       | -0.637     |
|    explained_variance | 0.07236147 |
|    n_updates          | 1099       |
|    policy_loss        | -0.156     |
|    std                | 1.04       |
|    u_grad_norm        | 0.0029     |
|    u_learning_rate    | 0.000999   |
|    v_grad_norm        | 1          |
|    value_loss         | 1.21       |
--------------------------------------
--------------------------------------
| rollout/              |            |
|    ep_len_mean        | 500        |
|    ep_rew_mean        | -3.96e+03  |
| time/                 |            |
|    fps                | 11         |
|    iterations         | 1100       |
|    time_elapsed       | 749        |
|    total_timesteps    | 8800       |
| train/                |            |
|    c_learning_rate    | 0.0005     |
|    d_grad_norm        | 1.07       |
|    d_learning_rate    | 0.005      |
|    entropy_loss       | -1.53      |
|    explained_variance | 0.84120905 |
|    n_updates          | 1099       |
|    policy_loss        | -2.81      |
|    std                | 1.02       |
|    u_grad_norm        | 0.0112     |
|    u_learning_rate    | 0.000999   |
|    v_grad_norm        | 0.883      |
|    value_loss         | 5.78       |
--------------------------------------
--------------------------------------
| rollout/              |            |
|    ep_len_mean        | 500        |
|    ep_rew_mean        | -4.37e+03  |
| time/                 |            |
|    fps                | 11         |
|    iterations         | 1200       |
|    time_elapsed       | 820        |
|    total_timesteps    | 9600       |
| train/                |            |
|    c_learning_rate    | 0.0005     |
|    d_grad_norm        | 1.11       |
|    d_learning_rate    | 0.005      |
|    entropy_loss       | -1.13      |
|    explained_variance | 0.88408995 |
|    n_updates          | 1199       |
|    policy_loss        | -0.818     |
|    std                | 0.999      |
|    u_grad_norm        | 0.0198     |
|    u_learning_rate    | 0.000999   |
|    v_grad_norm        | 0.894      |
|    value_loss         | 0.977      |
--------------------------------------
-------------------------------------
| rollout/              |           |
|    ep_len_mean        | 500       |
|    ep_rew_mean        | -4.15e+03 |
| time/                 |           |
|    fps                | 11        |
|    iterations         | 1200      |
|    time_elapsed       | 820       |
|    total_timesteps    | 9600      |
| train/                |           |
|    c_learning_rate    | 0.0005    |
|    d_grad_norm        | 0.968     |
|    d_learning_rate    | 0.005     |
|    entropy_loss       | -1.56     |
|    explained_variance | 0.3196953 |
|    n_updates          | 1199      |
|    policy_loss        | -29.5     |
|    std                | 1.01      |
|    u_grad_norm        | 0.0132    |
|    u_learning_rate    | 0.000999  |
|    v_grad_norm        | 0.936     |
|    value_loss         | 695       |
-------------------------------------
-------------------------------------
| rollout/              |           |
|    ep_len_mean        | 500       |
|    ep_rew_mean        | -4.28e+03 |
| time/                 |           |
|    fps                | 11        |
|    iterations         | 1200      |
|    time_elapsed       | 820       |
|    total_timesteps    | 9600      |
| train/                |           |
|    c_learning_rate    | 0.0005    |
|    d_grad_norm        | 0.985     |
|    d_learning_rate    | 0.005     |
|    entropy_loss       | -1.49     |
|    explained_variance | 0.7681887 |
|    n_updates          | 1199      |
|    policy_loss        | -33.8     |
|    std                | 1         |
|    u_grad_norm        | 0.0157    |
|    u_learning_rate    | 0.000999  |
|    v_grad_norm        | 0.903     |
|    value_loss         | 591       |
-------------------------------------
---------------------------------------
| rollout/              |             |
|    ep_len_mean        | 500         |
|    ep_rew_mean        | -4.18e+03   |
| time/                 |             |
|    fps                | 11          |
|    iterations         | 1200        |
|    time_elapsed       | 820         |
|    total_timesteps    | 9600        |
| train/                |             |
|    c_learning_rate    | 0.0005      |
|    d_grad_norm        | 1.09        |
|    d_learning_rate    | 0.005       |
|    entropy_loss       | -1.67       |
|    explained_variance | -0.46511137 |
|    n_updates          | 1199        |
|    policy_loss        | -3.32       |
|    std                | 1.02        |
|    u_grad_norm        | 0.0109      |
|    u_learning_rate    | 0.000999    |
|    v_grad_norm        | 0.874       |
|    value_loss         | 160         |
---------------------------------------
--------------------------------------
| rollout/              |            |
|    ep_len_mean        | 500        |
|    ep_rew_mean        | -3.96e+03  |
| time/                 |            |
|    fps                | 11         |
|    iterations         | 1200       |
|    time_elapsed       | 820        |
|    total_timesteps    | 9600       |
| train/                |            |
|    c_learning_rate    | 0.0005     |
|    d_grad_norm        | 1.08       |
|    d_learning_rate    | 0.005      |
|    entropy_loss       | -1.49      |
|    explained_variance | -0.6603546 |
|    n_updates          | 1199       |
|    policy_loss        | -1.82      |
|    std                | 1.01       |
|    u_grad_norm        | 0.00775    |
|    u_learning_rate    | 0.000999   |
|    v_grad_norm        | 0.921      |
|    value_loss         | 3.39       |
--------------------------------------
--------------------------------------
| rollout/              |            |
|    ep_len_mean        | 500        |
|    ep_rew_mean        | -4.31e+03  |
| time/                 |            |
|    fps                | 11         |
|    iterations         | 1200       |
|    time_elapsed       | 820        |
|    total_timesteps    | 9600       |
| train/                |            |
|    c_learning_rate    | 0.0005     |
|    d_grad_norm        | 0.79       |
|    d_learning_rate    | 0.005      |
|    entropy_loss       | -2.05      |
|    explained_variance | -0.7241185 |
|    n_updates          | 1199       |
|    policy_loss        | 10.5       |
|    std                | 1.01       |
|    u_grad_norm        | 0.00655    |
|    u_learning_rate    | 0.000999   |
|    v_grad_norm        | 0.927      |
|    value_loss         | 41.6       |
--------------------------------------
--------------------------------------
| rollout/              |            |
|    ep_len_mean        | 500        |
|    ep_rew_mean        | -4.21e+03  |
| time/                 |            |
|    fps                | 11         |
|    iterations         | 1200       |
|    time_elapsed       | 820        |
|    total_timesteps    | 9600       |
| train/                |            |
|    c_learning_rate    | 0.0005     |
|    d_grad_norm        | 1.12       |
|    d_learning_rate    | 0.005      |
|    entropy_loss       | -1.1       |
|    explained_variance | 0.40727323 |
|    n_updates          | 1199       |
|    policy_loss        | 0.35       |
|    std                | 0.998      |
|    u_grad_norm        | 0.00397    |
|    u_learning_rate    | 0.000999   |
|    v_grad_norm        | 0.882      |
|    value_loss         | 0.491      |
--------------------------------------
---------------------------------------
| rollout/              |             |
|    ep_len_mean        | 500         |
|    ep_rew_mean        | -4.36e+03   |
| time/                 |             |
|    fps                | 11          |
|    iterations         | 1200        |
|    time_elapsed       | 821         |
|    total_timesteps    | 9600        |
| train/                |             |
|    c_learning_rate    | 0.0005      |
|    d_grad_norm        | 1.08        |
|    d_learning_rate    | 0.005       |
|    entropy_loss       | -1.11       |
|    explained_variance | 0.049325287 |
|    n_updates          | 1199        |
|    policy_loss        | -1.13       |
|    std                | 1.02        |
|    u_grad_norm        | 0.0111      |
|    u_learning_rate    | 0.000999    |
|    v_grad_norm        | 0.965       |
|    value_loss         | 2.91        |
---------------------------------------
-------------------------------------
| rollout/              |           |
|    ep_len_mean        | 500       |
|    ep_rew_mean        | -4.05e+03 |
| time/                 |           |
|    fps                | 11        |
|    iterations         | 1200      |
|    time_elapsed       | 822       |
|    total_timesteps    | 9600      |
| train/                |           |
|    c_learning_rate    | 0.0005    |
|    d_grad_norm        | 0.979     |
|    d_learning_rate    | 0.005     |
|    entropy_loss       | -1.34     |
|    explained_variance | 0.7911435 |
|    n_updates          | 1199      |
|    policy_loss        | -20.6     |
|    std                | 1.05      |
|    u_grad_norm        | 0.0122    |
|    u_learning_rate    | 0.000999  |
|    v_grad_norm        | 0.946     |
|    value_loss         | 597       |
-------------------------------------
--------------------------------------
| rollout/              |            |
|    ep_len_mean        | 500        |
|    ep_rew_mean        | -3.97e+03  |
| time/                 |            |
|    fps                | 11         |
|    iterations         | 1200       |
|    time_elapsed       | 823        |
|    total_timesteps    | 9600       |
| train/                |            |
|    c_learning_rate    | 0.0005     |
|    d_grad_norm        | 1.08       |
|    d_learning_rate    | 0.005      |
|    entropy_loss       | -1.57      |
|    explained_variance | 0.58671135 |
|    n_updates          | 1199       |
|    policy_loss        | 11.1       |
|    std                | 1.02       |
|    u_grad_norm        | 0.0119     |
|    u_learning_rate    | 0.000999   |
|    v_grad_norm        | 0.901      |
|    value_loss         | 49.9       |
--------------------------------------
/home/jw4406/codebase/stable-baselines3/stable_baselines3/common/evaluation.py:67: UserWarning: Evaluation environment is not wrapped with a ``Monitor`` wrapper. This may result in reporting modified episode lengths and rewards, if other wrappers happen to modify these. Consider wrapping environment first with ``Monitor`` wrapper.
  warnings.warn(
/home/jw4406/codebase/stable-baselines3/stable_baselines3/common/evaluation.py:67: UserWarning: Evaluation environment is not wrapped with a ``Monitor`` wrapper. This may result in reporting modified episode lengths and rewards, if other wrappers happen to modify these. Consider wrapping environment first with ``Monitor`` wrapper.
  warnings.warn(
/home/jw4406/codebase/stable-baselines3/stable_baselines3/common/evaluation.py:67: UserWarning: Evaluation environment is not wrapped with a ``Monitor`` wrapper. This may result in reporting modified episode lengths and rewards, if other wrappers happen to modify these. Consider wrapping environment first with ``Monitor`` wrapper.
  warnings.warn(
/home/jw4406/codebase/stable-baselines3/stable_baselines3/common/evaluation.py:67: UserWarning: Evaluation environment is not wrapped with a ``Monitor`` wrapper. This may result in reporting modified episode lengths and rewards, if other wrappers happen to modify these. Consider wrapping environment first with ``Monitor`` wrapper.
  warnings.warn(
/home/jw4406/codebase/stable-baselines3/stable_baselines3/common/evaluation.py:67: UserWarning: Evaluation environment is not wrapped with a ``Monitor`` wrapper. This may result in reporting modified episode lengths and rewards, if other wrappers happen to modify these. Consider wrapping environment first with ``Monitor`` wrapper.
  warnings.warn(
/home/jw4406/codebase/stable-baselines3/stable_baselines3/common/evaluation.py:67: UserWarning: Evaluation environment is not wrapped with a ``Monitor`` wrapper. This may result in reporting modified episode lengths and rewards, if other wrappers happen to modify these. Consider wrapping environment first with ``Monitor`` wrapper.
  warnings.warn(
/home/jw4406/codebase/stable-baselines3/stable_baselines3/common/evaluation.py:67: UserWarning: Evaluation environment is not wrapped with a ``Monitor`` wrapper. This may result in reporting modified episode lengths and rewards, if other wrappers happen to modify these. Consider wrapping environment first with ``Monitor`` wrapper.
  warnings.warn(
/home/jw4406/codebase/stable-baselines3/stable_baselines3/common/evaluation.py:67: UserWarning: Evaluation environment is not wrapped with a ``Monitor`` wrapper. This may result in reporting modified episode lengths and rewards, if other wrappers happen to modify these. Consider wrapping environment first with ``Monitor`` wrapper.
  warnings.warn(
/home/jw4406/codebase/stable-baselines3/stable_baselines3/common/evaluation.py:67: UserWarning: Evaluation environment is not wrapped with a ``Monitor`` wrapper. This may result in reporting modified episode lengths and rewards, if other wrappers happen to modify these. Consider wrapping environment first with ``Monitor`` wrapper.
  warnings.warn(
/home/jw4406/codebase/stable-baselines3/stable_baselines3/common/evaluation.py:67: UserWarning: Evaluation environment is not wrapped with a ``Monitor`` wrapper. This may result in reporting modified episode lengths and rewards, if other wrappers happen to modify these. Consider wrapping environment first with ``Monitor`` wrapper.
  warnings.warn(
Eval num_timesteps=10000, episode_reward=-4709.81 +/- 82.10
Episode length: 500.00 +/- 0.00
--------------------------------------
| eval/                 |            |
|    mean_ep_length     | 500        |
|    mean_reward        | -4.71e+03  |
| time/                 |            |
|    total_timesteps    | 10000      |
| train/                |            |
|    c_learning_rate    | 0.0005     |
|    d_grad_norm        | 1.12       |
|    d_learning_rate    | 0.005      |
|    entropy_loss       | -1.51      |
|    explained_variance | 0.62576616 |
|    n_updates          | 1249       |
|    policy_loss        | 6.66       |
|    std                | 1          |
|    u_grad_norm        | 0.00617    |
|    u_learning_rate    | 0.000999   |
|    v_grad_norm        | 0.947      |
|    value_loss         | 9.14       |
--------------------------------------
Eval num_timesteps=10000, episode_reward=-4489.45 +/- 94.36
Episode length: 500.00 +/- 0.00
-------------------------------------
| eval/                 |           |
|    mean_ep_length     | 500       |
|    mean_reward        | -4.49e+03 |
| time/                 |           |
|    total_timesteps    | 10000     |
| train/                |           |
|    c_learning_rate    | 0.0005    |
|    d_grad_norm        | 0.992     |
|    d_learning_rate    | 0.005     |
|    entropy_loss       | -2.09     |
|    explained_variance | 0.0496428 |
|    n_updates          | 1249      |
|    policy_loss        | 17.8      |
|    std                | 0.999     |
|    u_grad_norm        | 0.00309   |
|    u_learning_rate    | 0.000999  |
|    v_grad_norm        | 0.949     |
|    value_loss         | 75.6      |
-------------------------------------
Eval num_timesteps=10000, episode_reward=-4338.74 +/- 140.15
Episode length: 500.00 +/- 0.00
--------------------------------------
| eval/                 |            |
|    mean_ep_length     | 500        |
|    mean_reward        | -4.34e+03  |
| time/                 |            |
|    total_timesteps    | 10000      |
| train/                |            |
|    c_learning_rate    | 0.0005     |
|    d_grad_norm        | 1.09       |
|    d_learning_rate    | 0.005      |
|    entropy_loss       | -1.6       |
|    explained_variance | -0.2613945 |
|    n_updates          | 1249       |
|    policy_loss        | -0.393     |
|    std                | 1.01       |
|    u_grad_norm        | 0.00248    |
|    u_learning_rate    | 0.000999   |
|    v_grad_norm        | 1.02       |
|    value_loss         | 5.47       |
--------------------------------------
Eval num_timesteps=10000, episode_reward=-4457.26 +/- 87.47
Episode length: 500.00 +/- 0.00
--------------------------------------
| eval/                 |            |
|    mean_ep_length     | 500        |
|    mean_reward        | -4.46e+03  |
| time/                 |            |
|    total_timesteps    | 10000      |
| train/                |            |
|    c_learning_rate    | 0.0005     |
|    d_grad_norm        | 1.12       |
|    d_learning_rate    | 0.005      |
|    entropy_loss       | -1.43      |
|    explained_variance | 0.66738683 |
|    n_updates          | 1249       |
|    policy_loss        | 5.08       |
|    std                | 1.02       |
|    u_grad_norm        | 0.051      |
|    u_learning_rate    | 0.000999   |
|    v_grad_norm        | 0.88       |
|    value_loss         | 2.97       |
--------------------------------------
Eval num_timesteps=10000, episode_reward=-4606.80 +/- 81.46
Episode length: 500.00 +/- 0.00
--------------------------------------
| eval/                 |            |
|    mean_ep_length     | 500        |
|    mean_reward        | -4.61e+03  |
| time/                 |            |
|    total_timesteps    | 10000      |
| train/                |            |
|    c_learning_rate    | 0.0005     |
|    d_grad_norm        | 1.02       |
|    d_learning_rate    | 0.005      |
|    entropy_loss       | -2.12      |
|    explained_variance | 0.48096472 |
|    n_updates          | 1249       |
|    policy_loss        | 20.8       |
|    std                | 1.02       |
|    u_grad_norm        | 0.00421    |
|    u_learning_rate    | 0.000999   |
|    v_grad_norm        | 0.952      |
|    value_loss         | 73.4       |
--------------------------------------
Eval num_timesteps=10000, episode_reward=-4592.35 +/- 97.17
Episode length: 500.00 +/- 0.00
--------------------------------------
| eval/                 |            |
|    mean_ep_length     | 500        |
|    mean_reward        | -4.59e+03  |
| time/                 |            |
|    total_timesteps    | 10000      |
| train/                |            |
|    c_learning_rate    | 0.0005     |
|    d_grad_norm        | 1.1        |
|    d_learning_rate    | 0.005      |
|    entropy_loss       | -1.52      |
|    explained_variance | -0.5832671 |
|    n_updates          | 1249       |
|    policy_loss        | 16.4       |
|    std                | 1.01       |
|    u_grad_norm        | 0.0255     |
|    u_learning_rate    | 0.000999   |
|    v_grad_norm        | 0.963      |
|    value_loss         | 47.6       |
--------------------------------------
Eval num_timesteps=10000, episode_reward=-4511.53 +/- 130.27
Episode length: 500.00 +/- 0.00
--------------------------------------
| eval/                 |            |
|    mean_ep_length     | 500        |
|    mean_reward        | -4.51e+03  |
| time/                 |            |
|    total_timesteps    | 10000      |
| train/                |            |
|    c_learning_rate    | 0.0005     |
|    d_grad_norm        | 1.13       |
|    d_learning_rate    | 0.005      |
|    entropy_loss       | -1.04      |
|    explained_variance | 0.39186388 |
|    n_updates          | 1249       |
|    policy_loss        | 0.797      |
|    std                | 0.998      |
|    u_grad_norm        | 0.00131    |
|    u_learning_rate    | 0.000999   |
|    v_grad_norm        | 0.893      |
|    value_loss         | 2.09       |
--------------------------------------
Eval num_timesteps=10000, episode_reward=-4569.90 +/- 83.14
Episode length: 500.00 +/- 0.00
-------------------------------------
| eval/                 |           |
|    mean_ep_length     | 500       |
|    mean_reward        | -4.57e+03 |
| time/                 |           |
|    total_timesteps    | 10000     |
| train/                |           |
|    c_learning_rate    | 0.0005    |
|    d_grad_norm        | 1.09      |
|    d_learning_rate    | 0.005     |
|    entropy_loss       | -1.32     |
|    explained_variance | 0.5735847 |
|    n_updates          | 1249      |
|    policy_loss        | 6.31      |
|    std                | 1.02      |
|    u_grad_norm        | 0.0292    |
|    u_learning_rate    | 0.000999  |
|    v_grad_norm        | 0.898     |
|    value_loss         | 11.8      |
-------------------------------------
Eval num_timesteps=10000, episode_reward=-4362.05 +/- 204.26
Episode length: 500.00 +/- 0.00
---------------------------------------
| eval/                 |             |
|    mean_ep_length     | 500         |
|    mean_reward        | -4.36e+03   |
| time/                 |             |
|    total_timesteps    | 10000       |
| train/                |             |
|    c_learning_rate    | 0.0005      |
|    d_grad_norm        | 1.11        |
|    d_learning_rate    | 0.005       |
|    entropy_loss       | -0.572      |
|    explained_variance | -0.20697641 |
|    n_updates          | 1249        |
|    policy_loss        | 6.64        |
|    std                | 1.05        |
|    u_grad_norm        | 0.0806      |
|    u_learning_rate    | 0.000999    |
|    v_grad_norm        | 0.918       |
|    value_loss         | 3.76        |
---------------------------------------
Eval num_timesteps=10000, episode_reward=-4638.91 +/- 101.26
Episode length: 500.00 +/- 0.00
--------------------------------------
| eval/                 |            |
|    mean_ep_length     | 500        |
|    mean_reward        | -4.64e+03  |
| time/                 |            |
|    total_timesteps    | 10000      |
| train/                |            |
|    c_learning_rate    | 0.0005     |
|    d_grad_norm        | 1.11       |
|    d_learning_rate    | 0.005      |
|    entropy_loss       | -1.27      |
|    explained_variance | 0.79232115 |
|    n_updates          | 1249       |
|    policy_loss        | 0.653      |
|    std                | 1.02       |
|    u_grad_norm        | 0.0153     |
|    u_learning_rate    | 0.000999   |
|    v_grad_norm        | 0.872      |
|    value_loss         | 0.291      |
--------------------------------------
New best mean reward!
---------------------------------------
| rollout/              |             |
|    ep_len_mean        | 500         |
|    ep_rew_mean        | -4.26e+03   |
| time/                 |             |
|    fps                | 9           |
|    iterations         | 1300        |
|    time_elapsed       | 1097        |
|    total_timesteps    | 10400       |
| train/                |             |
|    c_learning_rate    | 0.000499    |
|    d_grad_norm        | 1.12        |
|    d_learning_rate    | 0.00499     |
|    entropy_loss       | -1.86       |
|    explained_variance | 0.113306105 |
|    n_updates          | 1299        |
|    policy_loss        | -3.65       |
|    std                | 1           |
|    u_grad_norm        | 0.023       |
|    u_learning_rate    | 0.000999    |
|    v_grad_norm        | 0.901       |
|    value_loss         | 4.41        |
---------------------------------------
New best mean reward!
----------------------------------------
| rollout/              |              |
|    ep_len_mean        | 500          |
|    ep_rew_mean        | -3.99e+03    |
| time/                 |              |
|    fps                | 9            |
|    iterations         | 1300         |
|    time_elapsed       | 1097         |
|    total_timesteps    | 10400        |
| train/                |              |
|    c_learning_rate    | 0.000499     |
|    d_grad_norm        | 1.09         |
|    d_learning_rate    | 0.00499      |
|    entropy_loss       | -1.42        |
|    explained_variance | -0.007408619 |
|    n_updates          | 1299         |
|    policy_loss        | -0.963       |
|    std                | 1.02         |
|    u_grad_norm        | 0.00711      |
|    u_learning_rate    | 0.000999     |
|    v_grad_norm        | 0.806        |
|    value_loss         | 1.17         |
----------------------------------------
New best mean reward!
--------------------------------------
| rollout/              |            |
|    ep_len_mean        | 500        |
|    ep_rew_mean        | -4.15e+03  |
| time/                 |            |
|    fps                | 9          |
|    iterations         | 1300       |
|    time_elapsed       | 1097       |
|    total_timesteps    | 10400      |
| train/                |            |
|    c_learning_rate    | 0.000499   |
|    d_grad_norm        | 0.933      |
|    d_learning_rate    | 0.00499    |
|    entropy_loss       | -1.59      |
|    explained_variance | 0.84894943 |
|    n_updates          | 1299       |
|    policy_loss        | 0.149      |
|    std                | 1.01       |
|    u_grad_norm        | 0.029      |
|    u_learning_rate    | 0.000999   |
|    v_grad_norm        | 0.902      |
|    value_loss         | 0.107      |
--------------------------------------
New best mean reward!
--------------------------------------
| rollout/              |            |
|    ep_len_mean        | 500        |
|    ep_rew_mean        | -4.36e+03  |
| time/                 |            |
|    fps                | 9          |
|    iterations         | 1300       |
|    time_elapsed       | 1097       |
|    total_timesteps    | 10400      |
| train/                |            |
|    c_learning_rate    | 0.000499   |
|    d_grad_norm        | 1.09       |
|    d_learning_rate    | 0.00499    |
|    entropy_loss       | -1.03      |
|    explained_variance | -1.9382892 |
|    n_updates          | 1299       |
|    policy_loss        | -0.0993    |
|    std                | 0.998      |
|    u_grad_norm        | 0.00492    |
|    u_learning_rate    | 0.000999   |
|    v_grad_norm        | 0.876      |
|    value_loss         | 0.0675     |
--------------------------------------
New best mean reward!
---------------------------------------
| rollout/              |             |
|    ep_len_mean        | 500         |
|    ep_rew_mean        | -4.19e+03   |
| time/                 |             |
|    fps                | 9           |
|    iterations         | 1300        |
|    time_elapsed       | 1097        |
|    total_timesteps    | 10400       |
| train/                |             |
|    c_learning_rate    | 0.000499    |
|    d_grad_norm        | 1.09        |
|    d_learning_rate    | 0.00499     |
|    entropy_loss       | -1.12       |
|    explained_variance | 0.095368564 |
|    n_updates          | 1299        |
|    policy_loss        | -0.259      |
|    std                | 1.02        |
|    u_grad_norm        | 0.00786     |
|    u_learning_rate    | 0.000999    |
|    v_grad_norm        | 0.874       |
|    value_loss         | 0.218       |
---------------------------------------
New best mean reward!
-------------------------------------
| rollout/              |           |
|    ep_len_mean        | 500       |
|    ep_rew_mean        | -4.3e+03  |
| time/                 |           |
|    fps                | 9         |
|    iterations         | 1300      |
|    time_elapsed       | 1097      |
|    total_timesteps    | 10400     |
| train/                |           |
|    c_learning_rate    | 0.000499  |
|    d_grad_norm        | 1.08      |
|    d_learning_rate    | 0.00499   |
|    entropy_loss       | -2.16     |
|    explained_variance | -4.529809 |
|    n_updates          | 1299      |
|    policy_loss        | 7.56      |
|    std                | 1.02      |
|    u_grad_norm        | 0.0167    |
|    u_learning_rate    | 0.000999  |
|    v_grad_norm        | 0.903     |
|    value_loss         | 17.2      |
-------------------------------------
New best mean reward!
---------------------------------------
| rollout/              |             |
|    ep_len_mean        | 500         |
|    ep_rew_mean        | -4.23e+03   |
| time/                 |             |
|    fps                | 9           |
|    iterations         | 1300        |
|    time_elapsed       | 1098        |
|    total_timesteps    | 10400       |
| train/                |             |
|    c_learning_rate    | 0.000499    |
|    d_grad_norm        | 1.09        |
|    d_learning_rate    | 0.00499     |
|    entropy_loss       | -0.858      |
|    explained_variance | 0.045570433 |
|    n_updates          | 1299        |
|    policy_loss        | -0.3        |
|    std                | 0.999       |
|    u_grad_norm        | 0.0136      |
|    u_learning_rate    | 0.000999    |
|    v_grad_norm        | 0.869       |
|    value_loss         | 0.387       |
---------------------------------------
New best mean reward!
--------------------------------------
| rollout/              |            |
|    ep_len_mean        | 500        |
|    ep_rew_mean        | -4.37e+03  |
| time/                 |            |
|    fps                | 9          |
|    iterations         | 1300       |
|    time_elapsed       | 1098       |
|    total_timesteps    | 10400      |
| train/                |            |
|    c_learning_rate    | 0.000499   |
|    d_grad_norm        | 1.11       |
|    d_learning_rate    | 0.00499    |
|    entropy_loss       | -1.13      |
|    explained_variance | 0.66744924 |
|    n_updates          | 1299       |
|    policy_loss        | -0.166     |
|    std                | 1.02       |
|    u_grad_norm        | 0.000419   |
|    u_learning_rate    | 0.000999   |
|    v_grad_norm        | 0.926      |
|    value_loss         | 0.078      |
--------------------------------------
New best mean reward!
---------------------------------------
| rollout/              |             |
|    ep_len_mean        | 500         |
|    ep_rew_mean        | -4.04e+03   |
| time/                 |             |
|    fps                | 9           |
|    iterations         | 1300        |
|    time_elapsed       | 1099        |
|    total_timesteps    | 10400       |
| train/                |             |
|    c_learning_rate    | 0.000499    |
|    d_grad_norm        | 1.09        |
|    d_learning_rate    | 0.00499     |
|    entropy_loss       | -0.473      |
|    explained_variance | -0.32132912 |
|    n_updates          | 1299        |
|    policy_loss        | 0.129       |
|    std                | 1.05        |
|    u_grad_norm        | 0.026       |
|    u_learning_rate    | 0.000999    |
|    v_grad_norm        | 0.893       |
|    value_loss         | 0.155       |
---------------------------------------
New best mean reward!
------------------------------------
| rollout/              |          |
|    ep_len_mean        | 500      |
|    ep_rew_mean        | -4e+03   |
| time/                 |          |
|    fps                | 9        |
|    iterations         | 1300     |
|    time_elapsed       | 1101     |
|    total_timesteps    | 10400    |
| train/                |          |
|    c_learning_rate    | 0.000499 |
|    d_grad_norm        | 1.13     |
|    d_learning_rate    | 0.00499  |
|    entropy_loss       | -1.3     |
|    explained_variance | 0.937812 |
|    n_updates          | 1299     |
|    policy_loss        | -0.386   |
|    std                | 1.02     |
|    u_grad_norm        | 0.00156  |
|    u_learning_rate    | 0.000999 |
|    v_grad_norm        | 1        |
|    value_loss         | 0.224    |
------------------------------------
--------------------------------------
| rollout/              |            |
|    ep_len_mean        | 500        |
|    ep_rew_mean        | -4.25e+03  |
| time/                 |            |
|    fps                | 9          |
|    iterations         | 1400       |
|    time_elapsed       | 1170       |
|    total_timesteps    | 11200      |
| train/                |            |
|    c_learning_rate    | 0.000499   |
|    d_grad_norm        | 1.08       |
|    d_learning_rate    | 0.00499    |
|    entropy_loss       | -1.64      |
|    explained_variance | 0.84368175 |
|    n_updates          | 1399       |
|    policy_loss        | -2.71      |
|    std                | 1          |
|    u_grad_norm        | 0.0109     |
|    u_learning_rate    | 0.000999   |
|    v_grad_norm        | 0.96       |
|    value_loss         | 0.526      |
--------------------------------------
---------------------------------------
| rollout/              |             |
|    ep_len_mean        | 500         |
|    ep_rew_mean        | -4.35e+03   |
| time/                 |             |
|    fps                | 9           |
|    iterations         | 1400        |
|    time_elapsed       | 1171        |
|    total_timesteps    | 11200       |
| train/                |             |
|    c_learning_rate    | 0.000499    |
|    d_grad_norm        | 1.08        |
|    d_learning_rate    | 0.00499     |
|    entropy_loss       | -1.03       |
|    explained_variance | -0.23925185 |
|    n_updates          | 1399        |
|    policy_loss        | -0.514      |
|    std                | 1           |
|    u_grad_norm        | 0.0018      |
|    u_learning_rate    | 0.000999    |
|    v_grad_norm        | 0.888       |
|    value_loss         | 0.423       |
---------------------------------------
-------------------------------------
| rollout/              |           |
|    ep_len_mean        | 500       |
|    ep_rew_mean        | -4.14e+03 |
| time/                 |           |
|    fps                | 9         |
|    iterations         | 1400      |
|    time_elapsed       | 1171      |
|    total_timesteps    | 11200     |
| train/                |           |
|    c_learning_rate    | 0.000499  |
|    d_grad_norm        | 1.08      |
|    d_learning_rate    | 0.00499   |
|    entropy_loss       | -1.68     |
|    explained_variance | 0.9311105 |
|    n_updates          | 1399      |
|    policy_loss        | -1.4      |
|    std                | 1.01      |
|    u_grad_norm        | 0.0106    |
|    u_learning_rate    | 0.000999  |
|    v_grad_norm        | 0.949     |
|    value_loss         | 0.908     |
-------------------------------------
-------------------------------------
| rollout/              |           |
|    ep_len_mean        | 500       |
|    ep_rew_mean        | -4.03e+03 |
| time/                 |           |
|    fps                | 9         |
|    iterations         | 1400      |
|    time_elapsed       | 1171      |
|    total_timesteps    | 11200     |
| train/                |           |
|    c_learning_rate    | 0.000499  |
|    d_grad_norm        | 1.02      |
|    d_learning_rate    | 0.00499   |
|    entropy_loss       | -2.29     |
|    explained_variance | 0.6719086 |
|    n_updates          | 1399      |
|    policy_loss        | -8.67     |
|    std                | 1.02      |
|    u_grad_norm        | 0.037     |
|    u_learning_rate    | 0.000999  |
|    v_grad_norm        | 0.937     |
|    value_loss         | 48.1      |
-------------------------------------
---------------------------------------
| rollout/              |             |
|    ep_len_mean        | 500         |
|    ep_rew_mean        | -4.26e+03   |
| time/                 |             |
|    fps                | 9           |
|    iterations         | 1400        |
|    time_elapsed       | 1171        |
|    total_timesteps    | 11200       |
| train/                |             |
|    c_learning_rate    | 0.000499    |
|    d_grad_norm        | 1.1         |
|    d_learning_rate    | 0.00499     |
|    entropy_loss       | -1.53       |
|    explained_variance | 0.078404725 |
|    n_updates          | 1399        |
|    policy_loss        | 3.47        |
|    std                | 1.03        |
|    u_grad_norm        | 0.0304      |
|    u_learning_rate    | 0.000999    |
|    v_grad_norm        | 0.999       |
|    value_loss         | 0.513       |
---------------------------------------
-------------------------------------
| rollout/              |           |
|    ep_len_mean        | 500       |
|    ep_rew_mean        | -4.22e+03 |
| time/                 |           |
|    fps                | 9         |
|    iterations         | 1400      |
|    time_elapsed       | 1171      |
|    total_timesteps    | 11200     |
| train/                |           |
|    c_learning_rate    | 0.000499  |
|    d_grad_norm        | 1.07      |
|    d_learning_rate    | 0.00499   |
|    entropy_loss       | -1.63     |
|    explained_variance | -2.069389 |
|    n_updates          | 1399      |
|    policy_loss        | -4.86     |
|    std                | 1.03      |
|    u_grad_norm        | 0.00267   |
|    u_learning_rate    | 0.000999  |
|    v_grad_norm        | 0.896     |
|    value_loss         | 3.73      |
-------------------------------------
-------------------------------------
| rollout/              |           |
|    ep_len_mean        | 500       |
|    ep_rew_mean        | -4.27e+03 |
| time/                 |           |
|    fps                | 9         |
|    iterations         | 1400      |
|    time_elapsed       | 1172      |
|    total_timesteps    | 11200     |
| train/                |           |
|    c_learning_rate    | 0.000499  |
|    d_grad_norm        | 1.16      |
|    d_learning_rate    | 0.00499   |
|    entropy_loss       | -0.785    |
|    explained_variance | 0.4135604 |
|    n_updates          | 1399      |
|    policy_loss        | 5.81      |
|    std                | 1         |
|    u_grad_norm        | 0.179     |
|    u_learning_rate    | 0.000999  |
|    v_grad_norm        | 0.845     |
|    value_loss         | 2.88      |
-------------------------------------
-------------------------------------
| rollout/              |           |
|    ep_len_mean        | 500       |
|    ep_rew_mean        | -4.37e+03 |
| time/                 |           |
|    fps                | 9         |
|    iterations         | 1400      |
|    time_elapsed       | 1173      |
|    total_timesteps    | 11200     |
| train/                |           |
|    c_learning_rate    | 0.000499  |
|    d_grad_norm        | 1.09      |
|    d_learning_rate    | 0.00499   |
|    entropy_loss       | -1.24     |
|    explained_variance | 0.1218034 |
|    n_updates          | 1399      |
|    policy_loss        | 0.827     |
|    std                | 1.04      |
|    u_grad_norm        | 0.078     |
|    u_learning_rate    | 0.000999  |
|    v_grad_norm        | 0.812     |
|    value_loss         | 0.492     |
-------------------------------------
-------------------------------------
| rollout/              |           |
|    ep_len_mean        | 500       |
|    ep_rew_mean        | -4.07e+03 |
| time/                 |           |
|    fps                | 9         |
|    iterations         | 1400      |
|    time_elapsed       | 1174      |
|    total_timesteps    | 11200     |
| train/                |           |
|    c_learning_rate    | 0.000499  |
|    d_grad_norm        | 0.606     |
|    d_learning_rate    | 0.00499   |
|    entropy_loss       | -0.524    |
|    explained_variance | 0.8334101 |
|    n_updates          | 1399      |
|    policy_loss        | -0.0549   |
|    std                | 1.05      |
|    u_grad_norm        | 0.000267  |
|    u_learning_rate    | 0.000999  |
|    v_grad_norm        | 0.995     |
|    value_loss         | 0.0547    |
-------------------------------------
--------------------------------------
| rollout/              |            |
|    ep_len_mean        | 500        |
|    ep_rew_mean        | -4.04e+03  |
| time/                 |            |
|    fps                | 9          |
|    iterations         | 1400       |
|    time_elapsed       | 1175       |
|    total_timesteps    | 11200      |
| train/                |            |
|    c_learning_rate    | 0.000499   |
|    d_grad_norm        | 1.08       |
|    d_learning_rate    | 0.00499    |
|    entropy_loss       | -1.19      |
|    explained_variance | -0.1616857 |
|    n_updates          | 1399       |
|    policy_loss        | -0.947     |
|    std                | 1.03       |
|    u_grad_norm        | 0.00195    |
|    u_learning_rate    | 0.000999   |
|    v_grad_norm        | 0.97       |
|    value_loss         | 1.8        |
--------------------------------------
---------------------------------------
| rollout/              |             |
|    ep_len_mean        | 500         |
|    ep_rew_mean        | -4.25e+03   |
| time/                 |             |
|    fps                | 9           |
|    iterations         | 1500        |
|    time_elapsed       | 1211        |
|    total_timesteps    | 12000       |
| train/                |             |
|    c_learning_rate    | 0.000499    |
|    d_grad_norm        | 1.06        |
|    d_learning_rate    | 0.00499     |
|    entropy_loss       | -1.41       |
|    explained_variance | -0.08656347 |
|    n_updates          | 1499        |
|    policy_loss        | -1.5        |
|    std                | 1           |
|    u_grad_norm        | 0.0041      |
|    u_learning_rate    | 0.000999    |
|    v_grad_norm        | 0.918       |
|    value_loss         | 3.99        |
---------------------------------------
--------------------------------------
| rollout/              |            |
|    ep_len_mean        | 500        |
|    ep_rew_mean        | -4.33e+03  |
| time/                 |            |
|    fps                | 9          |
|    iterations         | 1500       |
|    time_elapsed       | 1211       |
|    total_timesteps    | 12000      |
| train/                |            |
|    c_learning_rate    | 0.000499   |
|    d_grad_norm        | 1.1        |
|    d_learning_rate    | 0.00499    |
|    entropy_loss       | -0.985     |
|    explained_variance | 0.31526142 |
|    n_updates          | 1499       |
|    policy_loss        | -0.289     |
|    std                | 1.01       |
|    u_grad_norm        | 0.0107     |
|    u_learning_rate    | 0.000999   |
|    v_grad_norm        | 0.882      |
|    value_loss         | 0.259      |
--------------------------------------
--------------------------------------
| rollout/              |            |
|    ep_len_mean        | 500        |
|    ep_rew_mean        | -4.16e+03  |
| time/                 |            |
|    fps                | 9          |
|    iterations         | 1500       |
|    time_elapsed       | 1212       |
|    total_timesteps    | 12000      |
| train/                |            |
|    c_learning_rate    | 0.000499   |
|    d_grad_norm        | 1.17       |
|    d_learning_rate    | 0.00499    |
|    entropy_loss       | -1.55      |
|    explained_variance | 0.94463485 |
|    n_updates          | 1499       |
|    policy_loss        | -1.84      |
|    std                | 1.01       |
|    u_grad_norm        | 0.00305    |
|    u_learning_rate    | 0.000999   |
|    v_grad_norm        | 0.886      |
|    value_loss         | 4.06       |
--------------------------------------
--------------------------------------
| rollout/              |            |
|    ep_len_mean        | 500        |
|    ep_rew_mean        | -4.04e+03  |
| time/                 |            |
|    fps                | 9          |
|    iterations         | 1500       |
|    time_elapsed       | 1212       |
|    total_timesteps    | 12000      |
| train/                |            |
|    c_learning_rate    | 0.000499   |
|    d_grad_norm        | 0.424      |
|    d_learning_rate    | 0.00499    |
|    entropy_loss       | -1.39      |
|    explained_variance | -2.3800926 |
|    n_updates          | 1499       |
|    policy_loss        | 0.0362     |
|    std                | 1.03       |
|    u_grad_norm        | 0.0158     |
|    u_learning_rate    | 0.000999   |
|    v_grad_norm        | 0.871      |
|    value_loss         | 0.329      |
--------------------------------------
---------------------------------------
| rollout/              |             |
|    ep_len_mean        | 500         |
|    ep_rew_mean        | -4.24e+03   |
| time/                 |             |
|    fps                | 9           |
|    iterations         | 1500        |
|    time_elapsed       | 1212        |
|    total_timesteps    | 12000       |
| train/                |             |
|    c_learning_rate    | 0.000499    |
|    d_grad_norm        | 0.934       |
|    d_learning_rate    | 0.00499     |
|    entropy_loss       | -1.44       |
|    explained_variance | -0.10560012 |
|    n_updates          | 1499        |
|    policy_loss        | 7.04        |
|    std                | 1.04        |
|    u_grad_norm        | 0.0164      |
|    u_learning_rate    | 0.000999    |
|    v_grad_norm        | 0.913       |
|    value_loss         | 26.8        |
---------------------------------------
--------------------------------------
| rollout/              |            |
|    ep_len_mean        | 500        |
|    ep_rew_mean        | -4.26e+03  |
| time/                 |            |
|    fps                | 9          |
|    iterations         | 1500       |
|    time_elapsed       | 1212       |
|    total_timesteps    | 12000      |
| train/                |            |
|    c_learning_rate    | 0.000499   |
|    d_grad_norm        | 1.1        |
|    d_learning_rate    | 0.00499    |
|    entropy_loss       | -1.59      |
|    explained_variance | -0.7523937 |
|    n_updates          | 1499       |
|    policy_loss        | 0.719      |
|    std                | 1.04       |
|    u_grad_norm        | 0.0126     |
|    u_learning_rate    | 0.000999   |
|    v_grad_norm        | 0.895      |
|    value_loss         | 0.329      |
--------------------------------------
---------------------------------------
| rollout/              |             |
|    ep_len_mean        | 500         |
|    ep_rew_mean        | -4.3e+03    |
| time/                 |             |
|    fps                | 9           |
|    iterations         | 1500        |
|    time_elapsed       | 1212        |
|    total_timesteps    | 12000       |
| train/                |             |
|    c_learning_rate    | 0.000499    |
|    d_grad_norm        | 0.727       |
|    d_learning_rate    | 0.00499     |
|    entropy_loss       | -0.746      |
|    explained_variance | -0.26302707 |
|    n_updates          | 1499        |
|    policy_loss        | 0.0221      |
|    std                | 1.01        |
|    u_grad_norm        | 0.00214     |
|    u_learning_rate    | 0.000999    |
|    v_grad_norm        | 0.87        |
|    value_loss         | 0.0109      |
---------------------------------------
-------------------------------------
| rollout/              |           |
|    ep_len_mean        | 500       |
|    ep_rew_mean        | -4.38e+03 |
| time/                 |           |
|    fps                | 9         |
|    iterations         | 1500      |
|    time_elapsed       | 1213      |
|    total_timesteps    | 12000     |
| train/                |           |
|    c_learning_rate    | 0.000499  |
|    d_grad_norm        | 0.723     |
|    d_learning_rate    | 0.00499   |
|    entropy_loss       | -1.53     |
|    explained_variance | 0.7966066 |
|    n_updates          | 1499      |
|    policy_loss        | 0.215     |
|    std                | 1.05      |
|    u_grad_norm        | 0.0319    |
|    u_learning_rate    | 0.000999  |
|    v_grad_norm        | 0.888     |
|    value_loss         | 0.0447    |
-------------------------------------
-------------------------------------
| rollout/              |           |
|    ep_len_mean        | 500       |
|    ep_rew_mean        | -4.09e+03 |
| time/                 |           |
|    fps                | 9         |
|    iterations         | 1500      |
|    time_elapsed       | 1214      |
|    total_timesteps    | 12000     |
| train/                |           |
|    c_learning_rate    | 0.000499  |
|    d_grad_norm        | 0.93      |
|    d_learning_rate    | 0.00499   |
|    entropy_loss       | -0.726    |
|    explained_variance | 0.7346983 |
|    n_updates          | 1499      |
|    policy_loss        | 0.0727    |
|    std                | 1.06      |
|    u_grad_norm        | 0.00914   |
|    u_learning_rate    | 0.000999  |
|    v_grad_norm        | 1.03      |
|    value_loss         | 0.0259    |
-------------------------------------
--------------------------------------
| rollout/              |            |
|    ep_len_mean        | 500        |
|    ep_rew_mean        | -4.07e+03  |
| time/                 |            |
|    fps                | 9          |
|    iterations         | 1500       |
|    time_elapsed       | 1215       |
|    total_timesteps    | 12000      |
| train/                |            |
|    c_learning_rate    | 0.000499   |
|    d_grad_norm        | 1.1        |
|    d_learning_rate    | 0.00499    |
|    entropy_loss       | -1.23      |
|    explained_variance | -0.1968832 |
|    n_updates          | 1499       |
|    policy_loss        | -0.264     |
|    std                | 1.04       |
|    u_grad_norm        | 0.00322    |
|    u_learning_rate    | 0.000999   |
|    v_grad_norm        | 0.854      |
|    value_loss         | 0.149      |
--------------------------------------
-------------------------------------
| rollout/              |           |
|    ep_len_mean        | 500       |
|    ep_rew_mean        | -4.24e+03 |
| time/                 |           |
|    fps                | 9         |
|    iterations         | 1600      |
|    time_elapsed       | 1285      |
|    total_timesteps    | 12800     |
| train/                |           |
|    c_learning_rate    | 0.000499  |
|    d_grad_norm        | 1.11      |
|    d_learning_rate    | 0.00499   |
|    entropy_loss       | -2.03     |
|    explained_variance | 0.7922755 |
|    n_updates          | 1599      |
|    policy_loss        | -0.485    |
|    std                | 1.01      |
|    u_grad_norm        | 0.0112    |
|    u_learning_rate    | 0.000999  |
|    v_grad_norm        | 0.889     |
|    value_loss         | 0.204     |
-------------------------------------
---------------------------------------
| rollout/              |             |
|    ep_len_mean        | 500         |
|    ep_rew_mean        | -4.32e+03   |
| time/                 |             |
|    fps                | 9           |
|    iterations         | 1600        |
|    time_elapsed       | 1285        |
|    total_timesteps    | 12800       |
| train/                |             |
|    c_learning_rate    | 0.000499    |
|    d_grad_norm        | 0.725       |
|    d_learning_rate    | 0.00499     |
|    entropy_loss       | -1.4        |
|    explained_variance | -0.16594172 |
|    n_updates          | 1599        |
|    policy_loss        | 9.76        |
|    std                | 1.01        |
|    u_grad_norm        | 0.0313      |
|    u_learning_rate    | 0.000999    |
|    v_grad_norm        | 0.737       |
|    value_loss         | 92.3        |
---------------------------------------
-------------------------------------
| rollout/              |           |
|    ep_len_mean        | 500       |
|    ep_rew_mean        | -4.15e+03 |
| time/                 |           |
|    fps                | 9         |
|    iterations         | 1600      |
|    time_elapsed       | 1286      |
|    total_timesteps    | 12800     |
| train/                |           |
|    c_learning_rate    | 0.000499  |
|    d_grad_norm        | 1.07      |
|    d_learning_rate    | 0.00499   |
|    entropy_loss       | -1.59     |
|    explained_variance | 0.5511507 |
|    n_updates          | 1599      |
|    policy_loss        | 0.639     |
|    std                | 1.01      |
|    u_grad_norm        | 0.00586   |
|    u_learning_rate    | 0.000999  |
|    v_grad_norm        | 0.904     |
|    value_loss         | 1.54      |
-------------------------------------
--------------------------------------
| rollout/              |            |
|    ep_len_mean        | 500        |
|    ep_rew_mean        | -4.25e+03  |
| time/                 |            |
|    fps                | 9          |
|    iterations         | 1600       |
|    time_elapsed       | 1286       |
|    total_timesteps    | 12800      |
| train/                |            |
|    c_learning_rate    | 0.000499   |
|    d_grad_norm        | 1.1        |
|    d_learning_rate    | 0.00499    |
|    entropy_loss       | -1.8       |
|    explained_variance | 0.86506224 |
|    n_updates          | 1599       |
|    policy_loss        | -3.76      |
|    std                | 1.03       |
|    u_grad_norm        | 0.00489    |
|    u_learning_rate    | 0.000999   |
|    v_grad_norm        | 0.936      |
|    value_loss         | 10.9       |
--------------------------------------
-------------------------------------
| rollout/              |           |
|    ep_len_mean        | 500       |
|    ep_rew_mean        | -4.04e+03 |
| time/                 |           |
|    fps                | 9         |
|    iterations         | 1600      |
|    time_elapsed       | 1286      |
|    total_timesteps    | 12800     |
| train/                |           |
|    c_learning_rate    | 0.000499  |
|    d_grad_norm        | 1.19      |
|    d_learning_rate    | 0.00499   |
|    entropy_loss       | -1.76     |
|    explained_variance | -2.540251 |
|    n_updates          | 1599      |
|    policy_loss        | 5.82      |
|    std                | 1.03      |
|    u_grad_norm        | 0.00891   |
|    u_learning_rate    | 0.000999  |
|    v_grad_norm        | 0.901     |
|    value_loss         | 17        |
-------------------------------------
-------------------------------------
| rollout/              |           |
|    ep_len_mean        | 500       |
|    ep_rew_mean        | -4.22e+03 |
| time/                 |           |
|    fps                | 9         |
|    iterations         | 1600      |
|    time_elapsed       | 1286      |
|    total_timesteps    | 12800     |
| train/                |           |
|    c_learning_rate    | 0.000499  |
|    d_grad_norm        | 1.14      |
|    d_learning_rate    | 0.00499   |
|    entropy_loss       | -1.51     |
|    explained_variance | 0.5378058 |
|    n_updates          | 1599      |
|    policy_loss        | 8.49      |
|    std                | 1.04      |
|    u_grad_norm        | 0.0279    |
|    u_learning_rate    | 0.000999  |
|    v_grad_norm        | 0.9       |
|    value_loss         | 11.7      |
-------------------------------------
--------------------------------------
| rollout/              |            |
|    ep_len_mean        | 500        |
|    ep_rew_mean        | -4.31e+03  |
| time/                 |            |
|    fps                | 9          |
|    iterations         | 1600       |
|    time_elapsed       | 1287       |
|    total_timesteps    | 12800      |
| train/                |            |
|    c_learning_rate    | 0.000499   |
|    d_grad_norm        | 1.07       |
|    d_learning_rate    | 0.00499    |
|    entropy_loss       | -0.703     |
|    explained_variance | 0.26785702 |
|    n_updates          | 1599       |
|    policy_loss        | 7.29       |
|    std                | 1          |
|    u_grad_norm        | 0.0524     |
|    u_learning_rate    | 0.000999   |
|    v_grad_norm        | 0.892      |
|    value_loss         | 25.2       |
--------------------------------------
--------------------------------------
| rollout/              |            |
|    ep_len_mean        | 500        |
|    ep_rew_mean        | -4.39e+03  |
| time/                 |            |
|    fps                | 9          |
|    iterations         | 1600       |
|    time_elapsed       | 1287       |
|    total_timesteps    | 12800      |
| train/                |            |
|    c_learning_rate    | 0.000499   |
|    d_grad_norm        | 1.19       |
|    d_learning_rate    | 0.00499    |
|    entropy_loss       | -1.32      |
|    explained_variance | -0.8811004 |
|    n_updates          | 1599       |
|    policy_loss        | 1.85       |
|    std                | 1.04       |
|    u_grad_norm        | 0.016      |
|    u_learning_rate    | 0.000999   |
|    v_grad_norm        | 0.879      |
|    value_loss         | 4.15       |
--------------------------------------
--------------------------------------
| rollout/              |            |
|    ep_len_mean        | 500        |
|    ep_rew_mean        | -4.1e+03   |
| time/                 |            |
|    fps                | 9          |
|    iterations         | 1600       |
|    time_elapsed       | 1289       |
|    total_timesteps    | 12800      |
| train/                |            |
|    c_learning_rate    | 0.000499   |
|    d_grad_norm        | 1.06       |
|    d_learning_rate    | 0.00499    |
|    entropy_loss       | -0.905     |
|    explained_variance | -6.9239645 |
|    n_updates          | 1599       |
|    policy_loss        | 1.71       |
|    std                | 1.06       |
|    u_grad_norm        | 0.037      |
|    u_learning_rate    | 0.000999   |
|    v_grad_norm        | 0.977      |
|    value_loss         | 111        |
--------------------------------------
--------------------------------------
| rollout/              |            |
|    ep_len_mean        | 500        |
|    ep_rew_mean        | -4.08e+03  |
| time/                 |            |
|    fps                | 9          |
|    iterations         | 1600       |
|    time_elapsed       | 1291       |
|    total_timesteps    | 12800      |
| train/                |            |
|    c_learning_rate    | 0.000499   |
|    d_grad_norm        | 1.06       |
|    d_learning_rate    | 0.00499    |
|    entropy_loss       | -1.81      |
|    explained_variance | 0.13319123 |
|    n_updates          | 1599       |
|    policy_loss        | 1.02       |
|    std                | 1.04       |
|    u_grad_norm        | 0.0431     |
|    u_learning_rate    | 0.000999   |
|    v_grad_norm        | 0.924      |
|    value_loss         | 1.94       |
--------------------------------------
-------------------------------------
| rollout/              |           |
|    ep_len_mean        | 500       |
|    ep_rew_mean        | -4.29e+03 |
| time/                 |           |
|    fps                | 10        |
|    iterations         | 1700      |
|    time_elapsed       | 1359      |
|    total_timesteps    | 13600     |
| train/                |           |
|    c_learning_rate    | 0.000499  |
|    d_grad_norm        | 1.05      |
|    d_learning_rate    | 0.00499   |
|    entropy_loss       | -2.66     |
|    explained_variance | -2.624916 |
|    n_updates          | 1699      |
|    policy_loss        | 21.3      |
|    std                | 1.02      |
|    u_grad_norm        | 0.00435   |
|    u_learning_rate    | 0.000999  |
|    v_grad_norm        | 0.798     |
|    value_loss         | 191       |
-------------------------------------
-------------------------------------
| rollout/              |           |
|    ep_len_mean        | 500       |
|    ep_rew_mean        | -4.24e+03 |
| time/                 |           |
|    fps                | 9         |
|    iterations         | 1700      |
|    time_elapsed       | 1360      |
|    total_timesteps    | 13600     |
| train/                |           |
|    c_learning_rate    | 0.000499  |
|    d_grad_norm        | 1.07      |
|    d_learning_rate    | 0.00499   |
|    entropy_loss       | -2.48     |
|    explained_variance | 0.638831  |
|    n_updates          | 1699      |
|    policy_loss        | -30.9     |
|    std                | 1.01      |
|    u_grad_norm        | 0.0124    |
|    u_learning_rate    | 0.000999  |
|    v_grad_norm        | 0.836     |
|    value_loss         | 246       |
-------------------------------------
-------------------------------------
| rollout/              |           |
|    ep_len_mean        | 500       |
|    ep_rew_mean        | -4.15e+03 |
| time/                 |           |
|    fps                | 9         |
|    iterations         | 1700      |
|    time_elapsed       | 1360      |
|    total_timesteps    | 13600     |
| train/                |           |
|    c_learning_rate    | 0.000499  |
|    d_grad_norm        | 1.07      |
|    d_learning_rate    | 0.00499   |
|    entropy_loss       | -1.75     |
|    explained_variance | 0.4612801 |
|    n_updates          | 1699      |
|    policy_loss        | 0.00272   |
|    std                | 1.02      |
|    u_grad_norm        | 0.00148   |
|    u_learning_rate    | 0.000999  |
|    v_grad_norm        | 0.973     |
|    value_loss         | 1.95      |
-------------------------------------
-------------------------------------
| rollout/              |           |
|    ep_len_mean        | 500       |
|    ep_rew_mean        | -4.04e+03 |
| time/                 |           |
|    fps                | 9         |
|    iterations         | 1700      |
|    time_elapsed       | 1361      |
|    total_timesteps    | 13600     |
| train/                |           |
|    c_learning_rate    | 0.000499  |
|    d_grad_norm        | 1.09      |
|    d_learning_rate    | 0.00499   |
|    entropy_loss       | -1.97     |
|    explained_variance | 0.4803635 |
|    n_updates          | 1699      |
|    policy_loss        | -1.93     |
|    std                | 1.04      |
|    u_grad_norm        | 0.0123    |
|    u_learning_rate    | 0.000999  |
|    v_grad_norm        | 0.862     |
|    value_loss         | 1.6       |
-------------------------------------
--------------------------------------
| rollout/              |            |
|    ep_len_mean        | 500        |
|    ep_rew_mean        | -4.22e+03  |
| time/                 |            |
|    fps                | 9          |
|    iterations         | 1700       |
|    time_elapsed       | 1361       |
|    total_timesteps    | 13600      |
| train/                |            |
|    c_learning_rate    | 0.000499   |
|    d_grad_norm        | 0.91       |
|    d_learning_rate    | 0.00499    |
|    entropy_loss       | -2.47      |
|    explained_variance | 0.31861794 |
|    n_updates          | 1699       |
|    policy_loss        | -2.75      |
|    std                | 1.03       |
|    u_grad_norm        | 0.00338    |
|    u_learning_rate    | 0.000999   |
|    v_grad_norm        | 0.983      |
|    value_loss         | 36.3       |
--------------------------------------
--------------------------------------
| rollout/              |            |
|    ep_len_mean        | 500        |
|    ep_rew_mean        | -4.23e+03  |
| time/                 |            |
|    fps                | 9          |
|    iterations         | 1700       |
|    time_elapsed       | 1361       |
|    total_timesteps    | 13600      |
| train/                |            |
|    c_learning_rate    | 0.000499   |
|    d_grad_norm        | 1.13       |
|    d_learning_rate    | 0.00499    |
|    entropy_loss       | -1.62      |
|    explained_variance | 0.45304698 |
|    n_updates          | 1699       |
|    policy_loss        | -0.588     |
|    std                | 1.04       |
|    u_grad_norm        | 0.0169     |
|    u_learning_rate    | 0.000999   |
|    v_grad_norm        | 0.904      |
|    value_loss         | 0.296      |
--------------------------------------
--------------------------------------
| rollout/              |            |
|    ep_len_mean        | 500        |
|    ep_rew_mean        | -4.39e+03  |
| time/                 |            |
|    fps                | 9          |
|    iterations         | 1700       |
|    time_elapsed       | 1361       |
|    total_timesteps    | 13600      |
| train/                |            |
|    c_learning_rate    | 0.000499   |
|    d_grad_norm        | 1.14       |
|    d_learning_rate    | 0.00499    |
|    entropy_loss       | -1.31      |
|    explained_variance | 0.05623257 |
|    n_updates          | 1699       |
|    policy_loss        | -1.39      |
|    std                | 1.04       |
|    u_grad_norm        | 0.00397    |
|    u_learning_rate    | 0.000999   |
|    v_grad_norm        | 0.944      |
|    value_loss         | 1.87       |
--------------------------------------
--------------------------------------
| rollout/              |            |
|    ep_len_mean        | 500        |
|    ep_rew_mean        | -4.32e+03  |
| time/                 |            |
|    fps                | 9          |
|    iterations         | 1700       |
|    time_elapsed       | 1362       |
|    total_timesteps    | 13600      |
| train/                |            |
|    c_learning_rate    | 0.000499   |
|    d_grad_norm        | 1.13       |
|    d_learning_rate    | 0.00499    |
|    entropy_loss       | -1.29      |
|    explained_variance | 0.91186625 |
|    n_updates          | 1699       |
|    policy_loss        | -8.21      |
|    std                | 1          |
|    u_grad_norm        | 0.00703    |
|    u_learning_rate    | 0.000999   |
|    v_grad_norm        | 0.913      |
|    value_loss         | 94.2       |
--------------------------------------
---------------------------------------
| rollout/              |             |
|    ep_len_mean        | 500         |
|    ep_rew_mean        | -4.06e+03   |
| time/                 |             |
|    fps                | 9           |
|    iterations         | 1700        |
|    time_elapsed       | 1364        |
|    total_timesteps    | 13600       |
| train/                |             |
|    c_learning_rate    | 0.000499    |
|    d_grad_norm        | 1.02        |
|    d_learning_rate    | 0.00499     |
|    entropy_loss       | -1.55       |
|    explained_variance | -0.13474238 |
|    n_updates          | 1699        |
|    policy_loss        | 3.93        |
|    std                | 1.06        |
|    u_grad_norm        | 0.00291     |
|    u_learning_rate    | 0.000999    |
|    v_grad_norm        | 0.925       |
|    value_loss         | 23.4        |
---------------------------------------
--------------------------------------
| rollout/              |            |
|    ep_len_mean        | 500        |
|    ep_rew_mean        | -4.08e+03  |
| time/                 |            |
|    fps                | 9          |
|    iterations         | 1700       |
|    time_elapsed       | 1366       |
|    total_timesteps    | 13600      |
| train/                |            |
|    c_learning_rate    | 0.000499   |
|    d_grad_norm        | 1.12       |
|    d_learning_rate    | 0.00499    |
|    entropy_loss       | -1.51      |
|    explained_variance | 0.87436813 |
|    n_updates          | 1699       |
|    policy_loss        | 2.47       |
|    std                | 1.04       |
|    u_grad_norm        | 0.0023     |
|    u_learning_rate    | 0.000999   |
|    v_grad_norm        | 1.03       |
|    value_loss         | 5.56       |
--------------------------------------
--------------------------------------
| rollout/              |            |
|    ep_len_mean        | 500        |
|    ep_rew_mean        | -4.16e+03  |
| time/                 |            |
|    fps                | 10         |
|    iterations         | 1800       |
|    time_elapsed       | 1434       |
|    total_timesteps    | 14400      |
| train/                |            |
|    c_learning_rate    | 0.000499   |
|    d_grad_norm        | 0.787      |
|    d_learning_rate    | 0.00499    |
|    entropy_loss       | -2.07      |
|    explained_variance | -1.9722908 |
|    n_updates          | 1799       |
|    policy_loss        | 28.6       |
|    std                | 1.01       |
|    u_grad_norm        | 0.00562    |
|    u_learning_rate    | 0.000999   |
|    v_grad_norm        | 0.831      |
|    value_loss         | 390        |
--------------------------------------
-------------------------------------
| rollout/              |           |
|    ep_len_mean        | 500       |
|    ep_rew_mean        | -4.27e+03 |
| time/                 |           |
|    fps                | 10        |
|    iterations         | 1800      |
|    time_elapsed       | 1434      |
|    total_timesteps    | 14400     |
| train/                |           |
|    c_learning_rate    | 0.000499  |
|    d_grad_norm        | 1.04      |
|    d_learning_rate    | 0.00499   |
|    entropy_loss       | -2.5      |
|    explained_variance | 0.7528039 |
|    n_updates          | 1799      |
|    policy_loss        | -49.7     |
|    std                | 1.02      |
|    u_grad_norm        | 0.00238   |
|    u_learning_rate    | 0.000999  |
|    v_grad_norm        | 0.944     |
|    value_loss         | 676       |
-------------------------------------
----------------------------------------
| rollout/              |              |
|    ep_len_mean        | 500          |
|    ep_rew_mean        | -4.22e+03    |
| time/                 |              |
|    fps                | 10           |
|    iterations         | 1800         |
|    time_elapsed       | 1434         |
|    total_timesteps    | 14400        |
| train/                |              |
|    c_learning_rate    | 0.000499     |
|    d_grad_norm        | 1.07         |
|    d_learning_rate    | 0.00499      |
|    entropy_loss       | -1.87        |
|    explained_variance | -0.048525095 |
|    n_updates          | 1799         |
|    policy_loss        | -2.82        |
|    std                | 1.02         |
|    u_grad_norm        | 0.0171       |
|    u_learning_rate    | 0.000999     |
|    v_grad_norm        | 0.943        |
|    value_loss         | 45.2         |
----------------------------------------
---------------------------------------
| rollout/              |             |
|    ep_len_mean        | 500         |
|    ep_rew_mean        | -4.2e+03    |
| time/                 |             |
|    fps                | 10          |
|    iterations         | 1800        |
|    time_elapsed       | 1435        |
|    total_timesteps    | 14400       |
| train/                |             |
|    c_learning_rate    | 0.000499    |
|    d_grad_norm        | 0.828       |
|    d_learning_rate    | 0.00499     |
|    entropy_loss       | -2.34       |
|    explained_variance | -0.55477285 |
|    n_updates          | 1799        |
|    policy_loss        | 8.43        |
|    std                | 1.03        |
|    u_grad_norm        | 0.00271     |
|    u_learning_rate    | 0.000999    |
|    v_grad_norm        | 0.874       |
|    value_loss         | 29.7        |
---------------------------------------
--------------------------------------
| rollout/              |            |
|    ep_len_mean        | 500        |
|    ep_rew_mean        | -4.06e+03  |
| time/                 |            |
|    fps                | 10         |
|    iterations         | 1800       |
|    time_elapsed       | 1435       |
|    total_timesteps    | 14400      |
| train/                |            |
|    c_learning_rate    | 0.000499   |
|    d_grad_norm        | 1.04       |
|    d_learning_rate    | 0.00499    |
|    entropy_loss       | -2.1       |
|    explained_variance | -2.4281785 |
|    n_updates          | 1799       |
|    policy_loss        | 0.506      |
|    std                | 1.04       |
|    u_grad_norm        | 0.00645    |
|    u_learning_rate    | 0.000999   |
|    v_grad_norm        | 0.875      |
|    value_loss         | 0.348      |
--------------------------------------
--------------------------------------
| rollout/              |            |
|    ep_len_mean        | 500        |
|    ep_rew_mean        | -4.24e+03  |
| time/                 |            |
|    fps                | 10         |
|    iterations         | 1800       |
|    time_elapsed       | 1435       |
|    total_timesteps    | 14400      |
| train/                |            |
|    c_learning_rate    | 0.000499   |
|    d_grad_norm        | 1.06       |
|    d_learning_rate    | 0.00499    |
|    entropy_loss       | -1.7       |
|    explained_variance | 0.71928203 |
|    n_updates          | 1799       |
|    policy_loss        | -1.04      |
|    std                | 1.04       |
|    u_grad_norm        | 0.00316    |
|    u_learning_rate    | 0.000999   |
|    v_grad_norm        | 1.02       |
|    value_loss         | 0.999      |
--------------------------------------
-------------------------------------
| rollout/              |           |
|    ep_len_mean        | 500       |
|    ep_rew_mean        | -4.32e+03 |
| time/                 |           |
|    fps                | 10        |
|    iterations         | 1800      |
|    time_elapsed       | 1436      |
|    total_timesteps    | 14400     |
| train/                |           |
|    c_learning_rate    | 0.000499  |
|    d_grad_norm        | 1.12      |
|    d_learning_rate    | 0.00499   |
|    entropy_loss       | -0.762    |
|    explained_variance | 0.7334055 |
|    n_updates          | 1799      |
|    policy_loss        | -0.431    |
|    std                | 1.01      |
|    u_grad_norm        | 0.0119    |
|    u_learning_rate    | 0.000999  |
|    v_grad_norm        | 0.872     |
|    value_loss         | 0.871     |
-------------------------------------
--------------------------------------
| rollout/              |            |
|    ep_len_mean        | 500        |
|    ep_rew_mean        | -4.39e+03  |
| time/                 |            |
|    fps                | 10         |
|    iterations         | 1800       |
|    time_elapsed       | 1436       |
|    total_timesteps    | 14400      |
| train/                |            |
|    c_learning_rate    | 0.000499   |
|    d_grad_norm        | 1.03       |
|    d_learning_rate    | 0.00499    |
|    entropy_loss       | -1.63      |
|    explained_variance | -2.3347447 |
|    n_updates          | 1799       |
|    policy_loss        | -2.19      |
|    std                | 1.04       |
|    u_grad_norm        | 0.0337     |
|    u_learning_rate    | 0.000999   |
|    v_grad_norm        | 0.887      |
|    value_loss         | 6.93       |
--------------------------------------
-------------------------------------
| rollout/              |           |
|    ep_len_mean        | 500       |
|    ep_rew_mean        | -4.07e+03 |
| time/                 |           |
|    fps                | 10        |
|    iterations         | 1800      |
|    time_elapsed       | 1438      |
|    total_timesteps    | 14400     |
| train/                |           |
|    c_learning_rate    | 0.000499  |
|    d_grad_norm        | 0.957     |
|    d_learning_rate    | 0.00499   |
|    entropy_loss       | -1.14     |
|    explained_variance | -4.280409 |
|    n_updates          | 1799      |
|    policy_loss        | -4.23     |
|    std                | 1.06      |
|    u_grad_norm        | 0.0331    |
|    u_learning_rate    | 0.000999  |
|    v_grad_norm        | 0.866     |
|    value_loss         | 35.6      |
-------------------------------------
-------------------------------------
| rollout/              |           |
|    ep_len_mean        | 500       |
|    ep_rew_mean        | -4.07e+03 |
| time/                 |           |
|    fps                | 9         |
|    iterations         | 1800      |
|    time_elapsed       | 1442      |
|    total_timesteps    | 14400     |
| train/                |           |
|    c_learning_rate    | 0.000499  |
|    d_grad_norm        | 1.07      |
|    d_learning_rate    | 0.00499   |
|    entropy_loss       | -1.92     |
|    explained_variance | 0.8432249 |
|    n_updates          | 1799      |
|    policy_loss        | -16.1     |
|    std                | 1.05      |
|    u_grad_norm        | 0.00794   |
|    u_learning_rate    | 0.000999  |
|    v_grad_norm        | 0.85      |
|    value_loss         | 144       |
-------------------------------------
--------------------------------------
| rollout/              |            |
|    ep_len_mean        | 500        |
|    ep_rew_mean        | -4.12e+03  |
| time/                 |            |
|    fps                | 10         |
|    iterations         | 1900       |
|    time_elapsed       | 1508       |
|    total_timesteps    | 15200      |
| train/                |            |
|    c_learning_rate    | 0.000499   |
|    d_grad_norm        | 1.1        |
|    d_learning_rate    | 0.00499    |
|    entropy_loss       | -1.71      |
|    explained_variance | -1.7564461 |
|    n_updates          | 1899       |
|    policy_loss        | 4.21       |
|    std                | 1.01       |
|    u_grad_norm        | 0.00344    |
|    u_learning_rate    | 0.000998   |
|    v_grad_norm        | 0.935      |
|    value_loss         | 11.2       |
--------------------------------------
---------------------------------------
| rollout/              |             |
|    ep_len_mean        | 500         |
|    ep_rew_mean        | -4.18e+03   |
| time/                 |             |
|    fps                | 10          |
|    iterations         | 1900        |
|    time_elapsed       | 1508        |
|    total_timesteps    | 15200       |
| train/                |             |
|    c_learning_rate    | 0.000499    |
|    d_grad_norm        | 1.02        |
|    d_learning_rate    | 0.00499     |
|    entropy_loss       | -0.863      |
|    explained_variance | 0.013951123 |
|    n_updates          | 1899        |
|    policy_loss        | -4.75       |
|    std                | 1.02        |
|    u_grad_norm        | 0.0546      |
|    u_learning_rate    | 0.000998    |
|    v_grad_norm        | 0.849       |
|    value_loss         | 12.8        |
---------------------------------------
--------------------------------------
| rollout/              |            |
|    ep_len_mean        | 500        |
|    ep_rew_mean        | -4.15e+03  |
| time/                 |            |
|    fps                | 10         |
|    iterations         | 1900       |
|    time_elapsed       | 1508       |
|    total_timesteps    | 15200      |
| train/                |            |
|    c_learning_rate    | 0.000499   |
|    d_grad_norm        | 0.983      |
|    d_learning_rate    | 0.00499    |
|    entropy_loss       | -2.53      |
|    explained_variance | 0.85198677 |
|    n_updates          | 1899       |
|    policy_loss        | -1.16      |
|    std                | 1.01       |
|    u_grad_norm        | 0.00972    |
|    u_learning_rate    | 0.000998   |
|    v_grad_norm        | 0.881      |
|    value_loss         | 0.303      |
--------------------------------------
-------------------------------------
| rollout/              |           |
|    ep_len_mean        | 500       |
|    ep_rew_mean        | -4.16e+03 |
| time/                 |           |
|    fps                | 10        |
|    iterations         | 1900      |
|    time_elapsed       | 1509      |
|    total_timesteps    | 15200     |
| train/                |           |
|    c_learning_rate    | 0.000499  |
|    d_grad_norm        | 1.11      |
|    d_learning_rate    | 0.00499   |
|    entropy_loss       | -2.03     |
|    explained_variance | 0.8007104 |
|    n_updates          | 1899      |
|    policy_loss        | -1.57     |
|    std                | 1.03      |
|    u_grad_norm        | 0.000278  |
|    u_learning_rate    | 0.000998  |
|    v_grad_norm        | 1.01      |
|    value_loss         | 2.73      |
-------------------------------------
-------------------------------------
| rollout/              |           |
|    ep_len_mean        | 500       |
|    ep_rew_mean        | -4.03e+03 |
| time/                 |           |
|    fps                | 10        |
|    iterations         | 1900      |
|    time_elapsed       | 1509      |
|    total_timesteps    | 15200     |
| train/                |           |
|    c_learning_rate    | 0.000499  |
|    d_grad_norm        | 1.09      |
|    d_learning_rate    | 0.00499   |
|    entropy_loss       | -2.34     |
|    explained_variance | 0.7417272 |
|    n_updates          | 1899      |
|    policy_loss        | -21.3     |
|    std                | 1.04      |
|    u_grad_norm        | 0.00661   |
|    u_learning_rate    | 0.000998  |
|    v_grad_norm        | 0.841     |
|    value_loss         | 61.5      |
-------------------------------------
--------------------------------------
| rollout/              |            |
|    ep_len_mean        | 500        |
|    ep_rew_mean        | -4.2e+03   |
| time/                 |            |
|    fps                | 10         |
|    iterations         | 1900       |
|    time_elapsed       | 1509       |
|    total_timesteps    | 15200      |
| train/                |            |
|    c_learning_rate    | 0.000499   |
|    d_grad_norm        | 0.773      |
|    d_learning_rate    | 0.00499    |
|    entropy_loss       | -2.95      |
|    explained_variance | -4.2358823 |
|    n_updates          | 1899       |
|    policy_loss        | -0.0611    |
|    std                | 1.04       |
|    u_grad_norm        | 0.000546   |
|    u_learning_rate    | 0.000998   |
|    v_grad_norm        | 0.993      |
|    value_loss         | 118        |
--------------------------------------
--------------------------------------
| rollout/              |            |
|    ep_len_mean        | 500        |
|    ep_rew_mean        | -4.27e+03  |
| time/                 |            |
|    fps                | 10         |
|    iterations         | 1900       |
|    time_elapsed       | 1510       |
|    total_timesteps    | 15200      |
| train/                |            |
|    c_learning_rate    | 0.000499   |
|    d_grad_norm        | 0.986      |
|    d_learning_rate    | 0.00499    |
|    entropy_loss       | -0.791     |
|    explained_variance | -0.1747731 |
|    n_updates          | 1899       |
|    policy_loss        | -0.352     |
|    std                | 1          |
|    u_grad_norm        | 6.02e-05   |
|    u_learning_rate    | 0.000998   |
|    v_grad_norm        | 0.908      |
|    value_loss         | 1.14       |
--------------------------------------
--------------------------------------
| rollout/              |            |
|    ep_len_mean        | 500        |
|    ep_rew_mean        | -4.39e+03  |
| time/                 |            |
|    fps                | 10         |
|    iterations         | 1900       |
|    time_elapsed       | 1510       |
|    total_timesteps    | 15200      |
| train/                |            |
|    c_learning_rate    | 0.000499   |
|    d_grad_norm        | 0.987      |
|    d_learning_rate    | 0.00499    |
|    entropy_loss       | -1.56      |
|    explained_variance | 0.12169933 |
|    n_updates          | 1899       |
|    policy_loss        | -1.13      |
|    std                | 1.05       |
|    u_grad_norm        | 0.00325    |
|    u_learning_rate    | 0.000998   |
|    v_grad_norm        | 0.892      |
|    value_loss         | 1.09       |
--------------------------------------
-------------------------------------
| rollout/              |           |
|    ep_len_mean        | 500       |
|    ep_rew_mean        | -4.01e+03 |
| time/                 |           |
|    fps                | 10        |
|    iterations         | 1900      |
|    time_elapsed       | 1513      |
|    total_timesteps    | 15200     |
| train/                |           |
|    c_learning_rate    | 0.000499  |
|    d_grad_norm        | 1.01      |
|    d_learning_rate    | 0.00499   |
|    entropy_loss       | -1.06     |
|    explained_variance | -6.604942 |
|    n_updates          | 1899      |
|    policy_loss        | 1.54      |
|    std                | 1.06      |
|    u_grad_norm        | 0.00316   |
|    u_learning_rate    | 0.000998  |
|    v_grad_norm        | 0.922     |
|    value_loss         | 6.08      |
-------------------------------------
---------------------------------------
| rollout/              |             |
|    ep_len_mean        | 500         |
|    ep_rew_mean        | -4.02e+03   |
| time/                 |             |
|    fps                | 10          |
|    iterations         | 1900        |
|    time_elapsed       | 1518        |
|    total_timesteps    | 15200       |
| train/                |             |
|    c_learning_rate    | 0.000499    |
|    d_grad_norm        | 1.02        |
|    d_learning_rate    | 0.00499     |
|    entropy_loss       | -1.75       |
|    explained_variance | -0.27921307 |
|    n_updates          | 1899        |
|    policy_loss        | -12.6       |
|    std                | 1.06        |
|    u_grad_norm        | 0.0446      |
|    u_learning_rate    | 0.000998    |
|    v_grad_norm        | 0.999       |
|    value_loss         | 7.55        |
---------------------------------------
-------------------------------------
| rollout/              |           |
|    ep_len_mean        | 500       |
|    ep_rew_mean        | -4.13e+03 |
| time/                 |           |
|    fps                | 10        |
|    iterations         | 2000      |
|    time_elapsed       | 1548      |
|    total_timesteps    | 16000     |
| train/                |           |
|    c_learning_rate    | 0.000499  |
|    d_grad_norm        | 0.0946    |
|    d_learning_rate    | 0.00499   |
|    entropy_loss       | -2.16     |
|    explained_variance | 0.938339  |
|    n_updates          | 1999      |
|    policy_loss        | -0.204    |
|    std                | 1.01      |
|    u_grad_norm        | 0.01      |
|    u_learning_rate    | 0.000998  |
|    v_grad_norm        | 0.912     |
|    value_loss         | 0.0844    |
-------------------------------------
---------------------------------------
| rollout/              |             |
|    ep_len_mean        | 500         |
|    ep_rew_mean        | -4.19e+03   |
| time/                 |             |
|    fps                | 10          |
|    iterations         | 2000        |
|    time_elapsed       | 1548        |
|    total_timesteps    | 16000       |
| train/                |             |
|    c_learning_rate    | 0.000499    |
|    d_grad_norm        | 1.07        |
|    d_learning_rate    | 0.00499     |
|    entropy_loss       | -1.23       |
|    explained_variance | -0.54750824 |
|    n_updates          | 1999        |
|    policy_loss        | 3.8         |
|    std                | 1.02        |
|    u_grad_norm        | 0.0178      |
|    u_learning_rate    | 0.000998    |
|    v_grad_norm        | 0.922       |
|    value_loss         | 5.48        |
---------------------------------------
---------------------------------------
| rollout/              |             |
|    ep_len_mean        | 500         |
|    ep_rew_mean        | -4.15e+03   |
| time/                 |             |
|    fps                | 10          |
|    iterations         | 2000        |
|    time_elapsed       | 1549        |
|    total_timesteps    | 16000       |
| train/                |             |
|    c_learning_rate    | 0.000499    |
|    d_grad_norm        | 0.986       |
|    d_learning_rate    | 0.00499     |
|    entropy_loss       | -2.48       |
|    explained_variance | -0.39167953 |
|    n_updates          | 1999        |
|    policy_loss        | -1.16       |
|    std                | 1.02        |
|    u_grad_norm        | 0.00341     |
|    u_learning_rate    | 0.000998    |
|    v_grad_norm        | 0.879       |
|    value_loss         | 0.51        |
---------------------------------------
---------------------------------------
| rollout/              |             |
|    ep_len_mean        | 500         |
|    ep_rew_mean        | -4.17e+03   |
| time/                 |             |
|    fps                | 10          |
|    iterations         | 2000        |
|    time_elapsed       | 1549        |
|    total_timesteps    | 16000       |
| train/                |             |
|    c_learning_rate    | 0.000499    |
|    d_grad_norm        | 1.01        |
|    d_learning_rate    | 0.00499     |
|    entropy_loss       | -1.63       |
|    explained_variance | -0.14861476 |
|    n_updates          | 1999        |
|    policy_loss        | -1.92       |
|    std                | 1.04        |
|    u_grad_norm        | 0.00315     |
|    u_learning_rate    | 0.000998    |
|    v_grad_norm        | 0.901       |
|    value_loss         | 3.12        |
---------------------------------------
--------------------------------------
| rollout/              |            |
|    ep_len_mean        | 500        |
|    ep_rew_mean        | -4.17e+03  |
| time/                 |            |
|    fps                | 10         |
|    iterations         | 2000       |
|    time_elapsed       | 1549       |
|    total_timesteps    | 16000      |
| train/                |            |
|    c_learning_rate    | 0.000499   |
|    d_grad_norm        | 1.04       |
|    d_learning_rate    | 0.00499    |
|    entropy_loss       | -2.52      |
|    explained_variance | 0.90567434 |
|    n_updates          | 1999       |
|    policy_loss        | 1.95       |
|    std                | 1.04       |
|    u_grad_norm        | 0.00467    |
|    u_learning_rate    | 0.000998   |
|    v_grad_norm        | 0.926      |
|    value_loss         | 1.5        |
--------------------------------------
--------------------------------------
| rollout/              |            |
|    ep_len_mean        | 500        |
|    ep_rew_mean        | -4.02e+03  |
| time/                 |            |
|    fps                | 10         |
|    iterations         | 2000       |
|    time_elapsed       | 1550       |
|    total_timesteps    | 16000      |
| train/                |            |
|    c_learning_rate    | 0.000499   |
|    d_grad_norm        | 1.09       |
|    d_learning_rate    | 0.00499    |
|    entropy_loss       | -2.29      |
|    explained_variance | -41.915066 |
|    n_updates          | 1999       |
|    policy_loss        | 9.76       |
|    std                | 1.04       |
|    u_grad_norm        | 0.00403    |
|    u_learning_rate    | 0.000998   |
|    v_grad_norm        | 0.86       |
|    value_loss         | 44.3       |
--------------------------------------
--------------------------------------
| rollout/              |            |
|    ep_len_mean        | 500        |
|    ep_rew_mean        | -4.39e+03  |
| time/                 |            |
|    fps                | 10         |
|    iterations         | 2000       |
|    time_elapsed       | 1550       |
|    total_timesteps    | 16000      |
| train/                |            |
|    c_learning_rate    | 0.000499   |
|    d_grad_norm        | 1.01       |
|    d_learning_rate    | 0.00499    |
|    entropy_loss       | -2.1       |
|    explained_variance | 0.95677686 |
|    n_updates          | 1999       |
|    policy_loss        | -0.189     |
|    std                | 1.05       |
|    u_grad_norm        | 0.00276    |
|    u_learning_rate    | 0.000998   |
|    v_grad_norm        | 0.895      |
|    value_loss         | 0.0447     |
--------------------------------------
--------------------------------------
| rollout/              |            |
|    ep_len_mean        | 500        |
|    ep_rew_mean        | -4.29e+03  |
| time/                 |            |
|    fps                | 10         |
|    iterations         | 2000       |
|    time_elapsed       | 1551       |
|    total_timesteps    | 16000      |
| train/                |            |
|    c_learning_rate    | 0.000499   |
|    d_grad_norm        | 1.02       |
|    d_learning_rate    | 0.00499    |
|    entropy_loss       | -0.773     |
|    explained_variance | -3.2900677 |
|    n_updates          | 1999       |
|    policy_loss        | -0.201     |
|    std                | 1          |
|    u_grad_norm        | 0.0235     |
|    u_learning_rate    | 0.000998   |
|    v_grad_norm        | 0.878      |
|    value_loss         | 0.18       |
--------------------------------------
--------------------------------------
| rollout/              |            |
|    ep_len_mean        | 500        |
|    ep_rew_mean        | -4.03e+03  |
| time/                 |            |
|    fps                | 10         |
|    iterations         | 2000       |
|    time_elapsed       | 1553       |
|    total_timesteps    | 16000      |
| train/                |            |
|    c_learning_rate    | 0.000499   |
|    d_grad_norm        | 1.08       |
|    d_learning_rate    | 0.00499    |
|    entropy_loss       | -1.27      |
|    explained_variance | -6.6832223 |
|    n_updates          | 1999       |
|    policy_loss        | 2.42       |
|    std                | 1.06       |
|    u_grad_norm        | 0.0122     |
|    u_learning_rate    | 0.000998   |
|    v_grad_norm        | 0.964      |
|    value_loss         | 10.1       |
--------------------------------------
-------------------------------------
| rollout/              |           |
|    ep_len_mean        | 500       |
|    ep_rew_mean        | -4.02e+03 |
| time/                 |           |
|    fps                | 10        |
|    iterations         | 2000      |
|    time_elapsed       | 1557      |
|    total_timesteps    | 16000     |
| train/                |           |
|    c_learning_rate    | 0.000499  |
|    d_grad_norm        | 1.02      |
|    d_learning_rate    | 0.00499   |
|    entropy_loss       | -1.8      |
|    explained_variance | 0.7415805 |
|    n_updates          | 1999      |
|    policy_loss        | -0.733    |
|    std                | 1.06      |
|    u_grad_norm        | 0.0236    |
|    u_learning_rate    | 0.000998  |
|    v_grad_norm        | 0.905     |
|    value_loss         | 0.651     |
-------------------------------------
-------------------------------------
| rollout/              |           |
|    ep_len_mean        | 500       |
|    ep_rew_mean        | -4.12e+03 |
| time/                 |           |
|    fps                | 10        |
|    iterations         | 2100      |
|    time_elapsed       | 1623      |
|    total_timesteps    | 16800     |
| train/                |           |
|    c_learning_rate    | 0.000499  |
|    d_grad_norm        | 1.21      |
|    d_learning_rate    | 0.00499   |
|    entropy_loss       | -1.79     |
|    explained_variance | 0.9164586 |
|    n_updates          | 2099      |
|    policy_loss        | 1.13      |
|    std                | 1         |
|    u_grad_norm        | 0.00607   |
|    u_learning_rate    | 0.000998  |
|    v_grad_norm        | 0.91      |
|    value_loss         | 0.832     |
-------------------------------------
--------------------------------------
| rollout/              |            |
|    ep_len_mean        | 500        |
|    ep_rew_mean        | -4.16e+03  |
| time/                 |            |
|    fps                | 10         |
|    iterations         | 2100       |
|    time_elapsed       | 1623       |
|    total_timesteps    | 16800      |
| train/                |            |
|    c_learning_rate    | 0.000499   |
|    d_grad_norm        | 1          |
|    d_learning_rate    | 0.00499    |
|    entropy_loss       | -1.25      |
|    explained_variance | -1.7165027 |
|    n_updates          | 2099       |
|    policy_loss        | 0.563      |
|    std                | 1.02       |
|    u_grad_norm        | 0.0714     |
|    u_learning_rate    | 0.000998   |
|    v_grad_norm        | 0.796      |
|    value_loss         | 1.79       |
--------------------------------------
-------------------------------------
| rollout/              |           |
|    ep_len_mean        | 500       |
|    ep_rew_mean        | -4.15e+03 |
| time/                 |           |
|    fps                | 10        |
|    iterations         | 2100      |
|    time_elapsed       | 1623      |
|    total_timesteps    | 16800     |
| train/                |           |
|    c_learning_rate    | 0.000499  |
|    d_grad_norm        | 1.2       |
|    d_learning_rate    | 0.00499   |
|    entropy_loss       | -2.41     |
|    explained_variance | 0.8733419 |
|    n_updates          | 2099      |
|    policy_loss        | -0.492    |
|    std                | 1.01      |
|    u_grad_norm        | 0.00223   |
|    u_learning_rate    | 0.000998  |
|    v_grad_norm        | 0.894     |
|    value_loss         | 0.469     |
-------------------------------------
--------------------------------------
| rollout/              |            |
|    ep_len_mean        | 500        |
|    ep_rew_mean        | -4.18e+03  |
| time/                 |            |
|    fps                | 10         |
|    iterations         | 2100       |
|    time_elapsed       | 1624       |
|    total_timesteps    | 16800      |
| train/                |            |
|    c_learning_rate    | 0.000499   |
|    d_grad_norm        | 1.09       |
|    d_learning_rate    | 0.00499    |
|    entropy_loss       | -1.96      |
|    explained_variance | 0.30811322 |
|    n_updates          | 2099       |
|    policy_loss        | 6.12       |
|    std                | 1.04       |
|    u_grad_norm        | 0.0119     |
|    u_learning_rate    | 0.000998   |
|    v_grad_norm        | 0.968      |
|    value_loss         | 6          |
--------------------------------------
--------------------------------------
| rollout/              |            |
|    ep_len_mean        | 500        |
|    ep_rew_mean        | -4.14e+03  |
| time/                 |            |
|    fps                | 10         |
|    iterations         | 2100       |
|    time_elapsed       | 1624       |
|    total_timesteps    | 16800      |
| train/                |            |
|    c_learning_rate    | 0.000499   |
|    d_grad_norm        | 1.21       |
|    d_learning_rate    | 0.00499    |
|    entropy_loss       | -2.38      |
|    explained_variance | 0.90461296 |
|    n_updates          | 2099       |
|    policy_loss        | -0.937     |
|    std                | 1.03       |
|    u_grad_norm        | 0.00368    |
|    u_learning_rate    | 0.000998   |
|    v_grad_norm        | 0.912      |
|    value_loss         | 0.372      |
--------------------------------------
-------------------------------------
| rollout/              |           |
|    ep_len_mean        | 500       |
|    ep_rew_mean        | -4.02e+03 |
| time/                 |           |
|    fps                | 10        |
|    iterations         | 2100      |
|    time_elapsed       | 1624      |
|    total_timesteps    | 16800     |
| train/                |           |
|    c_learning_rate    | 0.000499  |
|    d_grad_norm        | 1.24      |
|    d_learning_rate    | 0.00499   |
|    entropy_loss       | -2.49     |
|    explained_variance | 0.5667889 |
|    n_updates          | 2099      |
|    policy_loss        | -9.92     |
|    std                | 1.04      |
|    u_grad_norm        | 0.0041    |
|    u_learning_rate    | 0.000998  |
|    v_grad_norm        | 0.974     |
|    value_loss         | 16.1      |
-------------------------------------
-------------------------------------
| rollout/              |           |
|    ep_len_mean        | 500       |
|    ep_rew_mean        | -4.39e+03 |
| time/                 |           |
|    fps                | 10        |
|    iterations         | 2100      |
|    time_elapsed       | 1625      |
|    total_timesteps    | 16800     |
| train/                |           |
|    c_learning_rate    | 0.000499  |
|    d_grad_norm        | 0.971     |
|    d_learning_rate    | 0.00499   |
|    entropy_loss       | -1.81     |
|    explained_variance | 0.7187975 |
|    n_updates          | 2099      |
|    policy_loss        | -1.73     |
|    std                | 1.05      |
|    u_grad_norm        | 0.0143    |
|    u_learning_rate    | 0.000998  |
|    v_grad_norm        | 0.993     |
|    value_loss         | 10.9      |
-------------------------------------
--------------------------------------
| rollout/              |            |
|    ep_len_mean        | 500        |
|    ep_rew_mean        | -4.3e+03   |
| time/                 |            |
|    fps                | 10         |
|    iterations         | 2100       |
|    time_elapsed       | 1626       |
|    total_timesteps    | 16800      |
| train/                |            |
|    c_learning_rate    | 0.000499   |
|    d_grad_norm        | 1.16       |
|    d_learning_rate    | 0.00499    |
|    entropy_loss       | -0.833     |
|    explained_variance | -1.4721544 |
|    n_updates          | 2099       |
|    policy_loss        | -0.29      |
|    std                | 1          |
|    u_grad_norm        | 0.00961    |
|    u_learning_rate    | 0.000998   |
|    v_grad_norm        | 0.911      |
|    value_loss         | 0.106      |
--------------------------------------
-------------------------------------
| rollout/              |           |
|    ep_len_mean        | 500       |
|    ep_rew_mean        | -4.04e+03 |
| time/                 |           |
|    fps                | 10        |
|    iterations         | 2100      |
|    time_elapsed       | 1630      |
|    total_timesteps    | 16800     |
| train/                |           |
|    c_learning_rate    | 0.000499  |
|    d_grad_norm        | 1.07      |
|    d_learning_rate    | 0.00499   |
|    entropy_loss       | -1.42     |
|    explained_variance | 0.4083153 |
|    n_updates          | 2099      |
|    policy_loss        | -1.39     |
|    std                | 1.06      |
|    u_grad_norm        | 0.00687   |
|    u_learning_rate    | 0.000998  |
|    v_grad_norm        | 0.897     |
|    value_loss         | 2.8       |
-------------------------------------
--------------------------------------
| rollout/              |            |
|    ep_len_mean        | 500        |
|    ep_rew_mean        | -4.03e+03  |
| time/                 |            |
|    fps                | 10         |
|    iterations         | 2100       |
|    time_elapsed       | 1634       |
|    total_timesteps    | 16800      |
| train/                |            |
|    c_learning_rate    | 0.000499   |
|    d_grad_norm        | 1.15       |
|    d_learning_rate    | 0.00499    |
|    entropy_loss       | -1.73      |
|    explained_variance | 0.43072885 |
|    n_updates          | 2099       |
|    policy_loss        | 1.31       |
|    std                | 1.06       |
|    u_grad_norm        | 0.00428    |
|    u_learning_rate    | 0.000998   |
|    v_grad_norm        | 0.951      |
|    value_loss         | 1.34       |
--------------------------------------
--------------------------------------
| rollout/              |            |
|    ep_len_mean        | 500        |
|    ep_rew_mean        | -4.09e+03  |
| time/                 |            |
|    fps                | 10         |
|    iterations         | 2200       |
|    time_elapsed       | 1697       |
|    total_timesteps    | 17600      |
| train/                |            |
|    c_learning_rate    | 0.000499   |
|    d_grad_norm        | 1.18       |
|    d_learning_rate    | 0.00499    |
|    entropy_loss       | -2.19      |
|    explained_variance | -0.2208941 |
|    n_updates          | 2199       |
|    policy_loss        | 3.04       |
|    std                | 1.01       |
|    u_grad_norm        | 0.00886    |
|    u_learning_rate    | 0.000998   |
|    v_grad_norm        | 0.889      |
|    value_loss         | 2.96       |
--------------------------------------
--------------------------------------
| rollout/              |            |
|    ep_len_mean        | 500        |
|    ep_rew_mean        | -4.17e+03  |
| time/                 |            |
|    fps                | 10         |
|    iterations         | 2200       |
|    time_elapsed       | 1697       |
|    total_timesteps    | 17600      |
| train/                |            |
|    c_learning_rate    | 0.000499   |
|    d_grad_norm        | 1.01       |
|    d_learning_rate    | 0.00499    |
|    entropy_loss       | -0.632     |
|    explained_variance | 0.96729076 |
|    n_updates          | 2199       |
|    policy_loss        | 0.197      |
|    std                | 1.02       |
|    u_grad_norm        | 0.00895    |
|    u_learning_rate    | 0.000998   |
|    v_grad_norm        | 1.04       |
|    value_loss         | 1.26       |
--------------------------------------
-------------------------------------
| rollout/              |           |
|    ep_len_mean        | 500       |
|    ep_rew_mean        | -4.15e+03 |
| time/                 |           |
|    fps                | 10        |
|    iterations         | 2200      |
|    time_elapsed       | 1698      |
|    total_timesteps    | 17600     |
| train/                |           |
|    c_learning_rate    | 0.000499  |
|    d_grad_norm        | 1.14      |
|    d_learning_rate    | 0.00499   |
|    entropy_loss       | -2.78     |
|    explained_variance | 0.5759479 |
|    n_updates          | 2199      |
|    policy_loss        | 1.79      |
|    std                | 1.01      |
|    u_grad_norm        | 0.00477   |
|    u_learning_rate    | 0.000998  |
|    v_grad_norm        | 0.877     |
|    value_loss         | 0.654     |
-------------------------------------
-------------------------------------
| rollout/              |           |
|    ep_len_mean        | 500       |
|    ep_rew_mean        | -4.18e+03 |
| time/                 |           |
|    fps                | 10        |
|    iterations         | 2200      |
|    time_elapsed       | 1698      |
|    total_timesteps    | 17600     |
| train/                |           |
|    c_learning_rate    | 0.000499  |
|    d_grad_norm        | 1.14      |
|    d_learning_rate    | 0.00499   |
|    entropy_loss       | -1.59     |
|    explained_variance | 0.8604461 |
|    n_updates          | 2199      |
|    policy_loss        | -12.7     |
|    std                | 1.04      |
|    u_grad_norm        | 0.0155    |
|    u_learning_rate    | 0.000998  |
|    v_grad_norm        | 1.01      |
|    value_loss         | 140       |
-------------------------------------
-------------------------------------
| rollout/              |           |
|    ep_len_mean        | 500       |
|    ep_rew_mean        | -4.01e+03 |
| time/                 |           |
|    fps                | 10        |
|    iterations         | 2200      |
|    time_elapsed       | 1698      |
|    total_timesteps    | 17600     |
| train/                |           |
|    c_learning_rate    | 0.000499  |
|    d_grad_norm        | 0.924     |
|    d_learning_rate    | 0.00499   |
|    entropy_loss       | -3.29     |
|    explained_variance | 0.2647053 |
|    n_updates          | 2199      |
|    policy_loss        | -34.2     |
|    std                | 1.05      |
|    u_grad_norm        | 0.000479  |
|    u_learning_rate    | 0.000998  |
|    v_grad_norm        | 0.952     |
|    value_loss         | 202       |
-------------------------------------
-------------------------------------
| rollout/              |           |
|    ep_len_mean        | 500       |
|    ep_rew_mean        | -4.13e+03 |
| time/                 |           |
|    fps                | 10        |
|    iterations         | 2200      |
|    time_elapsed       | 1698      |
|    total_timesteps    | 17600     |
| train/                |           |
|    c_learning_rate    | 0.000499  |
|    d_grad_norm        | 1.17      |
|    d_learning_rate    | 0.00499   |
|    entropy_loss       | -2.02     |
|    explained_variance | 0.3135491 |
|    n_updates          | 2199      |
|    policy_loss        | -1.85     |
|    std                | 1.03      |
|    u_grad_norm        | 0.0152    |
|    u_learning_rate    | 0.000998  |
|    v_grad_norm        | 0.881     |
|    value_loss         | 7.83      |
-------------------------------------
-------------------------------------
| rollout/              |           |
|    ep_len_mean        | 500       |
|    ep_rew_mean        | -4.34e+03 |
| time/                 |           |
|    fps                | 10        |
|    iterations         | 2200      |
|    time_elapsed       | 1699      |
|    total_timesteps    | 17600     |
| train/                |           |
|    c_learning_rate    | 0.000499  |
|    d_grad_norm        | 1.02      |
|    d_learning_rate    | 0.00499   |
|    entropy_loss       | -2.65     |
|    explained_variance | 0.7524138 |
|    n_updates          | 2199      |
|    policy_loss        | -44.2     |
|    std                | 1.05      |
|    u_grad_norm        | 0.00888   |
|    u_learning_rate    | 0.000998  |
|    v_grad_norm        | 0.96      |
|    value_loss         | 510       |
-------------------------------------
---------------------------------------
| rollout/              |             |
|    ep_len_mean        | 500         |
|    ep_rew_mean        | -4.31e+03   |
| time/                 |             |
|    fps                | 10          |
|    iterations         | 2200        |
|    time_elapsed       | 1700        |
|    total_timesteps    | 17600       |
| train/                |             |
|    c_learning_rate    | 0.000499    |
|    d_grad_norm        | 1.11        |
|    d_learning_rate    | 0.00499     |
|    entropy_loss       | -1.41       |
|    explained_variance | -0.48790646 |
|    n_updates          | 2199        |
|    policy_loss        | 7.18        |
|    std                | 1.01        |
|    u_grad_norm        | 0.0209      |
|    u_learning_rate    | 0.000998    |
|    v_grad_norm        | 0.916       |
|    value_loss         | 20.9        |
---------------------------------------
--------------------------------------
| rollout/              |            |
|    ep_len_mean        | 500        |
|    ep_rew_mean        | -4.04e+03  |
| time/                 |            |
|    fps                | 10         |
|    iterations         | 2200       |
|    time_elapsed       | 1705       |
|    total_timesteps    | 17600      |
| train/                |            |
|    c_learning_rate    | 0.000499   |
|    d_grad_norm        | 0.435      |
|    d_learning_rate    | 0.00499    |
|    entropy_loss       | -1.69      |
|    explained_variance | 0.88588595 |
|    n_updates          | 2199       |
|    policy_loss        | 0.808      |
|    std                | 1.07       |
|    u_grad_norm        | 0.0102     |
|    u_learning_rate    | 0.000998   |
|    v_grad_norm        | 0.934      |
|    value_loss         | 0.903      |
--------------------------------------
--------------------------------------
| rollout/              |            |
|    ep_len_mean        | 500        |
|    ep_rew_mean        | -4.04e+03  |
| time/                 |            |
|    fps                | 10         |
|    iterations         | 2200       |
|    time_elapsed       | 1711       |
|    total_timesteps    | 17600      |
| train/                |            |
|    c_learning_rate    | 0.000499   |
|    d_grad_norm        | 0.975      |
|    d_learning_rate    | 0.00499    |
|    entropy_loss       | -2.07      |
|    explained_variance | 0.69997615 |
|    n_updates          | 2199       |
|    policy_loss        | -20.5      |
|    std                | 1.06       |
|    u_grad_norm        | 0.00401    |
|    u_learning_rate    | 0.000998   |
|    v_grad_norm        | 0.937      |
|    value_loss         | 263        |
--------------------------------------
--------------------------------------
| rollout/              |            |
|    ep_len_mean        | 500        |
|    ep_rew_mean        | -4.13e+03  |
| time/                 |            |
|    fps                | 10         |
|    iterations         | 2300       |
|    time_elapsed       | 1771       |
|    total_timesteps    | 18400      |
| train/                |            |
|    c_learning_rate    | 0.000499   |
|    d_grad_norm        | 1.17       |
|    d_learning_rate    | 0.00499    |
|    entropy_loss       | -1.48      |
|    explained_variance | -1.2786133 |
|    n_updates          | 2299       |
|    policy_loss        | 1.22       |
|    std                | 1.02       |
|    u_grad_norm        | 0.0421     |
|    u_learning_rate    | 0.000998   |
|    v_grad_norm        | 0.896      |
|    value_loss         | 4.98       |
--------------------------------------
--------------------------------------
| rollout/              |            |
|    ep_len_mean        | 500        |
|    ep_rew_mean        | -4.09e+03  |
| time/                 |            |
|    fps                | 10         |
|    iterations         | 2300       |
|    time_elapsed       | 1772       |
|    total_timesteps    | 18400      |
| train/                |            |
|    c_learning_rate    | 0.000499   |
|    d_grad_norm        | 0.903      |
|    d_learning_rate    | 0.00499    |
|    entropy_loss       | -2.79      |
|    explained_variance | 0.95810217 |
|    n_updates          | 2299       |
|    policy_loss        | 7.8        |
|    std                | 1.01       |
|    u_grad_norm        | 0.00662    |
|    u_learning_rate    | 0.000998   |
|    v_grad_norm        | 0.934      |
|    value_loss         | 12.2       |
--------------------------------------
-------------------------------------
| rollout/              |           |
|    ep_len_mean        | 500       |
|    ep_rew_mean        | -4.15e+03 |
| time/                 |           |
|    fps                | 10        |
|    iterations         | 2300      |
|    time_elapsed       | 1772      |
|    total_timesteps    | 18400     |
| train/                |           |
|    c_learning_rate    | 0.000499  |
|    d_grad_norm        | 0.978     |
|    d_learning_rate    | 0.00499   |
|    entropy_loss       | -2.4      |
|    explained_variance | -3.005196 |
|    n_updates          | 2299      |
|    policy_loss        | 11.9      |
|    std                | 1.02      |
|    u_grad_norm        | 0.0022    |
|    u_learning_rate    | 0.000998  |
|    v_grad_norm        | 1.05      |
|    value_loss         | 41.4      |
-------------------------------------
-------------------------------------
| rollout/              |           |
|    ep_len_mean        | 500       |
|    ep_rew_mean        | -3.99e+03 |
| time/                 |           |
|    fps                | 10        |
|    iterations         | 2300      |
|    time_elapsed       | 1772      |
|    total_timesteps    | 18400     |
| train/                |           |
|    c_learning_rate    | 0.000499  |
|    d_grad_norm        | 1.13      |
|    d_learning_rate    | 0.00499   |
|    entropy_loss       | -2.38     |
|    explained_variance | 0.8742976 |
|    n_updates          | 2299      |
|    policy_loss        | -22.6     |
|    std                | 1.05      |
|    u_grad_norm        | 0.00696   |
|    u_learning_rate    | 0.000998  |
|    v_grad_norm        | 0.938     |
|    value_loss         | 159       |
-------------------------------------
-------------------------------------
| rollout/              |           |
|    ep_len_mean        | 500       |
|    ep_rew_mean        | -4.16e+03 |
| time/                 |           |
|    fps                | 10        |
|    iterations         | 2300      |
|    time_elapsed       | 1773      |
|    total_timesteps    | 18400     |
| train/                |           |
|    c_learning_rate    | 0.000499  |
|    d_grad_norm        | 0.859     |
|    d_learning_rate    | 0.00499   |
|    entropy_loss       | -2.11     |
|    explained_variance | 0.7425203 |
|    n_updates          | 2299      |
|    policy_loss        | 7.35      |
|    std                | 1.04      |
|    u_grad_norm        | 0.00387   |
|    u_learning_rate    | 0.000998  |
|    v_grad_norm        | 0.919     |
|    value_loss         | 24.1      |
-------------------------------------
-------------------------------------
| rollout/              |           |
|    ep_len_mean        | 500       |
|    ep_rew_mean        | -4.12e+03 |
| time/                 |           |
|    fps                | 10        |
|    iterations         | 2300      |
|    time_elapsed       | 1773      |
|    total_timesteps    | 18400     |
| train/                |           |
|    c_learning_rate    | 0.000499  |
|    d_grad_norm        | 0.553     |
|    d_learning_rate    | 0.00499   |
|    entropy_loss       | -1.9      |
|    explained_variance | 0.9765932 |
|    n_updates          | 2299      |
|    policy_loss        | -0.845    |
|    std                | 1.04      |
|    u_grad_norm        | 0.00503   |
|    u_learning_rate    | 0.000998  |
|    v_grad_norm        | 1         |
|    value_loss         | 0.693     |
-------------------------------------
--------------------------------------
| rollout/              |            |
|    ep_len_mean        | 500        |
|    ep_rew_mean        | -4.32e+03  |
| time/                 |            |
|    fps                | 10         |
|    iterations         | 2300       |
|    time_elapsed       | 1774       |
|    total_timesteps    | 18400      |
| train/                |            |
|    c_learning_rate    | 0.000499   |
|    d_grad_norm        | 1.11       |
|    d_learning_rate    | 0.00499    |
|    entropy_loss       | -2.09      |
|    explained_variance | 0.51412064 |
|    n_updates          | 2299       |
|    policy_loss        | 1.13       |
|    std                | 1.05       |
|    u_grad_norm        | 0.000694   |
|    u_learning_rate    | 0.000998   |
|    v_grad_norm        | 1          |
|    value_loss         | 0.557      |
--------------------------------------
-------------------------------------
| rollout/              |           |
|    ep_len_mean        | 500       |
|    ep_rew_mean        | -4.32e+03 |
| time/                 |           |
|    fps                | 10        |
|    iterations         | 2300      |
|    time_elapsed       | 1775      |
|    total_timesteps    | 18400     |
| train/                |           |
|    c_learning_rate    | 0.000499  |
|    d_grad_norm        | 1.14      |
|    d_learning_rate    | 0.00499   |
|    entropy_loss       | -1.8      |
|    explained_variance | 0.8485179 |
|    n_updates          | 2299      |
|    policy_loss        | -8.67     |
|    std                | 1.01      |
|    u_grad_norm        | 0.0363    |
|    u_learning_rate    | 0.000998  |
|    v_grad_norm        | 0.743     |
|    value_loss         | 19.2      |
-------------------------------------
--------------------------------------
| rollout/              |            |
|    ep_len_mean        | 500        |
|    ep_rew_mean        | -4.04e+03  |
| time/                 |            |
|    fps                | 10         |
|    iterations         | 2300       |
|    time_elapsed       | 1781       |
|    total_timesteps    | 18400      |
| train/                |            |
|    c_learning_rate    | 0.000499   |
|    d_grad_norm        | 1.18       |
|    d_learning_rate    | 0.00499    |
|    entropy_loss       | -1.86      |
|    explained_variance | 0.80574447 |
|    n_updates          | 2299       |
|    policy_loss        | -3.49      |
|    std                | 1.07       |
|    u_grad_norm        | 0.0247     |
|    u_learning_rate    | 0.000998   |
|    v_grad_norm        | 0.936      |
|    value_loss         | 9.92       |
--------------------------------------
-------------------------------------
| rollout/              |           |
|    ep_len_mean        | 500       |
|    ep_rew_mean        | -4.04e+03 |
| time/                 |           |
|    fps                | 10        |
|    iterations         | 2300      |
|    time_elapsed       | 1788      |
|    total_timesteps    | 18400     |
| train/                |           |
|    c_learning_rate    | 0.000499  |
|    d_grad_norm        | 0.984     |
|    d_learning_rate    | 0.00499   |
|    entropy_loss       | -2        |
|    explained_variance | 0.7735276 |
|    n_updates          | 2299      |
|    policy_loss        | -6.01     |
|    std                | 1.07      |
|    u_grad_norm        | 0.00521   |
|    u_learning_rate    | 0.000998  |
|    v_grad_norm        | 0.885     |
|    value_loss         | 16.2      |
-------------------------------------
--------------------------------------
| rollout/              |            |
|    ep_len_mean        | 500        |
|    ep_rew_mean        | -4.1e+03   |
| time/                 |            |
|    fps                | 10         |
|    iterations         | 2400       |
|    time_elapsed       | 1846       |
|    total_timesteps    | 19200      |
| train/                |            |
|    c_learning_rate    | 0.000499   |
|    d_grad_norm        | 1.06       |
|    d_learning_rate    | 0.00499    |
|    entropy_loss       | -2.24      |
|    explained_variance | 0.23561269 |
|    n_updates          | 2399       |
|    policy_loss        | -2.2       |
|    std                | 1.01       |
|    u_grad_norm        | 0.0139     |
|    u_learning_rate    | 0.000998   |
|    v_grad_norm        | 0.9        |
|    value_loss         | 1.34       |
--------------------------------------
---------------------------------------
| rollout/              |             |
|    ep_len_mean        | 500         |
|    ep_rew_mean        | -4.14e+03   |
| time/                 |             |
|    fps                | 10          |
|    iterations         | 2400        |
|    time_elapsed       | 1846        |
|    total_timesteps    | 19200       |
| train/                |             |
|    c_learning_rate    | 0.000499    |
|    d_grad_norm        | 1.11        |
|    d_learning_rate    | 0.00499     |
|    entropy_loss       | -1.13       |
|    explained_variance | -0.05945742 |
|    n_updates          | 2399        |
|    policy_loss        | -1.66       |
|    std                | 1.04        |
|    u_grad_norm        | 0.00967     |
|    u_learning_rate    | 0.000998    |
|    v_grad_norm        | 0.881       |
|    value_loss         | 5.09        |
---------------------------------------
--------------------------------------
| rollout/              |            |
|    ep_len_mean        | 500        |
|    ep_rew_mean        | -4.1e+03   |
| time/                 |            |
|    fps                | 10         |
|    iterations         | 2400       |
|    time_elapsed       | 1847       |
|    total_timesteps    | 19200      |
| train/                |            |
|    c_learning_rate    | 0.000499   |
|    d_grad_norm        | 1.13       |
|    d_learning_rate    | 0.00499    |
|    entropy_loss       | -2.01      |
|    explained_variance | 0.83808786 |
|    n_updates          | 2399       |
|    policy_loss        | -5.11      |
|    std                | 1.02       |
|    u_grad_norm        | 0.00327    |
|    u_learning_rate    | 0.000998   |
|    v_grad_norm        | 0.931      |
|    value_loss         | 14.3       |
--------------------------------------
--------------------------------------
| rollout/              |            |
|    ep_len_mean        | 500        |
|    ep_rew_mean        | -4e+03     |
| time/                 |            |
|    fps                | 10         |
|    iterations         | 2400       |
|    time_elapsed       | 1847       |
|    total_timesteps    | 19200      |
| train/                |            |
|    c_learning_rate    | 0.000499   |
|    d_grad_norm        | 1.11       |
|    d_learning_rate    | 0.00499    |
|    entropy_loss       | -2.03      |
|    explained_variance | -1.1471639 |
|    n_updates          | 2399       |
|    policy_loss        | 0.175      |
|    std                | 1.05       |
|    u_grad_norm        | 0.00241    |
|    u_learning_rate    | 0.000998   |
|    v_grad_norm        | 1.04       |
|    value_loss         | 18.4       |
--------------------------------------
-------------------------------------
| rollout/              |           |
|    ep_len_mean        | 500       |
|    ep_rew_mean        | -4.13e+03 |
| time/                 |           |
|    fps                | 10        |
|    iterations         | 2400      |
|    time_elapsed       | 1847      |
|    total_timesteps    | 19200     |
| train/                |           |
|    c_learning_rate    | 0.000499  |
|    d_grad_norm        | 1.09      |
|    d_learning_rate    | 0.00499   |
|    entropy_loss       | -2.05     |
|    explained_variance | 0.8536737 |
|    n_updates          | 2399      |
|    policy_loss        | -0.417    |
|    std                | 1.03      |
|    u_grad_norm        | 0.00197   |
|    u_learning_rate    | 0.000998  |
|    v_grad_norm        | 0.922     |
|    value_loss         | 0.0818    |
-------------------------------------
-------------------------------------
| rollout/              |           |
|    ep_len_mean        | 500       |
|    ep_rew_mean        | -4.09e+03 |
| time/                 |           |
|    fps                | 10        |
|    iterations         | 2400      |
|    time_elapsed       | 1848      |
|    total_timesteps    | 19200     |
| train/                |           |
|    c_learning_rate    | 0.000499  |
|    d_grad_norm        | 0.757     |
|    d_learning_rate    | 0.00499   |
|    entropy_loss       | -3.64     |
|    explained_variance | 0.98539   |
|    n_updates          | 2399      |
|    policy_loss        | 2.66      |
|    std                | 1.05      |
|    u_grad_norm        | 0.000866  |
|    u_learning_rate    | 0.000998  |
|    v_grad_norm        | 0.808     |
|    value_loss         | 4.29      |
-------------------------------------
--------------------------------------
| rollout/              |            |
|    ep_len_mean        | 500        |
|    ep_rew_mean        | -4.29e+03  |
| time/                 |            |
|    fps                | 10         |
|    iterations         | 2400       |
|    time_elapsed       | 1848       |
|    total_timesteps    | 19200      |
| train/                |            |
|    c_learning_rate    | 0.000499   |
|    d_grad_norm        | 0.965      |
|    d_learning_rate    | 0.00499    |
|    entropy_loss       | -2.43      |
|    explained_variance | -1.8477523 |
|    n_updates          | 2399       |
|    policy_loss        | 3.36       |
|    std                | 1.05       |
|    u_grad_norm        | 0.00221    |
|    u_learning_rate    | 0.000998   |
|    v_grad_norm        | 1.03       |
|    value_loss         | 13.6       |
--------------------------------------
-------------------------------------
| rollout/              |           |
|    ep_len_mean        | 500       |
|    ep_rew_mean        | -4.29e+03 |
| time/                 |           |
|    fps                | 10        |
|    iterations         | 2400      |
|    time_elapsed       | 1850      |
|    total_timesteps    | 19200     |
| train/                |           |
|    c_learning_rate    | 0.000499  |
|    d_grad_norm        | 0.693     |
|    d_learning_rate    | 0.00499   |
|    entropy_loss       | -2.31     |
|    explained_variance | 0.3289671 |
|    n_updates          | 2399      |
|    policy_loss        | 3.08      |
|    std                | 1.01      |
|    u_grad_norm        | 0.00371   |
|    u_learning_rate    | 0.000998  |
|    v_grad_norm        | 0.887     |
|    value_loss         | 7.29      |
-------------------------------------
-------------------------------------
| rollout/              |           |
|    ep_len_mean        | 500       |
|    ep_rew_mean        | -4.04e+03 |
| time/                 |           |
|    fps                | 10        |
|    iterations         | 2400      |
|    time_elapsed       | 1857      |
|    total_timesteps    | 19200     |
| train/                |           |
|    c_learning_rate    | 0.000499  |
|    d_grad_norm        | 1.13      |
|    d_learning_rate    | 0.00499   |
|    entropy_loss       | -2.14     |
|    explained_variance | 0.8345097 |
|    n_updates          | 2399      |
|    policy_loss        | -5.26     |
|    std                | 1.07      |
|    u_grad_norm        | 0.0181    |
|    u_learning_rate    | 0.000998  |
|    v_grad_norm        | 0.954     |
|    value_loss         | 7.24      |
-------------------------------------
-------------------------------------
| rollout/              |           |
|    ep_len_mean        | 500       |
|    ep_rew_mean        | -4.03e+03 |
| time/                 |           |
|    fps                | 10        |
|    iterations         | 2400      |
|    time_elapsed       | 1867      |
|    total_timesteps    | 19200     |
| train/                |           |
|    c_learning_rate    | 0.000499  |
|    d_grad_norm        | 0.988     |
|    d_learning_rate    | 0.00499   |
|    entropy_loss       | -2.46     |
|    explained_variance | 0.7657545 |
|    n_updates          | 2399      |
|    policy_loss        | 10.7      |
|    std                | 1.07      |
|    u_grad_norm        | 0.00926   |
|    u_learning_rate    | 0.000998  |
|    v_grad_norm        | 0.855     |
|    value_loss         | 30.2      |
-------------------------------------
Eval num_timesteps=20000, episode_reward=-3749.62 +/- 412.80
Episode length: 500.00 +/- 0.00
--------------------------------------
| eval/                 |            |
|    mean_ep_length     | 500        |
|    mean_reward        | -3.75e+03  |
| time/                 |            |
|    total_timesteps    | 20000      |
| train/                |            |
|    c_learning_rate    | 0.000499   |
|    d_grad_norm        | 1.04       |
|    d_learning_rate    | 0.00499    |
|    entropy_loss       | -1.79      |
|    explained_variance | 0.76741374 |
|    n_updates          | 2499       |
|    policy_loss        | -1.27      |
|    std                | 1.01       |
|    u_grad_norm        | 0.00542    |
|    u_learning_rate    | 0.000998   |
|    v_grad_norm        | 1.01       |
|    value_loss         | 1.37       |
--------------------------------------
New best mean reward!
----------------------------------
| rollout/           |           |
|    ep_len_mean     | 500       |
|    ep_rew_mean     | -4.07e+03 |
| time/              |           |
|    fps             | 9         |
|    iterations      | 2500      |
|    time_elapsed    | 2090      |
|    total_timesteps | 20000     |
----------------------------------
Eval num_timesteps=20000, episode_reward=-3544.08 +/- 254.09
Episode length: 500.00 +/- 0.00
--------------------------------------
| eval/                 |            |
|    mean_ep_length     | 500        |
|    mean_reward        | -3.54e+03  |
| time/                 |            |
|    total_timesteps    | 20000      |
| train/                |            |
|    c_learning_rate    | 0.000499   |
|    d_grad_norm        | 0.867      |
|    d_learning_rate    | 0.00499    |
|    entropy_loss       | -3.47      |
|    explained_variance | 0.91983217 |
|    n_updates          | 2499       |
|    policy_loss        | 32.1       |
|    std                | 1.04       |
|    u_grad_norm        | 0.00272    |
|    u_learning_rate    | 0.000998   |
|    v_grad_norm        | 0.771      |
|    value_loss         | 128        |
--------------------------------------
New best mean reward!
----------------------------------
| rollout/           |           |
|    ep_len_mean     | 500       |
|    ep_rew_mean     | -4.12e+03 |
| time/              |           |
|    fps             | 9         |
|    iterations      | 2500      |
|    time_elapsed    | 2090      |
|    total_timesteps | 20000     |
----------------------------------
Eval num_timesteps=20000, episode_reward=-4061.71 +/- 364.26
Episode length: 500.00 +/- 0.00
-------------------------------------
| eval/                 |           |
|    mean_ep_length     | 500       |
|    mean_reward        | -4.06e+03 |
| time/                 |           |
|    total_timesteps    | 20000     |
| train/                |           |
|    c_learning_rate    | 0.000499  |
|    d_grad_norm        | 1.05      |
|    d_learning_rate    | 0.00499   |
|    entropy_loss       | -2.69     |
|    explained_variance | 0.638642  |
|    n_updates          | 2499      |
|    policy_loss        | -6.94     |
|    std                | 1.05      |
|    u_grad_norm        | 0.00229   |
|    u_learning_rate    | 0.000998  |
|    v_grad_norm        | 1.02      |
|    value_loss         | 11.4      |
-------------------------------------
New best mean reward!
----------------------------------
| rollout/           |           |
|    ep_len_mean     | 500       |
|    ep_rew_mean     | -3.99e+03 |
| time/              |           |
|    fps             | 9         |
|    iterations      | 2500      |
|    time_elapsed    | 2090      |
|    total_timesteps | 20000     |
----------------------------------
Eval num_timesteps=20000, episode_reward=-4134.03 +/- 347.65
Episode length: 500.00 +/- 0.00
--------------------------------------
| eval/                 |            |
|    mean_ep_length     | 500        |
|    mean_reward        | -4.13e+03  |
| time/                 |            |
|    total_timesteps    | 20000      |
| train/                |            |
|    c_learning_rate    | 0.000499   |
|    d_grad_norm        | 1.09       |
|    d_learning_rate    | 0.00499    |
|    entropy_loss       | -2.85      |
|    explained_variance | 0.92483175 |
|    n_updates          | 2499       |
|    policy_loss        | 2.24       |
|    std                | 1.02       |
|    u_grad_norm        | 0.00818    |
|    u_learning_rate    | 0.000998   |
|    v_grad_norm        | 0.919      |
|    value_loss         | 1.61       |
--------------------------------------
New best mean reward!
----------------------------------
| rollout/           |           |
|    ep_len_mean     | 500       |
|    ep_rew_mean     | -4.06e+03 |
| time/              |           |
|    fps             | 9         |
|    iterations      | 2500      |
|    time_elapsed    | 2090      |
|    total_timesteps | 20000     |
----------------------------------
Eval num_timesteps=20000, episode_reward=-3726.67 +/- 440.92
Episode length: 500.00 +/- 0.00
--------------------------------------
| eval/                 |            |
|    mean_ep_length     | 500        |
|    mean_reward        | -3.73e+03  |
| time/                 |            |
|    total_timesteps    | 20000      |
| train/                |            |
|    c_learning_rate    | 0.000499   |
|    d_grad_norm        | 0.902      |
|    d_learning_rate    | 0.00499    |
|    entropy_loss       | -2.4       |
|    explained_variance | 0.72050005 |
|    n_updates          | 2499       |
|    policy_loss        | 16.5       |
|    std                | 1.03       |
|    u_grad_norm        | 0.00421    |
|    u_learning_rate    | 0.000998   |
|    v_grad_norm        | 0.915      |
|    value_loss         | 81.1       |
--------------------------------------
New best mean reward!
----------------------------------
| rollout/           |           |
|    ep_len_mean     | 500       |
|    ep_rew_mean     | -4.13e+03 |
| time/              |           |
|    fps             | 9         |
|    iterations      | 2500      |
|    time_elapsed    | 2091      |
|    total_timesteps | 20000     |
----------------------------------
Eval num_timesteps=20000, episode_reward=-3697.30 +/- 387.15
Episode length: 500.00 +/- 0.00
--------------------------------------
| eval/                 |            |
|    mean_ep_length     | 500        |
|    mean_reward        | -3.7e+03   |
| time/                 |            |
|    total_timesteps    | 20000      |
| train/                |            |
|    c_learning_rate    | 0.000499   |
|    d_grad_norm        | 0.886      |
|    d_learning_rate    | 0.00499    |
|    entropy_loss       | -2.37      |
|    explained_variance | 0.70848846 |
|    n_updates          | 2499       |
|    policy_loss        | 4          |
|    std                | 1.04       |
|    u_grad_norm        | 0.0115     |
|    u_learning_rate    | 0.000998   |
|    v_grad_norm        | 0.752      |
|    value_loss         | 50.9       |
--------------------------------------
New best mean reward!
----------------------------------
| rollout/           |           |
|    ep_len_mean     | 500       |
|    ep_rew_mean     | -4.03e+03 |
| time/              |           |
|    fps             | 9         |
|    iterations      | 2500      |
|    time_elapsed    | 2091      |
|    total_timesteps | 20000     |
----------------------------------
Eval num_timesteps=20000, episode_reward=-3710.81 +/- 516.35
Episode length: 500.00 +/- 0.00
-------------------------------------
| eval/                 |           |
|    mean_ep_length     | 500       |
|    mean_reward        | -3.71e+03 |
| time/                 |           |
|    total_timesteps    | 20000     |
| train/                |           |
|    c_learning_rate    | 0.000499  |
|    d_grad_norm        | 1.06      |
|    d_learning_rate    | 0.00499   |
|    entropy_loss       | -2.41     |
|    explained_variance | 0.9804517 |
|    n_updates          | 2499      |
|    policy_loss        | 0.95      |
|    std                | 1.06      |
|    u_grad_norm        | 0.00261   |
|    u_learning_rate    | 0.000998  |
|    v_grad_norm        | 0.925     |
|    value_loss         | 0.45      |
-------------------------------------
New best mean reward!
----------------------------------
| rollout/           |           |
|    ep_len_mean     | 500       |
|    ep_rew_mean     | -4.26e+03 |
| time/              |           |
|    fps             | 9         |
|    iterations      | 2500      |
|    time_elapsed    | 2091      |
|    total_timesteps | 20000     |
----------------------------------
Eval num_timesteps=20000, episode_reward=-3961.61 +/- 327.00
Episode length: 500.00 +/- 0.00
-------------------------------------
| eval/                 |           |
|    mean_ep_length     | 500       |
|    mean_reward        | -3.96e+03 |
| time/                 |           |
|    total_timesteps    | 20000     |
| train/                |           |
|    c_learning_rate    | 0.000499  |
|    d_grad_norm        | 0.825     |
|    d_learning_rate    | 0.00499   |
|    entropy_loss       | -2.29     |
|    explained_variance | 0.5757415 |
|    n_updates          | 2499      |
|    policy_loss        | -3.37     |
|    std                | 1.01      |
|    u_grad_norm        | 0.0112    |
|    u_learning_rate    | 0.000998  |
|    v_grad_norm        | 0.943     |
|    value_loss         | 4.25      |
-------------------------------------
New best mean reward!
----------------------------------
| rollout/           |           |
|    ep_len_mean     | 500       |
|    ep_rew_mean     | -4.25e+03 |
| time/              |           |
|    fps             | 9         |
|    iterations      | 2500      |
|    time_elapsed    | 2093      |
|    total_timesteps | 20000     |
----------------------------------
Eval num_timesteps=20000, episode_reward=-3753.04 +/- 516.62
Episode length: 500.00 +/- 0.00
--------------------------------------
| eval/                 |            |
|    mean_ep_length     | 500        |
|    mean_reward        | -3.75e+03  |
| time/                 |            |
|    total_timesteps    | 20000      |
| train/                |            |
|    c_learning_rate    | 0.000499   |
|    d_grad_norm        | 0.828      |
|    d_learning_rate    | 0.00499    |
|    entropy_loss       | -1.56      |
|    explained_variance | -12.429507 |
|    n_updates          | 2499       |
|    policy_loss        | 5.32       |
|    std                | 1.07       |
|    u_grad_norm        | 0.00463    |
|    u_learning_rate    | 0.000998   |
|    v_grad_norm        | 0.849      |
|    value_loss         | 131        |
--------------------------------------
New best mean reward!
----------------------------------
| rollout/           |           |
|    ep_len_mean     | 500       |
|    ep_rew_mean     | -4.01e+03 |
| time/              |           |
|    fps             | 9         |
|    iterations      | 2500      |
|    time_elapsed    | 2098      |
|    total_timesteps | 20000     |
----------------------------------
Eval num_timesteps=20000, episode_reward=-4123.33 +/- 388.04
Episode length: 500.00 +/- 0.00
--------------------------------------
| eval/                 |            |
|    mean_ep_length     | 500        |
|    mean_reward        | -4.12e+03  |
| time/                 |            |
|    total_timesteps    | 20000      |
| train/                |            |
|    c_learning_rate    | 0.000499   |
|    d_grad_norm        | 0.787      |
|    d_learning_rate    | 0.00499    |
|    entropy_loss       | -3.26      |
|    explained_variance | 0.83266646 |
|    n_updates          | 2499       |
|    policy_loss        | 61.5       |
|    std                | 1.07       |
|    u_grad_norm        | 0.00396    |
|    u_learning_rate    | 0.000998   |
|    v_grad_norm        | 0.767      |
|    value_loss         | 522        |
--------------------------------------
New best mean reward!
----------------------------------
| rollout/           |           |
|    ep_len_mean     | 500       |
|    ep_rew_mean     | -4.02e+03 |
| time/              |           |
|    fps             | 9         |
|    iterations      | 2500      |
|    time_elapsed    | 2105      |
|    total_timesteps | 20000     |
----------------------------------
-------------------------------------
| rollout/              |           |
|    ep_len_mean        | 500       |
|    ep_rew_mean        | -4.06e+03 |
| time/                 |           |
|    fps                | 9         |
|    iterations         | 2600      |
|    time_elapsed       | 2163      |
|    total_timesteps    | 20800     |
| train/                |           |
|    c_learning_rate    | 0.000499  |
|    d_grad_norm        | 0.944     |
|    d_learning_rate    | 0.00499   |
|    entropy_loss       | -1.55     |
|    explained_variance | 0.8601905 |
|    n_updates          | 2599      |
|    policy_loss        | 4.82      |
|    std                | 1.01      |
|    u_grad_norm        | 0.0113    |
|    u_learning_rate    | 0.000998  |
|    v_grad_norm        | 0.855     |
|    value_loss         | 18.1      |
-------------------------------------
-------------------------------------
| rollout/              |           |
|    ep_len_mean        | 500       |
|    ep_rew_mean        | -4.05e+03 |
| time/                 |           |
|    fps                | 9         |
|    iterations         | 2600      |
|    time_elapsed       | 2163      |
|    total_timesteps    | 20800     |
| train/                |           |
|    c_learning_rate    | 0.000499  |
|    d_grad_norm        | 1.15      |
|    d_learning_rate    | 0.00499   |
|    entropy_loss       | -3.06     |
|    explained_variance | 0.9783861 |
|    n_updates          | 2599      |
|    policy_loss        | -1.24     |
|    std                | 1.03      |
|    u_grad_norm        | 0.0127    |
|    u_learning_rate    | 0.000998  |
|    v_grad_norm        | 0.952     |
|    value_loss         | 0.652     |
-------------------------------------
--------------------------------------
| rollout/              |            |
|    ep_len_mean        | 500        |
|    ep_rew_mean        | -3.99e+03  |
| time/                 |            |
|    fps                | 9          |
|    iterations         | 2600       |
|    time_elapsed       | 2163       |
|    total_timesteps    | 20800      |
| train/                |            |
|    c_learning_rate    | 0.000499   |
|    d_grad_norm        | 1.1        |
|    d_learning_rate    | 0.00499    |
|    entropy_loss       | -2.16      |
|    explained_variance | 0.88008004 |
|    n_updates          | 2599       |
|    policy_loss        | -0.628     |
|    std                | 1.06       |
|    u_grad_norm        | 0.0217     |
|    u_learning_rate    | 0.000998   |
|    v_grad_norm        | 0.882      |
|    value_loss         | 0.16       |
--------------------------------------
--------------------------------------
| rollout/              |            |
|    ep_len_mean        | 500        |
|    ep_rew_mean        | -4.09e+03  |
| time/                 |            |
|    fps                | 9          |
|    iterations         | 2600       |
|    time_elapsed       | 2163       |
|    total_timesteps    | 20800      |
| train/                |            |
|    c_learning_rate    | 0.000499   |
|    d_grad_norm        | 1.04       |
|    d_learning_rate    | 0.00499    |
|    entropy_loss       | -2.68      |
|    explained_variance | 0.89168984 |
|    n_updates          | 2599       |
|    policy_loss        | 7.18       |
|    std                | 1.04       |
|    u_grad_norm        | 0.00871    |
|    u_learning_rate    | 0.000998   |
|    v_grad_norm        | 0.936      |
|    value_loss         | 8.08       |
--------------------------------------
-------------------------------------
| rollout/              |           |
|    ep_len_mean        | 500       |
|    ep_rew_mean        | -4.1e+03  |
| time/                 |           |
|    fps                | 9         |
|    iterations         | 2600      |
|    time_elapsed       | 2164      |
|    total_timesteps    | 20800     |
| train/                |           |
|    c_learning_rate    | 0.000499  |
|    d_grad_norm        | 1.12      |
|    d_learning_rate    | 0.00499   |
|    entropy_loss       | -2.05     |
|    explained_variance | 0.6282657 |
|    n_updates          | 2599      |
|    policy_loss        | -3.92     |
|    std                | 1.03      |
|    u_grad_norm        | 0.000356  |
|    u_learning_rate    | 0.000998  |
|    v_grad_norm        | 1.02      |
|    value_loss         | 3.81      |
-------------------------------------
-------------------------------------
| rollout/              |           |
|    ep_len_mean        | 500       |
|    ep_rew_mean        | -4.04e+03 |
| time/                 |           |
|    fps                | 9         |
|    iterations         | 2600      |
|    time_elapsed       | 2165      |
|    total_timesteps    | 20800     |
| train/                |           |
|    c_learning_rate    | 0.000499  |
|    d_grad_norm        | 0.806     |
|    d_learning_rate    | 0.00499   |
|    entropy_loss       | -2.24     |
|    explained_variance | 0.5338378 |
|    n_updates          | 2599      |
|    policy_loss        | 0.142     |
|    std                | 1.05      |
|    u_grad_norm        | 0.00704   |
|    u_learning_rate    | 0.000998  |
|    v_grad_norm        | 0.914     |
|    value_loss         | 0.44      |
-------------------------------------
---------------------------------------
| rollout/              |             |
|    ep_len_mean        | 500         |
|    ep_rew_mean        | -4.23e+03   |
| time/                 |             |
|    fps                | 9           |
|    iterations         | 2600        |
|    time_elapsed       | 2165        |
|    total_timesteps    | 20800       |
| train/                |             |
|    c_learning_rate    | 0.000499    |
|    d_grad_norm        | 0.916       |
|    d_learning_rate    | 0.00499     |
|    entropy_loss       | -2.98       |
|    explained_variance | -0.30641985 |
|    n_updates          | 2599        |
|    policy_loss        | -25.3       |
|    std                | 1.06        |
|    u_grad_norm        | 0.000102    |
|    u_learning_rate    | 0.000998    |
|    v_grad_norm        | 1           |
|    value_loss         | 216         |
---------------------------------------
--------------------------------------
| rollout/              |            |
|    ep_len_mean        | 500        |
|    ep_rew_mean        | -4.21e+03  |
| time/                 |            |
|    fps                | 9          |
|    iterations         | 2600       |
|    time_elapsed       | 2167       |
|    total_timesteps    | 20800      |
| train/                |            |
|    c_learning_rate    | 0.000499   |
|    d_grad_norm        | 1.04       |
|    d_learning_rate    | 0.00499    |
|    entropy_loss       | -1.9       |
|    explained_variance | 0.31126022 |
|    n_updates          | 2599       |
|    policy_loss        | 2.19       |
|    std                | 1          |
|    u_grad_norm        | 0.0168     |
|    u_learning_rate    | 0.000998   |
|    v_grad_norm        | 0.903      |
|    value_loss         | 3.31       |
--------------------------------------
--------------------------------------
| rollout/              |            |
|    ep_len_mean        | 500        |
|    ep_rew_mean        | -3.99e+03  |
| time/                 |            |
|    fps                | 9          |
|    iterations         | 2600       |
|    time_elapsed       | 2177       |
|    total_timesteps    | 20800      |
| train/                |            |
|    c_learning_rate    | 0.000499   |
|    d_grad_norm        | 0.983      |
|    d_learning_rate    | 0.00499    |
|    entropy_loss       | -1.85      |
|    explained_variance | 0.26316595 |
|    n_updates          | 2599       |
|    policy_loss        | -2.87      |
|    std                | 1.07       |
|    u_grad_norm        | 0.00549    |
|    u_learning_rate    | 0.000998   |
|    v_grad_norm        | 0.913      |
|    value_loss         | 5.34       |
--------------------------------------
-------------------------------------
| rollout/              |           |
|    ep_len_mean        | 500       |
|    ep_rew_mean        | -4e+03    |
| time/                 |           |
|    fps                | 9         |
|    iterations         | 2600      |
|    time_elapsed       | 2186      |
|    total_timesteps    | 20800     |
| train/                |           |
|    c_learning_rate    | 0.000499  |
|    d_grad_norm        | 1.13      |
|    d_learning_rate    | 0.00499   |
|    entropy_loss       | -2.16     |
|    explained_variance | 0.9215619 |
|    n_updates          | 2599      |
|    policy_loss        | -0.857    |
|    std                | 1.07      |
|    u_grad_norm        | 0.00676   |
|    u_learning_rate    | 0.000998  |
|    v_grad_norm        | 0.862     |
|    value_loss         | 0.256     |
-------------------------------------
--------------------------------------
| rollout/              |            |
|    ep_len_mean        | 500        |
|    ep_rew_mean        | -3.97e+03  |
| time/                 |            |
|    fps                | 9          |
|    iterations         | 2700       |
|    time_elapsed       | 2237       |
|    total_timesteps    | 21600      |
| train/                |            |
|    c_learning_rate    | 0.000499   |
|    d_grad_norm        | 1.09       |
|    d_learning_rate    | 0.00499    |
|    entropy_loss       | -2.38      |
|    explained_variance | 0.62918377 |
|    n_updates          | 2699       |
|    policy_loss        | -8.31      |
|    std                | 1.06       |
|    u_grad_norm        | 0.0684     |
|    u_learning_rate    | 0.000998   |
|    v_grad_norm        | 0.837      |
|    value_loss         | 1.02       |
--------------------------------------
--------------------------------------
| rollout/              |            |
|    ep_len_mean        | 500        |
|    ep_rew_mean        | -4.01e+03  |
| time/                 |            |
|    fps                | 9          |
|    iterations         | 2700       |
|    time_elapsed       | 2237       |
|    total_timesteps    | 21600      |
| train/                |            |
|    c_learning_rate    | 0.000499   |
|    d_grad_norm        | 1.1        |
|    d_learning_rate    | 0.00499    |
|    entropy_loss       | -2.77      |
|    explained_variance | -0.8126316 |
|    n_updates          | 2699       |
|    policy_loss        | 4.08       |
|    std                | 1.03       |
|    u_grad_norm        | 0.0428     |
|    u_learning_rate    | 0.000998   |
|    v_grad_norm        | 0.88       |
|    value_loss         | 0.733      |
--------------------------------------
-------------------------------------
| rollout/              |           |
|    ep_len_mean        | 500       |
|    ep_rew_mean        | -4.06e+03 |
| time/                 |           |
|    fps                | 9         |
|    iterations         | 2700      |
|    time_elapsed       | 2237      |
|    total_timesteps    | 21600     |
| train/                |           |
|    c_learning_rate    | 0.000499  |
|    d_grad_norm        | 0.917     |
|    d_learning_rate    | 0.00499   |
|    entropy_loss       | -3.28     |
|    explained_variance | 0.5768116 |
|    n_updates          | 2699      |
|    policy_loss        | 0.822     |
|    std                | 1.02      |
|    u_grad_norm        | 0.0094    |
|    u_learning_rate    | 0.000998  |
|    v_grad_norm        | 0.925     |
|    value_loss         | 33.2      |
-------------------------------------
--------------------------------------
| rollout/              |            |
|    ep_len_mean        | 500        |
|    ep_rew_mean        | -4.06e+03  |
| time/                 |            |
|    fps                | 9          |
|    iterations         | 2700       |
|    time_elapsed       | 2237       |
|    total_timesteps    | 21600      |
| train/                |            |
|    c_learning_rate    | 0.000499   |
|    d_grad_norm        | 1.09       |
|    d_learning_rate    | 0.00499    |
|    entropy_loss       | -1.69      |
|    explained_variance | 0.16489428 |
|    n_updates          | 2699       |
|    policy_loss        | 1.65       |
|    std                | 1.04       |
|    u_grad_norm        | 0.118      |
|    u_learning_rate    | 0.000998   |
|    v_grad_norm        | 0.934      |
|    value_loss         | 3.55       |
--------------------------------------
--------------------------------------
| rollout/              |            |
|    ep_len_mean        | 500        |
|    ep_rew_mean        | -4.09e+03  |
| time/                 |            |
|    fps                | 9          |
|    iterations         | 2700       |
|    time_elapsed       | 2238       |
|    total_timesteps    | 21600      |
| train/                |            |
|    c_learning_rate    | 0.000499   |
|    d_grad_norm        | 0.857      |
|    d_learning_rate    | 0.00499    |
|    entropy_loss       | -2.45      |
|    explained_variance | -3.9022708 |
|    n_updates          | 2699       |
|    policy_loss        | 24.7       |
|    std                | 1.03       |
|    u_grad_norm        | 0.0199     |
|    u_learning_rate    | 0.000998   |
|    v_grad_norm        | 0.887      |
|    value_loss         | 150        |
--------------------------------------
--------------------------------------
| rollout/              |            |
|    ep_len_mean        | 500        |
|    ep_rew_mean        | -4.19e+03  |
| time/                 |            |
|    fps                | 9          |
|    iterations         | 2700       |
|    time_elapsed       | 2239       |
|    total_timesteps    | 21600      |
| train/                |            |
|    c_learning_rate    | 0.000499   |
|    d_grad_norm        | 0.855      |
|    d_learning_rate    | 0.00499    |
|    entropy_loss       | -2.47      |
|    explained_variance | 0.63931423 |
|    n_updates          | 2699       |
|    policy_loss        | 62.8       |
|    std                | 1.05       |
|    u_grad_norm        | 0.0354     |
|    u_learning_rate    | 0.000998   |
|    v_grad_norm        | 0.849      |
|    value_loss         | 216        |
--------------------------------------
-------------------------------------
| rollout/              |           |
|    ep_len_mean        | 500       |
|    ep_rew_mean        | -4.04e+03 |
| time/                 |           |
|    fps                | 9         |
|    iterations         | 2700      |
|    time_elapsed       | 2239      |
|    total_timesteps    | 21600     |
| train/                |           |
|    c_learning_rate    | 0.000499  |
|    d_grad_norm        | 1.06      |
|    d_learning_rate    | 0.00499   |
|    entropy_loss       | -1.64     |
|    explained_variance | 0.9498574 |
|    n_updates          | 2699      |
|    policy_loss        | -48       |
|    std                | 1.04      |
|    u_grad_norm        | 0.0803    |
|    u_learning_rate    | 0.000998  |
|    v_grad_norm        | 1         |
|    value_loss         | 58.8      |
-------------------------------------
---------------------------------------
| rollout/              |             |
|    ep_len_mean        | 500         |
|    ep_rew_mean        | -4.2e+03    |
| time/                 |             |
|    fps                | 9           |
|    iterations         | 2700        |
|    time_elapsed       | 2241        |
|    total_timesteps    | 21600       |
| train/                |             |
|    c_learning_rate    | 0.000499    |
|    d_grad_norm        | 1.09        |
|    d_learning_rate    | 0.00499     |
|    entropy_loss       | -1.96       |
|    explained_variance | -0.37677085 |
|    n_updates          | 2699        |
|    policy_loss        | -2.9        |
|    std                | 1.01        |
|    u_grad_norm        | 0.00682     |
|    u_learning_rate    | 0.000998    |
|    v_grad_norm        | 0.978       |
|    value_loss         | 3.93        |
---------------------------------------
------------------------------------
| rollout/              |          |
|    ep_len_mean        | 500      |
|    ep_rew_mean        | -4e+03   |
| time/                 |          |
|    fps                | 9        |
|    iterations         | 2700     |
|    time_elapsed       | 2254     |
|    total_timesteps    | 21600    |
| train/                |          |
|    c_learning_rate    | 0.000499 |
|    d_grad_norm        | 0.951    |
|    d_learning_rate    | 0.00499  |
|    entropy_loss       | -1.83    |
|    explained_variance | 0.958858 |
|    n_updates          | 2699     |
|    policy_loss        | 1.33     |
|    std                | 1.07     |
|    u_grad_norm        | 0.00958  |
|    u_learning_rate    | 0.000998 |
|    v_grad_norm        | 0.897    |
|    value_loss         | 0.928    |
------------------------------------
-------------------------------------
| rollout/              |           |
|    ep_len_mean        | 500       |
|    ep_rew_mean        | -4.01e+03 |
| time/                 |           |
|    fps                | 9         |
|    iterations         | 2700      |
|    time_elapsed       | 2267      |
|    total_timesteps    | 21600     |
| train/                |           |
|    c_learning_rate    | 0.000499  |
|    d_grad_norm        | 0.863     |
|    d_learning_rate    | 0.00499   |
|    entropy_loss       | -3.1      |
|    explained_variance | 0.5183759 |
|    n_updates          | 2699      |
|    policy_loss        | 116       |
|    std                | 1.07      |
|    u_grad_norm        | 0.0374    |
|    u_learning_rate    | 0.000998  |
|    v_grad_norm        | 0.86      |
|    value_loss         | 405       |
-------------------------------------
--------------------------------------
| rollout/              |            |
|    ep_len_mean        | 500        |
|    ep_rew_mean        | -3.98e+03  |
| time/                 |            |
|    fps                | 9          |
|    iterations         | 2800       |
|    time_elapsed       | 2312       |
|    total_timesteps    | 22400      |
| train/                |            |
|    c_learning_rate    | 0.000499   |
|    d_grad_norm        | 0.731      |
|    d_learning_rate    | 0.00499    |
|    entropy_loss       | -2.55      |
|    explained_variance | -1.3521688 |
|    n_updates          | 2799       |
|    policy_loss        | 43.3       |
|    std                | 1.06       |
|    u_grad_norm        | 0.0253     |
|    u_learning_rate    | 0.000998   |
|    v_grad_norm        | 0.838      |
|    value_loss         | 217        |
--------------------------------------
-------------------------------------
| rollout/              |           |
|    ep_len_mean        | 500       |
|    ep_rew_mean        | -3.99e+03 |
| time/                 |           |
|    fps                | 9         |
|    iterations         | 2800      |
|    time_elapsed       | 2312      |
|    total_timesteps    | 22400     |
| train/                |           |
|    c_learning_rate    | 0.000499  |
|    d_grad_norm        | 0.759     |
|    d_learning_rate    | 0.00499   |
|    entropy_loss       | -3.41     |
|    explained_variance | 0.87752   |
|    n_updates          | 2799      |
|    policy_loss        | 68.7      |
|    std                | 1.04      |
|    u_grad_norm        | 0.00436   |
|    u_learning_rate    | 0.000998  |
|    v_grad_norm        | 0.819     |
|    value_loss         | 456       |
-------------------------------------
--------------------------------------
| rollout/              |            |
|    ep_len_mean        | 500        |
|    ep_rew_mean        | -4.03e+03  |
| time/                 |            |
|    fps                | 9          |
|    iterations         | 2800       |
|    time_elapsed       | 2312       |
|    total_timesteps    | 22400      |
| train/                |            |
|    c_learning_rate    | 0.000499   |
|    d_grad_norm        | 1.13       |
|    d_learning_rate    | 0.00499    |
|    entropy_loss       | -2.4       |
|    explained_variance | 0.47441173 |
|    n_updates          | 2799       |
|    policy_loss        | -0.775     |
|    std                | 1.01       |
|    u_grad_norm        | 0.0054     |
|    u_learning_rate    | 0.000998   |
|    v_grad_norm        | 0.913      |
|    value_loss         | 0.152      |
--------------------------------------
-------------------------------------
| rollout/              |           |
|    ep_len_mean        | 500       |
|    ep_rew_mean        | -4.05e+03 |
| time/                 |           |
|    fps                | 9         |
|    iterations         | 2800      |
|    time_elapsed       | 2312      |
|    total_timesteps    | 22400     |
| train/                |           |
|    c_learning_rate    | 0.000499  |
|    d_grad_norm        | 0.962     |
|    d_learning_rate    | 0.00499   |
|    entropy_loss       | -3.43     |
|    explained_variance | 0.8137963 |
|    n_updates          | 2799      |
|    policy_loss        | 10.1      |
|    std                | 1.05      |
|    u_grad_norm        | 0.00117   |
|    u_learning_rate    | 0.000998  |
|    v_grad_norm        | 0.921     |
|    value_loss         | 19.5      |
-------------------------------------
--------------------------------------
| rollout/              |            |
|    ep_len_mean        | 500        |
|    ep_rew_mean        | -4.06e+03  |
| time/                 |            |
|    fps                | 9          |
|    iterations         | 2800       |
|    time_elapsed       | 2313       |
|    total_timesteps    | 22400      |
| train/                |            |
|    c_learning_rate    | 0.000499   |
|    d_grad_norm        | 0.987      |
|    d_learning_rate    | 0.00499    |
|    entropy_loss       | -2.66      |
|    explained_variance | 0.14145172 |
|    n_updates          | 2799       |
|    policy_loss        | -8.03      |
|    std                | 1.03       |
|    u_grad_norm        | 0.00141    |
|    u_learning_rate    | 0.000998   |
|    v_grad_norm        | 1.02       |
|    value_loss         | 20.6       |
--------------------------------------
--------------------------------------
| rollout/              |            |
|    ep_len_mean        | 500        |
|    ep_rew_mean        | -4.16e+03  |
| time/                 |            |
|    fps                | 9          |
|    iterations         | 2800       |
|    time_elapsed       | 2314       |
|    total_timesteps    | 22400      |
| train/                |            |
|    c_learning_rate    | 0.000499   |
|    d_grad_norm        | 1.06       |
|    d_learning_rate    | 0.00499    |
|    entropy_loss       | -2.33      |
|    explained_variance | 0.74459004 |
|    n_updates          | 2799       |
|    policy_loss        | -20.9      |
|    std                | 1.06       |
|    u_grad_norm        | 0.00157    |
|    u_learning_rate    | 0.000998   |
|    v_grad_norm        | 1.05       |
|    value_loss         | 133        |
--------------------------------------
-------------------------------------
| rollout/              |           |
|    ep_len_mean        | 500       |
|    ep_rew_mean        | -4.02e+03 |
| time/                 |           |
|    fps                | 9         |
|    iterations         | 2800      |
|    time_elapsed       | 2314      |
|    total_timesteps    | 22400     |
| train/                |           |
|    c_learning_rate    | 0.000499  |
|    d_grad_norm        | 0.854     |
|    d_learning_rate    | 0.00499   |
|    entropy_loss       | -3.68     |
|    explained_variance | 0.9557155 |
|    n_updates          | 2799      |
|    policy_loss        | -4.14     |
|    std                | 1.05      |
|    u_grad_norm        | 0.00222   |
|    u_learning_rate    | 0.000998  |
|    v_grad_norm        | 0.998     |
|    value_loss         | 3.12      |
-------------------------------------
--------------------------------------
| rollout/              |            |
|    ep_len_mean        | 500        |
|    ep_rew_mean        | -4.2e+03   |
| time/                 |            |
|    fps                | 9          |
|    iterations         | 2800       |
|    time_elapsed       | 2316       |
|    total_timesteps    | 22400      |
| train/                |            |
|    c_learning_rate    | 0.000499   |
|    d_grad_norm        | 0.901      |
|    d_learning_rate    | 0.00499    |
|    entropy_loss       | -1.73      |
|    explained_variance | -1.2059157 |
|    n_updates          | 2799       |
|    policy_loss        | -4.06      |
|    std                | 1.01       |
|    u_grad_norm        | 0.0198     |
|    u_learning_rate    | 0.000998   |
|    v_grad_norm        | 0.945      |
|    value_loss         | 74.1       |
--------------------------------------
--------------------------------------
| rollout/              |            |
|    ep_len_mean        | 500        |
|    ep_rew_mean        | -4e+03     |
| time/                 |            |
|    fps                | 9          |
|    iterations         | 2800       |
|    time_elapsed       | 2333       |
|    total_timesteps    | 22400      |
| train/                |            |
|    c_learning_rate    | 0.000499   |
|    d_grad_norm        | 1.03       |
|    d_learning_rate    | 0.00499    |
|    entropy_loss       | -1.86      |
|    explained_variance | 0.90051514 |
|    n_updates          | 2799       |
|    policy_loss        | 10.5       |
|    std                | 1.07       |
|    u_grad_norm        | 0.00276    |
|    u_learning_rate    | 0.000998   |
|    v_grad_norm        | 0.986      |
|    value_loss         | 65.3       |
--------------------------------------
---------------------------------------
| rollout/              |             |
|    ep_len_mean        | 500         |
|    ep_rew_mean        | -3.98e+03   |
| time/                 |             |
|    fps                | 9           |
|    iterations         | 2800        |
|    time_elapsed       | 2349        |
|    total_timesteps    | 22400       |
| train/                |             |
|    c_learning_rate    | 0.000499    |
|    d_grad_norm        | 0.914       |
|    d_learning_rate    | 0.00499     |
|    entropy_loss       | -2.86       |
|    explained_variance | -0.73957753 |
|    n_updates          | 2799        |
|    policy_loss        | 31          |
|    std                | 1.07        |
|    u_grad_norm        | 0.00575     |
|    u_learning_rate    | 0.000998    |
|    v_grad_norm        | 0.817       |
|    value_loss         | 208         |
---------------------------------------
-------------------------------------
| rollout/              |           |
|    ep_len_mean        | 500       |
|    ep_rew_mean        | -3.94e+03 |
| time/                 |           |
|    fps                | 9         |
|    iterations         | 2900      |
|    time_elapsed       | 2387      |
|    total_timesteps    | 23200     |
| train/                |           |
|    c_learning_rate    | 0.000499  |
|    d_grad_norm        | 1.22      |
|    d_learning_rate    | 0.00499   |
|    entropy_loss       | -2.62     |
|    explained_variance | 0.7815913 |
|    n_updates          | 2899      |
|    policy_loss        | 0.644     |
|    std                | 1.06      |
|    u_grad_norm        | 0.00642   |
|    u_learning_rate    | 0.000998  |
|    v_grad_norm        | 0.874     |
|    value_loss         | 0.173     |
-------------------------------------
-------------------------------------
| rollout/              |           |
|    ep_len_mean        | 500       |
|    ep_rew_mean        | -3.94e+03 |
| time/                 |           |
|    fps                | 9         |
|    iterations         | 2900      |
|    time_elapsed       | 2388      |
|    total_timesteps    | 23200     |
| train/                |           |
|    c_learning_rate    | 0.000499  |
|    d_grad_norm        | 0.663     |
|    d_learning_rate    | 0.00499   |
|    entropy_loss       | -1.5      |
|    explained_variance | 0.6870092 |
|    n_updates          | 2899      |
|    policy_loss        | -16.9     |
|    std                | 1.04      |
|    u_grad_norm        | 0.00175   |
|    u_learning_rate    | 0.000998  |
|    v_grad_norm        | 1.04      |
|    value_loss         | 116       |
-------------------------------------
--------------------------------------
| rollout/              |            |
|    ep_len_mean        | 500        |
|    ep_rew_mean        | -4.01e+03  |
| time/                 |            |
|    fps                | 9          |
|    iterations         | 2900       |
|    time_elapsed       | 2388       |
|    total_timesteps    | 23200      |
| train/                |            |
|    c_learning_rate    | 0.000499   |
|    d_grad_norm        | 0.879      |
|    d_learning_rate    | 0.00499    |
|    entropy_loss       | -2.96      |
|    explained_variance | 0.92162025 |
|    n_updates          | 2899       |
|    policy_loss        | -25.3      |
|    std                | 1.04       |
|    u_grad_norm        | 0.0183     |
|    u_learning_rate    | 0.000998   |
|    v_grad_norm        | 0.803      |
|    value_loss         | 58.1       |
--------------------------------------
-------------------------------------
| rollout/              |           |
|    ep_len_mean        | 500       |
|    ep_rew_mean        | -4.03e+03 |
| time/                 |           |
|    fps                | 9         |
|    iterations         | 2900      |
|    time_elapsed       | 2388      |
|    total_timesteps    | 23200     |
| train/                |           |
|    c_learning_rate    | 0.000499  |
|    d_grad_norm        | 1.13      |
|    d_learning_rate    | 0.00499   |
|    entropy_loss       | -2.89     |
|    explained_variance | 0.5813739 |
|    n_updates          | 2899      |
|    policy_loss        | 3.49      |
|    std                | 1         |
|    u_grad_norm        | 0.000917  |
|    u_learning_rate    | 0.000998  |
|    v_grad_norm        | 0.927     |
|    value_loss         | 2.94      |
-------------------------------------
---------------------------------------
| rollout/              |             |
|    ep_len_mean        | 500         |
|    ep_rew_mean        | -4.03e+03   |
| time/                 |             |
|    fps                | 9           |
|    iterations         | 2900        |
|    time_elapsed       | 2388        |
|    total_timesteps    | 23200       |
| train/                |             |
|    c_learning_rate    | 0.000499    |
|    d_grad_norm        | 0.949       |
|    d_learning_rate    | 0.00499     |
|    entropy_loss       | -2.86       |
|    explained_variance | -0.29420578 |
|    n_updates          | 2899        |
|    policy_loss        | -118        |
|    std                | 1.03        |
|    u_grad_norm        | 0.000875    |
|    u_learning_rate    | 0.000998    |
|    v_grad_norm        | 0.965       |
|    value_loss         | 1.14e+03    |
---------------------------------------
-------------------------------------
| rollout/              |           |
|    ep_len_mean        | 500       |
|    ep_rew_mean        | -3.98e+03 |
| time/                 |           |
|    fps                | 9         |
|    iterations         | 2900      |
|    time_elapsed       | 2389      |
|    total_timesteps    | 23200     |
| train/                |           |
|    c_learning_rate    | 0.000499  |
|    d_grad_norm        | 0.902     |
|    d_learning_rate    | 0.00499   |
|    entropy_loss       | -3.53     |
|    explained_variance | 0.9384715 |
|    n_updates          | 2899      |
|    policy_loss        | -40.4     |
|    std                | 1.05      |
|    u_grad_norm        | 0.000489  |
|    u_learning_rate    | 0.000998  |
|    v_grad_norm        | 0.938     |
|    value_loss         | 193       |
-------------------------------------
--------------------------------------
| rollout/              |            |
|    ep_len_mean        | 500        |
|    ep_rew_mean        | -4.1e+03   |
| time/                 |            |
|    fps                | 9          |
|    iterations         | 2900       |
|    time_elapsed       | 2389       |
|    total_timesteps    | 23200      |
| train/                |            |
|    c_learning_rate    | 0.000499   |
|    d_grad_norm        | 0.77       |
|    d_learning_rate    | 0.00499    |
|    entropy_loss       | -3.19      |
|    explained_variance | 0.98764616 |
|    n_updates          | 2899       |
|    policy_loss        | 12         |
|    std                | 1.05       |
|    u_grad_norm        | 0.00135    |
|    u_learning_rate    | 0.000998   |
|    v_grad_norm        | 0.973      |
|    value_loss         | 23.1       |
--------------------------------------
-------------------------------------
| rollout/              |           |
|    ep_len_mean        | 500       |
|    ep_rew_mean        | -4.18e+03 |
| time/                 |           |
|    fps                | 9         |
|    iterations         | 2900      |
|    time_elapsed       | 2392      |
|    total_timesteps    | 23200     |
| train/                |           |
|    c_learning_rate    | 0.000499  |
|    d_grad_norm        | 0.751     |
|    d_learning_rate    | 0.00499   |
|    entropy_loss       | -3.47     |
|    explained_variance | 0.8025776 |
|    n_updates          | 2899      |
|    policy_loss        | 24.6      |
|    std                | 1.01      |
|    u_grad_norm        | 0.00269   |
|    u_learning_rate    | 0.000998  |
|    v_grad_norm        | 1.04      |
|    value_loss         | 76.9      |
-------------------------------------
---------------------------------------
| rollout/              |             |
|    ep_len_mean        | 500         |
|    ep_rew_mean        | -3.96e+03   |
| time/                 |             |
|    fps                | 9           |
|    iterations         | 2900        |
|    time_elapsed       | 2412        |
|    total_timesteps    | 23200       |
| train/                |             |
|    c_learning_rate    | 0.000499    |
|    d_grad_norm        | 0.956       |
|    d_learning_rate    | 0.00499     |
|    entropy_loss       | -1.24       |
|    explained_variance | -0.09765875 |
|    n_updates          | 2899        |
|    policy_loss        | 0.804       |
|    std                | 1.06        |
|    u_grad_norm        | 0.0441      |
|    u_learning_rate    | 0.000998    |
|    v_grad_norm        | 0.927       |
|    value_loss         | 0.439       |
---------------------------------------
--------------------------------------
| rollout/              |            |
|    ep_len_mean        | 500        |
|    ep_rew_mean        | -3.93e+03  |
| time/                 |            |
|    fps                | 9          |
|    iterations         | 3000       |
|    time_elapsed       | 2427       |
|    total_timesteps    | 24000      |
| train/                |            |
|    c_learning_rate    | 0.000499   |
|    d_grad_norm        | 0.773      |
|    d_learning_rate    | 0.00499    |
|    entropy_loss       | -4.13      |
|    explained_variance | 0.83646584 |
|    n_updates          | 2999       |
|    policy_loss        | 53.2       |
|    std                | 1.06       |
|    u_grad_norm        | 0.00275    |
|    u_learning_rate    | 0.000998   |
|    v_grad_norm        | 0.878      |
|    value_loss         | 248        |
--------------------------------------
--------------------------------------
| rollout/              |            |
|    ep_len_mean        | 500        |
|    ep_rew_mean        | -4.01e+03  |
| time/                 |            |
|    fps                | 9          |
|    iterations         | 3000       |
|    time_elapsed       | 2427       |
|    total_timesteps    | 24000      |
| train/                |            |
|    c_learning_rate    | 0.000499   |
|    d_grad_norm        | 0.852      |
|    d_learning_rate    | 0.00499    |
|    entropy_loss       | -2.31      |
|    explained_variance | 0.95787895 |
|    n_updates          | 2999       |
|    policy_loss        | -7.29      |
|    std                | 1.03       |
|    u_grad_norm        | 0.00255    |
|    u_learning_rate    | 0.000998   |
|    v_grad_norm        | 0.95       |
|    value_loss         | 17.8       |
--------------------------------------
-------------------------------------
| rollout/              |           |
|    ep_len_mean        | 500       |
|    ep_rew_mean        | -3.98e+03 |
| time/                 |           |
|    fps                | 9         |
|    iterations         | 3000      |
|    time_elapsed       | 2427      |
|    total_timesteps    | 24000     |
| train/                |           |
|    c_learning_rate    | 0.000499  |
|    d_grad_norm        | 0.768     |
|    d_learning_rate    | 0.00499   |
|    entropy_loss       | -3.99     |
|    explained_variance | 0.9044902 |
|    n_updates          | 2999      |
|    policy_loss        | 26        |
|    std                | 1.03      |
|    u_grad_norm        | 0.0111    |
|    u_learning_rate    | 0.000998  |
|    v_grad_norm        | 0.813     |
|    value_loss         | 50.5      |
-------------------------------------
--------------------------------------
| rollout/              |            |
|    ep_len_mean        | 500        |
|    ep_rew_mean        | -4.03e+03  |
| time/                 |            |
|    fps                | 9          |
|    iterations         | 3000       |
|    time_elapsed       | 2427       |
|    total_timesteps    | 24000      |
| train/                |            |
|    c_learning_rate    | 0.000499   |
|    d_grad_norm        | 0.73       |
|    d_learning_rate    | 0.00499    |
|    entropy_loss       | -1.75      |
|    explained_variance | 0.64542514 |
|    n_updates          | 2999       |
|    policy_loss        | -19.9      |
|    std                | 1.01       |
|    u_grad_norm        | 0.0402     |
|    u_learning_rate    | 0.000998   |
|    v_grad_norm        | 0.964      |
|    value_loss         | 87.8       |
--------------------------------------
-------------------------------------
| rollout/              |           |
|    ep_len_mean        | 500       |
|    ep_rew_mean        | -3.91e+03 |
| time/                 |           |
|    fps                | 9         |
|    iterations         | 3000      |
|    time_elapsed       | 2427      |
|    total_timesteps    | 24000     |
| train/                |           |
|    c_learning_rate    | 0.000499  |
|    d_grad_norm        | 0.773     |
|    d_learning_rate    | 0.00499   |
|    entropy_loss       | -3.44     |
|    explained_variance | 0.8877032 |
|    n_updates          | 2999      |
|    policy_loss        | 3.83      |
|    std                | 1.04      |
|    u_grad_norm        | 0.00279   |
|    u_learning_rate    | 0.000998  |
|    v_grad_norm        | 0.911     |
|    value_loss         | 22.2      |
-------------------------------------
-------------------------------------
| rollout/              |           |
|    ep_len_mean        | 500       |
|    ep_rew_mean        | -3.95e+03 |
| time/                 |           |
|    fps                | 9         |
|    iterations         | 3000      |
|    time_elapsed       | 2427      |
|    total_timesteps    | 24000     |
| train/                |           |
|    c_learning_rate    | 0.000499  |
|    d_grad_norm        | 0.783     |
|    d_learning_rate    | 0.00499   |
|    entropy_loss       | -3.64     |
|    explained_variance | 0.908394  |
|    n_updates          | 2999      |
|    policy_loss        | -15.9     |
|    std                | 1.05      |
|    u_grad_norm        | 0.00255   |
|    u_learning_rate    | 0.000998  |
|    v_grad_norm        | 0.792     |
|    value_loss         | 27.1      |
-------------------------------------
-------------------------------------
| rollout/              |           |
|    ep_len_mean        | 500       |
|    ep_rew_mean        | -4.07e+03 |
| time/                 |           |
|    fps                | 9         |
|    iterations         | 3000      |
|    time_elapsed       | 2428      |
|    total_timesteps    | 24000     |
| train/                |           |
|    c_learning_rate    | 0.000499  |
|    d_grad_norm        | 0.859     |
|    d_learning_rate    | 0.00499   |
|    entropy_loss       | -2.82     |
|    explained_variance | 0.9485831 |
|    n_updates          | 2999      |
|    policy_loss        | 18.8      |
|    std                | 1.05      |
|    u_grad_norm        | 0.00527   |
|    u_learning_rate    | 0.000998  |
|    v_grad_norm        | 0.893     |
|    value_loss         | 69.3      |
-------------------------------------
--------------------------------------
| rollout/              |            |
|    ep_len_mean        | 500        |
|    ep_rew_mean        | -4.15e+03  |
| time/                 |            |
|    fps                | 9          |
|    iterations         | 3000       |
|    time_elapsed       | 2431       |
|    total_timesteps    | 24000      |
| train/                |            |
|    c_learning_rate    | 0.000499   |
|    d_grad_norm        | 1.08       |
|    d_learning_rate    | 0.00499    |
|    entropy_loss       | -2.6       |
|    explained_variance | 0.97310805 |
|    n_updates          | 2999       |
|    policy_loss        | -19.4      |
|    std                | 1.01       |
|    u_grad_norm        | 0.00387    |
|    u_learning_rate    | 0.000998   |
|    v_grad_norm        | 1.03       |
|    value_loss         | 77.8       |
--------------------------------------
--------------------------------------
| rollout/              |            |
|    ep_len_mean        | 500        |
|    ep_rew_mean        | -3.93e+03  |
| time/                 |            |
|    fps                | 9          |
|    iterations         | 2900       |
|    time_elapsed       | 2432       |
|    total_timesteps    | 23200      |
| train/                |            |
|    c_learning_rate    | 0.000499   |
|    d_grad_norm        | 0.878      |
|    d_learning_rate    | 0.00499    |
|    entropy_loss       | -2.77      |
|    explained_variance | -2.1872284 |
|    n_updates          | 2899       |
|    policy_loss        | 2.47       |
|    std                | 1.07       |
|    u_grad_norm        | 0.0032     |
|    u_learning_rate    | 0.000998   |
|    v_grad_norm        | 0.936      |
|    value_loss         | 17.6       |
--------------------------------------
--------------------------------------
| rollout/              |            |
|    ep_len_mean        | 500        |
|    ep_rew_mean        | -3.94e+03  |
| time/                 |            |
|    fps                | 9          |
|    iterations         | 3000       |
|    time_elapsed       | 2447       |
|    total_timesteps    | 24000      |
| train/                |            |
|    c_learning_rate    | 0.000499   |
|    d_grad_norm        | 1.04       |
|    d_learning_rate    | 0.00499    |
|    entropy_loss       | -2.18      |
|    explained_variance | -3.6229596 |
|    n_updates          | 2999       |
|    policy_loss        | 2.67       |
|    std                | 1.07       |
|    u_grad_norm        | 0.0131     |
|    u_learning_rate    | 0.000998   |
|    v_grad_norm        | 0.901      |
|    value_loss         | 2.25       |
--------------------------------------
--------------------------------------
| rollout/              |            |
|    ep_len_mean        | 500        |
|    ep_rew_mean        | -3.91e+03  |
| time/                 |            |
|    fps                | 9          |
|    iterations         | 3000       |
|    time_elapsed       | 2463       |
|    total_timesteps    | 24000      |
| train/                |            |
|    c_learning_rate    | 0.000499   |
|    d_grad_norm        | 1.11       |
|    d_learning_rate    | 0.00499    |
|    entropy_loss       | -2.79      |
|    explained_variance | 0.25558478 |
|    n_updates          | 2999       |
|    policy_loss        | 1.93       |
|    std                | 1.09       |
|    u_grad_norm        | 0.00397    |
|    u_learning_rate    | 0.000998   |
|    v_grad_norm        | 0.929      |
|    value_loss         | 1.77       |
--------------------------------------
-------------------------------------
| rollout/              |           |
|    ep_len_mean        | 500       |
|    ep_rew_mean        | -3.99e+03 |
| time/                 |           |
|    fps                | 9         |
|    iterations         | 3100      |
|    time_elapsed       | 2501      |
|    total_timesteps    | 24800     |
| train/                |           |
|    c_learning_rate    | 0.000499  |
|    d_grad_norm        | 0.984     |
|    d_learning_rate    | 0.00499   |
|    entropy_loss       | -1.5      |
|    explained_variance | -19.50406 |
|    n_updates          | 3099      |
|    policy_loss        | 2.71      |
|    std                | 1.02      |
|    u_grad_norm        | 0.025     |
|    u_learning_rate    | 0.000998  |
|    v_grad_norm        | 0.989     |
|    value_loss         | 5.28      |
-------------------------------------
-------------------------------------
| rollout/              |           |
|    ep_len_mean        | 500       |
|    ep_rew_mean        | -3.96e+03 |
| time/                 |           |
|    fps                | 9         |
|    iterations         | 3100      |
|    time_elapsed       | 2502      |
|    total_timesteps    | 24800     |
| train/                |           |
|    c_learning_rate    | 0.000499  |
|    d_grad_norm        | 0.931     |
|    d_learning_rate    | 0.00499   |
|    entropy_loss       | -3.11     |
|    explained_variance | 0.9269103 |
|    n_updates          | 3099      |
|    policy_loss        | -41.6     |
|    std                | 1.03      |
|    u_grad_norm        | 0.00632   |
|    u_learning_rate    | 0.000998  |
|    v_grad_norm        | 0.87      |
|    value_loss         | 246       |
-------------------------------------
-------------------------------------
| rollout/              |           |
|    ep_len_mean        | 500       |
|    ep_rew_mean        | -3.93e+03 |
| time/                 |           |
|    fps                | 9         |
|    iterations         | 3100      |
|    time_elapsed       | 2502      |
|    total_timesteps    | 24800     |
| train/                |           |
|    c_learning_rate    | 0.000499  |
|    d_grad_norm        | 0.869     |
|    d_learning_rate    | 0.00499   |
|    entropy_loss       | -4.21     |
|    explained_variance | -4.496526 |
|    n_updates          | 3099      |
|    policy_loss        | -44.8     |
|    std                | 1.06      |
|    u_grad_norm        | 0.00336   |
|    u_learning_rate    | 0.000998  |
|    v_grad_norm        | 0.833     |
|    value_loss         | 315       |
-------------------------------------
-------------------------------------
| rollout/              |           |
|    ep_len_mean        | 500       |
|    ep_rew_mean        | -4.03e+03 |
| time/                 |           |
|    fps                | 9         |
|    iterations         | 3100      |
|    time_elapsed       | 2502      |
|    total_timesteps    | 24800     |
| train/                |           |
|    c_learning_rate    | 0.000499  |
|    d_grad_norm        | 1.06      |
|    d_learning_rate    | 0.00499   |
|    entropy_loss       | -1.17     |
|    explained_variance | 0.8668517 |
|    n_updates          | 3099      |
|    policy_loss        | -27.2     |
|    std                | 1.01      |
|    u_grad_norm        | 0.0367    |
|    u_learning_rate    | 0.000998  |
|    v_grad_norm        | 0.981     |
|    value_loss         | 441       |
-------------------------------------
-------------------------------------
| rollout/              |           |
|    ep_len_mean        | 500       |
|    ep_rew_mean        | -3.91e+03 |
| time/                 |           |
|    fps                | 9         |
|    iterations         | 3100      |
|    time_elapsed       | 2502      |
|    total_timesteps    | 24800     |
| train/                |           |
|    c_learning_rate    | 0.000499  |
|    d_grad_norm        | 1.08      |
|    d_learning_rate    | 0.00499   |
|    entropy_loss       | -3        |
|    explained_variance | 0.8740021 |
|    n_updates          | 3099      |
|    policy_loss        | 6.76      |
|    std                | 1.03      |
|    u_grad_norm        | 0.0158    |
|    u_learning_rate    | 0.000998  |
|    v_grad_norm        | 0.938     |
|    value_loss         | 6.73      |
-------------------------------------
-------------------------------------
| rollout/              |           |
|    ep_len_mean        | 500       |
|    ep_rew_mean        | -3.93e+03 |
| time/                 |           |
|    fps                | 9         |
|    iterations         | 3100      |
|    time_elapsed       | 2502      |
|    total_timesteps    | 24800     |
| train/                |           |
|    c_learning_rate    | 0.000499  |
|    d_grad_norm        | 1.1       |
|    d_learning_rate    | 0.00499   |
|    entropy_loss       | -2.83     |
|    explained_variance | 0.6148882 |
|    n_updates          | 3099      |
|    policy_loss        | -4.65     |
|    std                | 1.05      |
|    u_grad_norm        | 0.0189    |
|    u_learning_rate    | 0.000998  |
|    v_grad_norm        | 0.921     |
|    value_loss         | 53        |
-------------------------------------
-------------------------------------
| rollout/              |           |
|    ep_len_mean        | 500       |
|    ep_rew_mean        | -4.04e+03 |
| time/                 |           |
|    fps                | 9         |
|    iterations         | 3100      |
|    time_elapsed       | 2503      |
|    total_timesteps    | 24800     |
| train/                |           |
|    c_learning_rate    | 0.000499  |
|    d_grad_norm        | 1.14      |
|    d_learning_rate    | 0.00499   |
|    entropy_loss       | -2.55     |
|    explained_variance | 0.5929126 |
|    n_updates          | 3099      |
|    policy_loss        | 6.13      |
|    std                | 1.05      |
|    u_grad_norm        | 0.0275    |
|    u_learning_rate    | 0.000998  |
|    v_grad_norm        | 0.913     |
|    value_loss         | 4.76      |
-------------------------------------
-------------------------------------
| rollout/              |           |
|    ep_len_mean        | 500       |
|    ep_rew_mean        | -4.14e+03 |
| time/                 |           |
|    fps                | 9         |
|    iterations         | 3100      |
|    time_elapsed       | 2508      |
|    total_timesteps    | 24800     |
| train/                |           |
|    c_learning_rate    | 0.000499  |
|    d_grad_norm        | 0.861     |
|    d_learning_rate    | 0.00499   |
|    entropy_loss       | -3.54     |
|    explained_variance | 0.9948797 |
|    n_updates          | 3099      |
|    policy_loss        | 3.97      |
|    std                | 1.01      |
|    u_grad_norm        | 0.00392   |
|    u_learning_rate    | 0.000998  |
|    v_grad_norm        | 0.87      |
|    value_loss         | 3.13      |
-------------------------------------
--------------------------------------
| rollout/              |            |
|    ep_len_mean        | 500        |
|    ep_rew_mean        | -3.92e+03  |
| time/                 |            |
|    fps                | 9          |
|    iterations         | 3100       |
|    time_elapsed       | 2528       |
|    total_timesteps    | 24800      |
| train/                |            |
|    c_learning_rate    | 0.000499   |
|    d_grad_norm        | 0.777      |
|    d_learning_rate    | 0.00499    |
|    entropy_loss       | -2.48      |
|    explained_variance | 0.70208997 |
|    n_updates          | 3099       |
|    policy_loss        | 14.9       |
|    std                | 1.07       |
|    u_grad_norm        | 0.00441    |
|    u_learning_rate    | 0.000998   |
|    v_grad_norm        | 0.803      |
|    value_loss         | 120        |
--------------------------------------
--------------------------------------
| rollout/              |            |
|    ep_len_mean        | 500        |
|    ep_rew_mean        | -3.91e+03  |
| time/                 |            |
|    fps                | 9          |
|    iterations         | 3100       |
|    time_elapsed       | 2548       |
|    total_timesteps    | 24800      |
| train/                |            |
|    c_learning_rate    | 0.000499   |
|    d_grad_norm        | 0.855      |
|    d_learning_rate    | 0.00499    |
|    entropy_loss       | -3.38      |
|    explained_variance | 0.59604406 |
|    n_updates          | 3099       |
|    policy_loss        | -89.5      |
|    std                | 1.09       |
|    u_grad_norm        | 0.0124     |
|    u_learning_rate    | 0.000998   |
|    v_grad_norm        | 0.835      |
|    value_loss         | 719        |
--------------------------------------
--------------------------------------
| rollout/              |            |
|    ep_len_mean        | 500        |
|    ep_rew_mean        | -3.95e+03  |
| time/                 |            |
|    fps                | 9          |
|    iterations         | 3200       |
|    time_elapsed       | 2576       |
|    total_timesteps    | 25600      |
| train/                |            |
|    c_learning_rate    | 0.000499   |
|    d_grad_norm        | 0.836      |
|    d_learning_rate    | 0.00499    |
|    entropy_loss       | -3.68      |
|    explained_variance | -5.0855484 |
|    n_updates          | 3199       |
|    policy_loss        | -79.9      |
|    std                | 1.02       |
|    u_grad_norm        | 0.00398    |
|    u_learning_rate    | 0.000997   |
|    v_grad_norm        | 0.839      |
|    value_loss         | 946        |
--------------------------------------
--------------------------------------
| rollout/              |            |
|    ep_len_mean        | 500        |
|    ep_rew_mean        | -3.93e+03  |
| time/                 |            |
|    fps                | 9          |
|    iterations         | 3200       |
|    time_elapsed       | 2576       |
|    total_timesteps    | 25600      |
| train/                |            |
|    c_learning_rate    | 0.000499   |
|    d_grad_norm        | 1.02       |
|    d_learning_rate    | 0.00499    |
|    entropy_loss       | -1.9       |
|    explained_variance | -0.6926265 |
|    n_updates          | 3199       |
|    policy_loss        | -2.67      |
|    std                | 1.04       |
|    u_grad_norm        | 0.0316     |
|    u_learning_rate    | 0.000997   |
|    v_grad_norm        | 0.949      |
|    value_loss         | 5.65       |
--------------------------------------
-------------------------------------
| rollout/              |           |
|    ep_len_mean        | 500       |
|    ep_rew_mean        | -4e+03    |
| time/                 |           |
|    fps                | 9         |
|    iterations         | 3200      |
|    time_elapsed       | 2577      |
|    total_timesteps    | 25600     |
| train/                |           |
|    c_learning_rate    | 0.000499  |
|    d_grad_norm        | 1.13      |
|    d_learning_rate    | 0.00499   |
|    entropy_loss       | -1.58     |
|    explained_variance | 0.8266059 |
|    n_updates          | 3199      |
|    policy_loss        | -18.2     |
|    std                | 1.01      |
|    u_grad_norm        | 0.0112    |
|    u_learning_rate    | 0.000997  |
|    v_grad_norm        | 1         |
|    value_loss         | 254       |
-------------------------------------
--------------------------------------
| rollout/              |            |
|    ep_len_mean        | 500        |
|    ep_rew_mean        | -3.89e+03  |
| time/                 |            |
|    fps                | 9          |
|    iterations         | 3200       |
|    time_elapsed       | 2577       |
|    total_timesteps    | 25600      |
| train/                |            |
|    c_learning_rate    | 0.000499   |
|    d_grad_norm        | 0.992      |
|    d_learning_rate    | 0.00499    |
|    entropy_loss       | -2.41      |
|    explained_variance | 0.09918851 |
|    n_updates          | 3199       |
|    policy_loss        | 19.5       |
|    std                | 1.05       |
|    u_grad_norm        | 0.000276   |
|    u_learning_rate    | 0.000997   |
|    v_grad_norm        | 0.976      |
|    value_loss         | 96.4       |
--------------------------------------
-------------------------------------
| rollout/              |           |
|    ep_len_mean        | 500       |
|    ep_rew_mean        | -3.92e+03 |
| time/                 |           |
|    fps                | 9         |
|    iterations         | 3200      |
|    time_elapsed       | 2577      |
|    total_timesteps    | 25600     |
| train/                |           |
|    c_learning_rate    | 0.000499  |
|    d_grad_norm        | 1.17      |
|    d_learning_rate    | 0.00499   |
|    entropy_loss       | -2.66     |
|    explained_variance | 0.5978557 |
|    n_updates          | 3199      |
|    policy_loss        | -12.4     |
|    std                | 1.06      |
|    u_grad_norm        | 0.00202   |
|    u_learning_rate    | 0.000997  |
|    v_grad_norm        | 1.05      |
|    value_loss         | 46.4      |
-------------------------------------
-------------------------------------
| rollout/              |           |
|    ep_len_mean        | 500       |
|    ep_rew_mean        | -3.88e+03 |
| time/                 |           |
|    fps                | 9         |
|    iterations         | 3200      |
|    time_elapsed       | 2578      |
|    total_timesteps    | 25600     |
| train/                |           |
|    c_learning_rate    | 0.000499  |
|    d_grad_norm        | 1.18      |
|    d_learning_rate    | 0.00499   |
|    entropy_loss       | -3.33     |
|    explained_variance | 0.6897197 |
|    n_updates          | 3199      |
|    policy_loss        | -23.3     |
|    std                | 1.03      |
|    u_grad_norm        | 0.00711   |
|    u_learning_rate    | 0.000997  |
|    v_grad_norm        | 0.979     |
|    value_loss         | 72.1      |
-------------------------------------
-------------------------------------
| rollout/              |           |
|    ep_len_mean        | 500       |
|    ep_rew_mean        | -4.05e+03 |
| time/                 |           |
|    fps                | 9         |
|    iterations         | 3200      |
|    time_elapsed       | 2579      |
|    total_timesteps    | 25600     |
| train/                |           |
|    c_learning_rate    | 0.000499  |
|    d_grad_norm        | 1.16      |
|    d_learning_rate    | 0.00499   |
|    entropy_loss       | -2.55     |
|    explained_variance | 0.9855189 |
|    n_updates          | 3199      |
|    policy_loss        | -0.318    |
|    std                | 1.05      |
|    u_grad_norm        | 0.00388   |
|    u_learning_rate    | 0.000997  |
|    v_grad_norm        | 0.891     |
|    value_loss         | 0.0299    |
-------------------------------------
-------------------------------------
| rollout/              |           |
|    ep_len_mean        | 500       |
|    ep_rew_mean        | -4.12e+03 |
| time/                 |           |
|    fps                | 9         |
|    iterations         | 3200      |
|    time_elapsed       | 2584      |
|    total_timesteps    | 25600     |
| train/                |           |
|    c_learning_rate    | 0.000499  |
|    d_grad_norm        | 0.844     |
|    d_learning_rate    | 0.00499   |
|    entropy_loss       | -3.16     |
|    explained_variance | 0.939098  |
|    n_updates          | 3199      |
|    policy_loss        | -6.68     |
|    std                | 1.01      |
|    u_grad_norm        | 0.0244    |
|    u_learning_rate    | 0.000997  |
|    v_grad_norm        | 0.863     |
|    value_loss         | 3.5       |
-------------------------------------
--------------------------------------
| rollout/              |            |
|    ep_len_mean        | 500        |
|    ep_rew_mean        | -3.89e+03  |
| time/                 |            |
|    fps                | 9          |
|    iterations         | 3200       |
|    time_elapsed       | 2609       |
|    total_timesteps    | 25600      |
| train/                |            |
|    c_learning_rate    | 0.000499   |
|    d_grad_norm        | 0.887      |
|    d_learning_rate    | 0.00499    |
|    entropy_loss       | -2.05      |
|    explained_variance | -2.7892845 |
|    n_updates          | 3199       |
|    policy_loss        | -14.9      |
|    std                | 1.07       |
|    u_grad_norm        | 0.00948    |
|    u_learning_rate    | 0.000997   |
|    v_grad_norm        | 0.779      |
|    value_loss         | 317        |
--------------------------------------
-------------------------------------
| rollout/              |           |
|    ep_len_mean        | 500       |
|    ep_rew_mean        | -3.91e+03 |
| time/                 |           |
|    fps                | 9         |
|    iterations         | 3200      |
|    time_elapsed       | 2630      |
|    total_timesteps    | 25600     |
| train/                |           |
|    c_learning_rate    | 0.000499  |
|    d_grad_norm        | 1.04      |
|    d_learning_rate    | 0.00499   |
|    entropy_loss       | -2.3      |
|    explained_variance | 0.836264  |
|    n_updates          | 3199      |
|    policy_loss        | -32.6     |
|    std                | 1.08      |
|    u_grad_norm        | 0.0132    |
|    u_learning_rate    | 0.000997  |
|    v_grad_norm        | 0.988     |
|    value_loss         | 377       |
-------------------------------------
-------------------------------------
| rollout/              |           |
|    ep_len_mean        | 500       |
|    ep_rew_mean        | -3.92e+03 |
| time/                 |           |
|    fps                | 9         |
|    iterations         | 3300      |
|    time_elapsed       | 2652      |
|    total_timesteps    | 26400     |
| train/                |           |
|    c_learning_rate    | 0.000499  |
|    d_grad_norm        | 0.956     |
|    d_learning_rate    | 0.00499   |
|    entropy_loss       | -2.25     |
|    explained_variance | 0.8965679 |
|    n_updates          | 3299      |
|    policy_loss        | -5.08     |
|    std                | 1.04      |
|    u_grad_norm        | 0.00266   |
|    u_learning_rate    | 0.000997  |
|    v_grad_norm        | 0.738     |
|    value_loss         | 12.1      |
-------------------------------------
-------------------------------------
| rollout/              |           |
|    ep_len_mean        | 500       |
|    ep_rew_mean        | -3.94e+03 |
| time/                 |           |
|    fps                | 9         |
|    iterations         | 3300      |
|    time_elapsed       | 2652      |
|    total_timesteps    | 26400     |
| train/                |           |
|    c_learning_rate    | 0.000499  |
|    d_grad_norm        | 0.92      |
|    d_learning_rate    | 0.00499   |
|    entropy_loss       | -2.86     |
|    explained_variance | 0.8532118 |
|    n_updates          | 3299      |
|    policy_loss        | -49.4     |
|    std                | 1.02      |
|    u_grad_norm        | 0.00286   |
|    u_learning_rate    | 0.000997  |
|    v_grad_norm        | 0.969     |
|    value_loss         | 318       |
-------------------------------------
-------------------------------------
| rollout/              |           |
|    ep_len_mean        | 500       |
|    ep_rew_mean        | -3.87e+03 |
| time/                 |           |
|    fps                | 9         |
|    iterations         | 3300      |
|    time_elapsed       | 2653      |
|    total_timesteps    | 26400     |
| train/                |           |
|    c_learning_rate    | 0.000499  |
|    d_grad_norm        | 0.874     |
|    d_learning_rate    | 0.00499   |
|    entropy_loss       | -2.6      |
|    explained_variance | 0.9799132 |
|    n_updates          | 3299      |
|    policy_loss        | 12.4      |
|    std                | 1.06      |
|    u_grad_norm        | 0.00426   |
|    u_learning_rate    | 0.000997  |
|    v_grad_norm        | 0.93      |
|    value_loss         | 32.5      |
-------------------------------------
--------------------------------------
| rollout/              |            |
|    ep_len_mean        | 500        |
|    ep_rew_mean        | -3.98e+03  |
| time/                 |            |
|    fps                | 9          |
|    iterations         | 3300       |
|    time_elapsed       | 2653       |
|    total_timesteps    | 26400      |
| train/                |            |
|    c_learning_rate    | 0.000499   |
|    d_grad_norm        | 1.08       |
|    d_learning_rate    | 0.00499    |
|    entropy_loss       | -1.67      |
|    explained_variance | 0.84855926 |
|    n_updates          | 3299       |
|    policy_loss        | -16.8      |
|    std                | 1.01       |
|    u_grad_norm        | 0.00325    |
|    u_learning_rate    | 0.000997   |
|    v_grad_norm        | 0.929      |
|    value_loss         | 152        |
--------------------------------------
-------------------------------------
| rollout/              |           |
|    ep_len_mean        | 500       |
|    ep_rew_mean        | -3.9e+03  |
| time/                 |           |
|    fps                | 9         |
|    iterations         | 3300      |
|    time_elapsed       | 2653      |
|    total_timesteps    | 26400     |
| train/                |           |
|    c_learning_rate    | 0.000499  |
|    d_grad_norm        | 1.08      |
|    d_learning_rate    | 0.00499   |
|    entropy_loss       | -3.12     |
|    explained_variance | -3.227263 |
|    n_updates          | 3299      |
|    policy_loss        | -3.84     |
|    std                | 1.06      |
|    u_grad_norm        | 0.00854   |
|    u_learning_rate    | 0.000997  |
|    v_grad_norm        | 0.888     |
|    value_loss         | 3.15      |
-------------------------------------
-------------------------------------
| rollout/              |           |
|    ep_len_mean        | 500       |
|    ep_rew_mean        | -3.87e+03 |
| time/                 |           |
|    fps                | 9         |
|    iterations         | 3300      |
|    time_elapsed       | 2654      |
|    total_timesteps    | 26400     |
| train/                |           |
|    c_learning_rate    | 0.000499  |
|    d_grad_norm        | 0.889     |
|    d_learning_rate    | 0.00499   |
|    entropy_loss       | -2.53     |
|    explained_variance | 0.9624559 |
|    n_updates          | 3299      |
|    policy_loss        | -19.9     |
|    std                | 1.04      |
|    u_grad_norm        | 0.00349   |
|    u_learning_rate    | 0.000997  |
|    v_grad_norm        | 0.798     |
|    value_loss         | 99.6      |
-------------------------------------
-------------------------------------
| rollout/              |           |
|    ep_len_mean        | 500       |
|    ep_rew_mean        | -4.05e+03 |
| time/                 |           |
|    fps                | 9         |
|    iterations         | 3300      |
|    time_elapsed       | 2655      |
|    total_timesteps    | 26400     |
| train/                |           |
|    c_learning_rate    | 0.000499  |
|    d_grad_norm        | 1.01      |
|    d_learning_rate    | 0.00499   |
|    entropy_loss       | -2.49     |
|    explained_variance | -1.631253 |
|    n_updates          | 3299      |
|    policy_loss        | -10.5     |
|    std                | 1.04      |
|    u_grad_norm        | 0.00373   |
|    u_learning_rate    | 0.000997  |
|    v_grad_norm        | 0.97      |
|    value_loss         | 28.5      |
-------------------------------------
---------------------------------------
| rollout/              |             |
|    ep_len_mean        | 500         |
|    ep_rew_mean        | -4.1e+03    |
| time/                 |             |
|    fps                | 9           |
|    iterations         | 3300        |
|    time_elapsed       | 2661        |
|    total_timesteps    | 26400       |
| train/                |             |
|    c_learning_rate    | 0.000499    |
|    d_grad_norm        | 1.14        |
|    d_learning_rate    | 0.00499     |
|    entropy_loss       | -1.92       |
|    explained_variance | 0.024272144 |
|    n_updates          | 3299        |
|    policy_loss        | 3.29        |
|    std                | 1.03        |
|    u_grad_norm        | 0.0121      |
|    u_learning_rate    | 0.000997    |
|    v_grad_norm        | 0.929       |
|    value_loss         | 7.97        |
---------------------------------------
-------------------------------------
| rollout/              |           |
|    ep_len_mean        | 500       |
|    ep_rew_mean        | -3.87e+03 |
| time/                 |           |
|    fps                | 9         |
|    iterations         | 3300      |
|    time_elapsed       | 2692      |
|    total_timesteps    | 26400     |
| train/                |           |
|    c_learning_rate    | 0.000499  |
|    d_grad_norm        | 1.1       |
|    d_learning_rate    | 0.00499   |
|    entropy_loss       | -1.93     |
|    explained_variance | 0.3390156 |
|    n_updates          | 3299      |
|    policy_loss        | 6.88      |
|    std                | 1.07      |
|    u_grad_norm        | 0.0346    |
|    u_learning_rate    | 0.000997  |
|    v_grad_norm        | 0.931     |
|    value_loss         | 6.56      |
-------------------------------------
--------------------------------------
| rollout/              |            |
|    ep_len_mean        | 500        |
|    ep_rew_mean        | -3.89e+03  |
| time/                 |            |
|    fps                | 9          |
|    iterations         | 3300       |
|    time_elapsed       | 2712       |
|    total_timesteps    | 26400      |
| train/                |            |
|    c_learning_rate    | 0.000499   |
|    d_grad_norm        | 0.972      |
|    d_learning_rate    | 0.00499    |
|    entropy_loss       | -2.44      |
|    explained_variance | 0.66399527 |
|    n_updates          | 3299       |
|    policy_loss        | 15         |
|    std                | 1.08       |
|    u_grad_norm        | 0.0045     |
|    u_learning_rate    | 0.000997   |
|    v_grad_norm        | 0.826      |
|    value_loss         | 65.7       |
--------------------------------------
--------------------------------------
| rollout/              |            |
|    ep_len_mean        | 500        |
|    ep_rew_mean        | -3.89e+03  |
| time/                 |            |
|    fps                | 9          |
|    iterations         | 3400       |
|    time_elapsed       | 2727       |
|    total_timesteps    | 27200      |
| train/                |            |
|    c_learning_rate    | 0.000499   |
|    d_grad_norm        | 0.885      |
|    d_learning_rate    | 0.00499    |
|    entropy_loss       | -3.79      |
|    explained_variance | 0.27249736 |
|    n_updates          | 3399       |
|    policy_loss        | -4.09      |
|    std                | 1.04       |
|    u_grad_norm        | 0.00302    |
|    u_learning_rate    | 0.000997   |
|    v_grad_norm        | 1.02       |
|    value_loss         | 19.5       |
--------------------------------------
-------------------------------------
| rollout/              |           |
|    ep_len_mean        | 500       |
|    ep_rew_mean        | -3.91e+03 |
| time/                 |           |
|    fps                | 9         |
|    iterations         | 3400      |
|    time_elapsed       | 2727      |
|    total_timesteps    | 27200     |
| train/                |           |
|    c_learning_rate    | 0.000499  |
|    d_grad_norm        | 0.768     |
|    d_learning_rate    | 0.00499   |
|    entropy_loss       | -3.03     |
|    explained_variance | 0.9741002 |
|    n_updates          | 3399      |
|    policy_loss        | 15.2      |
|    std                | 1.02      |
|    u_grad_norm        | 0.012     |
|    u_learning_rate    | 0.000997  |
|    v_grad_norm        | 0.822     |
|    value_loss         | 29.1      |
-------------------------------------
-------------------------------------
| rollout/              |           |
|    ep_len_mean        | 500       |
|    ep_rew_mean        | -3.84e+03 |
| time/                 |           |
|    fps                | 9         |
|    iterations         | 3400      |
|    time_elapsed       | 2728      |
|    total_timesteps    | 27200     |
| train/                |           |
|    c_learning_rate    | 0.000499  |
|    d_grad_norm        | 1.12      |
|    d_learning_rate    | 0.00499   |
|    entropy_loss       | -2.18     |
|    explained_variance | 0.8979481 |
|    n_updates          | 3399      |
|    policy_loss        | -0.903    |
|    std                | 1.06      |
|    u_grad_norm        | 0.0267    |
|    u_learning_rate    | 0.000997  |
|    v_grad_norm        | 0.932     |
|    value_loss         | 0.26      |
-------------------------------------
--------------------------------------
| rollout/              |            |
|    ep_len_mean        | 500        |
|    ep_rew_mean        | -3.98e+03  |
| time/                 |            |
|    fps                | 9          |
|    iterations         | 3400       |
|    time_elapsed       | 2728       |
|    total_timesteps    | 27200      |
| train/                |            |
|    c_learning_rate    | 0.000499   |
|    d_grad_norm        | 1.15       |
|    d_learning_rate    | 0.00499    |
|    entropy_loss       | -1.61      |
|    explained_variance | -1.5531147 |
|    n_updates          | 3399       |
|    policy_loss        | -7.29      |
|    std                | 1.02       |
|    u_grad_norm        | 0.0539     |
|    u_learning_rate    | 0.000997   |
|    v_grad_norm        | 0.866      |
|    value_loss         | 72.8       |
--------------------------------------
--------------------------------------
| rollout/              |            |
|    ep_len_mean        | 500        |
|    ep_rew_mean        | -3.9e+03   |
| time/                 |            |
|    fps                | 9          |
|    iterations         | 3400       |
|    time_elapsed       | 2729       |
|    total_timesteps    | 27200      |
| train/                |            |
|    c_learning_rate    | 0.000499   |
|    d_grad_norm        | 0.99       |
|    d_learning_rate    | 0.00499    |
|    entropy_loss       | -2.55      |
|    explained_variance | 0.38450474 |
|    n_updates          | 3399       |
|    policy_loss        | -24.6      |
|    std                | 1.06       |
|    u_grad_norm        | 0.00613    |
|    u_learning_rate    | 0.000997   |
|    v_grad_norm        | 0.96       |
|    value_loss         | 173        |
--------------------------------------
--------------------------------------
| rollout/              |            |
|    ep_len_mean        | 500        |
|    ep_rew_mean        | -3.85e+03  |
| time/                 |            |
|    fps                | 9          |
|    iterations         | 3400       |
|    time_elapsed       | 2729       |
|    total_timesteps    | 27200      |
| train/                |            |
|    c_learning_rate    | 0.000499   |
|    d_grad_norm        | 1.14       |
|    d_learning_rate    | 0.00499    |
|    entropy_loss       | -3.09      |
|    explained_variance | -35.477272 |
|    n_updates          | 3399       |
|    policy_loss        | -29.5      |
|    std                | 1.04       |
|    u_grad_norm        | 0.0042     |
|    u_learning_rate    | 0.000997   |
|    v_grad_norm        | 0.932      |
|    value_loss         | 96.3       |
--------------------------------------
-------------------------------------
| rollout/              |           |
|    ep_len_mean        | 500       |
|    ep_rew_mean        | -4.04e+03 |
| time/                 |           |
|    fps                | 9         |
|    iterations         | 3400      |
|    time_elapsed       | 2731      |
|    total_timesteps    | 27200     |
| train/                |           |
|    c_learning_rate    | 0.000499  |
|    d_grad_norm        | 1.17      |
|    d_learning_rate    | 0.00499   |
|    entropy_loss       | -2.75     |
|    explained_variance | 0.7447835 |
|    n_updates          | 3399      |
|    policy_loss        | 0.969     |
|    std                | 1.04      |
|    u_grad_norm        | 0.00331   |
|    u_learning_rate    | 0.000997  |
|    v_grad_norm        | 0.938     |
|    value_loss         | 0.195     |
-------------------------------------
-------------------------------------
| rollout/              |           |
|    ep_len_mean        | 500       |
|    ep_rew_mean        | -4.07e+03 |
| time/                 |           |
|    fps                | 9         |
|    iterations         | 3400      |
|    time_elapsed       | 2739      |
|    total_timesteps    | 27200     |
| train/                |           |
|    c_learning_rate    | 0.000499  |
|    d_grad_norm        | 1.05      |
|    d_learning_rate    | 0.00499   |
|    entropy_loss       | -1.68     |
|    explained_variance | 0.9055515 |
|    n_updates          | 3399      |
|    policy_loss        | 4.79      |
|    std                | 1.03      |
|    u_grad_norm        | 0.0438    |
|    u_learning_rate    | 0.000997  |
|    v_grad_norm        | 0.93      |
|    value_loss         | 3.35      |
-------------------------------------
-------------------------------------
| rollout/              |           |
|    ep_len_mean        | 500       |
|    ep_rew_mean        | -3.86e+03 |
| time/                 |           |
|    fps                | 10        |
|    iterations         | 3500      |
|    time_elapsed       | 2766      |
|    total_timesteps    | 28000     |
| train/                |           |
|    c_learning_rate    | 0.000499  |
|    d_grad_norm        | 0.944     |
|    d_learning_rate    | 0.00499   |
|    entropy_loss       | -3.24     |
|    explained_variance | 0.9950191 |
|    n_updates          | 3499      |
|    policy_loss        | -6.85     |
|    std                | 1.04      |
|    u_grad_norm        | 0.00573   |
|    u_learning_rate    | 0.000997  |
|    v_grad_norm        | 0.806     |
|    value_loss         | 6.3       |
-------------------------------------
--------------------------------------
| rollout/              |            |
|    ep_len_mean        | 500        |
|    ep_rew_mean        | -3.87e+03  |
| time/                 |            |
|    fps                | 10         |
|    iterations         | 3500       |
|    time_elapsed       | 2766       |
|    total_timesteps    | 28000      |
| train/                |            |
|    c_learning_rate    | 0.000499   |
|    d_grad_norm        | 0.893      |
|    d_learning_rate    | 0.00499    |
|    entropy_loss       | -3.35      |
|    explained_variance | -7.9028587 |
|    n_updates          | 3499       |
|    policy_loss        | -13.6      |
|    std                | 1.02       |
|    u_grad_norm        | 0.00357    |
|    u_learning_rate    | 0.000997   |
|    v_grad_norm        | 0.777      |
|    value_loss         | 70.4       |
--------------------------------------
--------------------------------------
| rollout/              |            |
|    ep_len_mean        | 500        |
|    ep_rew_mean        | -3.82e+03  |
| time/                 |            |
|    fps                | 10         |
|    iterations         | 3500       |
|    time_elapsed       | 2766       |
|    total_timesteps    | 28000      |
| train/                |            |
|    c_learning_rate    | 0.000499   |
|    d_grad_norm        | 0.874      |
|    d_learning_rate    | 0.00499    |
|    entropy_loss       | -2.96      |
|    explained_variance | 0.95034426 |
|    n_updates          | 3499       |
|    policy_loss        | -17.1      |
|    std                | 1.07       |
|    u_grad_norm        | 0.00401    |
|    u_learning_rate    | 0.000997   |
|    v_grad_norm        | 0.866      |
|    value_loss         | 55.3       |
--------------------------------------
-------------------------------------
| rollout/              |           |
|    ep_len_mean        | 500       |
|    ep_rew_mean        | -3.95e+03 |
| time/                 |           |
|    fps                | 10        |
|    iterations         | 3500      |
|    time_elapsed       | 2767      |
|    total_timesteps    | 28000     |
| train/                |           |
|    c_learning_rate    | 0.000499  |
|    d_grad_norm        | 0.902     |
|    d_learning_rate    | 0.00499   |
|    entropy_loss       | -1.62     |
|    explained_variance | 0.8284742 |
|    n_updates          | 3499      |
|    policy_loss        | -9.78     |
|    std                | 1.02      |
|    u_grad_norm        | 0.0101    |
|    u_learning_rate    | 0.000997  |
|    v_grad_norm        | 0.853     |
|    value_loss         | 66.2      |
-------------------------------------
--------------------------------------
| rollout/              |            |
|    ep_len_mean        | 500        |
|    ep_rew_mean        | -3.84e+03  |
| time/                 |            |
|    fps                | 10         |
|    iterations         | 3500       |
|    time_elapsed       | 2767       |
|    total_timesteps    | 28000      |
| train/                |            |
|    c_learning_rate    | 0.000499   |
|    d_grad_norm        | 0.904      |
|    d_learning_rate    | 0.00499    |
|    entropy_loss       | -2.91      |
|    explained_variance | 0.67332524 |
|    n_updates          | 3499       |
|    policy_loss        | -2.1       |
|    std                | 1.05       |
|    u_grad_norm        | 0.00197    |
|    u_learning_rate    | 0.000997   |
|    v_grad_norm        | 0.847      |
|    value_loss         | 12.9       |
--------------------------------------
-------------------------------------
| rollout/              |           |
|    ep_len_mean        | 500       |
|    ep_rew_mean        | -3.87e+03 |
| time/                 |           |
|    fps                | 10        |
|    iterations         | 3500      |
|    time_elapsed       | 2767      |
|    total_timesteps    | 28000     |
| train/                |           |
|    c_learning_rate    | 0.000499  |
|    d_grad_norm        | 1.17      |
|    d_learning_rate    | 0.00499   |
|    entropy_loss       | -2.68     |
|    explained_variance | 0.6677817 |
|    n_updates          | 3499      |
|    policy_loss        | -17       |
|    std                | 1.07      |
|    u_grad_norm        | 0.0357    |
|    u_learning_rate    | 0.000997  |
|    v_grad_norm        | 0.922     |
|    value_loss         | 62        |
-------------------------------------
-------------------------------------
| rollout/              |           |
|    ep_len_mean        | 500       |
|    ep_rew_mean        | -4.02e+03 |
| time/                 |           |
|    fps                | 10        |
|    iterations         | 3500      |
|    time_elapsed       | 2769      |
|    total_timesteps    | 28000     |
| train/                |           |
|    c_learning_rate    | 0.000499  |
|    d_grad_norm        | 0.792     |
|    d_learning_rate    | 0.00499   |
|    entropy_loss       | -2.61     |
|    explained_variance | 0.9217909 |
|    n_updates          | 3499      |
|    policy_loss        | 19.6      |
|    std                | 1.04      |
|    u_grad_norm        | 0.00412   |
|    u_learning_rate    | 0.000997  |
|    v_grad_norm        | 0.877     |
|    value_loss         | 95.7      |
-------------------------------------
--------------------------------------
| rollout/              |            |
|    ep_len_mean        | 500        |
|    ep_rew_mean        | -4.07e+03  |
| time/                 |            |
|    fps                | 10         |
|    iterations         | 3500       |
|    time_elapsed       | 2777       |
|    total_timesteps    | 28000      |
| train/                |            |
|    c_learning_rate    | 0.000499   |
|    d_grad_norm        | 1.08       |
|    d_learning_rate    | 0.00499    |
|    entropy_loss       | -2.28      |
|    explained_variance | 0.94957757 |
|    n_updates          | 3499       |
|    policy_loss        | -1.74      |
|    std                | 1.05       |
|    u_grad_norm        | 0.0106     |
|    u_learning_rate    | 0.000997   |
|    v_grad_norm        | 0.966      |
|    value_loss         | 1.5        |
--------------------------------------
-------------------------------------
| rollout/              |           |
|    ep_len_mean        | 500       |
|    ep_rew_mean        | -3.85e+03 |
| time/                 |           |
|    fps                | 9         |
|    iterations         | 3400      |
|    time_elapsed       | 2777      |
|    total_timesteps    | 27200     |
| train/                |           |
|    c_learning_rate    | 0.000499  |
|    d_grad_norm        | 1.12      |
|    d_learning_rate    | 0.00499   |
|    entropy_loss       | -2.15     |
|    explained_variance | 0.6026607 |
|    n_updates          | 3399      |
|    policy_loss        | 8.54      |
|    std                | 1.07      |
|    u_grad_norm        | 0.0531    |
|    u_learning_rate    | 0.000997  |
|    v_grad_norm        | 0.922     |
|    value_loss         | 6.4       |
-------------------------------------
--------------------------------------
| rollout/              |            |
|    ep_len_mean        | 500        |
|    ep_rew_mean        | -3.88e+03  |
| time/                 |            |
|    fps                | 9          |
|    iterations         | 3400       |
|    time_elapsed       | 2792       |
|    total_timesteps    | 27200      |
| train/                |            |
|    c_learning_rate    | 0.000499   |
|    d_grad_norm        | 0.983      |
|    d_learning_rate    | 0.00499    |
|    entropy_loss       | -3.45      |
|    explained_variance | 0.95104104 |
|    n_updates          | 3399       |
|    policy_loss        | 18.6       |
|    std                | 1.09       |
|    u_grad_norm        | 0.00194    |
|    u_learning_rate    | 0.000997   |
|    v_grad_norm        | 0.854      |
|    value_loss         | 44.5       |
--------------------------------------
-------------------------------------
| rollout/              |           |
|    ep_len_mean        | 500       |
|    ep_rew_mean        | -3.86e+03 |
| time/                 |           |
|    fps                | 9         |
|    iterations         | 3500      |
|    time_elapsed       | 2810      |
|    total_timesteps    | 28000     |
| train/                |           |
|    c_learning_rate    | 0.000499  |
|    d_grad_norm        | 0.952     |
|    d_learning_rate    | 0.00499   |
|    entropy_loss       | -2.83     |
|    explained_variance | 0.9106968 |
|    n_updates          | 3499      |
|    policy_loss        | 8.68      |
|    std                | 1.07      |
|    u_grad_norm        | 0.00298   |
|    u_learning_rate    | 0.000997  |
|    v_grad_norm        | 0.926     |
|    value_loss         | 17.3      |
-------------------------------------
-------------------------------------
| rollout/              |           |
|    ep_len_mean        | 500       |
|    ep_rew_mean        | -3.85e+03 |
| time/                 |           |
|    fps                | 9         |
|    iterations         | 3500      |
|    time_elapsed       | 2829      |
|    total_timesteps    | 28000     |
| train/                |           |
|    c_learning_rate    | 0.000499  |
|    d_grad_norm        | 1.17      |
|    d_learning_rate    | 0.00499   |
|    entropy_loss       | -2.66     |
|    explained_variance | 0.9251285 |
|    n_updates          | 3499      |
|    policy_loss        | -19.7     |
|    std                | 1.1       |
|    u_grad_norm        | 0.0147    |
|    u_learning_rate    | 0.000997  |
|    v_grad_norm        | 1         |
|    value_loss         | 77        |
-------------------------------------
--------------------------------------
| rollout/              |            |
|    ep_len_mean        | 500        |
|    ep_rew_mean        | -3.85e+03  |
| time/                 |            |
|    fps                | 10         |
|    iterations         | 3600       |
|    time_elapsed       | 2841       |
|    total_timesteps    | 28800      |
| train/                |            |
|    c_learning_rate    | 0.000499   |
|    d_grad_norm        | 0.788      |
|    d_learning_rate    | 0.00499    |
|    entropy_loss       | -3.11      |
|    explained_variance | 0.20886701 |
|    n_updates          | 3599       |
|    policy_loss        | 19.3       |
|    std                | 1.02       |
|    u_grad_norm        | 0.00483    |
|    u_learning_rate    | 0.000997   |
|    v_grad_norm        | 0.798      |
|    value_loss         | 66.1       |
--------------------------------------
--------------------------------------
| rollout/              |            |
|    ep_len_mean        | 500        |
|    ep_rew_mean        | -3.85e+03  |
| time/                 |            |
|    fps                | 10         |
|    iterations         | 3600       |
|    time_elapsed       | 2841       |
|    total_timesteps    | 28800      |
| train/                |            |
|    c_learning_rate    | 0.000499   |
|    d_grad_norm        | 1.11       |
|    d_learning_rate    | 0.00499    |
|    entropy_loss       | -2.72      |
|    explained_variance | 0.93495375 |
|    n_updates          | 3599       |
|    policy_loss        | -2.31      |
|    std                | 1.05       |
|    u_grad_norm        | 0.0219     |
|    u_learning_rate    | 0.000997   |
|    v_grad_norm        | 0.969      |
|    value_loss         | 10.3       |
--------------------------------------
-------------------------------------
| rollout/              |           |
|    ep_len_mean        | 500       |
|    ep_rew_mean        | -3.81e+03 |
| time/                 |           |
|    fps                | 10        |
|    iterations         | 3600      |
|    time_elapsed       | 2842      |
|    total_timesteps    | 28800     |
| train/                |           |
|    c_learning_rate    | 0.000499  |
|    d_grad_norm        | 1.16      |
|    d_learning_rate    | 0.00499   |
|    entropy_loss       | -2.39     |
|    explained_variance | 0.7272693 |
|    n_updates          | 3599      |
|    policy_loss        | 3.77      |
|    std                | 1.08      |
|    u_grad_norm        | 0.00503   |
|    u_learning_rate    | 0.000997  |
|    v_grad_norm        | 0.929     |
|    value_loss         | 4.59      |
-------------------------------------
--------------------------------------
| rollout/              |            |
|    ep_len_mean        | 500        |
|    ep_rew_mean        | -3.94e+03  |
| time/                 |            |
|    fps                | 10         |
|    iterations         | 3600       |
|    time_elapsed       | 2843       |
|    total_timesteps    | 28800      |
| train/                |            |
|    c_learning_rate    | 0.000499   |
|    d_grad_norm        | 0.817      |
|    d_learning_rate    | 0.00499    |
|    entropy_loss       | -2.35      |
|    explained_variance | 0.94261783 |
|    n_updates          | 3599       |
|    policy_loss        | 18.3       |
|    std                | 1.02       |
|    u_grad_norm        | 0.0036     |
|    u_learning_rate    | 0.000997   |
|    v_grad_norm        | 0.86       |
|    value_loss         | 104        |
--------------------------------------
--------------------------------------
| rollout/              |            |
|    ep_len_mean        | 500        |
|    ep_rew_mean        | -3.87e+03  |
| time/                 |            |
|    fps                | 10         |
|    iterations         | 3600       |
|    time_elapsed       | 2844       |
|    total_timesteps    | 28800      |
| train/                |            |
|    c_learning_rate    | 0.000499   |
|    d_grad_norm        | 1.03       |
|    d_learning_rate    | 0.00499    |
|    entropy_loss       | -3.48      |
|    explained_variance | 0.95089954 |
|    n_updates          | 3599       |
|    policy_loss        | -1.66      |
|    std                | 1.06       |
|    u_grad_norm        | 0.00948    |
|    u_learning_rate    | 0.000997   |
|    v_grad_norm        | 0.925      |
|    value_loss         | 0.79       |
--------------------------------------
-------------------------------------
| rollout/              |           |
|    ep_len_mean        | 500       |
|    ep_rew_mean        | -3.83e+03 |
| time/                 |           |
|    fps                | 10        |
|    iterations         | 3600      |
|    time_elapsed       | 2844      |
|    total_timesteps    | 28800     |
| train/                |           |
|    c_learning_rate    | 0.000499  |
|    d_grad_norm        | 1         |
|    d_learning_rate    | 0.00499   |
|    entropy_loss       | -2.96     |
|    explained_variance | 0.9668668 |
|    n_updates          | 3599      |
|    policy_loss        | -1.65     |
|    std                | 1.05      |
|    u_grad_norm        | 0.00538   |
|    u_learning_rate    | 0.000997  |
|    v_grad_norm        | 0.89      |
|    value_loss         | 0.782     |
-------------------------------------
-------------------------------------
| rollout/              |           |
|    ep_len_mean        | 500       |
|    ep_rew_mean        | -4.01e+03 |
| time/                 |           |
|    fps                | 10        |
|    iterations         | 3600      |
|    time_elapsed       | 2847      |
|    total_timesteps    | 28800     |
| train/                |           |
|    c_learning_rate    | 0.000499  |
|    d_grad_norm        | 1.12      |
|    d_learning_rate    | 0.00499   |
|    entropy_loss       | -2.98     |
|    explained_variance | 0.9948557 |
|    n_updates          | 3599      |
|    policy_loss        | -3.58     |
|    std                | 1.03      |
|    u_grad_norm        | 0.0242    |
|    u_learning_rate    | 0.000997  |
|    v_grad_norm        | 0.962     |
|    value_loss         | 1.03      |
-------------------------------------
--------------------------------------
| rollout/              |            |
|    ep_len_mean        | 500        |
|    ep_rew_mean        | -4.05e+03  |
| time/                 |            |
|    fps                | 10         |
|    iterations         | 3600       |
|    time_elapsed       | 2856       |
|    total_timesteps    | 28800      |
| train/                |            |
|    c_learning_rate    | 0.000499   |
|    d_grad_norm        | 0.848      |
|    d_learning_rate    | 0.00499    |
|    entropy_loss       | -3.25      |
|    explained_variance | 0.91533905 |
|    n_updates          | 3599       |
|    policy_loss        | -11.8      |
|    std                | 1.04       |
|    u_grad_norm        | 0.00893    |
|    u_learning_rate    | 0.000997   |
|    v_grad_norm        | 0.884      |
|    value_loss         | 21.7       |
--------------------------------------
-------------------------------------
| rollout/              |           |
|    ep_len_mean        | 500       |
|    ep_rew_mean        | -3.84e+03 |
| time/                 |           |
|    fps                | 9         |
|    iterations         | 3600      |
|    time_elapsed       | 2892      |
|    total_timesteps    | 28800     |
| train/                |           |
|    c_learning_rate    | 0.000499  |
|    d_grad_norm        | 1.08      |
|    d_learning_rate    | 0.00499   |
|    entropy_loss       | -0.988    |
|    explained_variance | 0.9487516 |
|    n_updates          | 3599      |
|    policy_loss        | -15.4     |
|    std                | 1.07      |
|    u_grad_norm        | 0.0513    |
|    u_learning_rate    | 0.000997  |
|    v_grad_norm        | 0.964     |
|    value_loss         | 219       |
-------------------------------------
--------------------------------------
| rollout/              |            |
|    ep_len_mean        | 500        |
|    ep_rew_mean        | -3.84e+03  |
| time/                 |            |
|    fps                | 9          |
|    iterations         | 3600       |
|    time_elapsed       | 2907       |
|    total_timesteps    | 28800      |
| train/                |            |
|    c_learning_rate    | 0.000499   |
|    d_grad_norm        | 1.1        |
|    d_learning_rate    | 0.00499    |
|    entropy_loss       | -2.12      |
|    explained_variance | 0.58660924 |
|    n_updates          | 3599       |
|    policy_loss        | -13.6      |
|    std                | 1.1        |
|    u_grad_norm        | 0.0169     |
|    u_learning_rate    | 0.000997   |
|    v_grad_norm        | 1          |
|    value_loss         | 83.3       |
--------------------------------------
--------------------------------------
| rollout/              |            |
|    ep_len_mean        | 500        |
|    ep_rew_mean        | -3.84e+03  |
| time/                 |            |
|    fps                | 10         |
|    iterations         | 3700       |
|    time_elapsed       | 2917       |
|    total_timesteps    | 29600      |
| train/                |            |
|    c_learning_rate    | 0.000499   |
|    d_grad_norm        | 0.896      |
|    d_learning_rate    | 0.00499    |
|    entropy_loss       | -2.41      |
|    explained_variance | 0.98015594 |
|    n_updates          | 3699       |
|    policy_loss        | 0.407      |
|    std                | 1.02       |
|    u_grad_norm        | 0.0239     |
|    u_learning_rate    | 0.000997   |
|    v_grad_norm        | 0.866      |
|    value_loss         | 1.17       |
--------------------------------------
-------------------------------------
| rollout/              |           |
|    ep_len_mean        | 500       |
|    ep_rew_mean        | -3.79e+03 |
| time/                 |           |
|    fps                | 10        |
|    iterations         | 3700      |
|    time_elapsed       | 2918      |
|    total_timesteps    | 29600     |
| train/                |           |
|    c_learning_rate    | 0.000499  |
|    d_grad_norm        | 1.14      |
|    d_learning_rate    | 0.00499   |
|    entropy_loss       | -2.35     |
|    explained_variance | 0.5508584 |
|    n_updates          | 3699      |
|    policy_loss        | 7.64      |
|    std                | 1.08      |
|    u_grad_norm        | 0.0982    |
|    u_learning_rate    | 0.000997  |
|    v_grad_norm        | 0.952     |
|    value_loss         | 5.7       |
-------------------------------------
--------------------------------------
| rollout/              |            |
|    ep_len_mean        | 500        |
|    ep_rew_mean        | -3.82e+03  |
| time/                 |            |
|    fps                | 10         |
|    iterations         | 3700       |
|    time_elapsed       | 2918       |
|    total_timesteps    | 29600      |
| train/                |            |
|    c_learning_rate    | 0.000499   |
|    d_grad_norm        | 0.913      |
|    d_learning_rate    | 0.00499    |
|    entropy_loss       | -3.2       |
|    explained_variance | 0.90831137 |
|    n_updates          | 3699       |
|    policy_loss        | 0.16       |
|    std                | 1.05       |
|    u_grad_norm        | 0.00631    |
|    u_learning_rate    | 0.000997   |
|    v_grad_norm        | 0.812      |
|    value_loss         | 2.69       |
--------------------------------------
-------------------------------------
| rollout/              |           |
|    ep_len_mean        | 500       |
|    ep_rew_mean        | -3.9e+03  |
| time/                 |           |
|    fps                | 10        |
|    iterations         | 3700      |
|    time_elapsed       | 2919      |
|    total_timesteps    | 29600     |
| train/                |           |
|    c_learning_rate    | 0.000499  |
|    d_grad_norm        | 0.818     |
|    d_learning_rate    | 0.00499   |
|    entropy_loss       | -1.81     |
|    explained_variance | 0.7455145 |
|    n_updates          | 3699      |
|    policy_loss        | -18.1     |
|    std                | 1.01      |
|    u_grad_norm        | 0.0618    |
|    u_learning_rate    | 0.000997  |
|    v_grad_norm        | 0.996     |
|    value_loss         | 67.1      |
-------------------------------------
--------------------------------------
| rollout/              |            |
|    ep_len_mean        | 500        |
|    ep_rew_mean        | -3.82e+03  |
| time/                 |            |
|    fps                | 10         |
|    iterations         | 3700       |
|    time_elapsed       | 2920       |
|    total_timesteps    | 29600      |
| train/                |            |
|    c_learning_rate    | 0.000499   |
|    d_grad_norm        | 1.11       |
|    d_learning_rate    | 0.00499    |
|    entropy_loss       | -1.82      |
|    explained_variance | 0.67024267 |
|    n_updates          | 3699       |
|    policy_loss        | -14.8      |
|    std                | 1.05       |
|    u_grad_norm        | 0.00696    |
|    u_learning_rate    | 0.000997   |
|    v_grad_norm        | 0.999      |
|    value_loss         | 109        |
--------------------------------------
--------------------------------------
| rollout/              |            |
|    ep_len_mean        | 500        |
|    ep_rew_mean        | -3.88e+03  |
| time/                 |            |
|    fps                | 10         |
|    iterations         | 3700       |
|    time_elapsed       | 2920       |
|    total_timesteps    | 29600      |
| train/                |            |
|    c_learning_rate    | 0.000499   |
|    d_grad_norm        | 0.873      |
|    d_learning_rate    | 0.00499    |
|    entropy_loss       | -2.34      |
|    explained_variance | 0.49152595 |
|    n_updates          | 3699       |
|    policy_loss        | 0.155      |
|    std                | 1.05       |
|    u_grad_norm        | 0.0241     |
|    u_learning_rate    | 0.000997   |
|    v_grad_norm        | 0.878      |
|    value_loss         | 2.48       |
--------------------------------------
-------------------------------------
| rollout/              |           |
|    ep_len_mean        | 500       |
|    ep_rew_mean        | -4e+03    |
| time/                 |           |
|    fps                | 10        |
|    iterations         | 3700      |
|    time_elapsed       | 2923      |
|    total_timesteps    | 29600     |
| train/                |           |
|    c_learning_rate    | 0.000499  |
|    d_grad_norm        | 0.992     |
|    d_learning_rate    | 0.00499   |
|    entropy_loss       | -1.85     |
|    explained_variance | 0.9645519 |
|    n_updates          | 3699      |
|    policy_loss        | -32.1     |
|    std                | 1.04      |
|    u_grad_norm        | 0.0693    |
|    u_learning_rate    | 0.000997  |
|    v_grad_norm        | 0.769     |
|    value_loss         | 88.7      |
-------------------------------------
-------------------------------------
| rollout/              |           |
|    ep_len_mean        | 500       |
|    ep_rew_mean        | -4.03e+03 |
| time/                 |           |
|    fps                | 10        |
|    iterations         | 3700      |
|    time_elapsed       | 2936      |
|    total_timesteps    | 29600     |
| train/                |           |
|    c_learning_rate    | 0.000499  |
|    d_grad_norm        | 0.809     |
|    d_learning_rate    | 0.00499   |
|    entropy_loss       | -3.59     |
|    explained_variance | 0.9766995 |
|    n_updates          | 3699      |
|    policy_loss        | 23.1      |
|    std                | 1.04      |
|    u_grad_norm        | 0.00294   |
|    u_learning_rate    | 0.000997  |
|    v_grad_norm        | 0.904     |
|    value_loss         | 57.7      |
-------------------------------------
-------------------------------------
| rollout/              |           |
|    ep_len_mean        | 500       |
|    ep_rew_mean        | -3.81e+03 |
| time/                 |           |
|    fps                | 9         |
|    iterations         | 3700      |
|    time_elapsed       | 2973      |
|    total_timesteps    | 29600     |
| train/                |           |
|    c_learning_rate    | 0.000499  |
|    d_grad_norm        | 1.01      |
|    d_learning_rate    | 0.00499   |
|    entropy_loss       | -0.794    |
|    explained_variance | 0.9520095 |
|    n_updates          | 3699      |
|    policy_loss        | -5.67     |
|    std                | 1.07      |
|    u_grad_norm        | 0.0155    |
|    u_learning_rate    | 0.000997  |
|    v_grad_norm        | 0.961     |
|    value_loss         | 174       |
-------------------------------------
--------------------------------------
| rollout/              |            |
|    ep_len_mean        | 500        |
|    ep_rew_mean        | -3.82e+03  |
| time/                 |            |
|    fps                | 9          |
|    iterations         | 3700       |
|    time_elapsed       | 2983       |
|    total_timesteps    | 29600      |
| train/                |            |
|    c_learning_rate    | 0.000499   |
|    d_grad_norm        | 1.11       |
|    d_learning_rate    | 0.00499    |
|    entropy_loss       | -2.28      |
|    explained_variance | -1.9395871 |
|    n_updates          | 3699       |
|    policy_loss        | 3.04       |
|    std                | 1.09       |
|    u_grad_norm        | 0.0269     |
|    u_learning_rate    | 0.000997   |
|    v_grad_norm        | 0.903      |
|    value_loss         | 2.17       |
--------------------------------------
Eval num_timesteps=30000, episode_reward=-3456.99 +/- 385.02
Episode length: 500.00 +/- 0.00
--------------------------------------
| eval/                 |            |
|    mean_ep_length     | 500        |
|    mean_reward        | -3.46e+03  |
| time/                 |            |
|    total_timesteps    | 30000      |
| train/                |            |
|    c_learning_rate    | 0.000499   |
|    d_grad_norm        | 1.03       |
|    d_learning_rate    | 0.00499    |
|    entropy_loss       | -3.88      |
|    explained_variance | 0.87516654 |
|    n_updates          | 3749       |
|    policy_loss        | 27.6       |
|    std                | 1.02       |
|    u_grad_norm        | 0.00447    |
|    u_learning_rate    | 0.000997   |
|    v_grad_norm        | 0.788      |
|    value_loss         | 88.9       |
--------------------------------------
Eval num_timesteps=30000, episode_reward=-3383.44 +/- 496.08
Episode length: 500.00 +/- 0.00
-------------------------------------
| eval/                 |           |
|    mean_ep_length     | 500       |
|    mean_reward        | -3.38e+03 |
| time/                 |           |
|    total_timesteps    | 30000     |
| train/                |           |
|    c_learning_rate    | 0.000499  |
|    d_grad_norm        | 1.2       |
|    d_learning_rate    | 0.00499   |
|    entropy_loss       | -2.35     |
|    explained_variance | 0.9291569 |
|    n_updates          | 3749      |
|    policy_loss        | 5.63      |
|    std                | 1.09      |
|    u_grad_norm        | 0.0132    |
|    u_learning_rate    | 0.000997  |
|    v_grad_norm        | 0.932     |
|    value_loss         | 7.19      |
-------------------------------------
Eval num_timesteps=30000, episode_reward=-3501.50 +/- 45.25
Episode length: 500.00 +/- 0.00
-------------------------------------
| eval/                 |           |
|    mean_ep_length     | 500       |
|    mean_reward        | -3.5e+03  |
| time/                 |           |
|    total_timesteps    | 30000     |
| train/                |           |
|    c_learning_rate    | 0.000499  |
|    d_grad_norm        | 0.993     |
|    d_learning_rate    | 0.00499   |
|    entropy_loss       | -2.3      |
|    explained_variance | 0.9390214 |
|    n_updates          | 3749      |
|    policy_loss        | 10.8      |
|    std                | 1.05      |
|    u_grad_norm        | 0.015     |
|    u_learning_rate    | 0.000997  |
|    v_grad_norm        | 0.966     |
|    value_loss         | 15.6      |
-------------------------------------
Eval num_timesteps=30000, episode_reward=-3587.71 +/- 312.55
Episode length: 500.00 +/- 0.00
--------------------------------------
| eval/                 |            |
|    mean_ep_length     | 500        |
|    mean_reward        | -3.59e+03  |
| time/                 |            |
|    total_timesteps    | 30000      |
| train/                |            |
|    c_learning_rate    | 0.000499   |
|    d_grad_norm        | 0.679      |
|    d_learning_rate    | 0.00499    |
|    entropy_loss       | -1.63      |
|    explained_variance | 0.87097526 |
|    n_updates          | 3749       |
|    policy_loss        | -9.82      |
|    std                | 1.01       |
|    u_grad_norm        | 0.0133     |
|    u_learning_rate    | 0.000997   |
|    v_grad_norm        | 1          |
|    value_loss         | 92.5       |
--------------------------------------
Eval num_timesteps=30000, episode_reward=-3750.19 +/- 463.33
Episode length: 500.00 +/- 0.00
--------------------------------------
| eval/                 |            |
|    mean_ep_length     | 500        |
|    mean_reward        | -3.75e+03  |
| time/                 |            |
|    total_timesteps    | 30000      |
| train/                |            |
|    c_learning_rate    | 0.000499   |
|    d_grad_norm        | 1.17       |
|    d_learning_rate    | 0.00499    |
|    entropy_loss       | -3.01      |
|    explained_variance | 0.78270245 |
|    n_updates          | 3749       |
|    policy_loss        | -2.74      |
|    std                | 1.05       |
|    u_grad_norm        | 0.000809   |
|    u_learning_rate    | 0.000997   |
|    v_grad_norm        | 0.879      |
|    value_loss         | 1.61       |
--------------------------------------
Eval num_timesteps=30000, episode_reward=-3582.50 +/- 414.82
Episode length: 500.00 +/- 0.00
---------------------------------------
| eval/                 |             |
|    mean_ep_length     | 500         |
|    mean_reward        | -3.58e+03   |
| time/                 |             |
|    total_timesteps    | 30000       |
| train/                |             |
|    c_learning_rate    | 0.000499    |
|    d_grad_norm        | 1.06        |
|    d_learning_rate    | 0.00499     |
|    entropy_loss       | -3          |
|    explained_variance | -0.41855085 |
|    n_updates          | 3749        |
|    policy_loss        | -3.56       |
|    std                | 1.05        |
|    u_grad_norm        | 0.0154      |
|    u_learning_rate    | 0.000997    |
|    v_grad_norm        | 0.865       |
|    value_loss         | 2.24        |
---------------------------------------
Eval num_timesteps=30000, episode_reward=-3589.15 +/- 457.14
Episode length: 500.00 +/- 0.00
-------------------------------------
| eval/                 |           |
|    mean_ep_length     | 500       |
|    mean_reward        | -3.59e+03 |
| time/                 |           |
|    total_timesteps    | 30000     |
| train/                |           |
|    c_learning_rate    | 0.000499  |
|    d_grad_norm        | 0.882     |
|    d_learning_rate    | 0.00499   |
|    entropy_loss       | -3.24     |
|    explained_variance | 0.5128703 |
|    n_updates          | 3749      |
|    policy_loss        | -4.82     |
|    std                | 1.04      |
|    u_grad_norm        | 0.00464   |
|    u_learning_rate    | 0.000997  |
|    v_grad_norm        | 0.836     |
|    value_loss         | 6.28      |
-------------------------------------
Eval num_timesteps=30000, episode_reward=-3329.46 +/- 292.59
Episode length: 500.00 +/- 0.00
--------------------------------------
| eval/                 |            |
|    mean_ep_length     | 500        |
|    mean_reward        | -3.33e+03  |
| time/                 |            |
|    total_timesteps    | 30000      |
| train/                |            |
|    c_learning_rate    | 0.000499   |
|    d_grad_norm        | 1.1        |
|    d_learning_rate    | 0.00499    |
|    entropy_loss       | -1.81      |
|    explained_variance | -1.1814945 |
|    n_updates          | 3749       |
|    policy_loss        | -1.18      |
|    std                | 1.04       |
|    u_grad_norm        | 0.0128     |
|    u_learning_rate    | 0.000997   |
|    v_grad_norm        | 0.93       |
|    value_loss         | 3.45       |
--------------------------------------
New best mean reward!
--------------------------------------
| rollout/              |            |
|    ep_len_mean        | 500        |
|    ep_rew_mean        | -3.83e+03  |
| time/                 |            |
|    fps                | 9          |
|    iterations         | 3800       |
|    time_elapsed       | 3196       |
|    total_timesteps    | 30400      |
| train/                |            |
|    c_learning_rate    | 0.000498   |
|    d_grad_norm        | 0.813      |
|    d_learning_rate    | 0.00498    |
|    entropy_loss       | -3.74      |
|    explained_variance | 0.64375925 |
|    n_updates          | 3799       |
|    policy_loss        | 38.4       |
|    std                | 1.01       |
|    u_grad_norm        | 0.00348    |
|    u_learning_rate    | 0.000997   |
|    v_grad_norm        | 0.955      |
|    value_loss         | 148        |
--------------------------------------
New best mean reward!
--------------------------------------
| rollout/              |            |
|    ep_len_mean        | 500        |
|    ep_rew_mean        | -3.79e+03  |
| time/                 |            |
|    fps                | 9          |
|    iterations         | 3800       |
|    time_elapsed       | 3196       |
|    total_timesteps    | 30400      |
| train/                |            |
|    c_learning_rate    | 0.000498   |
|    d_grad_norm        | 1.14       |
|    d_learning_rate    | 0.00498    |
|    entropy_loss       | -2.12      |
|    explained_variance | 0.37016594 |
|    n_updates          | 3799       |
|    policy_loss        | 0.331      |
|    std                | 1.09       |
|    u_grad_norm        | 0.0128     |
|    u_learning_rate    | 0.000997   |
|    v_grad_norm        | 0.962      |
|    value_loss         | 1.71       |
--------------------------------------
New best mean reward!
--------------------------------------
| rollout/              |            |
|    ep_len_mean        | 500        |
|    ep_rew_mean        | -3.81e+03  |
| time/                 |            |
|    fps                | 9          |
|    iterations         | 3800       |
|    time_elapsed       | 3196       |
|    total_timesteps    | 30400      |
| train/                |            |
|    c_learning_rate    | 0.000498   |
|    d_grad_norm        | 1.09       |
|    d_learning_rate    | 0.00498    |
|    entropy_loss       | -3.01      |
|    explained_variance | 0.96107656 |
|    n_updates          | 3799       |
|    policy_loss        | -4.35      |
|    std                | 1.05       |
|    u_grad_norm        | 0.00532    |
|    u_learning_rate    | 0.000997   |
|    v_grad_norm        | 0.927      |
|    value_loss         | 7.89       |
--------------------------------------
New best mean reward!
-------------------------------------
| rollout/              |           |
|    ep_len_mean        | 500       |
|    ep_rew_mean        | -3.89e+03 |
| time/                 |           |
|    fps                | 9         |
|    iterations         | 3800      |
|    time_elapsed       | 3198      |
|    total_timesteps    | 30400     |
| train/                |           |
|    c_learning_rate    | 0.000498  |
|    d_grad_norm        | 0.801     |
|    d_learning_rate    | 0.00498   |
|    entropy_loss       | -2.13     |
|    explained_variance | 0.9237188 |
|    n_updates          | 3799      |
|    policy_loss        | 10.7      |
|    std                | 1.01      |
|    u_grad_norm        | 0.00178   |
|    u_learning_rate    | 0.000997  |
|    v_grad_norm        | 0.912     |
|    value_loss         | 51.1      |
-------------------------------------
Eval num_timesteps=30000, episode_reward=-3726.67 +/- 393.43
Episode length: 500.00 +/- 0.00
-------------------------------------
| eval/                 |           |
|    mean_ep_length     | 500       |
|    mean_reward        | -3.73e+03 |
| time/                 |           |
|    total_timesteps    | 30000     |
| train/                |           |
|    c_learning_rate    | 0.000499  |
|    d_grad_norm        | 1.04      |
|    d_learning_rate    | 0.00499   |
|    entropy_loss       | -2.6      |
|    explained_variance | 0.9743908 |
|    n_updates          | 3749      |
|    policy_loss        | 1.5       |
|    std                | 1.06      |
|    u_grad_norm        | 0.00252   |
|    u_learning_rate    | 0.000997  |
|    v_grad_norm        | 0.95      |
|    value_loss         | 0.772     |
-------------------------------------
New best mean reward!
-------------------------------------
| rollout/              |           |
|    ep_len_mean        | 500       |
|    ep_rew_mean        | -3.88e+03 |
| time/                 |           |
|    fps                | 9         |
|    iterations         | 3800      |
|    time_elapsed       | 3199      |
|    total_timesteps    | 30400     |
| train/                |           |
|    c_learning_rate    | 0.000498  |
|    d_grad_norm        | 0.798     |
|    d_learning_rate    | 0.00498   |
|    entropy_loss       | -4.2      |
|    explained_variance | 0.880112  |
|    n_updates          | 3799      |
|    policy_loss        | 21.3      |
|    std                | 1.05      |
|    u_grad_norm        | 0.000688  |
|    u_learning_rate    | 0.000997  |
|    v_grad_norm        | 1.03      |
|    value_loss         | 44.8      |
-------------------------------------
New best mean reward!
-------------------------------------
| rollout/              |           |
|    ep_len_mean        | 500       |
|    ep_rew_mean        | -3.8e+03  |
| time/                 |           |
|    fps                | 9         |
|    iterations         | 3800      |
|    time_elapsed       | 3199      |
|    total_timesteps    | 30400     |
| train/                |           |
|    c_learning_rate    | 0.000498  |
|    d_grad_norm        | 1.12      |
|    d_learning_rate    | 0.00498   |
|    entropy_loss       | -3.29     |
|    explained_variance | 0.8563185 |
|    n_updates          | 3799      |
|    policy_loss        | -2.48     |
|    std                | 1.05      |
|    u_grad_norm        | 0.0121    |
|    u_learning_rate    | 0.000997  |
|    v_grad_norm        | 0.97      |
|    value_loss         | 2.12      |
-------------------------------------
New best mean reward!
--------------------------------------
| rollout/              |            |
|    ep_len_mean        | 500        |
|    ep_rew_mean        | -3.99e+03  |
| time/                 |            |
|    fps                | 9          |
|    iterations         | 3800       |
|    time_elapsed       | 3202       |
|    total_timesteps    | 30400      |
| train/                |            |
|    c_learning_rate    | 0.000498   |
|    d_grad_norm        | 1.11       |
|    d_learning_rate    | 0.00498    |
|    entropy_loss       | -2.89      |
|    explained_variance | 0.85650027 |
|    n_updates          | 3799       |
|    policy_loss        | -1.06      |
|    std                | 1.04       |
|    u_grad_norm        | 0.00404    |
|    u_learning_rate    | 0.000997   |
|    v_grad_norm        | 0.894      |
|    value_loss         | 0.369      |
--------------------------------------
Eval num_timesteps=30000, episode_reward=-3559.68 +/- 303.01
Episode length: 500.00 +/- 0.00
-------------------------------------
| eval/                 |           |
|    mean_ep_length     | 500       |
|    mean_reward        | -3.56e+03 |
| time/                 |           |
|    total_timesteps    | 30000     |
| train/                |           |
|    c_learning_rate    | 0.000499  |
|    d_grad_norm        | 1.21      |
|    d_learning_rate    | 0.00499   |
|    entropy_loss       | -2.56     |
|    explained_variance | 0.7650387 |
|    n_updates          | 3749      |
|    policy_loss        | 2.55      |
|    std                | 1.1       |
|    u_grad_norm        | 0.00833   |
|    u_learning_rate    | 0.000997  |
|    v_grad_norm        | 0.904     |
|    value_loss         | 2.3       |
-------------------------------------
New best mean reward!
--------------------------------------
| rollout/              |            |
|    ep_len_mean        | 500        |
|    ep_rew_mean        | -4.01e+03  |
| time/                 |            |
|    fps                | 9          |
|    iterations         | 3800       |
|    time_elapsed       | 3218       |
|    total_timesteps    | 30400      |
| train/                |            |
|    c_learning_rate    | 0.000498   |
|    d_grad_norm        | 0.831      |
|    d_learning_rate    | 0.00498    |
|    entropy_loss       | -2.66      |
|    explained_variance | 0.37271613 |
|    n_updates          | 3799       |
|    policy_loss        | -62.4      |
|    std                | 1.04       |
|    u_grad_norm        | 0.00232    |
|    u_learning_rate    | 0.000997   |
|    v_grad_norm        | 0.951      |
|    value_loss         | 967        |
--------------------------------------
New best mean reward!
--------------------------------------
| rollout/              |            |
|    ep_len_mean        | 500        |
|    ep_rew_mean        | -3.81e+03  |
| time/                 |            |
|    fps                | 9          |
|    iterations         | 3800       |
|    time_elapsed       | 3259       |
|    total_timesteps    | 30400      |
| train/                |            |
|    c_learning_rate    | 0.000498   |
|    d_grad_norm        | 0.943      |
|    d_learning_rate    | 0.00498    |
|    entropy_loss       | -2.14      |
|    explained_variance | 0.48611057 |
|    n_updates          | 3799       |
|    policy_loss        | 0.414      |
|    std                | 1.06       |
|    u_grad_norm        | 0.00526    |
|    u_learning_rate    | 0.000997   |
|    v_grad_norm        | 0.936      |
|    value_loss         | 7.06       |
--------------------------------------
New best mean reward!
-------------------------------------
| rollout/              |           |
|    ep_len_mean        | 500       |
|    ep_rew_mean        | -3.83e+03 |
| time/                 |           |
|    fps                | 9         |
|    iterations         | 3800      |
|    time_elapsed       | 3270      |
|    total_timesteps    | 30400     |
| train/                |           |
|    c_learning_rate    | 0.000498  |
|    d_grad_norm        | 0.893     |
|    d_learning_rate    | 0.00498   |
|    entropy_loss       | -3.58     |
|    explained_variance | 0.7250688 |
|    n_updates          | 3799      |
|    policy_loss        | 7.27      |
|    std                | 1.1       |
|    u_grad_norm        | 0.00132   |
|    u_learning_rate    | 0.000997  |
|    v_grad_norm        | 0.996     |
|    value_loss         | 13.8      |
-------------------------------------
-------------------------------------
| rollout/              |           |
|    ep_len_mean        | 500       |
|    ep_rew_mean        | -3.8e+03  |
| time/                 |           |
|    fps                | 9         |
|    iterations         | 3900      |
|    time_elapsed       | 3270      |
|    total_timesteps    | 31200     |
| train/                |           |
|    c_learning_rate    | 0.000498  |
|    d_grad_norm        | 0.851     |
|    d_learning_rate    | 0.00498   |
|    entropy_loss       | -3.09     |
|    explained_variance | 0.7744131 |
|    n_updates          | 3899      |
|    policy_loss        | -1.81     |
|    std                | 1         |
|    u_grad_norm        | 0.0301    |
|    u_learning_rate    | 0.000997  |
|    v_grad_norm        | 0.978     |
|    value_loss         | 23.6      |
-------------------------------------
-------------------------------------
| rollout/              |           |
|    ep_len_mean        | 500       |
|    ep_rew_mean        | -3.79e+03 |
| time/                 |           |
|    fps                | 9         |
|    iterations         | 3900      |
|    time_elapsed       | 3271      |
|    total_timesteps    | 31200     |
| train/                |           |
|    c_learning_rate    | 0.000498  |
|    d_grad_norm        | 0.875     |
|    d_learning_rate    | 0.00498   |
|    entropy_loss       | -3.58     |
|    explained_variance | 0.9851723 |
|    n_updates          | 3899      |
|    policy_loss        | 7.07      |
|    std                | 1.04      |
|    u_grad_norm        | 0.000421  |
|    u_learning_rate    | 0.000997  |
|    v_grad_norm        | 0.985     |
|    value_loss         | 6.31      |
-------------------------------------
--------------------------------------
| rollout/              |            |
|    ep_len_mean        | 500        |
|    ep_rew_mean        | -3.8e+03   |
| time/                 |            |
|    fps                | 9          |
|    iterations         | 3900       |
|    time_elapsed       | 3271       |
|    total_timesteps    | 31200      |
| train/                |            |
|    c_learning_rate    | 0.000498   |
|    d_grad_norm        | 0.878      |
|    d_learning_rate    | 0.00498    |
|    entropy_loss       | -2.41      |
|    explained_variance | 0.34926796 |
|    n_updates          | 3899       |
|    policy_loss        | -11.8      |
|    std                | 1.09       |
|    u_grad_norm        | 0.00657    |
|    u_learning_rate    | 0.000997   |
|    v_grad_norm        | 0.76       |
|    value_loss         | 76.6       |
--------------------------------------
--------------------------------------
| rollout/              |            |
|    ep_len_mean        | 500        |
|    ep_rew_mean        | -3.86e+03  |
| time/                 |            |
|    fps                | 9          |
|    iterations         | 3900       |
|    time_elapsed       | 3272       |
|    total_timesteps    | 31200      |
| train/                |            |
|    c_learning_rate    | 0.000498   |
|    d_grad_norm        | 0.921      |
|    d_learning_rate    | 0.00498    |
|    entropy_loss       | -3.9       |
|    explained_variance | 0.99573535 |
|    n_updates          | 3899       |
|    policy_loss        | 10.1       |
|    std                | 1.02       |
|    u_grad_norm        | 0.00476    |
|    u_learning_rate    | 0.000997   |
|    v_grad_norm        | 0.814      |
|    value_loss         | 9.07       |
--------------------------------------
--------------------------------------
| rollout/              |            |
|    ep_len_mean        | 500        |
|    ep_rew_mean        | -3.87e+03  |
| time/                 |            |
|    fps                | 9          |
|    iterations         | 3900       |
|    time_elapsed       | 3273       |
|    total_timesteps    | 31200      |
| train/                |            |
|    c_learning_rate    | 0.000498   |
|    d_grad_norm        | 0.984      |
|    d_learning_rate    | 0.00498    |
|    entropy_loss       | -2.45      |
|    explained_variance | 0.93199015 |
|    n_updates          | 3899       |
|    policy_loss        | 0.815      |
|    std                | 1.05       |
|    u_grad_norm        | 0.0223     |
|    u_learning_rate    | 0.000997   |
|    v_grad_norm        | 0.893      |
|    value_loss         | 2.13       |
--------------------------------------
-------------------------------------
| rollout/              |           |
|    ep_len_mean        | 500       |
|    ep_rew_mean        | -3.8e+03  |
| time/                 |           |
|    fps                | 9         |
|    iterations         | 3900      |
|    time_elapsed       | 3274      |
|    total_timesteps    | 31200     |
| train/                |           |
|    c_learning_rate    | 0.000498  |
|    d_grad_norm        | 0.829     |
|    d_learning_rate    | 0.00498   |
|    entropy_loss       | -3.16     |
|    explained_variance | 0.9923976 |
|    n_updates          | 3899      |
|    policy_loss        | -2.61     |
|    std                | 1.05      |
|    u_grad_norm        | 0.00698   |
|    u_learning_rate    | 0.000997  |
|    v_grad_norm        | 0.864     |
|    value_loss         | 1.81      |
-------------------------------------
---------------------------------------
| rollout/              |             |
|    ep_len_mean        | 500         |
|    ep_rew_mean        | -4e+03      |
| time/                 |             |
|    fps                | 9           |
|    iterations         | 3900        |
|    time_elapsed       | 3277        |
|    total_timesteps    | 31200       |
| train/                |             |
|    c_learning_rate    | 0.000498    |
|    d_grad_norm        | 0.931       |
|    d_learning_rate    | 0.00498     |
|    entropy_loss       | -3.11       |
|    explained_variance | -0.97280395 |
|    n_updates          | 3899        |
|    policy_loss        | -11.3       |
|    std                | 1.03        |
|    u_grad_norm        | 0.00148     |
|    u_learning_rate    | 0.000997    |
|    v_grad_norm        | 0.922       |
|    value_loss         | 34.6        |
---------------------------------------
--------------------------------------
| rollout/              |            |
|    ep_len_mean        | 500        |
|    ep_rew_mean        | -3.98e+03  |
| time/                 |            |
|    fps                | 9          |
|    iterations         | 3900       |
|    time_elapsed       | 3298       |
|    total_timesteps    | 31200      |
| train/                |            |
|    c_learning_rate    | 0.000498   |
|    d_grad_norm        | 0.89       |
|    d_learning_rate    | 0.00498    |
|    entropy_loss       | -3.34      |
|    explained_variance | 0.99675584 |
|    n_updates          | 3899       |
|    policy_loss        | 6.04       |
|    std                | 1.04       |
|    u_grad_norm        | 0.00508    |
|    u_learning_rate    | 0.000997   |
|    v_grad_norm        | 0.925      |
|    value_loss         | 4.42       |
--------------------------------------
--------------------------------------
| rollout/              |            |
|    ep_len_mean        | 500        |
|    ep_rew_mean        | -3.78e+03  |
| time/                 |            |
|    fps                | 9          |
|    iterations         | 4000       |
|    time_elapsed       | 3309       |
|    total_timesteps    | 32000      |
| train/                |            |
|    c_learning_rate    | 0.000498   |
|    d_grad_norm        | 0.79       |
|    d_learning_rate    | 0.00498    |
|    entropy_loss       | -3.7       |
|    explained_variance | -1.3778608 |
|    n_updates          | 3999       |
|    policy_loss        | -2.59      |
|    std                | 1.01       |
|    u_grad_norm        | 0.00176    |
|    u_learning_rate    | 0.000997   |
|    v_grad_norm        | 0.78       |
|    value_loss         | 58.1       |
--------------------------------------
--------------------------------------
| rollout/              |            |
|    ep_len_mean        | 500        |
|    ep_rew_mean        | -3.76e+03  |
| time/                 |            |
|    fps                | 9          |
|    iterations         | 4000       |
|    time_elapsed       | 3310       |
|    total_timesteps    | 32000      |
| train/                |            |
|    c_learning_rate    | 0.000498   |
|    d_grad_norm        | 0.893      |
|    d_learning_rate    | 0.00498    |
|    entropy_loss       | -3.33      |
|    explained_variance | -0.7466364 |
|    n_updates          | 3999       |
|    policy_loss        | -11.8      |
|    std                | 1.04       |
|    u_grad_norm        | 0.00195    |
|    u_learning_rate    | 0.000997   |
|    v_grad_norm        | 0.839      |
|    value_loss         | 62.4       |
--------------------------------------
-------------------------------------
| rollout/              |           |
|    ep_len_mean        | 500       |
|    ep_rew_mean        | -3.77e+03 |
| time/                 |           |
|    fps                | 9         |
|    iterations         | 4000      |
|    time_elapsed       | 3310      |
|    total_timesteps    | 32000     |
| train/                |           |
|    c_learning_rate    | 0.000498  |
|    d_grad_norm        | 1.12      |
|    d_learning_rate    | 0.00498   |
|    entropy_loss       | -2.33     |
|    explained_variance | 0.8183042 |
|    n_updates          | 3999      |
|    policy_loss        | -9.31     |
|    std                | 1.09      |
|    u_grad_norm        | 0.0145    |
|    u_learning_rate    | 0.000997  |
|    v_grad_norm        | 0.953     |
|    value_loss         | 24        |
-------------------------------------
-------------------------------------
| rollout/              |           |
|    ep_len_mean        | 500       |
|    ep_rew_mean        | -3.84e+03 |
| time/                 |           |
|    fps                | 9         |
|    iterations         | 4000      |
|    time_elapsed       | 3311      |
|    total_timesteps    | 32000     |
| train/                |           |
|    c_learning_rate    | 0.000498  |
|    d_grad_norm        | 1.12      |
|    d_learning_rate    | 0.00498   |
|    entropy_loss       | -1.64     |
|    explained_variance | 0.9072769 |
|    n_updates          | 3999      |
|    policy_loss        | -11.6     |
|    std                | 1.01      |
|    u_grad_norm        | 0.0226    |
|    u_learning_rate    | 0.000997  |
|    v_grad_norm        | 0.998     |
|    value_loss         | 69.5      |
-------------------------------------
-------------------------------------
| rollout/              |           |
|    ep_len_mean        | 500       |
|    ep_rew_mean        | -3.85e+03 |
| time/                 |           |
|    fps                | 9         |
|    iterations         | 4000      |
|    time_elapsed       | 3312      |
|    total_timesteps    | 32000     |
| train/                |           |
|    c_learning_rate    | 0.000498  |
|    d_grad_norm        | 0.792     |
|    d_learning_rate    | 0.00498   |
|    entropy_loss       | -4.13     |
|    explained_variance | 0.9682628 |
|    n_updates          | 3999      |
|    policy_loss        | 25.8      |
|    std                | 1.05      |
|    u_grad_norm        | 0.00163   |
|    u_learning_rate    | 0.000997  |
|    v_grad_norm        | 0.838     |
|    value_loss         | 55.6      |
-------------------------------------
--------------------------------------
| rollout/              |            |
|    ep_len_mean        | 500        |
|    ep_rew_mean        | -3.78e+03  |
| time/                 |            |
|    fps                | 9          |
|    iterations         | 4000       |
|    time_elapsed       | 3312       |
|    total_timesteps    | 32000      |
| train/                |            |
|    c_learning_rate    | 0.000498   |
|    d_grad_norm        | 0.876      |
|    d_learning_rate    | 0.00498    |
|    entropy_loss       | -2.29      |
|    explained_variance | 0.99213547 |
|    n_updates          | 3999       |
|    policy_loss        | 1.96       |
|    std                | 1.04       |
|    u_grad_norm        | 0.0151     |
|    u_learning_rate    | 0.000997   |
|    v_grad_norm        | 0.891      |
|    value_loss         | 1.07       |
--------------------------------------
-------------------------------------
| rollout/              |           |
|    ep_len_mean        | 500       |
|    ep_rew_mean        | -3.97e+03 |
| time/                 |           |
|    fps                | 9         |
|    iterations         | 4000      |
|    time_elapsed       | 3315      |
|    total_timesteps    | 32000     |
| train/                |           |
|    c_learning_rate    | 0.000498  |
|    d_grad_norm        | 0.877     |
|    d_learning_rate    | 0.00498   |
|    entropy_loss       | -3.39     |
|    explained_variance | 0.9472794 |
|    n_updates          | 3999      |
|    policy_loss        | 21.9      |
|    std                | 1.03      |
|    u_grad_norm        | 0.0049    |
|    u_learning_rate    | 0.000997  |
|    v_grad_norm        | 0.837     |
|    value_loss         | 63        |
-------------------------------------
-------------------------------------
| rollout/              |           |
|    ep_len_mean        | 500       |
|    ep_rew_mean        | -3.95e+03 |
| time/                 |           |
|    fps                | 9         |
|    iterations         | 4000      |
|    time_elapsed       | 3332      |
|    total_timesteps    | 32000     |
| train/                |           |
|    c_learning_rate    | 0.000498  |
|    d_grad_norm        | 1.15      |
|    d_learning_rate    | 0.00498   |
|    entropy_loss       | -1.84     |
|    explained_variance | 0.573848  |
|    n_updates          | 3999      |
|    policy_loss        | -21       |
|    std                | 1.03      |
|    u_grad_norm        | 0.00389   |
|    u_learning_rate    | 0.000997  |
|    v_grad_norm        | 1.02      |
|    value_loss         | 217       |
-------------------------------------
--------------------------------------
| rollout/              |            |
|    ep_len_mean        | 500        |
|    ep_rew_mean        | -3.8e+03   |
| time/                 |            |
|    fps                | 9          |
|    iterations         | 3900       |
|    time_elapsed       | 3340       |
|    total_timesteps    | 31200      |
| train/                |            |
|    c_learning_rate    | 0.000498   |
|    d_grad_norm        | 1.17       |
|    d_learning_rate    | 0.00498    |
|    entropy_loss       | -2.57      |
|    explained_variance | 0.96648324 |
|    n_updates          | 3899       |
|    policy_loss        | -0.994     |
|    std                | 1.06       |
|    u_grad_norm        | 0.0161     |
|    u_learning_rate    | 0.000997   |
|    v_grad_norm        | 0.926      |
|    value_loss         | 0.29       |
--------------------------------------
--------------------------------------
| rollout/              |            |
|    ep_len_mean        | 500        |
|    ep_rew_mean        | -3.8e+03   |
| time/                 |            |
|    fps                | 9          |
|    iterations         | 3900       |
|    time_elapsed       | 3347       |
|    total_timesteps    | 31200      |
| train/                |            |
|    c_learning_rate    | 0.000498   |
|    d_grad_norm        | 0.856      |
|    d_learning_rate    | 0.00498    |
|    entropy_loss       | -3.67      |
|    explained_variance | 0.20877653 |
|    n_updates          | 3899       |
|    policy_loss        | -52.2      |
|    std                | 1.1        |
|    u_grad_norm        | 0.000553   |
|    u_learning_rate    | 0.000997   |
|    v_grad_norm        | 1.02       |
|    value_loss         | 373        |
--------------------------------------
--------------------------------------
| rollout/              |            |
|    ep_len_mean        | 500        |
|    ep_rew_mean        | -3.79e+03  |
| time/                 |            |
|    fps                | 9          |
|    iterations         | 4000       |
|    time_elapsed       | 3378       |
|    total_timesteps    | 32000      |
| train/                |            |
|    c_learning_rate    | 0.000498   |
|    d_grad_norm        | 1.11       |
|    d_learning_rate    | 0.00498    |
|    entropy_loss       | -2.15      |
|    explained_variance | -1.1824753 |
|    n_updates          | 3999       |
|    policy_loss        | -5.03      |
|    std                | 1.06       |
|    u_grad_norm        | 0.0172     |
|    u_learning_rate    | 0.000997   |
|    v_grad_norm        | 0.965      |
|    value_loss         | 47.6       |
--------------------------------------
-------------------------------------
| rollout/              |           |
|    ep_len_mean        | 500       |
|    ep_rew_mean        | -3.76e+03 |
| time/                 |           |
|    fps                | 9         |
|    iterations         | 4100      |
|    time_elapsed       | 3384      |
|    total_timesteps    | 32800     |
| train/                |           |
|    c_learning_rate    | 0.000498  |
|    d_grad_norm        | 0.943     |
|    d_learning_rate    | 0.00498   |
|    entropy_loss       | -3.27     |
|    explained_variance | 0.478738  |
|    n_updates          | 4099      |
|    policy_loss        | 14.4      |
|    std                | 1.01      |
|    u_grad_norm        | 0.00203   |
|    u_learning_rate    | 0.000997  |
|    v_grad_norm        | 0.944     |
|    value_loss         | 32.4      |
-------------------------------------
--------------------------------------
| rollout/              |            |
|    ep_len_mean        | 500        |
|    ep_rew_mean        | -3.75e+03  |
| time/                 |            |
|    fps                | 9          |
|    iterations         | 4100       |
|    time_elapsed       | 3385       |
|    total_timesteps    | 32800      |
| train/                |            |
|    c_learning_rate    | 0.000498   |
|    d_grad_norm        | 0.9        |
|    d_learning_rate    | 0.00498    |
|    entropy_loss       | -3.37      |
|    explained_variance | 0.86205506 |
|    n_updates          | 4099       |
|    policy_loss        | -21.6      |
|    std                | 1.05       |
|    u_grad_norm        | 0.00728    |
|    u_learning_rate    | 0.000997   |
|    v_grad_norm        | 0.865      |
|    value_loss         | 54.5       |
--------------------------------------
--------------------------------------
| rollout/              |            |
|    ep_len_mean        | 500        |
|    ep_rew_mean        | -3.76e+03  |
| time/                 |            |
|    fps                | 9          |
|    iterations         | 4100       |
|    time_elapsed       | 3385       |
|    total_timesteps    | 32800      |
| train/                |            |
|    c_learning_rate    | 0.000498   |
|    d_grad_norm        | 1.05       |
|    d_learning_rate    | 0.00498    |
|    entropy_loss       | -2.5       |
|    explained_variance | 0.93649447 |
|    n_updates          | 4099       |
|    policy_loss        | -4.55      |
|    std                | 1.09       |
|    u_grad_norm        | 0.00467    |
|    u_learning_rate    | 0.000997   |
|    v_grad_norm        | 1.01       |
|    value_loss         | 6.88       |
--------------------------------------
--------------------------------------
| rollout/              |            |
|    ep_len_mean        | 500        |
|    ep_rew_mean        | -3.77e+03  |
| time/                 |            |
|    fps                | 9          |
|    iterations         | 4000       |
|    time_elapsed       | 3386       |
|    total_timesteps    | 32000      |
| train/                |            |
|    c_learning_rate    | 0.000498   |
|    d_grad_norm        | 0.869      |
|    d_learning_rate    | 0.00498    |
|    entropy_loss       | -3.39      |
|    explained_variance | 0.93958104 |
|    n_updates          | 3999       |
|    policy_loss        | 19.3       |
|    std                | 1.12       |
|    u_grad_norm        | 0.00172    |
|    u_learning_rate    | 0.000997   |
|    v_grad_norm        | 0.923      |
|    value_loss         | 37.5       |
--------------------------------------
-------------------------------------
| rollout/              |           |
|    ep_len_mean        | 500       |
|    ep_rew_mean        | -3.83e+03 |
| time/                 |           |
|    fps                | 9         |
|    iterations         | 4100      |
|    time_elapsed       | 3386      |
|    total_timesteps    | 32800     |
| train/                |           |
|    c_learning_rate    | 0.000498  |
|    d_grad_norm        | 0.917     |
|    d_learning_rate    | 0.00498   |
|    entropy_loss       | -3.57     |
|    explained_variance | 0.8401862 |
|    n_updates          | 4099      |
|    policy_loss        | -0.616    |
|    std                | 1.01      |
|    u_grad_norm        | 0.00732   |
|    u_learning_rate    | 0.000997  |
|    v_grad_norm        | 0.97      |
|    value_loss         | 5.21      |
-------------------------------------
--------------------------------------
| rollout/              |            |
|    ep_len_mean        | 500        |
|    ep_rew_mean        | -3.85e+03  |
| time/                 |            |
|    fps                | 9          |
|    iterations         | 4100       |
|    time_elapsed       | 3387       |
|    total_timesteps    | 32800      |
| train/                |            |
|    c_learning_rate    | 0.000498   |
|    d_grad_norm        | 0.81       |
|    d_learning_rate    | 0.00498    |
|    entropy_loss       | -4.17      |
|    explained_variance | 0.90324533 |
|    n_updates          | 4099       |
|    policy_loss        | -4.41      |
|    std                | 1.06       |
|    u_grad_norm        | 0.0179     |
|    u_learning_rate    | 0.000997   |
|    v_grad_norm        | 0.839      |
|    value_loss         | 7.62       |
--------------------------------------
-------------------------------------
| rollout/              |           |
|    ep_len_mean        | 500       |
|    ep_rew_mean        | -3.77e+03 |
| time/                 |           |
|    fps                | 9         |
|    iterations         | 4100      |
|    time_elapsed       | 3388      |
|    total_timesteps    | 32800     |
| train/                |           |
|    c_learning_rate    | 0.000498  |
|    d_grad_norm        | 1.1       |
|    d_learning_rate    | 0.00498   |
|    entropy_loss       | -2.53     |
|    explained_variance | 0.9893905 |
|    n_updates          | 4099      |
|    policy_loss        | -6.06     |
|    std                | 1.03      |
|    u_grad_norm        | 0.00784   |
|    u_learning_rate    | 0.000997  |
|    v_grad_norm        | 0.977     |
|    value_loss         | 7.35      |
-------------------------------------
--------------------------------------
| rollout/              |            |
|    ep_len_mean        | 500        |
|    ep_rew_mean        | -3.95e+03  |
| time/                 |            |
|    fps                | 9          |
|    iterations         | 4100       |
|    time_elapsed       | 3391       |
|    total_timesteps    | 32800      |
| train/                |            |
|    c_learning_rate    | 0.000498   |
|    d_grad_norm        | 0.88       |
|    d_learning_rate    | 0.00498    |
|    entropy_loss       | -3.13      |
|    explained_variance | 0.84446263 |
|    n_updates          | 4099       |
|    policy_loss        | -2.81      |
|    std                | 1.04       |
|    u_grad_norm        | 0.00747    |
|    u_learning_rate    | 0.000997   |
|    v_grad_norm        | 0.966      |
|    value_loss         | 8.9        |
--------------------------------------
-------------------------------------
| rollout/              |           |
|    ep_len_mean        | 500       |
|    ep_rew_mean        | -3.93e+03 |
| time/                 |           |
|    fps                | 9         |
|    iterations         | 4100      |
|    time_elapsed       | 3415      |
|    total_timesteps    | 32800     |
| train/                |           |
|    c_learning_rate    | 0.000498  |
|    d_grad_norm        | 0.897     |
|    d_learning_rate    | 0.00498   |
|    entropy_loss       | -2.84     |
|    explained_variance | 0.6418768 |
|    n_updates          | 4099      |
|    policy_loss        | 11.9      |
|    std                | 1.03      |
|    u_grad_norm        | 0.00289   |
|    u_learning_rate    | 0.000997  |
|    v_grad_norm        | 0.87      |
|    value_loss         | 48.5      |
-------------------------------------
--------------------------------------
| rollout/              |            |
|    ep_len_mean        | 500        |
|    ep_rew_mean        | -3.78e+03  |
| time/                 |            |
|    fps                | 9          |
|    iterations         | 4100       |
|    time_elapsed       | 3456       |
|    total_timesteps    | 32800      |
| train/                |            |
|    c_learning_rate    | 0.000498   |
|    d_grad_norm        | 1.11       |
|    d_learning_rate    | 0.00498    |
|    entropy_loss       | -1.79      |
|    explained_variance | 0.92209893 |
|    n_updates          | 4099       |
|    policy_loss        | -2.13      |
|    std                | 1.06       |
|    u_grad_norm        | 0.0232     |
|    u_learning_rate    | 0.000997   |
|    v_grad_norm        | 0.968      |
|    value_loss         | 3.16       |
--------------------------------------
-------------------------------------
| rollout/              |           |
|    ep_len_mean        | 500       |
|    ep_rew_mean        | -3.74e+03 |
| time/                 |           |
|    fps                | 9         |
|    iterations         | 4200      |
|    time_elapsed       | 3458      |
|    total_timesteps    | 33600     |
| train/                |           |
|    c_learning_rate    | 0.000498  |
|    d_grad_norm        | 0.848     |
|    d_learning_rate    | 0.00498   |
|    entropy_loss       | -3.16     |
|    explained_variance | 0.9923343 |
|    n_updates          | 4199      |
|    policy_loss        | 7         |
|    std                | 1         |
|    u_grad_norm        | 0.00299   |
|    u_learning_rate    | 0.000997  |
|    v_grad_norm        | 0.848     |
|    value_loss         | 8         |
-------------------------------------
-------------------------------------
| rollout/              |           |
|    ep_len_mean        | 500       |
|    ep_rew_mean        | -3.74e+03 |
| time/                 |           |
|    fps                | 9         |
|    iterations         | 4200      |
|    time_elapsed       | 3460      |
|    total_timesteps    | 33600     |
| train/                |           |
|    c_learning_rate    | 0.000498  |
|    d_grad_norm        | 0.927     |
|    d_learning_rate    | 0.00498   |
|    entropy_loss       | -3.54     |
|    explained_variance | 0.9970956 |
|    n_updates          | 4199      |
|    policy_loss        | 0.237     |
|    std                | 1.04      |
|    u_grad_norm        | 0.0128    |
|    u_learning_rate    | 0.000997  |
|    v_grad_norm        | 0.751     |
|    value_loss         | 0.532     |
-------------------------------------
--------------------------------------
| rollout/              |            |
|    ep_len_mean        | 500        |
|    ep_rew_mean        | -3.74e+03  |
| time/                 |            |
|    fps                | 9          |
|    iterations         | 4200       |
|    time_elapsed       | 3461       |
|    total_timesteps    | 33600      |
| train/                |            |
|    c_learning_rate    | 0.000498   |
|    d_grad_norm        | 1.03       |
|    d_learning_rate    | 0.00498    |
|    entropy_loss       | -2.53      |
|    explained_variance | 0.94171125 |
|    n_updates          | 4199       |
|    policy_loss        | -3.33      |
|    std                | 1.09       |
|    u_grad_norm        | 0.00376    |
|    u_learning_rate    | 0.000997   |
|    v_grad_norm        | 0.811      |
|    value_loss         | 6.14       |
--------------------------------------
--------------------------------------
| rollout/              |            |
|    ep_len_mean        | 500        |
|    ep_rew_mean        | -3.81e+03  |
| time/                 |            |
|    fps                | 9          |
|    iterations         | 4200       |
|    time_elapsed       | 3461       |
|    total_timesteps    | 33600      |
| train/                |            |
|    c_learning_rate    | 0.000498   |
|    d_grad_norm        | 0.942      |
|    d_learning_rate    | 0.00498    |
|    entropy_loss       | -3.5       |
|    explained_variance | 0.97589356 |
|    n_updates          | 4199       |
|    policy_loss        | 3.11       |
|    std                | 1.02       |
|    u_grad_norm        | 0.00428    |
|    u_learning_rate    | 0.000997   |
|    v_grad_norm        | 0.915      |
|    value_loss         | 3.02       |
--------------------------------------
----------------------------------------
| rollout/              |              |
|    ep_len_mean        | 500          |
|    ep_rew_mean        | -3.76e+03    |
| time/                 |              |
|    fps                | 9            |
|    iterations         | 4100         |
|    time_elapsed       | 3462         |
|    total_timesteps    | 32800        |
| train/                |              |
|    c_learning_rate    | 0.000498     |
|    d_grad_norm        | 0.89         |
|    d_learning_rate    | 0.00498      |
|    entropy_loss       | -3.2         |
|    explained_variance | -0.046275973 |
|    n_updates          | 4099         |
|    policy_loss        | -4.02        |
|    std                | 1.11         |
|    u_grad_norm        | 0.0211       |
|    u_learning_rate    | 0.000997     |
|    v_grad_norm        | 0.946        |
|    value_loss         | 20           |
----------------------------------------
-------------------------------------
| rollout/              |           |
|    ep_len_mean        | 500       |
|    ep_rew_mean        | -3.83e+03 |
| time/                 |           |
|    fps                | 9         |
|    iterations         | 4200      |
|    time_elapsed       | 3462      |
|    total_timesteps    | 33600     |
| train/                |           |
|    c_learning_rate    | 0.000498  |
|    d_grad_norm        | 0.996     |
|    d_learning_rate    | 0.00498   |
|    entropy_loss       | -3        |
|    explained_variance | 0.7925583 |
|    n_updates          | 4199      |
|    policy_loss        | -2.09     |
|    std                | 1.06      |
|    u_grad_norm        | 0.0117    |
|    u_learning_rate    | 0.000997  |
|    v_grad_norm        | 0.909     |
|    value_loss         | 1.16      |
-------------------------------------
--------------------------------------
| rollout/              |            |
|    ep_len_mean        | 500        |
|    ep_rew_mean        | -3.75e+03  |
| time/                 |            |
|    fps                | 9          |
|    iterations         | 4200       |
|    time_elapsed       | 3463       |
|    total_timesteps    | 33600      |
| train/                |            |
|    c_learning_rate    | 0.000498   |
|    d_grad_norm        | 0.998      |
|    d_learning_rate    | 0.00498    |
|    entropy_loss       | -3.35      |
|    explained_variance | 0.78555393 |
|    n_updates          | 4199       |
|    policy_loss        | -9.21      |
|    std                | 1.03       |
|    u_grad_norm        | 0.00111    |
|    u_learning_rate    | 0.000997   |
|    v_grad_norm        | 0.993      |
|    value_loss         | 22.2       |
--------------------------------------
-------------------------------------
| rollout/              |           |
|    ep_len_mean        | 500       |
|    ep_rew_mean        | -3.92e+03 |
| time/                 |           |
|    fps                | 9         |
|    iterations         | 4200      |
|    time_elapsed       | 3468      |
|    total_timesteps    | 33600     |
| train/                |           |
|    c_learning_rate    | 0.000498  |
|    d_grad_norm        | 1.1       |
|    d_learning_rate    | 0.00498   |
|    entropy_loss       | -2.49     |
|    explained_variance | 0.8021163 |
|    n_updates          | 4199      |
|    policy_loss        | -3.06     |
|    std                | 1.03      |
|    u_grad_norm        | 0.022     |
|    u_learning_rate    | 0.000997  |
|    v_grad_norm        | 0.913     |
|    value_loss         | 1.64      |
-------------------------------------
--------------------------------------
| rollout/              |            |
|    ep_len_mean        | 500        |
|    ep_rew_mean        | -3.92e+03  |
| time/                 |            |
|    fps                | 9          |
|    iterations         | 4200       |
|    time_elapsed       | 3499       |
|    total_timesteps    | 33600      |
| train/                |            |
|    c_learning_rate    | 0.000498   |
|    d_grad_norm        | 0.828      |
|    d_learning_rate    | 0.00498    |
|    entropy_loss       | -3.23      |
|    explained_variance | 0.33337468 |
|    n_updates          | 4199       |
|    policy_loss        | -2.76      |
|    std                | 1.04       |
|    u_grad_norm        | 0.00292    |
|    u_learning_rate    | 0.000997   |
|    v_grad_norm        | 0.775      |
|    value_loss         | 96.3       |
--------------------------------------
--------------------------------------
| rollout/              |            |
|    ep_len_mean        | 500        |
|    ep_rew_mean        | -3.77e+03  |
| time/                 |            |
|    fps                | 9          |
|    iterations         | 4200       |
|    time_elapsed       | 3533       |
|    total_timesteps    | 33600      |
| train/                |            |
|    c_learning_rate    | 0.000498   |
|    d_grad_norm        | 0.908      |
|    d_learning_rate    | 0.00498    |
|    entropy_loss       | -1.94      |
|    explained_variance | -1.4008245 |
|    n_updates          | 4199       |
|    policy_loss        | 0.212      |
|    std                | 1.06       |
|    u_grad_norm        | 0.0122     |
|    u_learning_rate    | 0.000997   |
|    v_grad_norm        | 0.925      |
|    value_loss         | 4.5        |
--------------------------------------
-------------------------------------
| rollout/              |           |
|    ep_len_mean        | 500       |
|    ep_rew_mean        | -3.73e+03 |
| time/                 |           |
|    fps                | 9         |
|    iterations         | 4300      |
|    time_elapsed       | 3534      |
|    total_timesteps    | 34400     |
| train/                |           |
|    c_learning_rate    | 0.000498  |
|    d_grad_norm        | 1.1       |
|    d_learning_rate    | 0.00498   |
|    entropy_loss       | -2.84     |
|    explained_variance | 0.9093399 |
|    n_updates          | 4299      |
|    policy_loss        | -2.28     |
|    std                | 0.997     |
|    u_grad_norm        | 0.00145   |
|    u_learning_rate    | 0.000997  |
|    v_grad_norm        | 1.01      |
|    value_loss         | 2.94      |
-------------------------------------
-------------------------------------
| rollout/              |           |
|    ep_len_mean        | 500       |
|    ep_rew_mean        | -3.72e+03 |
| time/                 |           |
|    fps                | 9         |
|    iterations         | 4300      |
|    time_elapsed       | 3535      |
|    total_timesteps    | 34400     |
| train/                |           |
|    c_learning_rate    | 0.000498  |
|    d_grad_norm        | 0.907     |
|    d_learning_rate    | 0.00498   |
|    entropy_loss       | -3.19     |
|    explained_variance | 0.9896844 |
|    n_updates          | 4299      |
|    policy_loss        | 9.76      |
|    std                | 1.04      |
|    u_grad_norm        | 0.0102    |
|    u_learning_rate    | 0.000997  |
|    v_grad_norm        | 0.932     |
|    value_loss         | 8.51      |
-------------------------------------
-------------------------------------
| rollout/              |           |
|    ep_len_mean        | 500       |
|    ep_rew_mean        | -3.73e+03 |
| time/                 |           |
|    fps                | 9         |
|    iterations         | 4300      |
|    time_elapsed       | 3536      |
|    total_timesteps    | 34400     |
| train/                |           |
|    c_learning_rate    | 0.000498  |
|    d_grad_norm        | 0.892     |
|    d_learning_rate    | 0.00498   |
|    entropy_loss       | -3.23     |
|    explained_variance | 0.9786955 |
|    n_updates          | 4299      |
|    policy_loss        | -4.67     |
|    std                | 1.1       |
|    u_grad_norm        | 0.00628   |
|    u_learning_rate    | 0.000997  |
|    v_grad_norm        | 0.883     |
|    value_loss         | 3.75      |
-------------------------------------
-------------------------------------
| rollout/              |           |
|    ep_len_mean        | 500       |
|    ep_rew_mean        | -3.8e+03  |
| time/                 |           |
|    fps                | 9         |
|    iterations         | 4300      |
|    time_elapsed       | 3537      |
|    total_timesteps    | 34400     |
| train/                |           |
|    c_learning_rate    | 0.000498  |
|    d_grad_norm        | 0.765     |
|    d_learning_rate    | 0.00498   |
|    entropy_loss       | -3.78     |
|    explained_variance | 0.9967205 |
|    n_updates          | 4299      |
|    policy_loss        | -2.29     |
|    std                | 1.02      |
|    u_grad_norm        | 0.0044    |
|    u_learning_rate    | 0.000997  |
|    v_grad_norm        | 0.851     |
|    value_loss         | 1.18      |
-------------------------------------
-------------------------------------
| rollout/              |           |
|    ep_len_mean        | 500       |
|    ep_rew_mean        | -3.83e+03 |
| time/                 |           |
|    fps                | 9         |
|    iterations         | 4300      |
|    time_elapsed       | 3538      |
|    total_timesteps    | 34400     |
| train/                |           |
|    c_learning_rate    | 0.000498  |
|    d_grad_norm        | 0.818     |
|    d_learning_rate    | 0.00498   |
|    entropy_loss       | -3.86     |
|    explained_variance | 0.8658256 |
|    n_updates          | 4299      |
|    policy_loss        | 1.2       |
|    std                | 1.06      |
|    u_grad_norm        | 0.000302  |
|    u_learning_rate    | 0.000997  |
|    v_grad_norm        | 0.952     |
|    value_loss         | 6.08      |
-------------------------------------
--------------------------------------
| rollout/              |            |
|    ep_len_mean        | 500        |
|    ep_rew_mean        | -3.74e+03  |
| time/                 |            |
|    fps                | 9          |
|    iterations         | 4200       |
|    time_elapsed       | 3539       |
|    total_timesteps    | 33600      |
| train/                |            |
|    c_learning_rate    | 0.000498   |
|    d_grad_norm        | 0.955      |
|    d_learning_rate    | 0.00498    |
|    entropy_loss       | -2.64      |
|    explained_variance | 0.15351272 |
|    n_updates          | 4199       |
|    policy_loss        | 2.91       |
|    std                | 1.1        |
|    u_grad_norm        | 0.0248     |
|    u_learning_rate    | 0.000997   |
|    v_grad_norm        | 0.935      |
|    value_loss         | 9.77       |
--------------------------------------
--------------------------------------
| rollout/              |            |
|    ep_len_mean        | 500        |
|    ep_rew_mean        | -3.74e+03  |
| time/                 |            |
|    fps                | 9          |
|    iterations         | 4300       |
|    time_elapsed       | 3539       |
|    total_timesteps    | 34400      |
| train/                |            |
|    c_learning_rate    | 0.000498   |
|    d_grad_norm        | 1.01       |
|    d_learning_rate    | 0.00498    |
|    entropy_loss       | -3.74      |
|    explained_variance | -1.6713734 |
|    n_updates          | 4299       |
|    policy_loss        | -36.4      |
|    std                | 1.03       |
|    u_grad_norm        | 0.0149     |
|    u_learning_rate    | 0.000997   |
|    v_grad_norm        | 0.964      |
|    value_loss         | 108        |
--------------------------------------
-------------------------------------
| rollout/              |           |
|    ep_len_mean        | 500       |
|    ep_rew_mean        | -3.93e+03 |
| time/                 |           |
|    fps                | 9         |
|    iterations         | 4300      |
|    time_elapsed       | 3544      |
|    total_timesteps    | 34400     |
| train/                |           |
|    c_learning_rate    | 0.000498  |
|    d_grad_norm        | 0.886     |
|    d_learning_rate    | 0.00498   |
|    entropy_loss       | -2.8      |
|    explained_variance | 0.9844444 |
|    n_updates          | 4299      |
|    policy_loss        | 0.231     |
|    std                | 1.03      |
|    u_grad_norm        | 0.0532    |
|    u_learning_rate    | 0.000997  |
|    v_grad_norm        | 0.773     |
|    value_loss         | 0.483     |
-------------------------------------
--------------------------------------
| rollout/              |            |
|    ep_len_mean        | 500        |
|    ep_rew_mean        | -3.9e+03   |
| time/                 |            |
|    fps                | 9          |
|    iterations         | 4300       |
|    time_elapsed       | 3583       |
|    total_timesteps    | 34400      |
| train/                |            |
|    c_learning_rate    | 0.000498   |
|    d_grad_norm        | 0.895      |
|    d_learning_rate    | 0.00498    |
|    entropy_loss       | -2.68      |
|    explained_variance | 0.30860746 |
|    n_updates          | 4299       |
|    policy_loss        | -2.82      |
|    std                | 1.04       |
|    u_grad_norm        | 0.00368    |
|    u_learning_rate    | 0.000997   |
|    v_grad_norm        | 0.97       |
|    value_loss         | 2.5        |
--------------------------------------
--------------------------------------
| rollout/              |            |
|    ep_len_mean        | 500        |
|    ep_rew_mean        | -3.71e+03  |
| time/                 |            |
|    fps                | 9          |
|    iterations         | 4400       |
|    time_elapsed       | 3609       |
|    total_timesteps    | 35200      |
| train/                |            |
|    c_learning_rate    | 0.000498   |
|    d_grad_norm        | 0.826      |
|    d_learning_rate    | 0.00498    |
|    entropy_loss       | -3.17      |
|    explained_variance | 0.98356396 |
|    n_updates          | 4399       |
|    policy_loss        | -4.79      |
|    std                | 0.993      |
|    u_grad_norm        | 0.00573    |
|    u_learning_rate    | 0.000996   |
|    v_grad_norm        | 0.948      |
|    value_loss         | 3.64       |
--------------------------------------
--------------------------------------
| rollout/              |            |
|    ep_len_mean        | 500        |
|    ep_rew_mean        | -3.78e+03  |
| time/                 |            |
|    fps                | 9          |
|    iterations         | 4300       |
|    time_elapsed       | 3610       |
|    total_timesteps    | 34400      |
| train/                |            |
|    c_learning_rate    | 0.000498   |
|    d_grad_norm        | 0.91       |
|    d_learning_rate    | 0.00498    |
|    entropy_loss       | -2.27      |
|    explained_variance | 0.20783997 |
|    n_updates          | 4299       |
|    policy_loss        | 1.9        |
|    std                | 1.06       |
|    u_grad_norm        | 0.00406    |
|    u_learning_rate    | 0.000997   |
|    v_grad_norm        | 0.859      |
|    value_loss         | 3.45       |
--------------------------------------
-------------------------------------
| rollout/              |           |
|    ep_len_mean        | 500       |
|    ep_rew_mean        | -3.7e+03  |
| time/                 |           |
|    fps                | 9         |
|    iterations         | 4400      |
|    time_elapsed       | 3610      |
|    total_timesteps    | 35200     |
| train/                |           |
|    c_learning_rate    | 0.000498  |
|    d_grad_norm        | 0.836     |
|    d_learning_rate    | 0.00498   |
|    entropy_loss       | -3.54     |
|    explained_variance | 0.9847487 |
|    n_updates          | 4399      |
|    policy_loss        | -1.02     |
|    std                | 1.03      |
|    u_grad_norm        | 2.55e-05  |
|    u_learning_rate    | 0.000996  |
|    v_grad_norm        | 0.967     |
|    value_loss         | 1.2       |
-------------------------------------
-------------------------------------
| rollout/              |           |
|    ep_len_mean        | 500       |
|    ep_rew_mean        | -3.71e+03 |
| time/                 |           |
|    fps                | 9         |
|    iterations         | 4400      |
|    time_elapsed       | 3611      |
|    total_timesteps    | 35200     |
| train/                |           |
|    c_learning_rate    | 0.000498  |
|    d_grad_norm        | 0.769     |
|    d_learning_rate    | 0.00498   |
|    entropy_loss       | -3.4      |
|    explained_variance | 0.9949897 |
|    n_updates          | 4399      |
|    policy_loss        | 2.02      |
|    std                | 1.1       |
|    u_grad_norm        | 0.00305   |
|    u_learning_rate    | 0.000996  |
|    v_grad_norm        | 0.834     |
|    value_loss         | 1.63      |
-------------------------------------
--------------------------------------
| rollout/              |            |
|    ep_len_mean        | 500        |
|    ep_rew_mean        | -3.79e+03  |
| time/                 |            |
|    fps                | 9          |
|    iterations         | 4400       |
|    time_elapsed       | 3611       |
|    total_timesteps    | 35200      |
| train/                |            |
|    c_learning_rate    | 0.000498   |
|    d_grad_norm        | 1.01       |
|    d_learning_rate    | 0.00498    |
|    entropy_loss       | -1.66      |
|    explained_variance | 0.94003993 |
|    n_updates          | 4399       |
|    policy_loss        | -6.6       |
|    std                | 1.03       |
|    u_grad_norm        | 0.013      |
|    u_learning_rate    | 0.000996   |
|    v_grad_norm        | 0.948      |
|    value_loss         | 38.2       |
--------------------------------------
--------------------------------------
| rollout/              |            |
|    ep_len_mean        | 500        |
|    ep_rew_mean        | -3.82e+03  |
| time/                 |            |
|    fps                | 9          |
|    iterations         | 4400       |
|    time_elapsed       | 3613       |
|    total_timesteps    | 35200      |
| train/                |            |
|    c_learning_rate    | 0.000498   |
|    d_grad_norm        | 0.876      |
|    d_learning_rate    | 0.00498    |
|    entropy_loss       | -3.6       |
|    explained_variance | 0.95214814 |
|    n_updates          | 4399       |
|    policy_loss        | -25.7      |
|    std                | 1.06       |
|    u_grad_norm        | 0.0055     |
|    u_learning_rate    | 0.000996   |
|    v_grad_norm        | 0.787      |
|    value_loss         | 68.2       |
--------------------------------------
---------------------------------------
| rollout/              |             |
|    ep_len_mean        | 500         |
|    ep_rew_mean        | -3.72e+03   |
| time/                 |             |
|    fps                | 9           |
|    iterations         | 4400        |
|    time_elapsed       | 3614        |
|    total_timesteps    | 35200       |
| train/                |             |
|    c_learning_rate    | 0.000498    |
|    d_grad_norm        | 0.906       |
|    d_learning_rate    | 0.00498     |
|    entropy_loss       | -3.77       |
|    explained_variance | -0.86078024 |
|    n_updates          | 4399        |
|    policy_loss        | -6.74       |
|    std                | 1.03        |
|    u_grad_norm        | 0.00228     |
|    u_learning_rate    | 0.000996    |
|    v_grad_norm        | 1           |
|    value_loss         | 63.2        |
---------------------------------------
--------------------------------------
| rollout/              |            |
|    ep_len_mean        | 500        |
|    ep_rew_mean        | -3.73e+03  |
| time/                 |            |
|    fps                | 9          |
|    iterations         | 4300       |
|    time_elapsed       | 3614       |
|    total_timesteps    | 34400      |
| train/                |            |
|    c_learning_rate    | 0.000498   |
|    d_grad_norm        | 0.822      |
|    d_learning_rate    | 0.00498    |
|    entropy_loss       | -3.62      |
|    explained_variance | 0.98027056 |
|    n_updates          | 4299       |
|    policy_loss        | 8.09       |
|    std                | 1.1        |
|    u_grad_norm        | 0.0206     |
|    u_learning_rate    | 0.000997   |
|    v_grad_norm        | 0.802      |
|    value_loss         | 6.88       |
--------------------------------------
--------------------------------------
| rollout/              |            |
|    ep_len_mean        | 500        |
|    ep_rew_mean        | -3.9e+03   |
| time/                 |            |
|    fps                | 9          |
|    iterations         | 4400       |
|    time_elapsed       | 3621       |
|    total_timesteps    | 35200      |
| train/                |            |
|    c_learning_rate    | 0.000498   |
|    d_grad_norm        | 1.02       |
|    d_learning_rate    | 0.00498    |
|    entropy_loss       | -2.72      |
|    explained_variance | 0.91375303 |
|    n_updates          | 4399       |
|    policy_loss        | 5.44       |
|    std                | 1.01       |
|    u_grad_norm        | 0.00727    |
|    u_learning_rate    | 0.000996   |
|    v_grad_norm        | 0.83       |
|    value_loss         | 8.58       |
--------------------------------------
--------------------------------------
| rollout/              |            |
|    ep_len_mean        | 500        |
|    ep_rew_mean        | -3.69e+03  |
| time/                 |            |
|    fps                | 9          |
|    iterations         | 4500       |
|    time_elapsed       | 3648       |
|    total_timesteps    | 36000      |
| train/                |            |
|    c_learning_rate    | 0.000498   |
|    d_grad_norm        | 0.868      |
|    d_learning_rate    | 0.00498    |
|    entropy_loss       | -3.72      |
|    explained_variance | 0.56652564 |
|    n_updates          | 4499       |
|    policy_loss        | -48.6      |
|    std                | 0.987      |
|    u_grad_norm        | 0.00398    |
|    u_learning_rate    | 0.000996   |
|    v_grad_norm        | 0.844      |
|    value_loss         | 289        |
--------------------------------------
-------------------------------------
| rollout/              |           |
|    ep_len_mean        | 500       |
|    ep_rew_mean        | -3.68e+03 |
| time/                 |           |
|    fps                | 9         |
|    iterations         | 4500      |
|    time_elapsed       | 3649      |
|    total_timesteps    | 36000     |
| train/                |           |
|    c_learning_rate    | 0.000498  |
|    d_grad_norm        | 0.761     |
|    d_learning_rate    | 0.00498   |
|    entropy_loss       | -3.27     |
|    explained_variance | 0.9840637 |
|    n_updates          | 4499      |
|    policy_loss        | -0.0676   |
|    std                | 1.03      |
|    u_grad_norm        | 0.00688   |
|    u_learning_rate    | 0.000996  |
|    v_grad_norm        | 0.741     |
|    value_loss         | 0.657     |
-------------------------------------
--------------------------------------
| rollout/              |            |
|    ep_len_mean        | 500        |
|    ep_rew_mean        | -3.7e+03   |
| time/                 |            |
|    fps                | 9          |
|    iterations         | 4500       |
|    time_elapsed       | 3650       |
|    total_timesteps    | 36000      |
| train/                |            |
|    c_learning_rate    | 0.000498   |
|    d_grad_norm        | 0.821      |
|    d_learning_rate    | 0.00498    |
|    entropy_loss       | -3.25      |
|    explained_variance | 0.97817075 |
|    n_updates          | 4499       |
|    policy_loss        | 6.77       |
|    std                | 1.1        |
|    u_grad_norm        | 0.00198    |
|    u_learning_rate    | 0.000996   |
|    v_grad_norm        | 0.854      |
|    value_loss         | 9.87       |
--------------------------------------
--------------------------------------
| rollout/              |            |
|    ep_len_mean        | 500        |
|    ep_rew_mean        | -3.77e+03  |
| time/                 |            |
|    fps                | 9          |
|    iterations         | 4500       |
|    time_elapsed       | 3650       |
|    total_timesteps    | 36000      |
| train/                |            |
|    c_learning_rate    | 0.000498   |
|    d_grad_norm        | 0.843      |
|    d_learning_rate    | 0.00498    |
|    entropy_loss       | -2.67      |
|    explained_variance | -2.8418927 |
|    n_updates          | 4499       |
|    policy_loss        | -25.1      |
|    std                | 1.03       |
|    u_grad_norm        | 0.00729    |
|    u_learning_rate    | 0.000996   |
|    v_grad_norm        | 0.807      |
|    value_loss         | 205        |
--------------------------------------
--------------------------------------
| rollout/              |            |
|    ep_len_mean        | 500        |
|    ep_rew_mean        | -3.8e+03   |
| time/                 |            |
|    fps                | 9          |
|    iterations         | 4500       |
|    time_elapsed       | 3652       |
|    total_timesteps    | 36000      |
| train/                |            |
|    c_learning_rate    | 0.000498   |
|    d_grad_norm        | 0.831      |
|    d_learning_rate    | 0.00498    |
|    entropy_loss       | -3.86      |
|    explained_variance | 0.90669274 |
|    n_updates          | 4499       |
|    policy_loss        | 16.9       |
|    std                | 1.07       |
|    u_grad_norm        | 0.0246     |
|    u_learning_rate    | 0.000996   |
|    v_grad_norm        | 0.872      |
|    value_loss         | 8.63       |
--------------------------------------
--------------------------------------
| rollout/              |            |
|    ep_len_mean        | 500        |
|    ep_rew_mean        | -3.7e+03   |
| time/                 |            |
|    fps                | 9          |
|    iterations         | 4500       |
|    time_elapsed       | 3652       |
|    total_timesteps    | 36000      |
| train/                |            |
|    c_learning_rate    | 0.000498   |
|    d_grad_norm        | 0.855      |
|    d_learning_rate    | 0.00498    |
|    entropy_loss       | -3.49      |
|    explained_variance | 0.98906595 |
|    n_updates          | 4499       |
|    policy_loss        | -3.85      |
|    std                | 1.03       |
|    u_grad_norm        | 0.00867    |
|    u_learning_rate    | 0.000996   |
|    v_grad_norm        | 0.837      |
|    value_loss         | 3.83       |
--------------------------------------
--------------------------------------
| rollout/              |            |
|    ep_len_mean        | 500        |
|    ep_rew_mean        | -3.89e+03  |
| time/                 |            |
|    fps                | 9          |
|    iterations         | 4500       |
|    time_elapsed       | 3658       |
|    total_timesteps    | 36000      |
| train/                |            |
|    c_learning_rate    | 0.000498   |
|    d_grad_norm        | 0.872      |
|    d_learning_rate    | 0.00498    |
|    entropy_loss       | -3.12      |
|    explained_variance | 0.91355616 |
|    n_updates          | 4499       |
|    policy_loss        | 1.12       |
|    std                | 0.999      |
|    u_grad_norm        | 0.012      |
|    u_learning_rate    | 0.000996   |
|    v_grad_norm        | 0.781      |
|    value_loss         | 2.39       |
--------------------------------------
--------------------------------------
| rollout/              |            |
|    ep_len_mean        | 500        |
|    ep_rew_mean        | -3.87e+03  |
| time/                 |            |
|    fps                | 9          |
|    iterations         | 4400       |
|    time_elapsed       | 3666       |
|    total_timesteps    | 35200      |
| train/                |            |
|    c_learning_rate    | 0.000498   |
|    d_grad_norm        | 0.904      |
|    d_learning_rate    | 0.00498    |
|    entropy_loss       | -3.02      |
|    explained_variance | 0.73180383 |
|    n_updates          | 4399       |
|    policy_loss        | -4.76      |
|    std                | 1.04       |
|    u_grad_norm        | 0.00271    |
|    u_learning_rate    | 0.000996   |
|    v_grad_norm        | 0.926      |
|    value_loss         | 3.91       |
--------------------------------------
-------------------------------------
| rollout/              |           |
|    ep_len_mean        | 500       |
|    ep_rew_mean        | -3.76e+03 |
| time/                 |           |
|    fps                | 9         |
|    iterations         | 4400      |
|    time_elapsed       | 3687      |
|    total_timesteps    | 35200     |
| train/                |           |
|    c_learning_rate    | 0.000498  |
|    d_grad_norm        | 1.13      |
|    d_learning_rate    | 0.00498   |
|    entropy_loss       | -2.81     |
|    explained_variance | 0.9127852 |
|    n_updates          | 4399      |
|    policy_loss        | -2.19     |
|    std                | 1.06      |
|    u_grad_norm        | 0.0168    |
|    u_learning_rate    | 0.000996  |
|    v_grad_norm        | 0.959     |
|    value_loss         | 0.533     |
-------------------------------------
-------------------------------------
| rollout/              |           |
|    ep_len_mean        | 500       |
|    ep_rew_mean        | -3.71e+03 |
| time/                 |           |
|    fps                | 9         |
|    iterations         | 4400      |
|    time_elapsed       | 3690      |
|    total_timesteps    | 35200     |
| train/                |           |
|    c_learning_rate    | 0.000498  |
|    d_grad_norm        | 0.934     |
|    d_learning_rate    | 0.00498   |
|    entropy_loss       | -3.25     |
|    explained_variance | 0.1557101 |
|    n_updates          | 4399      |
|    policy_loss        | -26.6     |
|    std                | 1.1       |
|    u_grad_norm        | 0.00374   |
|    u_learning_rate    | 0.000996  |
|    v_grad_norm        | 0.941     |
|    value_loss         | 189       |
-------------------------------------
---------------------------------------
| rollout/              |             |
|    ep_len_mean        | 500         |
|    ep_rew_mean        | -3.85e+03   |
| time/                 |             |
|    fps                | 9           |
|    iterations         | 4500        |
|    time_elapsed       | 3701        |
|    total_timesteps    | 36000       |
| train/                |             |
|    c_learning_rate    | 0.000498    |
|    d_grad_norm        | 1.12        |
|    d_learning_rate    | 0.00498     |
|    entropy_loss       | -2.77       |
|    explained_variance | -0.22928882 |
|    n_updates          | 4499        |
|    policy_loss        | -21.5       |
|    std                | 1.04        |
|    u_grad_norm        | 0.0152      |
|    u_learning_rate    | 0.000996    |
|    v_grad_norm        | 0.863       |
|    value_loss         | 96.7        |
---------------------------------------
-------------------------------------
| rollout/              |           |
|    ep_len_mean        | 500       |
|    ep_rew_mean        | -3.69e+03 |
| time/                 |           |
|    fps                | 9         |
|    iterations         | 4600      |
|    time_elapsed       | 3723      |
|    total_timesteps    | 36800     |
| train/                |           |
|    c_learning_rate    | 0.000498  |
|    d_grad_norm        | 1.19      |
|    d_learning_rate    | 0.00498   |
|    entropy_loss       | -2.16     |
|    explained_variance | 0.7304565 |
|    n_updates          | 4599      |
|    policy_loss        | 12.2      |
|    std                | 0.981     |
|    u_grad_norm        | 0.0157    |
|    u_learning_rate    | 0.000996  |
|    v_grad_norm        | 1.01      |
|    value_loss         | 65.5      |
-------------------------------------
-------------------------------------
| rollout/              |           |
|    ep_len_mean        | 500       |
|    ep_rew_mean        | -3.68e+03 |
| time/                 |           |
|    fps                | 9         |
|    iterations         | 4600      |
|    time_elapsed       | 3725      |
|    total_timesteps    | 36800     |
| train/                |           |
|    c_learning_rate    | 0.000498  |
|    d_grad_norm        | 0.96      |
|    d_learning_rate    | 0.00498   |
|    entropy_loss       | -2.6      |
|    explained_variance | 0.993875  |
|    n_updates          | 4599      |
|    policy_loss        | 11.2      |
|    std                | 1.02      |
|    u_grad_norm        | 0.0254    |
|    u_learning_rate    | 0.000996  |
|    v_grad_norm        | 0.943     |
|    value_loss         | 9.53      |
-------------------------------------
-------------------------------------
| rollout/              |           |
|    ep_len_mean        | 500       |
|    ep_rew_mean        | -3.69e+03 |
| time/                 |           |
|    fps                | 9         |
|    iterations         | 4600      |
|    time_elapsed       | 3725      |
|    total_timesteps    | 36800     |
| train/                |           |
|    c_learning_rate    | 0.000498  |
|    d_grad_norm        | 0.934     |
|    d_learning_rate    | 0.00498   |
|    entropy_loss       | -3.04     |
|    explained_variance | 0.97636   |
|    n_updates          | 4599      |
|    policy_loss        | -9.15     |
|    std                | 1.09      |
|    u_grad_norm        | 0.0171    |
|    u_learning_rate    | 0.000996  |
|    v_grad_norm        | 0.91      |
|    value_loss         | 10.2      |
-------------------------------------
--------------------------------------
| rollout/              |            |
|    ep_len_mean        | 500        |
|    ep_rew_mean        | -3.77e+03  |
| time/                 |            |
|    fps                | 9          |
|    iterations         | 4600       |
|    time_elapsed       | 3726       |
|    total_timesteps    | 36800      |
| train/                |            |
|    c_learning_rate    | 0.000498   |
|    d_grad_norm        | 0.984      |
|    d_learning_rate    | 0.00498    |
|    entropy_loss       | -3.29      |
|    explained_variance | 0.31777793 |
|    n_updates          | 4599       |
|    policy_loss        | -29.5      |
|    std                | 1.02       |
|    u_grad_norm        | 0.015      |
|    u_learning_rate    | 0.000996   |
|    v_grad_norm        | 0.884      |
|    value_loss         | 72.3       |
--------------------------------------
-------------------------------------
| rollout/              |           |
|    ep_len_mean        | 500       |
|    ep_rew_mean        | -3.75e+03 |
| time/                 |           |
|    fps                | 9         |
|    iterations         | 4500      |
|    time_elapsed       | 3726      |
|    total_timesteps    | 36000     |
| train/                |           |
|    c_learning_rate    | 0.000498  |
|    d_grad_norm        | 0.931     |
|    d_learning_rate    | 0.00498   |
|    entropy_loss       | -2.84     |
|    explained_variance | 0.8270653 |
|    n_updates          | 4499      |
|    policy_loss        | 12.9      |
|    std                | 1.06      |
|    u_grad_norm        | 0.00614   |
|    u_learning_rate    | 0.000996  |
|    v_grad_norm        | 0.827     |
|    value_loss         | 26.1      |
-------------------------------------
--------------------------------------
| rollout/              |            |
|    ep_len_mean        | 500        |
|    ep_rew_mean        | -3.81e+03  |
| time/                 |            |
|    fps                | 9          |
|    iterations         | 4600       |
|    time_elapsed       | 3728       |
|    total_timesteps    | 36800      |
| train/                |            |
|    c_learning_rate    | 0.000498   |
|    d_grad_norm        | 0.974      |
|    d_learning_rate    | 0.00498    |
|    entropy_loss       | -2.6       |
|    explained_variance | 0.46869147 |
|    n_updates          | 4599       |
|    policy_loss        | -0.949     |
|    std                | 1.07       |
|    u_grad_norm        | 0.00468    |
|    u_learning_rate    | 0.000996   |
|    v_grad_norm        | 0.949      |
|    value_loss         | 10.6       |
--------------------------------------
--------------------------------------
| rollout/              |            |
|    ep_len_mean        | 500        |
|    ep_rew_mean        | -3.7e+03   |
| time/                 |            |
|    fps                | 9          |
|    iterations         | 4600       |
|    time_elapsed       | 3729       |
|    total_timesteps    | 36800      |
| train/                |            |
|    c_learning_rate    | 0.000498   |
|    d_grad_norm        | 1.02       |
|    d_learning_rate    | 0.00498    |
|    entropy_loss       | -2.75      |
|    explained_variance | -0.8453146 |
|    n_updates          | 4599       |
|    policy_loss        | -15.7      |
|    std                | 1.03       |
|    u_grad_norm        | 0.0389     |
|    u_learning_rate    | 0.000996   |
|    v_grad_norm        | 0.939      |
|    value_loss         | 15.6       |
--------------------------------------
-------------------------------------
| rollout/              |           |
|    ep_len_mean        | 500       |
|    ep_rew_mean        | -3.69e+03 |
| time/                 |           |
|    fps                | 9         |
|    iterations         | 4500      |
|    time_elapsed       | 3730      |
|    total_timesteps    | 36000     |
| train/                |           |
|    c_learning_rate    | 0.000498  |
|    d_grad_norm        | 0.948     |
|    d_learning_rate    | 0.00498   |
|    entropy_loss       | -3.4      |
|    explained_variance | 0.9790215 |
|    n_updates          | 4499      |
|    policy_loss        | -1        |
|    std                | 1.1       |
|    u_grad_norm        | 0.00698   |
|    u_learning_rate    | 0.000996  |
|    v_grad_norm        | 0.739     |
|    value_loss         | 4         |
-------------------------------------
--------------------------------------
| rollout/              |            |
|    ep_len_mean        | 500        |
|    ep_rew_mean        | -3.87e+03  |
| time/                 |            |
|    fps                | 9          |
|    iterations         | 4600       |
|    time_elapsed       | 3737       |
|    total_timesteps    | 36800      |
| train/                |            |
|    c_learning_rate    | 0.000498   |
|    d_grad_norm        | 1.02       |
|    d_learning_rate    | 0.00498    |
|    entropy_loss       | -2.35      |
|    explained_variance | 0.49072146 |
|    n_updates          | 4599       |
|    policy_loss        | 22         |
|    std                | 0.99       |
|    u_grad_norm        | 0.0453     |
|    u_learning_rate    | 0.000996   |
|    v_grad_norm        | 0.992      |
|    value_loss         | 69.3       |
--------------------------------------
--------------------------------------
| rollout/              |            |
|    ep_len_mean        | 500        |
|    ep_rew_mean        | -3.85e+03  |
| time/                 |            |
|    fps                | 9          |
|    iterations         | 4600       |
|    time_elapsed       | 3782       |
|    total_timesteps    | 36800      |
| train/                |            |
|    c_learning_rate    | 0.000498   |
|    d_grad_norm        | 0.954      |
|    d_learning_rate    | 0.00498    |
|    entropy_loss       | -2.42      |
|    explained_variance | -10.982733 |
|    n_updates          | 4599       |
|    policy_loss        | 2.71       |
|    std                | 1.03       |
|    u_grad_norm        | 0.0224     |
|    u_learning_rate    | 0.000996   |
|    v_grad_norm        | 0.847      |
|    value_loss         | 18.8       |
--------------------------------------
--------------------------------------
| rollout/              |            |
|    ep_len_mean        | 500        |
|    ep_rew_mean        | -3.67e+03  |
| time/                 |            |
|    fps                | 9          |
|    iterations         | 4700       |
|    time_elapsed       | 3798       |
|    total_timesteps    | 37600      |
| train/                |            |
|    c_learning_rate    | 0.000498   |
|    d_grad_norm        | 0.484      |
|    d_learning_rate    | 0.00498    |
|    entropy_loss       | -1.8       |
|    explained_variance | 0.98326975 |
|    n_updates          | 4699       |
|    policy_loss        | 0.234      |
|    std                | 0.977      |
|    u_grad_norm        | 0.0153     |
|    u_learning_rate    | 0.000996   |
|    v_grad_norm        | 0.885      |
|    value_loss         | 2.31       |
--------------------------------------
--------------------------------------
| rollout/              |            |
|    ep_len_mean        | 500        |
|    ep_rew_mean        | -3.66e+03  |
| time/                 |            |
|    fps                | 9          |
|    iterations         | 4700       |
|    time_elapsed       | 3800       |
|    total_timesteps    | 37600      |
| train/                |            |
|    c_learning_rate    | 0.000498   |
|    d_grad_norm        | 1.01       |
|    d_learning_rate    | 0.00498    |
|    entropy_loss       | -2.05      |
|    explained_variance | -2.2215974 |
|    n_updates          | 4699       |
|    policy_loss        | -7.22      |
|    std                | 1.02       |
|    u_grad_norm        | 0.0169     |
|    u_learning_rate    | 0.000996   |
|    v_grad_norm        | 0.948      |
|    value_loss         | 20.6       |
--------------------------------------
-------------------------------------
| rollout/              |           |
|    ep_len_mean        | 500       |
|    ep_rew_mean        | -3.68e+03 |
| time/                 |           |
|    fps                | 9         |
|    iterations         | 4700      |
|    time_elapsed       | 3800      |
|    total_timesteps    | 37600     |
| train/                |           |
|    c_learning_rate    | 0.000498  |
|    d_grad_norm        | 0.756     |
|    d_learning_rate    | 0.00498   |
|    entropy_loss       | -3.42     |
|    explained_variance | 0.9972812 |
|    n_updates          | 4699      |
|    policy_loss        | -1.67     |
|    std                | 1.09      |
|    u_grad_norm        | 0.00258   |
|    u_learning_rate    | 0.000996  |
|    v_grad_norm        | 0.92      |
|    value_loss         | 0.837     |
-------------------------------------
--------------------------------------
| rollout/              |            |
|    ep_len_mean        | 500        |
|    ep_rew_mean        | -3.76e+03  |
| time/                 |            |
|    fps                | 9          |
|    iterations         | 4700       |
|    time_elapsed       | 3801       |
|    total_timesteps    | 37600      |
| train/                |            |
|    c_learning_rate    | 0.000498   |
|    d_grad_norm        | 1.09       |
|    d_learning_rate    | 0.00498    |
|    entropy_loss       | -3.06      |
|    explained_variance | 0.99163747 |
|    n_updates          | 4699       |
|    policy_loss        | 5.02       |
|    std                | 1.03       |
|    u_grad_norm        | 0.00778    |
|    u_learning_rate    | 0.000996   |
|    v_grad_norm        | 0.933      |
|    value_loss         | 4.81       |
--------------------------------------
--------------------------------------
| rollout/              |            |
|    ep_len_mean        | 500        |
|    ep_rew_mean        | -3.74e+03  |
| time/                 |            |
|    fps                | 9          |
|    iterations         | 4600       |
|    time_elapsed       | 3802       |
|    total_timesteps    | 36800      |
| train/                |            |
|    c_learning_rate    | 0.000498   |
|    d_grad_norm        | 1.03       |
|    d_learning_rate    | 0.00498    |
|    entropy_loss       | -3.18      |
|    explained_variance | 0.83392876 |
|    n_updates          | 4599       |
|    policy_loss        | -22        |
|    std                | 1.06       |
|    u_grad_norm        | 0.0201     |
|    u_learning_rate    | 0.000996   |
|    v_grad_norm        | 0.895      |
|    value_loss         | 39.2       |
--------------------------------------
--------------------------------------
| rollout/              |            |
|    ep_len_mean        | 500        |
|    ep_rew_mean        | -3.8e+03   |
| time/                 |            |
|    fps                | 9          |
|    iterations         | 4700       |
|    time_elapsed       | 3803       |
|    total_timesteps    | 37600      |
| train/                |            |
|    c_learning_rate    | 0.000498   |
|    d_grad_norm        | 0.887      |
|    d_learning_rate    | 0.00498    |
|    entropy_loss       | -2.97      |
|    explained_variance | -1.2993953 |
|    n_updates          | 4699       |
|    policy_loss        | -11        |
|    std                | 1.07       |
|    u_grad_norm        | 0.00708    |
|    u_learning_rate    | 0.000996   |
|    v_grad_norm        | 0.836      |
|    value_loss         | 29.7       |
--------------------------------------
-------------------------------------
| rollout/              |           |
|    ep_len_mean        | 500       |
|    ep_rew_mean        | -3.69e+03 |
| time/                 |           |
|    fps                | 9         |
|    iterations         | 4700      |
|    time_elapsed       | 3805      |
|    total_timesteps    | 37600     |
| train/                |           |
|    c_learning_rate    | 0.000498  |
|    d_grad_norm        | 0.981     |
|    d_learning_rate    | 0.00498   |
|    entropy_loss       | -3.54     |
|    explained_variance | 0.8254918 |
|    n_updates          | 4699      |
|    policy_loss        | -36       |
|    std                | 1.02      |
|    u_grad_norm        | 0.00612   |
|    u_learning_rate    | 0.000996  |
|    v_grad_norm        | 0.718     |
|    value_loss         | 140       |
-------------------------------------
--------------------------------------
| rollout/              |            |
|    ep_len_mean        | 500        |
|    ep_rew_mean        | -3.68e+03  |
| time/                 |            |
|    fps                | 9          |
|    iterations         | 4600       |
|    time_elapsed       | 3805       |
|    total_timesteps    | 36800      |
| train/                |            |
|    c_learning_rate    | 0.000498   |
|    d_grad_norm        | 1.02       |
|    d_learning_rate    | 0.00498    |
|    entropy_loss       | -2.69      |
|    explained_variance | 0.96784765 |
|    n_updates          | 4599       |
|    policy_loss        | -19.6      |
|    std                | 1.1        |
|    u_grad_norm        | 0.0413     |
|    u_learning_rate    | 0.000996   |
|    v_grad_norm        | 0.932      |
|    value_loss         | 37.4       |
--------------------------------------
-------------------------------------
| rollout/              |           |
|    ep_len_mean        | 500       |
|    ep_rew_mean        | -3.86e+03 |
| time/                 |           |
|    fps                | 9         |
|    iterations         | 4700      |
|    time_elapsed       | 3816      |
|    total_timesteps    | 37600     |
| train/                |           |
|    c_learning_rate    | 0.000498  |
|    d_grad_norm        | 0.912     |
|    d_learning_rate    | 0.00498   |
|    entropy_loss       | -3.69     |
|    explained_variance | 0.6269858 |
|    n_updates          | 4699      |
|    policy_loss        | -46.9     |
|    std                | 0.99      |
|    u_grad_norm        | 0.00246   |
|    u_learning_rate    | 0.000996  |
|    v_grad_norm        | 0.826     |
|    value_loss         | 273       |
-------------------------------------
-------------------------------------
| rollout/              |           |
|    ep_len_mean        | 500       |
|    ep_rew_mean        | -3.83e+03 |
| time/                 |           |
|    fps                | 9         |
|    iterations         | 4700      |
|    time_elapsed       | 3862      |
|    total_timesteps    | 37600     |
| train/                |           |
|    c_learning_rate    | 0.000498  |
|    d_grad_norm        | 0.77      |
|    d_learning_rate    | 0.00498   |
|    entropy_loss       | -3.71     |
|    explained_variance | 0.8228593 |
|    n_updates          | 4699      |
|    policy_loss        | 5.97      |
|    std                | 1.03      |
|    u_grad_norm        | 0.00354   |
|    u_learning_rate    | 0.000996  |
|    v_grad_norm        | 0.843     |
|    value_loss         | 34.1      |
-------------------------------------
--------------------------------------
| rollout/              |            |
|    ep_len_mean        | 500        |
|    ep_rew_mean        | -3.66e+03  |
| time/                 |            |
|    fps                | 9          |
|    iterations         | 4800       |
|    time_elapsed       | 3872       |
|    total_timesteps    | 38400      |
| train/                |            |
|    c_learning_rate    | 0.000498   |
|    d_grad_norm        | 1.02       |
|    d_learning_rate    | 0.00498    |
|    entropy_loss       | -2.45      |
|    explained_variance | 0.25994188 |
|    n_updates          | 4799       |
|    policy_loss        | -8.81      |
|    std                | 0.979      |
|    u_grad_norm        | 0.000295   |
|    u_learning_rate    | 0.000996   |
|    v_grad_norm        | 0.978      |
|    value_loss         | 14.2       |
--------------------------------------
-------------------------------------
| rollout/              |           |
|    ep_len_mean        | 500       |
|    ep_rew_mean        | -3.65e+03 |
| time/                 |           |
|    fps                | 9         |
|    iterations         | 4800      |
|    time_elapsed       | 3875      |
|    total_timesteps    | 38400     |
| train/                |           |
|    c_learning_rate    | 0.000498  |
|    d_grad_norm        | 0.794     |
|    d_learning_rate    | 0.00498   |
|    entropy_loss       | -3.24     |
|    explained_variance | 0.9466685 |
|    n_updates          | 4799      |
|    policy_loss        | -4.91     |
|    std                | 1.02      |
|    u_grad_norm        | 0.00939   |
|    u_learning_rate    | 0.000996  |
|    v_grad_norm        | 0.939     |
|    value_loss         | 4.67      |
-------------------------------------
-------------------------------------
| rollout/              |           |
|    ep_len_mean        | 500       |
|    ep_rew_mean        | -3.67e+03 |
| time/                 |           |
|    fps                | 9         |
|    iterations         | 4800      |
|    time_elapsed       | 3875      |
|    total_timesteps    | 38400     |
| train/                |           |
|    c_learning_rate    | 0.000498  |
|    d_grad_norm        | 0.896     |
|    d_learning_rate    | 0.00498   |
|    entropy_loss       | -3.23     |
|    explained_variance | 0.9969224 |
|    n_updates          | 4799      |
|    policy_loss        | 6.43      |
|    std                | 1.1       |
|    u_grad_norm        | 0.00307   |
|    u_learning_rate    | 0.000996  |
|    v_grad_norm        | 0.875     |
|    value_loss         | 5.74      |
-------------------------------------
-------------------------------------
| rollout/              |           |
|    ep_len_mean        | 500       |
|    ep_rew_mean        | -3.75e+03 |
| time/                 |           |
|    fps                | 9         |
|    iterations         | 4800      |
|    time_elapsed       | 3875      |
|    total_timesteps    | 38400     |
| train/                |           |
|    c_learning_rate    | 0.000498  |
|    d_grad_norm        | 0.975     |
|    d_learning_rate    | 0.00498   |
|    entropy_loss       | -2.7      |
|    explained_variance | 0.6626606 |
|    n_updates          | 4799      |
|    policy_loss        | 18.7      |
|    std                | 1.03      |
|    u_grad_norm        | 0.0157    |
|    u_learning_rate    | 0.000996  |
|    v_grad_norm        | 0.859     |
|    value_loss         | 68.9      |
-------------------------------------
--------------------------------------
| rollout/              |            |
|    ep_len_mean        | 500        |
|    ep_rew_mean        | -3.79e+03  |
| time/                 |            |
|    fps                | 9          |
|    iterations         | 4800       |
|    time_elapsed       | 3877       |
|    total_timesteps    | 38400      |
| train/                |            |
|    c_learning_rate    | 0.000498   |
|    d_grad_norm        | 1.09       |
|    d_learning_rate    | 0.00498    |
|    entropy_loss       | -2.76      |
|    explained_variance | 0.79252994 |
|    n_updates          | 4799       |
|    policy_loss        | -5.67      |
|    std                | 1.07       |
|    u_grad_norm        | 0.00165    |
|    u_learning_rate    | 0.000996   |
|    v_grad_norm        | 0.97       |
|    value_loss         | 6.89       |
--------------------------------------
-------------------------------------
| rollout/              |           |
|    ep_len_mean        | 500       |
|    ep_rew_mean        | -3.74e+03 |
| time/                 |           |
|    fps                | 9         |
|    iterations         | 4700      |
|    time_elapsed       | 3878      |
|    total_timesteps    | 37600     |
| train/                |           |
|    c_learning_rate    | 0.000498  |
|    d_grad_norm        | 0.086     |
|    d_learning_rate    | 0.00498   |
|    entropy_loss       | -1.84     |
|    explained_variance | 0.9961889 |
|    n_updates          | 4699      |
|    policy_loss        | 0.0405    |
|    std                | 1.07      |
|    u_grad_norm        | 0.0675    |
|    u_learning_rate    | 0.000996  |
|    v_grad_norm        | 1.01      |
|    value_loss         | 0.306     |
-------------------------------------
--------------------------------------
| rollout/              |            |
|    ep_len_mean        | 500        |
|    ep_rew_mean        | -3.68e+03  |
| time/                 |            |
|    fps                | 9          |
|    iterations         | 4800       |
|    time_elapsed       | 3880       |
|    total_timesteps    | 38400      |
| train/                |            |
|    c_learning_rate    | 0.000498   |
|    d_grad_norm        | 0.938      |
|    d_learning_rate    | 0.00498    |
|    entropy_loss       | -2.45      |
|    explained_variance | 0.88520694 |
|    n_updates          | 4799       |
|    policy_loss        | 6          |
|    std                | 1.02       |
|    u_grad_norm        | 0.00201    |
|    u_learning_rate    | 0.000996   |
|    v_grad_norm        | 0.995      |
|    value_loss         | 11.8       |
--------------------------------------
-------------------------------------
| rollout/              |           |
|    ep_len_mean        | 500       |
|    ep_rew_mean        | -3.66e+03 |
| time/                 |           |
|    fps                | 9         |
|    iterations         | 4700      |
|    time_elapsed       | 3880      |
|    total_timesteps    | 37600     |
| train/                |           |
|    c_learning_rate    | 0.000498  |
|    d_grad_norm        | 0.784     |
|    d_learning_rate    | 0.00498   |
|    entropy_loss       | -3.43     |
|    explained_variance | 0.9864206 |
|    n_updates          | 4699      |
|    policy_loss        | 0.274     |
|    std                | 1.08      |
|    u_grad_norm        | 0.00305   |
|    u_learning_rate    | 0.000996  |
|    v_grad_norm        | 0.671     |
|    value_loss         | 2.55      |
-------------------------------------
-------------------------------------
| rollout/              |           |
|    ep_len_mean        | 500       |
|    ep_rew_mean        | -3.86e+03 |
| time/                 |           |
|    fps                | 9         |
|    iterations         | 4800      |
|    time_elapsed       | 3895      |
|    total_timesteps    | 38400     |
| train/                |           |
|    c_learning_rate    | 0.000498  |
|    d_grad_norm        | 0.869     |
|    d_learning_rate    | 0.00498   |
|    entropy_loss       | -3.98     |
|    explained_variance | 0.9723083 |
|    n_updates          | 4799      |
|    policy_loss        | 11.9      |
|    std                | 0.977     |
|    u_grad_norm        | 0.00413   |
|    u_learning_rate    | 0.000996  |
|    v_grad_norm        | 0.74      |
|    value_loss         | 17.6      |
-------------------------------------
--------------------------------------
| rollout/              |            |
|    ep_len_mean        | 500        |
|    ep_rew_mean        | -3.82e+03  |
| time/                 |            |
|    fps                | 9          |
|    iterations         | 4800       |
|    time_elapsed       | 3942       |
|    total_timesteps    | 38400      |
| train/                |            |
|    c_learning_rate    | 0.000498   |
|    d_grad_norm        | 0.997      |
|    d_learning_rate    | 0.00498    |
|    entropy_loss       | -2.85      |
|    explained_variance | 0.86710435 |
|    n_updates          | 4799       |
|    policy_loss        | 7.04       |
|    std                | 1.03       |
|    u_grad_norm        | 0.00704    |
|    u_learning_rate    | 0.000996   |
|    v_grad_norm        | 0.861      |
|    value_loss         | 13.3       |
--------------------------------------
-------------------------------------
| rollout/              |           |
|    ep_len_mean        | 500       |
|    ep_rew_mean        | -3.65e+03 |
| time/                 |           |
|    fps                | 9         |
|    iterations         | 4900      |
|    time_elapsed       | 3947      |
|    total_timesteps    | 39200     |
| train/                |           |
|    c_learning_rate    | 0.000498  |
|    d_grad_norm        | 1.05      |
|    d_learning_rate    | 0.00498   |
|    entropy_loss       | -2.81     |
|    explained_variance | 0.9126315 |
|    n_updates          | 4899      |
|    policy_loss        | 2.33      |
|    std                | 0.981     |
|    u_grad_norm        | 0.0074    |
|    u_learning_rate    | 0.000996  |
|    v_grad_norm        | 0.925     |
|    value_loss         | 0.875     |
-------------------------------------
-------------------------------------
| rollout/              |           |
|    ep_len_mean        | 500       |
|    ep_rew_mean        | -3.64e+03 |
| time/                 |           |
|    fps                | 9         |
|    iterations         | 4900      |
|    time_elapsed       | 3950      |
|    total_timesteps    | 39200     |
| train/                |           |
|    c_learning_rate    | 0.000498  |
|    d_grad_norm        | 1.2       |
|    d_learning_rate    | 0.00498   |
|    entropy_loss       | -1.91     |
|    explained_variance | 0.7861608 |
|    n_updates          | 4899      |
|    policy_loss        | -2.2      |
|    std                | 1.02      |
|    u_grad_norm        | 0.00452   |
|    u_learning_rate    | 0.000996  |
|    v_grad_norm        | 0.931     |
|    value_loss         | 2.59      |
-------------------------------------
-------------------------------------
| rollout/              |           |
|    ep_len_mean        | 500       |
|    ep_rew_mean        | -3.72e+03 |
| time/                 |           |
|    fps                | 9         |
|    iterations         | 4900      |
|    time_elapsed       | 3950      |
|    total_timesteps    | 39200     |
| train/                |           |
|    c_learning_rate    | 0.000498  |
|    d_grad_norm        | 1.18      |
|    d_learning_rate    | 0.00498   |
|    entropy_loss       | -2.03     |
|    explained_variance | 0.356829  |
|    n_updates          | 4899      |
|    policy_loss        | -2.99     |
|    std                | 1.02      |
|    u_grad_norm        | 0.0705    |
|    u_learning_rate    | 0.000996  |
|    v_grad_norm        | 0.931     |
|    value_loss         | 4.11      |
-------------------------------------
--------------------------------------
| rollout/              |            |
|    ep_len_mean        | 500        |
|    ep_rew_mean        | -3.66e+03  |
| time/                 |            |
|    fps                | 9          |
|    iterations         | 4900       |
|    time_elapsed       | 3950       |
|    total_timesteps    | 39200      |
| train/                |            |
|    c_learning_rate    | 0.000498   |
|    d_grad_norm        | 1.19       |
|    d_learning_rate    | 0.00498    |
|    entropy_loss       | -2.25      |
|    explained_variance | 0.22653097 |
|    n_updates          | 4899       |
|    policy_loss        | 6.58       |
|    std                | 1.1        |
|    u_grad_norm        | 0.00452    |
|    u_learning_rate    | 0.000996   |
|    v_grad_norm        | 0.925      |
|    value_loss         | 16         |
--------------------------------------
--------------------------------------
| rollout/              |            |
|    ep_len_mean        | 500        |
|    ep_rew_mean        | -3.77e+03  |
| time/                 |            |
|    fps                | 9          |
|    iterations         | 4900       |
|    time_elapsed       | 3952       |
|    total_timesteps    | 39200      |
| train/                |            |
|    c_learning_rate    | 0.000498   |
|    d_grad_norm        | 1.1        |
|    d_learning_rate    | 0.00498    |
|    entropy_loss       | -2.64      |
|    explained_variance | 0.70656025 |
|    n_updates          | 4899       |
|    policy_loss        | 6.7        |
|    std                | 1.06       |
|    u_grad_norm        | 0.00987    |
|    u_learning_rate    | 0.000996   |
|    v_grad_norm        | 0.89       |
|    value_loss         | 7.33       |
--------------------------------------
--------------------------------------
| rollout/              |            |
|    ep_len_mean        | 500        |
|    ep_rew_mean        | -3.73e+03  |
| time/                 |            |
|    fps                | 9          |
|    iterations         | 4800       |
|    time_elapsed       | 3954       |
|    total_timesteps    | 38400      |
| train/                |            |
|    c_learning_rate    | 0.000498   |
|    d_grad_norm        | 0.886      |
|    d_learning_rate    | 0.00498    |
|    entropy_loss       | -3.15      |
|    explained_variance | 0.98584026 |
|    n_updates          | 4799       |
|    policy_loss        | 4.23       |
|    std                | 1.07       |
|    u_grad_norm        | 0.00198    |
|    u_learning_rate    | 0.000996   |
|    v_grad_norm        | 0.929      |
|    value_loss         | 6.36       |
--------------------------------------
-------------------------------------
| rollout/              |           |
|    ep_len_mean        | 500       |
|    ep_rew_mean        | -3.66e+03 |
| time/                 |           |
|    fps                | 9         |
|    iterations         | 4800      |
|    time_elapsed       | 3955      |
|    total_timesteps    | 38400     |
| train/                |           |
|    c_learning_rate    | 0.000498  |
|    d_grad_norm        | 1.04      |
|    d_learning_rate    | 0.00498   |
|    entropy_loss       | -3        |
|    explained_variance | 0.8695402 |
|    n_updates          | 4799      |
|    policy_loss        | 3.37      |
|    std                | 1.09      |
|    u_grad_norm        | 0.00172   |
|    u_learning_rate    | 0.000996  |
|    v_grad_norm        | 0.964     |
|    value_loss         | 3.74      |
-------------------------------------
--------------------------------------
| rollout/              |            |
|    ep_len_mean        | 500        |
|    ep_rew_mean        | -3.67e+03  |
| time/                 |            |
|    fps                | 9          |
|    iterations         | 4900       |
|    time_elapsed       | 3955       |
|    total_timesteps    | 39200      |
| train/                |            |
|    c_learning_rate    | 0.000498   |
|    d_grad_norm        | 1.09       |
|    d_learning_rate    | 0.00498    |
|    entropy_loss       | -3.01      |
|    explained_variance | 0.22593415 |
|    n_updates          | 4899       |
|    policy_loss        | 0.61       |
|    std                | 1.02       |
|    u_grad_norm        | 0.0117     |
|    u_learning_rate    | 0.000996   |
|    v_grad_norm        | 0.953      |
|    value_loss         | 1.56       |
--------------------------------------
-------------------------------------
| rollout/              |           |
|    ep_len_mean        | 500       |
|    ep_rew_mean        | -3.84e+03 |
| time/                 |           |
|    fps                | 9         |
|    iterations         | 4900      |
|    time_elapsed       | 3975      |
|    total_timesteps    | 39200     |
| train/                |           |
|    c_learning_rate    | 0.000498  |
|    d_grad_norm        | 0.884     |
|    d_learning_rate    | 0.00498   |
|    entropy_loss       | -2.97     |
|    explained_variance | 0.9841903 |
|    n_updates          | 4899      |
|    policy_loss        | -12.8     |
|    std                | 0.971     |
|    u_grad_norm        | 0.0142    |
|    u_learning_rate    | 0.000996  |
|    v_grad_norm        | 0.767     |
|    value_loss         | 22.8      |
-------------------------------------
-------------------------------------
| rollout/              |           |
|    ep_len_mean        | 500       |
|    ep_rew_mean        | -3.81e+03 |
| time/                 |           |
|    fps                | 9         |
|    iterations         | 4900      |
|    time_elapsed       | 4021      |
|    total_timesteps    | 39200     |
| train/                |           |
|    c_learning_rate    | 0.000498  |
|    d_grad_norm        | 0.942     |
|    d_learning_rate    | 0.00498   |
|    entropy_loss       | -2.6      |
|    explained_variance | 0.7578615 |
|    n_updates          | 4899      |
|    policy_loss        | -7.64     |
|    std                | 1.03      |
|    u_grad_norm        | 0.00513   |
|    u_learning_rate    | 0.000996  |
|    v_grad_norm        | 0.965     |
|    value_loss         | 14.8      |
-------------------------------------
-------------------------------------
| rollout/              |           |
|    ep_len_mean        | 500       |
|    ep_rew_mean        | -3.72e+03 |
| time/                 |           |
|    fps                | 9         |
|    iterations         | 4900      |
|    time_elapsed       | 4029      |
|    total_timesteps    | 39200     |
| train/                |           |
|    c_learning_rate    | 0.000498  |
|    d_grad_norm        | 1.06      |
|    d_learning_rate    | 0.00498   |
|    entropy_loss       | -2.06     |
|    explained_variance | 0.9822262 |
|    n_updates          | 4899      |
|    policy_loss        | 3.34      |
|    std                | 1.07      |
|    u_grad_norm        | 0.0179    |
|    u_learning_rate    | 0.000996  |
|    v_grad_norm        | 0.954     |
|    value_loss         | 5.04      |
-------------------------------------
-------------------------------------
| rollout/              |           |
|    ep_len_mean        | 500       |
|    ep_rew_mean        | -3.65e+03 |
| time/                 |           |
|    fps                | 9         |
|    iterations         | 4900      |
|    time_elapsed       | 4030      |
|    total_timesteps    | 39200     |
| train/                |           |
|    c_learning_rate    | 0.000498  |
|    d_grad_norm        | 0.982     |
|    d_learning_rate    | 0.00498   |
|    entropy_loss       | -3.36     |
|    explained_variance | 0.9863639 |
|    n_updates          | 4899      |
|    policy_loss        | 9.61      |
|    std                | 1.08      |
|    u_grad_norm        | 0.0118    |
|    u_learning_rate    | 0.000996  |
|    v_grad_norm        | 0.853     |
|    value_loss         | 9.55      |
-------------------------------------
Eval num_timesteps=40000, episode_reward=-3795.95 +/- 372.83
Episode length: 500.00 +/- 0.00
--------------------------------------
| eval/                 |            |
|    mean_ep_length     | 500        |
|    mean_reward        | -3.8e+03   |
| time/                 |            |
|    total_timesteps    | 40000      |
| train/                |            |
|    c_learning_rate    | 0.000498   |
|    d_grad_norm        | 0.914      |
|    d_learning_rate    | 0.00498    |
|    entropy_loss       | -2.19      |
|    explained_variance | 0.92258763 |
|    n_updates          | 4999       |
|    policy_loss        | -3.4       |
|    std                | 0.974      |
|    u_grad_norm        | 0.0106     |
|    u_learning_rate    | 0.000996   |
|    v_grad_norm        | 0.769      |
|    value_loss         | 10.1       |
--------------------------------------
----------------------------------
| rollout/           |           |
|    ep_len_mean     | 500       |
|    ep_rew_mean     | -3.65e+03 |
| time/              |           |
|    fps             | 9         |
|    iterations      | 5000      |
|    time_elapsed    | 4197      |
|    total_timesteps | 40000     |
----------------------------------
Eval num_timesteps=40000, episode_reward=-3463.60 +/- 43.00
Episode length: 500.00 +/- 0.00
-------------------------------------
| eval/                 |           |
|    mean_ep_length     | 500       |
|    mean_reward        | -3.46e+03 |
| time/                 |           |
|    total_timesteps    | 40000     |
| train/                |           |
|    c_learning_rate    | 0.000498  |
|    d_grad_norm        | 1.05      |
|    d_learning_rate    | 0.00498   |
|    entropy_loss       | -2.99     |
|    explained_variance | 0.942011  |
|    n_updates          | 4999      |
|    policy_loss        | -13.1     |
|    std                | 1.01      |
|    u_grad_norm        | 0.0137    |
|    u_learning_rate    | 0.000996  |
|    v_grad_norm        | 0.961     |
|    value_loss         | 16.1      |
-------------------------------------
New best mean reward!
----------------------------------
| rollout/           |           |
|    ep_len_mean     | 500       |
|    ep_rew_mean     | -3.63e+03 |
| time/              |           |
|    fps             | 9         |
|    iterations      | 5000      |
|    time_elapsed    | 4199      |
|    total_timesteps | 40000     |
----------------------------------
Eval num_timesteps=40000, episode_reward=-3257.48 +/- 393.05
Episode length: 500.00 +/- 0.00
-------------------------------------
| eval/                 |           |
|    mean_ep_length     | 500       |
|    mean_reward        | -3.26e+03 |
| time/                 |           |
|    total_timesteps    | 40000     |
| train/                |           |
|    c_learning_rate    | 0.000498  |
|    d_grad_norm        | 1.13      |
|    d_learning_rate    | 0.00498   |
|    entropy_loss       | -2.41     |
|    explained_variance | 0.3669933 |
|    n_updates          | 4999      |
|    policy_loss        | -0.7      |
|    std                | 1.03      |
|    u_grad_norm        | 0.00226   |
|    u_learning_rate    | 0.000996  |
|    v_grad_norm        | 0.925     |
|    value_loss         | 0.141     |
-------------------------------------
New best mean reward!
----------------------------------
| rollout/           |           |
|    ep_len_mean     | 500       |
|    ep_rew_mean     | -3.72e+03 |
| time/              |           |
|    fps             | 9         |
|    iterations      | 5000      |
|    time_elapsed    | 4199      |
|    total_timesteps | 40000     |
----------------------------------
Eval num_timesteps=40000, episode_reward=-3474.16 +/- 94.25
Episode length: 500.00 +/- 0.00
-------------------------------------
| eval/                 |           |
|    mean_ep_length     | 500       |
|    mean_reward        | -3.47e+03 |
| time/                 |           |
|    total_timesteps    | 40000     |
| train/                |           |
|    c_learning_rate    | 0.000498  |
|    d_grad_norm        | 0.995     |
|    d_learning_rate    | 0.00498   |
|    entropy_loss       | -2.68     |
|    explained_variance | 0.7034511 |
|    n_updates          | 4999      |
|    policy_loss        | 3.89      |
|    std                | 1.1       |
|    u_grad_norm        | 0.0071    |
|    u_learning_rate    | 0.000996  |
|    v_grad_norm        | 0.837     |
|    value_loss         | 4.5       |
-------------------------------------
----------------------------------
| rollout/           |           |
|    ep_len_mean     | 500       |
|    ep_rew_mean     | -3.65e+03 |
| time/              |           |
|    fps             | 9         |
|    iterations      | 5000      |
|    time_elapsed    | 4199      |
|    total_timesteps | 40000     |
----------------------------------
Eval num_timesteps=40000, episode_reward=-3497.38 +/- 82.10
Episode length: 500.00 +/- 0.00
--------------------------------------
| eval/                 |            |
|    mean_ep_length     | 500        |
|    mean_reward        | -3.5e+03   |
| time/                 |            |
|    total_timesteps    | 40000      |
| train/                |            |
|    c_learning_rate    | 0.000498   |
|    d_grad_norm        | 0.994      |
|    d_learning_rate    | 0.00498    |
|    entropy_loss       | -2.04      |
|    explained_variance | 0.78345037 |
|    n_updates          | 4999       |
|    policy_loss        | 17.1       |
|    std                | 1.06       |
|    u_grad_norm        | 0.0498     |
|    u_learning_rate    | 0.000996   |
|    v_grad_norm        | 0.949      |
|    value_loss         | 29         |
--------------------------------------
New best mean reward!
----------------------------------
| rollout/           |           |
|    ep_len_mean     | 500       |
|    ep_rew_mean     | -3.77e+03 |
| time/              |           |
|    fps             | 9         |
|    iterations      | 5000      |
|    time_elapsed    | 4201      |
|    total_timesteps | 40000     |
----------------------------------
Eval num_timesteps=40000, episode_reward=-3457.47 +/- 220.39
Episode length: 500.00 +/- 0.00
-------------------------------------
| eval/                 |           |
|    mean_ep_length     | 500       |
|    mean_reward        | -3.46e+03 |
| time/                 |           |
|    total_timesteps    | 40000     |
| train/                |           |
|    c_learning_rate    | 0.000498  |
|    d_grad_norm        | 1.22      |
|    d_learning_rate    | 0.00498   |
|    entropy_loss       | -3.09     |
|    explained_variance | 0.9348289 |
|    n_updates          | 4999      |
|    policy_loss        | -1.36     |
|    std                | 1         |
|    u_grad_norm        | 0.0063    |
|    u_learning_rate    | 0.000996  |
|    v_grad_norm        | 0.942     |
|    value_loss         | 0.749     |
-------------------------------------
New best mean reward!
----------------------------------
| rollout/           |           |
|    ep_len_mean     | 500       |
|    ep_rew_mean     | -3.68e+03 |
| time/              |           |
|    fps             | 9         |
|    iterations      | 5000      |
|    time_elapsed    | 4203      |
|    total_timesteps | 40000     |
----------------------------------
Eval num_timesteps=40000, episode_reward=-3395.61 +/- 209.63
Episode length: 500.00 +/- 0.00
--------------------------------------
| eval/                 |            |
|    mean_ep_length     | 500        |
|    mean_reward        | -3.4e+03   |
| time/                 |            |
|    total_timesteps    | 40000      |
| train/                |            |
|    c_learning_rate    | 0.000498   |
|    d_grad_norm        | 1.1        |
|    d_learning_rate    | 0.00498    |
|    entropy_loss       | -3.01      |
|    explained_variance | 0.82479256 |
|    n_updates          | 4999       |
|    policy_loss        | 6.19       |
|    std                | 0.965      |
|    u_grad_norm        | 0.0219     |
|    u_learning_rate    | 0.000996   |
|    v_grad_norm        | 0.955      |
|    value_loss         | 6.34       |
--------------------------------------
New best mean reward!
----------------------------------
| rollout/           |           |
|    ep_len_mean     | 500       |
|    ep_rew_mean     | -3.81e+03 |
| time/              |           |
|    fps             | 9         |
|    iterations      | 5000      |
|    time_elapsed    | 4218      |
|    total_timesteps | 40000     |
----------------------------------
--------------------------------------
| rollout/              |            |
|    ep_len_mean        | 500        |
|    ep_rew_mean        | -3.64e+03  |
| time/                 |            |
|    fps                | 9          |
|    iterations         | 5100       |
|    time_elapsed       | 4266       |
|    total_timesteps    | 40800      |
| train/                |            |
|    c_learning_rate    | 0.000498   |
|    d_grad_norm        | 1.14       |
|    d_learning_rate    | 0.00498    |
|    entropy_loss       | -2.68      |
|    explained_variance | -0.2437743 |
|    n_updates          | 5099       |
|    policy_loss        | 6.98       |
|    std                | 0.969      |
|    u_grad_norm        | 0.0135     |
|    u_learning_rate    | 0.000996   |
|    v_grad_norm        | 0.955      |
|    value_loss         | 22.7       |
--------------------------------------
Eval num_timesteps=40000, episode_reward=-3623.78 +/- 63.37
Episode length: 500.00 +/- 0.00
--------------------------------------
| eval/                 |            |
|    mean_ep_length     | 500        |
|    mean_reward        | -3.62e+03  |
| time/                 |            |
|    total_timesteps    | 40000      |
| train/                |            |
|    c_learning_rate    | 0.000498   |
|    d_grad_norm        | 0.998      |
|    d_learning_rate    | 0.00498    |
|    entropy_loss       | -2.85      |
|    explained_variance | 0.93612427 |
|    n_updates          | 4999       |
|    policy_loss        | 3.55       |
|    std                | 1.03       |
|    u_grad_norm        | 0.011      |
|    u_learning_rate    | 0.000996   |
|    v_grad_norm        | 0.91       |
|    value_loss         | 3.58       |
--------------------------------------
----------------------------------
| rollout/           |           |
|    ep_len_mean     | 500       |
|    ep_rew_mean     | -3.82e+03 |
| time/              |           |
|    fps             | 9         |
|    iterations      | 5000      |
|    time_elapsed    | 4268      |
|    total_timesteps | 40000     |
----------------------------------
-------------------------------------
| rollout/              |           |
|    ep_len_mean        | 500       |
|    ep_rew_mean        | -3.62e+03 |
| time/                 |           |
|    fps                | 9         |
|    iterations         | 5100      |
|    time_elapsed       | 4269      |
|    total_timesteps    | 40800     |
| train/                |           |
|    c_learning_rate    | 0.000498  |
|    d_grad_norm        | 0.789     |
|    d_learning_rate    | 0.00498   |
|    entropy_loss       | -3.64     |
|    explained_variance | 0.4703756 |
|    n_updates          | 5099      |
|    policy_loss        | -26.3     |
|    std                | 1.01      |
|    u_grad_norm        | 0.00289   |
|    u_learning_rate    | 0.000996  |
|    v_grad_norm        | 0.83      |
|    value_loss         | 75.8      |
-------------------------------------
-------------------------------------
| rollout/              |           |
|    ep_len_mean        | 500       |
|    ep_rew_mean        | -3.64e+03 |
| time/                 |           |
|    fps                | 9         |
|    iterations         | 5100      |
|    time_elapsed       | 4269      |
|    total_timesteps    | 40800     |
| train/                |           |
|    c_learning_rate    | 0.000498  |
|    d_grad_norm        | 0.769     |
|    d_learning_rate    | 0.00498   |
|    entropy_loss       | -3.17     |
|    explained_variance | 0.9926489 |
|    n_updates          | 5099      |
|    policy_loss        | 7.99      |
|    std                | 1.09      |
|    u_grad_norm        | 0.00362   |
|    u_learning_rate    | 0.000996  |
|    v_grad_norm        | 0.732     |
|    value_loss         | 9.98      |
-------------------------------------
--------------------------------------
| rollout/              |            |
|    ep_len_mean        | 500        |
|    ep_rew_mean        | -3.71e+03  |
| time/                 |            |
|    fps                | 9          |
|    iterations         | 5100       |
|    time_elapsed       | 4269       |
|    total_timesteps    | 40800      |
| train/                |            |
|    c_learning_rate    | 0.000498   |
|    d_grad_norm        | 1.15       |
|    d_learning_rate    | 0.00498    |
|    entropy_loss       | -2.5       |
|    explained_variance | 0.94283634 |
|    n_updates          | 5099       |
|    policy_loss        | 11.3       |
|    std                | 1.03       |
|    u_grad_norm        | 0.0342     |
|    u_learning_rate    | 0.000996   |
|    v_grad_norm        | 0.97       |
|    value_loss         | 14.2       |
--------------------------------------
-------------------------------------
| rollout/              |           |
|    ep_len_mean        | 500       |
|    ep_rew_mean        | -3.76e+03 |
| time/                 |           |
|    fps                | 9         |
|    iterations         | 5100      |
|    time_elapsed       | 4271      |
|    total_timesteps    | 40800     |
| train/                |           |
|    c_learning_rate    | 0.000498  |
|    d_grad_norm        | 1.12      |
|    d_learning_rate    | 0.00498   |
|    entropy_loss       | -3.06     |
|    explained_variance | 0.8766452 |
|    n_updates          | 5099      |
|    policy_loss        | -0.753    |
|    std                | 1.05      |
|    u_grad_norm        | 0.0113    |
|    u_learning_rate    | 0.000996  |
|    v_grad_norm        | 0.766     |
|    value_loss         | 0.733     |
-------------------------------------
--------------------------------------
| rollout/              |            |
|    ep_len_mean        | 500        |
|    ep_rew_mean        | -3.67e+03  |
| time/                 |            |
|    fps                | 9          |
|    iterations         | 5100       |
|    time_elapsed       | 4274       |
|    total_timesteps    | 40800      |
| train/                |            |
|    c_learning_rate    | 0.000498   |
|    d_grad_norm        | 0.818      |
|    d_learning_rate    | 0.00498    |
|    entropy_loss       | -3.22      |
|    explained_variance | 0.98358047 |
|    n_updates          | 5099       |
|    policy_loss        | 14.6       |
|    std                | 1.01       |
|    u_grad_norm        | 0.025      |
|    u_learning_rate    | 0.000996   |
|    v_grad_norm        | 0.819      |
|    value_loss         | 9.18       |
--------------------------------------
Eval num_timesteps=40000, episode_reward=-3504.19 +/- 432.44
Episode length: 500.00 +/- 0.00
-------------------------------------
| eval/                 |           |
|    mean_ep_length     | 500       |
|    mean_reward        | -3.5e+03  |
| time/                 |           |
|    total_timesteps    | 40000     |
| train/                |           |
|    c_learning_rate    | 0.000498  |
|    d_grad_norm        | 1.11      |
|    d_learning_rate    | 0.00498   |
|    entropy_loss       | -2.9      |
|    explained_variance | 0.9652071 |
|    n_updates          | 4999      |
|    policy_loss        | 5.45      |
|    std                | 1.06      |
|    u_grad_norm        | 0.00951   |
|    u_learning_rate    | 0.000996  |
|    v_grad_norm        | 0.957     |
|    value_loss         | 4.66      |
-------------------------------------
New best mean reward!
----------------------------------
| rollout/           |           |
|    ep_len_mean     | 500       |
|    ep_rew_mean     | -3.71e+03 |
| time/              |           |
|    fps             | 9         |
|    iterations      | 5000      |
|    time_elapsed    | 4278      |
|    total_timesteps | 40000     |
----------------------------------
Eval num_timesteps=40000, episode_reward=-3344.88 +/- 193.19
Episode length: 500.00 +/- 0.00
--------------------------------------
| eval/                 |            |
|    mean_ep_length     | 500        |
|    mean_reward        | -3.34e+03  |
| time/                 |            |
|    total_timesteps    | 40000      |
| train/                |            |
|    c_learning_rate    | 0.000498   |
|    d_grad_norm        | 0.993      |
|    d_learning_rate    | 0.00498    |
|    entropy_loss       | -2.82      |
|    explained_variance | 0.85569817 |
|    n_updates          | 4999       |
|    policy_loss        | -0.597     |
|    std                | 1.06       |
|    u_grad_norm        | 0.00667    |
|    u_learning_rate    | 0.000996   |
|    v_grad_norm        | 0.893      |
|    value_loss         | 1.63       |
--------------------------------------
New best mean reward!
----------------------------------
| rollout/           |           |
|    ep_len_mean     | 500       |
|    ep_rew_mean     | -3.63e+03 |
| time/              |           |
|    fps             | 9         |
|    iterations      | 5000      |
|    time_elapsed    | 4279      |
|    total_timesteps | 40000     |
----------------------------------
-------------------------------------
| rollout/              |           |
|    ep_len_mean        | 500       |
|    ep_rew_mean        | -3.8e+03  |
| time/                 |           |
|    fps                | 9         |
|    iterations         | 5100      |
|    time_elapsed       | 4293      |
|    total_timesteps    | 40800     |
| train/                |           |
|    c_learning_rate    | 0.000498  |
|    d_grad_norm        | 0.827     |
|    d_learning_rate    | 0.00498   |
|    entropy_loss       | -3.19     |
|    explained_variance | 0.9075899 |
|    n_updates          | 5099      |
|    policy_loss        | 18.9      |
|    std                | 0.968     |
|    u_grad_norm        | 0.0229    |
|    u_learning_rate    | 0.000996  |
|    v_grad_norm        | 0.845     |
|    value_loss         | 35        |
-------------------------------------
--------------------------------------
| rollout/              |            |
|    ep_len_mean        | 500        |
|    ep_rew_mean        | -3.63e+03  |
| time/                 |            |
|    fps                | 9          |
|    iterations         | 5200       |
|    time_elapsed       | 4340       |
|    total_timesteps    | 41600      |
| train/                |            |
|    c_learning_rate    | 0.000498   |
|    d_grad_norm        | 0.788      |
|    d_learning_rate    | 0.00498    |
|    entropy_loss       | -3.8       |
|    explained_variance | 0.98935574 |
|    n_updates          | 5199       |
|    policy_loss        | 12.7       |
|    std                | 0.967      |
|    u_grad_norm        | 0.0171     |
|    u_learning_rate    | 0.000996   |
|    v_grad_norm        | 0.885      |
|    value_loss         | 5.99       |
--------------------------------------
-------------------------------------
| rollout/              |           |
|    ep_len_mean        | 500       |
|    ep_rew_mean        | -3.61e+03 |
| time/                 |           |
|    fps                | 9         |
|    iterations         | 5200      |
|    time_elapsed       | 4342      |
|    total_timesteps    | 41600     |
| train/                |           |
|    c_learning_rate    | 0.000498  |
|    d_grad_norm        | 0.804     |
|    d_learning_rate    | 0.00498   |
|    entropy_loss       | -3.47     |
|    explained_variance | 0.9953495 |
|    n_updates          | 5199      |
|    policy_loss        | 9.12      |
|    std                | 1.01      |
|    u_grad_norm        | 0.00438   |
|    u_learning_rate    | 0.000996  |
|    v_grad_norm        | 0.82      |
|    value_loss         | 9.87      |
-------------------------------------
---------------------------------------
| rollout/              |             |
|    ep_len_mean        | 500         |
|    ep_rew_mean        | -3.63e+03   |
| time/                 |             |
|    fps                | 9           |
|    iterations         | 5200        |
|    time_elapsed       | 4343        |
|    total_timesteps    | 41600       |
| train/                |             |
|    c_learning_rate    | 0.000498    |
|    d_grad_norm        | 0.941       |
|    d_learning_rate    | 0.00498     |
|    entropy_loss       | -2.2        |
|    explained_variance | -0.46024883 |
|    n_updates          | 5199        |
|    policy_loss        | 19.3        |
|    std                | 1.09        |
|    u_grad_norm        | 2.11e-05    |
|    u_learning_rate    | 0.000996    |
|    v_grad_norm        | 1           |
|    value_loss         | 132         |
---------------------------------------
-------------------------------------
| rollout/              |           |
|    ep_len_mean        | 500       |
|    ep_rew_mean        | -3.69e+03 |
| time/                 |           |
|    fps                | 9         |
|    iterations         | 5200      |
|    time_elapsed       | 4343      |
|    total_timesteps    | 41600     |
| train/                |           |
|    c_learning_rate    | 0.000498  |
|    d_grad_norm        | 0.82      |
|    d_learning_rate    | 0.00498   |
|    entropy_loss       | -2.97     |
|    explained_variance | 0.9860885 |
|    n_updates          | 5199      |
|    policy_loss        | -7.35     |
|    std                | 1.02      |
|    u_grad_norm        | 0.0092    |
|    u_learning_rate    | 0.000996  |
|    v_grad_norm        | 0.924     |
|    value_loss         | 5.01      |
-------------------------------------
-------------------------------------
| rollout/              |           |
|    ep_len_mean        | 500       |
|    ep_rew_mean        | -3.81e+03 |
| time/                 |           |
|    fps                | 9         |
|    iterations         | 5100      |
|    time_elapsed       | 4344      |
|    total_timesteps    | 40800     |
| train/                |           |
|    c_learning_rate    | 0.000498  |
|    d_grad_norm        | 0.765     |
|    d_learning_rate    | 0.00498   |
|    entropy_loss       | -3.07     |
|    explained_variance | 0.9571283 |
|    n_updates          | 5099      |
|    policy_loss        | 15.7      |
|    std                | 1.02      |
|    u_grad_norm        | 0.00977   |
|    u_learning_rate    | 0.000996  |
|    v_grad_norm        | 0.847     |
|    value_loss         | 31.9      |
-------------------------------------
--------------------------------------
| rollout/              |            |
|    ep_len_mean        | 500        |
|    ep_rew_mean        | -3.75e+03  |
| time/                 |            |
|    fps                | 9          |
|    iterations         | 5200       |
|    time_elapsed       | 4346       |
|    total_timesteps    | 41600      |
| train/                |            |
|    c_learning_rate    | 0.000498   |
|    d_grad_norm        | 0.898      |
|    d_learning_rate    | 0.00498    |
|    entropy_loss       | -2.63      |
|    explained_variance | 0.38973916 |
|    n_updates          | 5199       |
|    policy_loss        | -1.2       |
|    std                | 1.05       |
|    u_grad_norm        | 0.0212     |
|    u_learning_rate    | 0.000996   |
|    v_grad_norm        | 0.796      |
|    value_loss         | 16.5       |
--------------------------------------
----------------------------------------
| rollout/              |              |
|    ep_len_mean        | 500          |
|    ep_rew_mean        | -3.67e+03    |
| time/                 |              |
|    fps                | 9            |
|    iterations         | 5200         |
|    time_elapsed       | 4349         |
|    total_timesteps    | 41600        |
| train/                |              |
|    c_learning_rate    | 0.000498     |
|    d_grad_norm        | 0.869        |
|    d_learning_rate    | 0.00498      |
|    entropy_loss       | -2.77        |
|    explained_variance | -0.026688695 |
|    n_updates          | 5199         |
|    policy_loss        | -15.1        |
|    std                | 1.01         |
|    u_grad_norm        | 0.0124       |
|    u_learning_rate    | 0.000996     |
|    v_grad_norm        | 0.906        |
|    value_loss         | 31.9         |
----------------------------------------
--------------------------------------
| rollout/              |            |
|    ep_len_mean        | 500        |
|    ep_rew_mean        | -3.71e+03  |
| time/                 |            |
|    fps                | 9          |
|    iterations         | 5100       |
|    time_elapsed       | 4353       |
|    total_timesteps    | 40800      |
| train/                |            |
|    c_learning_rate    | 0.000498   |
|    d_grad_norm        | 1.05       |
|    d_learning_rate    | 0.00498    |
|    entropy_loss       | -2.35      |
|    explained_variance | 0.90048826 |
|    n_updates          | 5099       |
|    policy_loss        | -4.77      |
|    std                | 1.06       |
|    u_grad_norm        | 0.0317     |
|    u_learning_rate    | 0.000996   |
|    v_grad_norm        | 0.943      |
|    value_loss         | 2.88       |
--------------------------------------
--------------------------------------
| rollout/              |            |
|    ep_len_mean        | 500        |
|    ep_rew_mean        | -3.62e+03  |
| time/                 |            |
|    fps                | 9          |
|    iterations         | 5100       |
|    time_elapsed       | 4354       |
|    total_timesteps    | 40800      |
| train/                |            |
|    c_learning_rate    | 0.000498   |
|    d_grad_norm        | 0.79       |
|    d_learning_rate    | 0.00498    |
|    entropy_loss       | -3.72      |
|    explained_variance | 0.98903286 |
|    n_updates          | 5099       |
|    policy_loss        | 3.26       |
|    std                | 1.05       |
|    u_grad_norm        | 0.00536    |
|    u_learning_rate    | 0.000996   |
|    v_grad_norm        | 0.854      |
|    value_loss         | 2.67       |
--------------------------------------
-------------------------------------
| rollout/              |           |
|    ep_len_mean        | 500       |
|    ep_rew_mean        | -3.79e+03 |
| time/                 |           |
|    fps                | 9         |
|    iterations         | 5200      |
|    time_elapsed       | 4375      |
|    total_timesteps    | 41600     |
| train/                |           |
|    c_learning_rate    | 0.000498  |
|    d_grad_norm        | 0.878     |
|    d_learning_rate    | 0.00498   |
|    entropy_loss       | -3.23     |
|    explained_variance | 0.9294847 |
|    n_updates          | 5199      |
|    policy_loss        | -8.62     |
|    std                | 0.963     |
|    u_grad_norm        | 0.0116    |
|    u_learning_rate    | 0.000996  |
|    v_grad_norm        | 0.902     |
|    value_loss         | 9.98      |
-------------------------------------
-------------------------------------
| rollout/              |           |
|    ep_len_mean        | 500       |
|    ep_rew_mean        | -3.63e+03 |
| time/                 |           |
|    fps                | 9         |
|    iterations         | 5300      |
|    time_elapsed       | 4415      |
|    total_timesteps    | 42400     |
| train/                |           |
|    c_learning_rate    | 0.000498  |
|    d_grad_norm        | 0.986     |
|    d_learning_rate    | 0.00498   |
|    entropy_loss       | -3.36     |
|    explained_variance | 0.9723175 |
|    n_updates          | 5299      |
|    policy_loss        | -17       |
|    std                | 0.962     |
|    u_grad_norm        | 0.00876   |
|    u_learning_rate    | 0.000996  |
|    v_grad_norm        | 0.799     |
|    value_loss         | 33.6      |
-------------------------------------
--------------------------------------
| rollout/              |            |
|    ep_len_mean        | 500        |
|    ep_rew_mean        | -3.62e+03  |
| time/                 |            |
|    fps                | 9          |
|    iterations         | 5300       |
|    time_elapsed       | 4417       |
|    total_timesteps    | 42400      |
| train/                |            |
|    c_learning_rate    | 0.000498   |
|    d_grad_norm        | 1.04       |
|    d_learning_rate    | 0.00498    |
|    entropy_loss       | -3.37      |
|    explained_variance | 0.96735376 |
|    n_updates          | 5299       |
|    policy_loss        | 5.36       |
|    std                | 1.09       |
|    u_grad_norm        | 0.0042     |
|    u_learning_rate    | 0.000996   |
|    v_grad_norm        | 0.939      |
|    value_loss         | 4.29       |
--------------------------------------
--------------------------------------
| rollout/              |            |
|    ep_len_mean        | 500        |
|    ep_rew_mean        | -3.6e+03   |
| time/                 |            |
|    fps                | 9          |
|    iterations         | 5300       |
|    time_elapsed       | 4417       |
|    total_timesteps    | 42400      |
| train/                |            |
|    c_learning_rate    | 0.000498   |
|    d_grad_norm        | 0.617      |
|    d_learning_rate    | 0.00498    |
|    entropy_loss       | -3.04      |
|    explained_variance | 0.85909146 |
|    n_updates          | 5299       |
|    policy_loss        | 2.15       |
|    std                | 1          |
|    u_grad_norm        | 0.0182     |
|    u_learning_rate    | 0.000996   |
|    v_grad_norm        | 0.937      |
|    value_loss         | 2          |
--------------------------------------
-------------------------------------
| rollout/              |           |
|    ep_len_mean        | 500       |
|    ep_rew_mean        | -3.68e+03 |
| time/                 |           |
|    fps                | 9         |
|    iterations         | 5300      |
|    time_elapsed       | 4418      |
|    total_timesteps    | 42400     |
| train/                |           |
|    c_learning_rate    | 0.000498  |
|    d_grad_norm        | 0.43      |
|    d_learning_rate    | 0.00498   |
|    entropy_loss       | -2.24     |
|    explained_variance | 0.4884774 |
|    n_updates          | 5299      |
|    policy_loss        | 0.574     |
|    std                | 1.01      |
|    u_grad_norm        | 0.0359    |
|    u_learning_rate    | 0.000996  |
|    v_grad_norm        | 0.746     |
|    value_loss         | 3.77      |
-------------------------------------
---------------------------------------
| rollout/              |             |
|    ep_len_mean        | 500         |
|    ep_rew_mean        | -3.79e+03   |
| time/                 |             |
|    fps                | 9           |
|    iterations         | 5200        |
|    time_elapsed       | 4421        |
|    total_timesteps    | 41600       |
| train/                |             |
|    c_learning_rate    | 0.000498    |
|    d_grad_norm        | 1.1         |
|    d_learning_rate    | 0.00498     |
|    entropy_loss       | -2.51       |
|    explained_variance | -0.36505437 |
|    n_updates          | 5199        |
|    policy_loss        | -7.25       |
|    std                | 1.02        |
|    u_grad_norm        | 0.00459     |
|    u_learning_rate    | 0.000996    |
|    v_grad_norm        | 0.95        |
|    value_loss         | 13.6        |
---------------------------------------
-------------------------------------
| rollout/              |           |
|    ep_len_mean        | 500       |
|    ep_rew_mean        | -3.74e+03 |
| time/                 |           |
|    fps                | 9         |
|    iterations         | 5300      |
|    time_elapsed       | 4421      |
|    total_timesteps    | 42400     |
| train/                |           |
|    c_learning_rate    | 0.000498  |
|    d_grad_norm        | 0.81      |
|    d_learning_rate    | 0.00498   |
|    entropy_loss       | -3.64     |
|    explained_variance | 0.9916359 |
|    n_updates          | 5299      |
|    policy_loss        | 8.93      |
|    std                | 1.04      |
|    u_grad_norm        | 0.0105    |
|    u_learning_rate    | 0.000996  |
|    v_grad_norm        | 0.887     |
|    value_loss         | 5.91      |
-------------------------------------
--------------------------------------
| rollout/              |            |
|    ep_len_mean        | 500        |
|    ep_rew_mean        | -3.66e+03  |
| time/                 |            |
|    fps                | 9          |
|    iterations         | 5300       |
|    time_elapsed       | 4425       |
|    total_timesteps    | 42400      |
| train/                |            |
|    c_learning_rate    | 0.000498   |
|    d_grad_norm        | 0.939      |
|    d_learning_rate    | 0.00498    |
|    entropy_loss       | -3.05      |
|    explained_variance | -1.1095357 |
|    n_updates          | 5299       |
|    policy_loss        | -18.6      |
|    std                | 1.01       |
|    u_grad_norm        | 0.0262     |
|    u_learning_rate    | 0.000996   |
|    v_grad_norm        | 0.928      |
|    value_loss         | 32         |
--------------------------------------
--------------------------------------
| rollout/              |            |
|    ep_len_mean        | 500        |
|    ep_rew_mean        | -3.7e+03   |
| time/                 |            |
|    fps                | 9          |
|    iterations         | 5200       |
|    time_elapsed       | 4428       |
|    total_timesteps    | 41600      |
| train/                |            |
|    c_learning_rate    | 0.000498   |
|    d_grad_norm        | 0.833      |
|    d_learning_rate    | 0.00498    |
|    entropy_loss       | -3.09      |
|    explained_variance | 0.40663713 |
|    n_updates          | 5199       |
|    policy_loss        | -46.4      |
|    std                | 1.06       |
|    u_grad_norm        | 0.00613    |
|    u_learning_rate    | 0.000996   |
|    v_grad_norm        | 0.904      |
|    value_loss         | 317        |
--------------------------------------
-------------------------------------
| rollout/              |           |
|    ep_len_mean        | 500       |
|    ep_rew_mean        | -3.61e+03 |
| time/                 |           |
|    fps                | 9         |
|    iterations         | 5200      |
|    time_elapsed       | 4429      |
|    total_timesteps    | 41600     |
| train/                |           |
|    c_learning_rate    | 0.000498  |
|    d_grad_norm        | 0.843     |
|    d_learning_rate    | 0.00498   |
|    entropy_loss       | -3.23     |
|    explained_variance | 0.9167355 |
|    n_updates          | 5199      |
|    policy_loss        | -9.84     |
|    std                | 1.05      |
|    u_grad_norm        | 0.0162    |
|    u_learning_rate    | 0.000996  |
|    v_grad_norm        | 0.907     |
|    value_loss         | 12.3      |
-------------------------------------
--------------------------------------
| rollout/              |            |
|    ep_len_mean        | 500        |
|    ep_rew_mean        | -3.79e+03  |
| time/                 |            |
|    fps                | 9          |
|    iterations         | 5300       |
|    time_elapsed       | 4459       |
|    total_timesteps    | 42400      |
| train/                |            |
|    c_learning_rate    | 0.000498   |
|    d_grad_norm        | 1.22       |
|    d_learning_rate    | 0.00498    |
|    entropy_loss       | -3.09      |
|    explained_variance | 0.90398216 |
|    n_updates          | 5299       |
|    policy_loss        | 4.92       |
|    std                | 0.957      |
|    u_grad_norm        | 0.00251    |
|    u_learning_rate    | 0.000996   |
|    v_grad_norm        | 0.956      |
|    value_loss         | 3.64       |
--------------------------------------
---------------------------------------
| rollout/              |             |
|    ep_len_mean        | 500         |
|    ep_rew_mean        | -3.61e+03   |
| time/                 |             |
|    fps                | 9           |
|    iterations         | 5400        |
|    time_elapsed       | 4491        |
|    total_timesteps    | 43200       |
| train/                |             |
|    c_learning_rate    | 0.000498    |
|    d_grad_norm        | 0.694       |
|    d_learning_rate    | 0.00498     |
|    entropy_loss       | -2.61       |
|    explained_variance | -0.92919743 |
|    n_updates          | 5399        |
|    policy_loss        | 0.051       |
|    std                | 0.965       |
|    u_grad_norm        | 0.0363      |
|    u_learning_rate    | 0.000996    |
|    v_grad_norm        | 0.764       |
|    value_loss         | 5.68        |
---------------------------------------
--------------------------------------
| rollout/              |            |
|    ep_len_mean        | 500        |
|    ep_rew_mean        | -3.62e+03  |
| time/                 |            |
|    fps                | 9          |
|    iterations         | 5400       |
|    time_elapsed       | 4492       |
|    total_timesteps    | 43200      |
| train/                |            |
|    c_learning_rate    | 0.000498   |
|    d_grad_norm        | 0.743      |
|    d_learning_rate    | 0.00498    |
|    entropy_loss       | -3.48      |
|    explained_variance | 0.98869956 |
|    n_updates          | 5399       |
|    policy_loss        | 3.21       |
|    std                | 1.09       |
|    u_grad_norm        | 0.00311    |
|    u_learning_rate    | 0.000996   |
|    v_grad_norm        | 0.968      |
|    value_loss         | 1.67       |
--------------------------------------
-------------------------------------
| rollout/              |           |
|    ep_len_mean        | 500       |
|    ep_rew_mean        | -3.58e+03 |
| time/                 |           |
|    fps                | 9         |
|    iterations         | 5400      |
|    time_elapsed       | 4492      |
|    total_timesteps    | 43200     |
| train/                |           |
|    c_learning_rate    | 0.000498  |
|    d_grad_norm        | 0.945     |
|    d_learning_rate    | 0.00498   |
|    entropy_loss       | -2.53     |
|    explained_variance | 0.946988  |
|    n_updates          | 5399      |
|    policy_loss        | -2.38     |
|    std                | 1.01      |
|    u_grad_norm        | 0.0174    |
|    u_learning_rate    | 0.000996  |
|    v_grad_norm        | 0.945     |
|    value_loss         | 1.85      |
-------------------------------------
-------------------------------------
| rollout/              |           |
|    ep_len_mean        | 500       |
|    ep_rew_mean        | -3.68e+03 |
| time/                 |           |
|    fps                | 9         |
|    iterations         | 5400      |
|    time_elapsed       | 4493      |
|    total_timesteps    | 43200     |
| train/                |           |
|    c_learning_rate    | 0.000498  |
|    d_grad_norm        | 0.814     |
|    d_learning_rate    | 0.00498   |
|    entropy_loss       | -3.2      |
|    explained_variance | 0.9972087 |
|    n_updates          | 5399      |
|    policy_loss        | 6.6       |
|    std                | 1.01      |
|    u_grad_norm        | 0.00391   |
|    u_learning_rate    | 0.000996  |
|    v_grad_norm        | 0.888     |
|    value_loss         | 5.51      |
-------------------------------------
-------------------------------------
| rollout/              |           |
|    ep_len_mean        | 500       |
|    ep_rew_mean        | -3.72e+03 |
| time/                 |           |
|    fps                | 9         |
|    iterations         | 5400      |
|    time_elapsed       | 4496      |
|    total_timesteps    | 43200     |
| train/                |           |
|    c_learning_rate    | 0.000498  |
|    d_grad_norm        | 0.994     |
|    d_learning_rate    | 0.00498   |
|    entropy_loss       | -2.42     |
|    explained_variance | 0.9553339 |
|    n_updates          | 5399      |
|    policy_loss        | -2.62     |
|    std                | 1.04      |
|    u_grad_norm        | 0.00799   |
|    u_learning_rate    | 0.000996  |
|    v_grad_norm        | 0.907     |
|    value_loss         | 1.74      |
-------------------------------------
---------------------------------------
| rollout/              |             |
|    ep_len_mean        | 500         |
|    ep_rew_mean        | -3.78e+03   |
| time/                 |             |
|    fps                | 9           |
|    iterations         | 5300        |
|    time_elapsed       | 4497        |
|    total_timesteps    | 42400       |
| train/                |             |
|    c_learning_rate    | 0.000498    |
|    d_grad_norm        | 0.886       |
|    d_learning_rate    | 0.00498     |
|    entropy_loss       | -2.65       |
|    explained_variance | -0.22477567 |
|    n_updates          | 5299        |
|    policy_loss        | -6.7        |
|    std                | 1.02        |
|    u_grad_norm        | 0.0209      |
|    u_learning_rate    | 0.000996    |
|    v_grad_norm        | 0.874       |
|    value_loss         | 15.5        |
---------------------------------------
--------------------------------------
| rollout/              |            |
|    ep_len_mean        | 500        |
|    ep_rew_mean        | -3.65e+03  |
| time/                 |            |
|    fps                | 9          |
|    iterations         | 5400       |
|    time_elapsed       | 4502       |
|    total_timesteps    | 43200      |
| train/                |            |
|    c_learning_rate    | 0.000498   |
|    d_grad_norm        | 0.887      |
|    d_learning_rate    | 0.00498    |
|    entropy_loss       | -3.78      |
|    explained_variance | 0.99768066 |
|    n_updates          | 5399       |
|    policy_loss        | 3.84       |
|    std                | 1          |
|    u_grad_norm        | 0.00198    |
|    u_learning_rate    | 0.000996   |
|    v_grad_norm        | 1.01       |
|    value_loss         | 1.7        |
--------------------------------------
-------------------------------------
| rollout/              |           |
|    ep_len_mean        | 500       |
|    ep_rew_mean        | -3.69e+03 |
| time/                 |           |
|    fps                | 9         |
|    iterations         | 5300      |
|    time_elapsed       | 4503      |
|    total_timesteps    | 42400     |
| train/                |           |
|    c_learning_rate    | 0.000498  |
|    d_grad_norm        | 0.952     |
|    d_learning_rate    | 0.00498   |
|    entropy_loss       | -2.18     |
|    explained_variance | 0.9704004 |
|    n_updates          | 5299      |
|    policy_loss        | -6.3      |
|    std                | 1.05      |
|    u_grad_norm        | 0.00507   |
|    u_learning_rate    | 0.000996  |
|    v_grad_norm        | 0.907     |
|    value_loss         | 21.9      |
-------------------------------------
--------------------------------------
| rollout/              |            |
|    ep_len_mean        | 500        |
|    ep_rew_mean        | -3.6e+03   |
| time/                 |            |
|    fps                | 9          |
|    iterations         | 5300       |
|    time_elapsed       | 4503       |
|    total_timesteps    | 42400      |
| train/                |            |
|    c_learning_rate    | 0.000498   |
|    d_grad_norm        | 0.923      |
|    d_learning_rate    | 0.00498    |
|    entropy_loss       | -2.77      |
|    explained_variance | 0.99353975 |
|    n_updates          | 5299       |
|    policy_loss        | -0.645     |
|    std                | 1.05       |
|    u_grad_norm        | 0.0263     |
|    u_learning_rate    | 0.000996   |
|    v_grad_norm        | 0.941      |
|    value_loss         | 0.474      |
--------------------------------------
-------------------------------------
| rollout/              |           |
|    ep_len_mean        | 500       |
|    ep_rew_mean        | -3.6e+03  |
| time/                 |           |
|    fps                | 9         |
|    iterations         | 5500      |
|    time_elapsed       | 4529      |
|    total_timesteps    | 44000     |
| train/                |           |
|    c_learning_rate    | 0.000498  |
|    d_grad_norm        | 0.796     |
|    d_learning_rate    | 0.00498   |
|    entropy_loss       | -3.64     |
|    explained_variance | 0.9883203 |
|    n_updates          | 5499      |
|    policy_loss        | -6.43     |
|    std                | 0.971     |
|    u_grad_norm        | 0.00662   |
|    u_learning_rate    | 0.000996  |
|    v_grad_norm        | 0.746     |
|    value_loss         | 4.11      |
-------------------------------------
--------------------------------------
| rollout/              |            |
|    ep_len_mean        | 500        |
|    ep_rew_mean        | -3.58e+03  |
| time/                 |            |
|    fps                | 9          |
|    iterations         | 5500       |
|    time_elapsed       | 4531       |
|    total_timesteps    | 44000      |
| train/                |            |
|    c_learning_rate    | 0.000498   |
|    d_grad_norm        | 0.833      |
|    d_learning_rate    | 0.00498    |
|    entropy_loss       | -3.25      |
|    explained_variance | 0.93280035 |
|    n_updates          | 5499       |
|    policy_loss        | 1.2        |
|    std                | 1          |
|    u_grad_norm        | 0.00372    |
|    u_learning_rate    | 0.000996   |
|    v_grad_norm        | 0.951      |
|    value_loss         | 1.13       |
--------------------------------------
-------------------------------------
| rollout/              |           |
|    ep_len_mean        | 500       |
|    ep_rew_mean        | -3.59e+03 |
| time/                 |           |
|    fps                | 9         |
|    iterations         | 5500      |
|    time_elapsed       | 4532      |
|    total_timesteps    | 44000     |
| train/                |           |
|    c_learning_rate    | 0.000498  |
|    d_grad_norm        | 0.775     |
|    d_learning_rate    | 0.00498   |
|    entropy_loss       | -2.82     |
|    explained_variance | 0.9526532 |
|    n_updates          | 5499      |
|    policy_loss        | -7        |
|    std                | 1.08      |
|    u_grad_norm        | 0.00506   |
|    u_learning_rate    | 0.000996  |
|    v_grad_norm        | 0.836     |
|    value_loss         | 8.75      |
-------------------------------------
-------------------------------------
| rollout/              |           |
|    ep_len_mean        | 500       |
|    ep_rew_mean        | -3.66e+03 |
| time/                 |           |
|    fps                | 9         |
|    iterations         | 5500      |
|    time_elapsed       | 4532      |
|    total_timesteps    | 44000     |
| train/                |           |
|    c_learning_rate    | 0.000498  |
|    d_grad_norm        | 0.765     |
|    d_learning_rate    | 0.00498   |
|    entropy_loss       | -2.82     |
|    explained_variance | 0.7505713 |
|    n_updates          | 5499      |
|    policy_loss        | -21.7     |
|    std                | 1.01      |
|    u_grad_norm        | 0.00265   |
|    u_learning_rate    | 0.000996  |
|    v_grad_norm        | 0.87      |
|    value_loss         | 126       |
-------------------------------------
-------------------------------------
| rollout/              |           |
|    ep_len_mean        | 500       |
|    ep_rew_mean        | -3.72e+03 |
| time/                 |           |
|    fps                | 9         |
|    iterations         | 5500      |
|    time_elapsed       | 4535      |
|    total_timesteps    | 44000     |
| train/                |           |
|    c_learning_rate    | 0.000498  |
|    d_grad_norm        | 0.703     |
|    d_learning_rate    | 0.00498   |
|    entropy_loss       | -3.62     |
|    explained_variance | 0.9195396 |
|    n_updates          | 5499      |
|    policy_loss        | 0.91      |
|    std                | 1.05      |
|    u_grad_norm        | 0.00184   |
|    u_learning_rate    | 0.000996  |
|    v_grad_norm        | 0.86      |
|    value_loss         | 1.72      |
-------------------------------------
-------------------------------------
| rollout/              |           |
|    ep_len_mean        | 500       |
|    ep_rew_mean        | -3.64e+03 |
| time/                 |           |
|    fps                | 9         |
|    iterations         | 5500      |
|    time_elapsed       | 4540      |
|    total_timesteps    | 44000     |
| train/                |           |
|    c_learning_rate    | 0.000498  |
|    d_grad_norm        | 1.03      |
|    d_learning_rate    | 0.00498   |
|    entropy_loss       | -2.34     |
|    explained_variance | 0.6732987 |
|    n_updates          | 5499      |
|    policy_loss        | 5.39      |
|    std                | 1         |
|    u_grad_norm        | 0.00328   |
|    u_learning_rate    | 0.000996  |
|    v_grad_norm        | 0.975     |
|    value_loss         | 12.1      |
-------------------------------------
--------------------------------------
| rollout/              |            |
|    ep_len_mean        | 500        |
|    ep_rew_mean        | -3.8e+03   |
| time/                 |            |
|    fps                | 9          |
|    iterations         | 5400       |
|    time_elapsed       | 4544       |
|    total_timesteps    | 43200      |
| train/                |            |
|    c_learning_rate    | 0.000498   |
|    d_grad_norm        | 0.836      |
|    d_learning_rate    | 0.00498    |
|    entropy_loss       | -3.61      |
|    explained_variance | 0.99127364 |
|    n_updates          | 5399       |
|    policy_loss        | 12.7       |
|    std                | 0.943      |
|    u_grad_norm        | 0.00689    |
|    u_learning_rate    | 0.000996   |
|    v_grad_norm        | 0.998      |
|    value_loss         | 16.2       |
--------------------------------------
--------------------------------------
| rollout/              |            |
|    ep_len_mean        | 500        |
|    ep_rew_mean        | -3.77e+03  |
| time/                 |            |
|    fps                | 9          |
|    iterations         | 5400       |
|    time_elapsed       | 4573       |
|    total_timesteps    | 43200      |
| train/                |            |
|    c_learning_rate    | 0.000498   |
|    d_grad_norm        | 1.11       |
|    d_learning_rate    | 0.00498    |
|    entropy_loss       | -2.5       |
|    explained_variance | 0.61656696 |
|    n_updates          | 5399       |
|    policy_loss        | -3.45      |
|    std                | 1.03       |
|    u_grad_norm        | 0.00391    |
|    u_learning_rate    | 0.000996   |
|    v_grad_norm        | 0.904      |
|    value_loss         | 3.44       |
--------------------------------------
-----------------------------------------
| rollout/              |               |
|    ep_len_mean        | 500           |
|    ep_rew_mean        | -3.79e+03     |
| time/                 |               |
|    fps                | 9             |
|    iterations         | 5500          |
|    time_elapsed       | 4576          |
|    total_timesteps    | 44000         |
| train/                |               |
|    c_learning_rate    | 0.000498      |
|    d_grad_norm        | 0.986         |
|    d_learning_rate    | 0.00498       |
|    entropy_loss       | -3.18         |
|    explained_variance | 0.00030452013 |
|    n_updates          | 5499          |
|    policy_loss        | 0.166         |
|    std                | 0.934         |
|    u_grad_norm        | 0.0266        |
|    u_learning_rate    | 0.000996      |
|    v_grad_norm        | 0.892         |
|    value_loss         | 0.00372       |
-----------------------------------------
--------------------------------------
| rollout/              |            |
|    ep_len_mean        | 500        |
|    ep_rew_mean        | -3.6e+03   |
| time/                 |            |
|    fps                | 9          |
|    iterations         | 5400       |
|    time_elapsed       | 4578       |
|    total_timesteps    | 43200      |
| train/                |            |
|    c_learning_rate    | 0.000498   |
|    d_grad_norm        | 0.923      |
|    d_learning_rate    | 0.00498    |
|    entropy_loss       | -3.6       |
|    explained_variance | 0.99342877 |
|    n_updates          | 5399       |
|    policy_loss        | -0.731     |
|    std                | 1.04       |
|    u_grad_norm        | 0.0159     |
|    u_learning_rate    | 0.000996   |
|    v_grad_norm        | 0.926      |
|    value_loss         | 0.711      |
--------------------------------------
--------------------------------------
| rollout/              |            |
|    ep_len_mean        | 500        |
|    ep_rew_mean        | -3.68e+03  |
| time/                 |            |
|    fps                | 9          |
|    iterations         | 5400       |
|    time_elapsed       | 4578       |
|    total_timesteps    | 43200      |
| train/                |            |
|    c_learning_rate    | 0.000498   |
|    d_grad_norm        | 0.892      |
|    d_learning_rate    | 0.00498    |
|    entropy_loss       | -1.98      |
|    explained_variance | 0.99409187 |
|    n_updates          | 5399       |
|    policy_loss        | -3.48      |
|    std                | 1.05       |
|    u_grad_norm        | 0.00439    |
|    u_learning_rate    | 0.000996   |
|    v_grad_norm        | 0.94       |
|    value_loss         | 6.18       |
--------------------------------------
-------------------------------------
| rollout/              |           |
|    ep_len_mean        | 500       |
|    ep_rew_mean        | -3.6e+03  |
| time/                 |           |
|    fps                | 9         |
|    iterations         | 5600      |
|    time_elapsed       | 4604      |
|    total_timesteps    | 44800     |
| train/                |           |
|    c_learning_rate    | 0.000498  |
|    d_grad_norm        | 1.17      |
|    d_learning_rate    | 0.00498   |
|    entropy_loss       | -3.03     |
|    explained_variance | 0.9845292 |
|    n_updates          | 5599      |
|    policy_loss        | -32.1     |
|    std                | 0.964     |
|    u_grad_norm        | 0.0573    |
|    u_learning_rate    | 0.000996  |
|    v_grad_norm        | 0.985     |
|    value_loss         | 39.3      |
-------------------------------------
--------------------------------------
| rollout/              |            |
|    ep_len_mean        | 500        |
|    ep_rew_mean        | -3.57e+03  |
| time/                 |            |
|    fps                | 9          |
|    iterations         | 5600       |
|    time_elapsed       | 4607       |
|    total_timesteps    | 44800      |
| train/                |            |
|    c_learning_rate    | 0.000498   |
|    d_grad_norm        | 0.914      |
|    d_learning_rate    | 0.00498    |
|    entropy_loss       | -3.01      |
|    explained_variance | 0.94428366 |
|    n_updates          | 5599       |
|    policy_loss        | -0.736     |
|    std                | 0.999      |
|    u_grad_norm        | 0.0187     |
|    u_learning_rate    | 0.000996   |
|    v_grad_norm        | 0.814      |
|    value_loss         | 0.898      |
--------------------------------------
-------------------------------------
| rollout/              |           |
|    ep_len_mean        | 500       |
|    ep_rew_mean        | -3.59e+03 |
| time/                 |           |
|    fps                | 9         |
|    iterations         | 5600      |
|    time_elapsed       | 4607      |
|    total_timesteps    | 44800     |
| train/                |           |
|    c_learning_rate    | 0.000498  |
|    d_grad_norm        | 1.18      |
|    d_learning_rate    | 0.00498   |
|    entropy_loss       | -3.16     |
|    explained_variance | 0.5962617 |
|    n_updates          | 5599      |
|    policy_loss        | -3.95     |
|    std                | 1.07      |
|    u_grad_norm        | 0.00842   |
|    u_learning_rate    | 0.000996  |
|    v_grad_norm        | 0.953     |
|    value_loss         | 3.99      |
-------------------------------------
--------------------------------------
| rollout/              |            |
|    ep_len_mean        | 500        |
|    ep_rew_mean        | -3.65e+03  |
| time/                 |            |
|    fps                | 9          |
|    iterations         | 5600       |
|    time_elapsed       | 4607       |
|    total_timesteps    | 44800      |
| train/                |            |
|    c_learning_rate    | 0.000498   |
|    d_grad_norm        | 1.05       |
|    d_learning_rate    | 0.00498    |
|    entropy_loss       | -3.52      |
|    explained_variance | 0.97235847 |
|    n_updates          | 5599       |
|    policy_loss        | -10.9      |
|    std                | 1.01       |
|    u_grad_norm        | 0.0291     |
|    u_learning_rate    | 0.000996   |
|    v_grad_norm        | 0.946      |
|    value_loss         | 8.09       |
--------------------------------------
---------------------------------------
| rollout/              |             |
|    ep_len_mean        | 500         |
|    ep_rew_mean        | -3.72e+03   |
| time/                 |             |
|    fps                | 9           |
|    iterations         | 5600        |
|    time_elapsed       | 4611        |
|    total_timesteps    | 44800       |
| train/                |             |
|    c_learning_rate    | 0.000498    |
|    d_grad_norm        | 0.977       |
|    d_learning_rate    | 0.00498     |
|    entropy_loss       | -2.18       |
|    explained_variance | -0.48219383 |
|    n_updates          | 5599        |
|    policy_loss        | 34.1        |
|    std                | 1.05        |
|    u_grad_norm        | 0.0745      |
|    u_learning_rate    | 0.000996    |
|    v_grad_norm        | 0.882       |
|    value_loss         | 136         |
---------------------------------------
--------------------------------------
| rollout/              |            |
|    ep_len_mean        | 500        |
|    ep_rew_mean        | -3.76e+03  |
| time/                 |            |
|    fps                | 9          |
|    iterations         | 5500       |
|    time_elapsed       | 4613       |
|    total_timesteps    | 44000      |
| train/                |            |
|    c_learning_rate    | 0.000498   |
|    d_grad_norm        | 0.679      |
|    d_learning_rate    | 0.00498    |
|    entropy_loss       | -3.48      |
|    explained_variance | 0.96428365 |
|    n_updates          | 5499       |
|    policy_loss        | 0.5        |
|    std                | 1.03       |
|    u_grad_norm        | 0.00104    |
|    u_learning_rate    | 0.000996   |
|    v_grad_norm        | 0.815      |
|    value_loss         | 2.13       |
--------------------------------------
-------------------------------------
| rollout/              |           |
|    ep_len_mean        | 500       |
|    ep_rew_mean        | -3.58e+03 |
| time/                 |           |
|    fps                | 9         |
|    iterations         | 5500      |
|    time_elapsed       | 4617      |
|    total_timesteps    | 44000     |
| train/                |           |
|    c_learning_rate    | 0.000498  |
|    d_grad_norm        | 0.96      |
|    d_learning_rate    | 0.00498   |
|    entropy_loss       | -3.16     |
|    explained_variance | 0.9354524 |
|    n_updates          | 5499      |
|    policy_loss        | 11.6      |
|    std                | 1.02      |
|    u_grad_norm        | 0.0109    |
|    u_learning_rate    | 0.000996  |
|    v_grad_norm        | 0.933     |
|    value_loss         | 17.4      |
-------------------------------------
--------------------------------------
| rollout/              |            |
|    ep_len_mean        | 500        |
|    ep_rew_mean        | -3.68e+03  |
| time/                 |            |
|    fps                | 9          |
|    iterations         | 5500       |
|    time_elapsed       | 4618       |
|    total_timesteps    | 44000      |
| train/                |            |
|    c_learning_rate    | 0.000498   |
|    d_grad_norm        | 1.08       |
|    d_learning_rate    | 0.00498    |
|    entropy_loss       | -2.91      |
|    explained_variance | 0.68039083 |
|    n_updates          | 5499       |
|    policy_loss        | 4.51       |
|    std                | 1.04       |
|    u_grad_norm        | 0.00222    |
|    u_learning_rate    | 0.000996   |
|    v_grad_norm        | 0.919      |
|    value_loss         | 4.24       |
--------------------------------------
--------------------------------------
| rollout/              |            |
|    ep_len_mean        | 500        |
|    ep_rew_mean        | -3.63e+03  |
| time/                 |            |
|    fps                | 9          |
|    iterations         | 5600       |
|    time_elapsed       | 4618       |
|    total_timesteps    | 44800      |
| train/                |            |
|    c_learning_rate    | 0.000498   |
|    d_grad_norm        | 1.08       |
|    d_learning_rate    | 0.00498    |
|    entropy_loss       | -3.3       |
|    explained_variance | 0.33513588 |
|    n_updates          | 5599       |
|    policy_loss        | 3.25       |
|    std                | 1          |
|    u_grad_norm        | 0.0253     |
|    u_learning_rate    | 0.000996   |
|    v_grad_norm        | 0.959      |
|    value_loss         | 8.67       |
--------------------------------------
-------------------------------------
| rollout/              |           |
|    ep_len_mean        | 500       |
|    ep_rew_mean        | -3.78e+03 |
| time/                 |           |
|    fps                | 9         |
|    iterations         | 5600      |
|    time_elapsed       | 4659      |
|    total_timesteps    | 44800     |
| train/                |           |
|    c_learning_rate    | 0.000498  |
|    d_grad_norm        | 1.17      |
|    d_learning_rate    | 0.00498   |
|    entropy_loss       | -3.39     |
|    explained_variance | 0.9607018 |
|    n_updates          | 5599      |
|    policy_loss        | 2.04      |
|    std                | 0.931     |
|    u_grad_norm        | 0.00649   |
|    u_learning_rate    | 0.000996  |
|    v_grad_norm        | 0.943     |
|    value_loss         | 0.64      |
-------------------------------------
-------------------------------------
| rollout/              |           |
|    ep_len_mean        | 500       |
|    ep_rew_mean        | -3.59e+03 |
| time/                 |           |
|    fps                | 9         |
|    iterations         | 5700      |
|    time_elapsed       | 4679      |
|    total_timesteps    | 45600     |
| train/                |           |
|    c_learning_rate    | 0.000498  |
|    d_grad_norm        | 0.848     |
|    d_learning_rate    | 0.00498   |
|    entropy_loss       | -2.91     |
|    explained_variance | 0.9359394 |
|    n_updates          | 5699      |
|    policy_loss        | -20.6     |
|    std                | 0.951     |
|    u_grad_norm        | 0.00797   |
|    u_learning_rate    | 0.000995  |
|    v_grad_norm        | 0.888     |
|    value_loss         | 83.3      |
-------------------------------------
-------------------------------------
| rollout/              |           |
|    ep_len_mean        | 500       |
|    ep_rew_mean        | -3.55e+03 |
| time/                 |           |
|    fps                | 9         |
|    iterations         | 5700      |
|    time_elapsed       | 4682      |
|    total_timesteps    | 45600     |
| train/                |           |
|    c_learning_rate    | 0.000498  |
|    d_grad_norm        | 0.885     |
|    d_learning_rate    | 0.00498   |
|    entropy_loss       | -3.07     |
|    explained_variance | 0.9317952 |
|    n_updates          | 5699      |
|    policy_loss        | 9.86      |
|    std                | 0.988     |
|    u_grad_norm        | 0.0169    |
|    u_learning_rate    | 0.000995  |
|    v_grad_norm        | 0.85      |
|    value_loss         | 12.7      |
-------------------------------------
-------------------------------------
| rollout/              |           |
|    ep_len_mean        | 500       |
|    ep_rew_mean        | -3.59e+03 |
| time/                 |           |
|    fps                | 9         |
|    iterations         | 5700      |
|    time_elapsed       | 4682      |
|    total_timesteps    | 45600     |
| train/                |           |
|    c_learning_rate    | 0.000498  |
|    d_grad_norm        | 1.01      |
|    d_learning_rate    | 0.00498   |
|    entropy_loss       | -3.57     |
|    explained_variance | 0.8846916 |
|    n_updates          | 5699      |
|    policy_loss        | -17       |
|    std                | 1.06      |
|    u_grad_norm        | 0.0252    |
|    u_learning_rate    | 0.000995  |
|    v_grad_norm        | 0.885     |
|    value_loss         | 20.2      |
-------------------------------------
-------------------------------------
| rollout/              |           |
|    ep_len_mean        | 500       |
|    ep_rew_mean        | -3.64e+03 |
| time/                 |           |
|    fps                | 9         |
|    iterations         | 5700      |
|    time_elapsed       | 4682      |
|    total_timesteps    | 45600     |
| train/                |           |
|    c_learning_rate    | 0.000498  |
|    d_grad_norm        | 1.05      |
|    d_learning_rate    | 0.00498   |
|    entropy_loss       | -2.83     |
|    explained_variance | 0.9195702 |
|    n_updates          | 5699      |
|    policy_loss        | -1.73     |
|    std                | 1.01      |
|    u_grad_norm        | 0.0123    |
|    u_learning_rate    | 0.000995  |
|    v_grad_norm        | 0.922     |
|    value_loss         | 0.761     |
-------------------------------------
--------------------------------------
| rollout/              |            |
|    ep_len_mean        | 500        |
|    ep_rew_mean        | -3.7e+03   |
| time/                 |            |
|    fps                | 9          |
|    iterations         | 5700       |
|    time_elapsed       | 4686       |
|    total_timesteps    | 45600      |
| train/                |            |
|    c_learning_rate    | 0.000498   |
|    d_grad_norm        | 0.977      |
|    d_learning_rate    | 0.00498    |
|    entropy_loss       | -3.55      |
|    explained_variance | 0.97838086 |
|    n_updates          | 5699       |
|    policy_loss        | 11.2       |
|    std                | 1.04       |
|    u_grad_norm        | 0.00349    |
|    u_learning_rate    | 0.000995   |
|    v_grad_norm        | 0.92       |
|    value_loss         | 14.5       |
--------------------------------------
---------------------------------------
| rollout/              |             |
|    ep_len_mean        | 500         |
|    ep_rew_mean        | -3.75e+03   |
| time/                 |             |
|    fps                | 9           |
|    iterations         | 5600        |
|    time_elapsed       | 4688        |
|    total_timesteps    | 44800       |
| train/                |             |
|    c_learning_rate    | 0.000498    |
|    d_grad_norm        | 0.921       |
|    d_learning_rate    | 0.00498     |
|    entropy_loss       | -2.84       |
|    explained_variance | 0.030569315 |
|    n_updates          | 5599        |
|    policy_loss        | 34.2        |
|    std                | 1.02        |
|    u_grad_norm        | 0.0688      |
|    u_learning_rate    | 0.000996    |
|    v_grad_norm        | 0.886       |
|    value_loss         | 35.5        |
---------------------------------------
-------------------------------------
| rollout/              |           |
|    ep_len_mean        | 500       |
|    ep_rew_mean        | -3.57e+03 |
| time/                 |           |
|    fps                | 9         |
|    iterations         | 5600      |
|    time_elapsed       | 4692      |
|    total_timesteps    | 44800     |
| train/                |           |
|    c_learning_rate    | 0.000498  |
|    d_grad_norm        | 0.88      |
|    d_learning_rate    | 0.00498   |
|    entropy_loss       | -2.83     |
|    explained_variance | 0.9534169 |
|    n_updates          | 5599      |
|    policy_loss        | -0.119    |
|    std                | 1.01      |
|    u_grad_norm        | 0.043     |
|    u_learning_rate    | 0.000996  |
|    v_grad_norm        | 0.785     |
|    value_loss         | 2.03      |
-------------------------------------
-------------------------------------
| rollout/              |           |
|    ep_len_mean        | 500       |
|    ep_rew_mean        | -3.67e+03 |
| time/                 |           |
|    fps                | 9         |
|    iterations         | 5600      |
|    time_elapsed       | 4693      |
|    total_timesteps    | 44800     |
| train/                |           |
|    c_learning_rate    | 0.000498  |
|    d_grad_norm        | 0.794     |
|    d_learning_rate    | 0.00498   |
|    entropy_loss       | -3.48     |
|    explained_variance | 0.9969292 |
|    n_updates          | 5599      |
|    policy_loss        | 2.23      |
|    std                | 1.04      |
|    u_grad_norm        | 0.0323    |
|    u_learning_rate    | 0.000996  |
|    v_grad_norm        | 0.827     |
|    value_loss         | 0.909     |
-------------------------------------
--------------------------------------
| rollout/              |            |
|    ep_len_mean        | 500        |
|    ep_rew_mean        | -3.64e+03  |
| time/                 |            |
|    fps                | 9          |
|    iterations         | 5700       |
|    time_elapsed       | 4696       |
|    total_timesteps    | 45600      |
| train/                |            |
|    c_learning_rate    | 0.000498   |
|    d_grad_norm        | 1.06       |
|    d_learning_rate    | 0.00498    |
|    entropy_loss       | -3.6       |
|    explained_variance | 0.87626946 |
|    n_updates          | 5699       |
|    policy_loss        | 8.49       |
|    std                | 1.01       |
|    u_grad_norm        | 0.0183     |
|    u_learning_rate    | 0.000995   |
|    v_grad_norm        | 0.949      |
|    value_loss         | 8.25       |
--------------------------------------
--------------------------------------
| rollout/              |            |
|    ep_len_mean        | 500        |
|    ep_rew_mean        | -3.77e+03  |
| time/                 |            |
|    fps                | 9          |
|    iterations         | 5700       |
|    time_elapsed       | 4740       |
|    total_timesteps    | 45600      |
| train/                |            |
|    c_learning_rate    | 0.000498   |
|    d_grad_norm        | 0.858      |
|    d_learning_rate    | 0.00498    |
|    entropy_loss       | -3.62      |
|    explained_variance | 0.99257344 |
|    n_updates          | 5699       |
|    policy_loss        | 17.7       |
|    std                | 0.912      |
|    u_grad_norm        | 0.0225     |
|    u_learning_rate    | 0.000995   |
|    v_grad_norm        | 0.838      |
|    value_loss         | 20         |
--------------------------------------
-------------------------------------
| rollout/              |           |
|    ep_len_mean        | 500       |
|    ep_rew_mean        | -3.59e+03 |
| time/                 |           |
|    fps                | 9         |
|    iterations         | 5800      |
|    time_elapsed       | 4754      |
|    total_timesteps    | 46400     |
| train/                |           |
|    c_learning_rate    | 0.000498  |
|    d_grad_norm        | 0.792     |
|    d_learning_rate    | 0.00498   |
|    entropy_loss       | -3.35     |
|    explained_variance | 0.9831536 |
|    n_updates          | 5799      |
|    policy_loss        | 8.41      |
|    std                | 0.954     |
|    u_grad_norm        | 0.00141   |
|    u_learning_rate    | 0.000995  |
|    v_grad_norm        | 0.931     |
|    value_loss         | 11.1      |
-------------------------------------
--------------------------------------
| rollout/              |            |
|    ep_len_mean        | 500        |
|    ep_rew_mean        | -3.54e+03  |
| time/                 |            |
|    fps                | 9          |
|    iterations         | 5800       |
|    time_elapsed       | 4756       |
|    total_timesteps    | 46400      |
| train/                |            |
|    c_learning_rate    | 0.000498   |
|    d_grad_norm        | 0.826      |
|    d_learning_rate    | 0.00498    |
|    entropy_loss       | -3.54      |
|    explained_variance | 0.99586433 |
|    n_updates          | 5799       |
|    policy_loss        | 5.23       |
|    std                | 0.99       |
|    u_grad_norm        | 0.00287    |
|    u_learning_rate    | 0.000995   |
|    v_grad_norm        | 0.966      |
|    value_loss         | 3.44       |
--------------------------------------
--------------------------------------
| rollout/              |            |
|    ep_len_mean        | 500        |
|    ep_rew_mean        | -3.59e+03  |
| time/                 |            |
|    fps                | 9          |
|    iterations         | 5800       |
|    time_elapsed       | 4756       |
|    total_timesteps    | 46400      |
| train/                |            |
|    c_learning_rate    | 0.000498   |
|    d_grad_norm        | 1.06       |
|    d_learning_rate    | 0.00498    |
|    entropy_loss       | -3.72      |
|    explained_variance | 0.95898205 |
|    n_updates          | 5799       |
|    policy_loss        | -5.21      |
|    std                | 1.06       |
|    u_grad_norm        | 0.000705   |
|    u_learning_rate    | 0.000995   |
|    v_grad_norm        | 0.936      |
|    value_loss         | 5.69       |
--------------------------------------
--------------------------------------
| rollout/              |            |
|    ep_len_mean        | 500        |
|    ep_rew_mean        | -3.64e+03  |
| time/                 |            |
|    fps                | 9          |
|    iterations         | 5800       |
|    time_elapsed       | 4757       |
|    total_timesteps    | 46400      |
| train/                |            |
|    c_learning_rate    | 0.000498   |
|    d_grad_norm        | 1.1        |
|    d_learning_rate    | 0.00498    |
|    entropy_loss       | -3.64      |
|    explained_variance | 0.99824923 |
|    n_updates          | 5799       |
|    policy_loss        | 1.03       |
|    std                | 1.01       |
|    u_grad_norm        | 0.00956    |
|    u_learning_rate    | 0.000995   |
|    v_grad_norm        | 0.966      |
|    value_loss         | 0.246      |
--------------------------------------
-------------------------------------
| rollout/              |           |
|    ep_len_mean        | 500       |
|    ep_rew_mean        | -3.69e+03 |
| time/                 |           |
|    fps                | 9         |
|    iterations         | 5800      |
|    time_elapsed       | 4762      |
|    total_timesteps    | 46400     |
| train/                |           |
|    c_learning_rate    | 0.000498  |
|    d_grad_norm        | 0.747     |
|    d_learning_rate    | 0.00498   |
|    entropy_loss       | -3.66     |
|    explained_variance | 0.8862585 |
|    n_updates          | 5799      |
|    policy_loss        | 6.88      |
|    std                | 1.02      |
|    u_grad_norm        | 0.00493   |
|    u_learning_rate    | 0.000995  |
|    v_grad_norm        | 0.83      |
|    value_loss         | 16.6      |
-------------------------------------
-------------------------------------
| rollout/              |           |
|    ep_len_mean        | 500       |
|    ep_rew_mean        | -3.74e+03 |
| time/                 |           |
|    fps                | 9         |
|    iterations         | 5700      |
|    time_elapsed       | 4764      |
|    total_timesteps    | 45600     |
| train/                |           |
|    c_learning_rate    | 0.000498  |
|    d_grad_norm        | 1.06      |
|    d_learning_rate    | 0.00498   |
|    entropy_loss       | -2.38     |
|    explained_variance | 0.9908439 |
|    n_updates          | 5699      |
|    policy_loss        | -0.416    |
|    std                | 1.02      |
|    u_grad_norm        | 0.0214    |
|    u_learning_rate    | 0.000995  |
|    v_grad_norm        | 0.984     |
|    value_loss         | 0.964     |
-------------------------------------
-------------------------------------
| rollout/              |           |
|    ep_len_mean        | 500       |
|    ep_rew_mean        | -3.57e+03 |
| time/                 |           |
|    fps                | 9         |
|    iterations         | 5700      |
|    time_elapsed       | 4766      |
|    total_timesteps    | 45600     |
| train/                |           |
|    c_learning_rate    | 0.000498  |
|    d_grad_norm        | 0.876     |
|    d_learning_rate    | 0.00498   |
|    entropy_loss       | -3.19     |
|    explained_variance | 0.9640548 |
|    n_updates          | 5699      |
|    policy_loss        | -3.72     |
|    std                | 0.998     |
|    u_grad_norm        | 0.0205    |
|    u_learning_rate    | 0.000995  |
|    v_grad_norm        | 0.888     |
|    value_loss         | 2.45      |
-------------------------------------
--------------------------------------
| rollout/              |            |
|    ep_len_mean        | 500        |
|    ep_rew_mean        | -3.66e+03  |
| time/                 |            |
|    fps                | 9          |
|    iterations         | 5700       |
|    time_elapsed       | 4769       |
|    total_timesteps    | 45600      |
| train/                |            |
|    c_learning_rate    | 0.000498   |
|    d_grad_norm        | 0.924      |
|    d_learning_rate    | 0.00498    |
|    entropy_loss       | -2.12      |
|    explained_variance | 0.97323626 |
|    n_updates          | 5699       |
|    policy_loss        | -9.77      |
|    std                | 1.04       |
|    u_grad_norm        | 0.0194     |
|    u_learning_rate    | 0.000995   |
|    v_grad_norm        | 0.899      |
|    value_loss         | 35.5       |
--------------------------------------
--------------------------------------
| rollout/              |            |
|    ep_len_mean        | 500        |
|    ep_rew_mean        | -3.64e+03  |
| time/                 |            |
|    fps                | 9          |
|    iterations         | 5800       |
|    time_elapsed       | 4774       |
|    total_timesteps    | 46400      |
| train/                |            |
|    c_learning_rate    | 0.000498   |
|    d_grad_norm        | 0.781      |
|    d_learning_rate    | 0.00498    |
|    entropy_loss       | -3.65      |
|    explained_variance | 0.88707805 |
|    n_updates          | 5799       |
|    policy_loss        | -9.32      |
|    std                | 1.01       |
|    u_grad_norm        | 0.00488    |
|    u_learning_rate    | 0.000995   |
|    v_grad_norm        | 0.814      |
|    value_loss         | 16.2       |
--------------------------------------
--------------------------------------
| rollout/              |            |
|    ep_len_mean        | 500        |
|    ep_rew_mean        | -3.76e+03  |
| time/                 |            |
|    fps                | 9          |
|    iterations         | 5800       |
|    time_elapsed       | 4820       |
|    total_timesteps    | 46400      |
| train/                |            |
|    c_learning_rate    | 0.000498   |
|    d_grad_norm        | 0.793      |
|    d_learning_rate    | 0.00498    |
|    entropy_loss       | -3.39      |
|    explained_variance | 0.99496925 |
|    n_updates          | 5799       |
|    policy_loss        | 9.07       |
|    std                | 0.907      |
|    u_grad_norm        | 0.0157     |
|    u_learning_rate    | 0.000995   |
|    v_grad_norm        | 0.89       |
|    value_loss         | 7.39       |
--------------------------------------
--------------------------------------
| rollout/              |            |
|    ep_len_mean        | 500        |
|    ep_rew_mean        | -3.58e+03  |
| time/                 |            |
|    fps                | 9          |
|    iterations         | 5900       |
|    time_elapsed       | 4829       |
|    total_timesteps    | 47200      |
| train/                |            |
|    c_learning_rate    | 0.000498   |
|    d_grad_norm        | 0.981      |
|    d_learning_rate    | 0.00498    |
|    entropy_loss       | -3.27      |
|    explained_variance | 0.92657876 |
|    n_updates          | 5899       |
|    policy_loss        | 0.357      |
|    std                | 0.956      |
|    u_grad_norm        | 0.00458    |
|    u_learning_rate    | 0.000995   |
|    v_grad_norm        | 0.989      |
|    value_loss         | 0.645      |
--------------------------------------
-------------------------------------
| rollout/              |           |
|    ep_len_mean        | 500       |
|    ep_rew_mean        | -3.53e+03 |
| time/                 |           |
|    fps                | 9         |
|    iterations         | 5900      |
|    time_elapsed       | 4831      |
|    total_timesteps    | 47200     |
| train/                |           |
|    c_learning_rate    | 0.000498  |
|    d_grad_norm        | 0.951     |
|    d_learning_rate    | 0.00498   |
|    entropy_loss       | -3.12     |
|    explained_variance | 0.9935707 |
|    n_updates          | 5899      |
|    policy_loss        | 0.663     |
|    std                | 0.983     |
|    u_grad_norm        | 0.00163   |
|    u_learning_rate    | 0.000995  |
|    v_grad_norm        | 0.945     |
|    value_loss         | 0.248     |
-------------------------------------
--------------------------------------
| rollout/              |            |
|    ep_len_mean        | 500        |
|    ep_rew_mean        | -3.58e+03  |
| time/                 |            |
|    fps                | 9          |
|    iterations         | 5900       |
|    time_elapsed       | 4831       |
|    total_timesteps    | 47200      |
| train/                |            |
|    c_learning_rate    | 0.000498   |
|    d_grad_norm        | 0.808      |
|    d_learning_rate    | 0.00498    |
|    entropy_loss       | -2.83      |
|    explained_variance | 0.99089277 |
|    n_updates          | 5899       |
|    policy_loss        | -4.43      |
|    std                | 1.05       |
|    u_grad_norm        | 0.000987   |
|    u_learning_rate    | 0.000995   |
|    v_grad_norm        | 0.97       |
|    value_loss         | 6.04       |
--------------------------------------
-------------------------------------
| rollout/              |           |
|    ep_len_mean        | 500       |
|    ep_rew_mean        | -3.62e+03 |
| time/                 |           |
|    fps                | 9         |
|    iterations         | 5900      |
|    time_elapsed       | 4832      |
|    total_timesteps    | 47200     |
| train/                |           |
|    c_learning_rate    | 0.000498  |
|    d_grad_norm        | 1.03      |
|    d_learning_rate    | 0.00498   |
|    entropy_loss       | -2.98     |
|    explained_variance | 0.9942777 |
|    n_updates          | 5899      |
|    policy_loss        | 8.97      |
|    std                | 1.01      |
|    u_grad_norm        | 0.00387   |
|    u_learning_rate    | 0.000995  |
|    v_grad_norm        | 0.861     |
|    value_loss         | 13        |
-------------------------------------
-------------------------------------
| rollout/              |           |
|    ep_len_mean        | 500       |
|    ep_rew_mean        | -3.68e+03 |
| time/                 |           |
|    fps                | 9         |
|    iterations         | 5900      |
|    time_elapsed       | 4837      |
|    total_timesteps    | 47200     |
| train/                |           |
|    c_learning_rate    | 0.000498  |
|    d_grad_norm        | 1.13      |
|    d_learning_rate    | 0.00498   |
|    entropy_loss       | -1.8      |
|    explained_variance | 0.6434809 |
|    n_updates          | 5899      |
|    policy_loss        | 9.02      |
|    std                | 1.02      |
|    u_grad_norm        | 0.0183    |
|    u_learning_rate    | 0.000995  |
|    v_grad_norm        | 0.972     |
|    value_loss         | 38.3      |
-------------------------------------
--------------------------------------
| rollout/              |            |
|    ep_len_mean        | 500        |
|    ep_rew_mean        | -3.73e+03  |
| time/                 |            |
|    fps                | 9          |
|    iterations         | 5800       |
|    time_elapsed       | 4840       |
|    total_timesteps    | 46400      |
| train/                |            |
|    c_learning_rate    | 0.000498   |
|    d_grad_norm        | 0.781      |
|    d_learning_rate    | 0.00498    |
|    entropy_loss       | -3.37      |
|    explained_variance | 0.99131197 |
|    n_updates          | 5799       |
|    policy_loss        | 2.6        |
|    std                | 1.03       |
|    u_grad_norm        | 0.00143    |
|    u_learning_rate    | 0.000995   |
|    v_grad_norm        | 0.87       |
|    value_loss         | 1.71       |
--------------------------------------
--------------------------------------
| rollout/              |            |
|    ep_len_mean        | 500        |
|    ep_rew_mean        | -3.57e+03  |
| time/                 |            |
|    fps                | 9          |
|    iterations         | 5800       |
|    time_elapsed       | 4841       |
|    total_timesteps    | 46400      |
| train/                |            |
|    c_learning_rate    | 0.000498   |
|    d_grad_norm        | 0.775      |
|    d_learning_rate    | 0.00498    |
|    entropy_loss       | -3.48      |
|    explained_variance | 0.43939018 |
|    n_updates          | 5799       |
|    policy_loss        | 4.91       |
|    std                | 0.99       |
|    u_grad_norm        | 0.00957    |
|    u_learning_rate    | 0.000995   |
|    v_grad_norm        | 0.916      |
|    value_loss         | 15.1       |
--------------------------------------
-------------------------------------
| rollout/              |           |
|    ep_len_mean        | 500       |
|    ep_rew_mean        | -3.65e+03 |
| time/                 |           |
|    fps                | 9         |
|    iterations         | 5800      |
|    time_elapsed       | 4844      |
|    total_timesteps    | 46400     |
| train/                |           |
|    c_learning_rate    | 0.000498  |
|    d_grad_norm        | 0.873     |
|    d_learning_rate    | 0.00498   |
|    entropy_loss       | -2.84     |
|    explained_variance | 0.6503187 |
|    n_updates          | 5799      |
|    policy_loss        | 9.47      |
|    std                | 1.03      |
|    u_grad_norm        | 0.0157    |
|    u_learning_rate    | 0.000995  |
|    v_grad_norm        | 0.895     |
|    value_loss         | 14.8      |
-------------------------------------
--------------------------------------
| rollout/              |            |
|    ep_len_mean        | 500        |
|    ep_rew_mean        | -3.63e+03  |
| time/                 |            |
|    fps                | 9          |
|    iterations         | 5900       |
|    time_elapsed       | 4853       |
|    total_timesteps    | 47200      |
| train/                |            |
|    c_learning_rate    | 0.000498   |
|    d_grad_norm        | 0.828      |
|    d_learning_rate    | 0.00498    |
|    entropy_loss       | -3.55      |
|    explained_variance | 0.99284464 |
|    n_updates          | 5899       |
|    policy_loss        | 9.04       |
|    std                | 1.01       |
|    u_grad_norm        | 0.00435    |
|    u_learning_rate    | 0.000995   |
|    v_grad_norm        | 0.854      |
|    value_loss         | 9.87       |
--------------------------------------
-------------------------------------
| rollout/              |           |
|    ep_len_mean        | 500       |
|    ep_rew_mean        | -3.59e+03 |
| time/                 |           |
|    fps                | 9         |
|    iterations         | 6000      |
|    time_elapsed       | 4869      |
|    total_timesteps    | 48000     |
| train/                |           |
|    c_learning_rate    | 0.000498  |
|    d_grad_norm        | 1.11      |
|    d_learning_rate    | 0.00498   |
|    entropy_loss       | -2.95     |
|    explained_variance | 0.6075156 |
|    n_updates          | 5999      |
|    policy_loss        | 2.92      |
|    std                | 0.96      |
|    u_grad_norm        | 0.0025    |
|    u_learning_rate    | 0.000995  |
|    v_grad_norm        | 0.996     |
|    value_loss         | 1.32      |
-------------------------------------
-------------------------------------
| rollout/              |           |
|    ep_len_mean        | 500       |
|    ep_rew_mean        | -3.56e+03 |
| time/                 |           |
|    fps                | 9         |
|    iterations         | 6000      |
|    time_elapsed       | 4871      |
|    total_timesteps    | 48000     |
| train/                |           |
|    c_learning_rate    | 0.000498  |
|    d_grad_norm        | 0.899     |
|    d_learning_rate    | 0.00498   |
|    entropy_loss       | -2.41     |
|    explained_variance | -0.464612 |
|    n_updates          | 5999      |
|    policy_loss        | 4.02      |
|    std                | 1.05      |
|    u_grad_norm        | 0.0667    |
|    u_learning_rate    | 0.000995  |
|    v_grad_norm        | 0.79      |
|    value_loss         | 13.9      |
-------------------------------------
--------------------------------------
| rollout/              |            |
|    ep_len_mean        | 500        |
|    ep_rew_mean        | -3.51e+03  |
| time/                 |            |
|    fps                | 9          |
|    iterations         | 6000       |
|    time_elapsed       | 4871       |
|    total_timesteps    | 48000      |
| train/                |            |
|    c_learning_rate    | 0.000498   |
|    d_grad_norm        | 0.878      |
|    d_learning_rate    | 0.00498    |
|    entropy_loss       | -3.5       |
|    explained_variance | 0.93586063 |
|    n_updates          | 5999       |
|    policy_loss        | 8.02       |
|    std                | 0.974      |
|    u_grad_norm        | 0.0169     |
|    u_learning_rate    | 0.000995   |
|    v_grad_norm        | 0.786      |
|    value_loss         | 5.36       |
--------------------------------------
-------------------------------------
| rollout/              |           |
|    ep_len_mean        | 500       |
|    ep_rew_mean        | -3.61e+03 |
| time/                 |           |
|    fps                | 9         |
|    iterations         | 6000      |
|    time_elapsed       | 4871      |
|    total_timesteps    | 48000     |
| train/                |           |
|    c_learning_rate    | 0.000498  |
|    d_grad_norm        | 0.997     |
|    d_learning_rate    | 0.00498   |
|    entropy_loss       | -2.55     |
|    explained_variance | 0.5563867 |
|    n_updates          | 5999      |
|    policy_loss        | 22        |
|    std                | 1         |
|    u_grad_norm        | 0.016     |
|    u_learning_rate    | 0.000995  |
|    v_grad_norm        | 0.901     |
|    value_loss         | 63.5      |
-------------------------------------
--------------------------------------
| rollout/              |            |
|    ep_len_mean        | 500        |
|    ep_rew_mean        | -3.68e+03  |
| time/                 |            |
|    fps                | 9          |
|    iterations         | 6000       |
|    time_elapsed       | 4876       |
|    total_timesteps    | 48000      |
| train/                |            |
|    c_learning_rate    | 0.000498   |
|    d_grad_norm        | 0.988      |
|    d_learning_rate    | 0.00498    |
|    entropy_loss       | -2.55      |
|    explained_variance | 0.86314845 |
|    n_updates          | 5999       |
|    policy_loss        | -0.803     |
|    std                | 1.01       |
|    u_grad_norm        | 0.0119     |
|    u_learning_rate    | 0.000995   |
|    v_grad_norm        | 0.936      |
|    value_loss         | 1.26       |
--------------------------------------
--------------------------------------
| rollout/              |            |
|    ep_len_mean        | 500        |
|    ep_rew_mean        | -3.62e+03  |
| time/                 |            |
|    fps                | 9          |
|    iterations         | 6000       |
|    time_elapsed       | 4889       |
|    total_timesteps    | 48000      |
| train/                |            |
|    c_learning_rate    | 0.000498   |
|    d_grad_norm        | 1.23       |
|    d_learning_rate    | 0.00498    |
|    entropy_loss       | -3.61      |
|    explained_variance | -2.9705992 |
|    n_updates          | 5999       |
|    policy_loss        | -1.15      |
|    std                | 1.02       |
|    u_grad_norm        | 0.00381    |
|    u_learning_rate    | 0.000995   |
|    v_grad_norm        | 0.898      |
|    value_loss         | 0.179      |
--------------------------------------
--------------------------------------
| rollout/              |            |
|    ep_len_mean        | 500        |
|    ep_rew_mean        | -3.74e+03  |
| time/                 |            |
|    fps                | 9          |
|    iterations         | 5900       |
|    time_elapsed       | 4901       |
|    total_timesteps    | 47200      |
| train/                |            |
|    c_learning_rate    | 0.000498   |
|    d_grad_norm        | 1.06       |
|    d_learning_rate    | 0.00498    |
|    entropy_loss       | -3.36      |
|    explained_variance | -0.4430958 |
|    n_updates          | 5899       |
|    policy_loss        | -2.5       |
|    std                | 0.902      |
|    u_grad_norm        | 0.000685   |
|    u_learning_rate    | 0.000995   |
|    v_grad_norm        | 0.979      |
|    value_loss         | 1.02       |
--------------------------------------
--------------------------------------
| rollout/              |            |
|    ep_len_mean        | 500        |
|    ep_rew_mean        | -3.71e+03  |
| time/                 |            |
|    fps                | 9          |
|    iterations         | 5900       |
|    time_elapsed       | 4916       |
|    total_timesteps    | 47200      |
| train/                |            |
|    c_learning_rate    | 0.000498   |
|    d_grad_norm        | 0.974      |
|    d_learning_rate    | 0.00498    |
|    entropy_loss       | -2.7       |
|    explained_variance | 0.93412316 |
|    n_updates          | 5899       |
|    policy_loss        | -5.88      |
|    std                | 1.01       |
|    u_grad_norm        | 0.00194    |
|    u_learning_rate    | 0.000995   |
|    v_grad_norm        | 0.983      |
|    value_loss         | 7.25       |
--------------------------------------
-------------------------------------
| rollout/              |           |
|    ep_len_mean        | 500       |
|    ep_rew_mean        | -3.56e+03 |
| time/                 |           |
|    fps                | 9         |
|    iterations         | 5900      |
|    time_elapsed       | 4916      |
|    total_timesteps    | 47200     |
| train/                |           |
|    c_learning_rate    | 0.000498  |
|    d_grad_norm        | 0.738     |
|    d_learning_rate    | 0.00498   |
|    entropy_loss       | -2.98     |
|    explained_variance | 0.9674375 |
|    n_updates          | 5899      |
|    policy_loss        | -1.51     |
|    std                | 0.996     |
|    u_grad_norm        | 0.00213   |
|    u_learning_rate    | 0.000995  |
|    v_grad_norm        | 0.98      |
|    value_loss         | 0.424     |
-------------------------------------
--------------------------------------
| rollout/              |            |
|    ep_len_mean        | 500        |
|    ep_rew_mean        | -3.62e+03  |
| time/                 |            |
|    fps                | 9          |
|    iterations         | 5900       |
|    time_elapsed       | 4920       |
|    total_timesteps    | 47200      |
| train/                |            |
|    c_learning_rate    | 0.000498   |
|    d_grad_norm        | 1.02       |
|    d_learning_rate    | 0.00498    |
|    entropy_loss       | -3.08      |
|    explained_variance | 0.70050675 |
|    n_updates          | 5899       |
|    policy_loss        | -10.6      |
|    std                | 1.02       |
|    u_grad_norm        | 0.018      |
|    u_learning_rate    | 0.000995   |
|    v_grad_norm        | 0.957      |
|    value_loss         | 14.2       |
--------------------------------------
--------------------------------------
| rollout/              |            |
|    ep_len_mean        | 500        |
|    ep_rew_mean        | -3.74e+03  |
| time/                 |            |
|    fps                | 9          |
|    iterations         | 6000       |
|    time_elapsed       | 4939       |
|    total_timesteps    | 48000      |
| train/                |            |
|    c_learning_rate    | 0.000498   |
|    d_grad_norm        | 1.11       |
|    d_learning_rate    | 0.00498    |
|    entropy_loss       | -3.2       |
|    explained_variance | 0.17564696 |
|    n_updates          | 5999       |
|    policy_loss        | -4.74      |
|    std                | 0.901      |
|    u_grad_norm        | 0.0344     |
|    u_learning_rate    | 0.000995   |
|    v_grad_norm        | 0.9        |
|    value_loss         | 1.55       |
--------------------------------------
-------------------------------------
| rollout/              |           |
|    ep_len_mean        | 500       |
|    ep_rew_mean        | -3.58e+03 |
| time/                 |           |
|    fps                | 9         |
|    iterations         | 6100      |
|    time_elapsed       | 4945      |
|    total_timesteps    | 48800     |
| train/                |           |
|    c_learning_rate    | 0.000498  |
|    d_grad_norm        | 0.878     |
|    d_learning_rate    | 0.00498   |
|    entropy_loss       | -3.25     |
|    explained_variance | 0.8764312 |
|    n_updates          | 6099      |
|    policy_loss        | -1.69     |
|    std                | 0.956     |
|    u_grad_norm        | 0.0124    |
|    u_learning_rate    | 0.000995  |
|    v_grad_norm        | 0.835     |
|    value_loss         | 4.85      |
-------------------------------------
-------------------------------------
| rollout/              |           |
|    ep_len_mean        | 500       |
|    ep_rew_mean        | -3.51e+03 |
| time/                 |           |
|    fps                | 9         |
|    iterations         | 6100      |
|    time_elapsed       | 4947      |
|    total_timesteps    | 48800     |
| train/                |           |
|    c_learning_rate    | 0.000498  |
|    d_grad_norm        | 0.951     |
|    d_learning_rate    | 0.00498   |
|    entropy_loss       | -3.27     |
|    explained_variance | 0.9707863 |
|    n_updates          | 6099      |
|    policy_loss        | 0.315     |
|    std                | 0.976     |
|    u_grad_norm        | 0.0192    |
|    u_learning_rate    | 0.000995  |
|    v_grad_norm        | 0.813     |
|    value_loss         | 2.51      |
-------------------------------------
--------------------------------------
| rollout/              |            |
|    ep_len_mean        | 500        |
|    ep_rew_mean        | -3.56e+03  |
| time/                 |            |
|    fps                | 9          |
|    iterations         | 6100       |
|    time_elapsed       | 4947       |
|    total_timesteps    | 48800      |
| train/                |            |
|    c_learning_rate    | 0.000498   |
|    d_grad_norm        | 0.91       |
|    d_learning_rate    | 0.00498    |
|    entropy_loss       | -2.8       |
|    explained_variance | 0.98930186 |
|    n_updates          | 6099       |
|    policy_loss        | -6.02      |
|    std                | 1.05       |
|    u_grad_norm        | 0.00824    |
|    u_learning_rate    | 0.000995   |
|    v_grad_norm        | 0.75       |
|    value_loss         | 6.18       |
--------------------------------------
--------------------------------------
| rollout/              |            |
|    ep_len_mean        | 500        |
|    ep_rew_mean        | -3.6e+03   |
| time/                 |            |
|    fps                | 9          |
|    iterations         | 6100       |
|    time_elapsed       | 4947       |
|    total_timesteps    | 48800      |
| train/                |            |
|    c_learning_rate    | 0.000498   |
|    d_grad_norm        | 0.937      |
|    d_learning_rate    | 0.00498    |
|    entropy_loss       | -3.8       |
|    explained_variance | 0.99275476 |
|    n_updates          | 6099       |
|    policy_loss        | 3.33       |
|    std                | 0.999      |
|    u_grad_norm        | 0.00769    |
|    u_learning_rate    | 0.000995   |
|    v_grad_norm        | 0.857      |
|    value_loss         | 1.49       |
--------------------------------------
--------------------------------------
| rollout/              |            |
|    ep_len_mean        | 500        |
|    ep_rew_mean        | -3.67e+03  |
| time/                 |            |
|    fps                | 9          |
|    iterations         | 6100       |
|    time_elapsed       | 4954       |
|    total_timesteps    | 48800      |
| train/                |            |
|    c_learning_rate    | 0.000498   |
|    d_grad_norm        | 0.92       |
|    d_learning_rate    | 0.00498    |
|    entropy_loss       | -3.44      |
|    explained_variance | 0.98799646 |
|    n_updates          | 6099       |
|    policy_loss        | 15         |
|    std                | 1.01       |
|    u_grad_norm        | 0.0243     |
|    u_learning_rate    | 0.000995   |
|    v_grad_norm        | 0.848      |
|    value_loss         | 9.28       |
--------------------------------------
-------------------------------------
| rollout/              |           |
|    ep_len_mean        | 500       |
|    ep_rew_mean        | -3.7e+03  |
| time/                 |           |
|    fps                | 9         |
|    iterations         | 6000      |
|    time_elapsed       | 4956      |
|    total_timesteps    | 48000     |
| train/                |           |
|    c_learning_rate    | 0.000498  |
|    d_grad_norm        | 0.813     |
|    d_learning_rate    | 0.00498   |
|    entropy_loss       | -3.08     |
|    explained_variance | 0.9200747 |
|    n_updates          | 5999      |
|    policy_loss        | -12.8     |
|    std                | 1         |
|    u_grad_norm        | 0.0136    |
|    u_learning_rate    | 0.000995  |
|    v_grad_norm        | 0.954     |
|    value_loss         | 17        |
-------------------------------------
--------------------------------------
| rollout/              |            |
|    ep_len_mean        | 500        |
|    ep_rew_mean        | -3.56e+03  |
| time/                 |            |
|    fps                | 9          |
|    iterations         | 6000       |
|    time_elapsed       | 4956       |
|    total_timesteps    | 48000      |
| train/                |            |
|    c_learning_rate    | 0.000498   |
|    d_grad_norm        | 1.13       |
|    d_learning_rate    | 0.00498    |
|    entropy_loss       | -2.65      |
|    explained_variance | 0.11852765 |
|    n_updates          | 5999       |
|    policy_loss        | -8.25      |
|    std                | 0.987      |
|    u_grad_norm        | 0.0229     |
|    u_learning_rate    | 0.000995   |
|    v_grad_norm        | 0.942      |
|    value_loss         | 14         |
--------------------------------------
--------------------------------------
| rollout/              |            |
|    ep_len_mean        | 500        |
|    ep_rew_mean        | -3.62e+03  |
| time/                 |            |
|    fps                | 9          |
|    iterations         | 6000       |
|    time_elapsed       | 4960       |
|    total_timesteps    | 48000      |
| train/                |            |
|    c_learning_rate    | 0.000498   |
|    d_grad_norm        | 0.826      |
|    d_learning_rate    | 0.00498    |
|    entropy_loss       | -3.51      |
|    explained_variance | 0.99834085 |
|    n_updates          | 5999       |
|    policy_loss        | 0.479      |
|    std                | 1.01       |
|    u_grad_norm        | 0.00172    |
|    u_learning_rate    | 0.000995   |
|    v_grad_norm        | 0.779      |
|    value_loss         | 0.583      |
--------------------------------------
-------------------------------------
| rollout/              |           |
|    ep_len_mean        | 500       |
|    ep_rew_mean        | -3.63e+03 |
| time/                 |           |
|    fps                | 9         |
|    iterations         | 6100      |
|    time_elapsed       | 4971      |
|    total_timesteps    | 48800     |
| train/                |           |
|    c_learning_rate    | 0.000498  |
|    d_grad_norm        | 1.06      |
|    d_learning_rate    | 0.00498   |
|    entropy_loss       | -3.38     |
|    explained_variance | 0.922698  |
|    n_updates          | 6099      |
|    policy_loss        | -8.88     |
|    std                | 1.02      |
|    u_grad_norm        | 0.0231    |
|    u_learning_rate    | 0.000995  |
|    v_grad_norm        | 0.803     |
|    value_loss         | 9.61      |
-------------------------------------
-------------------------------------
| rollout/              |           |
|    ep_len_mean        | 500       |
|    ep_rew_mean        | -3.75e+03 |
| time/                 |           |
|    fps                | 9         |
|    iterations         | 6100      |
|    time_elapsed       | 5018      |
|    total_timesteps    | 48800     |
| train/                |           |
|    c_learning_rate    | 0.000498  |
|    d_grad_norm        | 0.351     |
|    d_learning_rate    | 0.00498   |
|    entropy_loss       | -3.36     |
|    explained_variance | 0.9441695 |
|    n_updates          | 6099      |
|    policy_loss        | 1.41      |
|    std                | 0.9       |
|    u_grad_norm        | 0.0249    |
|    u_learning_rate    | 0.000995  |
|    v_grad_norm        | 0.886     |
|    value_loss         | 0.174     |
-------------------------------------
-------------------------------------
| rollout/              |           |
|    ep_len_mean        | 500       |
|    ep_rew_mean        | -3.58e+03 |
| time/                 |           |
|    fps                | 9         |
|    iterations         | 6200      |
|    time_elapsed       | 5020      |
|    total_timesteps    | 49600     |
| train/                |           |
|    c_learning_rate    | 0.000498  |
|    d_grad_norm        | 1.13      |
|    d_learning_rate    | 0.00498   |
|    entropy_loss       | -2.77     |
|    explained_variance | 0.837654  |
|    n_updates          | 6199      |
|    policy_loss        | 0.632     |
|    std                | 0.958     |
|    u_grad_norm        | 0.0208    |
|    u_learning_rate    | 0.000995  |
|    v_grad_norm        | 0.911     |
|    value_loss         | 0.126     |
-------------------------------------
--------------------------------------
| rollout/              |            |
|    ep_len_mean        | 500        |
|    ep_rew_mean        | -3.49e+03  |
| time/                 |            |
|    fps                | 9          |
|    iterations         | 6200       |
|    time_elapsed       | 5021       |
|    total_timesteps    | 49600      |
| train/                |            |
|    c_learning_rate    | 0.000498   |
|    d_grad_norm        | 0.841      |
|    d_learning_rate    | 0.00498    |
|    entropy_loss       | -3.55      |
|    explained_variance | 0.95290744 |
|    n_updates          | 6199       |
|    policy_loss        | -25.4      |
|    std                | 0.964      |
|    u_grad_norm        | 0.00414    |
|    u_learning_rate    | 0.000995   |
|    v_grad_norm        | 0.765      |
|    value_loss         | 71.2       |
--------------------------------------
-------------------------------------
| rollout/              |           |
|    ep_len_mean        | 500       |
|    ep_rew_mean        | -3.55e+03 |
| time/                 |           |
|    fps                | 9         |
|    iterations         | 6200      |
|    time_elapsed       | 5022      |
|    total_timesteps    | 49600     |
| train/                |           |
|    c_learning_rate    | 0.000498  |
|    d_grad_norm        | 1.04      |
|    d_learning_rate    | 0.00498   |
|    entropy_loss       | -2.22     |
|    explained_variance | 0.5376227 |
|    n_updates          | 6199      |
|    policy_loss        | -3.39     |
|    std                | 1.06      |
|    u_grad_norm        | 0.0242    |
|    u_learning_rate    | 0.000995  |
|    v_grad_norm        | 0.847     |
|    value_loss         | 21.4      |
-------------------------------------
---------------------------------------
| rollout/              |             |
|    ep_len_mean        | 500         |
|    ep_rew_mean        | -3.59e+03   |
| time/                 |             |
|    fps                | 9           |
|    iterations         | 6200        |
|    time_elapsed       | 5022        |
|    total_timesteps    | 49600       |
| train/                |             |
|    c_learning_rate    | 0.000498    |
|    d_grad_norm        | 1.13        |
|    d_learning_rate    | 0.00498     |
|    entropy_loss       | -2.39       |
|    explained_variance | 0.049497724 |
|    n_updates          | 6199        |
|    policy_loss        | -2.91       |
|    std                | 1.01        |
|    u_grad_norm        | 0.00714     |
|    u_learning_rate    | 0.000995    |
|    v_grad_norm        | 0.971       |
|    value_loss         | 3.69        |
---------------------------------------
-------------------------------------
| rollout/              |           |
|    ep_len_mean        | 500       |
|    ep_rew_mean        | -3.67e+03 |
| time/                 |           |
|    fps                | 9         |
|    iterations         | 6200      |
|    time_elapsed       | 5030      |
|    total_timesteps    | 49600     |
| train/                |           |
|    c_learning_rate    | 0.000498  |
|    d_grad_norm        | 1.06      |
|    d_learning_rate    | 0.00498   |
|    entropy_loss       | -2.81     |
|    explained_variance | 0.9514013 |
|    n_updates          | 6199      |
|    policy_loss        | 0.461     |
|    std                | 1         |
|    u_grad_norm        | 0.00789   |
|    u_learning_rate    | 0.000995  |
|    v_grad_norm        | 0.91      |
|    value_loss         | 0.887     |
-------------------------------------
-------------------------------------
| rollout/              |           |
|    ep_len_mean        | 500       |
|    ep_rew_mean        | -3.69e+03 |
| time/                 |           |
|    fps                | 9         |
|    iterations         | 6100      |
|    time_elapsed       | 5032      |
|    total_timesteps    | 48800     |
| train/                |           |
|    c_learning_rate    | 0.000498  |
|    d_grad_norm        | 0.949     |
|    d_learning_rate    | 0.00498   |
|    entropy_loss       | -3.66     |
|    explained_variance | 0.9674617 |
|    n_updates          | 6099      |
|    policy_loss        | -13.8     |
|    std                | 0.988     |
|    u_grad_norm        | 0.00707   |
|    u_learning_rate    | 0.000995  |
|    v_grad_norm        | 0.83      |
|    value_loss         | 21.9      |
-------------------------------------
-------------------------------------
| rollout/              |           |
|    ep_len_mean        | 500       |
|    ep_rew_mean        | -3.55e+03 |
| time/                 |           |
|    fps                | 9         |
|    iterations         | 6100      |
|    time_elapsed       | 5032      |
|    total_timesteps    | 48800     |
| train/                |           |
|    c_learning_rate    | 0.000498  |
|    d_grad_norm        | 1.05      |
|    d_learning_rate    | 0.00498   |
|    entropy_loss       | -2.78     |
|    explained_variance | 0.5348395 |
|    n_updates          | 6099      |
|    policy_loss        | -8.88     |
|    std                | 0.987     |
|    u_grad_norm        | 0.0189    |
|    u_learning_rate    | 0.000995  |
|    v_grad_norm        | 0.898     |
|    value_loss         | 13.2      |
-------------------------------------
--------------------------------------
| rollout/              |            |
|    ep_len_mean        | 500        |
|    ep_rew_mean        | -3.62e+03  |
| time/                 |            |
|    fps                | 9          |
|    iterations         | 6100       |
|    time_elapsed       | 5036       |
|    total_timesteps    | 48800      |
| train/                |            |
|    c_learning_rate    | 0.000498   |
|    d_grad_norm        | 1.02       |
|    d_learning_rate    | 0.00498    |
|    entropy_loss       | -2.93      |
|    explained_variance | 0.52824336 |
|    n_updates          | 6099       |
|    policy_loss        | 0.932      |
|    std                | 1          |
|    u_grad_norm        | 0.0156     |
|    u_learning_rate    | 0.000995   |
|    v_grad_norm        | 0.931      |
|    value_loss         | 0.139      |
--------------------------------------
-------------------------------------
| rollout/              |           |
|    ep_len_mean        | 500       |
|    ep_rew_mean        | -3.62e+03 |
| time/                 |           |
|    fps                | 9         |
|    iterations         | 6200      |
|    time_elapsed       | 5054      |
|    total_timesteps    | 49600     |
| train/                |           |
|    c_learning_rate    | 0.000498  |
|    d_grad_norm        | 0.987     |
|    d_learning_rate    | 0.00498   |
|    entropy_loss       | -3.93     |
|    explained_variance | 0.935574  |
|    n_updates          | 6199      |
|    policy_loss        | -8.84     |
|    std                | 1.03      |
|    u_grad_norm        | 0.00128   |
|    u_learning_rate    | 0.000995  |
|    v_grad_norm        | 0.842     |
|    value_loss         | 9.48      |
-------------------------------------
--------------------------------------
| rollout/              |            |
|    ep_len_mean        | 500        |
|    ep_rew_mean        | -3.74e+03  |
| time/                 |            |
|    fps                | 9          |
|    iterations         | 6200       |
|    time_elapsed       | 5189       |
|    total_timesteps    | 49600      |
| train/                |            |
|    c_learning_rate    | 0.000498   |
|    d_grad_norm        | 1.13       |
|    d_learning_rate    | 0.00498    |
|    entropy_loss       | -3.56      |
|    explained_variance | 0.97991544 |
|    n_updates          | 6199       |
|    policy_loss        | -2.01      |
|    std                | 0.894      |
|    u_grad_norm        | 0.0187     |
|    u_learning_rate    | 0.000995   |
|    v_grad_norm        | 0.919      |
|    value_loss         | 0.548      |
--------------------------------------
-------------------------------------
| rollout/              |           |
|    ep_len_mean        | 500       |
|    ep_rew_mean        | -3.55e+03 |
| time/                 |           |
|    fps                | 9         |
|    iterations         | 6200      |
|    time_elapsed       | 5255      |
|    total_timesteps    | 49600     |
| train/                |           |
|    c_learning_rate    | 0.000498  |
|    d_grad_norm        | 1.13      |
|    d_learning_rate    | 0.00498   |
|    entropy_loss       | -2.66     |
|    explained_variance | 0.5115387 |
|    n_updates          | 6199      |
|    policy_loss        | -2.47     |
|    std                | 0.979     |
|    u_grad_norm        | 0.00433   |
|    u_learning_rate    | 0.000995  |
|    v_grad_norm        | 0.905     |
|    value_loss         | 1.38      |
-------------------------------------
--------------------------------------
| rollout/              |            |
|    ep_len_mean        | 500        |
|    ep_rew_mean        | -3.67e+03  |
| time/                 |            |
|    fps                | 9          |
|    iterations         | 6200       |
|    time_elapsed       | 5256       |
|    total_timesteps    | 49600      |
| train/                |            |
|    c_learning_rate    | 0.000498   |
|    d_grad_norm        | 1.02       |
|    d_learning_rate    | 0.00498    |
|    entropy_loss       | -3.68      |
|    explained_variance | 0.98596424 |
|    n_updates          | 6199       |
|    policy_loss        | -9.43      |
|    std                | 0.981      |
|    u_grad_norm        | 0.00478    |
|    u_learning_rate    | 0.000995   |
|    v_grad_norm        | 0.831      |
|    value_loss         | 10.6       |
--------------------------------------
--------------------------------------
| rollout/              |            |
|    ep_len_mean        | 500        |
|    ep_rew_mean        | -3.62e+03  |
| time/                 |            |
|    fps                | 9          |
|    iterations         | 6200       |
|    time_elapsed       | 5281       |
|    total_timesteps    | 49600      |
| train/                |            |
|    c_learning_rate    | 0.000498   |
|    d_grad_norm        | 0.816      |
|    d_learning_rate    | 0.00498    |
|    entropy_loss       | -3.47      |
|    explained_variance | 0.99752134 |
|    n_updates          | 6199       |
|    policy_loss        | 2.14       |
|    std                | 0.994      |
|    u_grad_norm        | 0.00506    |
|    u_learning_rate    | 0.000995   |
|    v_grad_norm        | 0.929      |
|    value_loss         | 0.723      |
--------------------------------------
Eval num_timesteps=50000, episode_reward=-3590.37 +/- 242.96
Episode length: 500.00 +/- 0.00
--------------------------------------
| eval/                 |            |
|    mean_ep_length     | 500        |
|    mean_reward        | -3.59e+03  |
| time/                 |            |
|    total_timesteps    | 50000      |
| train/                |            |
|    c_learning_rate    | 0.000498   |
|    d_grad_norm        | 0.946      |
|    d_learning_rate    | 0.00498    |
|    entropy_loss       | -2.76      |
|    explained_variance | 0.97218037 |
|    n_updates          | 6249       |
|    policy_loss        | -13.8      |
|    std                | 0.954      |
|    u_grad_norm        | 0.00464    |
|    u_learning_rate    | 0.000995   |
|    v_grad_norm        | 0.903      |
|    value_loss         | 42.5       |
--------------------------------------
Eval num_timesteps=50000, episode_reward=-2075.79 +/- 458.14
Episode length: 500.00 +/- 0.00
-------------------------------------
| eval/                 |           |
|    mean_ep_length     | 500       |
|    mean_reward        | -2.08e+03 |
| time/                 |           |
|    total_timesteps    | 50000     |
| train/                |           |
|    c_learning_rate    | 0.000498  |
|    d_grad_norm        | 1.17      |
|    d_learning_rate    | 0.00498   |
|    entropy_loss       | -2.68     |
|    explained_variance | 0.990875  |
|    n_updates          | 6249      |
|    policy_loss        | -4.11     |
|    std                | 0.964     |
|    u_grad_norm        | 0.0097    |
|    u_learning_rate    | 0.000995  |
|    v_grad_norm        | 0.986     |
|    value_loss         | 4.1       |
-------------------------------------
Eval num_timesteps=50000, episode_reward=-3443.05 +/- 180.84
Episode length: 500.00 +/- 0.00
--------------------------------------
| eval/                 |            |
|    mean_ep_length     | 500        |
|    mean_reward        | -3.44e+03  |
| time/                 |            |
|    total_timesteps    | 50000      |
| train/                |            |
|    c_learning_rate    | 0.000498   |
|    d_grad_norm        | 1.14       |
|    d_learning_rate    | 0.00498    |
|    entropy_loss       | -3.11      |
|    explained_variance | 0.24104631 |
|    n_updates          | 6249       |
|    policy_loss        | -4.83      |
|    std                | 1.06       |
|    u_grad_norm        | 0.00648    |
|    u_learning_rate    | 0.000995   |
|    v_grad_norm        | 0.916      |
|    value_loss         | 5.77       |
--------------------------------------
Eval num_timesteps=50000, episode_reward=-3591.69 +/- 83.98
Episode length: 500.00 +/- 0.00
--------------------------------------
| eval/                 |            |
|    mean_ep_length     | 500        |
|    mean_reward        | -3.59e+03  |
| time/                 |            |
|    total_timesteps    | 50000      |
| train/                |            |
|    c_learning_rate    | 0.000498   |
|    d_grad_norm        | 1.14       |
|    d_learning_rate    | 0.00498    |
|    entropy_loss       | -3.51      |
|    explained_variance | 0.95901406 |
|    n_updates          | 6249       |
|    policy_loss        | -16.8      |
|    std                | 1.01       |
|    u_grad_norm        | 0.0489     |
|    u_learning_rate    | 0.000995   |
|    v_grad_norm        | 0.977      |
|    value_loss         | 14.3       |
--------------------------------------
Eval num_timesteps=50000, episode_reward=-3438.99 +/- 86.78
Episode length: 500.00 +/- 0.00
--------------------------------------
| eval/                 |            |
|    mean_ep_length     | 500        |
|    mean_reward        | -3.44e+03  |
| time/                 |            |
|    total_timesteps    | 50000      |
| train/                |            |
|    c_learning_rate    | 0.000498   |
|    d_grad_norm        | 0.921      |
|    d_learning_rate    | 0.00498    |
|    entropy_loss       | -2.74      |
|    explained_variance | 0.99348676 |
|    n_updates          | 6249       |
|    policy_loss        | -3.01      |
|    std                | 0.991      |
|    u_grad_norm        | 0.00408    |
|    u_learning_rate    | 0.000995   |
|    v_grad_norm        | 0.9        |
|    value_loss         | 2.35       |
--------------------------------------
Eval num_timesteps=50000, episode_reward=-3282.65 +/- 512.30
Episode length: 500.00 +/- 0.00
--------------------------------------
| eval/                 |            |
|    mean_ep_length     | 500        |
|    mean_reward        | -3.28e+03  |
| time/                 |            |
|    total_timesteps    | 50000      |
| train/                |            |
|    c_learning_rate    | 0.000498   |
|    d_grad_norm        | 1.15       |
|    d_learning_rate    | 0.00498    |
|    entropy_loss       | -3.5       |
|    explained_variance | 0.81518596 |
|    n_updates          | 6249       |
|    policy_loss        | -1.83      |
|    std                | 1.03       |
|    u_grad_norm        | 0.00754    |
|    u_learning_rate    | 0.000995   |
|    v_grad_norm        | 0.889      |
|    value_loss         | 0.444      |
--------------------------------------
Eval num_timesteps=50000, episode_reward=-3370.14 +/- 497.66
Episode length: 500.00 +/- 0.00
--------------------------------------
| eval/                 |            |
|    mean_ep_length     | 500        |
|    mean_reward        | -3.37e+03  |
| time/                 |            |
|    total_timesteps    | 50000      |
| train/                |            |
|    c_learning_rate    | 0.000498   |
|    d_grad_norm        | 0.987      |
|    d_learning_rate    | 0.00498    |
|    entropy_loss       | -3.51      |
|    explained_variance | 0.98360217 |
|    n_updates          | 6249       |
|    policy_loss        | 1.38       |
|    std                | 0.887      |
|    u_grad_norm        | 0.0203     |
|    u_learning_rate    | 0.000995   |
|    v_grad_norm        | 0.77       |
|    value_loss         | 2.59       |
--------------------------------------
-------------------------------------
| rollout/              |           |
|    ep_len_mean        | 500       |
|    ep_rew_mean        | -3.58e+03 |
| time/                 |           |
|    fps                | 8         |
|    iterations         | 6300      |
|    time_elapsed       | 6042      |
|    total_timesteps    | 50400     |
| train/                |           |
|    c_learning_rate    | 0.000497  |
|    d_grad_norm        | 1.1       |
|    d_learning_rate    | 0.00497   |
|    entropy_loss       | -3.02     |
|    explained_variance | 0.981546  |
|    n_updates          | 6299      |
|    policy_loss        | -2.37     |
|    std                | 0.946     |
|    u_grad_norm        | 0.00475   |
|    u_learning_rate    | 0.000995  |
|    v_grad_norm        | 0.917     |
|    value_loss         | 1.5       |
-------------------------------------
--------------------------------------
| rollout/              |            |
|    ep_len_mean        | 500        |
|    ep_rew_mean        | -3.55e+03  |
| time/                 |            |
|    fps                | 8          |
|    iterations         | 6300       |
|    time_elapsed       | 6042       |
|    total_timesteps    | 50400      |
| train/                |            |
|    c_learning_rate    | 0.000497   |
|    d_grad_norm        | 1          |
|    d_learning_rate    | 0.00497    |
|    entropy_loss       | -2.8       |
|    explained_variance | 0.58554006 |
|    n_updates          | 6299       |
|    policy_loss        | -12.7      |
|    std                | 1.05       |
|    u_grad_norm        | 0.0215     |
|    u_learning_rate    | 0.000995   |
|    v_grad_norm        | 0.877      |
|    value_loss         | 23         |
--------------------------------------
New best mean reward!
-------------------------------------
| rollout/              |           |
|    ep_len_mean        | 500       |
|    ep_rew_mean        | -3.48e+03 |
| time/                 |           |
|    fps                | 8         |
|    iterations         | 6300      |
|    time_elapsed       | 6042      |
|    total_timesteps    | 50400     |
| train/                |           |
|    c_learning_rate    | 0.000497  |
|    d_grad_norm        | 0.992     |
|    d_learning_rate    | 0.00497   |
|    entropy_loss       | -3.39     |
|    explained_variance | 0.8166218 |
|    n_updates          | 6299      |
|    policy_loss        | 2.12      |
|    std                | 0.962     |
|    u_grad_norm        | 0.0221    |
|    u_learning_rate    | 0.000995  |
|    v_grad_norm        | 0.932     |
|    value_loss         | 3.18      |
-------------------------------------
--------------------------------------
| rollout/              |            |
|    ep_len_mean        | 500        |
|    ep_rew_mean        | -3.58e+03  |
| time/                 |            |
|    fps                | 8          |
|    iterations         | 6300       |
|    time_elapsed       | 6043       |
|    total_timesteps    | 50400      |
| train/                |            |
|    c_learning_rate    | 0.000497   |
|    d_grad_norm        | 0.805      |
|    d_learning_rate    | 0.00497    |
|    entropy_loss       | -2.85      |
|    explained_variance | 0.99871767 |
|    n_updates          | 6299       |
|    policy_loss        | 1.7        |
|    std                | 0.999      |
|    u_grad_norm        | 0.0132     |
|    u_learning_rate    | 0.000995   |
|    v_grad_norm        | 0.816      |
|    value_loss         | 0.332      |
--------------------------------------
New best mean reward!
-------------------------------------
| rollout/              |           |
|    ep_len_mean        | 500       |
|    ep_rew_mean        | -3.66e+03 |
| time/                 |           |
|    fps                | 8         |
|    iterations         | 6300      |
|    time_elapsed       | 6054      |
|    total_timesteps    | 50400     |
| train/                |           |
|    c_learning_rate    | 0.000497  |
|    d_grad_norm        | 0.891     |
|    d_learning_rate    | 0.00497   |
|    entropy_loss       | -3.45     |
|    explained_variance | 0.9904543 |
|    n_updates          | 6299      |
|    policy_loss        | 7.94      |
|    std                | 0.992     |
|    u_grad_norm        | 0.00492   |
|    u_learning_rate    | 0.000995  |
|    v_grad_norm        | 0.939     |
|    value_loss         | 6.79      |
-------------------------------------
Eval num_timesteps=50000, episode_reward=-3228.30 +/- 442.42
Episode length: 500.00 +/- 0.00
--------------------------------------
| eval/                 |            |
|    mean_ep_length     | 500        |
|    mean_reward        | -3.23e+03  |
| time/                 |            |
|    total_timesteps    | 50000      |
| train/                |            |
|    c_learning_rate    | 0.000498   |
|    d_grad_norm        | 1.13       |
|    d_learning_rate    | 0.00498    |
|    entropy_loss       | -2.63      |
|    explained_variance | 0.61394536 |
|    n_updates          | 6249       |
|    policy_loss        | 16.2       |
|    std                | 0.979      |
|    u_grad_norm        | 0.0269     |
|    u_learning_rate    | 0.000995   |
|    v_grad_norm        | 1.02       |
|    value_loss         | 62.9       |
--------------------------------------
Eval num_timesteps=50000, episode_reward=-3437.34 +/- 112.85
Episode length: 500.00 +/- 0.00
-------------------------------------
| eval/                 |           |
|    mean_ep_length     | 500       |
|    mean_reward        | -3.44e+03 |
| time/                 |           |
|    total_timesteps    | 50000     |
| train/                |           |
|    c_learning_rate    | 0.000498  |
|    d_grad_norm        | 1.09      |
|    d_learning_rate    | 0.00498   |
|    entropy_loss       | -3.03     |
|    explained_variance | 0.8420487 |
|    n_updates          | 6249      |
|    policy_loss        | 5.25      |
|    std                | 0.975     |
|    u_grad_norm        | 0.0119    |
|    u_learning_rate    | 0.000995  |
|    v_grad_norm        | 0.857     |
|    value_loss         | 7.45      |
-------------------------------------
Eval num_timesteps=50000, episode_reward=-3729.54 +/- 698.76
Episode length: 500.00 +/- 0.00
--------------------------------------
| eval/                 |            |
|    mean_ep_length     | 500        |
|    mean_reward        | -3.73e+03  |
| time/                 |            |
|    total_timesteps    | 50000      |
| train/                |            |
|    c_learning_rate    | 0.000498   |
|    d_grad_norm        | 1.01       |
|    d_learning_rate    | 0.00498    |
|    entropy_loss       | -2.78      |
|    explained_variance | 0.97542995 |
|    n_updates          | 6249       |
|    policy_loss        | 2.63       |
|    std                | 0.988      |
|    u_grad_norm        | 0.0109     |
|    u_learning_rate    | 0.000995   |
|    v_grad_norm        | 0.948      |
|    value_loss         | 2.72       |
--------------------------------------
New best mean reward!
-------------------------------------
| rollout/              |           |
|    ep_len_mean        | 500       |
|    ep_rew_mean        | -3.62e+03 |
| time/                 |           |
|    fps                | 8         |
|    iterations         | 6300      |
|    time_elapsed       | 6093      |
|    total_timesteps    | 50400     |
| train/                |           |
|    c_learning_rate    | 0.000497  |
|    d_grad_norm        | 1.04      |
|    d_learning_rate    | 0.00497   |
|    entropy_loss       | -3.08     |
|    explained_variance | 0.9296314 |
|    n_updates          | 6299      |
|    policy_loss        | -22.5     |
|    std                | 1.03      |
|    u_grad_norm        | 0.0189    |
|    u_learning_rate    | 0.000995  |
|    v_grad_norm        | 0.939     |
|    value_loss         | 44.8      |
-------------------------------------
New best mean reward!
---------------------------------------
| rollout/              |             |
|    ep_len_mean        | 500         |
|    ep_rew_mean        | -3.73e+03   |
| time/                 |             |
|    fps                | 8           |
|    iterations         | 6300        |
|    time_elapsed       | 6152        |
|    total_timesteps    | 50400       |
| train/                |             |
|    c_learning_rate    | 0.000497    |
|    d_grad_norm        | 1.09        |
|    d_learning_rate    | 0.00497     |
|    entropy_loss       | -3.3        |
|    explained_variance | 0.068671286 |
|    n_updates          | 6299        |
|    policy_loss        | -1.69       |
|    std                | 0.886       |
|    u_grad_norm        | 0.000958    |
|    u_learning_rate    | 0.000995    |
|    v_grad_norm        | 0.998       |
|    value_loss         | 0.41        |
---------------------------------------
New best mean reward!
-------------------------------------
| rollout/              |           |
|    ep_len_mean        | 500       |
|    ep_rew_mean        | -3.55e+03 |
| time/                 |           |
|    fps                | 8         |
|    iterations         | 6300      |
|    time_elapsed       | 6189      |
|    total_timesteps    | 50400     |
| train/                |           |
|    c_learning_rate    | 0.000497  |
|    d_grad_norm        | 1.1       |
|    d_learning_rate    | 0.00497   |
|    entropy_loss       | -3.33     |
|    explained_variance | 0.9967067 |
|    n_updates          | 6299      |
|    policy_loss        | -2.97     |
|    std                | 0.975     |
|    u_grad_norm        | 0.0314    |
|    u_learning_rate    | 0.000995  |
|    v_grad_norm        | 0.971     |
|    value_loss         | 0.895     |
-------------------------------------
--------------------------------------
| rollout/              |            |
|    ep_len_mean        | 500        |
|    ep_rew_mean        | -3.66e+03  |
| time/                 |            |
|    fps                | 8          |
|    iterations         | 6300       |
|    time_elapsed       | 6191       |
|    total_timesteps    | 50400      |
| train/                |            |
|    c_learning_rate    | 0.000497   |
|    d_grad_norm        | 0.952      |
|    d_learning_rate    | 0.00497    |
|    entropy_loss       | -2.72      |
|    explained_variance | 0.94577324 |
|    n_updates          | 6299       |
|    policy_loss        | 8.18       |
|    std                | 0.96       |
|    u_grad_norm        | 0.0227     |
|    u_learning_rate    | 0.000995   |
|    v_grad_norm        | 1.01       |
|    value_loss         | 10.9       |
--------------------------------------
--------------------------------------
| rollout/              |            |
|    ep_len_mean        | 500        |
|    ep_rew_mean        | -3.61e+03  |
| time/                 |            |
|    fps                | 8          |
|    iterations         | 6300       |
|    time_elapsed       | 6210       |
|    total_timesteps    | 50400      |
| train/                |            |
|    c_learning_rate    | 0.000497   |
|    d_grad_norm        | 0.836      |
|    d_learning_rate    | 0.00497    |
|    entropy_loss       | -3.48      |
|    explained_variance | 0.99791867 |
|    n_updates          | 6299       |
|    policy_loss        | 0.787      |
|    std                | 0.98       |
|    u_grad_norm        | 0.00551    |
|    u_learning_rate    | 0.000995   |
|    v_grad_norm        | 0.992      |
|    value_loss         | 0.522      |
--------------------------------------
--------------------------------------
| rollout/              |            |
|    ep_len_mean        | 500        |
|    ep_rew_mean        | -3.52e+03  |
| time/                 |            |
|    fps                | 8          |
|    iterations         | 6400       |
|    time_elapsed       | 6230       |
|    total_timesteps    | 51200      |
| train/                |            |
|    c_learning_rate    | 0.000497   |
|    d_grad_norm        | 0.978      |
|    d_learning_rate    | 0.00497    |
|    entropy_loss       | -3.97      |
|    explained_variance | 0.61574584 |
|    n_updates          | 6399       |
|    policy_loss        | -4.82      |
|    std                | 1.05       |
|    u_grad_norm        | 0.00287    |
|    u_learning_rate    | 0.000995   |
|    v_grad_norm        | 0.839      |
|    value_loss         | 16.3       |
--------------------------------------
--------------------------------------
| rollout/              |            |
|    ep_len_mean        | 500        |
|    ep_rew_mean        | -3.55e+03  |
| time/                 |            |
|    fps                | 8          |
|    iterations         | 6400       |
|    time_elapsed       | 6230       |
|    total_timesteps    | 51200      |
| train/                |            |
|    c_learning_rate    | 0.000497   |
|    d_grad_norm        | 1.03       |
|    d_learning_rate    | 0.00497    |
|    entropy_loss       | -3.5       |
|    explained_variance | 0.93371713 |
|    n_updates          | 6399       |
|    policy_loss        | 5.66       |
|    std                | 0.94       |
|    u_grad_norm        | 0.00364    |
|    u_learning_rate    | 0.000995   |
|    v_grad_norm        | 0.979      |
|    value_loss         | 4.79       |
--------------------------------------
--------------------------------------
| rollout/              |            |
|    ep_len_mean        | 500        |
|    ep_rew_mean        | -3.45e+03  |
| time/                 |            |
|    fps                | 8          |
|    iterations         | 6400       |
|    time_elapsed       | 6233       |
|    total_timesteps    | 51200      |
| train/                |            |
|    c_learning_rate    | 0.000497   |
|    d_grad_norm        | 0.904      |
|    d_learning_rate    | 0.00497    |
|    entropy_loss       | -3.62      |
|    explained_variance | 0.89614505 |
|    n_updates          | 6399       |
|    policy_loss        | -22.1      |
|    std                | 0.955      |
|    u_grad_norm        | 0.0345     |
|    u_learning_rate    | 0.000995   |
|    v_grad_norm        | 0.958      |
|    value_loss         | 15.9       |
--------------------------------------
-------------------------------------
| rollout/              |           |
|    ep_len_mean        | 500       |
|    ep_rew_mean        | -3.56e+03 |
| time/                 |           |
|    fps                | 8         |
|    iterations         | 6400      |
|    time_elapsed       | 6236      |
|    total_timesteps    | 51200     |
| train/                |           |
|    c_learning_rate    | 0.000497  |
|    d_grad_norm        | 1.1       |
|    d_learning_rate    | 0.00497   |
|    entropy_loss       | -3.65     |
|    explained_variance | 0.988287  |
|    n_updates          | 6399      |
|    policy_loss        | -11.8     |
|    std                | 0.985     |
|    u_grad_norm        | 0.0111    |
|    u_learning_rate    | 0.000995  |
|    v_grad_norm        | 0.985     |
|    value_loss         | 12.9      |
-------------------------------------
-------------------------------------
| rollout/              |           |
|    ep_len_mean        | 500       |
|    ep_rew_mean        | -3.65e+03 |
| time/                 |           |
|    fps                | 8         |
|    iterations         | 6400      |
|    time_elapsed       | 6270      |
|    total_timesteps    | 51200     |
| train/                |           |
|    c_learning_rate    | 0.000497  |
|    d_grad_norm        | 0.949     |
|    d_learning_rate    | 0.00497   |
|    entropy_loss       | -2.74     |
|    explained_variance | 0.9496494 |
|    n_updates          | 6399      |
|    policy_loss        | -37       |
|    std                | 0.986     |
|    u_grad_norm        | 0.0396    |
|    u_learning_rate    | 0.000995  |
|    v_grad_norm        | 0.912     |
|    value_loss         | 111       |
-------------------------------------
--------------------------------------
| rollout/              |            |
|    ep_len_mean        | 500        |
|    ep_rew_mean        | -3.52e+03  |
| time/                 |            |
|    fps                | 8          |
|    iterations         | 6500       |
|    time_elapsed       | 6329       |
|    total_timesteps    | 52000      |
| train/                |            |
|    c_learning_rate    | 0.000497   |
|    d_grad_norm        | 1.01       |
|    d_learning_rate    | 0.00497    |
|    entropy_loss       | -3.61      |
|    explained_variance | 0.91484743 |
|    n_updates          | 6499       |
|    policy_loss        | -14.6      |
|    std                | 0.937      |
|    u_grad_norm        | 0.00292    |
|    u_learning_rate    | 0.000995   |
|    v_grad_norm        | 0.954      |
|    value_loss         | 29.9       |
--------------------------------------
--------------------------------------
| rollout/              |            |
|    ep_len_mean        | 500        |
|    ep_rew_mean        | -3.49e+03  |
| time/                 |            |
|    fps                | 8          |
|    iterations         | 6500       |
|    time_elapsed       | 6330       |
|    total_timesteps    | 52000      |
| train/                |            |
|    c_learning_rate    | 0.000497   |
|    d_grad_norm        | 0.89       |
|    d_learning_rate    | 0.00497    |
|    entropy_loss       | -3.96      |
|    explained_variance | 0.99004304 |
|    n_updates          | 6499       |
|    policy_loss        | 8.71       |
|    std                | 1.05       |
|    u_grad_norm        | 0.00355    |
|    u_learning_rate    | 0.000995   |
|    v_grad_norm        | 0.867      |
|    value_loss         | 6.62       |
--------------------------------------
--------------------------------------
| rollout/              |            |
|    ep_len_mean        | 500        |
|    ep_rew_mean        | -3.43e+03  |
| time/                 |            |
|    fps                | 8          |
|    iterations         | 6500       |
|    time_elapsed       | 6331       |
|    total_timesteps    | 52000      |
| train/                |            |
|    c_learning_rate    | 0.000497   |
|    d_grad_norm        | 1.02       |
|    d_learning_rate    | 0.00497    |
|    entropy_loss       | -3.39      |
|    explained_variance | 0.99156237 |
|    n_updates          | 6499       |
|    policy_loss        | -4.32      |
|    std                | 0.947      |
|    u_grad_norm        | 0.00872    |
|    u_learning_rate    | 0.000995   |
|    v_grad_norm        | 0.76       |
|    value_loss         | 2.93       |
--------------------------------------
-------------------------------------
| rollout/              |           |
|    ep_len_mean        | 500       |
|    ep_rew_mean        | -3.53e+03 |
| time/                 |           |
|    fps                | 8         |
|    iterations         | 6500      |
|    time_elapsed       | 6334      |
|    total_timesteps    | 52000     |
| train/                |           |
|    c_learning_rate    | 0.000497  |
|    d_grad_norm        | 0.832     |
|    d_learning_rate    | 0.00497   |
|    entropy_loss       | -4.03     |
|    explained_variance | 0.9919982 |
|    n_updates          | 6499      |
|    policy_loss        | -1.79     |
|    std                | 0.98      |
|    u_grad_norm        | 0.00215   |
|    u_learning_rate    | 0.000995  |
|    v_grad_norm        | 0.892     |
|    value_loss         | 0.927     |
-------------------------------------
--------------------------------------
| rollout/              |            |
|    ep_len_mean        | 500        |
|    ep_rew_mean        | -3.6e+03   |
| time/                 |            |
|    fps                | 8          |
|    iterations         | 6400       |
|    time_elapsed       | 6364       |
|    total_timesteps    | 51200      |
| train/                |            |
|    c_learning_rate    | 0.000497   |
|    d_grad_norm        | 0.93       |
|    d_learning_rate    | 0.00497    |
|    entropy_loss       | -3.95      |
|    explained_variance | 0.99463737 |
|    n_updates          | 6399       |
|    policy_loss        | 6.79       |
|    std                | 1.04       |
|    u_grad_norm        | 0.0129     |
|    u_learning_rate    | 0.000995   |
|    v_grad_norm        | 0.863      |
|    value_loss         | 3.93       |
--------------------------------------
-------------------------------------
| rollout/              |           |
|    ep_len_mean        | 500       |
|    ep_rew_mean        | -3.63e+03 |
| time/                 |           |
|    fps                | 8         |
|    iterations         | 6500      |
|    time_elapsed       | 6364      |
|    total_timesteps    | 52000     |
| train/                |           |
|    c_learning_rate    | 0.000497  |
|    d_grad_norm        | 0.99      |
|    d_learning_rate    | 0.00497   |
|    entropy_loss       | -2.53     |
|    explained_variance | 0.6861712 |
|    n_updates          | 6499      |
|    policy_loss        | 13.3      |
|    std                | 0.985     |
|    u_grad_norm        | 0.00923   |
|    u_learning_rate    | 0.000995  |
|    v_grad_norm        | 0.979     |
|    value_loss         | 36.4      |
-------------------------------------
-----------------------------------------
| rollout/              |               |
|    ep_len_mean        | 500           |
|    ep_rew_mean        | -3.71e+03     |
| time/                 |               |
|    fps                | 7             |
|    iterations         | 6400          |
|    time_elapsed       | 6402          |
|    total_timesteps    | 51200         |
| train/                |               |
|    c_learning_rate    | 0.000497      |
|    d_grad_norm        | 1.15          |
|    d_learning_rate    | 0.00497       |
|    entropy_loss       | -3.29         |
|    explained_variance | 5.9604645e-08 |
|    n_updates          | 6399          |
|    policy_loss        | 1.25          |
|    std                | 0.878         |
|    u_grad_norm        | 0.00367       |
|    u_learning_rate    | 0.000995      |
|    v_grad_norm        | 0.942         |
|    value_loss         | 0.203         |
-----------------------------------------
-------------------------------------
| rollout/              |           |
|    ep_len_mean        | 500       |
|    ep_rew_mean        | -3.57e+03 |
| time/                 |           |
|    fps                | 8         |
|    iterations         | 6500      |
|    time_elapsed       | 6417      |
|    total_timesteps    | 52000     |
| train/                |           |
|    c_learning_rate    | 0.000497  |
|    d_grad_norm        | 1.14      |
|    d_learning_rate    | 0.00497   |
|    entropy_loss       | -2.78     |
|    explained_variance | 0.9768113 |
|    n_updates          | 6499      |
|    policy_loss        | -5.21     |
|    std                | 1.04      |
|    u_grad_norm        | 0.0121    |
|    u_learning_rate    | 0.000995  |
|    v_grad_norm        | 0.787     |
|    value_loss         | 5.44      |
-------------------------------------
-------------------------------------
| rollout/              |           |
|    ep_len_mean        | 500       |
|    ep_rew_mean        | -3.53e+03 |
| time/                 |           |
|    fps                | 7         |
|    iterations         | 6400      |
|    time_elapsed       | 6417      |
|    total_timesteps    | 51200     |
| train/                |           |
|    c_learning_rate    | 0.000497  |
|    d_grad_norm        | 0.819     |
|    d_learning_rate    | 0.00497   |
|    entropy_loss       | -3.09     |
|    explained_variance | 0.9676251 |
|    n_updates          | 6399      |
|    policy_loss        | 0.642     |
|    std                | 0.971     |
|    u_grad_norm        | 0.0286    |
|    u_learning_rate    | 0.000995  |
|    v_grad_norm        | 0.979     |
|    value_loss         | 0.975     |
-------------------------------------
-------------------------------------
| rollout/              |           |
|    ep_len_mean        | 500       |
|    ep_rew_mean        | -3.63e+03 |
| time/                 |           |
|    fps                | 7         |
|    iterations         | 6400      |
|    time_elapsed       | 6418      |
|    total_timesteps    | 51200     |
| train/                |           |
|    c_learning_rate    | 0.000497  |
|    d_grad_norm        | 1.11      |
|    d_learning_rate    | 0.00497   |
|    entropy_loss       | -3.28     |
|    explained_variance | 0.9329676 |
|    n_updates          | 6399      |
|    policy_loss        | -5.57     |
|    std                | 0.952     |
|    u_grad_norm        | 0.00931   |
|    u_learning_rate    | 0.000995  |
|    v_grad_norm        | 0.953     |
|    value_loss         | 4.11      |
-------------------------------------
--------------------------------------
| rollout/              |            |
|    ep_len_mean        | 500        |
|    ep_rew_mean        | -3.59e+03  |
| time/                 |            |
|    fps                | 7          |
|    iterations         | 6400       |
|    time_elapsed       | 6426       |
|    total_timesteps    | 51200      |
| train/                |            |
|    c_learning_rate    | 0.000497   |
|    d_grad_norm        | 0.877      |
|    d_learning_rate    | 0.00497    |
|    entropy_loss       | -3.31      |
|    explained_variance | 0.47467285 |
|    n_updates          | 6399       |
|    policy_loss        | -17.7      |
|    std                | 0.975      |
|    u_grad_norm        | 0.00273    |
|    u_learning_rate    | 0.000995   |
|    v_grad_norm        | 0.804      |
|    value_loss         | 49         |
--------------------------------------
-------------------------------------
| rollout/              |           |
|    ep_len_mean        | 500       |
|    ep_rew_mean        | -3.69e+03 |
| time/                 |           |
|    fps                | 8         |
|    iterations         | 6500      |
|    time_elapsed       | 6465      |
|    total_timesteps    | 52000     |
| train/                |           |
|    c_learning_rate    | 0.000497  |
|    d_grad_norm        | 0.819     |
|    d_learning_rate    | 0.00497   |
|    entropy_loss       | -3.25     |
|    explained_variance | 0.7705468 |
|    n_updates          | 6499      |
|    policy_loss        | -21.1     |
|    std                | 0.883     |
|    u_grad_norm        | 0.0247    |
|    u_learning_rate    | 0.000995  |
|    v_grad_norm        | 0.817     |
|    value_loss         | 32.7      |
-------------------------------------
-------------------------------------
| rollout/              |           |
|    ep_len_mean        | 500       |
|    ep_rew_mean        | -3.52e+03 |
| time/                 |           |
|    fps                | 8         |
|    iterations         | 6500      |
|    time_elapsed       | 6491      |
|    total_timesteps    | 52000     |
| train/                |           |
|    c_learning_rate    | 0.000497  |
|    d_grad_norm        | 1.05      |
|    d_learning_rate    | 0.00497   |
|    entropy_loss       | -3.14     |
|    explained_variance | 0.8163264 |
|    n_updates          | 6499      |
|    policy_loss        | 4.86      |
|    std                | 0.963     |
|    u_grad_norm        | 0.00841   |
|    u_learning_rate    | 0.000995  |
|    v_grad_norm        | 0.927     |
|    value_loss         | 4.09      |
-------------------------------------
-------------------------------------
| rollout/              |           |
|    ep_len_mean        | 500       |
|    ep_rew_mean        | -3.6e+03  |
| time/                 |           |
|    fps                | 8         |
|    iterations         | 6500      |
|    time_elapsed       | 6495      |
|    total_timesteps    | 52000     |
| train/                |           |
|    c_learning_rate    | 0.000497  |
|    d_grad_norm        | 0.838     |
|    d_learning_rate    | 0.00497   |
|    entropy_loss       | -3.13     |
|    explained_variance | 0.9876332 |
|    n_updates          | 6499      |
|    policy_loss        | -0.0463   |
|    std                | 0.938     |
|    u_grad_norm        | 0.0154    |
|    u_learning_rate    | 0.000995  |
|    v_grad_norm        | 0.791     |
|    value_loss         | 1.29      |
-------------------------------------
---------------------------------------
| rollout/              |             |
|    ep_len_mean        | 500         |
|    ep_rew_mean        | -3.55e+03   |
| time/                 |             |
|    fps                | 7           |
|    iterations         | 6500        |
|    time_elapsed       | 6509        |
|    total_timesteps    | 52000       |
| train/                |             |
|    c_learning_rate    | 0.000497    |
|    d_grad_norm        | 0.855       |
|    d_learning_rate    | 0.00497     |
|    entropy_loss       | -3.29       |
|    explained_variance | -0.91713464 |
|    n_updates          | 6499        |
|    policy_loss        | -23.5       |
|    std                | 0.97        |
|    u_grad_norm        | 0.00364     |
|    u_learning_rate    | 0.000995    |
|    v_grad_norm        | 0.808       |
|    value_loss         | 159         |
---------------------------------------
-------------------------------------
| rollout/              |           |
|    ep_len_mean        | 500       |
|    ep_rew_mean        | -3.5e+03  |
| time/                 |           |
|    fps                | 8         |
|    iterations         | 6600      |
|    time_elapsed       | 6513      |
|    total_timesteps    | 52800     |
| train/                |           |
|    c_learning_rate    | 0.000497  |
|    d_grad_norm        | 1.11      |
|    d_learning_rate    | 0.00497   |
|    entropy_loss       | -3.19     |
|    explained_variance | 0.7840609 |
|    n_updates          | 6599      |
|    policy_loss        | 7.69      |
|    std                | 0.93      |
|    u_grad_norm        | 0.0052    |
|    u_learning_rate    | 0.000995  |
|    v_grad_norm        | 0.96      |
|    value_loss         | 8.39      |
-------------------------------------
-------------------------------------
| rollout/              |           |
|    ep_len_mean        | 500       |
|    ep_rew_mean        | -3.48e+03 |
| time/                 |           |
|    fps                | 8         |
|    iterations         | 6600      |
|    time_elapsed       | 6514      |
|    total_timesteps    | 52800     |
| train/                |           |
|    c_learning_rate    | 0.000497  |
|    d_grad_norm        | 1.05      |
|    d_learning_rate    | 0.00497   |
|    entropy_loss       | -2.31     |
|    explained_variance | 0.9764171 |
|    n_updates          | 6599      |
|    policy_loss        | 2.02      |
|    std                | 1.04      |
|    u_grad_norm        | 0.0226    |
|    u_learning_rate    | 0.000995  |
|    v_grad_norm        | 0.948     |
|    value_loss         | 2.2       |
-------------------------------------
-------------------------------------
| rollout/              |           |
|    ep_len_mean        | 500       |
|    ep_rew_mean        | -3.41e+03 |
| time/                 |           |
|    fps                | 8         |
|    iterations         | 6600      |
|    time_elapsed       | 6516      |
|    total_timesteps    | 52800     |
| train/                |           |
|    c_learning_rate    | 0.000497  |
|    d_grad_norm        | 0.92      |
|    d_learning_rate    | 0.00497   |
|    entropy_loss       | -3.05     |
|    explained_variance | 0.8354174 |
|    n_updates          | 6599      |
|    policy_loss        | -4.7      |
|    std                | 0.938     |
|    u_grad_norm        | 0.0219    |
|    u_learning_rate    | 0.000995  |
|    v_grad_norm        | 0.931     |
|    value_loss         | 3.87      |
-------------------------------------
--------------------------------------
| rollout/              |            |
|    ep_len_mean        | 500        |
|    ep_rew_mean        | -3.52e+03  |
| time/                 |            |
|    fps                | 8          |
|    iterations         | 6600       |
|    time_elapsed       | 6519       |
|    total_timesteps    | 52800      |
| train/                |            |
|    c_learning_rate    | 0.000497   |
|    d_grad_norm        | 0.94       |
|    d_learning_rate    | 0.00497    |
|    entropy_loss       | -1.95      |
|    explained_variance | 0.93394834 |
|    n_updates          | 6599       |
|    policy_loss        | 0.372      |
|    std                | 0.991      |
|    u_grad_norm        | 0.00452    |
|    u_learning_rate    | 0.000995   |
|    v_grad_norm        | 0.85       |
|    value_loss         | 2.82       |
--------------------------------------
-------------------------------------
| rollout/              |           |
|    ep_len_mean        | 500       |
|    ep_rew_mean        | -3.62e+03 |
| time/                 |           |
|    fps                | 8         |
|    iterations         | 6600      |
|    time_elapsed       | 6542      |
|    total_timesteps    | 52800     |
| train/                |           |
|    c_learning_rate    | 0.000497  |
|    d_grad_norm        | 1.01      |
|    d_learning_rate    | 0.00497   |
|    entropy_loss       | -3.35     |
|    explained_variance | 0.6250633 |
|    n_updates          | 6599      |
|    policy_loss        | -2.84     |
|    std                | 0.99      |
|    u_grad_norm        | 0.00556   |
|    u_learning_rate    | 0.000995  |
|    v_grad_norm        | 0.962     |
|    value_loss         | 6.51      |
-------------------------------------
-------------------------------------
| rollout/              |           |
|    ep_len_mean        | 500       |
|    ep_rew_mean        | -3.56e+03 |
| time/                 |           |
|    fps                | 7         |
|    iterations         | 6600      |
|    time_elapsed       | 6661      |
|    total_timesteps    | 52800     |
| train/                |           |
|    c_learning_rate    | 0.000497  |
|    d_grad_norm        | 1.14      |
|    d_learning_rate    | 0.00497   |
|    entropy_loss       | -2.8      |
|    explained_variance | 0.9308237 |
|    n_updates          | 6599      |
|    policy_loss        | 4.29      |
|    std                | 1.04      |
|    u_grad_norm        | 0.015     |
|    u_learning_rate    | 0.000995  |
|    v_grad_norm        | 0.993     |
|    value_loss         | 8.92      |
-------------------------------------
-------------------------------------
| rollout/              |           |
|    ep_len_mean        | 500       |
|    ep_rew_mean        | -3.68e+03 |
| time/                 |           |
|    fps                | 7         |
|    iterations         | 6600      |
|    time_elapsed       | 6723      |
|    total_timesteps    | 52800     |
| train/                |           |
|    c_learning_rate    | 0.000497  |
|    d_grad_norm        | 0.985     |
|    d_learning_rate    | 0.00497   |
|    entropy_loss       | -2.78     |
|    explained_variance | 0.9322607 |
|    n_updates          | 6599      |
|    policy_loss        | -37.4     |
|    std                | 0.877     |
|    u_grad_norm        | 0.00851   |
|    u_learning_rate    | 0.000995  |
|    v_grad_norm        | 1.03      |
|    value_loss         | 151       |
-------------------------------------
-------------------------------------
| rollout/              |           |
|    ep_len_mean        | 500       |
|    ep_rew_mean        | -3.51e+03 |
| time/                 |           |
|    fps                | 7         |
|    iterations         | 6600      |
|    time_elapsed       | 6737      |
|    total_timesteps    | 52800     |
| train/                |           |
|    c_learning_rate    | 0.000497  |
|    d_grad_norm        | 0.719     |
|    d_learning_rate    | 0.00497   |
|    entropy_loss       | -3.35     |
|    explained_variance | 0.9486818 |
|    n_updates          | 6599      |
|    policy_loss        | 1.14      |
|    std                | 0.969     |
|    u_grad_norm        | 0.00481   |
|    u_learning_rate    | 0.000995  |
|    v_grad_norm        | 0.84      |
|    value_loss         | 2.69      |
-------------------------------------
--------------------------------------
| rollout/              |            |
|    ep_len_mean        | 500        |
|    ep_rew_mean        | -3.59e+03  |
| time/                 |            |
|    fps                | 7          |
|    iterations         | 6600       |
|    time_elapsed       | 6741       |
|    total_timesteps    | 52800      |
| train/                |            |
|    c_learning_rate    | 0.000497   |
|    d_grad_norm        | 0.788      |
|    d_learning_rate    | 0.00497    |
|    entropy_loss       | -3.76      |
|    explained_variance | 0.81769115 |
|    n_updates          | 6599       |
|    policy_loss        | -67.5      |
|    std                | 0.935      |
|    u_grad_norm        | 0.0227     |
|    u_learning_rate    | 0.000995   |
|    v_grad_norm        | 0.821      |
|    value_loss         | 275        |
--------------------------------------
--------------------------------------
| rollout/              |            |
|    ep_len_mean        | 500        |
|    ep_rew_mean        | -3.5e+03   |
| time/                 |            |
|    fps                | 7          |
|    iterations         | 6700       |
|    time_elapsed       | 6747       |
|    total_timesteps    | 53600      |
| train/                |            |
|    c_learning_rate    | 0.000497   |
|    d_grad_norm        | 1.05       |
|    d_learning_rate    | 0.00497    |
|    entropy_loss       | -3.05      |
|    explained_variance | 0.85241663 |
|    n_updates          | 6699       |
|    policy_loss        | -1         |
|    std                | 0.926      |
|    u_grad_norm        | 0.011      |
|    u_learning_rate    | 0.000995   |
|    v_grad_norm        | 0.87       |
|    value_loss         | 0.723      |
--------------------------------------
--------------------------------------
| rollout/              |            |
|    ep_len_mean        | 500        |
|    ep_rew_mean        | -3.47e+03  |
| time/                 |            |
|    fps                | 7          |
|    iterations         | 6700       |
|    time_elapsed       | 6747       |
|    total_timesteps    | 53600      |
| train/                |            |
|    c_learning_rate    | 0.000497   |
|    d_grad_norm        | 0.987      |
|    d_learning_rate    | 0.00497    |
|    entropy_loss       | -2.69      |
|    explained_variance | 0.32762605 |
|    n_updates          | 6699       |
|    policy_loss        | 13.5       |
|    std                | 1.03       |
|    u_grad_norm        | 0.0207     |
|    u_learning_rate    | 0.000995   |
|    v_grad_norm        | 0.931      |
|    value_loss         | 33.3       |
--------------------------------------
--------------------------------------
| rollout/              |            |
|    ep_len_mean        | 500        |
|    ep_rew_mean        | -3.53e+03  |
| time/                 |            |
|    fps                | 7          |
|    iterations         | 6600       |
|    time_elapsed       | 6747       |
|    total_timesteps    | 52800      |
| train/                |            |
|    c_learning_rate    | 0.000497   |
|    d_grad_norm        | 1.04       |
|    d_learning_rate    | 0.00497    |
|    entropy_loss       | -2.22      |
|    explained_variance | 0.24051005 |
|    n_updates          | 6599       |
|    policy_loss        | 14.8       |
|    std                | 0.964      |
|    u_grad_norm        | 0.0244     |
|    u_learning_rate    | 0.000995   |
|    v_grad_norm        | 0.965      |
|    value_loss         | 66.7       |
--------------------------------------
--------------------------------------
| rollout/              |            |
|    ep_len_mean        | 500        |
|    ep_rew_mean        | -3.38e+03  |
| time/                 |            |
|    fps                | 7          |
|    iterations         | 6700       |
|    time_elapsed       | 6748       |
|    total_timesteps    | 53600      |
| train/                |            |
|    c_learning_rate    | 0.000497   |
|    d_grad_norm        | 0.88       |
|    d_learning_rate    | 0.00497    |
|    entropy_loss       | -3.3       |
|    explained_variance | 0.98106676 |
|    n_updates          | 6699       |
|    policy_loss        | -12.6      |
|    std                | 0.925      |
|    u_grad_norm        | 0.016      |
|    u_learning_rate    | 0.000995   |
|    v_grad_norm        | 0.874      |
|    value_loss         | 16.9       |
--------------------------------------
--------------------------------------
| rollout/              |            |
|    ep_len_mean        | 500        |
|    ep_rew_mean        | -3.49e+03  |
| time/                 |            |
|    fps                | 7          |
|    iterations         | 6700       |
|    time_elapsed       | 6750       |
|    total_timesteps    | 53600      |
| train/                |            |
|    c_learning_rate    | 0.000497   |
|    d_grad_norm        | 0.808      |
|    d_learning_rate    | 0.00497    |
|    entropy_loss       | -2.28      |
|    explained_variance | 0.99850255 |
|    n_updates          | 6699       |
|    policy_loss        | -4.11      |
|    std                | 0.983      |
|    u_grad_norm        | 0.00228    |
|    u_learning_rate    | 0.000995   |
|    v_grad_norm        | 0.776      |
|    value_loss         | 5.3        |
--------------------------------------
-------------------------------------
| rollout/              |           |
|    ep_len_mean        | 500       |
|    ep_rew_mean        | -3.61e+03 |
| time/                 |           |
|    fps                | 7         |
|    iterations         | 6700      |
|    time_elapsed       | 6760      |
|    total_timesteps    | 53600     |
| train/                |           |
|    c_learning_rate    | 0.000497  |
|    d_grad_norm        | 0.88      |
|    d_learning_rate    | 0.00497   |
|    entropy_loss       | -2.54     |
|    explained_variance | 0.9895436 |
|    n_updates          | 6699      |
|    policy_loss        | 0.87      |
|    std                | 0.989     |
|    u_grad_norm        | 0.0143    |
|    u_learning_rate    | 0.000995  |
|    v_grad_norm        | 0.875     |
|    value_loss         | 1.02      |
-------------------------------------
-------------------------------------
| rollout/              |           |
|    ep_len_mean        | 500       |
|    ep_rew_mean        | -3.54e+03 |
| time/                 |           |
|    fps                | 7         |
|    iterations         | 6700      |
|    time_elapsed       | 6840      |
|    total_timesteps    | 53600     |
| train/                |           |
|    c_learning_rate    | 0.000497  |
|    d_grad_norm        | 0.822     |
|    d_learning_rate    | 0.00497   |
|    entropy_loss       | -3.93     |
|    explained_variance | 0.9867761 |
|    n_updates          | 6699      |
|    policy_loss        | 5.72      |
|    std                | 1.05      |
|    u_grad_norm        | 0.0083    |
|    u_learning_rate    | 0.000995  |
|    v_grad_norm        | 0.917     |
|    value_loss         | 4.59      |
-------------------------------------
-------------------------------------
| rollout/              |           |
|    ep_len_mean        | 500       |
|    ep_rew_mean        | -3.66e+03 |
| time/                 |           |
|    fps                | 7         |
|    iterations         | 6700      |
|    time_elapsed       | 6932      |
|    total_timesteps    | 53600     |
| train/                |           |
|    c_learning_rate    | 0.000497  |
|    d_grad_norm        | 0.959     |
|    d_learning_rate    | 0.00497   |
|    entropy_loss       | -2.72     |
|    explained_variance | 0.942098  |
|    n_updates          | 6699      |
|    policy_loss        | 4.33      |
|    std                | 0.873     |
|    u_grad_norm        | 0.0299    |
|    u_learning_rate    | 0.000995  |
|    v_grad_norm        | 0.957     |
|    value_loss         | 5.98      |
-------------------------------------
-------------------------------------
| rollout/              |           |
|    ep_len_mean        | 500       |
|    ep_rew_mean        | -3.5e+03  |
| time/                 |           |
|    fps                | 7         |
|    iterations         | 6700      |
|    time_elapsed       | 6962      |
|    total_timesteps    | 53600     |
| train/                |           |
|    c_learning_rate    | 0.000497  |
|    d_grad_norm        | 0.938     |
|    d_learning_rate    | 0.00497   |
|    entropy_loss       | -2.89     |
|    explained_variance | 0.9895086 |
|    n_updates          | 6699      |
|    policy_loss        | -0.298    |
|    std                | 0.975     |
|    u_grad_norm        | 0.00407   |
|    u_learning_rate    | 0.000995  |
|    v_grad_norm        | 0.827     |
|    value_loss         | 0.383     |
-------------------------------------
--------------------------------------
| rollout/              |            |
|    ep_len_mean        | 500        |
|    ep_rew_mean        | -3.58e+03  |
| time/                 |            |
|    fps                | 7          |
|    iterations         | 6700       |
|    time_elapsed       | 6972       |
|    total_timesteps    | 53600      |
| train/                |            |
|    c_learning_rate    | 0.000497   |
|    d_grad_norm        | 1.09       |
|    d_learning_rate    | 0.00497    |
|    entropy_loss       | -3.09      |
|    explained_variance | 0.83282536 |
|    n_updates          | 6699       |
|    policy_loss        | -10.6      |
|    std                | 0.934      |
|    u_grad_norm        | 0.0306     |
|    u_learning_rate    | 0.000995   |
|    v_grad_norm        | 0.942      |
|    value_loss         | 10.8       |
--------------------------------------
--------------------------------------
| rollout/              |            |
|    ep_len_mean        | 500        |
|    ep_rew_mean        | -3.53e+03  |
| time/                 |            |
|    fps                | 7          |
|    iterations         | 6700       |
|    time_elapsed       | 6987       |
|    total_timesteps    | 53600      |
| train/                |            |
|    c_learning_rate    | 0.000497   |
|    d_grad_norm        | 0.857      |
|    d_learning_rate    | 0.00497    |
|    entropy_loss       | -3.31      |
|    explained_variance | 0.90717244 |
|    n_updates          | 6699       |
|    policy_loss        | -47.1      |
|    std                | 0.959      |
|    u_grad_norm        | 0.00748    |
|    u_learning_rate    | 0.000995   |
|    v_grad_norm        | 0.828      |
|    value_loss         | 249        |
--------------------------------------
-------------------------------------
| rollout/              |           |
|    ep_len_mean        | 500       |
|    ep_rew_mean        | -3.49e+03 |
| time/                 |           |
|    fps                | 7         |
|    iterations         | 6800      |
|    time_elapsed       | 6993      |
|    total_timesteps    | 54400     |
| train/                |           |
|    c_learning_rate    | 0.000497  |
|    d_grad_norm        | 1.05      |
|    d_learning_rate    | 0.00497   |
|    entropy_loss       | -2.9      |
|    explained_variance | 0.7302413 |
|    n_updates          | 6799      |
|    policy_loss        | 11.5      |
|    std                | 0.913     |
|    u_grad_norm        | 0.00328   |
|    u_learning_rate    | 0.000995  |
|    v_grad_norm        | 1.02      |
|    value_loss         | 29.8      |
-------------------------------------
--------------------------------------
| rollout/              |            |
|    ep_len_mean        | 500        |
|    ep_rew_mean        | -3.45e+03  |
| time/                 |            |
|    fps                | 7          |
|    iterations         | 6800       |
|    time_elapsed       | 6995       |
|    total_timesteps    | 54400      |
| train/                |            |
|    c_learning_rate    | 0.000497   |
|    d_grad_norm        | 1.23       |
|    d_learning_rate    | 0.00497    |
|    entropy_loss       | -3.13      |
|    explained_variance | -0.2796961 |
|    n_updates          | 6799       |
|    policy_loss        | -1.89      |
|    std                | 1.03       |
|    u_grad_norm        | 0.00422    |
|    u_learning_rate    | 0.000995   |
|    v_grad_norm        | 0.99       |
|    value_loss         | 0.602      |
--------------------------------------
-------------------------------------
| rollout/              |           |
|    ep_len_mean        | 500       |
|    ep_rew_mean        | -3.37e+03 |
| time/                 |           |
|    fps                | 7         |
|    iterations         | 6800      |
|    time_elapsed       | 6998      |
|    total_timesteps    | 54400     |
| train/                |           |
|    c_learning_rate    | 0.000497  |
|    d_grad_norm        | 0.9       |
|    d_learning_rate    | 0.00497   |
|    entropy_loss       | -3.09     |
|    explained_variance | 0.8603774 |
|    n_updates          | 6799      |
|    policy_loss        | -8.75     |
|    std                | 0.915     |
|    u_grad_norm        | 0.0522    |
|    u_learning_rate    | 0.000995  |
|    v_grad_norm        | 0.889     |
|    value_loss         | 6.82      |
-------------------------------------
--------------------------------------
| rollout/              |            |
|    ep_len_mean        | 500        |
|    ep_rew_mean        | -3.5e+03   |
| time/                 |            |
|    fps                | 7          |
|    iterations         | 6800       |
|    time_elapsed       | 7001       |
|    total_timesteps    | 54400      |
| train/                |            |
|    c_learning_rate    | 0.000497   |
|    d_grad_norm        | 1.12       |
|    d_learning_rate    | 0.00497    |
|    entropy_loss       | -1.79      |
|    explained_variance | -0.5196322 |
|    n_updates          | 6799       |
|    policy_loss        | -8.01      |
|    std                | 0.98       |
|    u_grad_norm        | 0.00169    |
|    u_learning_rate    | 0.000995   |
|    v_grad_norm        | 0.981      |
|    value_loss         | 38.7       |
--------------------------------------
--------------------------------------
| rollout/              |            |
|    ep_len_mean        | 500        |
|    ep_rew_mean        | -3.6e+03   |
| time/                 |            |
|    fps                | 7          |
|    iterations         | 6800       |
|    time_elapsed       | 7027       |
|    total_timesteps    | 54400      |
| train/                |            |
|    c_learning_rate    | 0.000497   |
|    d_grad_norm        | 0.933      |
|    d_learning_rate    | 0.00497    |
|    entropy_loss       | -3.59      |
|    explained_variance | 0.95889944 |
|    n_updates          | 6799       |
|    policy_loss        | -10.7      |
|    std                | 0.99       |
|    u_grad_norm        | 0.0211     |
|    u_learning_rate    | 0.000995   |
|    v_grad_norm        | 0.804      |
|    value_loss         | 8.74       |
--------------------------------------
-------------------------------------
| rollout/              |           |
|    ep_len_mean        | 500       |
|    ep_rew_mean        | -3.53e+03 |
| time/                 |           |
|    fps                | 7         |
|    iterations         | 6800      |
|    time_elapsed       | 7079      |
|    total_timesteps    | 54400     |
| train/                |           |
|    c_learning_rate    | 0.000497  |
|    d_grad_norm        | 1.24      |
|    d_learning_rate    | 0.00497   |
|    entropy_loss       | -3.62     |
|    explained_variance | 0.3247757 |
|    n_updates          | 6799      |
|    policy_loss        | -2.56     |
|    std                | 1.04      |
|    u_grad_norm        | 0.00273   |
|    u_learning_rate    | 0.000995  |
|    v_grad_norm        | 0.939     |
|    value_loss         | 0.719     |
-------------------------------------
---------------------------------------
| rollout/              |             |
|    ep_len_mean        | 500         |
|    ep_rew_mean        | -3.65e+03   |
| time/                 |             |
|    fps                | 7           |
|    iterations         | 6800        |
|    time_elapsed       | 7122        |
|    total_timesteps    | 54400       |
| train/                |             |
|    c_learning_rate    | 0.000497    |
|    d_grad_norm        | 1.16        |
|    d_learning_rate    | 0.00497     |
|    entropy_loss       | -3.48       |
|    explained_variance | -0.46705818 |
|    n_updates          | 6799        |
|    policy_loss        | -8.85       |
|    std                | 0.864       |
|    u_grad_norm        | 0.00822     |
|    u_learning_rate    | 0.000995    |
|    v_grad_norm        | 0.905       |
|    value_loss         | 5.03        |
---------------------------------------
-------------------------------------
| rollout/              |           |
|    ep_len_mean        | 500       |
|    ep_rew_mean        | -3.49e+03 |
| time/                 |           |
|    fps                | 7         |
|    iterations         | 6800      |
|    time_elapsed       | 7140      |
|    total_timesteps    | 54400     |
| train/                |           |
|    c_learning_rate    | 0.000497  |
|    d_grad_norm        | 0.996     |
|    d_learning_rate    | 0.00497   |
|    entropy_loss       | -2.79     |
|    explained_variance | 0.6778301 |
|    n_updates          | 6799      |
|    policy_loss        | 16.9      |
|    std                | 0.964     |
|    u_grad_norm        | 0.0281    |
|    u_learning_rate    | 0.000995  |
|    v_grad_norm        | 0.985     |
|    value_loss         | 54.3      |
-------------------------------------
-------------------------------------
| rollout/              |           |
|    ep_len_mean        | 500       |
|    ep_rew_mean        | -3.57e+03 |
| time/                 |           |
|    fps                | 7         |
|    iterations         | 6800      |
|    time_elapsed       | 7147      |
|    total_timesteps    | 54400     |
| train/                |           |
|    c_learning_rate    | 0.000497  |
|    d_grad_norm        | 0.863     |
|    d_learning_rate    | 0.00497   |
|    entropy_loss       | -3.68     |
|    explained_variance | 0.9940796 |
|    n_updates          | 6799      |
|    policy_loss        | 5.97      |
|    std                | 0.937     |
|    u_grad_norm        | 0.0304    |
|    u_learning_rate    | 0.000995  |
|    v_grad_norm        | 0.793     |
|    value_loss         | 2.69      |
-------------------------------------
-------------------------------------
| rollout/              |           |
|    ep_len_mean        | 500       |
|    ep_rew_mean        | -3.54e+03 |
| time/                 |           |
|    fps                | 7         |
|    iterations         | 6800      |
|    time_elapsed       | 7164      |
|    total_timesteps    | 54400     |
| train/                |           |
|    c_learning_rate    | 0.000497  |
|    d_grad_norm        | 1.05      |
|    d_learning_rate    | 0.00497   |
|    entropy_loss       | -2.98     |
|    explained_variance | 0.7098174 |
|    n_updates          | 6799      |
|    policy_loss        | 0.236     |
|    std                | 0.959     |
|    u_grad_norm        | 0.0117    |
|    u_learning_rate    | 0.000995  |
|    v_grad_norm        | 0.926     |
|    value_loss         | 0.00674   |
-------------------------------------
--------------------------------------
| rollout/              |            |
|    ep_len_mean        | 500        |
|    ep_rew_mean        | -3.45e+03  |
| time/                 |            |
|    fps                | 7          |
|    iterations         | 6900       |
|    time_elapsed       | 7178       |
|    total_timesteps    | 55200      |
| train/                |            |
|    c_learning_rate    | 0.000497   |
|    d_grad_norm        | 1.02       |
|    d_learning_rate    | 0.00497    |
|    entropy_loss       | -3.29      |
|    explained_variance | 0.93156266 |
|    n_updates          | 6899       |
|    policy_loss        | 0.191      |
|    std                | 0.912      |
|    u_grad_norm        | 0.0338     |
|    u_learning_rate    | 0.000994   |
|    v_grad_norm        | 0.857      |
|    value_loss         | 3.47       |
--------------------------------------
-------------------------------------
| rollout/              |           |
|    ep_len_mean        | 500       |
|    ep_rew_mean        | -3.44e+03 |
| time/                 |           |
|    fps                | 7         |
|    iterations         | 6900      |
|    time_elapsed       | 7182      |
|    total_timesteps    | 55200     |
| train/                |           |
|    c_learning_rate    | 0.000497  |
|    d_grad_norm        | 0.914     |
|    d_learning_rate    | 0.00497   |
|    entropy_loss       | -2.73     |
|    explained_variance | 0.6723803 |
|    n_updates          | 6899      |
|    policy_loss        | 3.98      |
|    std                | 1.03      |
|    u_grad_norm        | 0.00471   |
|    u_learning_rate    | 0.000994  |
|    v_grad_norm        | 0.999     |
|    value_loss         | 6.42      |
-------------------------------------
--------------------------------------
| rollout/              |            |
|    ep_len_mean        | 500        |
|    ep_rew_mean        | -3.33e+03  |
| time/                 |            |
|    fps                | 7          |
|    iterations         | 6900       |
|    time_elapsed       | 7187       |
|    total_timesteps    | 55200      |
| train/                |            |
|    c_learning_rate    | 0.000497   |
|    d_grad_norm        | 0.909      |
|    d_learning_rate    | 0.00497    |
|    entropy_loss       | -3.68      |
|    explained_variance | 0.99900305 |
|    n_updates          | 6899       |
|    policy_loss        | 4.04       |
|    std                | 0.905      |
|    u_grad_norm        | 0.00139    |
|    u_learning_rate    | 0.000994   |
|    v_grad_norm        | 1.01       |
|    value_loss         | 1.64       |
--------------------------------------
--------------------------------------
| rollout/              |            |
|    ep_len_mean        | 500        |
|    ep_rew_mean        | -3.48e+03  |
| time/                 |            |
|    fps                | 7          |
|    iterations         | 6900       |
|    time_elapsed       | 7191       |
|    total_timesteps    | 55200      |
| train/                |            |
|    c_learning_rate    | 0.000497   |
|    d_grad_norm        | 0.928      |
|    d_learning_rate    | 0.00497    |
|    entropy_loss       | -1.3       |
|    explained_variance | 0.96298826 |
|    n_updates          | 6899       |
|    policy_loss        | -1.45      |
|    std                | 0.973      |
|    u_grad_norm        | 0.00375    |
|    u_learning_rate    | 0.000994   |
|    v_grad_norm        | 0.8        |
|    value_loss         | 9.76       |
--------------------------------------
