nohup: ignoring input
wandb: Currently logged in as: jw4406 (safe-princeton). Use `wandb login --relogin` to force relogin
wandb: Appending key for api.wandb.ai to your netrc file: /home/jw4406/.netrc
wandb: Currently logged in as: jw4406. Use `wandb login --relogin` to force relogin
wandb: Currently logged in as: jw4406. Use `wandb login --relogin` to force relogin
wandb: Currently logged in as: jw4406. Use `wandb login --relogin` to force relogin
wandb: Currently logged in as: jw4406. Use `wandb login --relogin` to force relogin
wandb: Currently logged in as: jw4406. Use `wandb login --relogin` to force relogin
wandb: wandb version 0.17.7 is available!  To upgrade, please run:
wandb:  $ pip install wandb --upgrade
wandb: Tracking run with wandb version 0.17.6
wandb: Run data is saved locally in /home/jw4406/codebase/stable-baselines3/stable_baselines3/wandb/run-20240828_004531-ycgpzbls
wandb: Run `wandb offline` to turn off syncing.
wandb: Syncing run ruby-yogurt-113
wandb: ⭐️ View project at https://wandb.ai/jw4406/stac_pend
wandb: 🚀 View run at https://wandb.ai/jw4406/stac_pend/runs/ycgpzbls
wandb: wandb version 0.17.7 is available!  To upgrade, please run:
wandb:  $ pip install wandb --upgrade
wandb: Tracking run with wandb version 0.17.6
wandb: Run data is saved locally in /home/jw4406/codebase/stable-baselines3/stable_baselines3/wandb/run-20240828_004531-ei6wml4a
wandb: Run `wandb offline` to turn off syncing.
wandb: Syncing run breezy-pyramid-113
wandb: ⭐️ View project at https://wandb.ai/jw4406/stac_pend
wandb: 🚀 View run at https://wandb.ai/jw4406/stac_pend/runs/ei6wml4a
wandb: wandb version 0.17.7 is available!  To upgrade, please run:
wandb:  $ pip install wandb --upgrade
wandb: Tracking run with wandb version 0.17.6
wandb: Run data is saved locally in /home/jw4406/codebase/stable-baselines3/stable_baselines3/wandb/run-20240828_004531-7a99vrqr
wandb: Run `wandb offline` to turn off syncing.
wandb: Syncing run confused-haze-113
wandb: ⭐️ View project at https://wandb.ai/jw4406/stac_pend
wandb: 🚀 View run at https://wandb.ai/jw4406/stac_pend/runs/7a99vrqr
wandb: wandb version 0.17.7 is available!  To upgrade, please run:
wandb:  $ pip install wandb --upgrade
wandb: Tracking run with wandb version 0.17.6
wandb: Run data is saved locally in /home/jw4406/codebase/stable-baselines3/stable_baselines3/wandb/run-20240828_004531-6v0ve2p1
wandb: Run `wandb offline` to turn off syncing.
wandb: Syncing run lucky-dawn-113
wandb: ⭐️ View project at https://wandb.ai/jw4406/stac_pend
wandb: 🚀 View run at https://wandb.ai/jw4406/stac_pend/runs/6v0ve2p1
wandb: wandb version 0.17.7 is available!  To upgrade, please run:
wandb:  $ pip install wandb --upgrade
wandb: Tracking run with wandb version 0.17.6
wandb: Run data is saved locally in /home/jw4406/codebase/stable-baselines3/stable_baselines3/wandb/run-20240828_004531-xxh1ktq8
wandb: Run `wandb offline` to turn off syncing.
wandb: Syncing run eager-morning-113
wandb: ⭐️ View project at https://wandb.ai/jw4406/stac_pend
wandb: 🚀 View run at https://wandb.ai/jw4406/stac_pend/runs/xxh1ktq8
Using cuda device
Wrapping the env with a `Monitor` wrapper
Wrapping the env in a DummyVecEnv.
----------------------------------
| rollout/           |           |
|    ep_len_mean     | 500       |
|    ep_rew_mean     | -3.69e+03 |
| time/              |           |
|    episodes        | 4         |
|    fps             | 155       |
|    time_elapsed    | 12        |
|    total_timesteps | 2000      |
| train/             |           |
|    std             | 1         |
----------------------------------
Using cuda device
Wrapping the env with a `Monitor` wrapper
Wrapping the env in a DummyVecEnv.
---------------------------------
| rollout/           |          |
|    ep_len_mean     | 500      |
|    ep_rew_mean     | -3e+03   |
| time/              |          |
|    episodes        | 4        |
|    fps             | 155      |
|    time_elapsed    | 12       |
|    total_timesteps | 2000     |
| train/             |          |
|    std             | 1        |
---------------------------------
Using cuda device
Wrapping the env with a `Monitor` wrapper
Wrapping the env in a DummyVecEnv.
----------------------------------
| rollout/           |           |
|    ep_len_mean     | 500       |
|    ep_rew_mean     | -2.41e+03 |
| time/              |           |
|    episodes        | 4         |
|    fps             | 155       |
|    time_elapsed    | 12        |
|    total_timesteps | 2000      |
| train/             |           |
|    std             | 1         |
----------------------------------
Using cuda device
Wrapping the env with a `Monitor` wrapper
Wrapping the env in a DummyVecEnv.
----------------------------------
| rollout/           |           |
|    ep_len_mean     | 500       |
|    ep_rew_mean     | -3.15e+03 |
| time/              |           |
|    episodes        | 4         |
|    fps             | 156       |
|    time_elapsed    | 12        |
|    total_timesteps | 2000      |
| train/             |           |
|    std             | 1         |
----------------------------------
Using cuda device
Wrapping the env with a `Monitor` wrapper
Wrapping the env in a DummyVecEnv.
----------------------------------
| rollout/           |           |
|    ep_len_mean     | 500       |
|    ep_rew_mean     | -3.41e+03 |
| time/              |           |
|    episodes        | 4         |
|    fps             | 155       |
|    time_elapsed    | 12        |
|    total_timesteps | 2000      |
| train/             |           |
|    std             | 1         |
----------------------------------
----------------------------------
| rollout/           |           |
|    ep_len_mean     | 500       |
|    ep_rew_mean     | -2.86e+03 |
| time/              |           |
|    episodes        | 8         |
|    fps             | 156       |
|    time_elapsed    | 25        |
|    total_timesteps | 4000      |
| train/             |           |
|    std             | 1         |
----------------------------------
----------------------------------
| rollout/           |           |
|    ep_len_mean     | 500       |
|    ep_rew_mean     | -3.04e+03 |
| time/              |           |
|    episodes        | 8         |
|    fps             | 156       |
|    time_elapsed    | 25        |
|    total_timesteps | 4000      |
| train/             |           |
|    std             | 1         |
----------------------------------
----------------------------------
| rollout/           |           |
|    ep_len_mean     | 500       |
|    ep_rew_mean     | -3.27e+03 |
| time/              |           |
|    episodes        | 8         |
|    fps             | 156       |
|    time_elapsed    | 25        |
|    total_timesteps | 4000      |
| train/             |           |
|    std             | 1         |
----------------------------------
----------------------------------
| rollout/           |           |
|    ep_len_mean     | 500       |
|    ep_rew_mean     | -3.15e+03 |
| time/              |           |
|    episodes        | 8         |
|    fps             | 156       |
|    time_elapsed    | 25        |
|    total_timesteps | 4000      |
| train/             |           |
|    std             | 1         |
----------------------------------
----------------------------------
| rollout/           |           |
|    ep_len_mean     | 500       |
|    ep_rew_mean     | -3.12e+03 |
| time/              |           |
|    episodes        | 8         |
|    fps             | 156       |
|    time_elapsed    | 25        |
|    total_timesteps | 4000      |
| train/             |           |
|    std             | 1         |
----------------------------------
----------------------------------
| rollout/           |           |
|    ep_len_mean     | 500       |
|    ep_rew_mean     | -2.91e+03 |
| time/              |           |
|    episodes        | 12        |
|    fps             | 156       |
|    time_elapsed    | 38        |
|    total_timesteps | 6000      |
| train/             |           |
|    std             | 1         |
----------------------------------
----------------------------------
| rollout/           |           |
|    ep_len_mean     | 500       |
|    ep_rew_mean     | -2.98e+03 |
| time/              |           |
|    episodes        | 12        |
|    fps             | 156       |
|    time_elapsed    | 38        |
|    total_timesteps | 6000      |
| train/             |           |
|    std             | 1         |
----------------------------------
----------------------------------
| rollout/           |           |
|    ep_len_mean     | 500       |
|    ep_rew_mean     | -3.13e+03 |
| time/              |           |
|    episodes        | 12        |
|    fps             | 156       |
|    time_elapsed    | 38        |
|    total_timesteps | 6000      |
| train/             |           |
|    std             | 1         |
----------------------------------
----------------------------------
| rollout/           |           |
|    ep_len_mean     | 500       |
|    ep_rew_mean     | -3.08e+03 |
| time/              |           |
|    episodes        | 12        |
|    fps             | 156       |
|    time_elapsed    | 38        |
|    total_timesteps | 6000      |
| train/             |           |
|    std             | 1         |
----------------------------------
---------------------------------
| rollout/           |          |
|    ep_len_mean     | 500      |
|    ep_rew_mean     | -3.1e+03 |
| time/              |          |
|    episodes        | 12       |
|    fps             | 156      |
|    time_elapsed    | 38       |
|    total_timesteps | 6000     |
| train/             |          |
|    std             | 1        |
---------------------------------
----------------------------------
| rollout/           |           |
|    ep_len_mean     | 500       |
|    ep_rew_mean     | -3.05e+03 |
| time/              |           |
|    episodes        | 16        |
|    fps             | 157       |
|    time_elapsed    | 50        |
|    total_timesteps | 8000      |
| train/             |           |
|    std             | 1         |
----------------------------------
----------------------------------
| rollout/           |           |
|    ep_len_mean     | 500       |
|    ep_rew_mean     | -2.92e+03 |
| time/              |           |
|    episodes        | 16        |
|    fps             | 157       |
|    time_elapsed    | 50        |
|    total_timesteps | 8000      |
| train/             |           |
|    std             | 1         |
----------------------------------
----------------------------------
| rollout/           |           |
|    ep_len_mean     | 500       |
|    ep_rew_mean     | -3.16e+03 |
| time/              |           |
|    episodes        | 16        |
|    fps             | 157       |
|    time_elapsed    | 50        |
|    total_timesteps | 8000      |
| train/             |           |
|    std             | 1         |
----------------------------------
----------------------------------
| rollout/           |           |
|    ep_len_mean     | 500       |
|    ep_rew_mean     | -2.95e+03 |
| time/              |           |
|    episodes        | 16        |
|    fps             | 157       |
|    time_elapsed    | 50        |
|    total_timesteps | 8000      |
| train/             |           |
|    std             | 1         |
----------------------------------
----------------------------------
| rollout/           |           |
|    ep_len_mean     | 500       |
|    ep_rew_mean     | -3.19e+03 |
| time/              |           |
|    episodes        | 16        |
|    fps             | 157       |
|    time_elapsed    | 50        |
|    total_timesteps | 8000      |
| train/             |           |
|    std             | 1         |
----------------------------------
/home/jw4406/codebase/stable-baselines3/stable_baselines3/common/evaluation.py:67: UserWarning: Evaluation environment is not wrapped with a ``Monitor`` wrapper. This may result in reporting modified episode lengths and rewards, if other wrappers happen to modify these. Consider wrapping environment first with ``Monitor`` wrapper.
  warnings.warn(
/home/jw4406/codebase/stable-baselines3/stable_baselines3/common/evaluation.py:67: UserWarning: Evaluation environment is not wrapped with a ``Monitor`` wrapper. This may result in reporting modified episode lengths and rewards, if other wrappers happen to modify these. Consider wrapping environment first with ``Monitor`` wrapper.
  warnings.warn(
/home/jw4406/codebase/stable-baselines3/stable_baselines3/common/evaluation.py:67: UserWarning: Evaluation environment is not wrapped with a ``Monitor`` wrapper. This may result in reporting modified episode lengths and rewards, if other wrappers happen to modify these. Consider wrapping environment first with ``Monitor`` wrapper.
  warnings.warn(
/home/jw4406/codebase/stable-baselines3/stable_baselines3/common/evaluation.py:67: UserWarning: Evaluation environment is not wrapped with a ``Monitor`` wrapper. This may result in reporting modified episode lengths and rewards, if other wrappers happen to modify these. Consider wrapping environment first with ``Monitor`` wrapper.
  warnings.warn(
/home/jw4406/codebase/stable-baselines3/stable_baselines3/common/evaluation.py:67: UserWarning: Evaluation environment is not wrapped with a ``Monitor`` wrapper. This may result in reporting modified episode lengths and rewards, if other wrappers happen to modify these. Consider wrapping environment first with ``Monitor`` wrapper.
  warnings.warn(
Eval num_timesteps=10000, episode_reward=-3378.90 +/- 395.82
Episode length: 500.00 +/- 0.00
----------------------------------
| eval/              |           |
|    mean_ep_length  | 500       |
|    mean_reward     | -3.38e+03 |
| time/              |           |
|    total_timesteps | 10000     |
----------------------------------
Eval num_timesteps=10000, episode_reward=-3733.62 +/- 604.47
Episode length: 500.00 +/- 0.00
----------------------------------
| eval/              |           |
|    mean_ep_length  | 500       |
|    mean_reward     | -3.73e+03 |
| time/              |           |
|    total_timesteps | 10000     |
----------------------------------
New best mean reward!
----------------------------------
| rollout/           |           |
|    ep_len_mean     | 500       |
|    ep_rew_mean     | -3.11e+03 |
| time/              |           |
|    episodes        | 20        |
|    fps             | 89        |
|    time_elapsed    | 111       |
|    total_timesteps | 10000     |
| train/             |           |
|    std             | 1         |
----------------------------------
Eval num_timesteps=10000, episode_reward=-3797.40 +/- 620.17
Episode length: 500.00 +/- 0.00
---------------------------------
| eval/              |          |
|    mean_ep_length  | 500      |
|    mean_reward     | -3.8e+03 |
| time/              |          |
|    total_timesteps | 10000    |
---------------------------------
Eval num_timesteps=10000, episode_reward=-3393.63 +/- 487.08
Episode length: 500.00 +/- 0.00
----------------------------------
| eval/              |           |
|    mean_ep_length  | 500       |
|    mean_reward     | -3.39e+03 |
| time/              |           |
|    total_timesteps | 10000     |
----------------------------------
New best mean reward!
----------------------------------
| rollout/           |           |
|    ep_len_mean     | 500       |
|    ep_rew_mean     | -3.11e+03 |
| time/              |           |
|    episodes        | 20        |
|    fps             | 89        |
|    time_elapsed    | 111       |
|    total_timesteps | 10000     |
| train/             |           |
|    std             | 1         |
----------------------------------
New best mean reward!
----------------------------------
| rollout/           |           |
|    ep_len_mean     | 500       |
|    ep_rew_mean     | -3.02e+03 |
| time/              |           |
|    episodes        | 20        |
|    fps             | 89        |
|    time_elapsed    | 111       |
|    total_timesteps | 10000     |
| train/             |           |
|    std             | 1         |
----------------------------------
New best mean reward!
----------------------------------
| rollout/           |           |
|    ep_len_mean     | 500       |
|    ep_rew_mean     | -2.93e+03 |
| time/              |           |
|    episodes        | 20        |
|    fps             | 89        |
|    time_elapsed    | 111       |
|    total_timesteps | 10000     |
| train/             |           |
|    std             | 1         |
----------------------------------
Eval num_timesteps=10000, episode_reward=-3822.11 +/- 438.58
Episode length: 500.00 +/- 0.00
----------------------------------
| eval/              |           |
|    mean_ep_length  | 500       |
|    mean_reward     | -3.82e+03 |
| time/              |           |
|    total_timesteps | 10000     |
----------------------------------
New best mean reward!
---------------------------------
| rollout/           |          |
|    ep_len_mean     | 500      |
|    ep_rew_mean     | -3.1e+03 |
| time/              |          |
|    episodes        | 20       |
|    fps             | 89       |
|    time_elapsed    | 111      |
|    total_timesteps | 10000    |
| train/             |          |
|    std             | 1        |
---------------------------------
----------------------------------
| rollout/           |           |
|    ep_len_mean     | 500       |
|    ep_rew_mean     | -3.11e+03 |
| time/              |           |
|    episodes        | 24        |
|    fps             | 96        |
|    time_elapsed    | 123       |
|    total_timesteps | 12000     |
| train/             |           |
|    std             | 1         |
----------------------------------
----------------------------------
| rollout/           |           |
|    ep_len_mean     | 500       |
|    ep_rew_mean     | -3.06e+03 |
| time/              |           |
|    episodes        | 24        |
|    fps             | 96        |
|    time_elapsed    | 123       |
|    total_timesteps | 12000     |
| train/             |           |
|    std             | 1         |
----------------------------------
----------------------------------
| rollout/           |           |
|    ep_len_mean     | 500       |
|    ep_rew_mean     | -2.94e+03 |
| time/              |           |
|    episodes        | 24        |
|    fps             | 96        |
|    time_elapsed    | 124       |
|    total_timesteps | 12000     |
| train/             |           |
|    std             | 1         |
----------------------------------
----------------------------------
| rollout/           |           |
|    ep_len_mean     | 500       |
|    ep_rew_mean     | -2.87e+03 |
| time/              |           |
|    episodes        | 24        |
|    fps             | 96        |
|    time_elapsed    | 123       |
|    total_timesteps | 12000     |
| train/             |           |
|    std             | 1         |
----------------------------------
----------------------------------
| rollout/           |           |
|    ep_len_mean     | 500       |
|    ep_rew_mean     | -3.19e+03 |
| time/              |           |
|    episodes        | 24        |
|    fps             | 96        |
|    time_elapsed    | 124       |
|    total_timesteps | 12000     |
| train/             |           |
|    std             | 1         |
----------------------------------
----------------------------------
| rollout/           |           |
|    ep_len_mean     | 500       |
|    ep_rew_mean     | -3.08e+03 |
| time/              |           |
|    episodes        | 28        |
|    fps             | 102       |
|    time_elapsed    | 136       |
|    total_timesteps | 14000     |
| train/             |           |
|    std             | 1         |
----------------------------------
----------------------------------
| rollout/           |           |
|    ep_len_mean     | 500       |
|    ep_rew_mean     | -3.07e+03 |
| time/              |           |
|    episodes        | 28        |
|    fps             | 102       |
|    time_elapsed    | 136       |
|    total_timesteps | 14000     |
| train/             |           |
|    std             | 1         |
----------------------------------
---------------------------------
| rollout/           |          |
|    ep_len_mean     | 500      |
|    ep_rew_mean     | -3e+03   |
| time/              |          |
|    episodes        | 28       |
|    fps             | 102      |
|    time_elapsed    | 136      |
|    total_timesteps | 14000    |
| train/             |          |
|    std             | 1        |
---------------------------------
----------------------------------
| rollout/           |           |
|    ep_len_mean     | 500       |
|    ep_rew_mean     | -2.87e+03 |
| time/              |           |
|    episodes        | 28        |
|    fps             | 102       |
|    time_elapsed    | 136       |
|    total_timesteps | 14000     |
| train/             |           |
|    std             | 1         |
----------------------------------
----------------------------------
| rollout/           |           |
|    ep_len_mean     | 500       |
|    ep_rew_mean     | -3.16e+03 |
| time/              |           |
|    episodes        | 28        |
|    fps             | 102       |
|    time_elapsed    | 136       |
|    total_timesteps | 14000     |
| train/             |           |
|    std             | 1         |
----------------------------------
----------------------------------
| rollout/           |           |
|    ep_len_mean     | 500       |
|    ep_rew_mean     | -3.08e+03 |
| time/              |           |
|    episodes        | 32        |
|    fps             | 107       |
|    time_elapsed    | 149       |
|    total_timesteps | 16000     |
| train/             |           |
|    std             | 1         |
----------------------------------
----------------------------------
| rollout/           |           |
|    ep_len_mean     | 500       |
|    ep_rew_mean     | -3.08e+03 |
| time/              |           |
|    episodes        | 32        |
|    fps             | 107       |
|    time_elapsed    | 149       |
|    total_timesteps | 16000     |
| train/             |           |
|    std             | 1         |
----------------------------------
----------------------------------
| rollout/           |           |
|    ep_len_mean     | 500       |
|    ep_rew_mean     | -2.98e+03 |
| time/              |           |
|    episodes        | 32        |
|    fps             | 107       |
|    time_elapsed    | 149       |
|    total_timesteps | 16000     |
| train/             |           |
|    std             | 1         |
----------------------------------
----------------------------------
| rollout/           |           |
|    ep_len_mean     | 500       |
|    ep_rew_mean     | -2.93e+03 |
| time/              |           |
|    episodes        | 32        |
|    fps             | 107       |
|    time_elapsed    | 149       |
|    total_timesteps | 16000     |
| train/             |           |
|    std             | 1         |
----------------------------------
----------------------------------
| rollout/           |           |
|    ep_len_mean     | 500       |
|    ep_rew_mean     | -3.14e+03 |
| time/              |           |
|    episodes        | 32        |
|    fps             | 107       |
|    time_elapsed    | 149       |
|    total_timesteps | 16000     |
| train/             |           |
|    std             | 1         |
----------------------------------
----------------------------------
| rollout/           |           |
|    ep_len_mean     | 500       |
|    ep_rew_mean     | -3.09e+03 |
| time/              |           |
|    episodes        | 36        |
|    fps             | 111       |
|    time_elapsed    | 161       |
|    total_timesteps | 18000     |
| train/             |           |
|    std             | 1         |
----------------------------------
----------------------------------
| rollout/           |           |
|    ep_len_mean     | 500       |
|    ep_rew_mean     | -3.08e+03 |
| time/              |           |
|    episodes        | 36        |
|    fps             | 111       |
|    time_elapsed    | 161       |
|    total_timesteps | 18000     |
| train/             |           |
|    std             | 1         |
----------------------------------
----------------------------------
| rollout/           |           |
|    ep_len_mean     | 500       |
|    ep_rew_mean     | -2.98e+03 |
| time/              |           |
|    episodes        | 36        |
|    fps             | 111       |
|    time_elapsed    | 161       |
|    total_timesteps | 18000     |
| train/             |           |
|    std             | 1         |
----------------------------------
----------------------------------
| rollout/           |           |
|    ep_len_mean     | 500       |
|    ep_rew_mean     | -2.95e+03 |
| time/              |           |
|    episodes        | 36        |
|    fps             | 111       |
|    time_elapsed    | 161       |
|    total_timesteps | 18000     |
| train/             |           |
|    std             | 1         |
----------------------------------
----------------------------------
| rollout/           |           |
|    ep_len_mean     | 500       |
|    ep_rew_mean     | -3.11e+03 |
| time/              |           |
|    episodes        | 36        |
|    fps             | 111       |
|    time_elapsed    | 161       |
|    total_timesteps | 18000     |
| train/             |           |
|    std             | 1         |
----------------------------------
Eval num_timesteps=20000, episode_reward=-3520.92 +/- 397.38
Episode length: 500.00 +/- 0.00
----------------------------------
| eval/              |           |
|    mean_ep_length  | 500       |
|    mean_reward     | -3.52e+03 |
| time/              |           |
|    total_timesteps | 20000     |
----------------------------------
Eval num_timesteps=20000, episode_reward=-3542.75 +/- 565.12
Episode length: 500.00 +/- 0.00
----------------------------------
| eval/              |           |
|    mean_ep_length  | 500       |
|    mean_reward     | -3.54e+03 |
| time/              |           |
|    total_timesteps | 20000     |
----------------------------------
----------------------------------
| rollout/           |           |
|    ep_len_mean     | 500       |
|    ep_rew_mean     | -3.09e+03 |
| time/              |           |
|    episodes        | 40        |
|    fps             | 90        |
|    time_elapsed    | 222       |
|    total_timesteps | 20000     |
| train/             |           |
|    std             | 1         |
----------------------------------
New best mean reward!
----------------------------------
| rollout/           |           |
|    ep_len_mean     | 500       |
|    ep_rew_mean     | -3.08e+03 |
| time/              |           |
|    episodes        | 40        |
|    fps             | 90        |
|    time_elapsed    | 222       |
|    total_timesteps | 20000     |
| train/             |           |
|    std             | 1         |
----------------------------------
Eval num_timesteps=20000, episode_reward=-3754.96 +/- 535.49
Episode length: 500.00 +/- 0.00
----------------------------------
| eval/              |           |
|    mean_ep_length  | 500       |
|    mean_reward     | -3.75e+03 |
| time/              |           |
|    total_timesteps | 20000     |
----------------------------------
Eval num_timesteps=20000, episode_reward=-3828.42 +/- 537.20
Episode length: 500.00 +/- 0.00
----------------------------------
| eval/              |           |
|    mean_ep_length  | 500       |
|    mean_reward     | -3.83e+03 |
| time/              |           |
|    total_timesteps | 20000     |
----------------------------------
New best mean reward!
----------------------------------
| rollout/           |           |
|    ep_len_mean     | 500       |
|    ep_rew_mean     | -3.06e+03 |
| time/              |           |
|    episodes        | 40        |
|    fps             | 90        |
|    time_elapsed    | 222       |
|    total_timesteps | 20000     |
| train/             |           |
|    std             | 1         |
----------------------------------
----------------------------------
| rollout/           |           |
|    ep_len_mean     | 500       |
|    ep_rew_mean     | -2.95e+03 |
| time/              |           |
|    episodes        | 40        |
|    fps             | 90        |
|    time_elapsed    | 222       |
|    total_timesteps | 20000     |
| train/             |           |
|    std             | 1         |
----------------------------------
Eval num_timesteps=20000, episode_reward=-3944.70 +/- 607.63
Episode length: 500.00 +/- 0.00
----------------------------------
| eval/              |           |
|    mean_ep_length  | 500       |
|    mean_reward     | -3.94e+03 |
| time/              |           |
|    total_timesteps | 20000     |
----------------------------------
----------------------------------
| rollout/           |           |
|    ep_len_mean     | 500       |
|    ep_rew_mean     | -3.13e+03 |
| time/              |           |
|    episodes        | 40        |
|    fps             | 90        |
|    time_elapsed    | 222       |
|    total_timesteps | 20000     |
| train/             |           |
|    std             | 1         |
----------------------------------
----------------------------------
| rollout/           |           |
|    ep_len_mean     | 500       |
|    ep_rew_mean     | -3.04e+03 |
| time/              |           |
|    episodes        | 44        |
|    fps             | 93        |
|    time_elapsed    | 234       |
|    total_timesteps | 22000     |
| train/             |           |
|    std             | 1         |
----------------------------------
----------------------------------
| rollout/           |           |
|    ep_len_mean     | 500       |
|    ep_rew_mean     | -3.06e+03 |
| time/              |           |
|    episodes        | 44        |
|    fps             | 93        |
|    time_elapsed    | 234       |
|    total_timesteps | 22000     |
| train/             |           |
|    std             | 1         |
----------------------------------
----------------------------------
| rollout/           |           |
|    ep_len_mean     | 500       |
|    ep_rew_mean     | -3.06e+03 |
| time/              |           |
|    episodes        | 44        |
|    fps             | 93        |
|    time_elapsed    | 234       |
|    total_timesteps | 22000     |
| train/             |           |
|    std             | 1         |
----------------------------------
----------------------------------
| rollout/           |           |
|    ep_len_mean     | 500       |
|    ep_rew_mean     | -2.93e+03 |
| time/              |           |
|    episodes        | 44        |
|    fps             | 93        |
|    time_elapsed    | 234       |
|    total_timesteps | 22000     |
| train/             |           |
|    std             | 1         |
----------------------------------
----------------------------------
| rollout/           |           |
|    ep_len_mean     | 500       |
|    ep_rew_mean     | -3.11e+03 |
| time/              |           |
|    episodes        | 44        |
|    fps             | 93        |
|    time_elapsed    | 234       |
|    total_timesteps | 22000     |
| train/             |           |
|    std             | 1         |
----------------------------------
----------------------------------
| rollout/           |           |
|    ep_len_mean     | 500       |
|    ep_rew_mean     | -3.09e+03 |
| time/              |           |
|    episodes        | 48        |
|    fps             | 97        |
|    time_elapsed    | 247       |
|    total_timesteps | 24000     |
| train/             |           |
|    std             | 1         |
----------------------------------
----------------------------------
| rollout/           |           |
|    ep_len_mean     | 500       |
|    ep_rew_mean     | -3.03e+03 |
| time/              |           |
|    episodes        | 48        |
|    fps             | 97        |
|    time_elapsed    | 247       |
|    total_timesteps | 24000     |
| train/             |           |
|    std             | 1         |
----------------------------------
----------------------------------
| rollout/           |           |
|    ep_len_mean     | 500       |
|    ep_rew_mean     | -3.04e+03 |
| time/              |           |
|    episodes        | 48        |
|    fps             | 97        |
|    time_elapsed    | 247       |
|    total_timesteps | 24000     |
| train/             |           |
|    std             | 1         |
----------------------------------
----------------------------------
| rollout/           |           |
|    ep_len_mean     | 500       |
|    ep_rew_mean     | -2.88e+03 |
| time/              |           |
|    episodes        | 48        |
|    fps             | 97        |
|    time_elapsed    | 247       |
|    total_timesteps | 24000     |
| train/             |           |
|    std             | 1         |
----------------------------------
----------------------------------
| rollout/           |           |
|    ep_len_mean     | 500       |
|    ep_rew_mean     | -3.17e+03 |
| time/              |           |
|    episodes        | 48        |
|    fps             | 96        |
|    time_elapsed    | 247       |
|    total_timesteps | 24000     |
| train/             |           |
|    std             | 1         |
----------------------------------
----------------------------------
| rollout/           |           |
|    ep_len_mean     | 500       |
|    ep_rew_mean     | -3.09e+03 |
| time/              |           |
|    episodes        | 52        |
|    fps             | 100       |
|    time_elapsed    | 259       |
|    total_timesteps | 26000     |
| train/             |           |
|    std             | 1         |
----------------------------------
----------------------------------
| rollout/           |           |
|    ep_len_mean     | 500       |
|    ep_rew_mean     | -3.02e+03 |
| time/              |           |
|    episodes        | 52        |
|    fps             | 100       |
|    time_elapsed    | 259       |
|    total_timesteps | 26000     |
| train/             |           |
|    std             | 1         |
----------------------------------
---------------------------------
| rollout/           |          |
|    ep_len_mean     | 500      |
|    ep_rew_mean     | -3e+03   |
| time/              |          |
|    episodes        | 52       |
|    fps             | 100      |
|    time_elapsed    | 259      |
|    total_timesteps | 26000    |
| train/             |          |
|    std             | 1        |
---------------------------------
---------------------------------
| rollout/           |          |
|    ep_len_mean     | 500      |
|    ep_rew_mean     | -2.9e+03 |
| time/              |          |
|    episodes        | 52       |
|    fps             | 100      |
|    time_elapsed    | 259      |
|    total_timesteps | 26000    |
| train/             |          |
|    std             | 1        |
---------------------------------
----------------------------------
| rollout/           |           |
|    ep_len_mean     | 500       |
|    ep_rew_mean     | -3.15e+03 |
| time/              |           |
|    episodes        | 52        |
|    fps             | 100       |
|    time_elapsed    | 259       |
|    total_timesteps | 26000     |
| train/             |           |
|    std             | 1         |
----------------------------------
----------------------------------
| rollout/           |           |
|    ep_len_mean     | 500       |
|    ep_rew_mean     | -3.08e+03 |
| time/              |           |
|    episodes        | 56        |
|    fps             | 102       |
|    time_elapsed    | 272       |
|    total_timesteps | 28000     |
| train/             |           |
|    std             | 1         |
----------------------------------
----------------------------------
| rollout/           |           |
|    ep_len_mean     | 500       |
|    ep_rew_mean     | -3.05e+03 |
| time/              |           |
|    episodes        | 56        |
|    fps             | 102       |
|    time_elapsed    | 272       |
|    total_timesteps | 28000     |
| train/             |           |
|    std             | 1         |
----------------------------------
---------------------------------
| rollout/           |          |
|    ep_len_mean     | 500      |
|    ep_rew_mean     | -3e+03   |
| time/              |          |
|    episodes        | 56       |
|    fps             | 102      |
|    time_elapsed    | 272      |
|    total_timesteps | 28000    |
| train/             |          |
|    std             | 1        |
---------------------------------
---------------------------------
| rollout/           |          |
|    ep_len_mean     | 500      |
|    ep_rew_mean     | -2.9e+03 |
| time/              |          |
|    episodes        | 56       |
|    fps             | 102      |
|    time_elapsed    | 272      |
|    total_timesteps | 28000    |
| train/             |          |
|    std             | 1        |
---------------------------------
----------------------------------
| rollout/           |           |
|    ep_len_mean     | 500       |
|    ep_rew_mean     | -3.11e+03 |
| time/              |           |
|    episodes        | 56        |
|    fps             | 102       |
|    time_elapsed    | 272       |
|    total_timesteps | 28000     |
| train/             |           |
|    std             | 1         |
----------------------------------
Eval num_timesteps=30000, episode_reward=-3356.41 +/- 424.72
Episode length: 500.00 +/- 0.00
----------------------------------
| eval/              |           |
|    mean_ep_length  | 500       |
|    mean_reward     | -3.36e+03 |
| time/              |           |
|    total_timesteps | 30000     |
----------------------------------
Eval num_timesteps=30000, episode_reward=-3638.87 +/- 590.70
Episode length: 500.00 +/- 0.00
----------------------------------
| eval/              |           |
|    mean_ep_length  | 500       |
|    mean_reward     | -3.64e+03 |
| time/              |           |
|    total_timesteps | 30000     |
----------------------------------
New best mean reward!
----------------------------------
| rollout/           |           |
|    ep_len_mean     | 500       |
|    ep_rew_mean     | -3.07e+03 |
| time/              |           |
|    episodes        | 60        |
|    fps             | 90        |
|    time_elapsed    | 332       |
|    total_timesteps | 30000     |
| train/             |           |
|    std             | 1         |
----------------------------------
----------------------------------
| rollout/           |           |
|    ep_len_mean     | 500       |
|    ep_rew_mean     | -3.03e+03 |
| time/              |           |
|    episodes        | 60        |
|    fps             | 90        |
|    time_elapsed    | 332       |
|    total_timesteps | 30000     |
| train/             |           |
|    std             | 1         |
----------------------------------
Eval num_timesteps=30000, episode_reward=-3441.03 +/- 424.66
Episode length: 500.00 +/- 0.00
----------------------------------
| eval/              |           |
|    mean_ep_length  | 500       |
|    mean_reward     | -3.44e+03 |
| time/              |           |
|    total_timesteps | 30000     |
----------------------------------
New best mean reward!
---------------------------------
| rollout/           |          |
|    ep_len_mean     | 500      |
|    ep_rew_mean     | -3e+03   |
| time/              |          |
|    episodes        | 60       |
|    fps             | 90       |
|    time_elapsed    | 332      |
|    total_timesteps | 30000    |
| train/             |          |
|    std             | 1        |
---------------------------------
Eval num_timesteps=30000, episode_reward=-3771.89 +/- 645.17
Episode length: 500.00 +/- 0.00
----------------------------------
| eval/              |           |
|    mean_ep_length  | 500       |
|    mean_reward     | -3.77e+03 |
| time/              |           |
|    total_timesteps | 30000     |
----------------------------------
----------------------------------
| rollout/           |           |
|    ep_len_mean     | 500       |
|    ep_rew_mean     | -2.93e+03 |
| time/              |           |
|    episodes        | 60        |
|    fps             | 90        |
|    time_elapsed    | 332       |
|    total_timesteps | 30000     |
| train/             |           |
|    std             | 1         |
----------------------------------
Eval num_timesteps=30000, episode_reward=-3858.72 +/- 520.45
Episode length: 500.00 +/- 0.00
----------------------------------
| eval/              |           |
|    mean_ep_length  | 500       |
|    mean_reward     | -3.86e+03 |
| time/              |           |
|    total_timesteps | 30000     |
----------------------------------
----------------------------------
| rollout/           |           |
|    ep_len_mean     | 500       |
|    ep_rew_mean     | -3.09e+03 |
| time/              |           |
|    episodes        | 60        |
|    fps             | 90        |
|    time_elapsed    | 332       |
|    total_timesteps | 30000     |
| train/             |           |
|    std             | 1         |
----------------------------------
----------------------------------
| rollout/           |           |
|    ep_len_mean     | 500       |
|    ep_rew_mean     | -3.05e+03 |
| time/              |           |
|    episodes        | 64        |
|    fps             | 92        |
|    time_elapsed    | 345       |
|    total_timesteps | 32000     |
| train/             |           |
|    std             | 1         |
----------------------------------
----------------------------------
| rollout/           |           |
|    ep_len_mean     | 500       |
|    ep_rew_mean     | -3.03e+03 |
| time/              |           |
|    episodes        | 64        |
|    fps             | 92        |
|    time_elapsed    | 345       |
|    total_timesteps | 32000     |
| train/             |           |
|    std             | 1         |
----------------------------------
----------------------------------
| rollout/           |           |
|    ep_len_mean     | 500       |
|    ep_rew_mean     | -3.03e+03 |
| time/              |           |
|    episodes        | 64        |
|    fps             | 92        |
|    time_elapsed    | 345       |
|    total_timesteps | 32000     |
| train/             |           |
|    std             | 1         |
----------------------------------
----------------------------------
| rollout/           |           |
|    ep_len_mean     | 500       |
|    ep_rew_mean     | -2.93e+03 |
| time/              |           |
|    episodes        | 64        |
|    fps             | 92        |
|    time_elapsed    | 345       |
|    total_timesteps | 32000     |
| train/             |           |
|    std             | 1         |
----------------------------------
----------------------------------
| rollout/           |           |
|    ep_len_mean     | 500       |
|    ep_rew_mean     | -3.09e+03 |
| time/              |           |
|    episodes        | 64        |
|    fps             | 92        |
|    time_elapsed    | 345       |
|    total_timesteps | 32000     |
| train/             |           |
|    std             | 1         |
----------------------------------
----------------------------------
| rollout/           |           |
|    ep_len_mean     | 500       |
|    ep_rew_mean     | -3.07e+03 |
| time/              |           |
|    episodes        | 68        |
|    fps             | 95        |
|    time_elapsed    | 357       |
|    total_timesteps | 34000     |
| train/             |           |
|    std             | 1         |
----------------------------------
----------------------------------
| rollout/           |           |
|    ep_len_mean     | 500       |
|    ep_rew_mean     | -3.03e+03 |
| time/              |           |
|    episodes        | 68        |
|    fps             | 95        |
|    time_elapsed    | 357       |
|    total_timesteps | 34000     |
| train/             |           |
|    std             | 1         |
----------------------------------
----------------------------------
| rollout/           |           |
|    ep_len_mean     | 500       |
|    ep_rew_mean     | -3.02e+03 |
| time/              |           |
|    episodes        | 68        |
|    fps             | 94        |
|    time_elapsed    | 357       |
|    total_timesteps | 34000     |
| train/             |           |
|    std             | 1         |
----------------------------------
----------------------------------
| rollout/           |           |
|    ep_len_mean     | 500       |
|    ep_rew_mean     | -2.92e+03 |
| time/              |           |
|    episodes        | 68        |
|    fps             | 94        |
|    time_elapsed    | 357       |
|    total_timesteps | 34000     |
| train/             |           |
|    std             | 1         |
----------------------------------
----------------------------------
| rollout/           |           |
|    ep_len_mean     | 500       |
|    ep_rew_mean     | -3.09e+03 |
| time/              |           |
|    episodes        | 68        |
|    fps             | 94        |
|    time_elapsed    | 358       |
|    total_timesteps | 34000     |
| train/             |           |
|    std             | 1         |
----------------------------------
----------------------------------
| rollout/           |           |
|    ep_len_mean     | 500       |
|    ep_rew_mean     | -3.02e+03 |
| time/              |           |
|    episodes        | 72        |
|    fps             | 97        |
|    time_elapsed    | 370       |
|    total_timesteps | 36000     |
| train/             |           |
|    std             | 1         |
----------------------------------
----------------------------------
| rollout/           |           |
|    ep_len_mean     | 500       |
|    ep_rew_mean     | -3.03e+03 |
| time/              |           |
|    episodes        | 72        |
|    fps             | 97        |
|    time_elapsed    | 370       |
|    total_timesteps | 36000     |
| train/             |           |
|    std             | 1         |
----------------------------------
----------------------------------
| rollout/           |           |
|    ep_len_mean     | 500       |
|    ep_rew_mean     | -3.05e+03 |
| time/              |           |
|    episodes        | 72        |
|    fps             | 97        |
|    time_elapsed    | 370       |
|    total_timesteps | 36000     |
| train/             |           |
|    std             | 1         |
----------------------------------
----------------------------------
| rollout/           |           |
|    ep_len_mean     | 500       |
|    ep_rew_mean     | -2.92e+03 |
| time/              |           |
|    episodes        | 72        |
|    fps             | 97        |
|    time_elapsed    | 370       |
|    total_timesteps | 36000     |
| train/             |           |
|    std             | 1         |
----------------------------------
----------------------------------
| rollout/           |           |
|    ep_len_mean     | 500       |
|    ep_rew_mean     | -3.08e+03 |
| time/              |           |
|    episodes        | 72        |
|    fps             | 97        |
|    time_elapsed    | 370       |
|    total_timesteps | 36000     |
| train/             |           |
|    std             | 1         |
----------------------------------
---------------------------------
| rollout/           |          |
|    ep_len_mean     | 500      |
|    ep_rew_mean     | -3e+03   |
| time/              |          |
|    episodes        | 76       |
|    fps             | 99       |
|    time_elapsed    | 383      |
|    total_timesteps | 38000    |
| train/             |          |
|    std             | 1        |
---------------------------------
----------------------------------
| rollout/           |           |
|    ep_len_mean     | 500       |
|    ep_rew_mean     | -3.05e+03 |
| time/              |           |
|    episodes        | 76        |
|    fps             | 99        |
|    time_elapsed    | 383       |
|    total_timesteps | 38000     |
| train/             |           |
|    std             | 1         |
----------------------------------
---------------------------------
| rollout/           |          |
|    ep_len_mean     | 500      |
|    ep_rew_mean     | -3e+03   |
| time/              |          |
|    episodes        | 76       |
|    fps             | 99       |
|    time_elapsed    | 383      |
|    total_timesteps | 38000    |
| train/             |          |
|    std             | 1        |
---------------------------------
----------------------------------
| rollout/           |           |
|    ep_len_mean     | 500       |
|    ep_rew_mean     | -2.93e+03 |
| time/              |           |
|    episodes        | 76        |
|    fps             | 99        |
|    time_elapsed    | 383       |
|    total_timesteps | 38000     |
| train/             |           |
|    std             | 1         |
----------------------------------
---------------------------------
| rollout/           |          |
|    ep_len_mean     | 500      |
|    ep_rew_mean     | -3.1e+03 |
| time/              |          |
|    episodes        | 76       |
|    fps             | 99       |
|    time_elapsed    | 383      |
|    total_timesteps | 38000    |
| train/             |          |
|    std             | 1        |
---------------------------------
Eval num_timesteps=40000, episode_reward=-3705.42 +/- 618.75
Episode length: 500.00 +/- 0.00
----------------------------------
| eval/              |           |
|    mean_ep_length  | 500       |
|    mean_reward     | -3.71e+03 |
| time/              |           |
|    total_timesteps | 40000     |
----------------------------------
Eval num_timesteps=40000, episode_reward=-3455.19 +/- 433.48
Episode length: 500.00 +/- 0.00
----------------------------------
| eval/              |           |
|    mean_ep_length  | 500       |
|    mean_reward     | -3.46e+03 |
| time/              |           |
|    total_timesteps | 40000     |
----------------------------------
Eval num_timesteps=40000, episode_reward=-3750.03 +/- 677.47
Episode length: 500.00 +/- 0.00
----------------------------------
| eval/              |           |
|    mean_ep_length  | 500       |
|    mean_reward     | -3.75e+03 |
| time/              |           |
|    total_timesteps | 40000     |
----------------------------------
----------------------------------
| rollout/           |           |
|    ep_len_mean     | 500       |
|    ep_rew_mean     | -3.03e+03 |
| time/              |           |
|    episodes        | 80        |
|    fps             | 90        |
|    time_elapsed    | 443       |
|    total_timesteps | 40000     |
| train/             |           |
|    std             | 1         |
----------------------------------
----------------------------------
| rollout/           |           |
|    ep_len_mean     | 500       |
|    ep_rew_mean     | -3.02e+03 |
| time/              |           |
|    episodes        | 80        |
|    fps             | 90        |
|    time_elapsed    | 443       |
|    total_timesteps | 40000     |
| train/             |           |
|    std             | 1         |
----------------------------------
---------------------------------
| rollout/           |          |
|    ep_len_mean     | 500      |
|    ep_rew_mean     | -3e+03   |
| time/              |          |
|    episodes        | 80       |
|    fps             | 90       |
|    time_elapsed    | 443      |
|    total_timesteps | 40000    |
| train/             |          |
|    std             | 1        |
---------------------------------
Eval num_timesteps=40000, episode_reward=-3455.04 +/- 576.97
Episode length: 500.00 +/- 0.00
----------------------------------
| eval/              |           |
|    mean_ep_length  | 500       |
|    mean_reward     | -3.46e+03 |
| time/              |           |
|    total_timesteps | 40000     |
----------------------------------
----------------------------------
| rollout/           |           |
|    ep_len_mean     | 500       |
|    ep_rew_mean     | -2.95e+03 |
| time/              |           |
|    episodes        | 80        |
|    fps             | 90        |
|    time_elapsed    | 443       |
|    total_timesteps | 40000     |
| train/             |           |
|    std             | 1         |
----------------------------------
Eval num_timesteps=40000, episode_reward=-3503.84 +/- 631.46
Episode length: 500.00 +/- 0.00
---------------------------------
| eval/              |          |
|    mean_ep_length  | 500      |
|    mean_reward     | -3.5e+03 |
| time/              |          |
|    total_timesteps | 40000    |
---------------------------------
New best mean reward!
----------------------------------
| rollout/           |           |
|    ep_len_mean     | 500       |
|    ep_rew_mean     | -3.11e+03 |
| time/              |           |
|    episodes        | 80        |
|    fps             | 90        |
|    time_elapsed    | 443       |
|    total_timesteps | 40000     |
| train/             |           |
|    std             | 1         |
----------------------------------
----------------------------------
| rollout/           |           |
|    ep_len_mean     | 500       |
|    ep_rew_mean     | -3.01e+03 |
| time/              |           |
|    episodes        | 84        |
|    fps             | 92        |
|    time_elapsed    | 456       |
|    total_timesteps | 42000     |
| train/             |           |
|    std             | 1         |
----------------------------------
----------------------------------
| rollout/           |           |
|    ep_len_mean     | 500       |
|    ep_rew_mean     | -3.02e+03 |
| time/              |           |
|    episodes        | 84        |
|    fps             | 92        |
|    time_elapsed    | 456       |
|    total_timesteps | 42000     |
| train/             |           |
|    std             | 1         |
----------------------------------
----------------------------------
| rollout/           |           |
|    ep_len_mean     | 500       |
|    ep_rew_mean     | -2.99e+03 |
| time/              |           |
|    episodes        | 84        |
|    fps             | 92        |
|    time_elapsed    | 456       |
|    total_timesteps | 42000     |
| train/             |           |
|    std             | 1         |
----------------------------------
----------------------------------
| rollout/           |           |
|    ep_len_mean     | 500       |
|    ep_rew_mean     | -2.94e+03 |
| time/              |           |
|    episodes        | 84        |
|    fps             | 92        |
|    time_elapsed    | 456       |
|    total_timesteps | 42000     |
| train/             |           |
|    std             | 1         |
----------------------------------
----------------------------------
| rollout/           |           |
|    ep_len_mean     | 500       |
|    ep_rew_mean     | -3.09e+03 |
| time/              |           |
|    episodes        | 84        |
|    fps             | 92        |
|    time_elapsed    | 456       |
|    total_timesteps | 42000     |
| train/             |           |
|    std             | 1         |
----------------------------------
----------------------------------
| rollout/           |           |
|    ep_len_mean     | 500       |
|    ep_rew_mean     | -2.98e+03 |
| time/              |           |
|    episodes        | 88        |
|    fps             | 93        |
|    time_elapsed    | 468       |
|    total_timesteps | 44000     |
| train/             |           |
|    std             | 1         |
----------------------------------
----------------------------------
| rollout/           |           |
|    ep_len_mean     | 500       |
|    ep_rew_mean     | -3.03e+03 |
| time/              |           |
|    episodes        | 88        |
|    fps             | 93        |
|    time_elapsed    | 468       |
|    total_timesteps | 44000     |
| train/             |           |
|    std             | 1         |
----------------------------------
----------------------------------
| rollout/           |           |
|    ep_len_mean     | 500       |
|    ep_rew_mean     | -3.01e+03 |
| time/              |           |
|    episodes        | 88        |
|    fps             | 93        |
|    time_elapsed    | 468       |
|    total_timesteps | 44000     |
| train/             |           |
|    std             | 1         |
----------------------------------
----------------------------------
| rollout/           |           |
|    ep_len_mean     | 500       |
|    ep_rew_mean     | -2.93e+03 |
| time/              |           |
|    episodes        | 88        |
|    fps             | 93        |
|    time_elapsed    | 468       |
|    total_timesteps | 44000     |
| train/             |           |
|    std             | 1         |
----------------------------------
----------------------------------
| rollout/           |           |
|    ep_len_mean     | 500       |
|    ep_rew_mean     | -3.07e+03 |
| time/              |           |
|    episodes        | 88        |
|    fps             | 93        |
|    time_elapsed    | 469       |
|    total_timesteps | 44000     |
| train/             |           |
|    std             | 1         |
----------------------------------
---------------------------------
| rollout/           |          |
|    ep_len_mean     | 500      |
|    ep_rew_mean     | -3e+03   |
| time/              |          |
|    episodes        | 92       |
|    fps             | 95       |
|    time_elapsed    | 481      |
|    total_timesteps | 46000    |
| train/             |          |
|    std             | 1        |
---------------------------------
----------------------------------
| rollout/           |           |
|    ep_len_mean     | 500       |
|    ep_rew_mean     | -3.03e+03 |
| time/              |           |
|    episodes        | 92        |
|    fps             | 95        |
|    time_elapsed    | 481       |
|    total_timesteps | 46000     |
| train/             |           |
|    std             | 1         |
----------------------------------
----------------------------------
| rollout/           |           |
|    ep_len_mean     | 500       |
|    ep_rew_mean     | -2.99e+03 |
| time/              |           |
|    episodes        | 92        |
|    fps             | 95        |
|    time_elapsed    | 481       |
|    total_timesteps | 46000     |
| train/             |           |
|    std             | 1         |
----------------------------------
----------------------------------
| rollout/           |           |
|    ep_len_mean     | 500       |
|    ep_rew_mean     | -2.94e+03 |
| time/              |           |
|    episodes        | 92        |
|    fps             | 95        |
|    time_elapsed    | 481       |
|    total_timesteps | 46000     |
| train/             |           |
|    std             | 1         |
----------------------------------
----------------------------------
| rollout/           |           |
|    ep_len_mean     | 500       |
|    ep_rew_mean     | -3.08e+03 |
| time/              |           |
|    episodes        | 92        |
|    fps             | 95        |
|    time_elapsed    | 481       |
|    total_timesteps | 46000     |
| train/             |           |
|    std             | 1         |
----------------------------------
----------------------------------
| rollout/           |           |
|    ep_len_mean     | 500       |
|    ep_rew_mean     | -2.99e+03 |
| time/              |           |
|    episodes        | 96        |
|    fps             | 97        |
|    time_elapsed    | 494       |
|    total_timesteps | 48000     |
| train/             |           |
|    std             | 1         |
----------------------------------
----------------------------------
| rollout/           |           |
|    ep_len_mean     | 500       |
|    ep_rew_mean     | -3.04e+03 |
| time/              |           |
|    episodes        | 96        |
|    fps             | 97        |
|    time_elapsed    | 494       |
|    total_timesteps | 48000     |
| train/             |           |
|    std             | 1         |
----------------------------------
----------------------------------
| rollout/           |           |
|    ep_len_mean     | 500       |
|    ep_rew_mean     | -2.99e+03 |
| time/              |           |
|    episodes        | 96        |
|    fps             | 97        |
|    time_elapsed    | 494       |
|    total_timesteps | 48000     |
| train/             |           |
|    std             | 1         |
----------------------------------
----------------------------------
| rollout/           |           |
|    ep_len_mean     | 500       |
|    ep_rew_mean     | -2.97e+03 |
| time/              |           |
|    episodes        | 96        |
|    fps             | 97        |
|    time_elapsed    | 494       |
|    total_timesteps | 48000     |
| train/             |           |
|    std             | 1         |
----------------------------------
----------------------------------
| rollout/           |           |
|    ep_len_mean     | 500       |
|    ep_rew_mean     | -3.07e+03 |
| time/              |           |
|    episodes        | 96        |
|    fps             | 97        |
|    time_elapsed    | 494       |
|    total_timesteps | 48000     |
| train/             |           |
|    std             | 1         |
----------------------------------
Eval num_timesteps=50000, episode_reward=-3750.55 +/- 517.85
Episode length: 500.00 +/- 0.00
----------------------------------
| eval/              |           |
|    mean_ep_length  | 500       |
|    mean_reward     | -3.75e+03 |
| time/              |           |
|    total_timesteps | 50000     |
----------------------------------
Eval num_timesteps=50000, episode_reward=-3548.26 +/- 636.67
Episode length: 500.00 +/- 0.00
----------------------------------
| eval/              |           |
|    mean_ep_length  | 500       |
|    mean_reward     | -3.55e+03 |
| time/              |           |
|    total_timesteps | 50000     |
----------------------------------
Eval num_timesteps=50000, episode_reward=-3688.26 +/- 585.42
Episode length: 500.00 +/- 0.00
----------------------------------
| eval/              |           |
|    mean_ep_length  | 500       |
|    mean_reward     | -3.69e+03 |
| time/              |           |
|    total_timesteps | 50000     |
----------------------------------
----------------------------------
| rollout/           |           |
|    ep_len_mean     | 500       |
|    ep_rew_mean     | -3.07e+03 |
| time/              |           |
|    episodes        | 100       |
|    fps             | 90        |
|    time_elapsed    | 554       |
|    total_timesteps | 50000     |
| train/             |           |
|    std             | 1         |
----------------------------------
---------------------------------
| rollout/           |          |
|    ep_len_mean     | 500      |
|    ep_rew_mean     | -3e+03   |
| time/              |          |
|    episodes        | 100      |
|    fps             | 90       |
|    time_elapsed    | 554      |
|    total_timesteps | 50000    |
| train/             |          |
|    std             | 1        |
---------------------------------
----------------------------------
| rollout/           |           |
|    ep_len_mean     | 500       |
|    ep_rew_mean     | -2.99e+03 |
| time/              |           |
|    episodes        | 100       |
|    fps             | 90        |
|    time_elapsed    | 554       |
|    total_timesteps | 50000     |
| train/             |           |
|    std             | 1         |
----------------------------------
Eval num_timesteps=50000, episode_reward=-3509.40 +/- 508.56
Episode length: 500.00 +/- 0.00
----------------------------------
| eval/              |           |
|    mean_ep_length  | 500       |
|    mean_reward     | -3.51e+03 |
| time/              |           |
|    total_timesteps | 50000     |
----------------------------------
---------------------------------
| rollout/           |          |
|    ep_len_mean     | 500      |
|    ep_rew_mean     | -3e+03   |
| time/              |          |
|    episodes        | 100      |
|    fps             | 90       |
|    time_elapsed    | 554      |
|    total_timesteps | 50000    |
| train/             |          |
|    std             | 1        |
---------------------------------
Eval num_timesteps=50000, episode_reward=-3541.55 +/- 477.02
Episode length: 500.00 +/- 0.00
----------------------------------
| eval/              |           |
|    mean_ep_length  | 500       |
|    mean_reward     | -3.54e+03 |
| time/              |           |
|    total_timesteps | 50000     |
----------------------------------
----------------------------------
| rollout/           |           |
|    ep_len_mean     | 500       |
|    ep_rew_mean     | -3.08e+03 |
| time/              |           |
|    episodes        | 100       |
|    fps             | 90        |
|    time_elapsed    | 554       |
|    total_timesteps | 50000     |
| train/             |           |
|    std             | 1         |
----------------------------------
----------------------------------
| rollout/           |           |
|    ep_len_mean     | 500       |
|    ep_rew_mean     | -2.88e+03 |
| time/              |           |
|    episodes        | 104       |
|    fps             | 11        |
|    time_elapsed    | 4554      |
|    total_timesteps | 52000     |
| train/             |           |
|    actor_loss      | 53.7      |
|    critic_loss     | 0.141     |
|    dstb_ent_coef   | 0.0642    |
|    ent_coef        | 0.106     |
|    ent_coef_loss   | 0.00408   |
|    n_updates       | 63968     |
|    std             | 0.681     |
----------------------------------
----------------------------------
| rollout/           |           |
|    ep_len_mean     | 500       |
|    ep_rew_mean     | -2.93e+03 |
| time/              |           |
|    episodes        | 104       |
|    fps             | 11        |
|    time_elapsed    | 4557      |
|    total_timesteps | 52000     |
| train/             |           |
|    actor_loss      | 54.8      |
|    critic_loss     | 0.13      |
|    dstb_ent_coef   | 0.0656    |
|    ent_coef        | 0.106     |
|    ent_coef_loss   | 0.228     |
|    n_updates       | 63968     |
|    std             | 0.63      |
----------------------------------
----------------------------------
| rollout/           |           |
|    ep_len_mean     | 500       |
|    ep_rew_mean     | -2.98e+03 |
| time/              |           |
|    episodes        | 104       |
|    fps             | 11        |
|    time_elapsed    | 4559      |
|    total_timesteps | 52000     |
| train/             |           |
|    actor_loss      | 55.7      |
|    critic_loss     | 0.256     |
|    dstb_ent_coef   | 0.0664    |
|    ent_coef        | 0.121     |
|    ent_coef_loss   | 0.0535    |
|    n_updates       | 63968     |
|    std             | 0.553     |
----------------------------------
---------------------------------
| rollout/           |          |
|    ep_len_mean     | 500      |
|    ep_rew_mean     | -2.9e+03 |
| time/              |          |
|    episodes        | 104      |
|    fps             | 11       |
|    time_elapsed    | 4559     |
|    total_timesteps | 52000    |
| train/             |          |
|    actor_loss      | 54.3     |
|    critic_loss     | 0.39     |
|    dstb_ent_coef   | 0.0667   |
|    ent_coef        | 0.106    |
|    ent_coef_loss   | -0.00683 |
|    n_updates       | 63968    |
|    std             | 0.602    |
---------------------------------
----------------------------------
| rollout/           |           |
|    ep_len_mean     | 500       |
|    ep_rew_mean     | -2.99e+03 |
| time/              |           |
|    episodes        | 104       |
|    fps             | 11        |
|    time_elapsed    | 4562      |
|    total_timesteps | 52000     |
| train/             |           |
|    actor_loss      | 55.8      |
|    critic_loss     | 0.503     |
|    dstb_ent_coef   | 0.0644    |
|    ent_coef        | 0.104     |
|    ent_coef_loss   | 0.0249    |
|    n_updates       | 63968     |
|    std             | 0.696     |
----------------------------------
----------------------------------
| rollout/           |           |
|    ep_len_mean     | 500       |
|    ep_rew_mean     | -2.82e+03 |
| time/              |           |
|    episodes        | 108       |
|    fps             | 5         |
|    time_elapsed    | 9199      |
|    total_timesteps | 54000     |
| train/             |           |
|    actor_loss      | 52.7      |
|    critic_loss     | 0.192     |
|    dstb_ent_coef   | 0.0624    |
|    ent_coef        | 0.0753    |
|    ent_coef_loss   | 0.0427    |
|    n_updates       | 127968    |
|    std             | 0.528     |
----------------------------------
----------------------------------
| rollout/           |           |
|    ep_len_mean     | 500       |
|    ep_rew_mean     | -2.81e+03 |
| time/              |           |
|    episodes        | 108       |
|    fps             | 5         |
|    time_elapsed    | 9200      |
|    total_timesteps | 54000     |
| train/             |           |
|    actor_loss      | 52.9      |
|    critic_loss     | 0.111     |
|    dstb_ent_coef   | 0.0619    |
|    ent_coef        | 0.0884    |
|    ent_coef_loss   | -0.214    |
|    n_updates       | 127968    |
|    std             | 0.611     |
----------------------------------
----------------------------------
| rollout/           |           |
|    ep_len_mean     | 500       |
|    ep_rew_mean     | -2.82e+03 |
| time/              |           |
|    episodes        | 108       |
|    fps             | 5         |
|    time_elapsed    | 9200      |
|    total_timesteps | 54000     |
| train/             |           |
|    actor_loss      | 53.2      |
|    critic_loss     | 0.111     |
|    dstb_ent_coef   | 0.0606    |
|    ent_coef        | 0.0672    |
|    ent_coef_loss   | -0.256    |
|    n_updates       | 127968    |
|    std             | 0.55      |
----------------------------------
----------------------------------
| rollout/           |           |
|    ep_len_mean     | 500       |
|    ep_rew_mean     | -2.88e+03 |
| time/              |           |
|    episodes        | 108       |
|    fps             | 5         |
|    time_elapsed    | 9202      |
|    total_timesteps | 54000     |
| train/             |           |
|    actor_loss      | 54        |
|    critic_loss     | 0.141     |
|    dstb_ent_coef   | 0.0628    |
|    ent_coef        | 0.104     |
|    ent_coef_loss   | -0.0566   |
|    n_updates       | 127968    |
|    std             | 0.486     |
----------------------------------
---------------------------------
| rollout/           |          |
|    ep_len_mean     | 500      |
|    ep_rew_mean     | -2.9e+03 |
| time/              |          |
|    episodes        | 108      |
|    fps             | 5        |
|    time_elapsed    | 9204     |
|    total_timesteps | 54000    |
| train/             |          |
|    actor_loss      | 54.5     |
|    critic_loss     | 0.214    |
|    dstb_ent_coef   | 0.0619   |
|    ent_coef        | 0.098    |
|    ent_coef_loss   | 0.166    |
|    n_updates       | 127968   |
|    std             | 0.665    |
---------------------------------
----------------------------------
| rollout/           |           |
|    ep_len_mean     | 500       |
|    ep_rew_mean     | -2.72e+03 |
| time/              |           |
|    episodes        | 112       |
|    fps             | 4         |
|    time_elapsed    | 13885     |
|    total_timesteps | 56000     |
| train/             |           |
|    actor_loss      | 51.4      |
|    critic_loss     | 0.137     |
|    dstb_ent_coef   | 0.0594    |
|    ent_coef        | 0.0579    |
|    ent_coef_loss   | -0.165    |
|    n_updates       | 191968    |
|    std             | 0.473     |
----------------------------------
----------------------------------
| rollout/           |           |
|    ep_len_mean     | 500       |
|    ep_rew_mean     | -2.73e+03 |
| time/              |           |
|    episodes        | 112       |
|    fps             | 4         |
|    time_elapsed    | 13885     |
|    total_timesteps | 56000     |
| train/             |           |
|    actor_loss      | 50.7      |
|    critic_loss     | 0.104     |
|    dstb_ent_coef   | 0.058     |
|    ent_coef        | 0.0789    |
|    ent_coef_loss   | 0.289     |
|    n_updates       | 191968    |
|    std             | 0.608     |
----------------------------------
----------------------------------
| rollout/           |           |
|    ep_len_mean     | 500       |
|    ep_rew_mean     | -2.74e+03 |
| time/              |           |
|    episodes        | 112       |
|    fps             | 4         |
|    time_elapsed    | 13887     |
|    total_timesteps | 56000     |
| train/             |           |
|    actor_loss      | 51.3      |
|    critic_loss     | 0.205     |
|    dstb_ent_coef   | 0.059     |
|    ent_coef        | 0.0645    |
|    ent_coef_loss   | -0.282    |
|    n_updates       | 191968    |
|    std             | 0.436     |
----------------------------------
----------------------------------
| rollout/           |           |
|    ep_len_mean     | 500       |
|    ep_rew_mean     | -2.78e+03 |
| time/              |           |
|    episodes        | 112       |
|    fps             | 4         |
|    time_elapsed    | 13890     |
|    total_timesteps | 56000     |
| train/             |           |
|    actor_loss      | 52.3      |
|    critic_loss     | 0.191     |
|    dstb_ent_coef   | 0.0605    |
|    ent_coef        | 0.081     |
|    ent_coef_loss   | -0.198    |
|    n_updates       | 191968    |
|    std             | 0.421     |
----------------------------------
---------------------------------
| rollout/           |          |
|    ep_len_mean     | 500      |
|    ep_rew_mean     | -2.8e+03 |
| time/              |          |
|    episodes        | 112      |
|    fps             | 4        |
|    time_elapsed    | 13892    |
|    total_timesteps | 56000    |
| train/             |          |
|    actor_loss      | 52.8     |
|    critic_loss     | 0.305    |
|    dstb_ent_coef   | 0.0591   |
|    ent_coef        | 0.0789   |
|    ent_coef_loss   | -0.0901  |
|    n_updates       | 191968   |
|    std             | 0.578    |
---------------------------------
----------------------------------
| rollout/           |           |
|    ep_len_mean     | 500       |
|    ep_rew_mean     | -2.62e+03 |
| time/              |           |
|    episodes        | 116       |
|    fps             | 3         |
|    time_elapsed    | 18568     |
|    total_timesteps | 58000     |
| train/             |           |
|    actor_loss      | 49.8      |
|    critic_loss     | 0.395     |
|    dstb_ent_coef   | 0.056     |
|    ent_coef        | 0.0396    |
|    ent_coef_loss   | -0.178    |
|    n_updates       | 255968    |
|    std             | 0.451     |
----------------------------------
----------------------------------
| rollout/           |           |
|    ep_len_mean     | 500       |
|    ep_rew_mean     | -2.71e+03 |
| time/              |           |
|    episodes        | 116       |
|    fps             | 3         |
|    time_elapsed    | 18570     |
|    total_timesteps | 58000     |
| train/             |           |
|    actor_loss      | 51.7      |
|    critic_loss     | 0.149     |
|    dstb_ent_coef   | 0.06      |
|    ent_coef        | 0.0537    |
|    ent_coef_loss   | -0.0415   |
|    n_updates       | 255968    |
|    std             | 0.371     |
----------------------------------
----------------------------------
| rollout/           |           |
|    ep_len_mean     | 500       |
|    ep_rew_mean     | -2.64e+03 |
| time/              |           |
|    episodes        | 116       |
|    fps             | 3         |
|    time_elapsed    | 18575     |
|    total_timesteps | 58000     |
| train/             |           |
|    actor_loss      | 49.8      |
|    critic_loss     | 0.11      |
|    dstb_ent_coef   | 0.0549    |
|    ent_coef        | 0.062     |
|    ent_coef_loss   | -0.269    |
|    n_updates       | 255968    |
|    std             | 0.374     |
----------------------------------
----------------------------------
| rollout/           |           |
|    ep_len_mean     | 500       |
|    ep_rew_mean     | -2.65e+03 |
| time/              |           |
|    episodes        | 116       |
|    fps             | 3         |
|    time_elapsed    | 18575     |
|    total_timesteps | 58000     |
| train/             |           |
|    actor_loss      | 50.4      |
|    critic_loss     | 0.0779    |
|    dstb_ent_coef   | 0.0554    |
|    ent_coef        | 0.0691    |
|    ent_coef_loss   | 0.121     |
|    n_updates       | 255968    |
|    std             | 0.592     |
----------------------------------
----------------------------------
| rollout/           |           |
|    ep_len_mean     | 500       |
|    ep_rew_mean     | -2.69e+03 |
| time/              |           |
|    episodes        | 116       |
|    fps             | 3         |
|    time_elapsed    | 18586     |
|    total_timesteps | 58000     |
| train/             |           |
|    actor_loss      | 51.1      |
|    critic_loss     | 0.173     |
|    dstb_ent_coef   | 0.0538    |
|    ent_coef        | 0.0554    |
|    ent_coef_loss   | 0.124     |
|    n_updates       | 255968    |
|    std             | 0.526     |
----------------------------------
Eval num_timesteps=60000, episode_reward=-1076.08 +/- 1171.21
Episode length: 500.00 +/- 0.00
----------------------------------
| eval/              |           |
|    mean_ep_length  | 500       |
|    mean_reward     | -1.08e+03 |
| time/              |           |
|    total_timesteps | 60000     |
| train/             |           |
|    actor_loss      | 47.6      |
|    critic_loss     | 0.0703    |
|    dstb_ent_coef   | 0.0543    |
|    ent_coef        | 0.0382    |
|    ent_coef_loss   | 0.0225    |
|    n_updates       | 319968    |
----------------------------------
New best mean reward!
----------------------------------
| rollout/           |           |
|    ep_len_mean     | 500       |
|    ep_rew_mean     | -2.52e+03 |
| time/              |           |
|    episodes        | 120       |
|    fps             | 2         |
|    time_elapsed    | 23309     |
|    total_timesteps | 60000     |
| train/             |           |
|    std             | 0.371     |
----------------------------------
Eval num_timesteps=60000, episode_reward=-356.44 +/- 412.45
Episode length: 500.00 +/- 0.00
---------------------------------
| eval/              |          |
|    mean_ep_length  | 500      |
|    mean_reward     | -356     |
| time/              |          |
|    total_timesteps | 60000    |
| train/             |          |
|    actor_loss      | 49.4     |
|    critic_loss     | 0.0481   |
|    dstb_ent_coef   | 0.053    |
|    ent_coef        | 0.0411   |
|    ent_coef_loss   | 0.137    |
|    n_updates       | 319968   |
---------------------------------
New best mean reward!
----------------------------------
| rollout/           |           |
|    ep_len_mean     | 500       |
|    ep_rew_mean     | -2.62e+03 |
| time/              |           |
|    episodes        | 120       |
|    fps             | 2         |
|    time_elapsed    | 23313     |
|    total_timesteps | 60000     |
| train/             |           |
|    std             | 0.361     |
----------------------------------
Eval num_timesteps=60000, episode_reward=-773.33 +/- 421.58
Episode length: 500.00 +/- 0.00
---------------------------------
| eval/              |          |
|    mean_ep_length  | 500      |
|    mean_reward     | -773     |
| time/              |          |
|    total_timesteps | 60000    |
| train/             |          |
|    actor_loss      | 48.1     |
|    critic_loss     | 0.0664   |
|    dstb_ent_coef   | 0.0528   |
|    ent_coef        | 0.0599   |
|    ent_coef_loss   | -0.105   |
|    n_updates       | 319968   |
---------------------------------
New best mean reward!
----------------------------------
| rollout/           |           |
|    ep_len_mean     | 500       |
|    ep_rew_mean     | -2.56e+03 |
| time/              |           |
|    episodes        | 120       |
|    fps             | 2         |
|    time_elapsed    | 23319     |
|    total_timesteps | 60000     |
| train/             |           |
|    std             | 0.317     |
----------------------------------
Eval num_timesteps=60000, episode_reward=-674.86 +/- 578.89
Episode length: 500.00 +/- 0.00
---------------------------------
| eval/              |          |
|    mean_ep_length  | 500      |
|    mean_reward     | -675     |
| time/              |          |
|    total_timesteps | 60000    |
| train/             |          |
|    actor_loss      | 48.1     |
|    critic_loss     | 0.0523   |
|    dstb_ent_coef   | 0.0527   |
|    ent_coef        | 0.065    |
|    ent_coef_loss   | 0.0222   |
|    n_updates       | 319968   |
---------------------------------
New best mean reward!
----------------------------------
| rollout/           |           |
|    ep_len_mean     | 500       |
|    ep_rew_mean     | -2.57e+03 |
| time/              |           |
|    episodes        | 120       |
|    fps             | 2         |
|    time_elapsed    | 23327     |
|    total_timesteps | 60000     |
| train/             |           |
|    std             | 0.505     |
----------------------------------
Eval num_timesteps=60000, episode_reward=-638.17 +/- 539.41
Episode length: 500.00 +/- 0.00
---------------------------------
| eval/              |          |
|    mean_ep_length  | 500      |
|    mean_reward     | -638     |
| time/              |          |
|    total_timesteps | 60000    |
| train/             |          |
|    actor_loss      | 49.2     |
|    critic_loss     | 0.0455   |
|    dstb_ent_coef   | 0.0513   |
|    ent_coef        | 0.0417   |
|    ent_coef_loss   | -0.29    |
|    n_updates       | 319968   |
---------------------------------
New best mean reward!
----------------------------------
| rollout/           |           |
|    ep_len_mean     | 500       |
|    ep_rew_mean     | -2.62e+03 |
| time/              |           |
|    episodes        | 120       |
|    fps             | 2         |
|    time_elapsed    | 23334     |
|    total_timesteps | 60000     |
| train/             |           |
|    std             | 0.443     |
----------------------------------
----------------------------------
| rollout/           |           |
|    ep_len_mean     | 500       |
|    ep_rew_mean     | -2.54e+03 |
| time/              |           |
|    episodes        | 124       |
|    fps             | 2         |
|    time_elapsed    | 27990     |
|    total_timesteps | 62000     |
| train/             |           |
|    actor_loss      | 48.8      |
|    critic_loss     | 0.186     |
|    dstb_ent_coef   | 0.0476    |
|    ent_coef        | 0.0368    |
|    ent_coef_loss   | 0.167     |
|    n_updates       | 383968    |
|    std             | 0.349     |
----------------------------------
----------------------------------
| rollout/           |           |
|    ep_len_mean     | 500       |
|    ep_rew_mean     | -2.42e+03 |
| time/              |           |
|    episodes        | 124       |
|    fps             | 2         |
|    time_elapsed    | 27990     |
|    total_timesteps | 62000     |
| train/             |           |
|    actor_loss      | 45.6      |
|    critic_loss     | 0.387     |
|    dstb_ent_coef   | 0.0474    |
|    ent_coef        | 0.0342    |
|    ent_coef_loss   | -0.146    |
|    n_updates       | 383968    |
|    std             | 0.34      |
----------------------------------
----------------------------------
| rollout/           |           |
|    ep_len_mean     | 500       |
|    ep_rew_mean     | -2.47e+03 |
| time/              |           |
|    episodes        | 124       |
|    fps             | 2         |
|    time_elapsed    | 27999     |
|    total_timesteps | 62000     |
| train/             |           |
|    actor_loss      | 47.2      |
|    critic_loss     | 0.106     |
|    dstb_ent_coef   | 0.0501    |
|    ent_coef        | 0.0504    |
|    ent_coef_loss   | -0.0507   |
|    n_updates       | 383968    |
|    std             | 0.253     |
----------------------------------
----------------------------------
| rollout/           |           |
|    ep_len_mean     | 500       |
|    ep_rew_mean     | -2.49e+03 |
| time/              |           |
|    episodes        | 124       |
|    fps             | 2         |
|    time_elapsed    | 28003     |
|    total_timesteps | 62000     |
| train/             |           |
|    actor_loss      | 47.5      |
|    critic_loss     | 0.0514    |
|    dstb_ent_coef   | 0.0494    |
|    ent_coef        | 0.0476    |
|    ent_coef_loss   | -0.165    |
|    n_updates       | 383968    |
|    std             | 0.437     |
----------------------------------
----------------------------------
| rollout/           |           |
|    ep_len_mean     | 500       |
|    ep_rew_mean     | -2.49e+03 |
| time/              |           |
|    episodes        | 124       |
|    fps             | 2         |
|    time_elapsed    | 28013     |
|    total_timesteps | 62000     |
| train/             |           |
|    actor_loss      | 47.6      |
|    critic_loss     | 0.0662    |
|    dstb_ent_coef   | 0.0473    |
|    ent_coef        | 0.0351    |
|    ent_coef_loss   | -0.314    |
|    n_updates       | 383968    |
|    std             | 0.421     |
----------------------------------
----------------------------------
| rollout/           |           |
|    ep_len_mean     | 500       |
|    ep_rew_mean     | -2.43e+03 |
| time/              |           |
|    episodes        | 128       |
|    fps             | 1         |
|    time_elapsed    | 32663     |
|    total_timesteps | 64000     |
| train/             |           |
|    actor_loss      | 46.2      |
|    critic_loss     | 0.105     |
|    dstb_ent_coef   | 0.0424    |
|    ent_coef        | 0.0337    |
|    ent_coef_loss   | -0.193    |
|    n_updates       | 447968    |
|    std             | 0.301     |
----------------------------------
----------------------------------
| rollout/           |           |
|    ep_len_mean     | 500       |
|    ep_rew_mean     | -2.33e+03 |
| time/              |           |
|    episodes        | 128       |
|    fps             | 1         |
|    time_elapsed    | 32675     |
|    total_timesteps | 64000     |
| train/             |           |
|    actor_loss      | 44        |
|    critic_loss     | 0.113     |
|    dstb_ent_coef   | 0.0436    |
|    ent_coef        | 0.035     |
|    ent_coef_loss   | -0.101    |
|    n_updates       | 447968    |
|    std             | 0.324     |
----------------------------------
----------------------------------
| rollout/           |           |
|    ep_len_mean     | 500       |
|    ep_rew_mean     | -2.37e+03 |
| time/              |           |
|    episodes        | 128       |
|    fps             | 1         |
|    time_elapsed    | 32677     |
|    total_timesteps | 64000     |
| train/             |           |
|    actor_loss      | 44.6      |
|    critic_loss     | 0.0429    |
|    dstb_ent_coef   | 0.0443    |
|    ent_coef        | 0.0365    |
|    ent_coef_loss   | -0.212    |
|    n_updates       | 447968    |
|    std             | 0.216     |
----------------------------------
----------------------------------
| rollout/           |           |
|    ep_len_mean     | 500       |
|    ep_rew_mean     | -2.41e+03 |
| time/              |           |
|    episodes        | 128       |
|    fps             | 1         |
|    time_elapsed    | 32689     |
|    total_timesteps | 64000     |
| train/             |           |
|    actor_loss      | 45.2      |
|    critic_loss     | 0.0367    |
|    dstb_ent_coef   | 0.0444    |
|    ent_coef        | 0.0392    |
|    ent_coef_loss   | 0.0789    |
|    n_updates       | 447968    |
|    std             | 0.407     |
----------------------------------
----------------------------------
| rollout/           |           |
|    ep_len_mean     | 500       |
|    ep_rew_mean     | -2.41e+03 |
| time/              |           |
|    episodes        | 128       |
|    fps             | 1         |
|    time_elapsed    | 32699     |
|    total_timesteps | 64000     |
| train/             |           |
|    actor_loss      | 45.5      |
|    critic_loss     | 0.143     |
|    dstb_ent_coef   | 0.0439    |
|    ent_coef        | 0.0272    |
|    ent_coef_loss   | 0.2       |
|    n_updates       | 447968    |
|    std             | 0.392     |
----------------------------------
----------------------------------
| rollout/           |           |
|    ep_len_mean     | 500       |
|    ep_rew_mean     | -2.35e+03 |
| time/              |           |
|    episodes        | 132       |
|    fps             | 1         |
|    time_elapsed    | 37333     |
|    total_timesteps | 66000     |
| train/             |           |
|    actor_loss      | 44.4      |
|    critic_loss     | 0.0325    |
|    dstb_ent_coef   | 0.0382    |
|    ent_coef        | 0.029     |
|    ent_coef_loss   | -0.0722   |
|    n_updates       | 511968    |
|    std             | 0.259     |
----------------------------------
----------------------------------
| rollout/           |           |
|    ep_len_mean     | 500       |
|    ep_rew_mean     | -2.27e+03 |
| time/              |           |
|    episodes        | 132       |
|    fps             | 1         |
|    time_elapsed    | 37354     |
|    total_timesteps | 66000     |
| train/             |           |
|    actor_loss      | 42.8      |
|    critic_loss     | 0.0309    |
|    dstb_ent_coef   | 0.0411    |
|    ent_coef        | 0.0327    |
|    ent_coef_loss   | 0.28      |
|    n_updates       | 511968    |
|    std             | 0.203     |
----------------------------------
----------------------------------
| rollout/           |           |
|    ep_len_mean     | 500       |
|    ep_rew_mean     | -2.22e+03 |
| time/              |           |
|    episodes        | 132       |
|    fps             | 1         |
|    time_elapsed    | 37358     |
|    total_timesteps | 66000     |
| train/             |           |
|    actor_loss      | 41.8      |
|    critic_loss     | 0.0775    |
|    dstb_ent_coef   | 0.0398    |
|    ent_coef        | 0.0297    |
|    ent_coef_loss   | 0.349     |
|    n_updates       | 511968    |
|    std             | 0.284     |
----------------------------------
----------------------------------
| rollout/           |           |
|    ep_len_mean     | 500       |
|    ep_rew_mean     | -2.31e+03 |
| time/              |           |
|    episodes        | 132       |
|    fps             | 1         |
|    time_elapsed    | 37370     |
|    total_timesteps | 66000     |
| train/             |           |
|    actor_loss      | 43.3      |
|    critic_loss     | 0.0252    |
|    dstb_ent_coef   | 0.0408    |
|    ent_coef        | 0.0338    |
|    ent_coef_loss   | -0.0411   |
|    n_updates       | 511968    |
|    std             | 0.365     |
----------------------------------
----------------------------------
| rollout/           |           |
|    ep_len_mean     | 500       |
|    ep_rew_mean     | -2.32e+03 |
| time/              |           |
|    episodes        | 132       |
|    fps             | 1         |
|    time_elapsed    | 37382     |
|    total_timesteps | 66000     |
| train/             |           |
|    actor_loss      | 43.6      |
|    critic_loss     | 0.0242    |
|    dstb_ent_coef   | 0.0381    |
|    ent_coef        | 0.0244    |
|    ent_coef_loss   | -0.0893   |
|    n_updates       | 511968    |
|    std             | 0.365     |
----------------------------------
----------------------------------
| rollout/           |           |
|    ep_len_mean     | 500       |
|    ep_rew_mean     | -2.26e+03 |
| time/              |           |
|    episodes        | 136       |
|    fps             | 1         |
|    time_elapsed    | 42022     |
|    total_timesteps | 68000     |
| train/             |           |
|    actor_loss      | 43.2      |
|    critic_loss     | 0.171     |
|    dstb_ent_coef   | 0.035     |
|    ent_coef        | 0.0259    |
|    ent_coef_loss   | 0.389     |
|    n_updates       | 575968    |
|    std             | 0.249     |
----------------------------------
----------------------------------
| rollout/           |           |
|    ep_len_mean     | 500       |
|    ep_rew_mean     | -2.13e+03 |
| time/              |           |
|    episodes        | 136       |
|    fps             | 1         |
|    time_elapsed    | 42048     |
|    total_timesteps | 68000     |
| train/             |           |
|    actor_loss      | 40.1      |
|    critic_loss     | 0.286     |
|    dstb_ent_coef   | 0.036     |
|    ent_coef        | 0.028     |
|    ent_coef_loss   | 0.38      |
|    n_updates       | 575968    |
|    std             | 0.266     |
----------------------------------
----------------------------------
| rollout/           |           |
|    ep_len_mean     | 500       |
|    ep_rew_mean     | -2.18e+03 |
| time/              |           |
|    episodes        | 136       |
|    fps             | 1         |
|    time_elapsed    | 42050     |
|    total_timesteps | 68000     |
| train/             |           |
|    actor_loss      | 41.3      |
|    critic_loss     | 0.0775    |
|    dstb_ent_coef   | 0.0369    |
|    ent_coef        | 0.0279    |
|    ent_coef_loss   | 0.688     |
|    n_updates       | 575968    |
|    std             | 0.186     |
----------------------------------
----------------------------------
| rollout/           |           |
|    ep_len_mean     | 500       |
|    ep_rew_mean     | -2.23e+03 |
| time/              |           |
|    episodes        | 136       |
|    fps             | 1         |
|    time_elapsed    | 42066     |
|    total_timesteps | 68000     |
| train/             |           |
|    actor_loss      | 42.2      |
|    critic_loss     | 0.0345    |
|    dstb_ent_coef   | 0.0362    |
|    ent_coef        | 0.0267    |
|    ent_coef_loss   | -0.071    |
|    n_updates       | 575968    |
|    std             | 0.349     |
----------------------------------
----------------------------------
| rollout/           |           |
|    ep_len_mean     | 500       |
|    ep_rew_mean     | -2.23e+03 |
| time/              |           |
|    episodes        | 136       |
|    fps             | 1         |
|    time_elapsed    | 42087     |
|    total_timesteps | 68000     |
| train/             |           |
|    actor_loss      | 42.1      |
|    critic_loss     | 0.0455    |
|    dstb_ent_coef   | 0.0344    |
|    ent_coef        | 0.0229    |
|    ent_coef_loss   | -0.308    |
|    n_updates       | 575968    |
|    std             | 0.334     |
----------------------------------
Eval num_timesteps=70000, episode_reward=-534.06 +/- 491.20
Episode length: 500.00 +/- 0.00
---------------------------------
| eval/              |          |
|    mean_ep_length  | 500      |
|    mean_reward     | -534     |
| time/              |          |
|    total_timesteps | 70000    |
| train/             |          |
|    actor_loss      | 40.5     |
|    critic_loss     | 0.208    |
|    dstb_ent_coef   | 0.0303   |
|    ent_coef        | 0.0251   |
|    ent_coef_loss   | 0.253    |
|    n_updates       | 639968   |
---------------------------------
----------------------------------
| rollout/           |           |
|    ep_len_mean     | 500       |
|    ep_rew_mean     | -2.12e+03 |
| time/              |           |
|    episodes        | 140       |
|    fps             | 1         |
|    time_elapsed    | 46788     |
|    total_timesteps | 70000     |
| train/             |           |
|    std             | 0.218     |
----------------------------------
Eval num_timesteps=70000, episode_reward=-294.04 +/- 154.61
Episode length: 500.00 +/- 0.00
---------------------------------
| eval/              |          |
|    mean_ep_length  | 500      |
|    mean_reward     | -294     |
| time/              |          |
|    total_timesteps | 70000    |
| train/             |          |
|    actor_loss      | 38.3     |
|    critic_loss     | 0.313    |
|    dstb_ent_coef   | 0.0302   |
|    ent_coef        | 0.0236   |
|    ent_coef_loss   | -0.266   |
|    n_updates       | 639968   |
---------------------------------
New best mean reward!
----------------------------------
| rollout/           |           |
|    ep_len_mean     | 500       |
|    ep_rew_mean     | -2.03e+03 |
| time/              |           |
|    episodes        | 140       |
|    fps             | 1         |
|    time_elapsed    | 46818     |
|    total_timesteps | 70000     |
| train/             |           |
|    std             | 0.24      |
----------------------------------
Eval num_timesteps=70000, episode_reward=-657.25 +/- 531.22
Episode length: 500.00 +/- 0.00
---------------------------------
| eval/              |          |
|    mean_ep_length  | 500      |
|    mean_reward     | -657     |
| time/              |          |
|    total_timesteps | 70000    |
| train/             |          |
|    actor_loss      | 39.3     |
|    critic_loss     | 0.159    |
|    dstb_ent_coef   | 0.0315   |
|    ent_coef        | 0.0251   |
|    ent_coef_loss   | -0.502   |
|    n_updates       | 639968   |
---------------------------------
New best mean reward!
----------------------------------
| rollout/           |           |
|    ep_len_mean     | 500       |
|    ep_rew_mean     | -2.08e+03 |
| time/              |           |
|    episodes        | 140       |
|    fps             | 1         |
|    time_elapsed    | 46823     |
|    total_timesteps | 70000     |
| train/             |           |
|    std             | 0.177     |
----------------------------------
Eval num_timesteps=70000, episode_reward=-981.99 +/- 1223.61
Episode length: 500.00 +/- 0.00
---------------------------------
| eval/              |          |
|    mean_ep_length  | 500      |
|    mean_reward     | -982     |
| time/              |          |
|    total_timesteps | 70000    |
| train/             |          |
|    actor_loss      | 40.5     |
|    critic_loss     | 0.0371   |
|    dstb_ent_coef   | 0.0323   |
|    ent_coef        | 0.0254   |
|    ent_coef_loss   | -0.236   |
|    n_updates       | 639968   |
---------------------------------
----------------------------------
| rollout/           |           |
|    ep_len_mean     | 500       |
|    ep_rew_mean     | -2.15e+03 |
| time/              |           |
|    episodes        | 140       |
|    fps             | 1         |
|    time_elapsed    | 46831     |
|    total_timesteps | 70000     |
| train/             |           |
|    std             | 0.328     |
----------------------------------
Eval num_timesteps=70000, episode_reward=-549.53 +/- 429.12
Episode length: 500.00 +/- 0.00
---------------------------------
| eval/              |          |
|    mean_ep_length  | 500      |
|    mean_reward     | -550     |
| time/              |          |
|    total_timesteps | 70000    |
| train/             |          |
|    actor_loss      | 40.1     |
|    critic_loss     | 0.14     |
|    dstb_ent_coef   | 0.0293   |
|    ent_coef        | 0.0208   |
|    ent_coef_loss   | -0.126   |
|    n_updates       | 639968   |
---------------------------------
New best mean reward!
----------------------------------
| rollout/           |           |
|    ep_len_mean     | 500       |
|    ep_rew_mean     | -2.11e+03 |
| time/              |           |
|    episodes        | 140       |
|    fps             | 1         |
|    time_elapsed    | 46858     |
|    total_timesteps | 70000     |
| train/             |           |
|    std             | 0.324     |
----------------------------------
----------------------------------
| rollout/           |           |
|    ep_len_mean     | 500       |
|    ep_rew_mean     | -2.03e+03 |
| time/              |           |
|    episodes        | 144       |
|    fps             | 1         |
|    time_elapsed    | 51507     |
|    total_timesteps | 72000     |
| train/             |           |
|    actor_loss      | 38.8      |
|    critic_loss     | 0.0674    |
|    dstb_ent_coef   | 0.026     |
|    ent_coef        | 0.0232    |
|    ent_coef_loss   | 0.199     |
|    n_updates       | 703968    |
|    std             | 0.193     |
----------------------------------
----------------------------------
| rollout/           |           |
|    ep_len_mean     | 500       |
|    ep_rew_mean     | -1.95e+03 |
| time/              |           |
|    episodes        | 144       |
|    fps             | 1         |
|    time_elapsed    | 51545     |
|    total_timesteps | 72000     |
| train/             |           |
|    actor_loss      | 36.7      |
|    critic_loss     | 0.206     |
|    dstb_ent_coef   | 0.0257    |
|    ent_coef        | 0.02      |
|    ent_coef_loss   | 0.333     |
|    n_updates       | 703968    |
|    std             | 0.206     |
----------------------------------
---------------------------------
| rollout/           |          |
|    ep_len_mean     | 500      |
|    ep_rew_mean     | -2e+03   |
| time/              |          |
|    episodes        | 144      |
|    fps             | 1        |
|    time_elapsed    | 51548    |
|    total_timesteps | 72000    |
| train/             |          |
|    actor_loss      | 38.1     |
|    critic_loss     | 0.04     |
|    dstb_ent_coef   | 0.027    |
|    ent_coef        | 0.023    |
|    ent_coef_loss   | -0.405   |
|    n_updates       | 703968   |
|    std             | 0.171    |
---------------------------------
----------------------------------
| rollout/           |           |
|    ep_len_mean     | 500       |
|    ep_rew_mean     | -2.06e+03 |
| time/              |           |
|    episodes        | 144       |
|    fps             | 1         |
|    time_elapsed    | 51563     |
|    total_timesteps | 72000     |
| train/             |           |
|    actor_loss      | 39.2      |
|    critic_loss     | 0.231     |
|    dstb_ent_coef   | 0.029     |
|    ent_coef        | 0.026     |
|    ent_coef_loss   | -0.117    |
|    n_updates       | 703968    |
|    std             | 0.302     |
----------------------------------
----------------------------------
| rollout/           |           |
|    ep_len_mean     | 500       |
|    ep_rew_mean     | -2.02e+03 |
| time/              |           |
|    episodes        | 144       |
|    fps             | 1         |
|    time_elapsed    | 51590     |
|    total_timesteps | 72000     |
| train/             |           |
|    actor_loss      | 38.1      |
|    critic_loss     | 0.0584    |
|    dstb_ent_coef   | 0.0256    |
|    ent_coef        | 0.0185    |
|    ent_coef_loss   | 0.333     |
|    n_updates       | 703968    |
|    std             | 0.316     |
----------------------------------
----------------------------------
| rollout/           |           |
|    ep_len_mean     | 500       |
|    ep_rew_mean     | -1.95e+03 |
| time/              |           |
|    episodes        | 148       |
|    fps             | 1         |
|    time_elapsed    | 56295     |
|    total_timesteps | 74000     |
| train/             |           |
|    actor_loss      | 37.4      |
|    critic_loss     | 0.0244    |
|    dstb_ent_coef   | 0.0214    |
|    ent_coef        | 0.0198    |
|    ent_coef_loss   | 0.179     |
|    n_updates       | 767968    |
|    std             | 0.185     |
----------------------------------
----------------------------------
| rollout/           |           |
|    ep_len_mean     | 500       |
|    ep_rew_mean     | -1.82e+03 |
| time/              |           |
|    episodes        | 148       |
|    fps             | 1         |
|    time_elapsed    | 56333     |
|    total_timesteps | 74000     |
| train/             |           |
|    actor_loss      | 34.2      |
|    critic_loss     | 0.0936    |
|    dstb_ent_coef   | 0.0213    |
|    ent_coef        | 0.0195    |
|    ent_coef_loss   | 0.123     |
|    n_updates       | 767968    |
|    std             | 0.18      |
----------------------------------
----------------------------------
| rollout/           |           |
|    ep_len_mean     | 500       |
|    ep_rew_mean     | -1.93e+03 |
| time/              |           |
|    episodes        | 148       |
|    fps             | 1         |
|    time_elapsed    | 56340     |
|    total_timesteps | 74000     |
| train/             |           |
|    actor_loss      | 36.5      |
|    critic_loss     | 0.0172    |
|    dstb_ent_coef   | 0.0239    |
|    ent_coef        | 0.0199    |
|    ent_coef_loss   | -0.0617   |
|    n_updates       | 767968    |
|    std             | 0.171     |
----------------------------------
----------------------------------
| rollout/           |           |
|    ep_len_mean     | 500       |
|    ep_rew_mean     | -1.99e+03 |
| time/              |           |
|    episodes        | 148       |
|    fps             | 1         |
|    time_elapsed    | 56357     |
|    total_timesteps | 74000     |
| train/             |           |
|    actor_loss      | 37.6      |
|    critic_loss     | 0.0243    |
|    dstb_ent_coef   | 0.0252    |
|    ent_coef        | 0.0277    |
|    ent_coef_loss   | 0.0857    |
|    n_updates       | 767968    |
|    std             | 0.25      |
----------------------------------
----------------------------------
| rollout/           |           |
|    ep_len_mean     | 500       |
|    ep_rew_mean     | -1.91e+03 |
| time/              |           |
|    episodes        | 148       |
|    fps             | 1         |
|    time_elapsed    | 56379     |
|    total_timesteps | 74000     |
| train/             |           |
|    actor_loss      | 35.7      |
|    critic_loss     | 0.0184    |
|    dstb_ent_coef   | 0.0219    |
|    ent_coef        | 0.0173    |
|    ent_coef_loss   | -0.027    |
|    n_updates       | 767968    |
|    std             | 0.298     |
----------------------------------
----------------------------------
| rollout/           |           |
|    ep_len_mean     | 500       |
|    ep_rew_mean     | -1.87e+03 |
| time/              |           |
|    episodes        | 152       |
|    fps             | 1         |
|    time_elapsed    | 61002     |
|    total_timesteps | 76000     |
| train/             |           |
|    actor_loss      | 35.8      |
|    critic_loss     | 0.186     |
|    dstb_ent_coef   | 0.0165    |
|    ent_coef        | 0.0176    |
|    ent_coef_loss   | 0.146     |
|    n_updates       | 831968    |
|    std             | 0.18      |
----------------------------------
----------------------------------
| rollout/           |           |
|    ep_len_mean     | 500       |
|    ep_rew_mean     | -1.71e+03 |
| time/              |           |
|    episodes        | 152       |
|    fps             | 1         |
|    time_elapsed    | 61056     |
|    total_timesteps | 76000     |
| train/             |           |
|    actor_loss      | 32.3      |
|    critic_loss     | 0.249     |
|    dstb_ent_coef   | 0.0187    |
|    ent_coef        | 0.0188    |
|    ent_coef_loss   | -0.136    |
|    n_updates       | 831968    |
|    std             | 0.186     |
----------------------------------
----------------------------------
| rollout/           |           |
|    ep_len_mean     | 500       |
|    ep_rew_mean     | -1.85e+03 |
| time/              |           |
|    episodes        | 152       |
|    fps             | 1         |
|    time_elapsed    | 61059     |
|    total_timesteps | 76000     |
| train/             |           |
|    actor_loss      | 35        |
|    critic_loss     | 0.0645    |
|    dstb_ent_coef   | 0.02      |
|    ent_coef        | 0.0181    |
|    ent_coef_loss   | 0.348     |
|    n_updates       | 831968    |
|    std             | 0.17      |
----------------------------------
----------------------------------
| rollout/           |           |
|    ep_len_mean     | 500       |
|    ep_rew_mean     | -1.88e+03 |
| time/              |           |
|    episodes        | 152       |
|    fps             | 1         |
|    time_elapsed    | 61079     |
|    total_timesteps | 76000     |
| train/             |           |
|    actor_loss      | 35.6      |
|    critic_loss     | 0.0225    |
|    dstb_ent_coef   | 0.0196    |
|    ent_coef        | 0.021     |
|    ent_coef_loss   | -0.187    |
|    n_updates       | 831968    |
|    std             | 0.23      |
----------------------------------
----------------------------------
| rollout/           |           |
|    ep_len_mean     | 500       |
|    ep_rew_mean     | -1.82e+03 |
| time/              |           |
|    episodes        | 152       |
|    fps             | 1         |
|    time_elapsed    | 61102     |
|    total_timesteps | 76000     |
| train/             |           |
|    actor_loss      | 34.5      |
|    critic_loss     | 0.0344    |
|    dstb_ent_coef   | 0.0177    |
|    ent_coef        | 0.0167    |
|    ent_coef_loss   | -0.225    |
|    n_updates       | 831968    |
|    std             | 0.274     |
----------------------------------
---------------------------------
| rollout/           |          |
|    ep_len_mean     | 500      |
|    ep_rew_mean     | -1.8e+03 |
| time/              |          |
|    episodes        | 156      |
|    fps             | 1        |
|    time_elapsed    | 65677    |
|    total_timesteps | 78000    |
| train/             |          |
|    actor_loss      | 34.1     |
|    critic_loss     | 0.0719   |
|    dstb_ent_coef   | 0.0149   |
|    ent_coef        | 0.0158   |
|    ent_coef_loss   | -0.175   |
|    n_updates       | 895968   |
|    std             | 0.168    |
---------------------------------
----------------------------------
| rollout/           |           |
|    ep_len_mean     | 500       |
|    ep_rew_mean     | -1.76e+03 |
| time/              |           |
|    episodes        | 156       |
|    fps             | 1         |
|    time_elapsed    | 65740     |
|    total_timesteps | 78000     |
| train/             |           |
|    actor_loss      | 33.5      |
|    critic_loss     | 0.105     |
|    dstb_ent_coef   | 0.0172    |
|    ent_coef        | 0.0166    |
|    ent_coef_loss   | -0.415    |
|    n_updates       | 895968    |
|    std             | 0.17      |
----------------------------------
----------------------------------
| rollout/           |           |
|    ep_len_mean     | 500       |
|    ep_rew_mean     | -1.62e+03 |
| time/              |           |
|    episodes        | 156       |
|    fps             | 1         |
|    time_elapsed    | 65740     |
|    total_timesteps | 78000     |
| train/             |           |
|    actor_loss      | 30.7      |
|    critic_loss     | 0.0785    |
|    dstb_ent_coef   | 0.0164    |
|    ent_coef        | 0.023     |
|    ent_coef_loss   | 0.263     |
|    n_updates       | 895968    |
|    std             | 0.158     |
----------------------------------
----------------------------------
| rollout/           |           |
|    ep_len_mean     | 500       |
|    ep_rew_mean     | -1.79e+03 |
| time/              |           |
|    episodes        | 156       |
|    fps             | 1         |
|    time_elapsed    | 65765     |
|    total_timesteps | 78000     |
| train/             |           |
|    actor_loss      | 33.6      |
|    critic_loss     | 0.0231    |
|    dstb_ent_coef   | 0.0156    |
|    ent_coef        | 0.017     |
|    ent_coef_loss   | 0.198     |
|    n_updates       | 895968    |
|    std             | 0.209     |
----------------------------------
----------------------------------
| rollout/           |           |
|    ep_len_mean     | 500       |
|    ep_rew_mean     | -1.75e+03 |
| time/              |           |
|    episodes        | 156       |
|    fps             | 1         |
|    time_elapsed    | 65786     |
|    total_timesteps | 78000     |
| train/             |           |
|    actor_loss      | 33.2      |
|    critic_loss     | 0.0772    |
|    dstb_ent_coef   | 0.0155    |
|    ent_coef        | 0.0143    |
|    ent_coef_loss   | 0.67      |
|    n_updates       | 895968    |
|    std             | 0.242     |
----------------------------------
Eval num_timesteps=80000, episode_reward=-742.79 +/- 613.89
Episode length: 500.00 +/- 0.00
---------------------------------
| eval/              |          |
|    mean_ep_length  | 500      |
|    mean_reward     | -743     |
| time/              |          |
|    total_timesteps | 80000    |
| train/             |          |
|    actor_loss      | 32.9     |
|    critic_loss     | 0.0373   |
|    dstb_ent_coef   | 0.0114   |
|    ent_coef        | 0.0153   |
|    ent_coef_loss   | -0.309   |
|    n_updates       | 959968   |
---------------------------------
----------------------------------
| rollout/           |           |
|    ep_len_mean     | 500       |
|    ep_rew_mean     | -1.72e+03 |
| time/              |           |
|    episodes        | 160       |
|    fps             | 1         |
|    time_elapsed    | 70396     |
|    total_timesteps | 80000     |
| train/             |           |
|    std             | 0.163     |
----------------------------------
Eval num_timesteps=80000, episode_reward=-610.39 +/- 497.10
Episode length: 500.00 +/- 0.00
---------------------------------
| eval/              |          |
|    mean_ep_length  | 500      |
|    mean_reward     | -610     |
| time/              |          |
|    total_timesteps | 80000    |
| train/             |          |
|    actor_loss      | 32       |
|    critic_loss     | 0.107    |
|    dstb_ent_coef   | 0.015    |
|    ent_coef        | 0.0153   |
|    ent_coef_loss   | 0.445    |
|    n_updates       | 959968   |
---------------------------------
New best mean reward!
---------------------------------
| rollout/           |          |
|    ep_len_mean     | 500      |
|    ep_rew_mean     | -1.7e+03 |
| time/              |          |
|    episodes        | 160      |
|    fps             | 1        |
|    time_elapsed    | 70455    |
|    total_timesteps | 80000    |
| train/             |          |
|    std             | 0.159    |
---------------------------------
Eval num_timesteps=80000, episode_reward=-1129.41 +/- 1271.30
Episode length: 500.00 +/- 0.00
----------------------------------
| eval/              |           |
|    mean_ep_length  | 500       |
|    mean_reward     | -1.13e+03 |
| time/              |           |
|    total_timesteps | 80000     |
| train/             |           |
|    actor_loss      | 28.6      |
|    critic_loss     | 0.0493    |
|    dstb_ent_coef   | 0.0122    |
|    ent_coef        | 0.0143    |
|    ent_coef_loss   | -0.13     |
|    n_updates       | 959968    |
----------------------------------
----------------------------------
| rollout/           |           |
|    ep_len_mean     | 500       |
|    ep_rew_mean     | -1.52e+03 |
| time/              |           |
|    episodes        | 160       |
|    fps             | 1         |
|    time_elapsed    | 70464     |
|    total_timesteps | 80000     |
| train/             |           |
|    std             | 0.137     |
----------------------------------
Eval num_timesteps=80000, episode_reward=-589.32 +/- 527.81
Episode length: 500.00 +/- 0.00
---------------------------------
| eval/              |          |
|    mean_ep_length  | 500      |
|    mean_reward     | -589     |
| time/              |          |
|    total_timesteps | 80000    |
| train/             |          |
|    actor_loss      | 31.6     |
|    critic_loss     | 0.0244   |
|    dstb_ent_coef   | 0.012    |
|    ent_coef        | 0.0147   |
|    ent_coef_loss   | 0.294    |
|    n_updates       | 959968   |
---------------------------------
New best mean reward!
----------------------------------
| rollout/           |           |
|    ep_len_mean     | 500       |
|    ep_rew_mean     | -1.67e+03 |
| time/              |           |
|    episodes        | 160       |
|    fps             | 1         |
|    time_elapsed    | 70495     |
|    total_timesteps | 80000     |
| train/             |           |
|    std             | 0.183     |
----------------------------------
Eval num_timesteps=80000, episode_reward=-607.92 +/- 548.85
Episode length: 500.00 +/- 0.00
---------------------------------
| eval/              |          |
|    mean_ep_length  | 500      |
|    mean_reward     | -608     |
| time/              |          |
|    total_timesteps | 80000    |
| train/             |          |
|    actor_loss      | 31.1     |
|    critic_loss     | 0.0964   |
|    dstb_ent_coef   | 0.0127   |
|    ent_coef        | 0.0142   |
|    ent_coef_loss   | 0.805    |
|    n_updates       | 959968   |
---------------------------------
----------------------------------
| rollout/           |           |
|    ep_len_mean     | 500       |
|    ep_rew_mean     | -1.64e+03 |
| time/              |           |
|    episodes        | 160       |
|    fps             | 1         |
|    time_elapsed    | 70516     |
|    total_timesteps | 80000     |
| train/             |           |
|    std             | 0.203     |
----------------------------------
----------------------------------
| rollout/           |           |
|    ep_len_mean     | 500       |
|    ep_rew_mean     | -1.61e+03 |
| time/              |           |
|    episodes        | 164       |
|    fps             | 1         |
|    time_elapsed    | 75098     |
|    total_timesteps | 82000     |
| train/             |           |
|    actor_loss      | 30.6      |
|    critic_loss     | 0.0342    |
|    dstb_ent_coef   | 0.0098    |
|    ent_coef        | 0.0138    |
|    ent_coef_loss   | 0.444     |
|    n_updates       | 1023968   |
|    std             | 0.151     |
----------------------------------
----------------------------------
| rollout/           |           |
|    ep_len_mean     | 500       |
|    ep_rew_mean     | -1.63e+03 |
| time/              |           |
|    episodes        | 164       |
|    fps             | 1         |
|    time_elapsed    | 75164     |
|    total_timesteps | 82000     |
| train/             |           |
|    actor_loss      | 30.8      |
|    critic_loss     | 0.0956    |
|    dstb_ent_coef   | 0.0126    |
|    ent_coef        | 0.014     |
|    ent_coef_loss   | 0.341     |
|    n_updates       | 1023968   |
|    std             | 0.151     |
----------------------------------
----------------------------------
| rollout/           |           |
|    ep_len_mean     | 500       |
|    ep_rew_mean     | -1.44e+03 |
| time/              |           |
|    episodes        | 164       |
|    fps             | 1         |
|    time_elapsed    | 75169     |
|    total_timesteps | 82000     |
| train/             |           |
|    actor_loss      | 27.3      |
|    critic_loss     | 0.024     |
|    dstb_ent_coef   | 0.00992   |
|    ent_coef        | 0.0132    |
|    ent_coef_loss   | 0.0575    |
|    n_updates       | 1023968   |
|    std             | 0.112     |
----------------------------------
---------------------------------
| rollout/           |          |
|    ep_len_mean     | 500      |
|    ep_rew_mean     | -1.6e+03 |
| time/              |          |
|    episodes        | 164      |
|    fps             | 1        |
|    time_elapsed    | 75202    |
|    total_timesteps | 82000    |
| train/             |          |
|    actor_loss      | 30.4     |
|    critic_loss     | 0.0144   |
|    dstb_ent_coef   | 0.00986  |
|    ent_coef        | 0.0126   |
|    ent_coef_loss   | 0.145    |
|    n_updates       | 1023968  |
|    std             | 0.17     |
---------------------------------
----------------------------------
| rollout/           |           |
|    ep_len_mean     | 500       |
|    ep_rew_mean     | -1.54e+03 |
| time/              |           |
|    episodes        | 164       |
|    fps             | 1         |
|    time_elapsed    | 75231     |
|    total_timesteps | 82000     |
| train/             |           |
|    actor_loss      | 29.2      |
|    critic_loss     | 0.0523    |
|    dstb_ent_coef   | 0.00968   |
|    ent_coef        | 0.0127    |
|    ent_coef_loss   | 0.435     |
|    n_updates       | 1023968   |
|    std             | 0.19      |
----------------------------------
----------------------------------
| rollout/           |           |
|    ep_len_mean     | 500       |
|    ep_rew_mean     | -1.52e+03 |
| time/              |           |
|    episodes        | 168       |
|    fps             | 1         |
|    time_elapsed    | 79832     |
|    total_timesteps | 84000     |
| train/             |           |
|    actor_loss      | 29        |
|    critic_loss     | 0.0208    |
|    dstb_ent_coef   | 0.0071    |
|    ent_coef        | 0.0124    |
|    ent_coef_loss   | 0.152     |
|    n_updates       | 1087968   |
|    std             | 0.14      |
----------------------------------
----------------------------------
| rollout/           |           |
|    ep_len_mean     | 500       |
|    ep_rew_mean     | -1.35e+03 |
| time/              |           |
|    episodes        | 168       |
|    fps             | 1         |
|    time_elapsed    | 79894     |
|    total_timesteps | 84000     |
| train/             |           |
|    actor_loss      | 25.4      |
|    critic_loss     | 0.0164    |
|    dstb_ent_coef   | 0.00672   |
|    ent_coef        | 0.0107    |
|    ent_coef_loss   | 0.107     |
|    n_updates       | 1087968   |
|    std             | 0.102     |
----------------------------------
----------------------------------
| rollout/           |           |
|    ep_len_mean     | 500       |
|    ep_rew_mean     | -1.54e+03 |
| time/              |           |
|    episodes        | 168       |
|    fps             | 1         |
|    time_elapsed    | 79906     |
|    total_timesteps | 84000     |
| train/             |           |
|    actor_loss      | 29        |
|    critic_loss     | 0.0138    |
|    dstb_ent_coef   | 0.0106    |
|    ent_coef        | 0.0149    |
|    ent_coef_loss   | -0.383    |
|    n_updates       | 1087968   |
|    std             | 0.146     |
----------------------------------
---------------------------------
| rollout/           |          |
|    ep_len_mean     | 500      |
|    ep_rew_mean     | -1.5e+03 |
| time/              |          |
|    episodes        | 168      |
|    fps             | 1        |
|    time_elapsed    | 79932    |
|    total_timesteps | 84000    |
| train/             |          |
|    actor_loss      | 28.2     |
|    critic_loss     | 0.00719  |
|    dstb_ent_coef   | 0.00752  |
|    ent_coef        | 0.011    |
|    ent_coef_loss   | -0.243   |
|    n_updates       | 1087968  |
|    std             | 0.159    |
---------------------------------
----------------------------------
| rollout/           |           |
|    ep_len_mean     | 500       |
|    ep_rew_mean     | -1.43e+03 |
| time/              |           |
|    episodes        | 168       |
|    fps             | 1         |
|    time_elapsed    | 79968     |
|    total_timesteps | 84000     |
| train/             |           |
|    actor_loss      | 27.2      |
|    critic_loss     | 0.0156    |
|    dstb_ent_coef   | 0.00717   |
|    ent_coef        | 0.0113    |
|    ent_coef_loss   | -0.314    |
|    n_updates       | 1087968   |
|    std             | 0.175     |
----------------------------------
----------------------------------
| rollout/           |           |
|    ep_len_mean     | 500       |
|    ep_rew_mean     | -1.42e+03 |
| time/              |           |
|    episodes        | 172       |
|    fps             | 1         |
|    time_elapsed    | 84638     |
|    total_timesteps | 86000     |
| train/             |           |
|    actor_loss      | 26.8      |
|    critic_loss     | 0.0239    |
|    dstb_ent_coef   | 0.00539   |
|    ent_coef        | 0.0115    |
|    ent_coef_loss   | 0.102     |
|    n_updates       | 1151968   |
|    std             | 0.134     |
----------------------------------
----------------------------------
| rollout/           |           |
|    ep_len_mean     | 500       |
|    ep_rew_mean     | -1.26e+03 |
| time/              |           |
|    episodes        | 172       |
|    fps             | 1         |
|    time_elapsed    | 84699     |
|    total_timesteps | 86000     |
| train/             |           |
|    actor_loss      | 23.4      |
|    critic_loss     | 0.226     |
|    dstb_ent_coef   | 0.00691   |
|    ent_coef        | 0.0146    |
|    ent_coef_loss   | 0.62      |
|    n_updates       | 1151968   |
|    std             | 0.0913    |
----------------------------------
----------------------------------
| rollout/           |           |
|    ep_len_mean     | 500       |
|    ep_rew_mean     | -1.47e+03 |
| time/              |           |
|    episodes        | 172       |
|    fps             | 1         |
|    time_elapsed    | 84711     |
|    total_timesteps | 86000     |
| train/             |           |
|    actor_loss      | 27.4      |
|    critic_loss     | 0.0538    |
|    dstb_ent_coef   | 0.00856   |
|    ent_coef        | 0.0105    |
|    ent_coef_loss   | 0.0828    |
|    n_updates       | 1151968   |
|    std             | 0.129     |
----------------------------------
---------------------------------
| rollout/           |          |
|    ep_len_mean     | 500      |
|    ep_rew_mean     | -1.4e+03 |
| time/              |          |
|    episodes        | 172      |
|    fps             | 1        |
|    time_elapsed    | 84747    |
|    total_timesteps | 86000    |
| train/             |          |
|    actor_loss      | 26.5     |
|    critic_loss     | 0.0103   |
|    dstb_ent_coef   | 0.00586  |
|    ent_coef        | 0.0103   |
|    ent_coef_loss   | -0.361   |
|    n_updates       | 1151968  |
|    std             | 0.152    |
---------------------------------
----------------------------------
| rollout/           |           |
|    ep_len_mean     | 500       |
|    ep_rew_mean     | -1.33e+03 |
| time/              |           |
|    episodes        | 172       |
|    fps             | 1         |
|    time_elapsed    | 84777     |
|    total_timesteps | 86000     |
| train/             |           |
|    actor_loss      | 25.3      |
|    critic_loss     | 0.0137    |
|    dstb_ent_coef   | 0.00566   |
|    ent_coef        | 0.0112    |
|    ent_coef_loss   | 0.304     |
|    n_updates       | 1151968   |
|    std             | 0.15      |
----------------------------------
----------------------------------
| rollout/           |           |
|    ep_len_mean     | 500       |
|    ep_rew_mean     | -1.34e+03 |
| time/              |           |
|    episodes        | 176       |
|    fps             | 0         |
|    time_elapsed    | 89337     |
|    total_timesteps | 88000     |
| train/             |           |
|    actor_loss      | 25.3      |
|    critic_loss     | 0.148     |
|    dstb_ent_coef   | 0.00991   |
|    ent_coef        | 0.0128    |
|    ent_coef_loss   | 0.389     |
|    n_updates       | 1215968   |
|    std             | 0.128     |
----------------------------------
----------------------------------
| rollout/           |           |
|    ep_len_mean     | 500       |
|    ep_rew_mean     | -1.18e+03 |
| time/              |           |
|    episodes        | 176       |
|    fps             | 0         |
|    time_elapsed    | 89407     |
|    total_timesteps | 88000     |
| train/             |           |
|    actor_loss      | 21.8      |
|    critic_loss     | 0.193     |
|    dstb_ent_coef   | 0.00486   |
|    ent_coef        | 0.0106    |
|    ent_coef_loss   | 0.245     |
|    n_updates       | 1215968   |
|    std             | 0.0796    |
----------------------------------
----------------------------------
| rollout/           |           |
|    ep_len_mean     | 500       |
|    ep_rew_mean     | -1.37e+03 |
| time/              |           |
|    episodes        | 176       |
|    fps             | 0         |
|    time_elapsed    | 89419     |
|    total_timesteps | 88000     |
| train/             |           |
|    actor_loss      | 25.4      |
|    critic_loss     | 0.0641    |
|    dstb_ent_coef   | 0.0061    |
|    ent_coef        | 0.00903   |
|    ent_coef_loss   | 0.231     |
|    n_updates       | 1215968   |
|    std             | 0.114     |
----------------------------------
---------------------------------
| rollout/           |          |
|    ep_len_mean     | 500      |
|    ep_rew_mean     | -1.3e+03 |
| time/              |          |
|    episodes        | 176      |
|    fps             | 0        |
|    time_elapsed    | 89453    |
|    total_timesteps | 88000    |
| train/             |          |
|    actor_loss      | 24.6     |
|    critic_loss     | 0.0155   |
|    dstb_ent_coef   | 0.00489  |
|    ent_coef        | 0.00911  |
|    ent_coef_loss   | 0.76     |
|    n_updates       | 1215968  |
|    std             | 0.134    |
---------------------------------
----------------------------------
| rollout/           |           |
|    ep_len_mean     | 500       |
|    ep_rew_mean     | -1.22e+03 |
| time/              |           |
|    episodes        | 176       |
|    fps             | 0         |
|    time_elapsed    | 89483     |
|    total_timesteps | 88000     |
| train/             |           |
|    actor_loss      | 22.7      |
|    critic_loss     | 0.0307    |
|    dstb_ent_coef   | 0.00363   |
|    ent_coef        | 0.00721   |
|    ent_coef_loss   | 0.206     |
|    n_updates       | 1215968   |
|    std             | 0.113     |
----------------------------------
Eval num_timesteps=90000, episode_reward=-855.54 +/- 581.93
Episode length: 500.00 +/- 0.00
---------------------------------
| eval/              |          |
|    mean_ep_length  | 500      |
|    mean_reward     | -856     |
| time/              |          |
|    total_timesteps | 90000    |
| train/             |          |
|    actor_loss      | 23.1     |
|    critic_loss     | 0.17     |
|    dstb_ent_coef   | 0.00363  |
|    ent_coef        | 0.00912  |
|    ent_coef_loss   | -0.47    |
|    n_updates       | 1279968  |
---------------------------------
----------------------------------
| rollout/           |           |
|    ep_len_mean     | 500       |
|    ep_rew_mean     | -1.24e+03 |
| time/              |           |
|    episodes        | 180       |
|    fps             | 0         |
|    time_elapsed    | 94080     |
|    total_timesteps | 90000     |
| train/             |           |
|    std             | 0.112     |
----------------------------------
Eval num_timesteps=90000, episode_reward=-281.55 +/- 273.54
Episode length: 500.00 +/- 0.00
---------------------------------
| eval/              |          |
|    mean_ep_length  | 500      |
|    mean_reward     | -282     |
| time/              |          |
|    total_timesteps | 90000    |
| train/             |          |
|    actor_loss      | 19.9     |
|    critic_loss     | 0.157    |
|    dstb_ent_coef   | 0.00377  |
|    ent_coef        | 0.00986  |
|    ent_coef_loss   | -0.31    |
|    n_updates       | 1279968  |
---------------------------------
New best mean reward!
----------------------------------
| rollout/           |           |
|    ep_len_mean     | 500       |
|    ep_rew_mean     | -1.09e+03 |
| time/              |           |
|    episodes        | 180       |
|    fps             | 0         |
|    time_elapsed    | 94157     |
|    total_timesteps | 90000     |
| train/             |           |
|    std             | 0.0745    |
----------------------------------
Eval num_timesteps=90000, episode_reward=-708.69 +/- 655.28
Episode length: 500.00 +/- 0.00
---------------------------------
| eval/              |          |
|    mean_ep_length  | 500      |
|    mean_reward     | -709     |
| time/              |          |
|    total_timesteps | 90000    |
| train/             |          |
|    actor_loss      | 23.9     |
|    critic_loss     | 0.0629   |
|    dstb_ent_coef   | 0.00495  |
|    ent_coef        | 0.00865  |
|    ent_coef_loss   | -0.224   |
|    n_updates       | 1279968  |
---------------------------------
----------------------------------
| rollout/           |           |
|    ep_len_mean     | 500       |
|    ep_rew_mean     | -1.29e+03 |
| time/              |           |
|    episodes        | 180       |
|    fps             | 0         |
|    time_elapsed    | 94166     |
|    total_timesteps | 90000     |
| train/             |           |
|    std             | 0.107     |
----------------------------------
Eval num_timesteps=90000, episode_reward=-576.56 +/- 437.16
Episode length: 500.00 +/- 0.00
---------------------------------
| eval/              |          |
|    mean_ep_length  | 500      |
|    mean_reward     | -577     |
| time/              |          |
|    total_timesteps | 90000    |
| train/             |          |
|    actor_loss      | 22.2     |
|    critic_loss     | 0.0148   |
|    dstb_ent_coef   | 0.00438  |
|    ent_coef        | 0.00667  |
|    ent_coef_loss   | -0.278   |
|    n_updates       | 1279968  |
---------------------------------
New best mean reward!
----------------------------------
| rollout/           |           |
|    ep_len_mean     | 500       |
|    ep_rew_mean     | -1.19e+03 |
| time/              |           |
|    episodes        | 180       |
|    fps             | 0         |
|    time_elapsed    | 94208     |
|    total_timesteps | 90000     |
| train/             |           |
|    std             | 0.116     |
----------------------------------
Eval num_timesteps=90000, episode_reward=-577.54 +/- 525.67
Episode length: 500.00 +/- 0.00
---------------------------------
| eval/              |          |
|    mean_ep_length  | 500      |
|    mean_reward     | -578     |
| time/              |          |
|    total_timesteps | 90000    |
| train/             |          |
|    actor_loss      | 21       |
|    critic_loss     | 0.0277   |
|    dstb_ent_coef   | 0.00403  |
|    ent_coef        | 0.00671  |
|    ent_coef_loss   | 0.398    |
|    n_updates       | 1279968  |
---------------------------------
----------------------------------
| rollout/           |           |
|    ep_len_mean     | 500       |
|    ep_rew_mean     | -1.12e+03 |
| time/              |           |
|    episodes        | 180       |
|    fps             | 0         |
|    time_elapsed    | 94232     |
|    total_timesteps | 90000     |
| train/             |           |
|    std             | 0.0951    |
----------------------------------
----------------------------------
| rollout/           |           |
|    ep_len_mean     | 500       |
|    ep_rew_mean     | -1.14e+03 |
| time/              |           |
|    episodes        | 184       |
|    fps             | 0         |
|    time_elapsed    | 98741     |
|    total_timesteps | 92000     |
| train/             |           |
|    actor_loss      | 21.6      |
|    critic_loss     | 0.019     |
|    dstb_ent_coef   | 0.00324   |
|    ent_coef        | 0.00878   |
|    ent_coef_loss   | -0.227    |
|    n_updates       | 1343968   |
|    std             | 0.104     |
----------------------------------
----------------------------------
| rollout/           |           |
|    ep_len_mean     | 500       |
|    ep_rew_mean     | -1.01e+03 |
| time/              |           |
|    episodes        | 184       |
|    fps             | 0         |
|    time_elapsed    | 98819     |
|    total_timesteps | 92000     |
| train/             |           |
|    actor_loss      | 18.7      |
|    critic_loss     | 0.0606    |
|    dstb_ent_coef   | 0.00255   |
|    ent_coef        | 0.007     |
|    ent_coef_loss   | 0.176     |
|    n_updates       | 1343968   |
|    std             | 0.0674    |
----------------------------------
----------------------------------
| rollout/           |           |
|    ep_len_mean     | 500       |
|    ep_rew_mean     | -1.19e+03 |
| time/              |           |
|    episodes        | 184       |
|    fps             | 0         |
|    time_elapsed    | 98838     |
|    total_timesteps | 92000     |
| train/             |           |
|    actor_loss      | 22.4      |
|    critic_loss     | 0.0157    |
|    dstb_ent_coef   | 0.00414   |
|    ent_coef        | 0.00825   |
|    ent_coef_loss   | -0.155    |
|    n_updates       | 1343968   |
|    std             | 0.0992    |
----------------------------------
----------------------------------
| rollout/           |           |
|    ep_len_mean     | 500       |
|    ep_rew_mean     | -1.12e+03 |
| time/              |           |
|    episodes        | 184       |
|    fps             | 0         |
|    time_elapsed    | 98876     |
|    total_timesteps | 92000     |
| train/             |           |
|    actor_loss      | 21.2      |
|    critic_loss     | 0.0246    |
|    dstb_ent_coef   | 0.00562   |
|    ent_coef        | 0.00769   |
|    ent_coef_loss   | -1.22     |
|    n_updates       | 1343968   |
|    std             | 0.112     |
----------------------------------
----------------------------------
| rollout/           |           |
|    ep_len_mean     | 500       |
|    ep_rew_mean     | -1.03e+03 |
| time/              |           |
|    episodes        | 184       |
|    fps             | 0         |
|    time_elapsed    | 98904     |
|    total_timesteps | 92000     |
| train/             |           |
|    actor_loss      | 19.5      |
|    critic_loss     | 0.0161    |
|    dstb_ent_coef   | 0.00352   |
|    ent_coef        | 0.00628   |
|    ent_coef_loss   | -0.579    |
|    n_updates       | 1343968   |
|    std             | 0.0776    |
----------------------------------
----------------------------------
| rollout/           |           |
|    ep_len_mean     | 500       |
|    ep_rew_mean     | -1.02e+03 |
| time/              |           |
|    episodes        | 188       |
|    fps             | 0         |
|    time_elapsed    | 102999    |
|    total_timesteps | 94000     |
| train/             |           |
|    actor_loss      | 19.7      |
|    critic_loss     | 0.0431    |
|    dstb_ent_coef   | 0.00259   |
|    ent_coef        | 0.00824   |
|    ent_coef_loss   | 0.293     |
|    n_updates       | 1407968   |
|    std             | 0.0999    |
----------------------------------
---------------------------------
| rollout/           |          |
|    ep_len_mean     | 500      |
|    ep_rew_mean     | -916     |
| time/              |          |
|    episodes        | 188      |
|    fps             | 0        |
|    time_elapsed    | 103086   |
|    total_timesteps | 94000    |
| train/             |          |
|    actor_loss      | 17.3     |
|    critic_loss     | 0.034    |
|    dstb_ent_coef   | 0.00197  |
|    ent_coef        | 0.00562  |
|    ent_coef_loss   | 0.598    |
|    n_updates       | 1407968  |
|    std             | 0.0606   |
---------------------------------
----------------------------------
| rollout/           |           |
|    ep_len_mean     | 500       |
|    ep_rew_mean     | -1.09e+03 |
| time/              |           |
|    episodes        | 188       |
|    fps             | 0         |
|    time_elapsed    | 103093    |
|    total_timesteps | 94000     |
| train/             |           |
|    actor_loss      | 20.9      |
|    critic_loss     | 0.00958   |
|    dstb_ent_coef   | 0.00345   |
|    ent_coef        | 0.00693   |
|    ent_coef_loss   | 0.0158    |
|    n_updates       | 1407968   |
|    std             | 0.087     |
----------------------------------
----------------------------------
| rollout/           |           |
|    ep_len_mean     | 500       |
|    ep_rew_mean     | -1.04e+03 |
| time/              |           |
|    episodes        | 188       |
|    fps             | 0         |
|    time_elapsed    | 103132    |
|    total_timesteps | 94000     |
| train/             |           |
|    actor_loss      | 19.9      |
|    critic_loss     | 0.03      |
|    dstb_ent_coef   | 0.00207   |
|    ent_coef        | 0.0055    |
|    ent_coef_loss   | 0.942     |
|    n_updates       | 1407968   |
|    std             | 0.0914    |
----------------------------------
---------------------------------
| rollout/           |          |
|    ep_len_mean     | 500      |
|    ep_rew_mean     | -950     |
| time/              |          |
|    episodes        | 188      |
|    fps             | 0        |
|    time_elapsed    | 103151   |
|    total_timesteps | 94000    |
| train/             |          |
|    actor_loss      | 18.3     |
|    critic_loss     | 0.0108   |
|    dstb_ent_coef   | 0.00201  |
|    ent_coef        | 0.00597  |
|    ent_coef_loss   | -0.736   |
|    n_updates       | 1407968  |
|    std             | 0.0669   |
---------------------------------
---------------------------------
| rollout/           |          |
|    ep_len_mean     | 500      |
|    ep_rew_mean     | -932     |
| time/              |          |
|    episodes        | 192      |
|    fps             | 0        |
|    time_elapsed    | 107082   |
|    total_timesteps | 96000    |
| train/             |          |
|    actor_loss      | 17.7     |
|    critic_loss     | 0.0249   |
|    dstb_ent_coef   | 0.00245  |
|    ent_coef        | 0.00729  |
|    ent_coef_loss   | -0.046   |
|    n_updates       | 1471968  |
|    std             | 0.0902   |
---------------------------------
---------------------------------
| rollout/           |          |
|    ep_len_mean     | 500      |
|    ep_rew_mean     | -850     |
| time/              |          |
|    episodes        | 192      |
|    fps             | 0        |
|    time_elapsed    | 107167   |
|    total_timesteps | 96000    |
| train/             |          |
|    actor_loss      | 16       |
|    critic_loss     | 0.0315   |
|    dstb_ent_coef   | 0.00321  |
|    ent_coef        | 0.00471  |
|    ent_coef_loss   | -0.273   |
|    n_updates       | 1471968  |
|    std             | 0.0568   |
---------------------------------
---------------------------------
| rollout/           |          |
|    ep_len_mean     | 500      |
|    ep_rew_mean     | -1e+03   |
| time/              |          |
|    episodes        | 192      |
|    fps             | 0        |
|    time_elapsed    | 107171   |
|    total_timesteps | 96000    |
| train/             |          |
|    actor_loss      | 18.9     |
|    critic_loss     | 0.012    |
|    dstb_ent_coef   | 0.00254  |
|    ent_coef        | 0.0056   |
|    ent_coef_loss   | -0.319   |
|    n_updates       | 1471968  |
|    std             | 0.0771   |
---------------------------------
---------------------------------
| rollout/           |          |
|    ep_len_mean     | 500      |
|    ep_rew_mean     | -938     |
| time/              |          |
|    episodes        | 192      |
|    fps             | 0        |
|    time_elapsed    | 107214   |
|    total_timesteps | 96000    |
| train/             |          |
|    actor_loss      | 17.6     |
|    critic_loss     | 0.0138   |
|    dstb_ent_coef   | 0.00136  |
|    ent_coef        | 0.00463  |
|    ent_coef_loss   | -0.548   |
|    n_updates       | 1471968  |
|    std             | 0.0753   |
---------------------------------
---------------------------------
| rollout/           |          |
|    ep_len_mean     | 500      |
|    ep_rew_mean     | -836     |
| time/              |          |
|    episodes        | 192      |
|    fps             | 0        |
|    time_elapsed    | 107236   |
|    total_timesteps | 96000    |
| train/             |          |
|    actor_loss      | 15.6     |
|    critic_loss     | 0.0127   |
|    dstb_ent_coef   | 0.00142  |
|    ent_coef        | 0.0042   |
|    ent_coef_loss   | -0.892   |
|    n_updates       | 1471968  |
|    std             | 0.058    |
---------------------------------
---------------------------------
| rollout/           |          |
|    ep_len_mean     | 500      |
|    ep_rew_mean     | -841     |
| time/              |          |
|    episodes        | 196      |
|    fps             | 0        |
|    time_elapsed    | 111164   |
|    total_timesteps | 98000    |
| train/             |          |
|    actor_loss      | 16.1     |
|    critic_loss     | 0.024    |
|    dstb_ent_coef   | 0.0013   |
|    ent_coef        | 0.00576  |
|    ent_coef_loss   | -0.806   |
|    n_updates       | 1535968  |
|    std             | 0.0899   |
---------------------------------
---------------------------------
| rollout/           |          |
|    ep_len_mean     | 500      |
|    ep_rew_mean     | -748     |
| time/              |          |
|    episodes        | 196      |
|    fps             | 0        |
|    time_elapsed    | 111243   |
|    total_timesteps | 98000    |
| train/             |          |
|    actor_loss      | 14       |
|    critic_loss     | 0.00888  |
|    dstb_ent_coef   | 0.00858  |
|    ent_coef        | 0.00352  |
|    ent_coef_loss   | -0.307   |
|    n_updates       | 1535968  |
|    std             | 0.0513   |
---------------------------------
---------------------------------
| rollout/           |          |
|    ep_len_mean     | 500      |
|    ep_rew_mean     | -909     |
| time/              |          |
|    episodes        | 196      |
|    fps             | 0        |
|    time_elapsed    | 111257   |
|    total_timesteps | 98000    |
| train/             |          |
|    actor_loss      | 17.2     |
|    critic_loss     | 0.0186   |
|    dstb_ent_coef   | 0.01     |
|    ent_coef        | 0.00698  |
|    ent_coef_loss   | -1.67    |
|    n_updates       | 1535968  |
|    std             | 0.0793   |
---------------------------------
---------------------------------
| rollout/           |          |
|    ep_len_mean     | 500      |
|    ep_rew_mean     | -810     |
| time/              |          |
|    episodes        | 196      |
|    fps             | 0        |
|    time_elapsed    | 111302   |
|    total_timesteps | 98000    |
| train/             |          |
|    actor_loss      | 15.5     |
|    critic_loss     | 0.0229   |
|    dstb_ent_coef   | 0.00331  |
|    ent_coef        | 0.00367  |
|    ent_coef_loss   | -0.669   |
|    n_updates       | 1535968  |
|    std             | 0.0614   |
---------------------------------
---------------------------------
| rollout/           |          |
|    ep_len_mean     | 500      |
|    ep_rew_mean     | -757     |
| time/              |          |
|    episodes        | 196      |
|    fps             | 0        |
|    time_elapsed    | 111324   |
|    total_timesteps | 98000    |
| train/             |          |
|    actor_loss      | 14.5     |
|    critic_loss     | 0.00686  |
|    dstb_ent_coef   | 0.00147  |
|    ent_coef        | 0.00392  |
|    ent_coef_loss   | 0.521    |
|    n_updates       | 1535968  |
|    std             | 0.0531   |
---------------------------------
Eval num_timesteps=100000, episode_reward=-505.25 +/- 491.61
Episode length: 500.00 +/- 0.00
---------------------------------
| eval/              |          |
|    mean_ep_length  | 500      |
|    mean_reward     | -505     |
| time/              |          |
|    total_timesteps | 100000   |
| train/             |          |
|    actor_loss      | 14.4     |
|    critic_loss     | 0.0147   |
|    dstb_ent_coef   | 0.00206  |
|    ent_coef        | 0.00514  |
|    ent_coef_loss   | 0.479    |
|    n_updates       | 1599968  |
---------------------------------
---------------------------------
| rollout/           |          |
|    ep_len_mean     | 500      |
|    ep_rew_mean     | -733     |
| time/              |          |
|    episodes        | 200      |
|    fps             | 0        |
|    time_elapsed    | 115293   |
|    total_timesteps | 100000   |
| train/             |          |
|    std             | 0.0846   |
---------------------------------
Eval num_timesteps=100000, episode_reward=-783.31 +/- 706.57
Episode length: 500.00 +/- 0.00
---------------------------------
| eval/              |          |
|    mean_ep_length  | 500      |
|    mean_reward     | -783     |
| time/              |          |
|    total_timesteps | 100000   |
| train/             |          |
|    actor_loss      | 12.3     |
|    critic_loss     | 0.0091   |
|    dstb_ent_coef   | 0.00216  |
|    ent_coef        | 0.00291  |
|    ent_coef_loss   | -0.203   |
|    n_updates       | 1599968  |
---------------------------------
---------------------------------
| rollout/           |          |
|    ep_len_mean     | 500      |
|    ep_rew_mean     | -652     |
| time/              |          |
|    episodes        | 200      |
|    fps             | 0        |
|    time_elapsed    | 115377   |
|    total_timesteps | 100000   |
| train/             |          |
|    std             | 0.0528   |
---------------------------------
Eval num_timesteps=100000, episode_reward=-972.92 +/- 1137.56
Episode length: 500.00 +/- 0.00
---------------------------------
| eval/              |          |
|    mean_ep_length  | 500      |
|    mean_reward     | -973     |
| time/              |          |
|    total_timesteps | 100000   |
| train/             |          |
|    actor_loss      | 15.5     |
|    critic_loss     | 0.0962   |
|    dstb_ent_coef   | 0.00215  |
|    ent_coef        | 0.00406  |
|    ent_coef_loss   | -0.259   |
|    n_updates       | 1599968  |
---------------------------------
---------------------------------
| rollout/           |          |
|    ep_len_mean     | 500      |
|    ep_rew_mean     | -813     |
| time/              |          |
|    episodes        | 200      |
|    fps             | 0        |
|    time_elapsed    | 115388   |
|    total_timesteps | 100000   |
| train/             |          |
|    std             | 0.0697   |
---------------------------------
Eval num_timesteps=100000, episode_reward=-558.07 +/- 523.45
Episode length: 500.00 +/- 0.00
---------------------------------
| eval/              |          |
|    mean_ep_length  | 500      |
|    mean_reward     | -558     |
| time/              |          |
|    total_timesteps | 100000   |
| train/             |          |
|    actor_loss      | 13.3     |
|    critic_loss     | 0.0192   |
|    dstb_ent_coef   | 0.0045   |
|    ent_coef        | 0.00272  |
|    ent_coef_loss   | -1.03    |
|    n_updates       | 1599968  |
---------------------------------
New best mean reward!
---------------------------------
| rollout/           |          |
|    ep_len_mean     | 500      |
|    ep_rew_mean     | -691     |
| time/              |          |
|    episodes        | 200      |
|    fps             | 0        |
|    time_elapsed    | 115432   |
|    total_timesteps | 100000   |
| train/             |          |
|    std             | 0.0573   |
---------------------------------
Eval num_timesteps=100000, episode_reward=-426.85 +/- 375.77
Episode length: 500.00 +/- 0.00
---------------------------------
| eval/              |          |
|    mean_ep_length  | 500      |
|    mean_reward     | -427     |
| time/              |          |
|    total_timesteps | 100000   |
| train/             |          |
|    actor_loss      | 12.5     |
|    critic_loss     | 0.00969  |
|    dstb_ent_coef   | 0.00144  |
|    ent_coef        | 0.00353  |
|    ent_coef_loss   | -0.935   |
|    n_updates       | 1599968  |
---------------------------------
New best mean reward!
---------------------------------
| rollout/           |          |
|    ep_len_mean     | 500      |
|    ep_rew_mean     | -658     |
| time/              |          |
|    episodes        | 200      |
|    fps             | 0        |
|    time_elapsed    | 115459   |
|    total_timesteps | 100000   |
| train/             |          |
|    std             | 0.0542   |
---------------------------------
---------------------------------
| rollout/           |          |
|    ep_len_mean     | 500      |
|    ep_rew_mean     | -731     |
| time/              |          |
|    episodes        | 204      |
|    fps             | 0        |
|    time_elapsed    | 119349   |
|    total_timesteps | 102000   |
| train/             |          |
|    actor_loss      | 14.1     |
|    critic_loss     | 0.00537  |
|    dstb_ent_coef   | 0.00121  |
|    ent_coef        | 0.00377  |
|    ent_coef_loss   | -0.579   |
|    n_updates       | 1663968  |
|    std             | 0.0793   |
---------------------------------
---------------------------------
| rollout/           |          |
|    ep_len_mean     | 500      |
|    ep_rew_mean     | -643     |
| time/              |          |
|    episodes        | 204      |
|    fps             | 0        |
|    time_elapsed    | 119430   |
|    total_timesteps | 102000   |
| train/             |          |
|    actor_loss      | 12.1     |
|    critic_loss     | 0.0277   |
|    dstb_ent_coef   | 0.000971 |
|    ent_coef        | 0.00306  |
|    ent_coef_loss   | -0.126   |
|    n_updates       | 1663968  |
|    std             | 0.0556   |
---------------------------------
---------------------------------
| rollout/           |          |
|    ep_len_mean     | 500      |
|    ep_rew_mean     | -773     |
| time/              |          |
|    episodes        | 204      |
|    fps             | 0        |
|    time_elapsed    | 119449   |
|    total_timesteps | 102000   |
| train/             |          |
|    actor_loss      | 14.4     |
|    critic_loss     | 0.011    |
|    dstb_ent_coef   | 0.00358  |
|    ent_coef        | 0.00514  |
|    ent_coef_loss   | -0.199   |
|    n_updates       | 1663968  |
|    std             | 0.0644   |
---------------------------------
---------------------------------
| rollout/           |          |
|    ep_len_mean     | 500      |
|    ep_rew_mean     | -689     |
| time/              |          |
|    episodes        | 204      |
|    fps             | 0        |
|    time_elapsed    | 119496   |
|    total_timesteps | 102000   |
| train/             |          |
|    actor_loss      | 12.8     |
|    critic_loss     | 0.0152   |
|    dstb_ent_coef   | 0.00316  |
|    ent_coef        | 0.00506  |
|    ent_coef_loss   | 0.881    |
|    n_updates       | 1663968  |
|    std             | 0.0514   |
---------------------------------
---------------------------------
| rollout/           |          |
|    ep_len_mean     | 500      |
|    ep_rew_mean     | -664     |
| time/              |          |
|    episodes        | 204      |
|    fps             | 0        |
|    time_elapsed    | 119522   |
|    total_timesteps | 102000   |
| train/             |          |
|    actor_loss      | 12.5     |
|    critic_loss     | 0.0106   |
|    dstb_ent_coef   | 0.00243  |
|    ent_coef        | 0.00411  |
|    ent_coef_loss   | 0.345    |
|    n_updates       | 1663968  |
|    std             | 0.0491   |
---------------------------------
---------------------------------
| rollout/           |          |
|    ep_len_mean     | 500      |
|    ep_rew_mean     | -734     |
| time/              |          |
|    episodes        | 208      |
|    fps             | 0        |
|    time_elapsed    | 123397   |
|    total_timesteps | 104000   |
| train/             |          |
|    actor_loss      | 13.7     |
|    critic_loss     | 0.00899  |
|    dstb_ent_coef   | 0.0015   |
|    ent_coef        | 0.00463  |
|    ent_coef_loss   | -0.291   |
|    n_updates       | 1727968  |
|    std             | 0.0862   |
---------------------------------
---------------------------------
| rollout/           |          |
|    ep_len_mean     | 500      |
|    ep_rew_mean     | -659     |
| time/              |          |
|    episodes        | 208      |
|    fps             | 0        |
|    time_elapsed    | 123483   |
|    total_timesteps | 104000   |
| train/             |          |
|    actor_loss      | 12.4     |
|    critic_loss     | 0.0107   |
|    dstb_ent_coef   | 0.00175  |
|    ent_coef        | 0.00312  |
|    ent_coef_loss   | -0.841   |
|    n_updates       | 1727968  |
|    std             | 0.0573   |
---------------------------------
---------------------------------
| rollout/           |          |
|    ep_len_mean     | 500      |
|    ep_rew_mean     | -787     |
| time/              |          |
|    episodes        | 208      |
|    fps             | 0        |
|    time_elapsed    | 123510   |
|    total_timesteps | 104000   |
| train/             |          |
|    actor_loss      | 14.8     |
|    critic_loss     | 0.0195   |
|    dstb_ent_coef   | 0.00661  |
|    ent_coef        | 0.00484  |
|    ent_coef_loss   | 0.239    |
|    n_updates       | 1727968  |
|    std             | 0.0647   |
---------------------------------
---------------------------------
| rollout/           |          |
|    ep_len_mean     | 500      |
|    ep_rew_mean     | -659     |
| time/              |          |
|    episodes        | 208      |
|    fps             | 0        |
|    time_elapsed    | 123551   |
|    total_timesteps | 104000   |
| train/             |          |
|    actor_loss      | 12.6     |
|    critic_loss     | 0.0311   |
|    dstb_ent_coef   | 0.00122  |
|    ent_coef        | 0.00508  |
|    ent_coef_loss   | 0.233    |
|    n_updates       | 1727968  |
|    std             | 0.0545   |
---------------------------------
---------------------------------
| rollout/           |          |
|    ep_len_mean     | 500      |
|    ep_rew_mean     | -656     |
| time/              |          |
|    episodes        | 208      |
|    fps             | 0        |
|    time_elapsed    | 123581   |
|    total_timesteps | 104000   |
| train/             |          |
|    actor_loss      | 12       |
|    critic_loss     | 0.012    |
|    dstb_ent_coef   | 0.00445  |
|    ent_coef        | 0.00399  |
|    ent_coef_loss   | 0.709    |
|    n_updates       | 1727968  |
|    std             | 0.0454   |
---------------------------------
---------------------------------
| rollout/           |          |
|    ep_len_mean     | 500      |
|    ep_rew_mean     | -741     |
| time/              |          |
|    episodes        | 212      |
|    fps             | 0        |
|    time_elapsed    | 127439   |
|    total_timesteps | 106000   |
| train/             |          |
|    actor_loss      | 14       |
|    critic_loss     | 0.0112   |
|    dstb_ent_coef   | 0.00138  |
|    ent_coef        | 0.00376  |
|    ent_coef_loss   | 1.04     |
|    n_updates       | 1791968  |
|    std             | 0.0866   |
---------------------------------
---------------------------------
| rollout/           |          |
|    ep_len_mean     | 500      |
|    ep_rew_mean     | -660     |
| time/              |          |
|    episodes        | 212      |
|    fps             | 0        |
|    time_elapsed    | 127526   |
|    total_timesteps | 106000   |
| train/             |          |
|    actor_loss      | 12.3     |
|    critic_loss     | 0.015    |
|    dstb_ent_coef   | 0.00182  |
|    ent_coef        | 0.00283  |
|    ent_coef_loss   | -0.896   |
|    n_updates       | 1791968  |
|    std             | 0.0532   |
---------------------------------
---------------------------------
| rollout/           |          |
|    ep_len_mean     | 500      |
|    ep_rew_mean     | -780     |
| time/              |          |
|    episodes        | 212      |
|    fps             | 0        |
|    time_elapsed    | 127561   |
|    total_timesteps | 106000   |
| train/             |          |
|    actor_loss      | 14.8     |
|    critic_loss     | 0.0223   |
|    dstb_ent_coef   | 0.00116  |
|    ent_coef        | 0.00282  |
|    ent_coef_loss   | 0.581    |
|    n_updates       | 1791968  |
|    std             | 0.0562   |
---------------------------------
---------------------------------
| rollout/           |          |
|    ep_len_mean     | 500      |
|    ep_rew_mean     | -656     |
| time/              |          |
|    episodes        | 212      |
|    fps             | 0        |
|    time_elapsed    | 127592   |
|    total_timesteps | 106000   |
| train/             |          |
|    actor_loss      | 12.3     |
|    critic_loss     | 0.0159   |
|    dstb_ent_coef   | 0.00949  |
|    ent_coef        | 0.0041   |
|    ent_coef_loss   | 0.582    |
|    n_updates       | 1791968  |
|    std             | 0.0587   |
---------------------------------
---------------------------------
| rollout/           |          |
|    ep_len_mean     | 500      |
|    ep_rew_mean     | -652     |
| time/              |          |
|    episodes        | 212      |
|    fps             | 0        |
|    time_elapsed    | 127635   |
|    total_timesteps | 106000   |
| train/             |          |
|    actor_loss      | 12.2     |
|    critic_loss     | 0.0444   |
|    dstb_ent_coef   | 0.0014   |
|    ent_coef        | 0.00267  |
|    ent_coef_loss   | -1.21    |
|    n_updates       | 1791968  |
|    std             | 0.0427   |
---------------------------------
---------------------------------
| rollout/           |          |
|    ep_len_mean     | 500      |
|    ep_rew_mean     | -717     |
| time/              |          |
|    episodes        | 216      |
|    fps             | 0        |
|    time_elapsed    | 131554   |
|    total_timesteps | 108000   |
| train/             |          |
|    actor_loss      | 13.5     |
|    critic_loss     | 0.00861  |
|    dstb_ent_coef   | 0.0013   |
|    ent_coef        | 0.00272  |
|    ent_coef_loss   | 1.9      |
|    n_updates       | 1855968  |
|    std             | 0.079    |
---------------------------------
---------------------------------
| rollout/           |          |
|    ep_len_mean     | 500      |
|    ep_rew_mean     | -670     |
| time/              |          |
|    episodes        | 216      |
|    fps             | 0        |
|    time_elapsed    | 131648   |
|    total_timesteps | 108000   |
| train/             |          |
|    actor_loss      | 12.8     |
|    critic_loss     | 0.134    |
|    dstb_ent_coef   | 0.00154  |
|    ent_coef        | 0.0034   |
|    ent_coef_loss   | 0.844    |
|    n_updates       | 1855968  |
|    std             | 0.0503   |
---------------------------------
---------------------------------
| rollout/           |          |
|    ep_len_mean     | 500      |
|    ep_rew_mean     | -787     |
| time/              |          |
|    episodes        | 216      |
|    fps             | 0        |
|    time_elapsed    | 131684   |
|    total_timesteps | 108000   |
| train/             |          |
|    actor_loss      | 15.1     |
|    critic_loss     | 0.0554   |
|    dstb_ent_coef   | 0.00139  |
|    ent_coef        | 0.00447  |
|    ent_coef_loss   | -0.492   |
|    n_updates       | 1855968  |
|    std             | 0.0629   |
---------------------------------
---------------------------------
| rollout/           |          |
|    ep_len_mean     | 500      |
|    ep_rew_mean     | -654     |
| time/              |          |
|    episodes        | 216      |
|    fps             | 0        |
|    time_elapsed    | 131717   |
|    total_timesteps | 108000   |
| train/             |          |
|    actor_loss      | 12.3     |
|    critic_loss     | 0.0198   |
|    dstb_ent_coef   | 0.00116  |
|    ent_coef        | 0.00366  |
|    ent_coef_loss   | -1.82    |
|    n_updates       | 1855968  |
|    std             | 0.0556   |
---------------------------------
---------------------------------
| rollout/           |          |
|    ep_len_mean     | 500      |
|    ep_rew_mean     | -647     |
| time/              |          |
|    episodes        | 216      |
|    fps             | 0        |
|    time_elapsed    | 131757   |
|    total_timesteps | 108000   |
| train/             |          |
|    actor_loss      | 12.2     |
|    critic_loss     | 0.006    |
|    dstb_ent_coef   | 0.00332  |
|    ent_coef        | 0.00284  |
|    ent_coef_loss   | -0.785   |
|    n_updates       | 1855968  |
|    std             | 0.0397   |
---------------------------------
Eval num_timesteps=110000, episode_reward=-850.70 +/- 602.26
Episode length: 500.00 +/- 0.00
---------------------------------
| eval/              |          |
|    mean_ep_length  | 500      |
|    mean_reward     | -851     |
| time/              |          |
|    total_timesteps | 110000   |
| train/             |          |
|    actor_loss      | 13.2     |
|    critic_loss     | 0.00647  |
|    dstb_ent_coef   | 0.0019   |
|    ent_coef        | 0.00331  |
|    ent_coef_loss   | -0.00774 |
|    n_updates       | 1919968  |
---------------------------------
---------------------------------
| rollout/           |          |
|    ep_len_mean     | 500      |
|    ep_rew_mean     | -704     |
| time/              |          |
|    episodes        | 220      |
|    fps             | 0        |
|    time_elapsed    | 135760   |
|    total_timesteps | 110000   |
| train/             |          |
|    std             | 0.0781   |
---------------------------------
Eval num_timesteps=110000, episode_reward=-681.67 +/- 455.63
Episode length: 500.00 +/- 0.00
---------------------------------
| eval/              |          |
|    mean_ep_length  | 500      |
|    mean_reward     | -682     |
| time/              |          |
|    total_timesteps | 110000   |
| train/             |          |
|    actor_loss      | 12.4     |
|    critic_loss     | 0.00955  |
|    dstb_ent_coef   | 0.00221  |
|    ent_coef        | 0.00272  |
|    ent_coef_loss   | 0.671    |
|    n_updates       | 1919968  |
---------------------------------
---------------------------------
| rollout/           |          |
|    ep_len_mean     | 500      |
|    ep_rew_mean     | -654     |
| time/              |          |
|    episodes        | 220      |
|    fps             | 0        |
|    time_elapsed    | 135850   |
|    total_timesteps | 110000   |
| train/             |          |
|    std             | 0.0444   |
---------------------------------
Eval num_timesteps=110000, episode_reward=-577.76 +/- 443.24
Episode length: 500.00 +/- 0.00
---------------------------------
| eval/              |          |
|    mean_ep_length  | 500      |
|    mean_reward     | -578     |
| time/              |          |
|    total_timesteps | 110000   |
| train/             |          |
|    actor_loss      | 14.8     |
|    critic_loss     | 0.0198   |
|    dstb_ent_coef   | 0.00131  |
|    ent_coef        | 0.00407  |
|    ent_coef_loss   | 0.355    |
|    n_updates       | 1919968  |
---------------------------------
New best mean reward!
---------------------------------
| rollout/           |          |
|    ep_len_mean     | 500      |
|    ep_rew_mean     | -792     |
| time/              |          |
|    episodes        | 220      |
|    fps             | 0        |
|    time_elapsed    | 135889   |
|    total_timesteps | 110000   |
| train/             |          |
|    std             | 0.0561   |
---------------------------------
Eval num_timesteps=110000, episode_reward=-854.51 +/- 1307.68
Episode length: 500.00 +/- 0.00
---------------------------------
| eval/              |          |
|    mean_ep_length  | 500      |
|    mean_reward     | -855     |
| time/              |          |
|    total_timesteps | 110000   |
| train/             |          |
|    actor_loss      | 11.9     |
|    critic_loss     | 0.0352   |
|    dstb_ent_coef   | 0.00253  |
|    ent_coef        | 0.00317  |
|    ent_coef_loss   | 0.479    |
|    n_updates       | 1919968  |
---------------------------------
---------------------------------
| rollout/           |          |
|    ep_len_mean     | 500      |
|    ep_rew_mean     | -643     |
| time/              |          |
|    episodes        | 220      |
|    fps             | 0        |
|    time_elapsed    | 135920   |
|    total_timesteps | 110000   |
| train/             |          |
|    std             | 0.0515   |
---------------------------------
Eval num_timesteps=110000, episode_reward=-339.08 +/- 241.78
Episode length: 500.00 +/- 0.00
---------------------------------
| eval/              |          |
|    mean_ep_length  | 500      |
|    mean_reward     | -339     |
| time/              |          |
|    total_timesteps | 110000   |
| train/             |          |
|    actor_loss      | 12.6     |
|    critic_loss     | 0.0121   |
|    dstb_ent_coef   | 0.000897 |
|    ent_coef        | 0.00322  |
|    ent_coef_loss   | -0.919   |
|    n_updates       | 1919968  |
---------------------------------
New best mean reward!
---------------------------------
| rollout/           |          |
|    ep_len_mean     | 500      |
|    ep_rew_mean     | -668     |
| time/              |          |
|    episodes        | 220      |
|    fps             | 0        |
|    time_elapsed    | 135959   |
|    total_timesteps | 110000   |
| train/             |          |
|    std             | 0.0373   |
---------------------------------
---------------------------------
| rollout/           |          |
|    ep_len_mean     | 500      |
|    ep_rew_mean     | -721     |
| time/              |          |
|    episodes        | 224      |
|    fps             | 0        |
|    time_elapsed    | 140318   |
|    total_timesteps | 112000   |
| train/             |          |
|    actor_loss      | 13.3     |
|    critic_loss     | 0.0332   |
|    dstb_ent_coef   | 0.00338  |
|    ent_coef        | 0.0033   |
|    ent_coef_loss   | -0.0635  |
|    n_updates       | 1983968  |
|    std             | 0.0826   |
---------------------------------
---------------------------------
| rollout/           |          |
|    ep_len_mean     | 500      |
|    ep_rew_mean     | -672     |
| time/              |          |
|    episodes        | 224      |
|    fps             | 0        |
|    time_elapsed    | 140444   |
|    total_timesteps | 112000   |
| train/             |          |
|    actor_loss      | 12.6     |
|    critic_loss     | 0.0248   |
|    dstb_ent_coef   | 0.00111  |
|    ent_coef        | 0.00291  |
|    ent_coef_loss   | 0.285    |
|    n_updates       | 1983968  |
|    std             | 0.0439   |
---------------------------------
---------------------------------
| rollout/           |          |
|    ep_len_mean     | 500      |
|    ep_rew_mean     | -793     |
| time/              |          |
|    episodes        | 224      |
|    fps             | 0        |
|    time_elapsed    | 140504   |
|    total_timesteps | 112000   |
| train/             |          |
|    actor_loss      | 14.9     |
|    critic_loss     | 0.102    |
|    dstb_ent_coef   | 0.00998  |
|    ent_coef        | 0.00422  |
|    ent_coef_loss   | -0.337   |
|    n_updates       | 1983968  |
|    std             | 0.059    |
---------------------------------
---------------------------------
| rollout/           |          |
|    ep_len_mean     | 500      |
|    ep_rew_mean     | -623     |
| time/              |          |
|    episodes        | 224      |
|    fps             | 0        |
|    time_elapsed    | 140544   |
|    total_timesteps | 112000   |
| train/             |          |
|    actor_loss      | 11.4     |
|    critic_loss     | 0.052    |
|    dstb_ent_coef   | 0.00264  |
|    ent_coef        | 0.00341  |
|    ent_coef_loss   | 0.165    |
|    n_updates       | 1983968  |
|    std             | 0.0486   |
---------------------------------
---------------------------------
| rollout/           |          |
|    ep_len_mean     | 500      |
|    ep_rew_mean     | -692     |
| time/              |          |
|    episodes        | 224      |
|    fps             | 0        |
|    time_elapsed    | 140601   |
|    total_timesteps | 112000   |
| train/             |          |
|    actor_loss      | 13       |
|    critic_loss     | 0.0258   |
|    dstb_ent_coef   | 0.00193  |
|    ent_coef        | 0.00342  |
|    ent_coef_loss   | -1.06    |
|    n_updates       | 1983968  |
|    std             | 0.0383   |
---------------------------------
---------------------------------
| rollout/           |          |
|    ep_len_mean     | 500      |
|    ep_rew_mean     | -725     |
| time/              |          |
|    episodes        | 228      |
|    fps             | 0        |
|    time_elapsed    | 145766   |
|    total_timesteps | 114000   |
| train/             |          |
|    actor_loss      | 13.9     |
|    critic_loss     | 0.028    |
|    dstb_ent_coef   | 0.00201  |
|    ent_coef        | 0.00246  |
|    ent_coef_loss   | 0.575    |
|    n_updates       | 2047968  |
|    std             | 0.0758   |
---------------------------------
---------------------------------
| rollout/           |          |
|    ep_len_mean     | 500      |
|    ep_rew_mean     | -687     |
| time/              |          |
|    episodes        | 228      |
|    fps             | 0        |
|    time_elapsed    | 145902   |
|    total_timesteps | 114000   |
| train/             |          |
|    actor_loss      | 13.1     |
|    critic_loss     | 0.00869  |
|    dstb_ent_coef   | 0.00176  |
|    ent_coef        | 0.00286  |
|    ent_coef_loss   | 2.12     |
|    n_updates       | 2047968  |
|    std             | 0.0452   |
---------------------------------
---------------------------------
| rollout/           |          |
|    ep_len_mean     | 500      |
|    ep_rew_mean     | -804     |
| time/              |          |
|    episodes        | 228      |
|    fps             | 0        |
|    time_elapsed    | 145956   |
|    total_timesteps | 114000   |
| train/             |          |
|    actor_loss      | 15.1     |
|    critic_loss     | 0.0578   |
|    dstb_ent_coef   | 0.00155  |
|    ent_coef        | 0.00295  |
|    ent_coef_loss   | 0.916    |
|    n_updates       | 2047968  |
|    std             | 0.0521   |
---------------------------------
---------------------------------
| rollout/           |          |
|    ep_len_mean     | 500      |
|    ep_rew_mean     | -605     |
| time/              |          |
|    episodes        | 228      |
|    fps             | 0        |
|    time_elapsed    | 145997   |
|    total_timesteps | 114000   |
| train/             |          |
|    actor_loss      | 11.3     |
|    critic_loss     | 0.114    |
|    dstb_ent_coef   | 0.00178  |
|    ent_coef        | 0.00376  |
|    ent_coef_loss   | -0.0844  |
|    n_updates       | 2047968  |
|    std             | 0.0462   |
---------------------------------
---------------------------------
| rollout/           |          |
|    ep_len_mean     | 500      |
|    ep_rew_mean     | -678     |
| time/              |          |
|    episodes        | 228      |
|    fps             | 0        |
|    time_elapsed    | 146062   |
|    total_timesteps | 114000   |
| train/             |          |
|    actor_loss      | 13.1     |
|    critic_loss     | 0.022    |
|    dstb_ent_coef   | 0.00107  |
|    ent_coef        | 0.00242  |
|    ent_coef_loss   | -0.515   |
|    n_updates       | 2047968  |
|    std             | 0.034    |
---------------------------------
---------------------------------
| rollout/           |          |
|    ep_len_mean     | 500      |
|    ep_rew_mean     | -699     |
| time/              |          |
|    episodes        | 232      |
|    fps             | 0        |
|    time_elapsed    | 151228   |
|    total_timesteps | 116000   |
| train/             |          |
|    actor_loss      | 13.2     |
|    critic_loss     | 0.0211   |
|    dstb_ent_coef   | 0.00498  |
|    ent_coef        | 0.00289  |
|    ent_coef_loss   | -1.33    |
|    n_updates       | 2111968  |
|    std             | 0.0795   |
---------------------------------
---------------------------------
| rollout/           |          |
|    ep_len_mean     | 500      |
|    ep_rew_mean     | -705     |
| time/              |          |
|    episodes        | 232      |
|    fps             | 0        |
|    time_elapsed    | 151352   |
|    total_timesteps | 116000   |
| train/             |          |
|    actor_loss      | 13.4     |
|    critic_loss     | 0.012    |
|    dstb_ent_coef   | 0.00283  |
|    ent_coef        | 0.00342  |
|    ent_coef_loss   | 0.779    |
|    n_updates       | 2111968  |
|    std             | 0.039    |
---------------------------------
---------------------------------
| rollout/           |          |
|    ep_len_mean     | 500      |
|    ep_rew_mean     | -818     |
| time/              |          |
|    episodes        | 232      |
|    fps             | 0        |
|    time_elapsed    | 151413   |
|    total_timesteps | 116000   |
| train/             |          |
|    actor_loss      | 15.7     |
|    critic_loss     | 0.049    |
|    dstb_ent_coef   | 0.0197   |
|    ent_coef        | 0.00438  |
|    ent_coef_loss   | -0.962   |
|    n_updates       | 2111968  |
|    std             | 0.0597   |
---------------------------------
---------------------------------
| rollout/           |          |
|    ep_len_mean     | 500      |
|    ep_rew_mean     | -590     |
| time/              |          |
|    episodes        | 232      |
|    fps             | 0        |
|    time_elapsed    | 151453   |
|    total_timesteps | 116000   |
| train/             |          |
|    actor_loss      | 11.1     |
|    critic_loss     | 0.00966  |
|    dstb_ent_coef   | 0.00385  |
|    ent_coef        | 0.00358  |
|    ent_coef_loss   | -0.699   |
|    n_updates       | 2111968  |
|    std             | 0.0491   |
---------------------------------
---------------------------------
| rollout/           |          |
|    ep_len_mean     | 500      |
|    ep_rew_mean     | -672     |
| time/              |          |
|    episodes        | 232      |
|    fps             | 0        |
|    time_elapsed    | 151515   |
|    total_timesteps | 116000   |
| train/             |          |
|    actor_loss      | 12.8     |
|    critic_loss     | 0.00817  |
|    dstb_ent_coef   | 0.00205  |
|    ent_coef        | 0.00235  |
|    ent_coef_loss   | 0.993    |
|    n_updates       | 2111968  |
|    std             | 0.0347   |
---------------------------------
---------------------------------
| rollout/           |          |
|    ep_len_mean     | 500      |
|    ep_rew_mean     | -684     |
| time/              |          |
|    episodes        | 236      |
|    fps             | 0        |
|    time_elapsed    | 156650   |
|    total_timesteps | 118000   |
| train/             |          |
|    actor_loss      | 12.6     |
|    critic_loss     | 0.0269   |
|    dstb_ent_coef   | 0.000889 |
|    ent_coef        | 0.00239  |
|    ent_coef_loss   | 0.333    |
|    n_updates       | 2175968  |
|    std             | 0.0684   |
---------------------------------
---------------------------------
| rollout/           |          |
|    ep_len_mean     | 500      |
|    ep_rew_mean     | -701     |
| time/              |          |
|    episodes        | 236      |
|    fps             | 0        |
|    time_elapsed    | 156779   |
|    total_timesteps | 118000   |
| train/             |          |
|    actor_loss      | 13.3     |
|    critic_loss     | 0.00697  |
|    dstb_ent_coef   | 0.0023   |
|    ent_coef        | 0.0029   |
|    ent_coef_loss   | -0.888   |
|    n_updates       | 2175968  |
|    std             | 0.0347   |
---------------------------------
---------------------------------
| rollout/           |          |
|    ep_len_mean     | 500      |
|    ep_rew_mean     | -795     |
| time/              |          |
|    episodes        | 236      |
|    fps             | 0        |
|    time_elapsed    | 156835   |
|    total_timesteps | 118000   |
| train/             |          |
|    actor_loss      | 14.9     |
|    critic_loss     | 0.0394   |
|    dstb_ent_coef   | 0.000796 |
|    ent_coef        | 0.00382  |
|    ent_coef_loss   | -0.459   |
|    n_updates       | 2175968  |
|    std             | 0.0471   |
---------------------------------
---------------------------------
| rollout/           |          |
|    ep_len_mean     | 500      |
|    ep_rew_mean     | -597     |
| time/              |          |
|    episodes        | 236      |
|    fps             | 0        |
|    time_elapsed    | 156873   |
|    total_timesteps | 118000   |
| train/             |          |
|    actor_loss      | 10.9     |
|    critic_loss     | 0.0399   |
|    dstb_ent_coef   | 0.00145  |
|    ent_coef        | 0.00292  |
|    ent_coef_loss   | 0.638    |
|    n_updates       | 2175968  |
|    std             | 0.0442   |
---------------------------------
---------------------------------
| rollout/           |          |
|    ep_len_mean     | 500      |
|    ep_rew_mean     | -652     |
| time/              |          |
|    episodes        | 236      |
|    fps             | 0        |
|    time_elapsed    | 156940   |
|    total_timesteps | 118000   |
| train/             |          |
|    actor_loss      | 12       |
|    critic_loss     | 0.0143   |
|    dstb_ent_coef   | 0.00293  |
|    ent_coef        | 0.00282  |
|    ent_coef_loss   | -0.761   |
|    n_updates       | 2175968  |
|    std             | 0.0328   |
---------------------------------
Eval num_timesteps=120000, episode_reward=-825.52 +/- 1253.23
Episode length: 500.00 +/- 0.00
---------------------------------
| eval/              |          |
|    mean_ep_length  | 500      |
|    mean_reward     | -826     |
| time/              |          |
|    total_timesteps | 120000   |
| train/             |          |
|    actor_loss      | 13.1     |
|    critic_loss     | 0.0554   |
|    dstb_ent_coef   | 0.000936 |
|    ent_coef        | 0.00297  |
|    ent_coef_loss   | -0.294   |
|    n_updates       | 2239968  |
---------------------------------
---------------------------------
| rollout/           |          |
|    ep_len_mean     | 500      |
|    ep_rew_mean     | -692     |
| time/              |          |
|    episodes        | 240      |
|    fps             | 0        |
|    time_elapsed    | 162180   |
|    total_timesteps | 120000   |
| train/             |          |
|    std             | 0.0678   |
---------------------------------
Eval num_timesteps=120000, episode_reward=-670.37 +/- 635.43
Episode length: 500.00 +/- 0.00
---------------------------------
| eval/              |          |
|    mean_ep_length  | 500      |
|    mean_reward     | -670     |
| time/              |          |
|    total_timesteps | 120000   |
| train/             |          |
|    actor_loss      | 13.6     |
|    critic_loss     | 0.0567   |
|    dstb_ent_coef   | 0.00304  |
|    ent_coef        | 0.00325  |
|    ent_coef_loss   | -0.597   |
|    n_updates       | 2239968  |
---------------------------------
---------------------------------
| rollout/           |          |
|    ep_len_mean     | 500      |
|    ep_rew_mean     | -711     |
| time/              |          |
|    episodes        | 240      |
|    fps             | 0        |
|    time_elapsed    | 162307   |
|    total_timesteps | 120000   |
| train/             |          |
|    std             | 0.0351   |
---------------------------------
Eval num_timesteps=120000, episode_reward=-528.11 +/- 468.29
Episode length: 500.00 +/- 0.00
---------------------------------
| eval/              |          |
|    mean_ep_length  | 500      |
|    mean_reward     | -528     |
| time/              |          |
|    total_timesteps | 120000   |
| train/             |          |
|    actor_loss      | 14.9     |
|    critic_loss     | 0.0262   |
|    dstb_ent_coef   | 0.00124  |
|    ent_coef        | 0.00346  |
|    ent_coef_loss   | 0.875    |
|    n_updates       | 2239968  |
---------------------------------
New best mean reward!
---------------------------------
| rollout/           |          |
|    ep_len_mean     | 500      |
|    ep_rew_mean     | -784     |
| time/              |          |
|    episodes        | 240      |
|    fps             | 0        |
|    time_elapsed    | 162365   |
|    total_timesteps | 120000   |
| train/             |          |
|    std             | 0.0485   |
---------------------------------
Eval num_timesteps=120000, episode_reward=-441.96 +/- 384.20
Episode length: 500.00 +/- 0.00
---------------------------------
| eval/              |          |
|    mean_ep_length  | 500      |
|    mean_reward     | -442     |
| time/              |          |
|    total_timesteps | 120000   |
| train/             |          |
|    actor_loss      | 11       |
|    critic_loss     | 0.141    |
|    dstb_ent_coef   | 0.00263  |
|    ent_coef        | 0.00393  |
|    ent_coef_loss   | -0.227   |
|    n_updates       | 2239968  |
---------------------------------
New best mean reward!
---------------------------------
| rollout/           |          |
|    ep_len_mean     | 500      |
|    ep_rew_mean     | -588     |
| time/              |          |
|    episodes        | 240      |
|    fps             | 0        |
|    time_elapsed    | 162405   |
|    total_timesteps | 120000   |
| train/             |          |
|    std             | 0.0511   |
---------------------------------
Eval num_timesteps=120000, episode_reward=-785.65 +/- 470.86
Episode length: 500.00 +/- 0.00
---------------------------------
| eval/              |          |
|    mean_ep_length  | 500      |
|    mean_reward     | -786     |
| time/              |          |
|    total_timesteps | 120000   |
| train/             |          |
|    actor_loss      | 13       |
|    critic_loss     | 0.0172   |
|    dstb_ent_coef   | 0.00218  |
|    ent_coef        | 0.00281  |
|    ent_coef_loss   | 0.247    |
|    n_updates       | 2239968  |
---------------------------------
---------------------------------
| rollout/           |          |
|    ep_len_mean     | 500      |
|    ep_rew_mean     | -666     |
| time/              |          |
|    episodes        | 240      |
|    fps             | 0        |
|    time_elapsed    | 162474   |
|    total_timesteps | 120000   |
| train/             |          |
|    std             | 0.0289   |
---------------------------------
---------------------------------
| rollout/           |          |
|    ep_len_mean     | 500      |
|    ep_rew_mean     | -704     |
| time/              |          |
|    episodes        | 244      |
|    fps             | 0        |
|    time_elapsed    | 167150   |
|    total_timesteps | 122000   |
| train/             |          |
|    actor_loss      | 13.2     |
|    critic_loss     | 0.0332   |
|    dstb_ent_coef   | 0.00104  |
|    ent_coef        | 0.00252  |
|    ent_coef_loss   | 1.13     |
|    n_updates       | 2303968  |
|    std             | 0.0627   |
---------------------------------
---------------------------------
| rollout/           |          |
|    ep_len_mean     | 500      |
|    ep_rew_mean     | -743     |
| time/              |          |
|    episodes        | 244      |
|    fps             | 0        |
|    time_elapsed    | 167270   |
|    total_timesteps | 122000   |
| train/             |          |
|    actor_loss      | 14.1     |
|    critic_loss     | 0.0325   |
|    dstb_ent_coef   | 0.00159  |
|    ent_coef        | 0.00302  |
|    ent_coef_loss   | -0.0726  |
|    n_updates       | 2303968  |
|    std             | 0.0287   |
---------------------------------
---------------------------------
| rollout/           |          |
|    ep_len_mean     | 500      |
|    ep_rew_mean     | -780     |
| time/              |          |
|    episodes        | 244      |
|    fps             | 0        |
|    time_elapsed    | 167323   |
|    total_timesteps | 122000   |
| train/             |          |
|    actor_loss      | 14.7     |
|    critic_loss     | 0.0141   |
|    dstb_ent_coef   | 0.0048   |
|    ent_coef        | 0.00383  |
|    ent_coef_loss   | -0.614   |
|    n_updates       | 2303968  |
|    std             | 0.0478   |
---------------------------------
---------------------------------
| rollout/           |          |
|    ep_len_mean     | 500      |
|    ep_rew_mean     | -566     |
| time/              |          |
|    episodes        | 244      |
|    fps             | 0        |
|    time_elapsed    | 167350   |
|    total_timesteps | 122000   |
| train/             |          |
|    actor_loss      | 10.7     |
|    critic_loss     | 0.0535   |
|    dstb_ent_coef   | 0.000732 |
|    ent_coef        | 0.00253  |
|    ent_coef_loss   | -0.0594  |
|    n_updates       | 2303968  |
|    std             | 0.0436   |
---------------------------------
---------------------------------
| rollout/           |          |
|    ep_len_mean     | 500      |
|    ep_rew_mean     | -678     |
| time/              |          |
|    episodes        | 244      |
|    fps             | 0        |
|    time_elapsed    | 167419   |
|    total_timesteps | 122000   |
| train/             |          |
|    actor_loss      | 12.8     |
|    critic_loss     | 0.0297   |
|    dstb_ent_coef   | 0.00125  |
|    ent_coef        | 0.00265  |
|    ent_coef_loss   | 0.774    |
|    n_updates       | 2303968  |
|    std             | 0.0296   |
---------------------------------
---------------------------------
| rollout/           |          |
|    ep_len_mean     | 500      |
|    ep_rew_mean     | -706     |
| time/              |          |
|    episodes        | 248      |
|    fps             | 0        |
|    time_elapsed    | 171905   |
|    total_timesteps | 124000   |
| train/             |          |
|    actor_loss      | 13.2     |
|    critic_loss     | 0.00992  |
|    dstb_ent_coef   | 0.000918 |
|    ent_coef        | 0.00226  |
|    ent_coef_loss   | -0.0915  |
|    n_updates       | 2367968  |
|    std             | 0.0604   |
---------------------------------
---------------------------------
| rollout/           |          |
|    ep_len_mean     | 500      |
|    ep_rew_mean     | -751     |
| time/              |          |
|    episodes        | 248      |
|    fps             | 0        |
|    time_elapsed    | 172024   |
|    total_timesteps | 124000   |
| train/             |          |
|    actor_loss      | 13.9     |
|    critic_loss     | 0.0116   |
|    dstb_ent_coef   | 0.00101  |
|    ent_coef        | 0.00321  |
|    ent_coef_loss   | -1.78    |
|    n_updates       | 2367968  |
|    std             | 0.0295   |
---------------------------------
---------------------------------
| rollout/           |          |
|    ep_len_mean     | 500      |
|    ep_rew_mean     | -768     |
| time/              |          |
|    episodes        | 248      |
|    fps             | 0        |
|    time_elapsed    | 172086   |
|    total_timesteps | 124000   |
| train/             |          |
|    actor_loss      | 14.3     |
|    critic_loss     | 0.00876  |
|    dstb_ent_coef   | 0.0114   |
|    ent_coef        | 0.00405  |
|    ent_coef_loss   | -1.11    |
|    n_updates       | 2367968  |
|    std             | 0.0544   |
---------------------------------
---------------------------------
| rollout/           |          |
|    ep_len_mean     | 500      |
|    ep_rew_mean     | -574     |
| time/              |          |
|    episodes        | 248      |
|    fps             | 0        |
|    time_elapsed    | 172109   |
|    total_timesteps | 124000   |
| train/             |          |
|    actor_loss      | 10.5     |
|    critic_loss     | 0.0093   |
|    dstb_ent_coef   | 0.00104  |
|    ent_coef        | 0.00324  |
|    ent_coef_loss   | -1.44    |
|    n_updates       | 2367968  |
|    std             | 0.0421   |
---------------------------------
---------------------------------
| rollout/           |          |
|    ep_len_mean     | 500      |
|    ep_rew_mean     | -670     |
| time/              |          |
|    episodes        | 248      |
|    fps             | 0        |
|    time_elapsed    | 172174   |
|    total_timesteps | 124000   |
| train/             |          |
|    actor_loss      | 12.6     |
|    critic_loss     | 0.00891  |
|    dstb_ent_coef   | 0.0012   |
|    ent_coef        | 0.00261  |
|    ent_coef_loss   | 1.94     |
|    n_updates       | 2367968  |
|    std             | 0.0272   |
---------------------------------
---------------------------------
| rollout/           |          |
|    ep_len_mean     | 500      |
|    ep_rew_mean     | -719     |
| time/              |          |
|    episodes        | 252      |
|    fps             | 0        |
|    time_elapsed    | 176654   |
|    total_timesteps | 126000   |
| train/             |          |
|    actor_loss      | 13.6     |
|    critic_loss     | 0.0261   |
|    dstb_ent_coef   | 0.0024   |
|    ent_coef        | 0.00293  |
|    ent_coef_loss   | -0.841   |
|    n_updates       | 2431968  |
|    std             | 0.0607   |
---------------------------------
---------------------------------
| rollout/           |          |
|    ep_len_mean     | 500      |
|    ep_rew_mean     | -757     |
| time/              |          |
|    episodes        | 252      |
|    fps             | 0        |
|    time_elapsed    | 176773   |
|    total_timesteps | 126000   |
| train/             |          |
|    actor_loss      | 14.3     |
|    critic_loss     | 0.175    |
|    dstb_ent_coef   | 0.00143  |
|    ent_coef        | 0.00307  |
|    ent_coef_loss   | -0.248   |
|    n_updates       | 2431968  |
|    std             | 0.0291   |
---------------------------------
---------------------------------
| rollout/           |          |
|    ep_len_mean     | 500      |
|    ep_rew_mean     | -746     |
| time/              |          |
|    episodes        | 252      |
|    fps             | 0        |
|    time_elapsed    | 176837   |
|    total_timesteps | 126000   |
| train/             |          |
|    actor_loss      | 14.4     |
|    critic_loss     | 0.0291   |
|    dstb_ent_coef   | 0.0226   |
|    ent_coef        | 0.00465  |
|    ent_coef_loss   | 0.00159  |
|    n_updates       | 2431968  |
|    std             | 0.0469   |
---------------------------------
---------------------------------
| rollout/           |          |
|    ep_len_mean     | 500      |
|    ep_rew_mean     | -585     |
| time/              |          |
|    episodes        | 252      |
|    fps             | 0        |
|    time_elapsed    | 176861   |
|    total_timesteps | 126000   |
| train/             |          |
|    actor_loss      | 10.9     |
|    critic_loss     | 0.0135   |
|    dstb_ent_coef   | 0.00825  |
|    ent_coef        | 0.00232  |
|    ent_coef_loss   | 0.732    |
|    n_updates       | 2431968  |
|    std             | 0.0423   |
---------------------------------
---------------------------------
| rollout/           |          |
|    ep_len_mean     | 500      |
|    ep_rew_mean     | -713     |
| time/              |          |
|    episodes        | 252      |
|    fps             | 0        |
|    time_elapsed    | 176931   |
|    total_timesteps | 126000   |
| train/             |          |
|    actor_loss      | 13.5     |
|    critic_loss     | 0.0123   |
|    dstb_ent_coef   | 0.000786 |
|    ent_coef        | 0.00249  |
|    ent_coef_loss   | -0.56    |
|    n_updates       | 2431968  |
|    std             | 0.0292   |
---------------------------------
---------------------------------
| rollout/           |          |
|    ep_len_mean     | 500      |
|    ep_rew_mean     | -687     |
| time/              |          |
|    episodes        | 256      |
|    fps             | 0        |
|    time_elapsed    | 181402   |
|    total_timesteps | 128000   |
| train/             |          |
|    actor_loss      | 13.1     |
|    critic_loss     | 0.0376   |
|    dstb_ent_coef   | 0.000985 |
|    ent_coef        | 0.00233  |
|    ent_coef_loss   | -0.974   |
|    n_updates       | 2495968  |
|    std             | 0.0526   |
---------------------------------
---------------------------------
| rollout/           |          |
|    ep_len_mean     | 500      |
|    ep_rew_mean     | -767     |
| time/              |          |
|    episodes        | 256      |
|    fps             | 0        |
|    time_elapsed    | 181526   |
|    total_timesteps | 128000   |
| train/             |          |
|    actor_loss      | 14.6     |
|    critic_loss     | 0.159    |
|    dstb_ent_coef   | 0.000811 |
|    ent_coef        | 0.00232  |
|    ent_coef_loss   | 0.309    |
|    n_updates       | 2495968  |
|    std             | 0.0275   |
---------------------------------
---------------------------------
| rollout/           |          |
|    ep_len_mean     | 500      |
|    ep_rew_mean     | -730     |
| time/              |          |
|    episodes        | 256      |
|    fps             | 0        |
|    time_elapsed    | 181591   |
|    total_timesteps | 128000   |
| train/             |          |
|    actor_loss      | 14       |
|    critic_loss     | 0.0409   |
|    dstb_ent_coef   | 0.00394  |
|    ent_coef        | 0.00403  |
|    ent_coef_loss   | 1.32     |
|    n_updates       | 2495968  |
|    std             | 0.0453   |
---------------------------------
---------------------------------
| rollout/           |          |
|    ep_len_mean     | 500      |
|    ep_rew_mean     | -620     |
| time/              |          |
|    episodes        | 256      |
|    fps             | 0        |
|    time_elapsed    | 181617   |
|    total_timesteps | 128000   |
| train/             |          |
|    actor_loss      | 11.7     |
|    critic_loss     | 0.0506   |
|    dstb_ent_coef   | 0.00108  |
|    ent_coef        | 0.00339  |
|    ent_coef_loss   | 0.226    |
|    n_updates       | 2495968  |
|    std             | 0.0443   |
---------------------------------
---------------------------------
| rollout/           |          |
|    ep_len_mean     | 500      |
|    ep_rew_mean     | -702     |
| time/              |          |
|    episodes        | 256      |
|    fps             | 0        |
|    time_elapsed    | 181686   |
|    total_timesteps | 128000   |
| train/             |          |
|    actor_loss      | 13.2     |
|    critic_loss     | 0.0087   |
|    dstb_ent_coef   | 0.00618  |
|    ent_coef        | 0.0036   |
|    ent_coef_loss   | -0.618   |
|    n_updates       | 2495968  |
|    std             | 0.0306   |
---------------------------------
Eval num_timesteps=130000, episode_reward=-451.37 +/- 314.83
Episode length: 500.00 +/- 0.00
---------------------------------
| eval/              |          |
|    mean_ep_length  | 500      |
|    mean_reward     | -451     |
| time/              |          |
|    total_timesteps | 130000   |
| train/             |          |
|    actor_loss      | 12.1     |
|    critic_loss     | 0.0245   |
|    dstb_ent_coef   | 0.0024   |
|    ent_coef        | 0.00298  |
|    ent_coef_loss   | 0.312    |
|    n_updates       | 2559968  |
---------------------------------
---------------------------------
| rollout/           |          |
|    ep_len_mean     | 500      |
|    ep_rew_mean     | -670     |
| time/              |          |
|    episodes        | 260      |
|    fps             | 0        |
|    time_elapsed    | 186206   |
|    total_timesteps | 130000   |
| train/             |          |
|    std             | 0.0533   |
---------------------------------
Eval num_timesteps=130000, episode_reward=-477.73 +/- 446.25
Episode length: 500.00 +/- 0.00
---------------------------------
| eval/              |          |
|    mean_ep_length  | 500      |
|    mean_reward     | -478     |
| time/              |          |
|    total_timesteps | 130000   |
| train/             |          |
|    actor_loss      | 15       |
|    critic_loss     | 0.0546   |
|    dstb_ent_coef   | 0.00139  |
|    ent_coef        | 0.00359  |
|    ent_coef_loss   | 0.166    |
|    n_updates       | 2559968  |
---------------------------------
---------------------------------
| rollout/           |          |
|    ep_len_mean     | 500      |
|    ep_rew_mean     | -800     |
| time/              |          |
|    episodes        | 260      |
|    fps             | 0        |
|    time_elapsed    | 186324   |
|    total_timesteps | 130000   |
| train/             |          |
|    std             | 0.0296   |
---------------------------------
Eval num_timesteps=130000, episode_reward=-536.41 +/- 495.35
Episode length: 500.00 +/- 0.00
---------------------------------
| eval/              |          |
|    mean_ep_length  | 500      |
|    mean_reward     | -536     |
| time/              |          |
|    total_timesteps | 130000   |
| train/             |          |
|    actor_loss      | 13       |
|    critic_loss     | 0.022    |
|    dstb_ent_coef   | 0.00253  |
|    ent_coef        | 0.00395  |
|    ent_coef_loss   | 0.327    |
|    n_updates       | 2559968  |
---------------------------------
---------------------------------
| rollout/           |          |
|    ep_len_mean     | 500      |
|    ep_rew_mean     | -700     |
| time/              |          |
|    episodes        | 260      |
|    fps             | 0        |
|    time_elapsed    | 186385   |
|    total_timesteps | 130000   |
| train/             |          |
|    std             | 0.0389   |
---------------------------------
Eval num_timesteps=130000, episode_reward=-1453.30 +/- 1525.86
Episode length: 500.00 +/- 0.00
----------------------------------
| eval/              |           |
|    mean_ep_length  | 500       |
|    mean_reward     | -1.45e+03 |
| time/              |           |
|    total_timesteps | 130000    |
| train/             |           |
|    actor_loss      | 11.4      |
|    critic_loss     | 0.00782   |
|    dstb_ent_coef   | 0.00133   |
|    ent_coef        | 0.00261   |
|    ent_coef_loss   | -0.34     |
|    n_updates       | 2559968   |
----------------------------------
---------------------------------
| rollout/           |          |
|    ep_len_mean     | 500      |
|    ep_rew_mean     | -615     |
| time/              |          |
|    episodes        | 260      |
|    fps             | 0        |
|    time_elapsed    | 186411   |
|    total_timesteps | 130000   |
| train/             |          |
|    std             | 0.0472   |
---------------------------------
Eval num_timesteps=130000, episode_reward=-1041.35 +/- 1261.85
Episode length: 500.00 +/- 0.00
----------------------------------
| eval/              |           |
|    mean_ep_length  | 500       |
|    mean_reward     | -1.04e+03 |
| time/              |           |
|    total_timesteps | 130000    |
| train/             |           |
|    actor_loss      | 13.2      |
|    critic_loss     | 0.0141    |
|    dstb_ent_coef   | 0.00299   |
|    ent_coef        | 0.00241   |
|    ent_coef_loss   | -0.444    |
|    n_updates       | 2559968   |
----------------------------------
---------------------------------
| rollout/           |          |
|    ep_len_mean     | 500      |
|    ep_rew_mean     | -716     |
| time/              |          |
|    episodes        | 260      |
|    fps             | 0        |
|    time_elapsed    | 186487   |
|    total_timesteps | 130000   |
| train/             |          |
|    std             | 0.03     |
---------------------------------
---------------------------------
| rollout/           |          |
|    ep_len_mean     | 500      |
|    ep_rew_mean     | -673     |
| time/              |          |
|    episodes        | 264      |
|    fps             | 0        |
|    time_elapsed    | 190942   |
|    total_timesteps | 132000   |
| train/             |          |
|    actor_loss      | 12.6     |
|    critic_loss     | 0.0123   |
|    dstb_ent_coef   | 0.00113  |
|    ent_coef        | 0.00261  |
|    ent_coef_loss   | 1.94     |
|    n_updates       | 2623968  |
|    std             | 0.0508   |
---------------------------------
---------------------------------
| rollout/           |          |
|    ep_len_mean     | 500      |
|    ep_rew_mean     | -796     |
| time/              |          |
|    episodes        | 264      |
|    fps             | 0        |
|    time_elapsed    | 191053   |
|    total_timesteps | 132000   |
| train/             |          |
|    actor_loss      | 15.2     |
|    critic_loss     | 0.0772   |
|    dstb_ent_coef   | 0.00434  |
|    ent_coef        | 0.00325  |
|    ent_coef_loss   | 0.511    |
|    n_updates       | 2623968  |
|    std             | 0.03     |
---------------------------------
---------------------------------
| rollout/           |          |
|    ep_len_mean     | 500      |
|    ep_rew_mean     | -674     |
| time/              |          |
|    episodes        | 264      |
|    fps             | 0        |
|    time_elapsed    | 191126   |
|    total_timesteps | 132000   |
| train/             |          |
|    actor_loss      | 12.8     |
|    critic_loss     | 0.0209   |
|    dstb_ent_coef   | 0.00214  |
|    ent_coef        | 0.00331  |
|    ent_coef_loss   | -0.819   |
|    n_updates       | 2623968  |
|    std             | 0.0372   |
---------------------------------
---------------------------------
| rollout/           |          |
|    ep_len_mean     | 500      |
|    ep_rew_mean     | -592     |
| time/              |          |
|    episodes        | 264      |
|    fps             | 0        |
|    time_elapsed    | 191143   |
|    total_timesteps | 132000   |
| train/             |          |
|    actor_loss      | 11.1     |
|    critic_loss     | 0.00575  |
|    dstb_ent_coef   | 0.00217  |
|    ent_coef        | 0.00287  |
|    ent_coef_loss   | 0.636    |
|    n_updates       | 2623968  |
|    std             | 0.0468   |
---------------------------------
---------------------------------
| rollout/           |          |
|    ep_len_mean     | 500      |
|    ep_rew_mean     | -717     |
| time/              |          |
|    episodes        | 264      |
|    fps             | 0        |
|    time_elapsed    | 191235   |
|    total_timesteps | 132000   |
| train/             |          |
|    actor_loss      | 13.6     |
|    critic_loss     | 0.00553  |
|    dstb_ent_coef   | 0.000933 |
|    ent_coef        | 0.00258  |
|    ent_coef_loss   | -0.553   |
|    n_updates       | 2623968  |
|    std             | 0.0303   |
---------------------------------
---------------------------------
| rollout/           |          |
|    ep_len_mean     | 500      |
|    ep_rew_mean     | -697     |
| time/              |          |
|    episodes        | 268      |
|    fps             | 0        |
|    time_elapsed    | 195673   |
|    total_timesteps | 134000   |
| train/             |          |
|    actor_loss      | 12.9     |
|    critic_loss     | 0.018    |
|    dstb_ent_coef   | 0.00241  |
|    ent_coef        | 0.00267  |
|    ent_coef_loss   | -0.299   |
|    n_updates       | 2687968  |
|    std             | 0.0478   |
---------------------------------
---------------------------------
| rollout/           |          |
|    ep_len_mean     | 500      |
|    ep_rew_mean     | -783     |
| time/              |          |
|    episodes        | 268      |
|    fps             | 0        |
|    time_elapsed    | 195794   |
|    total_timesteps | 134000   |
| train/             |          |
|    actor_loss      | 14.9     |
|    critic_loss     | 0.0679   |
|    dstb_ent_coef   | 0.0018   |
|    ent_coef        | 0.00332  |
|    ent_coef_loss   | 0.461    |
|    n_updates       | 2687968  |
|    std             | 0.0287   |
---------------------------------
---------------------------------
| rollout/           |          |
|    ep_len_mean     | 500      |
|    ep_rew_mean     | -673     |
| time/              |          |
|    episodes        | 268      |
|    fps             | 0        |
|    time_elapsed    | 195874   |
|    total_timesteps | 134000   |
| train/             |          |
|    actor_loss      | 12.5     |
|    critic_loss     | 0.0304   |
|    dstb_ent_coef   | 0.00276  |
|    ent_coef        | 0.00358  |
|    ent_coef_loss   | 0.131    |
|    n_updates       | 2687968  |
|    std             | 0.0351   |
---------------------------------
---------------------------------
| rollout/           |          |
|    ep_len_mean     | 500      |
|    ep_rew_mean     | -608     |
| time/              |          |
|    episodes        | 268      |
|    fps             | 0        |
|    time_elapsed    | 195881   |
|    total_timesteps | 134000   |
| train/             |          |
|    actor_loss      | 11.3     |
|    critic_loss     | 0.0105   |
|    dstb_ent_coef   | 0.00627  |
|    ent_coef        | 0.0026   |
|    ent_coef_loss   | -0.727   |
|    n_updates       | 2687968  |
|    std             | 0.0402   |
---------------------------------
---------------------------------
| rollout/           |          |
|    ep_len_mean     | 500      |
|    ep_rew_mean     | -743     |
| time/              |          |
|    episodes        | 268      |
|    fps             | 0        |
|    time_elapsed    | 195987   |
|    total_timesteps | 134000   |
| train/             |          |
|    actor_loss      | 14.2     |
|    critic_loss     | 0.00615  |
|    dstb_ent_coef   | 0.00316  |
|    ent_coef        | 0.00368  |
|    ent_coef_loss   | -0.572   |
|    n_updates       | 2687968  |
|    std             | 0.0314   |
---------------------------------
---------------------------------
| rollout/           |          |
|    ep_len_mean     | 500      |
|    ep_rew_mean     | -734     |
| time/              |          |
|    episodes        | 272      |
|    fps             | 0        |
|    time_elapsed    | 200420   |
|    total_timesteps | 136000   |
| train/             |          |
|    actor_loss      | 14       |
|    critic_loss     | 0.0327   |
|    dstb_ent_coef   | 0.00185  |
|    ent_coef        | 0.00415  |
|    ent_coef_loss   | 0.472    |
|    n_updates       | 2751968  |
|    std             | 0.0519   |
---------------------------------
---------------------------------
| rollout/           |          |
|    ep_len_mean     | 500      |
|    ep_rew_mean     | -783     |
| time/              |          |
|    episodes        | 272      |
|    fps             | 0        |
|    time_elapsed    | 200532   |
|    total_timesteps | 136000   |
| train/             |          |
|    actor_loss      | 14.9     |
|    critic_loss     | 0.0529   |
|    dstb_ent_coef   | 0.00177  |
|    ent_coef        | 0.00258  |
|    ent_coef_loss   | -1.04    |
|    n_updates       | 2751968  |
|    std             | 0.0299   |
---------------------------------
---------------------------------
| rollout/           |          |
|    ep_len_mean     | 500      |
|    ep_rew_mean     | -654     |
| time/              |          |
|    episodes        | 272      |
|    fps             | 0        |
|    time_elapsed    | 200625   |
|    total_timesteps | 136000   |
| train/             |          |
|    actor_loss      | 12.6     |
|    critic_loss     | 0.022    |
|    dstb_ent_coef   | 0.00156  |
|    ent_coef        | 0.00236  |
|    ent_coef_loss   | -0.27    |
|    n_updates       | 2751968  |
|    std             | 0.0312   |
---------------------------------
---------------------------------
| rollout/           |          |
|    ep_len_mean     | 500      |
|    ep_rew_mean     | -617     |
| time/              |          |
|    episodes        | 272      |
|    fps             | 0        |
|    time_elapsed    | 200629   |
|    total_timesteps | 136000   |
| train/             |          |
|    actor_loss      | 11.5     |
|    critic_loss     | 0.0324   |
|    dstb_ent_coef   | 0.00245  |
|    ent_coef        | 0.00136  |
|    ent_coef_loss   | -1.15    |
|    n_updates       | 2751968  |
|    std             | 0.0275   |
---------------------------------
---------------------------------
| rollout/           |          |
|    ep_len_mean     | 500      |
|    ep_rew_mean     | -761     |
| time/              |          |
|    episodes        | 272      |
|    fps             | 0        |
|    time_elapsed    | 200731   |
|    total_timesteps | 136000   |
| train/             |          |
|    actor_loss      | 14.5     |
|    critic_loss     | 0.00462  |
|    dstb_ent_coef   | 0.00208  |
|    ent_coef        | 0.00284  |
|    ent_coef_loss   | -0.634   |
|    n_updates       | 2751968  |
|    std             | 0.0286   |
---------------------------------
---------------------------------
| rollout/           |          |
|    ep_len_mean     | 500      |
|    ep_rew_mean     | -727     |
| time/              |          |
|    episodes        | 276      |
|    fps             | 0        |
|    time_elapsed    | 205141   |
|    total_timesteps | 138000   |
| train/             |          |
|    actor_loss      | 13.5     |
|    critic_loss     | 0.0321   |
|    dstb_ent_coef   | 0.00163  |
|    ent_coef        | 0.00325  |
|    ent_coef_loss   | -0.146   |
|    n_updates       | 2815968  |
|    std             | 0.0517   |
---------------------------------
---------------------------------
| rollout/           |          |
|    ep_len_mean     | 500      |
|    ep_rew_mean     | -764     |
| time/              |          |
|    episodes        | 276      |
|    fps             | 0        |
|    time_elapsed    | 205260   |
|    total_timesteps | 138000   |
| train/             |          |
|    actor_loss      | 14.4     |
|    critic_loss     | 0.0109   |
|    dstb_ent_coef   | 0.00332  |
|    ent_coef        | 0.00291  |
|    ent_coef_loss   | -0.389   |
|    n_updates       | 2815968  |
|    std             | 0.0314   |
---------------------------------
---------------------------------
| rollout/           |          |
|    ep_len_mean     | 500      |
|    ep_rew_mean     | -606     |
| time/              |          |
|    episodes        | 276      |
|    fps             | 0        |
|    time_elapsed    | 205359   |
|    total_timesteps | 138000   |
| train/             |          |
|    actor_loss      | 11.3     |
|    critic_loss     | 0.0411   |
|    dstb_ent_coef   | 0.00416  |
|    ent_coef        | 0.00262  |
|    ent_coef_loss   | 0.191    |
|    n_updates       | 2815968  |
|    std             | 0.0329   |
---------------------------------
---------------------------------
| rollout/           |          |
|    ep_len_mean     | 500      |
|    ep_rew_mean     | -687     |
| time/              |          |
|    episodes        | 276      |
|    fps             | 0        |
|    time_elapsed    | 205359   |
|    total_timesteps | 138000   |
| train/             |          |
|    actor_loss      | 12.7     |
|    critic_loss     | 0.00921  |
|    dstb_ent_coef   | 0.00155  |
|    ent_coef        | 0.00264  |
|    ent_coef_loss   | 1.45     |
|    n_updates       | 2815968  |
|    std             | 0.0319   |
---------------------------------
---------------------------------
| rollout/           |          |
|    ep_len_mean     | 500      |
|    ep_rew_mean     | -753     |
| time/              |          |
|    episodes        | 276      |
|    fps             | 0        |
|    time_elapsed    | 205463   |
|    total_timesteps | 138000   |
| train/             |          |
|    actor_loss      | 14.3     |
|    critic_loss     | 0.0178   |
|    dstb_ent_coef   | 0.00186  |
|    ent_coef        | 0.00254  |
|    ent_coef_loss   | -0.198   |
|    n_updates       | 2815968  |
|    std             | 0.0266   |
---------------------------------
Eval num_timesteps=140000, episode_reward=-687.03 +/- 477.25
Episode length: 500.00 +/- 0.00
---------------------------------
| eval/              |          |
|    mean_ep_length  | 500      |
|    mean_reward     | -687     |
| time/              |          |
|    total_timesteps | 140000   |
| train/             |          |
|    actor_loss      | 13.9     |
|    critic_loss     | 0.0137   |
|    dstb_ent_coef   | 0.00137  |
|    ent_coef        | 0.00321  |
|    ent_coef_loss   | 0.732    |
|    n_updates       | 2879968  |
---------------------------------
---------------------------------
| rollout/           |          |
|    ep_len_mean     | 500      |
|    ep_rew_mean     | -726     |
| time/              |          |
|    episodes        | 280      |
|    fps             | 0        |
|    time_elapsed    | 209825   |
|    total_timesteps | 140000   |
| train/             |          |
|    std             | 0.0454   |
---------------------------------
Eval num_timesteps=140000, episode_reward=-687.54 +/- 555.67
Episode length: 500.00 +/- 0.00
---------------------------------
| eval/              |          |
|    mean_ep_length  | 500      |
|    mean_reward     | -688     |
| time/              |          |
|    total_timesteps | 140000   |
| train/             |          |
|    actor_loss      | 14.2     |
|    critic_loss     | 0.0701   |
|    dstb_ent_coef   | 0.00378  |
|    ent_coef        | 0.00327  |
|    ent_coef_loss   | 0.43     |
|    n_updates       | 2879968  |
---------------------------------
---------------------------------
| rollout/           |          |
|    ep_len_mean     | 500      |
|    ep_rew_mean     | -756     |
| time/              |          |
|    episodes        | 280      |
|    fps             | 0        |
|    time_elapsed    | 209930   |
|    total_timesteps | 140000   |
| train/             |          |
|    std             | 0.0303   |
---------------------------------
Eval num_timesteps=140000, episode_reward=-443.55 +/- 456.86
Episode length: 500.00 +/- 0.00
---------------------------------
| eval/              |          |
|    mean_ep_length  | 500      |
|    mean_reward     | -444     |
| time/              |          |
|    total_timesteps | 140000   |
| train/             |          |
|    actor_loss      | 11.5     |
|    critic_loss     | 0.0438   |
|    dstb_ent_coef   | 0.0906   |
|    ent_coef        | 0.00179  |
|    ent_coef_loss   | 0.168    |
|    n_updates       | 2879968  |
---------------------------------
---------------------------------
| rollout/           |          |
|    ep_len_mean     | 500      |
|    ep_rew_mean     | -608     |
| time/              |          |
|    episodes        | 280      |
|    fps             | 0        |
|    time_elapsed    | 210005   |
|    total_timesteps | 140000   |
| train/             |          |
|    std             | 0.033    |
---------------------------------
Eval num_timesteps=140000, episode_reward=-877.98 +/- 517.34
Episode length: 500.00 +/- 0.00
---------------------------------
| eval/              |          |
|    mean_ep_length  | 500      |
|    mean_reward     | -878     |
| time/              |          |
|    total_timesteps | 140000   |
| train/             |          |
|    actor_loss      | 12.7     |
|    critic_loss     | 0.0228   |
|    dstb_ent_coef   | 0.0052   |
|    ent_coef        | 0.00307  |
|    ent_coef_loss   | -0.298   |
|    n_updates       | 2879968  |
---------------------------------
---------------------------------
| rollout/           |          |
|    ep_len_mean     | 500      |
|    ep_rew_mean     | -678     |
| time/              |          |
|    episodes        | 280      |
|    fps             | 0        |
|    time_elapsed    | 210009   |
|    total_timesteps | 140000   |
| train/             |          |
|    std             | 0.0336   |
---------------------------------
Eval num_timesteps=140000, episode_reward=-314.34 +/- 241.37
Episode length: 500.00 +/- 0.00
---------------------------------
| eval/              |          |
|    mean_ep_length  | 500      |
|    mean_reward     | -314     |
| time/              |          |
|    total_timesteps | 140000   |
| train/             |          |
|    actor_loss      | 14.5     |
|    critic_loss     | 0.0156   |
|    dstb_ent_coef   | 0.00435  |
|    ent_coef        | 0.00364  |
|    ent_coef_loss   | 0.225    |
|    n_updates       | 2879968  |
---------------------------------
New best mean reward!
---------------------------------
| rollout/           |          |
|    ep_len_mean     | 500      |
|    ep_rew_mean     | -748     |
| time/              |          |
|    episodes        | 280      |
|    fps             | 0        |
|    time_elapsed    | 210099   |
|    total_timesteps | 140000   |
| train/             |          |
|    std             | 0.0268   |
---------------------------------
---------------------------------
| rollout/           |          |
|    ep_len_mean     | 500      |
|    ep_rew_mean     | -730     |
| time/              |          |
|    episodes        | 284      |
|    fps             | 0        |
|    time_elapsed    | 213870   |
|    total_timesteps | 142000   |
| train/             |          |
|    actor_loss      | 13.4     |
|    critic_loss     | 0.117    |
|    dstb_ent_coef   | 0.477    |
|    ent_coef        | 0.00233  |
|    ent_coef_loss   | 0.356    |
|    n_updates       | 2943968  |
|    std             | 0.035    |
---------------------------------
---------------------------------
| rollout/           |          |
|    ep_len_mean     | 500      |
|    ep_rew_mean     | -760     |
| time/              |          |
|    episodes        | 284      |
|    fps             | 0        |
|    time_elapsed    | 213975   |
|    total_timesteps | 142000   |
| train/             |          |
|    actor_loss      | 14.3     |
|    critic_loss     | 0.0543   |
|    dstb_ent_coef   | 0.00602  |
|    ent_coef        | 0.00321  |
|    ent_coef_loss   | 0.544    |
|    n_updates       | 2943968  |
|    std             | 0.0315   |
---------------------------------
---------------------------------
| rollout/           |          |
|    ep_len_mean     | 500      |
|    ep_rew_mean     | -618     |
| time/              |          |
|    episodes        | 284      |
|    fps             | 0        |
|    time_elapsed    | 214052   |
|    total_timesteps | 142000   |
| train/             |          |
|    actor_loss      | 11.5     |
|    critic_loss     | 0.233    |
|    dstb_ent_coef   | 7.09     |
|    ent_coef        | 0.00295  |
|    ent_coef_loss   | -0.365   |
|    n_updates       | 2943968  |
|    std             | 0.0345   |
---------------------------------
---------------------------------
| rollout/           |          |
|    ep_len_mean     | 500      |
|    ep_rew_mean     | -698     |
| time/              |          |
|    episodes        | 284      |
|    fps             | 0        |
|    time_elapsed    | 214053   |
|    total_timesteps | 142000   |
| train/             |          |
|    actor_loss      | 13       |
|    critic_loss     | 0.019    |
|    dstb_ent_coef   | 0.00371  |
|    ent_coef        | 0.00258  |
|    ent_coef_loss   | -1.4     |
|    n_updates       | 2943968  |
|    std             | 0.0286   |
---------------------------------
---------------------------------
| rollout/           |          |
|    ep_len_mean     | 500      |
|    ep_rew_mean     | -762     |
| time/              |          |
|    episodes        | 284      |
|    fps             | 0        |
|    time_elapsed    | 214149   |
|    total_timesteps | 142000   |
| train/             |          |
|    actor_loss      | 14.5     |
|    critic_loss     | 0.036    |
|    dstb_ent_coef   | 0.00364  |
|    ent_coef        | 0.00399  |
|    ent_coef_loss   | -0.195   |
|    n_updates       | 2943968  |
|    std             | 0.0257   |
---------------------------------
---------------------------------
| rollout/           |          |
|    ep_len_mean     | 500      |
|    ep_rew_mean     | -736     |
| time/              |          |
|    episodes        | 288      |
|    fps             | 0        |
|    time_elapsed    | 217923   |
|    total_timesteps | 144000   |
| train/             |          |
|    actor_loss      | 13       |
|    critic_loss     | 0.0333   |
|    dstb_ent_coef   | 8.1      |
|    ent_coef        | 0.00198  |
|    ent_coef_loss   | 0.186    |
|    n_updates       | 3007968  |
|    std             | 0.0287   |
---------------------------------
---------------------------------
| rollout/           |          |
|    ep_len_mean     | 500      |
|    ep_rew_mean     | -774     |
| time/              |          |
|    episodes        | 288      |
|    fps             | 0        |
|    time_elapsed    | 218029   |
|    total_timesteps | 144000   |
| train/             |          |
|    actor_loss      | 14.2     |
|    critic_loss     | 0.0151   |
|    dstb_ent_coef   | 0.00459  |
|    ent_coef        | 0.00385  |
|    ent_coef_loss   | -1.32    |
|    n_updates       | 3007968  |
|    std             | 0.0299   |
---------------------------------
---------------------------------
| rollout/           |          |
|    ep_len_mean     | 500      |
|    ep_rew_mean     | -717     |
| time/              |          |
|    episodes        | 288      |
|    fps             | 0        |
|    time_elapsed    | 218105   |
|    total_timesteps | 144000   |
| train/             |          |
|    actor_loss      | 13.2     |
|    critic_loss     | 0.00439  |
|    dstb_ent_coef   | 0.00747  |
|    ent_coef        | 0.00332  |
|    ent_coef_loss   | -0.239   |
|    n_updates       | 3007968  |
|    std             | 0.0321   |
---------------------------------
---------------------------------
| rollout/           |          |
|    ep_len_mean     | 500      |
|    ep_rew_mean     | -614     |
| time/              |          |
|    episodes        | 288      |
|    fps             | 0        |
|    time_elapsed    | 218105   |
|    total_timesteps | 144000   |
| train/             |          |
|    actor_loss      | 11       |
|    critic_loss     | 0.178    |
|    dstb_ent_coef   | 464      |
|    ent_coef        | 0.00174  |
|    ent_coef_loss   | -1.7     |
|    n_updates       | 3007968  |
|    std             | 0.0329   |
---------------------------------
---------------------------------
| rollout/           |          |
|    ep_len_mean     | 500      |
|    ep_rew_mean     | -756     |
| time/              |          |
|    episodes        | 288      |
|    fps             | 0        |
|    time_elapsed    | 218208   |
|    total_timesteps | 144000   |
| train/             |          |
|    actor_loss      | 13.9     |
|    critic_loss     | 0.00539  |
|    dstb_ent_coef   | 0.00214  |
|    ent_coef        | 0.00275  |
|    ent_coef_loss   | 0.0623   |
|    n_updates       | 3007968  |
|    std             | 0.0226   |
---------------------------------
---------------------------------
| rollout/           |          |
|    ep_len_mean     | 500      |
|    ep_rew_mean     | -727     |
| time/              |          |
|    episodes        | 292      |
|    fps             | 0        |
|    time_elapsed    | 221978   |
|    total_timesteps | 146000   |
| train/             |          |
|    actor_loss      | 13.6     |
|    critic_loss     | 0.0967   |
|    dstb_ent_coef   | 0.00096  |
|    ent_coef        | 0.00235  |
|    ent_coef_loss   | -0.233   |
|    n_updates       | 3071968  |
|    std             | 0.0315   |
---------------------------------
---------------------------------
| rollout/           |          |
|    ep_len_mean     | 500      |
|    ep_rew_mean     | -779     |
| time/              |          |
|    episodes        | 292      |
|    fps             | 0        |
|    time_elapsed    | 222101   |
|    total_timesteps | 146000   |
| train/             |          |
|    actor_loss      | 14.8     |
|    critic_loss     | 0.0291   |
|    dstb_ent_coef   | 0.0022   |
|    ent_coef        | 0.00334  |
|    ent_coef_loss   | 0.0498   |
|    n_updates       | 3071968  |
|    std             | 0.0289   |
---------------------------------
---------------------------------
| rollout/           |          |
|    ep_len_mean     | 500      |
|    ep_rew_mean     | -684     |
| time/              |          |
|    episodes        | 292      |
|    fps             | 0        |
|    time_elapsed    | 222167   |
|    total_timesteps | 146000   |
| train/             |          |
|    actor_loss      | 12.8     |
|    critic_loss     | 0.0121   |
|    dstb_ent_coef   | 0.008    |
|    ent_coef        | 0.00225  |
|    ent_coef_loss   | 0.179    |
|    n_updates       | 3071968  |
|    std             | 0.0294   |
---------------------------------
---------------------------------
| rollout/           |          |
|    ep_len_mean     | 500      |
|    ep_rew_mean     | -617     |
| time/              |          |
|    episodes        | 292      |
|    fps             | 0        |
|    time_elapsed    | 222173   |
|    total_timesteps | 146000   |
| train/             |          |
|    actor_loss      | 11.3     |
|    critic_loss     | 0.442    |
|    dstb_ent_coef   | 2.7e+04  |
|    ent_coef        | 0.00261  |
|    ent_coef_loss   | -0.684   |
|    n_updates       | 3071968  |
|    std             | 0.0418   |
---------------------------------
---------------------------------
| rollout/           |          |
|    ep_len_mean     | 500      |
|    ep_rew_mean     | -746     |
| time/              |          |
|    episodes        | 292      |
|    fps             | 0        |
|    time_elapsed    | 222275   |
|    total_timesteps | 146000   |
| train/             |          |
|    actor_loss      | 14.1     |
|    critic_loss     | 0.0832   |
|    dstb_ent_coef   | 0.00154  |
|    ent_coef        | 0.00284  |
|    ent_coef_loss   | 0.894    |
|    n_updates       | 3071968  |
|    std             | 0.0228   |
---------------------------------
---------------------------------
| rollout/           |          |
|    ep_len_mean     | 500      |
|    ep_rew_mean     | -712     |
| time/              |          |
|    episodes        | 296      |
|    fps             | 0        |
|    time_elapsed    | 226037   |
|    total_timesteps | 148000   |
| train/             |          |
|    actor_loss      | 13.1     |
|    critic_loss     | 0.0464   |
|    dstb_ent_coef   | 0.00194  |
|    ent_coef        | 0.00241  |
|    ent_coef_loss   | 0.00553  |
|    n_updates       | 3135968  |
|    std             | 0.0291   |
---------------------------------
---------------------------------
| rollout/           |          |
|    ep_len_mean     | 500      |
|    ep_rew_mean     | -774     |
| time/              |          |
|    episodes        | 296      |
|    fps             | 0        |
|    time_elapsed    | 226159   |
|    total_timesteps | 148000   |
| train/             |          |
|    actor_loss      | 14.7     |
|    critic_loss     | 0.066    |
|    dstb_ent_coef   | 0.00376  |
|    ent_coef        | 0.00212  |
|    ent_coef_loss   | 0.24     |
|    n_updates       | 3135968  |
|    std             | 0.0297   |
---------------------------------
---------------------------------
| rollout/           |          |
|    ep_len_mean     | 500      |
|    ep_rew_mean     | -624     |
| time/              |          |
|    episodes        | 296      |
|    fps             | 0        |
|    time_elapsed    | 226236   |
|    total_timesteps | 148000   |
| train/             |          |
|    actor_loss      | 11.6     |
|    critic_loss     | 0.198    |
|    dstb_ent_coef   | 2.18e+06 |
|    ent_coef        | 0.00401  |
|    ent_coef_loss   | 1.14     |
|    n_updates       | 3135968  |
|    std             | 0.041    |
---------------------------------
---------------------------------
| rollout/           |          |
|    ep_len_mean     | 500      |
|    ep_rew_mean     | -670     |
| time/              |          |
|    episodes        | 296      |
|    fps             | 0        |
|    time_elapsed    | 226236   |
|    total_timesteps | 148000   |
| train/             |          |
|    actor_loss      | 12.5     |
|    critic_loss     | 0.0156   |
|    dstb_ent_coef   | 0.0025   |
|    ent_coef        | 0.00244  |
|    ent_coef_loss   | -0.392   |
|    n_updates       | 3135968  |
|    std             | 0.0272   |
---------------------------------
---------------------------------
| rollout/           |          |
|    ep_len_mean     | 500      |
|    ep_rew_mean     | -750     |
| time/              |          |
|    episodes        | 296      |
|    fps             | 0        |
|    time_elapsed    | 226339   |
|    total_timesteps | 148000   |
| train/             |          |
|    actor_loss      | 14.1     |
|    critic_loss     | 0.0339   |
|    dstb_ent_coef   | 0.00574  |
|    ent_coef        | 0.00423  |
|    ent_coef_loss   | -0.456   |
|    n_updates       | 3135968  |
|    std             | 0.0284   |
---------------------------------
Eval num_timesteps=150000, episode_reward=-905.44 +/- 1184.14
Episode length: 500.00 +/- 0.00
---------------------------------
| eval/              |          |
|    mean_ep_length  | 500      |
|    mean_reward     | -905     |
| time/              |          |
|    total_timesteps | 150000   |
| train/             |          |
|    actor_loss      | 12.8     |
|    critic_loss     | 0.0252   |
|    dstb_ent_coef   | 0.00135  |
|    ent_coef        | 0.00252  |
|    ent_coef_loss   | -0.813   |
|    n_updates       | 3199968  |
---------------------------------
---------------------------------
| rollout/           |          |
|    ep_len_mean     | 500      |
|    ep_rew_mean     | -682     |
| time/              |          |
|    episodes        | 300      |
|    fps             | 0        |
|    time_elapsed    | 230158   |
|    total_timesteps | 150000   |
| train/             |          |
|    std             | 0.0323   |
---------------------------------
Eval num_timesteps=150000, episode_reward=-501.20 +/- 460.61
Episode length: 500.00 +/- 0.00
---------------------------------
| eval/              |          |
|    mean_ep_length  | 500      |
|    mean_reward     | -501     |
| time/              |          |
|    total_timesteps | 150000   |
| train/             |          |
|    actor_loss      | 15.3     |
|    critic_loss     | 0.0229   |
|    dstb_ent_coef   | 0.00838  |
|    ent_coef        | 0.0038   |
|    ent_coef_loss   | 0.0257   |
|    n_updates       | 3199968  |
---------------------------------
---------------------------------
| rollout/           |          |
|    ep_len_mean     | 500      |
|    ep_rew_mean     | -824     |
| time/              |          |
|    episodes        | 300      |
|    fps             | 0        |
|    time_elapsed    | 230283   |
|    total_timesteps | 150000   |
| train/             |          |
|    std             | 0.0397   |
---------------------------------
Eval num_timesteps=150000, episode_reward=-1400.29 +/- 1683.18
Episode length: 500.00 +/- 0.00
---------------------------------
| eval/              |          |
|    mean_ep_length  | 500      |
|    mean_reward     | -1.4e+03 |
| time/              |          |
|    total_timesteps | 150000   |
| train/             |          |
|    actor_loss      | 11.1     |
|    critic_loss     | 0.146    |
|    dstb_ent_coef   | 1.2e+08  |
|    ent_coef        | 0.0014   |
|    ent_coef_loss   | -0.137   |
|    n_updates       | 3199968  |
---------------------------------
---------------------------------
| rollout/           |          |
|    ep_len_mean     | 500      |
|    ep_rew_mean     | -624     |
| time/              |          |
|    episodes        | 300      |
|    fps             | 0        |
|    time_elapsed    | 230352   |
|    total_timesteps | 150000   |
| train/             |          |
|    std             | 0.0284   |
---------------------------------
Eval num_timesteps=150000, episode_reward=-840.08 +/- 1349.84
Episode length: 500.00 +/- 0.00
---------------------------------
| eval/              |          |
|    mean_ep_length  | 500      |
|    mean_reward     | -840     |
| time/              |          |
|    total_timesteps | 150000   |
| train/             |          |
|    actor_loss      | 12.3     |
|    critic_loss     | 0.0135   |
|    dstb_ent_coef   | 0.00909  |
|    ent_coef        | 0.00197  |
|    ent_coef_loss   | 0.458    |
|    n_updates       | 3199968  |
---------------------------------
---------------------------------
| rollout/           |          |
|    ep_len_mean     | 500      |
|    ep_rew_mean     | -670     |
| time/              |          |
|    episodes        | 300      |
|    fps             | 0        |
|    time_elapsed    | 230362   |
|    total_timesteps | 150000   |
| train/             |          |
|    std             | 0.0246   |
---------------------------------
Eval num_timesteps=150000, episode_reward=-805.71 +/- 568.45
Episode length: 500.00 +/- 0.00
---------------------------------
| eval/              |          |
|    mean_ep_length  | 500      |
|    mean_reward     | -806     |
| time/              |          |
|    total_timesteps | 150000   |
| train/             |          |
|    actor_loss      | 14.6     |
|    critic_loss     | 0.00726  |
|    dstb_ent_coef   | 0.00365  |
|    ent_coef        | 0.00247  |
|    ent_coef_loss   | 0.742    |
|    n_updates       | 3199968  |
---------------------------------
---------------------------------
| rollout/           |          |
|    ep_len_mean     | 500      |
|    ep_rew_mean     | -764     |
| time/              |          |
|    episodes        | 300      |
|    fps             | 0        |
|    time_elapsed    | 230463   |
|    total_timesteps | 150000   |
| train/             |          |
|    std             | 0.0255   |
---------------------------------
---------------------------------
| rollout/           |          |
|    ep_len_mean     | 500      |
|    ep_rew_mean     | -665     |
| time/              |          |
|    episodes        | 304      |
|    fps             | 0        |
|    time_elapsed    | 234209   |
|    total_timesteps | 152000   |
| train/             |          |
|    actor_loss      | 12.7     |
|    critic_loss     | 0.0632   |
|    dstb_ent_coef   | 0.00524  |
|    ent_coef        | 0.00197  |
|    ent_coef_loss   | -0.686   |
|    n_updates       | 3263968  |
|    std             | 0.0301   |
---------------------------------
---------------------------------
| rollout/           |          |
|    ep_len_mean     | 500      |
|    ep_rew_mean     | -812     |
| time/              |          |
|    episodes        | 304      |
|    fps             | 0        |
|    time_elapsed    | 234337   |
|    total_timesteps | 152000   |
| train/             |          |
|    actor_loss      | 14.9     |
|    critic_loss     | 0.0383   |
|    dstb_ent_coef   | 0.00351  |
|    ent_coef        | 0.00415  |
|    ent_coef_loss   | 0.134    |
|    n_updates       | 3263968  |
|    std             | 0.0398   |
---------------------------------
---------------------------------
| rollout/           |          |
|    ep_len_mean     | 500      |
|    ep_rew_mean     | -626     |
| time/              |          |
|    episodes        | 304      |
|    fps             | 0        |
|    time_elapsed    | 234397   |
|    total_timesteps | 152000   |
| train/             |          |
|    actor_loss      | 11       |
|    critic_loss     | 0.0677   |
|    dstb_ent_coef   | 6.28e+09 |
|    ent_coef        | 0.00105  |
|    ent_coef_loss   | -1.69    |
|    n_updates       | 3263968  |
|    std             | 0.0226   |
---------------------------------
---------------------------------
| rollout/           |          |
|    ep_len_mean     | 500      |
|    ep_rew_mean     | -673     |
| time/              |          |
|    episodes        | 304      |
|    fps             | 0        |
|    time_elapsed    | 234413   |
|    total_timesteps | 152000   |
| train/             |          |
|    actor_loss      | 12.2     |
|    critic_loss     | 0.0142   |
|    dstb_ent_coef   | 0.00385  |
|    ent_coef        | 0.00331  |
|    ent_coef_loss   | -0.016   |
|    n_updates       | 3263968  |
|    std             | 0.0257   |
---------------------------------
---------------------------------
| rollout/           |          |
|    ep_len_mean     | 500      |
|    ep_rew_mean     | -753     |
| time/              |          |
|    episodes        | 304      |
|    fps             | 0        |
|    time_elapsed    | 234516   |
|    total_timesteps | 152000   |
| train/             |          |
|    actor_loss      | 14       |
|    critic_loss     | 0.0271   |
|    dstb_ent_coef   | 0.00167  |
|    ent_coef        | 0.00389  |
|    ent_coef_loss   | -0.339   |
|    n_updates       | 3263968  |
|    std             | 0.0269   |
---------------------------------
---------------------------------
| rollout/           |          |
|    ep_len_mean     | 500      |
|    ep_rew_mean     | -669     |
| time/              |          |
|    episodes        | 308      |
|    fps             | 0        |
|    time_elapsed    | 238253   |
|    total_timesteps | 154000   |
| train/             |          |
|    actor_loss      | 12.4     |
|    critic_loss     | 0.0559   |
|    dstb_ent_coef   | 0.00108  |
|    ent_coef        | 0.00241  |
|    ent_coef_loss   | -0.069   |
|    n_updates       | 3327968  |
|    std             | 0.0303   |
---------------------------------
---------------------------------
| rollout/           |          |
|    ep_len_mean     | 500      |
|    ep_rew_mean     | -809     |
| time/              |          |
|    episodes        | 308      |
|    fps             | 0        |
|    time_elapsed    | 238398   |
|    total_timesteps | 154000   |
| train/             |          |
|    actor_loss      | 15.3     |
|    critic_loss     | 0.0288   |
|    dstb_ent_coef   | 0.0191   |
|    ent_coef        | 0.00412  |
|    ent_coef_loss   | -0.935   |
|    n_updates       | 3327968  |
|    std             | 0.0395   |
---------------------------------
---------------------------------
| rollout/           |          |
|    ep_len_mean     | 500      |
|    ep_rew_mean     | -616     |
| time/              |          |
|    episodes        | 308      |
|    fps             | 0        |
|    time_elapsed    | 238455   |
|    total_timesteps | 154000   |
| train/             |          |
|    actor_loss      | 11.1     |
|    critic_loss     | 0.0678   |
|    dstb_ent_coef   | 3.11e+11 |
|    ent_coef        | 0.00148  |
|    ent_coef_loss   | -0.125   |
|    n_updates       | 3327968  |
|    std             | 0.026    |
---------------------------------
---------------------------------
| rollout/           |          |
|    ep_len_mean     | 500      |
|    ep_rew_mean     | -645     |
| time/              |          |
|    episodes        | 308      |
|    fps             | 0        |
|    time_elapsed    | 238465   |
|    total_timesteps | 154000   |
| train/             |          |
|    actor_loss      | 12.4     |
|    critic_loss     | 0.0582   |
|    dstb_ent_coef   | 0.00876  |
|    ent_coef        | 0.00408  |
|    ent_coef_loss   | 0.251    |
|    n_updates       | 3327968  |
|    std             | 0.0285   |
---------------------------------
---------------------------------
| rollout/           |          |
|    ep_len_mean     | 500      |
|    ep_rew_mean     | -776     |
| time/              |          |
|    episodes        | 308      |
|    fps             | 0        |
|    time_elapsed    | 238561   |
|    total_timesteps | 154000   |
| train/             |          |
|    actor_loss      | 14.8     |
|    critic_loss     | 0.0613   |
|    dstb_ent_coef   | 0.00175  |
|    ent_coef        | 0.00301  |
|    ent_coef_loss   | -0.318   |
|    n_updates       | 3327968  |
|    std             | 0.0217   |
---------------------------------
---------------------------------
| rollout/           |          |
|    ep_len_mean     | 500      |
|    ep_rew_mean     | -736     |
| time/              |          |
|    episodes        | 312      |
|    fps             | 0        |
|    time_elapsed    | 241751   |
|    total_timesteps | 156000   |
| train/             |          |
|    actor_loss      | 14.4     |
|    critic_loss     | 0.0485   |
|    dstb_ent_coef   | 0.0508   |
|    ent_coef        | 0.00258  |
|    ent_coef_loss   | 0.929    |
|    n_updates       | 3391968  |
|    std             | 0.0344   |
---------------------------------
---------------------------------
| rollout/           |          |
|    ep_len_mean     | 500      |
|    ep_rew_mean     | -813     |
| time/              |          |
|    episodes        | 312      |
|    fps             | 0        |
|    time_elapsed    | 241871   |
|    total_timesteps | 156000   |
| train/             |          |
|    actor_loss      | 15.2     |
|    critic_loss     | 0.0127   |
|    dstb_ent_coef   | 0.00946  |
|    ent_coef        | 0.00381  |
|    ent_coef_loss   | -0.0929  |
|    n_updates       | 3391968  |
|    std             | 0.035    |
---------------------------------
---------------------------------
| rollout/           |          |
|    ep_len_mean     | 500      |
|    ep_rew_mean     | -595     |
| time/              |          |
|    episodes        | 312      |
|    fps             | 0        |
|    time_elapsed    | 241916   |
|    total_timesteps | 156000   |
| train/             |          |
|    actor_loss      | 10.7     |
|    critic_loss     | 0.0331   |
|    dstb_ent_coef   | 1.41e+13 |
|    ent_coef        | 0.000786 |
|    ent_coef_loss   | -0.309   |
|    n_updates       | 3391968  |
|    std             | 0.0259   |
---------------------------------
---------------------------------
| rollout/           |          |
|    ep_len_mean     | 500      |
|    ep_rew_mean     | -679     |
| time/              |          |
|    episodes        | 312      |
|    fps             | 0        |
|    time_elapsed    | 241932   |
|    total_timesteps | 156000   |
| train/             |          |
|    actor_loss      | 12.8     |
|    critic_loss     | 0.0047   |
|    dstb_ent_coef   | 0.00727  |
|    ent_coef        | 0.0032   |
|    ent_coef_loss   | -0.465   |
|    n_updates       | 3391968  |
|    std             | 0.0268   |
---------------------------------
---------------------------------
| rollout/           |          |
|    ep_len_mean     | 500      |
|    ep_rew_mean     | -790     |
| time/              |          |
|    episodes        | 312      |
|    fps             | 0        |
|    time_elapsed    | 242026   |
|    total_timesteps | 156000   |
| train/             |          |
|    actor_loss      | 14.7     |
|    critic_loss     | 0.032    |
|    dstb_ent_coef   | 0.00125  |
|    ent_coef        | 0.0034   |
|    ent_coef_loss   | 0.181    |
|    n_updates       | 3391968  |
|    std             | 0.0207   |
---------------------------------
---------------------------------
| rollout/           |          |
|    ep_len_mean     | 500      |
|    ep_rew_mean     | -772     |
| time/              |          |
|    episodes        | 316      |
|    fps             | 0        |
|    time_elapsed    | 245218   |
|    total_timesteps | 158000   |
| train/             |          |
|    actor_loss      | 14.8     |
|    critic_loss     | 0.0116   |
|    dstb_ent_coef   | 0.000701 |
|    ent_coef        | 0.00317  |
|    ent_coef_loss   | 0.0673   |
|    n_updates       | 3455968  |
|    std             | 0.0381   |
---------------------------------
---------------------------------
| rollout/           |          |
|    ep_len_mean     | 500      |
|    ep_rew_mean     | -796     |
| time/              |          |
|    episodes        | 316      |
|    fps             | 0        |
|    time_elapsed    | 245345   |
|    total_timesteps | 158000   |
| train/             |          |
|    actor_loss      | 15.1     |
|    critic_loss     | 0.0144   |
|    dstb_ent_coef   | 0.00173  |
|    ent_coef        | 0.00372  |
|    ent_coef_loss   | 0.182    |
|    n_updates       | 3455968  |
|    std             | 0.0374   |
---------------------------------
---------------------------------
| rollout/           |          |
|    ep_len_mean     | 500      |
|    ep_rew_mean     | -574     |
| time/              |          |
|    episodes        | 316      |
|    fps             | 0        |
|    time_elapsed    | 245393   |
|    total_timesteps | 158000   |
| train/             |          |
|    actor_loss      | 10.1     |
|    critic_loss     | 0.0464   |
|    dstb_ent_coef   | 7.11e+14 |
|    ent_coef        | 0.0017   |
|    ent_coef_loss   | 0.112    |
|    n_updates       | 3455968  |
|    std             | 0.0283   |
---------------------------------
---------------------------------
| rollout/           |          |
|    ep_len_mean     | 500      |
|    ep_rew_mean     | -664     |
| time/              |          |
|    episodes        | 316      |
|    fps             | 0        |
|    time_elapsed    | 245409   |
|    total_timesteps | 158000   |
| train/             |          |
|    actor_loss      | 12.4     |
|    critic_loss     | 0.00982  |
|    dstb_ent_coef   | 0.00863  |
|    ent_coef        | 0.00422  |
|    ent_coef_loss   | -1.45    |
|    n_updates       | 3455968  |
|    std             | 0.0298   |
---------------------------------
---------------------------------
| rollout/           |          |
|    ep_len_mean     | 500      |
|    ep_rew_mean     | -801     |
| time/              |          |
|    episodes        | 316      |
|    fps             | 0        |
|    time_elapsed    | 245508   |
|    total_timesteps | 158000   |
| train/             |          |
|    actor_loss      | 15       |
|    critic_loss     | 0.035    |
|    dstb_ent_coef   | 0.00283  |
|    ent_coef        | 0.00352  |
|    ent_coef_loss   | 1.13     |
|    n_updates       | 3455968  |
|    std             | 0.0234   |
---------------------------------
Eval num_timesteps=160000, episode_reward=-617.38 +/- 488.22
Episode length: 500.00 +/- 0.00
---------------------------------
| eval/              |          |
|    mean_ep_length  | 500      |
|    mean_reward     | -617     |
| time/              |          |
|    total_timesteps | 160000   |
| train/             |          |
|    actor_loss      | 14.6     |
|    critic_loss     | 0.00998  |
|    dstb_ent_coef   | 0.0013   |
|    ent_coef        | 0.00358  |
|    ent_coef_loss   | -0.308   |
|    n_updates       | 3519968  |
---------------------------------
---------------------------------
| rollout/           |          |
|    ep_len_mean     | 500      |
|    ep_rew_mean     | -762     |
| time/              |          |
|    episodes        | 320      |
|    fps             | 0        |
|    time_elapsed    | 248754   |
|    total_timesteps | 160000   |
| train/             |          |
|    std             | 0.0376   |
---------------------------------
Eval num_timesteps=160000, episode_reward=-605.55 +/- 592.58
Episode length: 500.00 +/- 0.00
---------------------------------
| eval/              |          |
|    mean_ep_length  | 500      |
|    mean_reward     | -606     |
| time/              |          |
|    total_timesteps | 160000   |
| train/             |          |
|    actor_loss      | 15.9     |
|    critic_loss     | 0.0155   |
|    dstb_ent_coef   | 0.0187   |
|    ent_coef        | 0.00512  |
|    ent_coef_loss   | -0.9     |
|    n_updates       | 3519968  |
---------------------------------
---------------------------------
| rollout/           |          |
|    ep_len_mean     | 500      |
|    ep_rew_mean     | -834     |
| time/              |          |
|    episodes        | 320      |
|    fps             | 0        |
|    time_elapsed    | 248880   |
|    total_timesteps | 160000   |
| train/             |          |
|    std             | 0.0353   |
---------------------------------
Eval num_timesteps=160000, episode_reward=-184.26 +/- 99.18
Episode length: 500.00 +/- 0.00
---------------------------------
| eval/              |          |
|    mean_ep_length  | 500      |
|    mean_reward     | -184     |
| time/              |          |
|    total_timesteps | 160000   |
| train/             |          |
|    actor_loss      | 9.86     |
|    critic_loss     | 0.0506   |
|    dstb_ent_coef   | 6.79e+16 |
|    ent_coef        | 0.00161  |
|    ent_coef_loss   | -1.37    |
|    n_updates       | 3519968  |
---------------------------------
New best mean reward!
---------------------------------
| rollout/           |          |
|    ep_len_mean     | 500      |
|    ep_rew_mean     | -560     |
| time/              |          |
|    episodes        | 320      |
|    fps             | 0        |
|    time_elapsed    | 248925   |
|    total_timesteps | 160000   |
| train/             |          |
|    std             | 0.0268   |
---------------------------------
Eval num_timesteps=160000, episode_reward=-1023.48 +/- 1209.59
Episode length: 500.00 +/- 0.00
----------------------------------
| eval/              |           |
|    mean_ep_length  | 500       |
|    mean_reward     | -1.02e+03 |
| time/              |           |
|    total_timesteps | 160000    |
| train/             |           |
|    actor_loss      | 11.9      |
|    critic_loss     | 0.0189    |
|    dstb_ent_coef   | 0.144     |
|    ent_coef        | 0.00221   |
|    ent_coef_loss   | -0.914    |
|    n_updates       | 3519968   |
----------------------------------
---------------------------------
| rollout/           |          |
|    ep_len_mean     | 500      |
|    ep_rew_mean     | -640     |
| time/              |          |
|    episodes        | 320      |
|    fps             | 0        |
|    time_elapsed    | 248940   |
|    total_timesteps | 160000   |
| train/             |          |
|    std             | 0.0232   |
---------------------------------
Eval num_timesteps=160000, episode_reward=-781.11 +/- 418.19
Episode length: 500.00 +/- 0.00
---------------------------------
| eval/              |          |
|    mean_ep_length  | 500      |
|    mean_reward     | -781     |
| time/              |          |
|    total_timesteps | 160000   |
| train/             |          |
|    actor_loss      | 14.5     |
|    critic_loss     | 0.0347   |
|    dstb_ent_coef   | 0.00466  |
|    ent_coef        | 0.00372  |
|    ent_coef_loss   | -0.493   |
|    n_updates       | 3519968  |
---------------------------------
---------------------------------
| rollout/           |          |
|    ep_len_mean     | 500      |
|    ep_rew_mean     | -756     |
| time/              |          |
|    episodes        | 320      |
|    fps             | 0        |
|    time_elapsed    | 249045   |
|    total_timesteps | 160000   |
| train/             |          |
|    std             | 0.0228   |
---------------------------------
---------------------------------
| rollout/           |          |
|    ep_len_mean     | 500      |
|    ep_rew_mean     | -731     |
| time/              |          |
|    episodes        | 324      |
|    fps             | 0        |
|    time_elapsed    | 252215   |
|    total_timesteps | 162000   |
| train/             |          |
|    actor_loss      | 13.8     |
|    critic_loss     | 0.048    |
|    dstb_ent_coef   | 0.00238  |
|    ent_coef        | 0.00356  |
|    ent_coef_loss   | 0.22     |
|    n_updates       | 3583968  |
|    std             | 0.0482   |
---------------------------------
---------------------------------
| rollout/           |          |
|    ep_len_mean     | 500      |
|    ep_rew_mean     | -827     |
| time/              |          |
|    episodes        | 324      |
|    fps             | 0        |
|    time_elapsed    | 252347   |
|    total_timesteps | 162000   |
| train/             |          |
|    actor_loss      | 15.4     |
|    critic_loss     | 0.0169   |
|    dstb_ent_coef   | 0.0267   |
|    ent_coef        | 0.00457  |
|    ent_coef_loss   | 0.146    |
|    n_updates       | 3583968  |
|    std             | 0.0366   |
---------------------------------
---------------------------------
| rollout/           |          |
|    ep_len_mean     | 500      |
|    ep_rew_mean     | -567     |
| time/              |          |
|    episodes        | 324      |
|    fps             | 0        |
|    time_elapsed    | 252395   |
|    total_timesteps | 162000   |
| train/             |          |
|    actor_loss      | 9.56     |
|    critic_loss     | 0.0346   |
|    dstb_ent_coef   | 5.45e+18 |
|    ent_coef        | 0.00118  |
|    ent_coef_loss   | 0.02     |
|    n_updates       | 3583968  |
|    std             | 0.0191   |
---------------------------------
---------------------------------
| rollout/           |          |
|    ep_len_mean     | 500      |
|    ep_rew_mean     | -653     |
| time/              |          |
|    episodes        | 324      |
|    fps             | 0        |
|    time_elapsed    | 252409   |
|    total_timesteps | 162000   |
| train/             |          |
|    actor_loss      | 11.9     |
|    critic_loss     | 0.0136   |
|    dstb_ent_coef   | 0.00596  |
|    ent_coef        | 0.00317  |
|    ent_coef_loss   | 0.213    |
|    n_updates       | 3583968  |
|    std             | 0.0269   |
---------------------------------
---------------------------------
| rollout/           |          |
|    ep_len_mean     | 500      |
|    ep_rew_mean     | -752     |
| time/              |          |
|    episodes        | 324      |
|    fps             | 0        |
|    time_elapsed    | 252518   |
|    total_timesteps | 162000   |
| train/             |          |
|    actor_loss      | 14.2     |
|    critic_loss     | 0.0298   |
|    dstb_ent_coef   | 0.00256  |
|    ent_coef        | 0.00314  |
|    ent_coef_loss   | 0.286    |
|    n_updates       | 3583968  |
|    std             | 0.0212   |
---------------------------------
---------------------------------
| rollout/           |          |
|    ep_len_mean     | 500      |
|    ep_rew_mean     | -713     |
| time/              |          |
|    episodes        | 328      |
|    fps             | 0        |
|    time_elapsed    | 255687   |
|    total_timesteps | 164000   |
| train/             |          |
|    actor_loss      | 13.4     |
|    critic_loss     | 0.0181   |
|    dstb_ent_coef   | 0.00109  |
|    ent_coef        | 0.00264  |
|    ent_coef_loss   | 0.35     |
|    n_updates       | 3647968  |
|    std             | 0.0449   |
---------------------------------
---------------------------------
| rollout/           |          |
|    ep_len_mean     | 500      |
|    ep_rew_mean     | -812     |
| time/              |          |
|    episodes        | 328      |
|    fps             | 0        |
|    time_elapsed    | 255819   |
|    total_timesteps | 164000   |
| train/             |          |
|    actor_loss      | 15       |
|    critic_loss     | 0.0351   |
|    dstb_ent_coef   | 0.0119   |
|    ent_coef        | 0.00274  |
|    ent_coef_loss   | 0.762    |
|    n_updates       | 3647968  |
|    std             | 0.0299   |
---------------------------------
---------------------------------
| rollout/           |          |
|    ep_len_mean     | 500      |
|    ep_rew_mean     | -561     |
| time/              |          |
|    episodes        | 328      |
|    fps             | 0        |
|    time_elapsed    | 255869   |
|    total_timesteps | 164000   |
| train/             |          |
|    actor_loss      | 9.29     |
|    critic_loss     | 0.0265   |
|    dstb_ent_coef   | 4.36e+20 |
|    ent_coef        | 0.00111  |
|    ent_coef_loss   | 0.595    |
|    n_updates       | 3647968  |
|    std             | 0.0176   |
---------------------------------
---------------------------------
| rollout/           |          |
|    ep_len_mean     | 500      |
|    ep_rew_mean     | -624     |
| time/              |          |
|    episodes        | 328      |
|    fps             | 0        |
|    time_elapsed    | 255883   |
|    total_timesteps | 164000   |
| train/             |          |
|    actor_loss      | 11.5     |
|    critic_loss     | 0.0205   |
|    dstb_ent_coef   | 0.00446  |
|    ent_coef        | 0.00271  |
|    ent_coef_loss   | -0.633   |
|    n_updates       | 3647968  |
|    std             | 0.0255   |
---------------------------------
---------------------------------
| rollout/           |          |
|    ep_len_mean     | 500      |
|    ep_rew_mean     | -740     |
| time/              |          |
|    episodes        | 328      |
|    fps             | 0        |
|    time_elapsed    | 255996   |
|    total_timesteps | 164000   |
| train/             |          |
|    actor_loss      | 13.9     |
|    critic_loss     | 0.0137   |
|    dstb_ent_coef   | 0.00145  |
|    ent_coef        | 0.0032   |
|    ent_coef_loss   | -0.321   |
|    n_updates       | 3647968  |
|    std             | 0.023    |
---------------------------------
---------------------------------
| rollout/           |          |
|    ep_len_mean     | 500      |
|    ep_rew_mean     | -748     |
| time/              |          |
|    episodes        | 332      |
|    fps             | 0        |
|    time_elapsed    | 259158   |
|    total_timesteps | 166000   |
| train/             |          |
|    actor_loss      | 14.3     |
|    critic_loss     | 0.0522   |
|    dstb_ent_coef   | 0.00129  |
|    ent_coef        | 0.00394  |
|    ent_coef_loss   | -0.348   |
|    n_updates       | 3711968  |
|    std             | 0.0425   |
---------------------------------
---------------------------------
| rollout/           |          |
|    ep_len_mean     | 500      |
|    ep_rew_mean     | -799     |
| time/              |          |
|    episodes        | 332      |
|    fps             | 0        |
|    time_elapsed    | 259292   |
|    total_timesteps | 166000   |
| train/             |          |
|    actor_loss      | 15.5     |
|    critic_loss     | 0.0209   |
|    dstb_ent_coef   | 0.0071   |
|    ent_coef        | 0.00295  |
|    ent_coef_loss   | -0.942   |
|    n_updates       | 3711968  |
|    std             | 0.0293   |
---------------------------------
---------------------------------
| rollout/           |          |
|    ep_len_mean     | 500      |
|    ep_rew_mean     | -558     |
| time/              |          |
|    episodes        | 332      |
|    fps             | 0        |
|    time_elapsed    | 259337   |
|    total_timesteps | 166000   |
| train/             |          |
|    actor_loss      | 9.45     |
|    critic_loss     | 0.0232   |
|    dstb_ent_coef   | 3.4e+22  |
|    ent_coef        | 0.00136  |
|    ent_coef_loss   | 0.497    |
|    n_updates       | 3711968  |
|    std             | 0.0211   |
---------------------------------
---------------------------------
| rollout/           |          |
|    ep_len_mean     | 500      |
|    ep_rew_mean     | -597     |
| time/              |          |
|    episodes        | 332      |
|    fps             | 0        |
|    time_elapsed    | 259354   |
|    total_timesteps | 166000   |
| train/             |          |
|    actor_loss      | 11.2     |
|    critic_loss     | 0.0334   |
|    dstb_ent_coef   | 0.00715  |
|    ent_coef        | 0.00229  |
|    ent_coef_loss   | 0.521    |
|    n_updates       | 3711968  |
|    std             | 0.0214   |
---------------------------------
---------------------------------
| rollout/           |          |
|    ep_len_mean     | 500      |
|    ep_rew_mean     | -730     |
| time/              |          |
|    episodes        | 332      |
|    fps             | 0        |
|    time_elapsed    | 259466   |
|    total_timesteps | 166000   |
| train/             |          |
|    actor_loss      | 13.7     |
|    critic_loss     | 0.0217   |
|    dstb_ent_coef   | 0.00179  |
|    ent_coef        | 0.00347  |
|    ent_coef_loss   | 0.24     |
|    n_updates       | 3711968  |
|    std             | 0.018    |
---------------------------------
---------------------------------
| rollout/           |          |
|    ep_len_mean     | 500      |
|    ep_rew_mean     | -770     |
| time/              |          |
|    episodes        | 336      |
|    fps             | 0        |
|    time_elapsed    | 262633   |
|    total_timesteps | 168000   |
| train/             |          |
|    actor_loss      | 14.5     |
|    critic_loss     | 0.0777   |
|    dstb_ent_coef   | 0.000967 |
|    ent_coef        | 0.0029   |
|    ent_coef_loss   | -0.489   |
|    n_updates       | 3775968  |
|    std             | 0.0448   |
---------------------------------
---------------------------------
| rollout/           |          |
|    ep_len_mean     | 500      |
|    ep_rew_mean     | -798     |
| time/              |          |
|    episodes        | 336      |
|    fps             | 0        |
|    time_elapsed    | 262772   |
|    total_timesteps | 168000   |
| train/             |          |
|    actor_loss      | 15.2     |
|    critic_loss     | 0.0163   |
|    dstb_ent_coef   | 0.0117   |
|    ent_coef        | 0.00339  |
|    ent_coef_loss   | 0.777    |
|    n_updates       | 3775968  |
|    std             | 0.0311   |
---------------------------------
---------------------------------
| rollout/           |          |
|    ep_len_mean     | 500      |
|    ep_rew_mean     | -517     |
| time/              |          |
|    episodes        | 336      |
|    fps             | 0        |
|    time_elapsed    | 262815   |
|    total_timesteps | 168000   |
| train/             |          |
|    actor_loss      | 8.84     |
|    critic_loss     | 0.0402   |
|    dstb_ent_coef   | 2.27e+24 |
|    ent_coef        | 0.0015   |
|    ent_coef_loss   | 0.066    |
|    n_updates       | 3775968  |
|    std             | 0.0189   |
---------------------------------
---------------------------------
| rollout/           |          |
|    ep_len_mean     | 500      |
|    ep_rew_mean     | -610     |
| time/              |          |
|    episodes        | 336      |
|    fps             | 0        |
|    time_elapsed    | 262832   |
|    total_timesteps | 168000   |
| train/             |          |
|    actor_loss      | 11.7     |
|    critic_loss     | 0.0211   |
|    dstb_ent_coef   | 0.0101   |
|    ent_coef        | 0.00336  |
|    ent_coef_loss   | -0.146   |
|    n_updates       | 3775968  |
|    std             | 0.0248   |
---------------------------------
---------------------------------
| rollout/           |          |
|    ep_len_mean     | 500      |
|    ep_rew_mean     | -758     |
| time/              |          |
|    episodes        | 336      |
|    fps             | 0        |
|    time_elapsed    | 262948   |
|    total_timesteps | 168000   |
| train/             |          |
|    actor_loss      | 14.3     |
|    critic_loss     | 0.02     |
|    dstb_ent_coef   | 0.00184  |
|    ent_coef        | 0.00478  |
|    ent_coef_loss   | 0.229    |
|    n_updates       | 3775968  |
|    std             | 0.0204   |
---------------------------------
Eval num_timesteps=170000, episode_reward=-434.98 +/- 400.92
Episode length: 500.00 +/- 0.00
---------------------------------
| eval/              |          |
|    mean_ep_length  | 500      |
|    mean_reward     | -435     |
| time/              |          |
|    total_timesteps | 170000   |
| train/             |          |
|    actor_loss      | 14.9     |
|    critic_loss     | 0.0107   |
|    dstb_ent_coef   | 0.00332  |
|    ent_coef        | 0.00347  |
|    ent_coef_loss   | -0.732   |
|    n_updates       | 3839968  |
---------------------------------
---------------------------------
| rollout/           |          |
|    ep_len_mean     | 500      |
|    ep_rew_mean     | -786     |
| time/              |          |
|    episodes        | 340      |
|    fps             | 0        |
|    time_elapsed    | 266158   |
|    total_timesteps | 170000   |
| train/             |          |
|    std             | 0.0468   |
---------------------------------
Eval num_timesteps=170000, episode_reward=-1277.64 +/- 1597.83
Episode length: 500.00 +/- 0.00
----------------------------------
| eval/              |           |
|    mean_ep_length  | 500       |
|    mean_reward     | -1.28e+03 |
| time/              |           |
|    total_timesteps | 170000    |
| train/             |           |
|    actor_loss      | 15.2      |
|    critic_loss     | 0.0163    |
|    dstb_ent_coef   | 0.00964   |
|    ent_coef        | 0.00303   |
|    ent_coef_loss   | 0.688     |
|    n_updates       | 3839968   |
----------------------------------
---------------------------------
| rollout/           |          |
|    ep_len_mean     | 500      |
|    ep_rew_mean     | -800     |
| time/              |          |
|    episodes        | 340      |
|    fps             | 0        |
|    time_elapsed    | 266298   |
|    total_timesteps | 170000   |
| train/             |          |
|    std             | 0.0279   |
---------------------------------
Eval num_timesteps=170000, episode_reward=-590.56 +/- 1058.50
Episode length: 500.00 +/- 0.00
---------------------------------
| eval/              |          |
|    mean_ep_length  | 500      |
|    mean_reward     | -591     |
| time/              |          |
|    total_timesteps | 170000   |
| train/             |          |
|    actor_loss      | 8.21     |
|    critic_loss     | 0.0277   |
|    dstb_ent_coef   | 1.4e+26  |
|    ent_coef        | 0.00108  |
|    ent_coef_loss   | 1.43     |
|    n_updates       | 3839968  |
---------------------------------
---------------------------------
| rollout/           |          |
|    ep_len_mean     | 500      |
|    ep_rew_mean     | -502     |
| time/              |          |
|    episodes        | 340      |
|    fps             | 0        |
|    time_elapsed    | 266343   |
|    total_timesteps | 170000   |
| train/             |          |
|    std             | 0.0158   |
---------------------------------
Eval num_timesteps=170000, episode_reward=-528.06 +/- 409.29
Episode length: 500.00 +/- 0.00
---------------------------------
| eval/              |          |
|    mean_ep_length  | 500      |
|    mean_reward     | -528     |
| time/              |          |
|    total_timesteps | 170000   |
| train/             |          |
|    actor_loss      | 12.2     |
|    critic_loss     | 0.0569   |
|    dstb_ent_coef   | 0.0146   |
|    ent_coef        | 0.00326  |
|    ent_coef_loss   | -2.47    |
|    n_updates       | 3839968  |
---------------------------------
New best mean reward!
---------------------------------
| rollout/           |          |
|    ep_len_mean     | 500      |
|    ep_rew_mean     | -645     |
| time/              |          |
|    episodes        | 340      |
|    fps             | 0        |
|    time_elapsed    | 266360   |
|    total_timesteps | 170000   |
| train/             |          |
|    std             | 0.0278   |
---------------------------------
Eval num_timesteps=170000, episode_reward=-1035.12 +/- 521.65
Episode length: 500.00 +/- 0.00
----------------------------------
| eval/              |           |
|    mean_ep_length  | 500       |
|    mean_reward     | -1.04e+03 |
| time/              |           |
|    total_timesteps | 170000    |
| train/             |           |
|    actor_loss      | 14.4      |
|    critic_loss     | 0.0231    |
|    dstb_ent_coef   | 0.00239   |
|    ent_coef        | 0.00383   |
|    ent_coef_loss   | -0.0766   |
|    n_updates       | 3839968   |
----------------------------------
---------------------------------
| rollout/           |          |
|    ep_len_mean     | 500      |
|    ep_rew_mean     | -768     |
| time/              |          |
|    episodes        | 340      |
|    fps             | 0        |
|    time_elapsed    | 266474   |
|    total_timesteps | 170000   |
| train/             |          |
|    std             | 0.0203   |
---------------------------------
---------------------------------
| rollout/           |          |
|    ep_len_mean     | 500      |
|    ep_rew_mean     | -779     |
| time/              |          |
|    episodes        | 344      |
|    fps             | 0        |
|    time_elapsed    | 269615   |
|    total_timesteps | 172000   |
| train/             |          |
|    actor_loss      | 14.8     |
|    critic_loss     | 0.0253   |
|    dstb_ent_coef   | 0.0335   |
|    ent_coef        | 0.00384  |
|    ent_coef_loss   | -0.974   |
|    n_updates       | 3903968  |
|    std             | 0.0516   |
---------------------------------
---------------------------------
| rollout/           |          |
|    ep_len_mean     | 500      |
|    ep_rew_mean     | -768     |
| time/              |          |
|    episodes        | 344      |
|    fps             | 0        |
|    time_elapsed    | 269759   |
|    total_timesteps | 172000   |
| train/             |          |
|    actor_loss      | 14.3     |
|    critic_loss     | 0.0211   |
|    dstb_ent_coef   | 0.00431  |
|    ent_coef        | 0.003    |
|    ent_coef_loss   | 0.235    |
|    n_updates       | 3903968  |
|    std             | 0.0251   |
---------------------------------
---------------------------------
| rollout/           |          |
|    ep_len_mean     | 500      |
|    ep_rew_mean     | -504     |
| time/              |          |
|    episodes        | 344      |
|    fps             | 0        |
|    time_elapsed    | 269808   |
|    total_timesteps | 172000   |
| train/             |          |
|    actor_loss      | 8.52     |
|    critic_loss     | 0.0274   |
|    dstb_ent_coef   | 9.13e+27 |
|    ent_coef        | 0.00114  |
|    ent_coef_loss   | -1.7     |
|    n_updates       | 3903968  |
|    std             | 0.0131   |
---------------------------------
---------------------------------
| rollout/           |          |
|    ep_len_mean     | 500      |
|    ep_rew_mean     | -649     |
| time/              |          |
|    episodes        | 344      |
|    fps             | 0        |
|    time_elapsed    | 269821   |
|    total_timesteps | 172000   |
| train/             |          |
|    actor_loss      | 12.2     |
|    critic_loss     | 0.0222   |
|    dstb_ent_coef   | 0.00237  |
|    ent_coef        | 0.00356  |
|    ent_coef_loss   | 0.926    |
|    n_updates       | 3903968  |
|    std             | 0.0279   |
---------------------------------
---------------------------------
| rollout/           |          |
|    ep_len_mean     | 500      |
|    ep_rew_mean     | -763     |
| time/              |          |
|    episodes        | 344      |
|    fps             | 0        |
|    time_elapsed    | 269946   |
|    total_timesteps | 172000   |
| train/             |          |
|    actor_loss      | 14.3     |
|    critic_loss     | 0.0375   |
|    dstb_ent_coef   | 0.00195  |
|    ent_coef        | 0.00346  |
|    ent_coef_loss   | -0.0509  |
|    n_updates       | 3903968  |
|    std             | 0.0169   |
---------------------------------
---------------------------------
| rollout/           |          |
|    ep_len_mean     | 500      |
|    ep_rew_mean     | -768     |
| time/              |          |
|    episodes        | 348      |
|    fps             | 0        |
|    time_elapsed    | 273089   |
|    total_timesteps | 174000   |
| train/             |          |
|    actor_loss      | 14.4     |
|    critic_loss     | 0.0182   |
|    dstb_ent_coef   | 0.00348  |
|    ent_coef        | 0.00353  |
|    ent_coef_loss   | -2.43    |
|    n_updates       | 3967968  |
|    std             | 0.0582   |
---------------------------------
---------------------------------
| rollout/           |          |
|    ep_len_mean     | 500      |
|    ep_rew_mean     | -767     |
| time/              |          |
|    episodes        | 348      |
|    fps             | 0        |
|    time_elapsed    | 273234   |
|    total_timesteps | 174000   |
| train/             |          |
|    actor_loss      | 14.3     |
|    critic_loss     | 0.012    |
|    dstb_ent_coef   | 0.0829   |
|    ent_coef        | 0.00279  |
|    ent_coef_loss   | 0.371    |
|    n_updates       | 3967968  |
|    std             | 0.0241   |
---------------------------------
---------------------------------
| rollout/           |          |
|    ep_len_mean     | 500      |
|    ep_rew_mean     | -487     |
| time/              |          |
|    episodes        | 348      |
|    fps             | 0        |
|    time_elapsed    | 273288   |
|    total_timesteps | 174000   |
| train/             |          |
|    actor_loss      | 8.12     |
|    critic_loss     | 0.0264   |
|    dstb_ent_coef   | 4.48e+29 |
|    ent_coef        | 0.000977 |
|    ent_coef_loss   | 1.23     |
|    n_updates       | 3967968  |
|    std             | 0.0132   |
---------------------------------
---------------------------------
| rollout/           |          |
|    ep_len_mean     | 500      |
|    ep_rew_mean     | -648     |
| time/              |          |
|    episodes        | 348      |
|    fps             | 0        |
|    time_elapsed    | 273305   |
|    total_timesteps | 174000   |
| train/             |          |
|    actor_loss      | 12.2     |
|    critic_loss     | 0.00839  |
|    dstb_ent_coef   | 0.00368  |
|    ent_coef        | 0.00257  |
|    ent_coef_loss   | -1.13    |
|    n_updates       | 3967968  |
|    std             | 0.0262   |
---------------------------------
---------------------------------
| rollout/           |          |
|    ep_len_mean     | 500      |
|    ep_rew_mean     | -765     |
| time/              |          |
|    episodes        | 348      |
|    fps             | 0        |
|    time_elapsed    | 273428   |
|    total_timesteps | 174000   |
| train/             |          |
|    actor_loss      | 14.7     |
|    critic_loss     | 0.0175   |
|    dstb_ent_coef   | 0.00399  |
|    ent_coef        | 0.00423  |
|    ent_coef_loss   | -0.802   |
|    n_updates       | 3967968  |
|    std             | 0.0189   |
---------------------------------
---------------------------------
| rollout/           |          |
|    ep_len_mean     | 500      |
|    ep_rew_mean     | -772     |
| time/              |          |
|    episodes        | 352      |
|    fps             | 0        |
|    time_elapsed    | 276539   |
|    total_timesteps | 176000   |
| train/             |          |
|    actor_loss      | 14.9     |
|    critic_loss     | 0.0312   |
|    dstb_ent_coef   | 0.00515  |
|    ent_coef        | 0.00297  |
|    ent_coef_loss   | -0.375   |
|    n_updates       | 4031968  |
|    std             | 0.0569   |
---------------------------------
---------------------------------
| rollout/           |          |
|    ep_len_mean     | 500      |
|    ep_rew_mean     | -756     |
| time/              |          |
|    episodes        | 352      |
|    fps             | 0        |
|    time_elapsed    | 276679   |
|    total_timesteps | 176000   |
| train/             |          |
|    actor_loss      | 14.4     |
|    critic_loss     | 0.0096   |
|    dstb_ent_coef   | 0.0157   |
|    ent_coef        | 0.00321  |
|    ent_coef_loss   | -1.08    |
|    n_updates       | 4031968  |
|    std             | 0.0229   |
---------------------------------
---------------------------------
| rollout/           |          |
|    ep_len_mean     | 500      |
|    ep_rew_mean     | -660     |
| time/              |          |
|    episodes        | 352      |
|    fps             | 0        |
|    time_elapsed    | 276746   |
|    total_timesteps | 176000   |
| train/             |          |
|    actor_loss      | 12.5     |
|    critic_loss     | 0.0232   |
|    dstb_ent_coef   | 0.0101   |
|    ent_coef        | 0.00284  |
|    ent_coef_loss   | -0.102   |
|    n_updates       | 4031968  |
|    std             | 0.0271   |
---------------------------------
---------------------------------
| rollout/           |          |
|    ep_len_mean     | 500      |
|    ep_rew_mean     | -714     |
| time/              |          |
|    episodes        | 352      |
|    fps             | 0        |
|    time_elapsed    | 276862   |
|    total_timesteps | 176000   |
| train/             |          |
|    actor_loss      | 13.4     |
|    critic_loss     | 0.0232   |
|    dstb_ent_coef   | 0.00164  |
|    ent_coef        | 0.00436  |
|    ent_coef_loss   | 0.955    |
|    n_updates       | 4031968  |
|    std             | 0.02     |
---------------------------------
---------------------------------
| rollout/           |          |
|    ep_len_mean     | 500      |
|    ep_rew_mean     | -778     |
| time/              |          |
|    episodes        | 356      |
|    fps             | 0        |
|    time_elapsed    | 279830   |
|    total_timesteps | 178000   |
| train/             |          |
|    actor_loss      | 15       |
|    critic_loss     | 0.0319   |
|    dstb_ent_coef   | 0.00978  |
|    ent_coef        | 0.00305  |
|    ent_coef_loss   | 0.212    |
|    n_updates       | 4095968  |
|    std             | 0.05     |
---------------------------------
---------------------------------
| rollout/           |          |
|    ep_len_mean     | 500      |
|    ep_rew_mean     | -767     |
| time/              |          |
|    episodes        | 356      |
|    fps             | 0        |
|    time_elapsed    | 279970   |
|    total_timesteps | 178000   |
| train/             |          |
|    actor_loss      | 14.9     |
|    critic_loss     | 0.00836  |
|    dstb_ent_coef   | 0.00706  |
|    ent_coef        | 0.00285  |
|    ent_coef_loss   | -0.125   |
|    n_updates       | 4095968  |
|    std             | 0.0231   |
---------------------------------
---------------------------------
| rollout/           |          |
|    ep_len_mean     | 500      |
|    ep_rew_mean     | -653     |
| time/              |          |
|    episodes        | 356      |
|    fps             | 0        |
|    time_elapsed    | 280039   |
|    total_timesteps | 178000   |
| train/             |          |
|    actor_loss      | 12.4     |
|    critic_loss     | 0.00549  |
|    dstb_ent_coef   | 0.00213  |
|    ent_coef        | 0.00262  |
|    ent_coef_loss   | 1.43     |
|    n_updates       | 4095968  |
|    std             | 0.023    |
---------------------------------
---------------------------------
| rollout/           |          |
|    ep_len_mean     | 500      |
|    ep_rew_mean     | -714     |
| time/              |          |
|    episodes        | 356      |
|    fps             | 0        |
|    time_elapsed    | 280153   |
|    total_timesteps | 178000   |
| train/             |          |
|    actor_loss      | 14       |
|    critic_loss     | 0.0646   |
|    dstb_ent_coef   | 0.00104  |
|    ent_coef        | 0.00342  |
|    ent_coef_loss   | 0.557    |
|    n_updates       | 4095968  |
|    std             | 0.0179   |
---------------------------------
Eval num_timesteps=180000, episode_reward=-1781.65 +/- 591.05
Episode length: 500.00 +/- 0.00
----------------------------------
| eval/              |           |
|    mean_ep_length  | 500       |
|    mean_reward     | -1.78e+03 |
| time/              |           |
|    total_timesteps | 180000    |
| train/             |           |
|    actor_loss      | 14.8      |
|    critic_loss     | 0.0533    |
|    dstb_ent_coef   | 1.2       |
|    ent_coef        | 0.00267   |
|    ent_coef_loss   | 0.255     |
|    n_updates       | 4159968   |
----------------------------------
---------------------------------
| rollout/           |          |
|    ep_len_mean     | 500      |
|    ep_rew_mean     | -793     |
| time/              |          |
|    episodes        | 360      |
|    fps             | 0        |
|    time_elapsed    | 283171   |
|    total_timesteps | 180000   |
| train/             |          |
|    std             | 0.0435   |
---------------------------------
Eval num_timesteps=180000, episode_reward=-725.87 +/- 1231.35
Episode length: 500.00 +/- 0.00
---------------------------------
| eval/              |          |
|    mean_ep_length  | 500      |
|    mean_reward     | -726     |
| time/              |          |
|    total_timesteps | 180000   |
| train/             |          |
|    actor_loss      | 13.8     |
|    critic_loss     | 0.014    |
|    dstb_ent_coef   | 0.0293   |
|    ent_coef        | 0.00328  |
|    ent_coef_loss   | 0.433    |
|    n_updates       | 4159968  |
---------------------------------
---------------------------------
| rollout/           |          |
|    ep_len_mean     | 500      |
|    ep_rew_mean     | -735     |
| time/              |          |
|    episodes        | 360      |
|    fps             | 0        |
|    time_elapsed    | 283313   |
|    total_timesteps | 180000   |
| train/             |          |
|    std             | 0.0277   |
---------------------------------
Eval num_timesteps=180000, episode_reward=-554.72 +/- 524.92
Episode length: 500.00 +/- 0.00
---------------------------------
| eval/              |          |
|    mean_ep_length  | 500      |
|    mean_reward     | -555     |
| time/              |          |
|    total_timesteps | 180000   |
| train/             |          |
|    actor_loss      | 13.1     |
|    critic_loss     | 0.00926  |
|    dstb_ent_coef   | 0.00729  |
|    ent_coef        | 0.00169  |
|    ent_coef_loss   | -1.24    |
|    n_updates       | 4159968  |
---------------------------------
---------------------------------
| rollout/           |          |
|    ep_len_mean     | 500      |
|    ep_rew_mean     | -701     |
| time/              |          |
|    episodes        | 360      |
|    fps             | 0        |
|    time_elapsed    | 283383   |
|    total_timesteps | 180000   |
| train/             |          |
|    std             | 0.0247   |
---------------------------------
Eval num_timesteps=180000, episode_reward=-306.96 +/- 297.97
Episode length: 500.00 +/- 0.00
---------------------------------
| eval/              |          |
|    mean_ep_length  | 500      |
|    mean_reward     | -307     |
| time/              |          |
|    total_timesteps | 180000   |
| train/             |          |
|    actor_loss      | 13.2     |
|    critic_loss     | 0.0346   |
|    dstb_ent_coef   | 0.000913 |
|    ent_coef        | 0.00268  |
|    ent_coef_loss   | -0.0399  |
|    n_updates       | 4159968  |
---------------------------------
New best mean reward!
---------------------------------
| rollout/           |          |
|    ep_len_mean     | 500      |
|    ep_rew_mean     | -709     |
| time/              |          |
|    episodes        | 360      |
|    fps             | 0        |
|    time_elapsed    | 283495   |
|    total_timesteps | 180000   |
| train/             |          |
|    std             | 0.0149   |
---------------------------------
---------------------------------
| rollout/           |          |
|    ep_len_mean     | 500      |
|    ep_rew_mean     | -782     |
| time/              |          |
|    episodes        | 364      |
|    fps             | 0        |
|    time_elapsed    | 286446   |
|    total_timesteps | 182000   |
| train/             |          |
|    actor_loss      | 15       |
|    critic_loss     | 0.0161   |
|    dstb_ent_coef   | 0.0406   |
|    ent_coef        | 0.00213  |
|    ent_coef_loss   | 0.322    |
|    n_updates       | 4223968  |
|    std             | 0.0349   |
---------------------------------
---------------------------------
| rollout/           |          |
|    ep_len_mean     | 500      |
|    ep_rew_mean     | -741     |
| time/              |          |
|    episodes        | 364      |
|    fps             | 0        |
|    time_elapsed    | 286591   |
|    total_timesteps | 182000   |
| train/             |          |
|    actor_loss      | 13.9     |
|    critic_loss     | 0.00733  |
|    dstb_ent_coef   | 0.0121   |
|    ent_coef        | 0.00422  |
|    ent_coef_loss   | -0.0929  |
|    n_updates       | 4223968  |
|    std             | 0.0277   |
---------------------------------
---------------------------------
| rollout/           |          |
|    ep_len_mean     | 500      |
|    ep_rew_mean     | -704     |
| time/              |          |
|    episodes        | 364      |
|    fps             | 0        |
|    time_elapsed    | 286663   |
|    total_timesteps | 182000   |
| train/             |          |
|    actor_loss      | 13.3     |
|    critic_loss     | 0.017    |
|    dstb_ent_coef   | 0.0211   |
|    ent_coef        | 0.00326  |
|    ent_coef_loss   | -0.845   |
|    n_updates       | 4223968  |
|    std             | 0.0257   |
---------------------------------
---------------------------------
| rollout/           |          |
|    ep_len_mean     | 500      |
|    ep_rew_mean     | -720     |
| time/              |          |
|    episodes        | 364      |
|    fps             | 0        |
|    time_elapsed    | 286778   |
|    total_timesteps | 182000   |
| train/             |          |
|    actor_loss      | 13.6     |
|    critic_loss     | 0.0345   |
|    dstb_ent_coef   | 0.00834  |
|    ent_coef        | 0.00378  |
|    ent_coef_loss   | -0.719   |
|    n_updates       | 4223968  |
|    std             | 0.0173   |
---------------------------------
---------------------------------
| rollout/           |          |
|    ep_len_mean     | 500      |
|    ep_rew_mean     | -740     |
| time/              |          |
|    episodes        | 368      |
|    fps             | 0        |
|    time_elapsed    | 289727   |
|    total_timesteps | 184000   |
| train/             |          |
|    actor_loss      | 14       |
|    critic_loss     | 0.0191   |
|    dstb_ent_coef   | 0.00651  |
|    ent_coef        | 0.00305  |
|    ent_coef_loss   | 0.221    |
|    n_updates       | 4287968  |
|    std             | 0.0198   |
---------------------------------
---------------------------------
| rollout/           |          |
|    ep_len_mean     | 500      |
|    ep_rew_mean     | -739     |
| time/              |          |
|    episodes        | 368      |
|    fps             | 0        |
|    time_elapsed    | 289874   |
|    total_timesteps | 184000   |
| train/             |          |
|    actor_loss      | 13.6     |
|    critic_loss     | 0.0104   |
|    dstb_ent_coef   | 0.0152   |
|    ent_coef        | 0.0029   |
|    ent_coef_loss   | 0.463    |
|    n_updates       | 4287968  |
|    std             | 0.0283   |
---------------------------------
---------------------------------
| rollout/           |          |
|    ep_len_mean     | 500      |
|    ep_rew_mean     | -697     |
| time/              |          |
|    episodes        | 368      |
|    fps             | 0        |
|    time_elapsed    | 289945   |
|    total_timesteps | 184000   |
| train/             |          |
|    actor_loss      | 13.2     |
|    critic_loss     | 0.0165   |
|    dstb_ent_coef   | 0.0534   |
|    ent_coef        | 0.00233  |
|    ent_coef_loss   | 1.69     |
|    n_updates       | 4287968  |
|    std             | 0.0261   |
---------------------------------
---------------------------------
| rollout/           |          |
|    ep_len_mean     | 500      |
|    ep_rew_mean     | -693     |
| time/              |          |
|    episodes        | 368      |
|    fps             | 0        |
|    time_elapsed    | 290060   |
|    total_timesteps | 184000   |
| train/             |          |
|    actor_loss      | 12.9     |
|    critic_loss     | 0.0156   |
|    dstb_ent_coef   | 0.00138  |
|    ent_coef        | 0.00247  |
|    ent_coef_loss   | 0.404    |
|    n_updates       | 4287968  |
|    std             | 0.0157   |
---------------------------------
---------------------------------
| rollout/           |          |
|    ep_len_mean     | 500      |
|    ep_rew_mean     | -696     |
| time/              |          |
|    episodes        | 372      |
|    fps             | 0        |
|    time_elapsed    | 292998   |
|    total_timesteps | 186000   |
| train/             |          |
|    actor_loss      | 13.2     |
|    critic_loss     | 0.00867  |
|    dstb_ent_coef   | 0.0169   |
|    ent_coef        | 0.00182  |
|    ent_coef_loss   | 0.549    |
|    n_updates       | 4351968  |
|    std             | 0.0167   |
---------------------------------
---------------------------------
| rollout/           |          |
|    ep_len_mean     | 500      |
|    ep_rew_mean     | -781     |
| time/              |          |
|    episodes        | 372      |
|    fps             | 0        |
|    time_elapsed    | 293149   |
|    total_timesteps | 186000   |
| train/             |          |
|    actor_loss      | 14.7     |
|    critic_loss     | 0.0178   |
|    dstb_ent_coef   | 0.015    |
|    ent_coef        | 0.00425  |
|    ent_coef_loss   | 0.975    |
|    n_updates       | 4351968  |
|    std             | 0.0307   |
---------------------------------
---------------------------------
| rollout/           |          |
|    ep_len_mean     | 500      |
|    ep_rew_mean     | -697     |
| time/              |          |
|    episodes        | 372      |
|    fps             | 0        |
|    time_elapsed    | 293221   |
|    total_timesteps | 186000   |
| train/             |          |
|    actor_loss      | 13.2     |
|    critic_loss     | 0.0172   |
|    dstb_ent_coef   | 0.00823  |
|    ent_coef        | 0.0033   |
|    ent_coef_loss   | 0.547    |
|    n_updates       | 4351968  |
|    std             | 0.0251   |
---------------------------------
---------------------------------
| rollout/           |          |
|    ep_len_mean     | 500      |
|    ep_rew_mean     | -672     |
| time/              |          |
|    episodes        | 372      |
|    fps             | 0        |
|    time_elapsed    | 293339   |
|    total_timesteps | 186000   |
| train/             |          |
|    actor_loss      | 12.5     |
|    critic_loss     | 0.0186   |
|    dstb_ent_coef   | 0.00125  |
|    ent_coef        | 0.00242  |
|    ent_coef_loss   | -0.703   |
|    n_updates       | 4351968  |
|    std             | 0.0146   |
---------------------------------
---------------------------------
| rollout/           |          |
|    ep_len_mean     | 500      |
|    ep_rew_mean     | -719     |
| time/              |          |
|    episodes        | 376      |
|    fps             | 0        |
|    time_elapsed    | 296289   |
|    total_timesteps | 188000   |
| train/             |          |
|    actor_loss      | 13.4     |
|    critic_loss     | 0.0261   |
|    dstb_ent_coef   | 0.0016   |
|    ent_coef        | 0.00145  |
|    ent_coef_loss   | -1.13    |
|    n_updates       | 4415968  |
|    std             | 0.0133   |
---------------------------------
---------------------------------
| rollout/           |          |
|    ep_len_mean     | 500      |
|    ep_rew_mean     | -789     |
| time/              |          |
|    episodes        | 376      |
|    fps             | 0        |
|    time_elapsed    | 296440   |
|    total_timesteps | 188000   |
| train/             |          |
|    actor_loss      | 15       |
|    critic_loss     | 0.0162   |
|    dstb_ent_coef   | 0.0107   |
|    ent_coef        | 0.00357  |
|    ent_coef_loss   | -0.764   |
|    n_updates       | 4415968  |
|    std             | 0.0266   |
---------------------------------
---------------------------------
| rollout/           |          |
|    ep_len_mean     | 500      |
|    ep_rew_mean     | -684     |
| time/              |          |
|    episodes        | 376      |
|    fps             | 0        |
|    time_elapsed    | 296514   |
|    total_timesteps | 188000   |
| train/             |          |
|    actor_loss      | 12.7     |
|    critic_loss     | 0.0121   |
|    dstb_ent_coef   | 0.00489  |
|    ent_coef        | 0.00313  |
|    ent_coef_loss   | -1.57    |
|    n_updates       | 4415968  |
|    std             | 0.0261   |
---------------------------------
---------------------------------
| rollout/           |          |
|    ep_len_mean     | 500      |
|    ep_rew_mean     | -672     |
| time/              |          |
|    episodes        | 376      |
|    fps             | 0        |
|    time_elapsed    | 296633   |
|    total_timesteps | 188000   |
| train/             |          |
|    actor_loss      | 12.8     |
|    critic_loss     | 0.0207   |
|    dstb_ent_coef   | 0.00176  |
|    ent_coef        | 0.00348  |
|    ent_coef_loss   | 0.981    |
|    n_updates       | 4415968  |
|    std             | 0.0149   |
---------------------------------
