nohup: ignoring input
wandb: Currently logged in as: jw4406 (safe-princeton). Use `wandb login --relogin` to force relogin
wandb: Appending key for api.wandb.ai to your netrc file: /home/jw4406/.netrc
wandb: Currently logged in as: jw4406. Use `wandb login --relogin` to force relogin
wandb: Currently logged in as: jw4406. Use `wandb login --relogin` to force relogin
wandb: wandb version 0.17.7 is available!  To upgrade, please run:
wandb:  $ pip install wandb --upgrade
wandb: Tracking run with wandb version 0.17.6
wandb: Run data is saved locally in /home/jw4406/codebase/stable-baselines3/stable_baselines3/wandb/run-20240826_011002-sjynczdm
wandb: Run `wandb offline` to turn off syncing.
wandb: wandb version 0.17.7 is available!  To upgrade, please run:
wandb:  $ pip install wandb --upgrade
wandb: Tracking run with wandb version 0.17.6
wandb: Run data is saved locally in /home/jw4406/codebase/stable-baselines3/stable_baselines3/wandb/run-20240826_011002-8pob5btn
wandb: Run `wandb offline` to turn off syncing.
wandb: Syncing run hearty-smoke-107
wandb: ⭐️ View project at https://wandb.ai/jw4406/stac_pend
wandb: 🚀 View run at https://wandb.ai/jw4406/stac_pend/runs/sjynczdm
wandb: Syncing run youthful-snowflake-106
wandb: ⭐️ View project at https://wandb.ai/jw4406/stac_pend
wandb: 🚀 View run at https://wandb.ai/jw4406/stac_pend/runs/8pob5btn
Using cuda device
Wrapping the env with a `Monitor` wrapper
Wrapping the env in a DummyVecEnv.
----------------------------------
| rollout/           |           |
|    ep_len_mean     | 200       |
|    ep_rew_mean     | -1.09e+03 |
| time/              |           |
|    episodes        | 4         |
|    fps             | 628       |
|    time_elapsed    | 1         |
|    total_timesteps | 800       |
| train/             |           |
|    std             | 1         |
----------------------------------
Using cuda device
Wrapping the env with a `Monitor` wrapper
Wrapping the env in a DummyVecEnv.
----------------------------------
| rollout/           |           |
|    ep_len_mean     | 200       |
|    ep_rew_mean     | -1.21e+03 |
| time/              |           |
|    episodes        | 4         |
|    fps             | 628       |
|    time_elapsed    | 1         |
|    total_timesteps | 800       |
| train/             |           |
|    std             | 1         |
----------------------------------
/home/jw4406/codebase/stable-baselines3/stable_baselines3/common/save_util.py:278: UserWarning: Path 'competitive_models/stsac_pend_hl3_len200_55_1_replay_buffer_1000_steps.pkl' exists, will overwrite it.
  warnings.warn(f"Path '{path}' exists, will overwrite it.")
/home/jw4406/codebase/stable-baselines3/stable_baselines3/common/save_util.py:278: UserWarning: Path 'competitive_models/stsac_pend_hl3_len200_55_0_replay_buffer_1000_steps.pkl' exists, will overwrite it.
  warnings.warn(f"Path '{path}' exists, will overwrite it.")
----------------------------------
| rollout/           |           |
|    ep_len_mean     | 200       |
|    ep_rew_mean     | -1.36e+03 |
| time/              |           |
|    episodes        | 8         |
|    fps             | 614       |
|    time_elapsed    | 2         |
|    total_timesteps | 1600      |
| train/             |           |
|    std             | 1         |
----------------------------------
----------------------------------
| rollout/           |           |
|    ep_len_mean     | 200       |
|    ep_rew_mean     | -1.17e+03 |
| time/              |           |
|    episodes        | 8         |
|    fps             | 610       |
|    time_elapsed    | 2         |
|    total_timesteps | 1600      |
| train/             |           |
|    std             | 1         |
----------------------------------
/home/jw4406/codebase/stable-baselines3/stable_baselines3/common/save_util.py:278: UserWarning: Path 'competitive_models/stsac_pend_hl3_len200_55_1_replay_buffer_2000_steps.pkl' exists, will overwrite it.
  warnings.warn(f"Path '{path}' exists, will overwrite it.")
/home/jw4406/codebase/stable-baselines3/stable_baselines3/common/save_util.py:278: UserWarning: Path 'competitive_models/stsac_pend_hl3_len200_55_0_replay_buffer_2000_steps.pkl' exists, will overwrite it.
  warnings.warn(f"Path '{path}' exists, will overwrite it.")
----------------------------------
| rollout/           |           |
|    ep_len_mean     | 200       |
|    ep_rew_mean     | -1.28e+03 |
| time/              |           |
|    episodes        | 12        |
|    fps             | 644       |
|    time_elapsed    | 3         |
|    total_timesteps | 2400      |
| train/             |           |
|    std             | 1         |
----------------------------------
----------------------------------
| rollout/           |           |
|    ep_len_mean     | 200       |
|    ep_rew_mean     | -1.19e+03 |
| time/              |           |
|    episodes        | 12        |
|    fps             | 642       |
|    time_elapsed    | 3         |
|    total_timesteps | 2400      |
| train/             |           |
|    std             | 1         |
----------------------------------
/home/jw4406/codebase/stable-baselines3/stable_baselines3/common/save_util.py:278: UserWarning: Path 'competitive_models/stsac_pend_hl3_len200_55_1_replay_buffer_3000_steps.pkl' exists, will overwrite it.
  warnings.warn(f"Path '{path}' exists, will overwrite it.")
/home/jw4406/codebase/stable-baselines3/stable_baselines3/common/save_util.py:278: UserWarning: Path 'competitive_models/stsac_pend_hl3_len200_55_0_replay_buffer_3000_steps.pkl' exists, will overwrite it.
  warnings.warn(f"Path '{path}' exists, will overwrite it.")
----------------------------------
| rollout/           |           |
|    ep_len_mean     | 200       |
|    ep_rew_mean     | -1.25e+03 |
| time/              |           |
|    episodes        | 16        |
|    fps             | 658       |
|    time_elapsed    | 4         |
|    total_timesteps | 3200      |
| train/             |           |
|    std             | 1         |
----------------------------------
----------------------------------
| rollout/           |           |
|    ep_len_mean     | 200       |
|    ep_rew_mean     | -1.24e+03 |
| time/              |           |
|    episodes        | 16        |
|    fps             | 656       |
|    time_elapsed    | 4         |
|    total_timesteps | 3200      |
| train/             |           |
|    std             | 1         |
----------------------------------
/home/jw4406/codebase/stable-baselines3/stable_baselines3/common/save_util.py:278: UserWarning: Path 'competitive_models/stsac_pend_hl3_len200_55_1_replay_buffer_4000_steps.pkl' exists, will overwrite it.
  warnings.warn(f"Path '{path}' exists, will overwrite it.")
----------------------------------
| rollout/           |           |
|    ep_len_mean     | 200       |
|    ep_rew_mean     | -1.27e+03 |
| time/              |           |
|    episodes        | 20        |
|    fps             | 673       |
|    time_elapsed    | 5         |
|    total_timesteps | 4000      |
| train/             |           |
|    std             | 1         |
----------------------------------
/home/jw4406/codebase/stable-baselines3/stable_baselines3/common/save_util.py:278: UserWarning: Path 'competitive_models/stsac_pend_hl3_len200_55_0_replay_buffer_4000_steps.pkl' exists, will overwrite it.
  warnings.warn(f"Path '{path}' exists, will overwrite it.")
----------------------------------
| rollout/           |           |
|    ep_len_mean     | 200       |
|    ep_rew_mean     | -1.24e+03 |
| time/              |           |
|    episodes        | 20        |
|    fps             | 672       |
|    time_elapsed    | 5         |
|    total_timesteps | 4000      |
| train/             |           |
|    std             | 1         |
----------------------------------
----------------------------------
| rollout/           |           |
|    ep_len_mean     | 200       |
|    ep_rew_mean     | -1.27e+03 |
| time/              |           |
|    episodes        | 24        |
|    fps             | 679       |
|    time_elapsed    | 7         |
|    total_timesteps | 4800      |
| train/             |           |
|    std             | 1         |
----------------------------------
----------------------------------
| rollout/           |           |
|    ep_len_mean     | 200       |
|    ep_rew_mean     | -1.22e+03 |
| time/              |           |
|    episodes        | 24        |
|    fps             | 677       |
|    time_elapsed    | 7         |
|    total_timesteps | 4800      |
| train/             |           |
|    std             | 1         |
----------------------------------
/home/jw4406/codebase/stable-baselines3/stable_baselines3/common/save_util.py:278: UserWarning: Path 'competitive_models/stsac_pend_hl3_len200_55_1_replay_buffer_5000_steps.pkl' exists, will overwrite it.
  warnings.warn(f"Path '{path}' exists, will overwrite it.")
/home/jw4406/codebase/stable-baselines3/stable_baselines3/common/save_util.py:278: UserWarning: Path 'competitive_models/stsac_pend_hl3_len200_55_0_replay_buffer_5000_steps.pkl' exists, will overwrite it.
  warnings.warn(f"Path '{path}' exists, will overwrite it.")
----------------------------------
| rollout/           |           |
|    ep_len_mean     | 200       |
|    ep_rew_mean     | -1.23e+03 |
| time/              |           |
|    episodes        | 28        |
|    fps             | 686       |
|    time_elapsed    | 8         |
|    total_timesteps | 5600      |
| train/             |           |
|    std             | 1         |
----------------------------------
---------------------------------
| rollout/           |          |
|    ep_len_mean     | 200      |
|    ep_rew_mean     | -1.2e+03 |
| time/              |          |
|    episodes        | 28       |
|    fps             | 685      |
|    time_elapsed    | 8        |
|    total_timesteps | 5600     |
| train/             |          |
|    std             | 1        |
---------------------------------
/home/jw4406/codebase/stable-baselines3/stable_baselines3/common/save_util.py:278: UserWarning: Path 'competitive_models/stsac_pend_hl3_len200_55_1_replay_buffer_6000_steps.pkl' exists, will overwrite it.
  warnings.warn(f"Path '{path}' exists, will overwrite it.")
/home/jw4406/codebase/stable-baselines3/stable_baselines3/common/save_util.py:278: UserWarning: Path 'competitive_models/stsac_pend_hl3_len200_55_0_replay_buffer_6000_steps.pkl' exists, will overwrite it.
  warnings.warn(f"Path '{path}' exists, will overwrite it.")
----------------------------------
| rollout/           |           |
|    ep_len_mean     | 200       |
|    ep_rew_mean     | -1.23e+03 |
| time/              |           |
|    episodes        | 32        |
|    fps             | 688       |
|    time_elapsed    | 9         |
|    total_timesteps | 6400      |
| train/             |           |
|    std             | 1         |
----------------------------------
----------------------------------
| rollout/           |           |
|    ep_len_mean     | 200       |
|    ep_rew_mean     | -1.23e+03 |
| time/              |           |
|    episodes        | 32        |
|    fps             | 687       |
|    time_elapsed    | 9         |
|    total_timesteps | 6400      |
| train/             |           |
|    std             | 1         |
----------------------------------
/home/jw4406/codebase/stable-baselines3/stable_baselines3/common/save_util.py:278: UserWarning: Path 'competitive_models/stsac_pend_hl3_len200_55_1_replay_buffer_7000_steps.pkl' exists, will overwrite it.
  warnings.warn(f"Path '{path}' exists, will overwrite it.")
/home/jw4406/codebase/stable-baselines3/stable_baselines3/common/save_util.py:278: UserWarning: Path 'competitive_models/stsac_pend_hl3_len200_55_0_replay_buffer_7000_steps.pkl' exists, will overwrite it.
  warnings.warn(f"Path '{path}' exists, will overwrite it.")
---------------------------------
| rollout/           |          |
|    ep_len_mean     | 200      |
|    ep_rew_mean     | -1.2e+03 |
| time/              |          |
|    episodes        | 36       |
|    fps             | 691      |
|    time_elapsed    | 10       |
|    total_timesteps | 7200     |
| train/             |          |
|    std             | 1        |
---------------------------------
----------------------------------
| rollout/           |           |
|    ep_len_mean     | 200       |
|    ep_rew_mean     | -1.24e+03 |
| time/              |           |
|    episodes        | 36        |
|    fps             | 690       |
|    time_elapsed    | 10        |
|    total_timesteps | 7200      |
| train/             |           |
|    std             | 1         |
----------------------------------
/home/jw4406/codebase/stable-baselines3/stable_baselines3/common/save_util.py:278: UserWarning: Path 'competitive_models/stsac_pend_hl3_len200_55_1_replay_buffer_8000_steps.pkl' exists, will overwrite it.
  warnings.warn(f"Path '{path}' exists, will overwrite it.")
----------------------------------
| rollout/           |           |
|    ep_len_mean     | 200       |
|    ep_rew_mean     | -1.18e+03 |
| time/              |           |
|    episodes        | 40        |
|    fps             | 694       |
|    time_elapsed    | 11        |
|    total_timesteps | 8000      |
| train/             |           |
|    std             | 1         |
----------------------------------
/home/jw4406/codebase/stable-baselines3/stable_baselines3/common/save_util.py:278: UserWarning: Path 'competitive_models/stsac_pend_hl3_len200_55_0_replay_buffer_8000_steps.pkl' exists, will overwrite it.
  warnings.warn(f"Path '{path}' exists, will overwrite it.")
----------------------------------
| rollout/           |           |
|    ep_len_mean     | 200       |
|    ep_rew_mean     | -1.27e+03 |
| time/              |           |
|    episodes        | 40        |
|    fps             | 693       |
|    time_elapsed    | 11        |
|    total_timesteps | 8000      |
| train/             |           |
|    std             | 1         |
----------------------------------
----------------------------------
| rollout/           |           |
|    ep_len_mean     | 200       |
|    ep_rew_mean     | -1.18e+03 |
| time/              |           |
|    episodes        | 44        |
|    fps             | 695       |
|    time_elapsed    | 12        |
|    total_timesteps | 8800      |
| train/             |           |
|    std             | 1         |
----------------------------------
----------------------------------
| rollout/           |           |
|    ep_len_mean     | 200       |
|    ep_rew_mean     | -1.26e+03 |
| time/              |           |
|    episodes        | 44        |
|    fps             | 693       |
|    time_elapsed    | 12        |
|    total_timesteps | 8800      |
| train/             |           |
|    std             | 1         |
----------------------------------
/home/jw4406/codebase/stable-baselines3/stable_baselines3/common/save_util.py:278: UserWarning: Path 'competitive_models/stsac_pend_hl3_len200_55_1_replay_buffer_9000_steps.pkl' exists, will overwrite it.
  warnings.warn(f"Path '{path}' exists, will overwrite it.")
/home/jw4406/codebase/stable-baselines3/stable_baselines3/common/save_util.py:278: UserWarning: Path 'competitive_models/stsac_pend_hl3_len200_55_0_replay_buffer_9000_steps.pkl' exists, will overwrite it.
  warnings.warn(f"Path '{path}' exists, will overwrite it.")
---------------------------------
| rollout/           |          |
|    ep_len_mean     | 200      |
|    ep_rew_mean     | -1.2e+03 |
| time/              |          |
|    episodes        | 48       |
|    fps             | 697      |
|    time_elapsed    | 13       |
|    total_timesteps | 9600     |
| train/             |          |
|    std             | 1        |
---------------------------------
----------------------------------
| rollout/           |           |
|    ep_len_mean     | 200       |
|    ep_rew_mean     | -1.26e+03 |
| time/              |           |
|    episodes        | 48        |
|    fps             | 696       |
|    time_elapsed    | 13        |
|    total_timesteps | 9600      |
| train/             |           |
|    std             | 1         |
----------------------------------
/home/jw4406/codebase/stable-baselines3/stable_baselines3/common/evaluation.py:67: UserWarning: Evaluation environment is not wrapped with a ``Monitor`` wrapper. This may result in reporting modified episode lengths and rewards, if other wrappers happen to modify these. Consider wrapping environment first with ``Monitor`` wrapper.
  warnings.warn(
/home/jw4406/codebase/stable-baselines3/stable_baselines3/common/evaluation.py:67: UserWarning: Evaluation environment is not wrapped with a ``Monitor`` wrapper. This may result in reporting modified episode lengths and rewards, if other wrappers happen to modify these. Consider wrapping environment first with ``Monitor`` wrapper.
  warnings.warn(
Eval num_timesteps=10000, episode_reward=-1414.67 +/- 298.20
Episode length: 200.00 +/- 0.00
----------------------------------
| eval/              |           |
|    mean_ep_length  | 200       |
|    mean_reward     | -1.41e+03 |
| time/              |           |
|    total_timesteps | 10000     |
----------------------------------
/home/jw4406/codebase/stable-baselines3/stable_baselines3/common/save_util.py:278: UserWarning: Path 'competitive_models/stsac_pend_hl3_len200_55_1_replay_buffer_10000_steps.pkl' exists, will overwrite it.
  warnings.warn(f"Path '{path}' exists, will overwrite it.")
Eval num_timesteps=10000, episode_reward=-1388.06 +/- 320.55
Episode length: 200.00 +/- 0.00
----------------------------------
| eval/              |           |
|    mean_ep_length  | 200       |
|    mean_reward     | -1.39e+03 |
| time/              |           |
|    total_timesteps | 10000     |
----------------------------------
/home/jw4406/codebase/stable-baselines3/stable_baselines3/common/save_util.py:278: UserWarning: Path 'competitive_models/stsac_pend_hl3_len200_55_0_replay_buffer_10000_steps.pkl' exists, will overwrite it.
  warnings.warn(f"Path '{path}' exists, will overwrite it.")
New best mean reward!
---------------------------------
| rollout/           |          |
|    ep_len_mean     | 200      |
|    ep_rew_mean     | -1.2e+03 |
| time/              |          |
|    episodes        | 52       |
|    fps             | 547      |
|    time_elapsed    | 18       |
|    total_timesteps | 10400    |
| train/             |          |
|    std             | 1        |
---------------------------------
New best mean reward!
----------------------------------
| rollout/           |           |
|    ep_len_mean     | 200       |
|    ep_rew_mean     | -1.24e+03 |
| time/              |           |
|    episodes        | 52        |
|    fps             | 546       |
|    time_elapsed    | 19        |
|    total_timesteps | 10400     |
| train/             |           |
|    std             | 1         |
----------------------------------
/home/jw4406/codebase/stable-baselines3/stable_baselines3/common/save_util.py:278: UserWarning: Path 'competitive_models/stsac_pend_hl3_len200_55_1_replay_buffer_11000_steps.pkl' exists, will overwrite it.
  warnings.warn(f"Path '{path}' exists, will overwrite it.")
/home/jw4406/codebase/stable-baselines3/stable_baselines3/common/save_util.py:278: UserWarning: Path 'competitive_models/stsac_pend_hl3_len200_55_0_replay_buffer_11000_steps.pkl' exists, will overwrite it.
  warnings.warn(f"Path '{path}' exists, will overwrite it.")
----------------------------------
| rollout/           |           |
|    ep_len_mean     | 200       |
|    ep_rew_mean     | -1.21e+03 |
| time/              |           |
|    episodes        | 56        |
|    fps             | 557       |
|    time_elapsed    | 20        |
|    total_timesteps | 11200     |
| train/             |           |
|    std             | 1         |
----------------------------------
----------------------------------
| rollout/           |           |
|    ep_len_mean     | 200       |
|    ep_rew_mean     | -1.22e+03 |
| time/              |           |
|    episodes        | 56        |
|    fps             | 556       |
|    time_elapsed    | 20        |
|    total_timesteps | 11200     |
| train/             |           |
|    std             | 1         |
----------------------------------
/home/jw4406/codebase/stable-baselines3/stable_baselines3/common/save_util.py:278: UserWarning: Path 'competitive_models/stsac_pend_hl3_len200_55_1_replay_buffer_12000_steps.pkl' exists, will overwrite it.
  warnings.warn(f"Path '{path}' exists, will overwrite it.")
----------------------------------
| rollout/           |           |
|    ep_len_mean     | 200       |
|    ep_rew_mean     | -1.22e+03 |
| time/              |           |
|    episodes        | 60        |
|    fps             | 564       |
|    time_elapsed    | 21        |
|    total_timesteps | 12000     |
| train/             |           |
|    std             | 1         |
----------------------------------
/home/jw4406/codebase/stable-baselines3/stable_baselines3/common/save_util.py:278: UserWarning: Path 'competitive_models/stsac_pend_hl3_len200_55_0_replay_buffer_12000_steps.pkl' exists, will overwrite it.
  warnings.warn(f"Path '{path}' exists, will overwrite it.")
----------------------------------
| rollout/           |           |
|    ep_len_mean     | 200       |
|    ep_rew_mean     | -1.22e+03 |
| time/              |           |
|    episodes        | 60        |
|    fps             | 563       |
|    time_elapsed    | 21        |
|    total_timesteps | 12000     |
| train/             |           |
|    std             | 1         |
----------------------------------
----------------------------------
| rollout/           |           |
|    ep_len_mean     | 200       |
|    ep_rew_mean     | -1.23e+03 |
| time/              |           |
|    episodes        | 64        |
|    fps             | 572       |
|    time_elapsed    | 22        |
|    total_timesteps | 12800     |
| train/             |           |
|    std             | 1         |
----------------------------------
----------------------------------
| rollout/           |           |
|    ep_len_mean     | 200       |
|    ep_rew_mean     | -1.23e+03 |
| time/              |           |
|    episodes        | 64        |
|    fps             | 572       |
|    time_elapsed    | 22        |
|    total_timesteps | 12800     |
| train/             |           |
|    std             | 1         |
----------------------------------
/home/jw4406/codebase/stable-baselines3/stable_baselines3/common/save_util.py:278: UserWarning: Path 'competitive_models/stsac_pend_hl3_len200_55_1_replay_buffer_13000_steps.pkl' exists, will overwrite it.
  warnings.warn(f"Path '{path}' exists, will overwrite it.")
/home/jw4406/codebase/stable-baselines3/stable_baselines3/common/save_util.py:278: UserWarning: Path 'competitive_models/stsac_pend_hl3_len200_55_0_replay_buffer_13000_steps.pkl' exists, will overwrite it.
  warnings.warn(f"Path '{path}' exists, will overwrite it.")
----------------------------------
| rollout/           |           |
|    ep_len_mean     | 200       |
|    ep_rew_mean     | -1.23e+03 |
| time/              |           |
|    episodes        | 68        |
|    fps             | 579       |
|    time_elapsed    | 23        |
|    total_timesteps | 13600     |
| train/             |           |
|    std             | 1         |
----------------------------------
----------------------------------
| rollout/           |           |
|    ep_len_mean     | 200       |
|    ep_rew_mean     | -1.23e+03 |
| time/              |           |
|    episodes        | 68        |
|    fps             | 578       |
|    time_elapsed    | 23        |
|    total_timesteps | 13600     |
| train/             |           |
|    std             | 1         |
----------------------------------
/home/jw4406/codebase/stable-baselines3/stable_baselines3/common/save_util.py:278: UserWarning: Path 'competitive_models/stsac_pend_hl3_len200_55_1_replay_buffer_14000_steps.pkl' exists, will overwrite it.
  warnings.warn(f"Path '{path}' exists, will overwrite it.")
/home/jw4406/codebase/stable-baselines3/stable_baselines3/common/save_util.py:278: UserWarning: Path 'competitive_models/stsac_pend_hl3_len200_55_0_replay_buffer_14000_steps.pkl' exists, will overwrite it.
  warnings.warn(f"Path '{path}' exists, will overwrite it.")
----------------------------------
| rollout/           |           |
|    ep_len_mean     | 200       |
|    ep_rew_mean     | -1.22e+03 |
| time/              |           |
|    episodes        | 72        |
|    fps             | 586       |
|    time_elapsed    | 24        |
|    total_timesteps | 14400     |
| train/             |           |
|    std             | 1         |
----------------------------------
----------------------------------
| rollout/           |           |
|    ep_len_mean     | 200       |
|    ep_rew_mean     | -1.24e+03 |
| time/              |           |
|    episodes        | 72        |
|    fps             | 586       |
|    time_elapsed    | 24        |
|    total_timesteps | 14400     |
| train/             |           |
|    std             | 1         |
----------------------------------
/home/jw4406/codebase/stable-baselines3/stable_baselines3/common/save_util.py:278: UserWarning: Path 'competitive_models/stsac_pend_hl3_len200_55_1_replay_buffer_15000_steps.pkl' exists, will overwrite it.
  warnings.warn(f"Path '{path}' exists, will overwrite it.")
/home/jw4406/codebase/stable-baselines3/stable_baselines3/common/save_util.py:278: UserWarning: Path 'competitive_models/stsac_pend_hl3_len200_55_0_replay_buffer_15000_steps.pkl' exists, will overwrite it.
  warnings.warn(f"Path '{path}' exists, will overwrite it.")
----------------------------------
| rollout/           |           |
|    ep_len_mean     | 200       |
|    ep_rew_mean     | -1.21e+03 |
| time/              |           |
|    episodes        | 76        |
|    fps             | 591       |
|    time_elapsed    | 25        |
|    total_timesteps | 15200     |
| train/             |           |
|    std             | 1         |
----------------------------------
----------------------------------
| rollout/           |           |
|    ep_len_mean     | 200       |
|    ep_rew_mean     | -1.24e+03 |
| time/              |           |
|    episodes        | 76        |
|    fps             | 591       |
|    time_elapsed    | 25        |
|    total_timesteps | 15200     |
| train/             |           |
|    std             | 1         |
----------------------------------
/home/jw4406/codebase/stable-baselines3/stable_baselines3/common/save_util.py:278: UserWarning: Path 'competitive_models/stsac_pend_hl3_len200_55_1_replay_buffer_16000_steps.pkl' exists, will overwrite it.
  warnings.warn(f"Path '{path}' exists, will overwrite it.")
----------------------------------
| rollout/           |           |
|    ep_len_mean     | 200       |
|    ep_rew_mean     | -1.22e+03 |
| time/              |           |
|    episodes        | 80        |
|    fps             | 597       |
|    time_elapsed    | 26        |
|    total_timesteps | 16000     |
| train/             |           |
|    std             | 1         |
----------------------------------
/home/jw4406/codebase/stable-baselines3/stable_baselines3/common/save_util.py:278: UserWarning: Path 'competitive_models/stsac_pend_hl3_len200_55_0_replay_buffer_16000_steps.pkl' exists, will overwrite it.
  warnings.warn(f"Path '{path}' exists, will overwrite it.")
----------------------------------
| rollout/           |           |
|    ep_len_mean     | 200       |
|    ep_rew_mean     | -1.23e+03 |
| time/              |           |
|    episodes        | 80        |
|    fps             | 597       |
|    time_elapsed    | 26        |
|    total_timesteps | 16000     |
| train/             |           |
|    std             | 1         |
----------------------------------
----------------------------------
| rollout/           |           |
|    ep_len_mean     | 200       |
|    ep_rew_mean     | -1.21e+03 |
| time/              |           |
|    episodes        | 84        |
|    fps             | 602       |
|    time_elapsed    | 27        |
|    total_timesteps | 16800     |
| train/             |           |
|    std             | 1         |
----------------------------------
----------------------------------
| rollout/           |           |
|    ep_len_mean     | 200       |
|    ep_rew_mean     | -1.24e+03 |
| time/              |           |
|    episodes        | 84        |
|    fps             | 601       |
|    time_elapsed    | 27        |
|    total_timesteps | 16800     |
| train/             |           |
|    std             | 1         |
----------------------------------
/home/jw4406/codebase/stable-baselines3/stable_baselines3/common/save_util.py:278: UserWarning: Path 'competitive_models/stsac_pend_hl3_len200_55_1_replay_buffer_17000_steps.pkl' exists, will overwrite it.
  warnings.warn(f"Path '{path}' exists, will overwrite it.")
/home/jw4406/codebase/stable-baselines3/stable_baselines3/common/save_util.py:278: UserWarning: Path 'competitive_models/stsac_pend_hl3_len200_55_0_replay_buffer_17000_steps.pkl' exists, will overwrite it.
  warnings.warn(f"Path '{path}' exists, will overwrite it.")
----------------------------------
| rollout/           |           |
|    ep_len_mean     | 200       |
|    ep_rew_mean     | -1.21e+03 |
| time/              |           |
|    episodes        | 88        |
|    fps             | 607       |
|    time_elapsed    | 28        |
|    total_timesteps | 17600     |
| train/             |           |
|    std             | 1         |
----------------------------------
----------------------------------
| rollout/           |           |
|    ep_len_mean     | 200       |
|    ep_rew_mean     | -1.24e+03 |
| time/              |           |
|    episodes        | 88        |
|    fps             | 606       |
|    time_elapsed    | 29        |
|    total_timesteps | 17600     |
| train/             |           |
|    std             | 1         |
----------------------------------
/home/jw4406/codebase/stable-baselines3/stable_baselines3/common/save_util.py:278: UserWarning: Path 'competitive_models/stsac_pend_hl3_len200_55_1_replay_buffer_18000_steps.pkl' exists, will overwrite it.
  warnings.warn(f"Path '{path}' exists, will overwrite it.")
/home/jw4406/codebase/stable-baselines3/stable_baselines3/common/save_util.py:278: UserWarning: Path 'competitive_models/stsac_pend_hl3_len200_55_0_replay_buffer_18000_steps.pkl' exists, will overwrite it.
  warnings.warn(f"Path '{path}' exists, will overwrite it.")
----------------------------------
| rollout/           |           |
|    ep_len_mean     | 200       |
|    ep_rew_mean     | -1.22e+03 |
| time/              |           |
|    episodes        | 92        |
|    fps             | 611       |
|    time_elapsed    | 30        |
|    total_timesteps | 18400     |
| train/             |           |
|    std             | 1         |
----------------------------------
----------------------------------
| rollout/           |           |
|    ep_len_mean     | 200       |
|    ep_rew_mean     | -1.23e+03 |
| time/              |           |
|    episodes        | 92        |
|    fps             | 610       |
|    time_elapsed    | 30        |
|    total_timesteps | 18400     |
| train/             |           |
|    std             | 1         |
----------------------------------
/home/jw4406/codebase/stable-baselines3/stable_baselines3/common/save_util.py:278: UserWarning: Path 'competitive_models/stsac_pend_hl3_len200_55_1_replay_buffer_19000_steps.pkl' exists, will overwrite it.
  warnings.warn(f"Path '{path}' exists, will overwrite it.")
/home/jw4406/codebase/stable-baselines3/stable_baselines3/common/save_util.py:278: UserWarning: Path 'competitive_models/stsac_pend_hl3_len200_55_0_replay_buffer_19000_steps.pkl' exists, will overwrite it.
  warnings.warn(f"Path '{path}' exists, will overwrite it.")
----------------------------------
| rollout/           |           |
|    ep_len_mean     | 200       |
|    ep_rew_mean     | -1.21e+03 |
| time/              |           |
|    episodes        | 96        |
|    fps             | 614       |
|    time_elapsed    | 31        |
|    total_timesteps | 19200     |
| train/             |           |
|    std             | 1         |
----------------------------------
----------------------------------
| rollout/           |           |
|    ep_len_mean     | 200       |
|    ep_rew_mean     | -1.23e+03 |
| time/              |           |
|    episodes        | 96        |
|    fps             | 613       |
|    time_elapsed    | 31        |
|    total_timesteps | 19200     |
| train/             |           |
|    std             | 1         |
----------------------------------
Eval num_timesteps=20000, episode_reward=-1105.77 +/- 291.40
Episode length: 200.00 +/- 0.00
----------------------------------
| eval/              |           |
|    mean_ep_length  | 200       |
|    mean_reward     | -1.11e+03 |
| time/              |           |
|    total_timesteps | 20000     |
----------------------------------
/home/jw4406/codebase/stable-baselines3/stable_baselines3/common/save_util.py:278: UserWarning: Path 'competitive_models/stsac_pend_hl3_len200_55_1_replay_buffer_20000_steps.pkl' exists, will overwrite it.
  warnings.warn(f"Path '{path}' exists, will overwrite it.")
New best mean reward!
----------------------------------
| rollout/           |           |
|    ep_len_mean     | 200       |
|    ep_rew_mean     | -1.21e+03 |
| time/              |           |
|    episodes        | 100       |
|    fps             | 548       |
|    time_elapsed    | 36        |
|    total_timesteps | 20000     |
| train/             |           |
|    std             | 1         |
----------------------------------
Eval num_timesteps=20000, episode_reward=-1154.00 +/- 198.40
Episode length: 200.00 +/- 0.00
----------------------------------
| eval/              |           |
|    mean_ep_length  | 200       |
|    mean_reward     | -1.15e+03 |
| time/              |           |
|    total_timesteps | 20000     |
----------------------------------
/home/jw4406/codebase/stable-baselines3/stable_baselines3/common/save_util.py:278: UserWarning: Path 'competitive_models/stsac_pend_hl3_len200_55_0_replay_buffer_20000_steps.pkl' exists, will overwrite it.
  warnings.warn(f"Path '{path}' exists, will overwrite it.")
New best mean reward!
----------------------------------
| rollout/           |           |
|    ep_len_mean     | 200       |
|    ep_rew_mean     | -1.23e+03 |
| time/              |           |
|    episodes        | 100       |
|    fps             | 547       |
|    time_elapsed    | 36        |
|    total_timesteps | 20000     |
| train/             |           |
|    std             | 1         |
----------------------------------
----------------------------------
| rollout/           |           |
|    ep_len_mean     | 200       |
|    ep_rew_mean     | -1.22e+03 |
| time/              |           |
|    episodes        | 104       |
|    fps             | 553       |
|    time_elapsed    | 37        |
|    total_timesteps | 20800     |
| train/             |           |
|    std             | 1         |
----------------------------------
----------------------------------
| rollout/           |           |
|    ep_len_mean     | 200       |
|    ep_rew_mean     | -1.23e+03 |
| time/              |           |
|    episodes        | 104       |
|    fps             | 553       |
|    time_elapsed    | 37        |
|    total_timesteps | 20800     |
| train/             |           |
|    std             | 1         |
----------------------------------
/home/jw4406/codebase/stable-baselines3/stable_baselines3/common/save_util.py:278: UserWarning: Path 'competitive_models/stsac_pend_hl3_len200_55_1_replay_buffer_21000_steps.pkl' exists, will overwrite it.
  warnings.warn(f"Path '{path}' exists, will overwrite it.")
/home/jw4406/codebase/stable-baselines3/stable_baselines3/common/save_util.py:278: UserWarning: Path 'competitive_models/stsac_pend_hl3_len200_55_0_replay_buffer_21000_steps.pkl' exists, will overwrite it.
  warnings.warn(f"Path '{path}' exists, will overwrite it.")
---------------------------------
| rollout/           |          |
|    ep_len_mean     | 200      |
|    ep_rew_mean     | -1.2e+03 |
| time/              |          |
|    episodes        | 108      |
|    fps             | 558      |
|    time_elapsed    | 38       |
|    total_timesteps | 21600    |
| train/             |          |
|    std             | 1        |
---------------------------------
----------------------------------
| rollout/           |           |
|    ep_len_mean     | 200       |
|    ep_rew_mean     | -1.22e+03 |
| time/              |           |
|    episodes        | 108       |
|    fps             | 557       |
|    time_elapsed    | 38        |
|    total_timesteps | 21600     |
| train/             |           |
|    std             | 1         |
----------------------------------
/home/jw4406/codebase/stable-baselines3/stable_baselines3/common/save_util.py:278: UserWarning: Path 'competitive_models/stsac_pend_hl3_len200_55_1_replay_buffer_22000_steps.pkl' exists, will overwrite it.
  warnings.warn(f"Path '{path}' exists, will overwrite it.")
/home/jw4406/codebase/stable-baselines3/stable_baselines3/common/save_util.py:278: UserWarning: Path 'competitive_models/stsac_pend_hl3_len200_55_0_replay_buffer_22000_steps.pkl' exists, will overwrite it.
  warnings.warn(f"Path '{path}' exists, will overwrite it.")
---------------------------------
| rollout/           |          |
|    ep_len_mean     | 200      |
|    ep_rew_mean     | -1.2e+03 |
| time/              |          |
|    episodes        | 112      |
|    fps             | 563      |
|    time_elapsed    | 39       |
|    total_timesteps | 22400    |
| train/             |          |
|    std             | 1        |
---------------------------------
----------------------------------
| rollout/           |           |
|    ep_len_mean     | 200       |
|    ep_rew_mean     | -1.22e+03 |
| time/              |           |
|    episodes        | 112       |
|    fps             | 562       |
|    time_elapsed    | 39        |
|    total_timesteps | 22400     |
| train/             |           |
|    std             | 1         |
----------------------------------
/home/jw4406/codebase/stable-baselines3/stable_baselines3/common/save_util.py:278: UserWarning: Path 'competitive_models/stsac_pend_hl3_len200_55_1_replay_buffer_23000_steps.pkl' exists, will overwrite it.
  warnings.warn(f"Path '{path}' exists, will overwrite it.")
/home/jw4406/codebase/stable-baselines3/stable_baselines3/common/save_util.py:278: UserWarning: Path 'competitive_models/stsac_pend_hl3_len200_55_0_replay_buffer_23000_steps.pkl' exists, will overwrite it.
  warnings.warn(f"Path '{path}' exists, will overwrite it.")
----------------------------------
| rollout/           |           |
|    ep_len_mean     | 200       |
|    ep_rew_mean     | -1.21e+03 |
| time/              |           |
|    episodes        | 116       |
|    fps             | 567       |
|    time_elapsed    | 40        |
|    total_timesteps | 23200     |
| train/             |           |
|    std             | 1         |
----------------------------------
----------------------------------
| rollout/           |           |
|    ep_len_mean     | 200       |
|    ep_rew_mean     | -1.21e+03 |
| time/              |           |
|    episodes        | 116       |
|    fps             | 566       |
|    time_elapsed    | 40        |
|    total_timesteps | 23200     |
| train/             |           |
|    std             | 1         |
----------------------------------
/home/jw4406/codebase/stable-baselines3/stable_baselines3/common/save_util.py:278: UserWarning: Path 'competitive_models/stsac_pend_hl3_len200_55_1_replay_buffer_24000_steps.pkl' exists, will overwrite it.
  warnings.warn(f"Path '{path}' exists, will overwrite it.")
----------------------------------
| rollout/           |           |
|    ep_len_mean     | 200       |
|    ep_rew_mean     | -1.21e+03 |
| time/              |           |
|    episodes        | 120       |
|    fps             | 571       |
|    time_elapsed    | 42        |
|    total_timesteps | 24000     |
| train/             |           |
|    std             | 1         |
----------------------------------
/home/jw4406/codebase/stable-baselines3/stable_baselines3/common/save_util.py:278: UserWarning: Path 'competitive_models/stsac_pend_hl3_len200_55_0_replay_buffer_24000_steps.pkl' exists, will overwrite it.
  warnings.warn(f"Path '{path}' exists, will overwrite it.")
----------------------------------
| rollout/           |           |
|    ep_len_mean     | 200       |
|    ep_rew_mean     | -1.21e+03 |
| time/              |           |
|    episodes        | 120       |
|    fps             | 569       |
|    time_elapsed    | 42        |
|    total_timesteps | 24000     |
| train/             |           |
|    std             | 1         |
----------------------------------
----------------------------------
| rollout/           |           |
|    ep_len_mean     | 200       |
|    ep_rew_mean     | -1.21e+03 |
| time/              |           |
|    episodes        | 124       |
|    fps             | 575       |
|    time_elapsed    | 43        |
|    total_timesteps | 24800     |
| train/             |           |
|    std             | 1         |
----------------------------------
----------------------------------
| rollout/           |           |
|    ep_len_mean     | 200       |
|    ep_rew_mean     | -1.21e+03 |
| time/              |           |
|    episodes        | 124       |
|    fps             | 574       |
|    time_elapsed    | 43        |
|    total_timesteps | 24800     |
| train/             |           |
|    std             | 1         |
----------------------------------
/home/jw4406/codebase/stable-baselines3/stable_baselines3/common/save_util.py:278: UserWarning: Path 'competitive_models/stsac_pend_hl3_len200_55_1_replay_buffer_25000_steps.pkl' exists, will overwrite it.
  warnings.warn(f"Path '{path}' exists, will overwrite it.")
/home/jw4406/codebase/stable-baselines3/stable_baselines3/common/save_util.py:278: UserWarning: Path 'competitive_models/stsac_pend_hl3_len200_55_0_replay_buffer_25000_steps.pkl' exists, will overwrite it.
  warnings.warn(f"Path '{path}' exists, will overwrite it.")
----------------------------------
| rollout/           |           |
|    ep_len_mean     | 200       |
|    ep_rew_mean     | -1.23e+03 |
| time/              |           |
|    episodes        | 128       |
|    fps             | 578       |
|    time_elapsed    | 44        |
|    total_timesteps | 25600     |
| train/             |           |
|    std             | 1         |
----------------------------------
----------------------------------
| rollout/           |           |
|    ep_len_mean     | 200       |
|    ep_rew_mean     | -1.22e+03 |
| time/              |           |
|    episodes        | 128       |
|    fps             | 577       |
|    time_elapsed    | 44        |
|    total_timesteps | 25600     |
| train/             |           |
|    std             | 1         |
----------------------------------
/home/jw4406/codebase/stable-baselines3/stable_baselines3/common/save_util.py:278: UserWarning: Path 'competitive_models/stsac_pend_hl3_len200_55_1_replay_buffer_26000_steps.pkl' exists, will overwrite it.
  warnings.warn(f"Path '{path}' exists, will overwrite it.")
/home/jw4406/codebase/stable-baselines3/stable_baselines3/common/save_util.py:278: UserWarning: Path 'competitive_models/stsac_pend_hl3_len200_55_0_replay_buffer_26000_steps.pkl' exists, will overwrite it.
  warnings.warn(f"Path '{path}' exists, will overwrite it.")
----------------------------------
| rollout/           |           |
|    ep_len_mean     | 200       |
|    ep_rew_mean     | -1.24e+03 |
| time/              |           |
|    episodes        | 132       |
|    fps             | 582       |
|    time_elapsed    | 45        |
|    total_timesteps | 26400     |
| train/             |           |
|    std             | 1         |
----------------------------------
----------------------------------
| rollout/           |           |
|    ep_len_mean     | 200       |
|    ep_rew_mean     | -1.21e+03 |
| time/              |           |
|    episodes        | 132       |
|    fps             | 581       |
|    time_elapsed    | 45        |
|    total_timesteps | 26400     |
| train/             |           |
|    std             | 1         |
----------------------------------
/home/jw4406/codebase/stable-baselines3/stable_baselines3/common/save_util.py:278: UserWarning: Path 'competitive_models/stsac_pend_hl3_len200_55_1_replay_buffer_27000_steps.pkl' exists, will overwrite it.
  warnings.warn(f"Path '{path}' exists, will overwrite it.")
/home/jw4406/codebase/stable-baselines3/stable_baselines3/common/save_util.py:278: UserWarning: Path 'competitive_models/stsac_pend_hl3_len200_55_0_replay_buffer_27000_steps.pkl' exists, will overwrite it.
  warnings.warn(f"Path '{path}' exists, will overwrite it.")
----------------------------------
| rollout/           |           |
|    ep_len_mean     | 200       |
|    ep_rew_mean     | -1.24e+03 |
| time/              |           |
|    episodes        | 136       |
|    fps             | 585       |
|    time_elapsed    | 46        |
|    total_timesteps | 27200     |
| train/             |           |
|    std             | 1         |
----------------------------------
----------------------------------
| rollout/           |           |
|    ep_len_mean     | 200       |
|    ep_rew_mean     | -1.21e+03 |
| time/              |           |
|    episodes        | 136       |
|    fps             | 584       |
|    time_elapsed    | 46        |
|    total_timesteps | 27200     |
| train/             |           |
|    std             | 1         |
----------------------------------
/home/jw4406/codebase/stable-baselines3/stable_baselines3/common/save_util.py:278: UserWarning: Path 'competitive_models/stsac_pend_hl3_len200_55_1_replay_buffer_28000_steps.pkl' exists, will overwrite it.
  warnings.warn(f"Path '{path}' exists, will overwrite it.")
----------------------------------
| rollout/           |           |
|    ep_len_mean     | 200       |
|    ep_rew_mean     | -1.26e+03 |
| time/              |           |
|    episodes        | 140       |
|    fps             | 588       |
|    time_elapsed    | 47        |
|    total_timesteps | 28000     |
| train/             |           |
|    std             | 1         |
----------------------------------
/home/jw4406/codebase/stable-baselines3/stable_baselines3/common/save_util.py:278: UserWarning: Path 'competitive_models/stsac_pend_hl3_len200_55_0_replay_buffer_28000_steps.pkl' exists, will overwrite it.
  warnings.warn(f"Path '{path}' exists, will overwrite it.")
----------------------------------
| rollout/           |           |
|    ep_len_mean     | 200       |
|    ep_rew_mean     | -1.19e+03 |
| time/              |           |
|    episodes        | 140       |
|    fps             | 587       |
|    time_elapsed    | 47        |
|    total_timesteps | 28000     |
| train/             |           |
|    std             | 1         |
----------------------------------
----------------------------------
| rollout/           |           |
|    ep_len_mean     | 200       |
|    ep_rew_mean     | -1.26e+03 |
| time/              |           |
|    episodes        | 144       |
|    fps             | 591       |
|    time_elapsed    | 48        |
|    total_timesteps | 28800     |
| train/             |           |
|    std             | 1         |
----------------------------------
---------------------------------
| rollout/           |          |
|    ep_len_mean     | 200      |
|    ep_rew_mean     | -1.2e+03 |
| time/              |          |
|    episodes        | 144      |
|    fps             | 590      |
|    time_elapsed    | 48       |
|    total_timesteps | 28800    |
| train/             |          |
|    std             | 1        |
---------------------------------
/home/jw4406/codebase/stable-baselines3/stable_baselines3/common/save_util.py:278: UserWarning: Path 'competitive_models/stsac_pend_hl3_len200_55_1_replay_buffer_29000_steps.pkl' exists, will overwrite it.
  warnings.warn(f"Path '{path}' exists, will overwrite it.")
/home/jw4406/codebase/stable-baselines3/stable_baselines3/common/save_util.py:278: UserWarning: Path 'competitive_models/stsac_pend_hl3_len200_55_0_replay_buffer_29000_steps.pkl' exists, will overwrite it.
  warnings.warn(f"Path '{path}' exists, will overwrite it.")
----------------------------------
| rollout/           |           |
|    ep_len_mean     | 200       |
|    ep_rew_mean     | -1.24e+03 |
| time/              |           |
|    episodes        | 148       |
|    fps             | 594       |
|    time_elapsed    | 49        |
|    total_timesteps | 29600     |
| train/             |           |
|    std             | 1         |
----------------------------------
---------------------------------
| rollout/           |          |
|    ep_len_mean     | 200      |
|    ep_rew_mean     | -1.2e+03 |
| time/              |          |
|    episodes        | 148      |
|    fps             | 593      |
|    time_elapsed    | 49       |
|    total_timesteps | 29600    |
| train/             |          |
|    std             | 1        |
---------------------------------
Eval num_timesteps=30000, episode_reward=-1331.31 +/- 334.38
Episode length: 200.00 +/- 0.00
----------------------------------
| eval/              |           |
|    mean_ep_length  | 200       |
|    mean_reward     | -1.33e+03 |
| time/              |           |
|    total_timesteps | 30000     |
----------------------------------
/home/jw4406/codebase/stable-baselines3/stable_baselines3/common/save_util.py:278: UserWarning: Path 'competitive_models/stsac_pend_hl3_len200_55_1_replay_buffer_30000_steps.pkl' exists, will overwrite it.
  warnings.warn(f"Path '{path}' exists, will overwrite it.")
Eval num_timesteps=30000, episode_reward=-1468.90 +/- 284.03
Episode length: 200.00 +/- 0.00
----------------------------------
| eval/              |           |
|    mean_ep_length  | 200       |
|    mean_reward     | -1.47e+03 |
| time/              |           |
|    total_timesteps | 30000     |
----------------------------------
/home/jw4406/codebase/stable-baselines3/stable_baselines3/common/save_util.py:278: UserWarning: Path 'competitive_models/stsac_pend_hl3_len200_55_0_replay_buffer_30000_steps.pkl' exists, will overwrite it.
  warnings.warn(f"Path '{path}' exists, will overwrite it.")
----------------------------------
| rollout/           |           |
|    ep_len_mean     | 200       |
|    ep_rew_mean     | -1.24e+03 |
| time/              |           |
|    episodes        | 152       |
|    fps             | 552       |
|    time_elapsed    | 55        |
|    total_timesteps | 30400     |
| train/             |           |
|    std             | 1         |
----------------------------------
---------------------------------
| rollout/           |          |
|    ep_len_mean     | 200      |
|    ep_rew_mean     | -1.2e+03 |
| time/              |          |
|    episodes        | 152      |
|    fps             | 551      |
|    time_elapsed    | 55       |
|    total_timesteps | 30400    |
| train/             |          |
|    std             | 1        |
---------------------------------
/home/jw4406/codebase/stable-baselines3/stable_baselines3/common/save_util.py:278: UserWarning: Path 'competitive_models/stsac_pend_hl3_len200_55_1_replay_buffer_31000_steps.pkl' exists, will overwrite it.
  warnings.warn(f"Path '{path}' exists, will overwrite it.")
/home/jw4406/codebase/stable-baselines3/stable_baselines3/common/save_util.py:278: UserWarning: Path 'competitive_models/stsac_pend_hl3_len200_55_0_replay_buffer_31000_steps.pkl' exists, will overwrite it.
  warnings.warn(f"Path '{path}' exists, will overwrite it.")
----------------------------------
| rollout/           |           |
|    ep_len_mean     | 200       |
|    ep_rew_mean     | -1.24e+03 |
| time/              |           |
|    episodes        | 156       |
|    fps             | 555       |
|    time_elapsed    | 56        |
|    total_timesteps | 31200     |
| train/             |           |
|    std             | 1         |
----------------------------------
----------------------------------
| rollout/           |           |
|    ep_len_mean     | 200       |
|    ep_rew_mean     | -1.22e+03 |
| time/              |           |
|    episodes        | 156       |
|    fps             | 555       |
|    time_elapsed    | 56        |
|    total_timesteps | 31200     |
| train/             |           |
|    std             | 1         |
----------------------------------
/home/jw4406/codebase/stable-baselines3/stable_baselines3/common/save_util.py:278: UserWarning: Path 'competitive_models/stsac_pend_hl3_len200_55_1_replay_buffer_32000_steps.pkl' exists, will overwrite it.
  warnings.warn(f"Path '{path}' exists, will overwrite it.")
----------------------------------
| rollout/           |           |
|    ep_len_mean     | 200       |
|    ep_rew_mean     | -1.23e+03 |
| time/              |           |
|    episodes        | 160       |
|    fps             | 558       |
|    time_elapsed    | 57        |
|    total_timesteps | 32000     |
| train/             |           |
|    std             | 1         |
----------------------------------
/home/jw4406/codebase/stable-baselines3/stable_baselines3/common/save_util.py:278: UserWarning: Path 'competitive_models/stsac_pend_hl3_len200_55_0_replay_buffer_32000_steps.pkl' exists, will overwrite it.
  warnings.warn(f"Path '{path}' exists, will overwrite it.")
----------------------------------
| rollout/           |           |
|    ep_len_mean     | 200       |
|    ep_rew_mean     | -1.22e+03 |
| time/              |           |
|    episodes        | 160       |
|    fps             | 558       |
|    time_elapsed    | 57        |
|    total_timesteps | 32000     |
| train/             |           |
|    std             | 1         |
----------------------------------
----------------------------------
| rollout/           |           |
|    ep_len_mean     | 200       |
|    ep_rew_mean     | -1.22e+03 |
| time/              |           |
|    episodes        | 164       |
|    fps             | 562       |
|    time_elapsed    | 58        |
|    total_timesteps | 32800     |
| train/             |           |
|    std             | 1         |
----------------------------------
---------------------------------
| rollout/           |          |
|    ep_len_mean     | 200      |
|    ep_rew_mean     | -1.2e+03 |
| time/              |          |
|    episodes        | 164      |
|    fps             | 561      |
|    time_elapsed    | 58       |
|    total_timesteps | 32800    |
| train/             |          |
|    std             | 1        |
---------------------------------
/home/jw4406/codebase/stable-baselines3/stable_baselines3/common/save_util.py:278: UserWarning: Path 'competitive_models/stsac_pend_hl3_len200_55_1_replay_buffer_33000_steps.pkl' exists, will overwrite it.
  warnings.warn(f"Path '{path}' exists, will overwrite it.")
/home/jw4406/codebase/stable-baselines3/stable_baselines3/common/save_util.py:278: UserWarning: Path 'competitive_models/stsac_pend_hl3_len200_55_0_replay_buffer_33000_steps.pkl' exists, will overwrite it.
  warnings.warn(f"Path '{path}' exists, will overwrite it.")
----------------------------------
| rollout/           |           |
|    ep_len_mean     | 200       |
|    ep_rew_mean     | -1.22e+03 |
| time/              |           |
|    episodes        | 168       |
|    fps             | 564       |
|    time_elapsed    | 59        |
|    total_timesteps | 33600     |
| train/             |           |
|    std             | 1         |
----------------------------------
----------------------------------
| rollout/           |           |
|    ep_len_mean     | 200       |
|    ep_rew_mean     | -1.21e+03 |
| time/              |           |
|    episodes        | 168       |
|    fps             | 564       |
|    time_elapsed    | 59        |
|    total_timesteps | 33600     |
| train/             |           |
|    std             | 1         |
----------------------------------
/home/jw4406/codebase/stable-baselines3/stable_baselines3/common/save_util.py:278: UserWarning: Path 'competitive_models/stsac_pend_hl3_len200_55_1_replay_buffer_34000_steps.pkl' exists, will overwrite it.
  warnings.warn(f"Path '{path}' exists, will overwrite it.")
/home/jw4406/codebase/stable-baselines3/stable_baselines3/common/save_util.py:278: UserWarning: Path 'competitive_models/stsac_pend_hl3_len200_55_0_replay_buffer_34000_steps.pkl' exists, will overwrite it.
  warnings.warn(f"Path '{path}' exists, will overwrite it.")
----------------------------------
| rollout/           |           |
|    ep_len_mean     | 200       |
|    ep_rew_mean     | -1.24e+03 |
| time/              |           |
|    episodes        | 172       |
|    fps             | 567       |
|    time_elapsed    | 60        |
|    total_timesteps | 34400     |
| train/             |           |
|    std             | 1         |
----------------------------------
----------------------------------
| rollout/           |           |
|    ep_len_mean     | 200       |
|    ep_rew_mean     | -1.21e+03 |
| time/              |           |
|    episodes        | 172       |
|    fps             | 566       |
|    time_elapsed    | 60        |
|    total_timesteps | 34400     |
| train/             |           |
|    std             | 1         |
----------------------------------
/home/jw4406/codebase/stable-baselines3/stable_baselines3/common/save_util.py:278: UserWarning: Path 'competitive_models/stsac_pend_hl3_len200_55_1_replay_buffer_35000_steps.pkl' exists, will overwrite it.
  warnings.warn(f"Path '{path}' exists, will overwrite it.")
/home/jw4406/codebase/stable-baselines3/stable_baselines3/common/save_util.py:278: UserWarning: Path 'competitive_models/stsac_pend_hl3_len200_55_0_replay_buffer_35000_steps.pkl' exists, will overwrite it.
  warnings.warn(f"Path '{path}' exists, will overwrite it.")
----------------------------------
| rollout/           |           |
|    ep_len_mean     | 200       |
|    ep_rew_mean     | -1.24e+03 |
| time/              |           |
|    episodes        | 176       |
|    fps             | 570       |
|    time_elapsed    | 61        |
|    total_timesteps | 35200     |
| train/             |           |
|    std             | 1         |
----------------------------------
---------------------------------
| rollout/           |          |
|    ep_len_mean     | 200      |
|    ep_rew_mean     | -1.2e+03 |
| time/              |          |
|    episodes        | 176      |
|    fps             | 569      |
|    time_elapsed    | 61       |
|    total_timesteps | 35200    |
| train/             |          |
|    std             | 1        |
---------------------------------
/home/jw4406/codebase/stable-baselines3/stable_baselines3/common/save_util.py:278: UserWarning: Path 'competitive_models/stsac_pend_hl3_len200_55_1_replay_buffer_36000_steps.pkl' exists, will overwrite it.
  warnings.warn(f"Path '{path}' exists, will overwrite it.")
----------------------------------
| rollout/           |           |
|    ep_len_mean     | 200       |
|    ep_rew_mean     | -1.24e+03 |
| time/              |           |
|    episodes        | 180       |
|    fps             | 572       |
|    time_elapsed    | 62        |
|    total_timesteps | 36000     |
| train/             |           |
|    std             | 1         |
----------------------------------
/home/jw4406/codebase/stable-baselines3/stable_baselines3/common/save_util.py:278: UserWarning: Path 'competitive_models/stsac_pend_hl3_len200_55_0_replay_buffer_36000_steps.pkl' exists, will overwrite it.
  warnings.warn(f"Path '{path}' exists, will overwrite it.")
---------------------------------
| rollout/           |          |
|    ep_len_mean     | 200      |
|    ep_rew_mean     | -1.2e+03 |
| time/              |          |
|    episodes        | 180      |
|    fps             | 571      |
|    time_elapsed    | 62       |
|    total_timesteps | 36000    |
| train/             |          |
|    std             | 1        |
---------------------------------
----------------------------------
| rollout/           |           |
|    ep_len_mean     | 200       |
|    ep_rew_mean     | -1.24e+03 |
| time/              |           |
|    episodes        | 184       |
|    fps             | 575       |
|    time_elapsed    | 63        |
|    total_timesteps | 36800     |
| train/             |           |
|    std             | 1         |
----------------------------------
---------------------------------
| rollout/           |          |
|    ep_len_mean     | 200      |
|    ep_rew_mean     | -1.2e+03 |
| time/              |          |
|    episodes        | 184      |
|    fps             | 574      |
|    time_elapsed    | 64       |
|    total_timesteps | 36800    |
| train/             |          |
|    std             | 1        |
---------------------------------
/home/jw4406/codebase/stable-baselines3/stable_baselines3/common/save_util.py:278: UserWarning: Path 'competitive_models/stsac_pend_hl3_len200_55_1_replay_buffer_37000_steps.pkl' exists, will overwrite it.
  warnings.warn(f"Path '{path}' exists, will overwrite it.")
/home/jw4406/codebase/stable-baselines3/stable_baselines3/common/save_util.py:278: UserWarning: Path 'competitive_models/stsac_pend_hl3_len200_55_0_replay_buffer_37000_steps.pkl' exists, will overwrite it.
  warnings.warn(f"Path '{path}' exists, will overwrite it.")
----------------------------------
| rollout/           |           |
|    ep_len_mean     | 200       |
|    ep_rew_mean     | -1.24e+03 |
| time/              |           |
|    episodes        | 188       |
|    fps             | 577       |
|    time_elapsed    | 65        |
|    total_timesteps | 37600     |
| train/             |           |
|    std             | 1         |
----------------------------------
---------------------------------
| rollout/           |          |
|    ep_len_mean     | 200      |
|    ep_rew_mean     | -1.2e+03 |
| time/              |          |
|    episodes        | 188      |
|    fps             | 576      |
|    time_elapsed    | 65       |
|    total_timesteps | 37600    |
| train/             |          |
|    std             | 1        |
---------------------------------
/home/jw4406/codebase/stable-baselines3/stable_baselines3/common/save_util.py:278: UserWarning: Path 'competitive_models/stsac_pend_hl3_len200_55_1_replay_buffer_38000_steps.pkl' exists, will overwrite it.
  warnings.warn(f"Path '{path}' exists, will overwrite it.")
/home/jw4406/codebase/stable-baselines3/stable_baselines3/common/save_util.py:278: UserWarning: Path 'competitive_models/stsac_pend_hl3_len200_55_0_replay_buffer_38000_steps.pkl' exists, will overwrite it.
  warnings.warn(f"Path '{path}' exists, will overwrite it.")
----------------------------------
| rollout/           |           |
|    ep_len_mean     | 200       |
|    ep_rew_mean     | -1.24e+03 |
| time/              |           |
|    episodes        | 192       |
|    fps             | 579       |
|    time_elapsed    | 66        |
|    total_timesteps | 38400     |
| train/             |           |
|    std             | 1         |
----------------------------------
----------------------------------
| rollout/           |           |
|    ep_len_mean     | 200       |
|    ep_rew_mean     | -1.21e+03 |
| time/              |           |
|    episodes        | 192       |
|    fps             | 578       |
|    time_elapsed    | 66        |
|    total_timesteps | 38400     |
| train/             |           |
|    std             | 1         |
----------------------------------
/home/jw4406/codebase/stable-baselines3/stable_baselines3/common/save_util.py:278: UserWarning: Path 'competitive_models/stsac_pend_hl3_len200_55_1_replay_buffer_39000_steps.pkl' exists, will overwrite it.
  warnings.warn(f"Path '{path}' exists, will overwrite it.")
/home/jw4406/codebase/stable-baselines3/stable_baselines3/common/save_util.py:278: UserWarning: Path 'competitive_models/stsac_pend_hl3_len200_55_0_replay_buffer_39000_steps.pkl' exists, will overwrite it.
  warnings.warn(f"Path '{path}' exists, will overwrite it.")
----------------------------------
| rollout/           |           |
|    ep_len_mean     | 200       |
|    ep_rew_mean     | -1.25e+03 |
| time/              |           |
|    episodes        | 196       |
|    fps             | 582       |
|    time_elapsed    | 67        |
|    total_timesteps | 39200     |
| train/             |           |
|    std             | 1         |
----------------------------------
----------------------------------
| rollout/           |           |
|    ep_len_mean     | 200       |
|    ep_rew_mean     | -1.21e+03 |
| time/              |           |
|    episodes        | 196       |
|    fps             | 580       |
|    time_elapsed    | 67        |
|    total_timesteps | 39200     |
| train/             |           |
|    std             | 1         |
----------------------------------
Eval num_timesteps=40000, episode_reward=-1321.00 +/- 388.80
Episode length: 200.00 +/- 0.00
----------------------------------
| eval/              |           |
|    mean_ep_length  | 200       |
|    mean_reward     | -1.32e+03 |
| time/              |           |
|    total_timesteps | 40000     |
----------------------------------
/home/jw4406/codebase/stable-baselines3/stable_baselines3/common/save_util.py:278: UserWarning: Path 'competitive_models/stsac_pend_hl3_len200_55_1_replay_buffer_40000_steps.pkl' exists, will overwrite it.
  warnings.warn(f"Path '{path}' exists, will overwrite it.")
----------------------------------
| rollout/           |           |
|    ep_len_mean     | 200       |
|    ep_rew_mean     | -1.25e+03 |
| time/              |           |
|    episodes        | 200       |
|    fps             | 551       |
|    time_elapsed    | 72        |
|    total_timesteps | 40000     |
| train/             |           |
|    std             | 1         |
----------------------------------
Eval num_timesteps=40000, episode_reward=-1402.33 +/- 307.95
Episode length: 200.00 +/- 0.00
---------------------------------
| eval/              |          |
|    mean_ep_length  | 200      |
|    mean_reward     | -1.4e+03 |
| time/              |          |
|    total_timesteps | 40000    |
---------------------------------
/home/jw4406/codebase/stable-baselines3/stable_baselines3/common/save_util.py:278: UserWarning: Path 'competitive_models/stsac_pend_hl3_len200_55_0_replay_buffer_40000_steps.pkl' exists, will overwrite it.
  warnings.warn(f"Path '{path}' exists, will overwrite it.")
----------------------------------
| rollout/           |           |
|    ep_len_mean     | 200       |
|    ep_rew_mean     | -1.21e+03 |
| time/              |           |
|    episodes        | 200       |
|    fps             | 549       |
|    time_elapsed    | 72        |
|    total_timesteps | 40000     |
| train/             |           |
|    std             | 1         |
----------------------------------
----------------------------------
| rollout/           |           |
|    ep_len_mean     | 200       |
|    ep_rew_mean     | -1.24e+03 |
| time/              |           |
|    episodes        | 204       |
|    fps             | 553       |
|    time_elapsed    | 73        |
|    total_timesteps | 40800     |
| train/             |           |
|    std             | 1         |
----------------------------------
----------------------------------
| rollout/           |           |
|    ep_len_mean     | 200       |
|    ep_rew_mean     | -1.21e+03 |
| time/              |           |
|    episodes        | 204       |
|    fps             | 552       |
|    time_elapsed    | 73        |
|    total_timesteps | 40800     |
| train/             |           |
|    std             | 1         |
----------------------------------
/home/jw4406/codebase/stable-baselines3/stable_baselines3/common/save_util.py:278: UserWarning: Path 'competitive_models/stsac_pend_hl3_len200_55_1_replay_buffer_41000_steps.pkl' exists, will overwrite it.
  warnings.warn(f"Path '{path}' exists, will overwrite it.")
/home/jw4406/codebase/stable-baselines3/stable_baselines3/common/save_util.py:278: UserWarning: Path 'competitive_models/stsac_pend_hl3_len200_55_0_replay_buffer_41000_steps.pkl' exists, will overwrite it.
  warnings.warn(f"Path '{path}' exists, will overwrite it.")
----------------------------------
| rollout/           |           |
|    ep_len_mean     | 200       |
|    ep_rew_mean     | -1.24e+03 |
| time/              |           |
|    episodes        | 208       |
|    fps             | 555       |
|    time_elapsed    | 74        |
|    total_timesteps | 41600     |
| train/             |           |
|    std             | 1         |
----------------------------------
----------------------------------
| rollout/           |           |
|    ep_len_mean     | 200       |
|    ep_rew_mean     | -1.21e+03 |
| time/              |           |
|    episodes        | 208       |
|    fps             | 554       |
|    time_elapsed    | 74        |
|    total_timesteps | 41600     |
| train/             |           |
|    std             | 1         |
----------------------------------
/home/jw4406/codebase/stable-baselines3/stable_baselines3/common/save_util.py:278: UserWarning: Path 'competitive_models/stsac_pend_hl3_len200_55_1_replay_buffer_42000_steps.pkl' exists, will overwrite it.
  warnings.warn(f"Path '{path}' exists, will overwrite it.")
/home/jw4406/codebase/stable-baselines3/stable_baselines3/common/save_util.py:278: UserWarning: Path 'competitive_models/stsac_pend_hl3_len200_55_0_replay_buffer_42000_steps.pkl' exists, will overwrite it.
  warnings.warn(f"Path '{path}' exists, will overwrite it.")
----------------------------------
| rollout/           |           |
|    ep_len_mean     | 200       |
|    ep_rew_mean     | -1.25e+03 |
| time/              |           |
|    episodes        | 212       |
|    fps             | 558       |
|    time_elapsed    | 75        |
|    total_timesteps | 42400     |
| train/             |           |
|    std             | 1         |
----------------------------------
----------------------------------
| rollout/           |           |
|    ep_len_mean     | 200       |
|    ep_rew_mean     | -1.21e+03 |
| time/              |           |
|    episodes        | 212       |
|    fps             | 557       |
|    time_elapsed    | 76        |
|    total_timesteps | 42400     |
| train/             |           |
|    std             | 1         |
----------------------------------
/home/jw4406/codebase/stable-baselines3/stable_baselines3/common/save_util.py:278: UserWarning: Path 'competitive_models/stsac_pend_hl3_len200_55_1_replay_buffer_43000_steps.pkl' exists, will overwrite it.
  warnings.warn(f"Path '{path}' exists, will overwrite it.")
/home/jw4406/codebase/stable-baselines3/stable_baselines3/common/save_util.py:278: UserWarning: Path 'competitive_models/stsac_pend_hl3_len200_55_0_replay_buffer_43000_steps.pkl' exists, will overwrite it.
  warnings.warn(f"Path '{path}' exists, will overwrite it.")
----------------------------------
| rollout/           |           |
|    ep_len_mean     | 200       |
|    ep_rew_mean     | -1.25e+03 |
| time/              |           |
|    episodes        | 216       |
|    fps             | 560       |
|    time_elapsed    | 77        |
|    total_timesteps | 43200     |
| train/             |           |
|    std             | 1         |
----------------------------------
---------------------------------
| rollout/           |          |
|    ep_len_mean     | 200      |
|    ep_rew_mean     | -1.2e+03 |
| time/              |          |
|    episodes        | 216      |
|    fps             | 559      |
|    time_elapsed    | 77       |
|    total_timesteps | 43200    |
| train/             |          |
|    std             | 1        |
---------------------------------
/home/jw4406/codebase/stable-baselines3/stable_baselines3/common/save_util.py:278: UserWarning: Path 'competitive_models/stsac_pend_hl3_len200_55_1_replay_buffer_44000_steps.pkl' exists, will overwrite it.
  warnings.warn(f"Path '{path}' exists, will overwrite it.")
----------------------------------
| rollout/           |           |
|    ep_len_mean     | 200       |
|    ep_rew_mean     | -1.24e+03 |
| time/              |           |
|    episodes        | 220       |
|    fps             | 562       |
|    time_elapsed    | 78        |
|    total_timesteps | 44000     |
| train/             |           |
|    std             | 1         |
----------------------------------
/home/jw4406/codebase/stable-baselines3/stable_baselines3/common/save_util.py:278: UserWarning: Path 'competitive_models/stsac_pend_hl3_len200_55_0_replay_buffer_44000_steps.pkl' exists, will overwrite it.
  warnings.warn(f"Path '{path}' exists, will overwrite it.")
---------------------------------
| rollout/           |          |
|    ep_len_mean     | 200      |
|    ep_rew_mean     | -1.2e+03 |
| time/              |          |
|    episodes        | 220      |
|    fps             | 561      |
|    time_elapsed    | 78       |
|    total_timesteps | 44000    |
| train/             |          |
|    std             | 1        |
---------------------------------
----------------------------------
| rollout/           |           |
|    ep_len_mean     | 200       |
|    ep_rew_mean     | -1.24e+03 |
| time/              |           |
|    episodes        | 224       |
|    fps             | 564       |
|    time_elapsed    | 79        |
|    total_timesteps | 44800     |
| train/             |           |
|    std             | 1         |
----------------------------------
---------------------------------
| rollout/           |          |
|    ep_len_mean     | 200      |
|    ep_rew_mean     | -1.2e+03 |
| time/              |          |
|    episodes        | 224      |
|    fps             | 563      |
|    time_elapsed    | 79       |
|    total_timesteps | 44800    |
| train/             |          |
|    std             | 1        |
---------------------------------
/home/jw4406/codebase/stable-baselines3/stable_baselines3/common/save_util.py:278: UserWarning: Path 'competitive_models/stsac_pend_hl3_len200_55_1_replay_buffer_45000_steps.pkl' exists, will overwrite it.
  warnings.warn(f"Path '{path}' exists, will overwrite it.")
/home/jw4406/codebase/stable-baselines3/stable_baselines3/common/save_util.py:278: UserWarning: Path 'competitive_models/stsac_pend_hl3_len200_55_0_replay_buffer_45000_steps.pkl' exists, will overwrite it.
  warnings.warn(f"Path '{path}' exists, will overwrite it.")
----------------------------------
| rollout/           |           |
|    ep_len_mean     | 200       |
|    ep_rew_mean     | -1.23e+03 |
| time/              |           |
|    episodes        | 228       |
|    fps             | 566       |
|    time_elapsed    | 80        |
|    total_timesteps | 45600     |
| train/             |           |
|    std             | 1         |
----------------------------------
---------------------------------
| rollout/           |          |
|    ep_len_mean     | 200      |
|    ep_rew_mean     | -1.2e+03 |
| time/              |          |
|    episodes        | 228      |
|    fps             | 565      |
|    time_elapsed    | 80       |
|    total_timesteps | 45600    |
| train/             |          |
|    std             | 1        |
---------------------------------
/home/jw4406/codebase/stable-baselines3/stable_baselines3/common/save_util.py:278: UserWarning: Path 'competitive_models/stsac_pend_hl3_len200_55_1_replay_buffer_46000_steps.pkl' exists, will overwrite it.
  warnings.warn(f"Path '{path}' exists, will overwrite it.")
/home/jw4406/codebase/stable-baselines3/stable_baselines3/common/save_util.py:278: UserWarning: Path 'competitive_models/stsac_pend_hl3_len200_55_0_replay_buffer_46000_steps.pkl' exists, will overwrite it.
  warnings.warn(f"Path '{path}' exists, will overwrite it.")
----------------------------------
| rollout/           |           |
|    ep_len_mean     | 200       |
|    ep_rew_mean     | -1.23e+03 |
| time/              |           |
|    episodes        | 232       |
|    fps             | 568       |
|    time_elapsed    | 81        |
|    total_timesteps | 46400     |
| train/             |           |
|    std             | 1         |
----------------------------------
----------------------------------
| rollout/           |           |
|    ep_len_mean     | 200       |
|    ep_rew_mean     | -1.22e+03 |
| time/              |           |
|    episodes        | 232       |
|    fps             | 568       |
|    time_elapsed    | 81        |
|    total_timesteps | 46400     |
| train/             |           |
|    std             | 1         |
----------------------------------
/home/jw4406/codebase/stable-baselines3/stable_baselines3/common/save_util.py:278: UserWarning: Path 'competitive_models/stsac_pend_hl3_len200_55_1_replay_buffer_47000_steps.pkl' exists, will overwrite it.
  warnings.warn(f"Path '{path}' exists, will overwrite it.")
/home/jw4406/codebase/stable-baselines3/stable_baselines3/common/save_util.py:278: UserWarning: Path 'competitive_models/stsac_pend_hl3_len200_55_0_replay_buffer_47000_steps.pkl' exists, will overwrite it.
  warnings.warn(f"Path '{path}' exists, will overwrite it.")
----------------------------------
| rollout/           |           |
|    ep_len_mean     | 200       |
|    ep_rew_mean     | -1.22e+03 |
| time/              |           |
|    episodes        | 236       |
|    fps             | 570       |
|    time_elapsed    | 82        |
|    total_timesteps | 47200     |
| train/             |           |
|    std             | 1         |
----------------------------------
----------------------------------
| rollout/           |           |
|    ep_len_mean     | 200       |
|    ep_rew_mean     | -1.22e+03 |
| time/              |           |
|    episodes        | 236       |
|    fps             | 570       |
|    time_elapsed    | 82        |
|    total_timesteps | 47200     |
| train/             |           |
|    std             | 1         |
----------------------------------
/home/jw4406/codebase/stable-baselines3/stable_baselines3/common/save_util.py:278: UserWarning: Path 'competitive_models/stsac_pend_hl3_len200_55_1_replay_buffer_48000_steps.pkl' exists, will overwrite it.
  warnings.warn(f"Path '{path}' exists, will overwrite it.")
----------------------------------
| rollout/           |           |
|    ep_len_mean     | 200       |
|    ep_rew_mean     | -1.21e+03 |
| time/              |           |
|    episodes        | 240       |
|    fps             | 572       |
|    time_elapsed    | 83        |
|    total_timesteps | 48000     |
| train/             |           |
|    std             | 1         |
----------------------------------
/home/jw4406/codebase/stable-baselines3/stable_baselines3/common/save_util.py:278: UserWarning: Path 'competitive_models/stsac_pend_hl3_len200_55_0_replay_buffer_48000_steps.pkl' exists, will overwrite it.
  warnings.warn(f"Path '{path}' exists, will overwrite it.")
----------------------------------
| rollout/           |           |
|    ep_len_mean     | 200       |
|    ep_rew_mean     | -1.22e+03 |
| time/              |           |
|    episodes        | 240       |
|    fps             | 572       |
|    time_elapsed    | 83        |
|    total_timesteps | 48000     |
| train/             |           |
|    std             | 1         |
----------------------------------
----------------------------------
| rollout/           |           |
|    ep_len_mean     | 200       |
|    ep_rew_mean     | -1.21e+03 |
| time/              |           |
|    episodes        | 244       |
|    fps             | 574       |
|    time_elapsed    | 84        |
|    total_timesteps | 48800     |
| train/             |           |
|    std             | 1         |
----------------------------------
----------------------------------
| rollout/           |           |
|    ep_len_mean     | 200       |
|    ep_rew_mean     | -1.23e+03 |
| time/              |           |
|    episodes        | 244       |
|    fps             | 574       |
|    time_elapsed    | 85        |
|    total_timesteps | 48800     |
| train/             |           |
|    std             | 1         |
----------------------------------
/home/jw4406/codebase/stable-baselines3/stable_baselines3/common/save_util.py:278: UserWarning: Path 'competitive_models/stsac_pend_hl3_len200_55_1_replay_buffer_49000_steps.pkl' exists, will overwrite it.
  warnings.warn(f"Path '{path}' exists, will overwrite it.")
/home/jw4406/codebase/stable-baselines3/stable_baselines3/common/save_util.py:278: UserWarning: Path 'competitive_models/stsac_pend_hl3_len200_55_0_replay_buffer_49000_steps.pkl' exists, will overwrite it.
  warnings.warn(f"Path '{path}' exists, will overwrite it.")
----------------------------------
| rollout/           |           |
|    ep_len_mean     | 200       |
|    ep_rew_mean     | -1.21e+03 |
| time/              |           |
|    episodes        | 248       |
|    fps             | 576       |
|    time_elapsed    | 85        |
|    total_timesteps | 49600     |
| train/             |           |
|    std             | 1         |
----------------------------------
----------------------------------
| rollout/           |           |
|    ep_len_mean     | 200       |
|    ep_rew_mean     | -1.23e+03 |
| time/              |           |
|    episodes        | 248       |
|    fps             | 576       |
|    time_elapsed    | 86        |
|    total_timesteps | 49600     |
| train/             |           |
|    std             | 1         |
----------------------------------
Eval num_timesteps=50000, episode_reward=-1118.53 +/- 262.84
Episode length: 200.00 +/- 0.00
----------------------------------
| eval/              |           |
|    mean_ep_length  | 200       |
|    mean_reward     | -1.12e+03 |
| time/              |           |
|    total_timesteps | 50000     |
----------------------------------
/home/jw4406/codebase/stable-baselines3/stable_baselines3/common/save_util.py:278: UserWarning: Path 'competitive_models/stsac_pend_hl3_len200_55_1_replay_buffer_50000_steps.pkl' exists, will overwrite it.
  warnings.warn(f"Path '{path}' exists, will overwrite it.")
Eval num_timesteps=50000, episode_reward=-1322.67 +/- 333.08
Episode length: 200.00 +/- 0.00
----------------------------------
| eval/              |           |
|    mean_ep_length  | 200       |
|    mean_reward     | -1.32e+03 |
| time/              |           |
|    total_timesteps | 50000     |
----------------------------------
/home/jw4406/codebase/stable-baselines3/stable_baselines3/common/save_util.py:278: UserWarning: Path 'competitive_models/stsac_pend_hl3_len200_55_0_replay_buffer_50000_steps.pkl' exists, will overwrite it.
  warnings.warn(f"Path '{path}' exists, will overwrite it.")
----------------------------------
| rollout/           |           |
|    ep_len_mean     | 200       |
|    ep_rew_mean     | -1.21e+03 |
| time/              |           |
|    episodes        | 252       |
|    fps             | 39        |
|    time_elapsed    | 1274      |
|    total_timesteps | 50400     |
| train/             |           |
|    actor_loss      | 55        |
|    critic_loss     | 0.389     |
|    dstb_ent_coef   | 0.0832    |
|    ent_coef        | 0.177     |
|    ent_coef_loss   | -0.0598   |
|    n_updates       | 12768     |
|    std             | 0.686     |
----------------------------------
----------------------------------
| rollout/           |           |
|    ep_len_mean     | 200       |
|    ep_rew_mean     | -1.23e+03 |
| time/              |           |
|    episodes        | 252       |
|    fps             | 39        |
|    time_elapsed    | 1275      |
|    total_timesteps | 50400     |
| train/             |           |
|    actor_loss      | 55.3      |
|    critic_loss     | 0.404     |
|    dstb_ent_coef   | 0.0861    |
|    ent_coef        | 0.171     |
|    ent_coef_loss   | -0.0895   |
|    n_updates       | 12768     |
|    std             | 0.803     |
----------------------------------
/home/jw4406/codebase/stable-baselines3/stable_baselines3/common/save_util.py:278: UserWarning: Path 'competitive_models/stsac_pend_hl3_len200_55_1_replay_buffer_51000_steps.pkl' exists, will overwrite it.
  warnings.warn(f"Path '{path}' exists, will overwrite it.")
/home/jw4406/codebase/stable-baselines3/stable_baselines3/common/save_util.py:278: UserWarning: Path 'competitive_models/stsac_pend_hl3_len200_55_0_replay_buffer_51000_steps.pkl' exists, will overwrite it.
  warnings.warn(f"Path '{path}' exists, will overwrite it.")
----------------------------------
| rollout/           |           |
|    ep_len_mean     | 200       |
|    ep_rew_mean     | -1.16e+03 |
| time/              |           |
|    episodes        | 256       |
|    fps             | 13        |
|    time_elapsed    | 3669      |
|    total_timesteps | 51200     |
| train/             |           |
|    actor_loss      | 52.8      |
|    critic_loss     | 0.241     |
|    dstb_ent_coef   | 0.0543    |
|    ent_coef        | 0.154     |
|    ent_coef_loss   | -0.158    |
|    n_updates       | 38368     |
|    std             | 0.643     |
----------------------------------
----------------------------------
| rollout/           |           |
|    ep_len_mean     | 200       |
|    ep_rew_mean     | -1.19e+03 |
| time/              |           |
|    episodes        | 256       |
|    fps             | 13        |
|    time_elapsed    | 3671      |
|    total_timesteps | 51200     |
| train/             |           |
|    actor_loss      | 52.4      |
|    critic_loss     | 0.253     |
|    dstb_ent_coef   | 0.0562    |
|    ent_coef        | 0.163     |
|    ent_coef_loss   | -0.0281   |
|    n_updates       | 38368     |
|    std             | 0.756     |
----------------------------------
/home/jw4406/codebase/stable-baselines3/stable_baselines3/common/save_util.py:278: UserWarning: Path 'competitive_models/stsac_pend_hl3_len200_55_1_replay_buffer_52000_steps.pkl' exists, will overwrite it.
  warnings.warn(f"Path '{path}' exists, will overwrite it.")
----------------------------------
| rollout/           |           |
|    ep_len_mean     | 200       |
|    ep_rew_mean     | -1.14e+03 |
| time/              |           |
|    episodes        | 260       |
|    fps             | 8         |
|    time_elapsed    | 6054      |
|    total_timesteps | 52000     |
| train/             |           |
|    actor_loss      | 52        |
|    critic_loss     | 0.204     |
|    dstb_ent_coef   | 0.0459    |
|    ent_coef        | 0.142     |
|    ent_coef_loss   | -0.187    |
|    n_updates       | 63968     |
|    std             | 0.592     |
----------------------------------
/home/jw4406/codebase/stable-baselines3/stable_baselines3/common/save_util.py:278: UserWarning: Path 'competitive_models/stsac_pend_hl3_len200_55_0_replay_buffer_52000_steps.pkl' exists, will overwrite it.
  warnings.warn(f"Path '{path}' exists, will overwrite it.")
----------------------------------
| rollout/           |           |
|    ep_len_mean     | 200       |
|    ep_rew_mean     | -1.15e+03 |
| time/              |           |
|    episodes        | 260       |
|    fps             | 8         |
|    time_elapsed    | 6054      |
|    total_timesteps | 52000     |
| train/             |           |
|    actor_loss      | 51.7      |
|    critic_loss     | 0.158     |
|    dstb_ent_coef   | 0.0508    |
|    ent_coef        | 0.151     |
|    ent_coef_loss   | 0.0118    |
|    n_updates       | 63968     |
|    std             | 0.688     |
----------------------------------
---------------------------------
| rollout/           |          |
|    ep_len_mean     | 200      |
|    ep_rew_mean     | -1.1e+03 |
| time/              |          |
|    episodes        | 264      |
|    fps             | 6        |
|    time_elapsed    | 8459     |
|    total_timesteps | 52800    |
| train/             |          |
|    actor_loss      | 51.4     |
|    critic_loss     | 0.123    |
|    dstb_ent_coef   | 0.0437   |
|    ent_coef        | 0.136    |
|    ent_coef_loss   | -0.287   |
|    n_updates       | 89568    |
|    std             | 0.559    |
---------------------------------
----------------------------------
| rollout/           |           |
|    ep_len_mean     | 200       |
|    ep_rew_mean     | -1.12e+03 |
| time/              |           |
|    episodes        | 264       |
|    fps             | 6         |
|    time_elapsed    | 8461      |
|    total_timesteps | 52800     |
| train/             |           |
|    actor_loss      | 51.2      |
|    critic_loss     | 0.365     |
|    dstb_ent_coef   | 0.0469    |
|    ent_coef        | 0.14      |
|    ent_coef_loss   | 0.0333    |
|    n_updates       | 89568     |
|    std             | 0.633     |
----------------------------------
/home/jw4406/codebase/stable-baselines3/stable_baselines3/common/save_util.py:278: UserWarning: Path 'competitive_models/stsac_pend_hl3_len200_55_1_replay_buffer_53000_steps.pkl' exists, will overwrite it.
  warnings.warn(f"Path '{path}' exists, will overwrite it.")
/home/jw4406/codebase/stable-baselines3/stable_baselines3/common/save_util.py:278: UserWarning: Path 'competitive_models/stsac_pend_hl3_len200_55_0_replay_buffer_53000_steps.pkl' exists, will overwrite it.
  warnings.warn(f"Path '{path}' exists, will overwrite it.")
----------------------------------
| rollout/           |           |
|    ep_len_mean     | 200       |
|    ep_rew_mean     | -1.06e+03 |
| time/              |           |
|    episodes        | 268       |
|    fps             | 4         |
|    time_elapsed    | 10863     |
|    total_timesteps | 53600     |
| train/             |           |
|    actor_loss      | 50.7      |
|    critic_loss     | 0.148     |
|    dstb_ent_coef   | 0.0422    |
|    ent_coef        | 0.128     |
|    ent_coef_loss   | 0.119     |
|    n_updates       | 115168    |
|    std             | 0.522     |
----------------------------------
----------------------------------
| rollout/           |           |
|    ep_len_mean     | 200       |
|    ep_rew_mean     | -1.08e+03 |
| time/              |           |
|    episodes        | 268       |
|    fps             | 4         |
|    time_elapsed    | 10869     |
|    total_timesteps | 53600     |
| train/             |           |
|    actor_loss      | 50.4      |
|    critic_loss     | 0.399     |
|    dstb_ent_coef   | 0.0442    |
|    ent_coef        | 0.133     |
|    ent_coef_loss   | 0.0105    |
|    n_updates       | 115168    |
|    std             | 0.594     |
----------------------------------
/home/jw4406/codebase/stable-baselines3/stable_baselines3/common/save_util.py:278: UserWarning: Path 'competitive_models/stsac_pend_hl3_len200_55_1_replay_buffer_54000_steps.pkl' exists, will overwrite it.
  warnings.warn(f"Path '{path}' exists, will overwrite it.")
/home/jw4406/codebase/stable-baselines3/stable_baselines3/common/save_util.py:278: UserWarning: Path 'competitive_models/stsac_pend_hl3_len200_55_0_replay_buffer_54000_steps.pkl' exists, will overwrite it.
  warnings.warn(f"Path '{path}' exists, will overwrite it.")
----------------------------------
| rollout/           |           |
|    ep_len_mean     | 200       |
|    ep_rew_mean     | -1.03e+03 |
| time/              |           |
|    episodes        | 272       |
|    fps             | 4         |
|    time_elapsed    | 13262     |
|    total_timesteps | 54400     |
| train/             |           |
|    actor_loss      | 50.2      |
|    critic_loss     | 0.0879    |
|    dstb_ent_coef   | 0.0399    |
|    ent_coef        | 0.123     |
|    ent_coef_loss   | 0.226     |
|    n_updates       | 140768    |
|    std             | 0.497     |
----------------------------------
----------------------------------
| rollout/           |           |
|    ep_len_mean     | 200       |
|    ep_rew_mean     | -1.04e+03 |
| time/              |           |
|    episodes        | 272       |
|    fps             | 4         |
|    time_elapsed    | 13270     |
|    total_timesteps | 54400     |
| train/             |           |
|    actor_loss      | 50.2      |
|    critic_loss     | 0.0906    |
|    dstb_ent_coef   | 0.0411    |
|    ent_coef        | 0.128     |
|    ent_coef_loss   | -0.151    |
|    n_updates       | 140768    |
|    std             | 0.579     |
----------------------------------
---------------------------------
| rollout/           |          |
|    ep_len_mean     | 200      |
|    ep_rew_mean     | -992     |
| time/              |          |
|    episodes        | 276      |
|    fps             | 3        |
|    time_elapsed    | 15672    |
|    total_timesteps | 55200    |
| train/             |          |
|    actor_loss      | 49.4     |
|    critic_loss     | 0.149    |
|    dstb_ent_coef   | 0.0385   |
|    ent_coef        | 0.12     |
|    ent_coef_loss   | -0.202   |
|    n_updates       | 166368   |
|    std             | 0.477    |
---------------------------------
---------------------------------
| rollout/           |          |
|    ep_len_mean     | 200      |
|    ep_rew_mean     | -1e+03   |
| time/              |          |
|    episodes        | 276      |
|    fps             | 3        |
|    time_elapsed    | 15685    |
|    total_timesteps | 55200    |
| train/             |          |
|    actor_loss      | 49.4     |
|    critic_loss     | 0.0759   |
|    dstb_ent_coef   | 0.0404   |
|    ent_coef        | 0.123    |
|    ent_coef_loss   | -0.0915  |
|    n_updates       | 166368   |
|    std             | 0.565    |
---------------------------------
---------------------------------
| rollout/           |          |
|    ep_len_mean     | 200      |
|    ep_rew_mean     | -962     |
| time/              |          |
|    episodes        | 280      |
|    fps             | 3        |
|    time_elapsed    | 18077    |
|    total_timesteps | 56000    |
| train/             |          |
|    actor_loss      | 48.9     |
|    critic_loss     | 0.132    |
|    dstb_ent_coef   | 0.0371   |
|    ent_coef        | 0.118    |
|    ent_coef_loss   | 0.302    |
|    n_updates       | 191968   |
|    std             | 0.46     |
---------------------------------
---------------------------------
| rollout/           |          |
|    ep_len_mean     | 200      |
|    ep_rew_mean     | -978     |
| time/              |          |
|    episodes        | 280      |
|    fps             | 3        |
|    time_elapsed    | 18093    |
|    total_timesteps | 56000    |
| train/             |          |
|    actor_loss      | 49.1     |
|    critic_loss     | 0.0799   |
|    dstb_ent_coef   | 0.0395   |
|    ent_coef        | 0.12     |
|    ent_coef_loss   | 0.00592  |
|    n_updates       | 191968   |
|    std             | 0.574    |
---------------------------------
---------------------------------
| rollout/           |          |
|    ep_len_mean     | 200      |
|    ep_rew_mean     | -919     |
| time/              |          |
|    episodes        | 284      |
|    fps             | 2        |
|    time_elapsed    | 20499    |
|    total_timesteps | 56800    |
| train/             |          |
|    actor_loss      | 48.9     |
|    critic_loss     | 0.0926   |
|    dstb_ent_coef   | 0.0373   |
|    ent_coef        | 0.115    |
|    ent_coef_loss   | 0.207    |
|    n_updates       | 217568   |
|    std             | 0.454    |
---------------------------------
---------------------------------
| rollout/           |          |
|    ep_len_mean     | 200      |
|    ep_rew_mean     | -936     |
| time/              |          |
|    episodes        | 284      |
|    fps             | 2        |
|    time_elapsed    | 20523    |
|    total_timesteps | 56800    |
| train/             |          |
|    actor_loss      | 48.2     |
|    critic_loss     | 0.32     |
|    dstb_ent_coef   | 0.0388   |
|    ent_coef        | 0.115    |
|    ent_coef_loss   | -0.073   |
|    n_updates       | 217568   |
|    std             | 0.552    |
---------------------------------
---------------------------------
| rollout/           |          |
|    ep_len_mean     | 200      |
|    ep_rew_mean     | -887     |
| time/              |          |
|    episodes        | 288      |
|    fps             | 2        |
|    time_elapsed    | 22915    |
|    total_timesteps | 57600    |
| train/             |          |
|    actor_loss      | 48.4     |
|    critic_loss     | 0.155    |
|    dstb_ent_coef   | 0.0357   |
|    ent_coef        | 0.113    |
|    ent_coef_loss   | 0.29     |
|    n_updates       | 243168   |
|    std             | 0.438    |
---------------------------------
---------------------------------
| rollout/           |          |
|    ep_len_mean     | 200      |
|    ep_rew_mean     | -889     |
| time/              |          |
|    episodes        | 288      |
|    fps             | 2        |
|    time_elapsed    | 22941    |
|    total_timesteps | 57600    |
| train/             |          |
|    actor_loss      | 47.7     |
|    critic_loss     | 0.095    |
|    dstb_ent_coef   | 0.0374   |
|    ent_coef        | 0.111    |
|    ent_coef_loss   | -0.105   |
|    n_updates       | 243168   |
|    std             | 0.546    |
---------------------------------
---------------------------------
| rollout/           |          |
|    ep_len_mean     | 200      |
|    ep_rew_mean     | -856     |
| time/              |          |
|    episodes        | 292      |
|    fps             | 2        |
|    time_elapsed    | 25335    |
|    total_timesteps | 58400    |
| train/             |          |
|    actor_loss      | 47.9     |
|    critic_loss     | 0.116    |
|    dstb_ent_coef   | 0.0351   |
|    ent_coef        | 0.109    |
|    ent_coef_loss   | -0.0992  |
|    n_updates       | 268768   |
|    std             | 0.426    |
---------------------------------
---------------------------------
| rollout/           |          |
|    ep_len_mean     | 200      |
|    ep_rew_mean     | -848     |
| time/              |          |
|    episodes        | 292      |
|    fps             | 2        |
|    time_elapsed    | 25363    |
|    total_timesteps | 58400    |
| train/             |          |
|    actor_loss      | 46.1     |
|    critic_loss     | 0.331    |
|    dstb_ent_coef   | 0.0359   |
|    ent_coef        | 0.11     |
|    ent_coef_loss   | -0.124   |
|    n_updates       | 268768   |
|    std             | 0.54     |
---------------------------------
---------------------------------
| rollout/           |          |
|    ep_len_mean     | 200      |
|    ep_rew_mean     | -808     |
| time/              |          |
|    episodes        | 296      |
|    fps             | 2        |
|    time_elapsed    | 27753    |
|    total_timesteps | 59200    |
| train/             |          |
|    actor_loss      | 46.9     |
|    critic_loss     | 0.0616   |
|    dstb_ent_coef   | 0.0334   |
|    ent_coef        | 0.106    |
|    ent_coef_loss   | -0.147   |
|    n_updates       | 294368   |
|    std             | 0.403    |
---------------------------------
---------------------------------
| rollout/           |          |
|    ep_len_mean     | 200      |
|    ep_rew_mean     | -814     |
| time/              |          |
|    episodes        | 296      |
|    fps             | 2        |
|    time_elapsed    | 27786    |
|    total_timesteps | 59200    |
| train/             |          |
|    actor_loss      | 45.5     |
|    critic_loss     | 0.0692   |
|    dstb_ent_coef   | 0.0347   |
|    ent_coef        | 0.106    |
|    ent_coef_loss   | -0.0948  |
|    n_updates       | 294368   |
|    std             | 0.507    |
---------------------------------
Eval num_timesteps=60000, episode_reward=-252.10 +/- 187.08
Episode length: 200.00 +/- 0.00
---------------------------------
| eval/              |          |
|    mean_ep_length  | 200      |
|    mean_reward     | -252     |
| time/              |          |
|    total_timesteps | 60000    |
| train/             |          |
|    actor_loss      | 46       |
|    critic_loss     | 0.0695   |
|    dstb_ent_coef   | 0.0312   |
|    ent_coef        | 0.103    |
|    ent_coef_loss   | 0.0288   |
|    n_updates       | 319968   |
---------------------------------
New best mean reward!
---------------------------------
| rollout/           |          |
|    ep_len_mean     | 200      |
|    ep_rew_mean     | -770     |
| time/              |          |
|    episodes        | 300      |
|    fps             | 1        |
|    time_elapsed    | 30195    |
|    total_timesteps | 60000    |
| train/             |          |
|    std             | 0.395    |
---------------------------------
Eval num_timesteps=60000, episode_reward=-266.36 +/- 183.15
Episode length: 200.00 +/- 0.00
---------------------------------
| eval/              |          |
|    mean_ep_length  | 200      |
|    mean_reward     | -266     |
| time/              |          |
|    total_timesteps | 60000    |
| train/             |          |
|    actor_loss      | 45.4     |
|    critic_loss     | 0.0584   |
|    dstb_ent_coef   | 0.032    |
|    ent_coef        | 0.106    |
|    ent_coef_loss   | -0.0581  |
|    n_updates       | 319968   |
---------------------------------
New best mean reward!
---------------------------------
| rollout/           |          |
|    ep_len_mean     | 200      |
|    ep_rew_mean     | -785     |
| time/              |          |
|    episodes        | 300      |
|    fps             | 1        |
|    time_elapsed    | 30229    |
|    total_timesteps | 60000    |
| train/             |          |
|    std             | 0.494    |
---------------------------------
---------------------------------
| rollout/           |          |
|    ep_len_mean     | 200      |
|    ep_rew_mean     | -734     |
| time/              |          |
|    episodes        | 304      |
|    fps             | 1        |
|    time_elapsed    | 32638    |
|    total_timesteps | 60800    |
| train/             |          |
|    actor_loss      | 45.2     |
|    critic_loss     | 0.0661   |
|    dstb_ent_coef   | 0.0315   |
|    ent_coef        | 0.0987   |
|    ent_coef_loss   | 0.0598   |
|    n_updates       | 345568   |
|    std             | 0.376    |
---------------------------------
---------------------------------
| rollout/           |          |
|    ep_len_mean     | 200      |
|    ep_rew_mean     | -751     |
| time/              |          |
|    episodes        | 304      |
|    fps             | 1        |
|    time_elapsed    | 32682    |
|    total_timesteps | 60800    |
| train/             |          |
|    actor_loss      | 44.4     |
|    critic_loss     | 0.065    |
|    dstb_ent_coef   | 0.0309   |
|    ent_coef        | 0.103    |
|    ent_coef_loss   | -0.0184  |
|    n_updates       | 345568   |
|    std             | 0.489    |
---------------------------------
---------------------------------
| rollout/           |          |
|    ep_len_mean     | 200      |
|    ep_rew_mean     | -698     |
| time/              |          |
|    episodes        | 308      |
|    fps             | 1        |
|    time_elapsed    | 35058    |
|    total_timesteps | 61600    |
| train/             |          |
|    actor_loss      | 44.9     |
|    critic_loss     | 0.193    |
|    dstb_ent_coef   | 0.0289   |
|    ent_coef        | 0.095    |
|    ent_coef_loss   | 0.278    |
|    n_updates       | 371168   |
|    std             | 0.36     |
---------------------------------
---------------------------------
| rollout/           |          |
|    ep_len_mean     | 200      |
|    ep_rew_mean     | -715     |
| time/              |          |
|    episodes        | 308      |
|    fps             | 1        |
|    time_elapsed    | 35106    |
|    total_timesteps | 61600    |
| train/             |          |
|    actor_loss      | 44.8     |
|    critic_loss     | 0.0905   |
|    dstb_ent_coef   | 0.0306   |
|    ent_coef        | 0.102    |
|    ent_coef_loss   | 0.0575   |
|    n_updates       | 371168   |
|    std             | 0.478    |
---------------------------------
---------------------------------
| rollout/           |          |
|    ep_len_mean     | 200      |
|    ep_rew_mean     | -652     |
| time/              |          |
|    episodes        | 312      |
|    fps             | 1        |
|    time_elapsed    | 37500    |
|    total_timesteps | 62400    |
| train/             |          |
|    actor_loss      | 43.6     |
|    critic_loss     | 0.209    |
|    dstb_ent_coef   | 0.0269   |
|    ent_coef        | 0.0916   |
|    ent_coef_loss   | -0.17    |
|    n_updates       | 396768   |
|    std             | 0.348    |
---------------------------------
---------------------------------
| rollout/           |          |
|    ep_len_mean     | 200      |
|    ep_rew_mean     | -677     |
| time/              |          |
|    episodes        | 312      |
|    fps             | 1        |
|    time_elapsed    | 37554    |
|    total_timesteps | 62400    |
| train/             |          |
|    actor_loss      | 43.6     |
|    critic_loss     | 0.533    |
|    dstb_ent_coef   | 0.0296   |
|    ent_coef        | 0.0981   |
|    ent_coef_loss   | 0.304    |
|    n_updates       | 396768   |
|    std             | 0.478    |
---------------------------------
---------------------------------
| rollout/           |          |
|    ep_len_mean     | 200      |
|    ep_rew_mean     | -614     |
| time/              |          |
|    episodes        | 316      |
|    fps             | 1        |
|    time_elapsed    | 39946    |
|    total_timesteps | 63200    |
| train/             |          |
|    actor_loss      | 43.1     |
|    critic_loss     | 0.198    |
|    dstb_ent_coef   | 0.0256   |
|    ent_coef        | 0.0885   |
|    ent_coef_loss   | 0.221    |
|    n_updates       | 422368   |
|    std             | 0.335    |
---------------------------------
---------------------------------
| rollout/           |          |
|    ep_len_mean     | 200      |
|    ep_rew_mean     | -634     |
| time/              |          |
|    episodes        | 316      |
|    fps             | 1        |
|    time_elapsed    | 40016    |
|    total_timesteps | 63200    |
| train/             |          |
|    actor_loss      | 42.8     |
|    critic_loss     | 0.0805   |
|    dstb_ent_coef   | 0.0267   |
|    ent_coef        | 0.093    |
|    ent_coef_loss   | -0.101   |
|    n_updates       | 422368   |
|    std             | 0.468    |
---------------------------------
---------------------------------
| rollout/           |          |
|    ep_len_mean     | 200      |
|    ep_rew_mean     | -577     |
| time/              |          |
|    episodes        | 320      |
|    fps             | 1        |
|    time_elapsed    | 42534    |
|    total_timesteps | 64000    |
| train/             |          |
|    actor_loss      | 42.2     |
|    critic_loss     | 0.0813   |
|    dstb_ent_coef   | 0.0244   |
|    ent_coef        | 0.0863   |
|    ent_coef_loss   | -0.19    |
|    n_updates       | 447968   |
|    std             | 0.324    |
---------------------------------
---------------------------------
| rollout/           |          |
|    ep_len_mean     | 200      |
|    ep_rew_mean     | -601     |
| time/              |          |
|    episodes        | 320      |
|    fps             | 1        |
|    time_elapsed    | 42617    |
|    total_timesteps | 64000    |
| train/             |          |
|    actor_loss      | 41.5     |
|    critic_loss     | 0.0427   |
|    dstb_ent_coef   | 0.0256   |
|    ent_coef        | 0.0884   |
|    ent_coef_loss   | -0.0396  |
|    n_updates       | 447968   |
|    std             | 0.467    |
---------------------------------
---------------------------------
| rollout/           |          |
|    ep_len_mean     | 200      |
|    ep_rew_mean     | -537     |
| time/              |          |
|    episodes        | 324      |
|    fps             | 1        |
|    time_elapsed    | 44966    |
|    total_timesteps | 64800    |
| train/             |          |
|    actor_loss      | 42.1     |
|    critic_loss     | 0.127    |
|    dstb_ent_coef   | 0.0231   |
|    ent_coef        | 0.0821   |
|    ent_coef_loss   | -0.0686  |
|    n_updates       | 473568   |
|    std             | 0.318    |
---------------------------------
---------------------------------
| rollout/           |          |
|    ep_len_mean     | 200      |
|    ep_rew_mean     | -563     |
| time/              |          |
|    episodes        | 324      |
|    fps             | 1        |
|    time_elapsed    | 45059    |
|    total_timesteps | 64800    |
| train/             |          |
|    actor_loss      | 41.2     |
|    critic_loss     | 0.281    |
|    dstb_ent_coef   | 0.0252   |
|    ent_coef        | 0.0845   |
|    ent_coef_loss   | -0.218   |
|    n_updates       | 473568   |
|    std             | 0.442    |
---------------------------------
---------------------------------
| rollout/           |          |
|    ep_len_mean     | 200      |
|    ep_rew_mean     | -504     |
| time/              |          |
|    episodes        | 328      |
|    fps             | 1        |
|    time_elapsed    | 47505    |
|    total_timesteps | 65600    |
| train/             |          |
|    actor_loss      | 41.5     |
|    critic_loss     | 0.0484   |
|    dstb_ent_coef   | 0.0222   |
|    ent_coef        | 0.0795   |
|    ent_coef_loss   | 0.168    |
|    n_updates       | 499168   |
|    std             | 0.31     |
---------------------------------
---------------------------------
| rollout/           |          |
|    ep_len_mean     | 200      |
|    ep_rew_mean     | -527     |
| time/              |          |
|    episodes        | 328      |
|    fps             | 1        |
|    time_elapsed    | 47600    |
|    total_timesteps | 65600    |
| train/             |          |
|    actor_loss      | 40.8     |
|    critic_loss     | 0.0548   |
|    dstb_ent_coef   | 0.0247   |
|    ent_coef        | 0.0811   |
|    ent_coef_loss   | 0.0565   |
|    n_updates       | 499168   |
|    std             | 0.438    |
---------------------------------
---------------------------------
| rollout/           |          |
|    ep_len_mean     | 200      |
|    ep_rew_mean     | -456     |
| time/              |          |
|    episodes        | 332      |
|    fps             | 1        |
|    time_elapsed    | 49921    |
|    total_timesteps | 66400    |
| train/             |          |
|    actor_loss      | 41.1     |
|    critic_loss     | 0.062    |
|    dstb_ent_coef   | 0.0208   |
|    ent_coef        | 0.0748   |
|    ent_coef_loss   | 0.147    |
|    n_updates       | 524768   |
|    std             | 0.3      |
---------------------------------
---------------------------------
| rollout/           |          |
|    ep_len_mean     | 200      |
|    ep_rew_mean     | -476     |
| time/              |          |
|    episodes        | 332      |
|    fps             | 1        |
|    time_elapsed    | 50022    |
|    total_timesteps | 66400    |
| train/             |          |
|    actor_loss      | 40.1     |
|    critic_loss     | 0.0327   |
|    dstb_ent_coef   | 0.0236   |
|    ent_coef        | 0.078    |
|    ent_coef_loss   | -0.137   |
|    n_updates       | 524768   |
|    std             | 0.407    |
---------------------------------
---------------------------------
| rollout/           |          |
|    ep_len_mean     | 200      |
|    ep_rew_mean     | -426     |
| time/              |          |
|    episodes        | 336      |
|    fps             | 1        |
|    time_elapsed    | 52340    |
|    total_timesteps | 67200    |
| train/             |          |
|    actor_loss      | 40.3     |
|    critic_loss     | 0.0959   |
|    dstb_ent_coef   | 0.0199   |
|    ent_coef        | 0.0724   |
|    ent_coef_loss   | -0.135   |
|    n_updates       | 550368   |
|    std             | 0.298    |
---------------------------------
---------------------------------
| rollout/           |          |
|    ep_len_mean     | 200      |
|    ep_rew_mean     | -430     |
| time/              |          |
|    episodes        | 336      |
|    fps             | 1        |
|    time_elapsed    | 52443    |
|    total_timesteps | 67200    |
| train/             |          |
|    actor_loss      | 39.5     |
|    critic_loss     | 0.0512   |
|    dstb_ent_coef   | 0.0218   |
|    ent_coef        | 0.0714   |
|    ent_coef_loss   | 0.116    |
|    n_updates       | 550368   |
|    std             | 0.411    |
---------------------------------
---------------------------------
| rollout/           |          |
|    ep_len_mean     | 200      |
|    ep_rew_mean     | -393     |
| time/              |          |
|    episodes        | 340      |
|    fps             | 1        |
|    time_elapsed    | 54763    |
|    total_timesteps | 68000    |
| train/             |          |
|    actor_loss      | 39.1     |
|    critic_loss     | 0.143    |
|    dstb_ent_coef   | 0.0195   |
|    ent_coef        | 0.0679   |
|    ent_coef_loss   | 0.31     |
|    n_updates       | 575968   |
|    std             | 0.293    |
---------------------------------
---------------------------------
| rollout/           |          |
|    ep_len_mean     | 200      |
|    ep_rew_mean     | -391     |
| time/              |          |
|    episodes        | 340      |
|    fps             | 1        |
|    time_elapsed    | 54871    |
|    total_timesteps | 68000    |
| train/             |          |
|    actor_loss      | 38.6     |
|    critic_loss     | 0.0541   |
|    dstb_ent_coef   | 0.0212   |
|    ent_coef        | 0.0683   |
|    ent_coef_loss   | 0.0962   |
|    n_updates       | 575968   |
|    std             | 0.417    |
---------------------------------
---------------------------------
| rollout/           |          |
|    ep_len_mean     | 200      |
|    ep_rew_mean     | -365     |
| time/              |          |
|    episodes        | 344      |
|    fps             | 1        |
|    time_elapsed    | 57286    |
|    total_timesteps | 68800    |
| train/             |          |
|    actor_loss      | 39       |
|    critic_loss     | 0.11     |
|    dstb_ent_coef   | 0.019    |
|    ent_coef        | 0.0665   |
|    ent_coef_loss   | -0.0606  |
|    n_updates       | 601568   |
|    std             | 0.292    |
---------------------------------
---------------------------------
| rollout/           |          |
|    ep_len_mean     | 200      |
|    ep_rew_mean     | -340     |
| time/              |          |
|    episodes        | 344      |
|    fps             | 1        |
|    time_elapsed    | 57395    |
|    total_timesteps | 68800    |
| train/             |          |
|    actor_loss      | 37.9     |
|    critic_loss     | 0.34     |
|    dstb_ent_coef   | 0.0186   |
|    ent_coef        | 0.0619   |
|    ent_coef_loss   | 0.201    |
|    n_updates       | 601568   |
|    std             | 0.407    |
---------------------------------
---------------------------------
| rollout/           |          |
|    ep_len_mean     | 200      |
|    ep_rew_mean     | -327     |
| time/              |          |
|    episodes        | 348      |
|    fps             | 1        |
|    time_elapsed    | 59723    |
|    total_timesteps | 69600    |
| train/             |          |
|    actor_loss      | 38       |
|    critic_loss     | 0.191    |
|    dstb_ent_coef   | 0.018    |
|    ent_coef        | 0.0627   |
|    ent_coef_loss   | 0.381    |
|    n_updates       | 627168   |
|    std             | 0.293    |
---------------------------------
---------------------------------
| rollout/           |          |
|    ep_len_mean     | 200      |
|    ep_rew_mean     | -299     |
| time/              |          |
|    episodes        | 348      |
|    fps             | 1        |
|    time_elapsed    | 59832    |
|    total_timesteps | 69600    |
| train/             |          |
|    actor_loss      | 37.5     |
|    critic_loss     | 0.0695   |
|    dstb_ent_coef   | 0.0176   |
|    ent_coef        | 0.0612   |
|    ent_coef_loss   | 0.312    |
|    n_updates       | 627168   |
|    std             | 0.413    |
---------------------------------
Eval num_timesteps=70000, episode_reward=-315.01 +/- 174.31
Episode length: 200.00 +/- 0.00
---------------------------------
| eval/              |          |
|    mean_ep_length  | 200      |
|    mean_reward     | -315     |
| time/              |          |
|    total_timesteps | 70000    |
| train/             |          |
|    actor_loss      | 38.1     |
|    critic_loss     | 0.165    |
|    dstb_ent_coef   | 0.0171   |
|    ent_coef        | 0.0612   |
|    ent_coef_loss   | -0.175   |
|    n_updates       | 639968   |
---------------------------------
Eval num_timesteps=70000, episode_reward=-250.61 +/- 180.35
Episode length: 200.00 +/- 0.00
---------------------------------
| eval/              |          |
|    mean_ep_length  | 200      |
|    mean_reward     | -251     |
| time/              |          |
|    total_timesteps | 70000    |
| train/             |          |
|    actor_loss      | 37       |
|    critic_loss     | 0.0714   |
|    dstb_ent_coef   | 0.0166   |
|    ent_coef        | 0.0581   |
|    ent_coef_loss   | -0.104   |
|    n_updates       | 639968   |
---------------------------------
---------------------------------
| rollout/           |          |
|    ep_len_mean     | 200      |
|    ep_rew_mean     | -302     |
| time/              |          |
|    episodes        | 352      |
|    fps             | 1        |
|    time_elapsed    | 62148    |
|    total_timesteps | 70400    |
| train/             |          |
|    actor_loss      | 37.6     |
|    critic_loss     | 0.0753   |
|    dstb_ent_coef   | 0.0169   |
|    ent_coef        | 0.0596   |
|    ent_coef_loss   | 0.0347   |
|    n_updates       | 652768   |
|    std             | 0.289    |
---------------------------------
New best mean reward!
---------------------------------
| rollout/           |          |
|    ep_len_mean     | 200      |
|    ep_rew_mean     | -269     |
| time/              |          |
|    episodes        | 352      |
|    fps             | 1        |
|    time_elapsed    | 62265    |
|    total_timesteps | 70400    |
| train/             |          |
|    actor_loss      | 37.2     |
|    critic_loss     | 0.0451   |
|    dstb_ent_coef   | 0.0167   |
|    ent_coef        | 0.0566   |
|    ent_coef_loss   | 0.293    |
|    n_updates       | 652768   |
|    std             | 0.419    |
---------------------------------
---------------------------------
| rollout/           |          |
|    ep_len_mean     | 200      |
|    ep_rew_mean     | -310     |
| time/              |          |
|    episodes        | 356      |
|    fps             | 1        |
|    time_elapsed    | 64570    |
|    total_timesteps | 71200    |
| train/             |          |
|    actor_loss      | 37.4     |
|    critic_loss     | 0.136    |
|    dstb_ent_coef   | 0.016    |
|    ent_coef        | 0.0554   |
|    ent_coef_loss   | 0.362    |
|    n_updates       | 678368   |
|    std             | 0.291    |
---------------------------------
---------------------------------
| rollout/           |          |
|    ep_len_mean     | 200      |
|    ep_rew_mean     | -270     |
| time/              |          |
|    episodes        | 356      |
|    fps             | 1        |
|    time_elapsed    | 64692    |
|    total_timesteps | 71200    |
| train/             |          |
|    actor_loss      | 36.8     |
|    critic_loss     | 0.06     |
|    dstb_ent_coef   | 0.0171   |
|    ent_coef        | 0.0535   |
|    ent_coef_loss   | 0.0651   |
|    n_updates       | 678368   |
|    std             | 0.42     |
---------------------------------
---------------------------------
| rollout/           |          |
|    ep_len_mean     | 200      |
|    ep_rew_mean     | -308     |
| time/              |          |
|    episodes        | 360      |
|    fps             | 1        |
|    time_elapsed    | 66999    |
|    total_timesteps | 72000    |
| train/             |          |
|    actor_loss      | 36.8     |
|    critic_loss     | 0.0818   |
|    dstb_ent_coef   | 0.0155   |
|    ent_coef        | 0.0493   |
|    ent_coef_loss   | 0.0172   |
|    n_updates       | 703968   |
|    std             | 0.282    |
---------------------------------
---------------------------------
| rollout/           |          |
|    ep_len_mean     | 200      |
|    ep_rew_mean     | -273     |
| time/              |          |
|    episodes        | 360      |
|    fps             | 1        |
|    time_elapsed    | 67131    |
|    total_timesteps | 72000    |
| train/             |          |
|    actor_loss      | 36.1     |
|    critic_loss     | 0.0315   |
|    dstb_ent_coef   | 0.0156   |
|    ent_coef        | 0.0502   |
|    ent_coef_loss   | 0.136    |
|    n_updates       | 703968   |
|    std             | 0.419    |
---------------------------------
---------------------------------
| rollout/           |          |
|    ep_len_mean     | 200      |
|    ep_rew_mean     | -306     |
| time/              |          |
|    episodes        | 364      |
|    fps             | 1        |
|    time_elapsed    | 69428    |
|    total_timesteps | 72800    |
| train/             |          |
|    actor_loss      | 36       |
|    critic_loss     | 0.109    |
|    dstb_ent_coef   | 0.0141   |
|    ent_coef        | 0.0436   |
|    ent_coef_loss   | -0.226   |
|    n_updates       | 729568   |
|    std             | 0.291    |
---------------------------------
---------------------------------
| rollout/           |          |
|    ep_len_mean     | 200      |
|    ep_rew_mean     | -272     |
| time/              |          |
|    episodes        | 364      |
|    fps             | 1        |
|    time_elapsed    | 69566    |
|    total_timesteps | 72800    |
| train/             |          |
|    actor_loss      | 35.7     |
|    critic_loss     | 0.0489   |
|    dstb_ent_coef   | 0.0144   |
|    ent_coef        | 0.0442   |
|    ent_coef_loss   | -0.0392  |
|    n_updates       | 729568   |
|    std             | 0.424    |
---------------------------------
---------------------------------
| rollout/           |          |
|    ep_len_mean     | 200      |
|    ep_rew_mean     | -302     |
| time/              |          |
|    episodes        | 368      |
|    fps             | 1        |
|    time_elapsed    | 71852    |
|    total_timesteps | 73600    |
| train/             |          |
|    actor_loss      | 35       |
|    critic_loss     | 0.022    |
|    dstb_ent_coef   | 0.0131   |
|    ent_coef        | 0.0387   |
|    ent_coef_loss   | 0.0858   |
|    n_updates       | 755168   |
|    std             | 0.294    |
---------------------------------
---------------------------------
| rollout/           |          |
|    ep_len_mean     | 200      |
|    ep_rew_mean     | -282     |
| time/              |          |
|    episodes        | 368      |
|    fps             | 1        |
|    time_elapsed    | 71993    |
|    total_timesteps | 73600    |
| train/             |          |
|    actor_loss      | 34.3     |
|    critic_loss     | 0.0256   |
|    dstb_ent_coef   | 0.0131   |
|    ent_coef        | 0.0435   |
|    ent_coef_loss   | 0.256    |
|    n_updates       | 755168   |
|    std             | 0.422    |
---------------------------------
---------------------------------
| rollout/           |          |
|    ep_len_mean     | 200      |
|    ep_rew_mean     | -305     |
| time/              |          |
|    episodes        | 372      |
|    fps             | 1        |
|    time_elapsed    | 74280    |
|    total_timesteps | 74400    |
| train/             |          |
|    actor_loss      | 34.2     |
|    critic_loss     | 0.032    |
|    dstb_ent_coef   | 0.0125   |
|    ent_coef        | 0.0436   |
|    ent_coef_loss   | -0.00952 |
|    n_updates       | 780768   |
|    std             | 0.285    |
---------------------------------
---------------------------------
| rollout/           |          |
|    ep_len_mean     | 200      |
|    ep_rew_mean     | -280     |
| time/              |          |
|    episodes        | 372      |
|    fps             | 0        |
|    time_elapsed    | 74423    |
|    total_timesteps | 74400    |
| train/             |          |
|    actor_loss      | 34.2     |
|    critic_loss     | 0.0181   |
|    dstb_ent_coef   | 0.0125   |
|    ent_coef        | 0.0406   |
|    ent_coef_loss   | 0.129    |
|    n_updates       | 780768   |
|    std             | 0.416    |
---------------------------------
---------------------------------
| rollout/           |          |
|    ep_len_mean     | 200      |
|    ep_rew_mean     | -311     |
| time/              |          |
|    episodes        | 376      |
|    fps             | 0        |
|    time_elapsed    | 76702    |
|    total_timesteps | 75200    |
| train/             |          |
|    actor_loss      | 34.2     |
|    critic_loss     | 0.0548   |
|    dstb_ent_coef   | 0.0119   |
|    ent_coef        | 0.0439   |
|    ent_coef_loss   | 0.0732   |
|    n_updates       | 806368   |
|    std             | 0.262    |
---------------------------------
---------------------------------
| rollout/           |          |
|    ep_len_mean     | 200      |
|    ep_rew_mean     | -288     |
| time/              |          |
|    episodes        | 376      |
|    fps             | 0        |
|    time_elapsed    | 76845    |
|    total_timesteps | 75200    |
| train/             |          |
|    actor_loss      | 34       |
|    critic_loss     | 0.0188   |
|    dstb_ent_coef   | 0.0112   |
|    ent_coef        | 0.038    |
|    ent_coef_loss   | 0.128    |
|    n_updates       | 806368   |
|    std             | 0.41     |
---------------------------------
---------------------------------
| rollout/           |          |
|    ep_len_mean     | 200      |
|    ep_rew_mean     | -295     |
| time/              |          |
|    episodes        | 380      |
|    fps             | 0        |
|    time_elapsed    | 79125    |
|    total_timesteps | 76000    |
| train/             |          |
|    actor_loss      | 32.6     |
|    critic_loss     | 0.0762   |
|    dstb_ent_coef   | 0.0109   |
|    ent_coef        | 0.0364   |
|    ent_coef_loss   | 0.223    |
|    n_updates       | 831968   |
|    std             | 0.242    |
---------------------------------
---------------------------------
| rollout/           |          |
|    ep_len_mean     | 200      |
|    ep_rew_mean     | -276     |
| time/              |          |
|    episodes        | 380      |
|    fps             | 0        |
|    time_elapsed    | 79278    |
|    total_timesteps | 76000    |
| train/             |          |
|    actor_loss      | 33.2     |
|    critic_loss     | 0.0522   |
|    dstb_ent_coef   | 0.0113   |
|    ent_coef        | 0.035    |
|    ent_coef_loss   | 0.374    |
|    n_updates       | 831968   |
|    std             | 0.406    |
---------------------------------
---------------------------------
| rollout/           |          |
|    ep_len_mean     | 200      |
|    ep_rew_mean     | -299     |
| time/              |          |
|    episodes        | 384      |
|    fps             | 0        |
|    time_elapsed    | 81553    |
|    total_timesteps | 76800    |
| train/             |          |
|    actor_loss      | 32.4     |
|    critic_loss     | 0.0359   |
|    dstb_ent_coef   | 0.0101   |
|    ent_coef        | 0.0348   |
|    ent_coef_loss   | 0.0509   |
|    n_updates       | 857568   |
|    std             | 0.234    |
---------------------------------
---------------------------------
| rollout/           |          |
|    ep_len_mean     | 200      |
|    ep_rew_mean     | -281     |
| time/              |          |
|    episodes        | 384      |
|    fps             | 0        |
|    time_elapsed    | 81708    |
|    total_timesteps | 76800    |
| train/             |          |
|    actor_loss      | 32.9     |
|    critic_loss     | 0.0244   |
|    dstb_ent_coef   | 0.0106   |
|    ent_coef        | 0.0308   |
|    ent_coef_loss   | 0.234    |
|    n_updates       | 857568   |
|    std             | 0.389    |
---------------------------------
---------------------------------
| rollout/           |          |
|    ep_len_mean     | 200      |
|    ep_rew_mean     | -288     |
| time/              |          |
|    episodes        | 388      |
|    fps             | 0        |
|    time_elapsed    | 83981    |
|    total_timesteps | 77600    |
| train/             |          |
|    actor_loss      | 31.7     |
|    critic_loss     | 0.051    |
|    dstb_ent_coef   | 0.00918  |
|    ent_coef        | 0.0317   |
|    ent_coef_loss   | -0.284   |
|    n_updates       | 883168   |
|    std             | 0.237    |
---------------------------------
---------------------------------
| rollout/           |          |
|    ep_len_mean     | 200      |
|    ep_rew_mean     | -290     |
| time/              |          |
|    episodes        | 388      |
|    fps             | 0        |
|    time_elapsed    | 84144    |
|    total_timesteps | 77600    |
| train/             |          |
|    actor_loss      | 31.9     |
|    critic_loss     | 0.0285   |
|    dstb_ent_coef   | 0.00916  |
|    ent_coef        | 0.0288   |
|    ent_coef_loss   | 0.17     |
|    n_updates       | 883168   |
|    std             | 0.381    |
---------------------------------
---------------------------------
| rollout/           |          |
|    ep_len_mean     | 200      |
|    ep_rew_mean     | -283     |
| time/              |          |
|    episodes        | 392      |
|    fps             | 0        |
|    time_elapsed    | 86398    |
|    total_timesteps | 78400    |
| train/             |          |
|    actor_loss      | 30.8     |
|    critic_loss     | 0.0219   |
|    dstb_ent_coef   | 0.0089   |
|    ent_coef        | 0.0288   |
|    ent_coef_loss   | -0.345   |
|    n_updates       | 908768   |
|    std             | 0.223    |
---------------------------------
---------------------------------
| rollout/           |          |
|    ep_len_mean     | 200      |
|    ep_rew_mean     | -292     |
| time/              |          |
|    episodes        | 392      |
|    fps             | 0        |
|    time_elapsed    | 86562    |
|    total_timesteps | 78400    |
| train/             |          |
|    actor_loss      | 31.3     |
|    critic_loss     | 0.015    |
|    dstb_ent_coef   | 0.00849  |
|    ent_coef        | 0.0271   |
|    ent_coef_loss   | 0.147    |
|    n_updates       | 908768   |
|    std             | 0.376    |
---------------------------------
---------------------------------
| rollout/           |          |
|    ep_len_mean     | 200      |
|    ep_rew_mean     | -286     |
| time/              |          |
|    episodes        | 396      |
|    fps             | 0        |
|    time_elapsed    | 88823    |
|    total_timesteps | 79200    |
| train/             |          |
|    actor_loss      | 29.6     |
|    critic_loss     | 0.0214   |
|    dstb_ent_coef   | 0.00823  |
|    ent_coef        | 0.0281   |
|    ent_coef_loss   | -0.0867  |
|    n_updates       | 934368   |
|    std             | 0.206    |
---------------------------------
---------------------------------
| rollout/           |          |
|    ep_len_mean     | 200      |
|    ep_rew_mean     | -292     |
| time/              |          |
|    episodes        | 396      |
|    fps             | 0        |
|    time_elapsed    | 88993    |
|    total_timesteps | 79200    |
| train/             |          |
|    actor_loss      | 30.4     |
|    critic_loss     | 0.0143   |
|    dstb_ent_coef   | 0.00788  |
|    ent_coef        | 0.0238   |
|    ent_coef_loss   | -0.262   |
|    n_updates       | 934368   |
|    std             | 0.348    |
---------------------------------
Eval num_timesteps=80000, episode_reward=-242.89 +/- 161.76
Episode length: 200.00 +/- 0.00
---------------------------------
| eval/              |          |
|    mean_ep_length  | 200      |
|    mean_reward     | -243     |
| time/              |          |
|    total_timesteps | 80000    |
| train/             |          |
|    actor_loss      | 29.5     |
|    critic_loss     | 0.0423   |
|    dstb_ent_coef   | 0.00801  |
|    ent_coef        | 0.0265   |
|    ent_coef_loss   | 0.361    |
|    n_updates       | 959968   |
---------------------------------
New best mean reward!
---------------------------------
| rollout/           |          |
|    ep_len_mean     | 200      |
|    ep_rew_mean     | -284     |
| time/              |          |
|    episodes        | 400      |
|    fps             | 0        |
|    time_elapsed    | 91250    |
|    total_timesteps | 80000    |
| train/             |          |
|    std             | 0.203    |
---------------------------------
Eval num_timesteps=80000, episode_reward=-275.64 +/- 187.57
Episode length: 200.00 +/- 0.00
---------------------------------
| eval/              |          |
|    mean_ep_length  | 200      |
|    mean_reward     | -276     |
| time/              |          |
|    total_timesteps | 80000    |
| train/             |          |
|    actor_loss      | 29.9     |
|    critic_loss     | 0.0248   |
|    dstb_ent_coef   | 0.00664  |
|    ent_coef        | 0.022    |
|    ent_coef_loss   | -0.163   |
|    n_updates       | 959968   |
---------------------------------
---------------------------------
| rollout/           |          |
|    ep_len_mean     | 200      |
|    ep_rew_mean     | -286     |
| time/              |          |
|    episodes        | 400      |
|    fps             | 0        |
|    time_elapsed    | 91418    |
|    total_timesteps | 80000    |
| train/             |          |
|    std             | 0.338    |
---------------------------------
---------------------------------
| rollout/           |          |
|    ep_len_mean     | 200      |
|    ep_rew_mean     | -285     |
| time/              |          |
|    episodes        | 404      |
|    fps             | 0        |
|    time_elapsed    | 93683    |
|    total_timesteps | 80800    |
| train/             |          |
|    actor_loss      | 28.8     |
|    critic_loss     | 0.158    |
|    dstb_ent_coef   | 0.00756  |
|    ent_coef        | 0.0229   |
|    ent_coef_loss   | -0.246   |
|    n_updates       | 985568   |
|    std             | 0.193    |
---------------------------------
---------------------------------
| rollout/           |          |
|    ep_len_mean     | 200      |
|    ep_rew_mean     | -284     |
| time/              |          |
|    episodes        | 404      |
|    fps             | 0        |
|    time_elapsed    | 93855    |
|    total_timesteps | 80800    |
| train/             |          |
|    actor_loss      | 29.2     |
|    critic_loss     | 0.0271   |
|    dstb_ent_coef   | 0.00673  |
|    ent_coef        | 0.0203   |
|    ent_coef_loss   | 0.507    |
|    n_updates       | 985568   |
|    std             | 0.316    |
---------------------------------
---------------------------------
| rollout/           |          |
|    ep_len_mean     | 200      |
|    ep_rew_mean     | -276     |
| time/              |          |
|    episodes        | 408      |
|    fps             | 0        |
|    time_elapsed    | 96115    |
|    total_timesteps | 81600    |
| train/             |          |
|    actor_loss      | 28.3     |
|    critic_loss     | 0.017    |
|    dstb_ent_coef   | 0.00654  |
|    ent_coef        | 0.0214   |
|    ent_coef_loss   | -0.0204  |
|    n_updates       | 1011168  |
|    std             | 0.181    |
---------------------------------
---------------------------------
| rollout/           |          |
|    ep_len_mean     | 200      |
|    ep_rew_mean     | -291     |
| time/              |          |
|    episodes        | 408      |
|    fps             | 0        |
|    time_elapsed    | 96292    |
|    total_timesteps | 81600    |
| train/             |          |
|    actor_loss      | 28.6     |
|    critic_loss     | 0.0207   |
|    dstb_ent_coef   | 0.00634  |
|    ent_coef        | 0.0192   |
|    ent_coef_loss   | 0.245    |
|    n_updates       | 1011168  |
|    std             | 0.3      |
---------------------------------
---------------------------------
| rollout/           |          |
|    ep_len_mean     | 200      |
|    ep_rew_mean     | -281     |
| time/              |          |
|    episodes        | 412      |
|    fps             | 0        |
|    time_elapsed    | 98545    |
|    total_timesteps | 82400    |
| train/             |          |
|    actor_loss      | 27       |
|    critic_loss     | 0.0331   |
|    dstb_ent_coef   | 0.0057   |
|    ent_coef        | 0.0171   |
|    ent_coef_loss   | 0.319    |
|    n_updates       | 1036768  |
|    std             | 0.175    |
---------------------------------
---------------------------------
| rollout/           |          |
|    ep_len_mean     | 200      |
|    ep_rew_mean     | -295     |
| time/              |          |
|    episodes        | 412      |
|    fps             | 0        |
|    time_elapsed    | 98726    |
|    total_timesteps | 82400    |
| train/             |          |
|    actor_loss      | 27.7     |
|    critic_loss     | 0.143    |
|    dstb_ent_coef   | 0.00665  |
|    ent_coef        | 0.0188   |
|    ent_coef_loss   | -0.359   |
|    n_updates       | 1036768  |
|    std             | 0.281    |
---------------------------------
---------------------------------
| rollout/           |          |
|    ep_len_mean     | 200      |
|    ep_rew_mean     | -277     |
| time/              |          |
|    episodes        | 416      |
|    fps             | 0        |
|    time_elapsed    | 100991   |
|    total_timesteps | 83200    |
| train/             |          |
|    actor_loss      | 26.4     |
|    critic_loss     | 0.14     |
|    dstb_ent_coef   | 0.00563  |
|    ent_coef        | 0.0168   |
|    ent_coef_loss   | -0.0976  |
|    n_updates       | 1062368  |
|    std             | 0.17     |
---------------------------------
---------------------------------
| rollout/           |          |
|    ep_len_mean     | 200      |
|    ep_rew_mean     | -307     |
| time/              |          |
|    episodes        | 416      |
|    fps             | 0        |
|    time_elapsed    | 101175   |
|    total_timesteps | 83200    |
| train/             |          |
|    actor_loss      | 27       |
|    critic_loss     | 0.156    |
|    dstb_ent_coef   | 0.00657  |
|    ent_coef        | 0.0172   |
|    ent_coef_loss   | -0.129   |
|    n_updates       | 1062368  |
|    std             | 0.27     |
---------------------------------
---------------------------------
| rollout/           |          |
|    ep_len_mean     | 200      |
|    ep_rew_mean     | -277     |
| time/              |          |
|    episodes        | 420      |
|    fps             | 0        |
|    time_elapsed    | 103431   |
|    total_timesteps | 84000    |
| train/             |          |
|    actor_loss      | 25.9     |
|    critic_loss     | 0.0181   |
|    dstb_ent_coef   | 0.00519  |
|    ent_coef        | 0.0154   |
|    ent_coef_loss   | 0.206    |
|    n_updates       | 1087968  |
|    std             | 0.17     |
---------------------------------
---------------------------------
| rollout/           |          |
|    ep_len_mean     | 200      |
|    ep_rew_mean     | -306     |
| time/              |          |
|    episodes        | 420      |
|    fps             | 0        |
|    time_elapsed    | 103619   |
|    total_timesteps | 84000    |
| train/             |          |
|    actor_loss      | 26.2     |
|    critic_loss     | 0.0138   |
|    dstb_ent_coef   | 0.00602  |
|    ent_coef        | 0.0157   |
|    ent_coef_loss   | 0.23     |
|    n_updates       | 1087968  |
|    std             | 0.262    |
---------------------------------
---------------------------------
| rollout/           |          |
|    ep_len_mean     | 200      |
|    ep_rew_mean     | -279     |
| time/              |          |
|    episodes        | 424      |
|    fps             | 0        |
|    time_elapsed    | 105863   |
|    total_timesteps | 84800    |
| train/             |          |
|    actor_loss      | 25.3     |
|    critic_loss     | 0.108    |
|    dstb_ent_coef   | 0.00358  |
|    ent_coef        | 0.0139   |
|    ent_coef_loss   | -0.338   |
|    n_updates       | 1113568  |
|    std             | 0.164    |
---------------------------------
---------------------------------
| rollout/           |          |
|    ep_len_mean     | 200      |
|    ep_rew_mean     | -305     |
| time/              |          |
|    episodes        | 424      |
|    fps             | 0        |
|    time_elapsed    | 106052   |
|    total_timesteps | 84800    |
| train/             |          |
|    actor_loss      | 25.5     |
|    critic_loss     | 0.0522   |
|    dstb_ent_coef   | 0.00538  |
|    ent_coef        | 0.0144   |
|    ent_coef_loss   | -0.479   |
|    n_updates       | 1113568  |
|    std             | 0.267    |
---------------------------------
---------------------------------
| rollout/           |          |
|    ep_len_mean     | 200      |
|    ep_rew_mean     | -273     |
| time/              |          |
|    episodes        | 428      |
|    fps             | 0        |
|    time_elapsed    | 108309   |
|    total_timesteps | 85600    |
| train/             |          |
|    actor_loss      | 24.5     |
|    critic_loss     | 0.0792   |
|    dstb_ent_coef   | 0.00433  |
|    ent_coef        | 0.0146   |
|    ent_coef_loss   | -0.0267  |
|    n_updates       | 1139168  |
|    std             | 0.17     |
---------------------------------
---------------------------------
| rollout/           |          |
|    ep_len_mean     | 200      |
|    ep_rew_mean     | -306     |
| time/              |          |
|    episodes        | 428      |
|    fps             | 0        |
|    time_elapsed    | 108500   |
|    total_timesteps | 85600    |
| train/             |          |
|    actor_loss      | 25.1     |
|    critic_loss     | 0.033    |
|    dstb_ent_coef   | 0.00534  |
|    ent_coef        | 0.0134   |
|    ent_coef_loss   | -0.148   |
|    n_updates       | 1139168  |
|    std             | 0.241    |
---------------------------------
---------------------------------
| rollout/           |          |
|    ep_len_mean     | 200      |
|    ep_rew_mean     | -279     |
| time/              |          |
|    episodes        | 432      |
|    fps             | 0        |
|    time_elapsed    | 110741   |
|    total_timesteps | 86400    |
| train/             |          |
|    actor_loss      | 23.5     |
|    critic_loss     | 0.0188   |
|    dstb_ent_coef   | 0.00373  |
|    ent_coef        | 0.0114   |
|    ent_coef_loss   | 0.00771  |
|    n_updates       | 1164768  |
|    std             | 0.168    |
---------------------------------
---------------------------------
| rollout/           |          |
|    ep_len_mean     | 200      |
|    ep_rew_mean     | -310     |
| time/              |          |
|    episodes        | 432      |
|    fps             | 0        |
|    time_elapsed    | 110933   |
|    total_timesteps | 86400    |
| train/             |          |
|    actor_loss      | 24.2     |
|    critic_loss     | 0.0112   |
|    dstb_ent_coef   | 0.00432  |
|    ent_coef        | 0.0118   |
|    ent_coef_loss   | -0.224   |
|    n_updates       | 1164768  |
|    std             | 0.244    |
---------------------------------
---------------------------------
| rollout/           |          |
|    ep_len_mean     | 200      |
|    ep_rew_mean     | -282     |
| time/              |          |
|    episodes        | 436      |
|    fps             | 0        |
|    time_elapsed    | 113178   |
|    total_timesteps | 87200    |
| train/             |          |
|    actor_loss      | 23       |
|    critic_loss     | 0.0275   |
|    dstb_ent_coef   | 0.00351  |
|    ent_coef        | 0.0109   |
|    ent_coef_loss   | 0.194    |
|    n_updates       | 1190368  |
|    std             | 0.157    |
---------------------------------
---------------------------------
| rollout/           |          |
|    ep_len_mean     | 200      |
|    ep_rew_mean     | -314     |
| time/              |          |
|    episodes        | 436      |
|    fps             | 0        |
|    time_elapsed    | 113376   |
|    total_timesteps | 87200    |
| train/             |          |
|    actor_loss      | 23.6     |
|    critic_loss     | 0.0171   |
|    dstb_ent_coef   | 0.00443  |
|    ent_coef        | 0.0127   |
|    ent_coef_loss   | -0.472   |
|    n_updates       | 1190368  |
|    std             | 0.211    |
---------------------------------
---------------------------------
| rollout/           |          |
|    ep_len_mean     | 200      |
|    ep_rew_mean     | -280     |
| time/              |          |
|    episodes        | 440      |
|    fps             | 0        |
|    time_elapsed    | 115609   |
|    total_timesteps | 88000    |
| train/             |          |
|    actor_loss      | 22.3     |
|    critic_loss     | 0.0315   |
|    dstb_ent_coef   | 0.00358  |
|    ent_coef        | 0.00985  |
|    ent_coef_loss   | -0.254   |
|    n_updates       | 1215968  |
|    std             | 0.154    |
---------------------------------
---------------------------------
| rollout/           |          |
|    ep_len_mean     | 200      |
|    ep_rew_mean     | -315     |
| time/              |          |
|    episodes        | 440      |
|    fps             | 0        |
|    time_elapsed    | 115806   |
|    total_timesteps | 88000    |
| train/             |          |
|    actor_loss      | 22.8     |
|    critic_loss     | 0.0355   |
|    dstb_ent_coef   | 0.0036   |
|    ent_coef        | 0.0114   |
|    ent_coef_loss   | -0.0926  |
|    n_updates       | 1215968  |
|    std             | 0.184    |
---------------------------------
---------------------------------
| rollout/           |          |
|    ep_len_mean     | 200      |
|    ep_rew_mean     | -273     |
| time/              |          |
|    episodes        | 444      |
|    fps             | 0        |
|    time_elapsed    | 118020   |
|    total_timesteps | 88800    |
| train/             |          |
|    actor_loss      | 21.6     |
|    critic_loss     | 0.0498   |
|    dstb_ent_coef   | 0.00311  |
|    ent_coef        | 0.00942  |
|    ent_coef_loss   | 0.488    |
|    n_updates       | 1241568  |
|    std             | 0.143    |
---------------------------------
---------------------------------
| rollout/           |          |
|    ep_len_mean     | 200      |
|    ep_rew_mean     | -319     |
| time/              |          |
|    episodes        | 444      |
|    fps             | 0        |
|    time_elapsed    | 118221   |
|    total_timesteps | 88800    |
| train/             |          |
|    actor_loss      | 22.7     |
|    critic_loss     | 0.022    |
|    dstb_ent_coef   | 0.00333  |
|    ent_coef        | 0.01     |
|    ent_coef_loss   | 0.173    |
|    n_updates       | 1241568  |
|    std             | 0.165    |
---------------------------------
---------------------------------
| rollout/           |          |
|    ep_len_mean     | 200      |
|    ep_rew_mean     | -275     |
| time/              |          |
|    episodes        | 448      |
|    fps             | 0        |
|    time_elapsed    | 120457   |
|    total_timesteps | 89600    |
| train/             |          |
|    actor_loss      | 21.2     |
|    critic_loss     | 0.107    |
|    dstb_ent_coef   | 0.00351  |
|    ent_coef        | 0.00932  |
|    ent_coef_loss   | 1.21     |
|    n_updates       | 1267168  |
|    std             | 0.143    |
---------------------------------
---------------------------------
| rollout/           |          |
|    ep_len_mean     | 200      |
|    ep_rew_mean     | -321     |
| time/              |          |
|    episodes        | 448      |
|    fps             | 0        |
|    time_elapsed    | 120651   |
|    total_timesteps | 89600    |
| train/             |          |
|    actor_loss      | 22       |
|    critic_loss     | 0.037    |
|    dstb_ent_coef   | 0.00293  |
|    ent_coef        | 0.00872  |
|    ent_coef_loss   | -0.00667 |
|    n_updates       | 1267168  |
|    std             | 0.155    |
---------------------------------
Eval num_timesteps=90000, episode_reward=-277.02 +/- 167.70
Episode length: 200.00 +/- 0.00
---------------------------------
| eval/              |          |
|    mean_ep_length  | 200      |
|    mean_reward     | -277     |
| time/              |          |
|    total_timesteps | 90000    |
| train/             |          |
|    actor_loss      | 20.4     |
|    critic_loss     | 0.0507   |
|    dstb_ent_coef   | 0.00278  |
|    ent_coef        | 0.00822  |
|    ent_coef_loss   | 0.121    |
|    n_updates       | 1279968  |
---------------------------------
Eval num_timesteps=90000, episode_reward=-435.89 +/- 447.01
Episode length: 200.00 +/- 0.00
---------------------------------
| eval/              |          |
|    mean_ep_length  | 200      |
|    mean_reward     | -436     |
| time/              |          |
|    total_timesteps | 90000    |
| train/             |          |
|    actor_loss      | 21.4     |
|    critic_loss     | 0.0379   |
|    dstb_ent_coef   | 0.00302  |
|    ent_coef        | 0.0086   |
|    ent_coef_loss   | -0.149   |
|    n_updates       | 1279968  |
---------------------------------
---------------------------------
| rollout/           |          |
|    ep_len_mean     | 200      |
|    ep_rew_mean     | -271     |
| time/              |          |
|    episodes        | 452      |
|    fps             | 0        |
|    time_elapsed    | 122919   |
|    total_timesteps | 90400    |
| train/             |          |
|    actor_loss      | 20.2     |
|    critic_loss     | 0.0162   |
|    dstb_ent_coef   | 0.00284  |
|    ent_coef        | 0.00899  |
|    ent_coef_loss   | -0.319   |
|    n_updates       | 1292768  |
|    std             | 0.141    |
---------------------------------
---------------------------------
| rollout/           |          |
|    ep_len_mean     | 200      |
|    ep_rew_mean     | -324     |
| time/              |          |
|    episodes        | 452      |
|    fps             | 0        |
|    time_elapsed    | 123112   |
|    total_timesteps | 90400    |
| train/             |          |
|    actor_loss      | 21.1     |
|    critic_loss     | 0.0259   |
|    dstb_ent_coef   | 0.00264  |
|    ent_coef        | 0.00754  |
|    ent_coef_loss   | -0.146   |
|    n_updates       | 1292768  |
|    std             | 0.137    |
---------------------------------
---------------------------------
| rollout/           |          |
|    ep_len_mean     | 200      |
|    ep_rew_mean     | -265     |
| time/              |          |
|    episodes        | 456      |
|    fps             | 0        |
|    time_elapsed    | 125386   |
|    total_timesteps | 91200    |
| train/             |          |
|    actor_loss      | 19.9     |
|    critic_loss     | 0.027    |
|    dstb_ent_coef   | 0.0033   |
|    ent_coef        | 0.00817  |
|    ent_coef_loss   | -0.134   |
|    n_updates       | 1318368  |
|    std             | 0.137    |
---------------------------------
---------------------------------
| rollout/           |          |
|    ep_len_mean     | 200      |
|    ep_rew_mean     | -322     |
| time/              |          |
|    episodes        | 456      |
|    fps             | 0        |
|    time_elapsed    | 125570   |
|    total_timesteps | 91200    |
| train/             |          |
|    actor_loss      | 20.9     |
|    critic_loss     | 0.0121   |
|    dstb_ent_coef   | 0.00228  |
|    ent_coef        | 0.00767  |
|    ent_coef_loss   | 0.674    |
|    n_updates       | 1318368  |
|    std             | 0.126    |
---------------------------------
---------------------------------
| rollout/           |          |
|    ep_len_mean     | 200      |
|    ep_rew_mean     | -270     |
| time/              |          |
|    episodes        | 460      |
|    fps             | 0        |
|    time_elapsed    | 127840   |
|    total_timesteps | 92000    |
| train/             |          |
|    actor_loss      | 18.7     |
|    critic_loss     | 0.0446   |
|    dstb_ent_coef   | 0.00224  |
|    ent_coef        | 0.00752  |
|    ent_coef_loss   | -0.195   |
|    n_updates       | 1343968  |
|    std             | 0.139    |
---------------------------------
---------------------------------
| rollout/           |          |
|    ep_len_mean     | 200      |
|    ep_rew_mean     | -317     |
| time/              |          |
|    episodes        | 460      |
|    fps             | 0        |
|    time_elapsed    | 128010   |
|    total_timesteps | 92000    |
| train/             |          |
|    actor_loss      | 19.7     |
|    critic_loss     | 0.0131   |
|    dstb_ent_coef   | 0.00287  |
|    ent_coef        | 0.00648  |
|    ent_coef_loss   | 0.251    |
|    n_updates       | 1343968  |
|    std             | 0.11     |
---------------------------------
---------------------------------
| rollout/           |          |
|    ep_len_mean     | 200      |
|    ep_rew_mean     | -266     |
| time/              |          |
|    episodes        | 464      |
|    fps             | 0        |
|    time_elapsed    | 130287   |
|    total_timesteps | 92800    |
| train/             |          |
|    actor_loss      | 18.2     |
|    critic_loss     | 0.0144   |
|    dstb_ent_coef   | 0.00176  |
|    ent_coef        | 0.00591  |
|    ent_coef_loss   | -0.368   |
|    n_updates       | 1369568  |
|    std             | 0.133    |
---------------------------------
---------------------------------
| rollout/           |          |
|    ep_len_mean     | 200      |
|    ep_rew_mean     | -317     |
| time/              |          |
|    episodes        | 464      |
|    fps             | 0        |
|    time_elapsed    | 130448   |
|    total_timesteps | 92800    |
| train/             |          |
|    actor_loss      | 19.7     |
|    critic_loss     | 0.0154   |
|    dstb_ent_coef   | 0.00206  |
|    ent_coef        | 0.00572  |
|    ent_coef_loss   | 0.317    |
|    n_updates       | 1369568  |
|    std             | 0.105    |
---------------------------------
---------------------------------
| rollout/           |          |
|    ep_len_mean     | 200      |
|    ep_rew_mean     | -270     |
| time/              |          |
|    episodes        | 468      |
|    fps             | 0        |
|    time_elapsed    | 132733   |
|    total_timesteps | 93600    |
| train/             |          |
|    actor_loss      | 17.5     |
|    critic_loss     | 0.0373   |
|    dstb_ent_coef   | 0.00448  |
|    ent_coef        | 0.00839  |
|    ent_coef_loss   | -0.366   |
|    n_updates       | 1395168  |
|    std             | 0.153    |
---------------------------------
---------------------------------
| rollout/           |          |
|    ep_len_mean     | 200      |
|    ep_rew_mean     | -306     |
| time/              |          |
|    episodes        | 468      |
|    fps             | 0        |
|    time_elapsed    | 132894   |
|    total_timesteps | 93600    |
| train/             |          |
|    actor_loss      | 18.7     |
|    critic_loss     | 0.013    |
|    dstb_ent_coef   | 0.00282  |
|    ent_coef        | 0.00593  |
|    ent_coef_loss   | 0.111    |
|    n_updates       | 1395168  |
|    std             | 0.106    |
---------------------------------
---------------------------------
| rollout/           |          |
|    ep_len_mean     | 200      |
|    ep_rew_mean     | -265     |
| time/              |          |
|    episodes        | 472      |
|    fps             | 0        |
|    time_elapsed    | 135181   |
|    total_timesteps | 94400    |
| train/             |          |
|    actor_loss      | 16.9     |
|    critic_loss     | 0.0671   |
|    dstb_ent_coef   | 0.00551  |
|    ent_coef        | 0.0192   |
|    ent_coef_loss   | -0.552   |
|    n_updates       | 1420768  |
|    std             | 0.178    |
---------------------------------
---------------------------------
| rollout/           |          |
|    ep_len_mean     | 200      |
|    ep_rew_mean     | -308     |
| time/              |          |
|    episodes        | 472      |
|    fps             | 0        |
|    time_elapsed    | 135323   |
|    total_timesteps | 94400    |
| train/             |          |
|    actor_loss      | 17.9     |
|    critic_loss     | 0.0233   |
|    dstb_ent_coef   | 0.00357  |
|    ent_coef        | 0.0118   |
|    ent_coef_loss   | -0.449   |
|    n_updates       | 1420768  |
|    std             | 0.107    |
---------------------------------
---------------------------------
| rollout/           |          |
|    ep_len_mean     | 200      |
|    ep_rew_mean     | -259     |
| time/              |          |
|    episodes        | 476      |
|    fps             | 0        |
|    time_elapsed    | 137643   |
|    total_timesteps | 95200    |
| train/             |          |
|    actor_loss      | 16.3     |
|    critic_loss     | 0.0766   |
|    dstb_ent_coef   | 0.138    |
|    ent_coef        | 0.0131   |
|    ent_coef_loss   | 1.96     |
|    n_updates       | 1446368  |
|    std             | 0.121    |
---------------------------------
---------------------------------
| rollout/           |          |
|    ep_len_mean     | 200      |
|    ep_rew_mean     | -296     |
| time/              |          |
|    episodes        | 476      |
|    fps             | 0        |
|    time_elapsed    | 137765   |
|    total_timesteps | 95200    |
| train/             |          |
|    actor_loss      | 17.3     |
|    critic_loss     | 0.0192   |
|    dstb_ent_coef   | 0.00241  |
|    ent_coef        | 0.00636  |
|    ent_coef_loss   | -0.372   |
|    n_updates       | 1446368  |
|    std             | 0.0823   |
---------------------------------
